image_id,category_id,category,prompt,pg,epg,pacc,ap,iou,target_energy,distractor_energy,total_energy,target_energy_share,distractor_energy_share,target_ratio,inclusive_other_energy,overlap_energy,background_energy_share,target_pixels,distractor_pixels,target_area_fraction,uniform_target_ratio,target_density_greater,density_ratio,failure_group,failure_subtype,threshold_used,clip_similarity,attribution_ms,zero_map,constant_map,annotated_categories,instance_annotations,target_preferred,ratio_above_uniform,A_correct_target_coarse_mask,B_wrong_or_unconfirmed_target,C_good_localization,target_overlap_with_other_fraction
8532,1,person,a photo of a person,1.0,0.8954838940795551,0.8403619260204082,0.9410585473520108,0.694647758462946,76.10695050203458,0.0,84.98974800687282,0.8954838940795551,0.0,0.9999999999999869,1.669462066842243,1.669462066842243,0.10451610592044487,24749,0,0.4932437818877551,1.0,False,0.9999999996748129,C_good_localization,target_preferred,0.1431765315900238,0.24750740826129913,344.2741000001206,False,False,2,2,True,False,0.0,0.0,1.0,0.03305184047840317
8532,32,tie,a photo of a tie,1.0,0.1769116662530319,0.7899593431122449,0.9005011903359889,0.07202606322092102,29.069933343678713,105.04906792965994,164.3189166626286,0.1769116662530319,0.6392999057153076,0.21674731445720416,134.11900127333865,29.069933343678713,0.18378842803166054,818,23931,0.016302614795918366,0.03305184047840317,True,0.8900590591369831,B_wrong_or_unconfirmed_target,target_peak_distractor_energy,0.07368862049477944,0.22340081632137299,13.259500000003754,False,False,2,2,False,True,0.0,1.0,0.0,1.0
61471,70,toilet,a photo of a toilet,1.0,0.3428919237262374,0.7694714604591837,0.6402628216916936,0.3008341392649903,345.19277256168425,45.977108324936125,1006.710128399769,0.3428919237262374,0.045670652383342676,0.8824625550905761,46.01077159360284,0.03366326866671443,0.6114374238904199,6819,6323,0.1359016262755102,0.5188707959214731,True,0.8744005114623968,A_correct_target_coarse_mask,target_preferred,0.15241747983594492,0.18883681297302246,12.875899999926332,False,False,3,3,True,True,1.0,0.0,0.0,0.0007332453438920663
61471,18,dog,a photo of a dog,1.0,0.5042189218160961,0.8580197704081632,0.7656262617759431,0.45221068819684734,202.30126015259884,47.16439637094845,401.2171130427831,0.5042189218160961,0.11755330178530833,0.8109383190126719,47.5377511486422,0.3733547776937485,0.3782277763985956,6021,7121,0.11999760841836735,0.45814944452899103,True,0.8353341404295717,A_correct_target_coarse_mask,target_preferred,0.09566550467268557,0.18817779421806335,11.976799999956711,False,False,3,3,True,True,1.0,0.0,0.0,0.0008304268393954493
52591,1,person,a photo of a person,0.0,0.5596451655942476,0.6870615433673469,0.505392391097185,0.30061021780767005,26.271571199255597,3.133025854114976,46.94326479414805,0.5596451655942476,0.06674068938012039,0.8934511549867765,3.1953103996740992,0.06228454555912322,0.37361414502563206,15268,3520,0.30428890306122447,0.8126463700234192,True,0.6590784099521649,B_wrong_or_unconfirmed_target,peak_in_background,0.05846561569637341,0.2525935471057892,12.295199999925899,False,False,2,2,True,True,0.0,1.0,0.0,0.008252554362064448
52591,35,skis,a photo of a skis,1.0,0.2905302393183619,0.7655851403061225,0.5139712799411067,0.2355388015078643,131.2229913477786,109.09467513293123,451.66724006303843,0.2905302393183619,0.2415377194894743,0.5460397201314837,111.71060294743722,2.6159278145059943,0.46793204119216375,3646,15142,0.07266422193877552,0.1940600383223334,True,0.8332063177608151,A_correct_target_coarse_mask,target_preferred,0.09204180277458832,0.2238103151321411,12.281799999982468,False,False,2,2,True,True,1.0,0.0,0.0,0.03455842018650576
386912,76,keyboard,a photo of a keyboard,0.0,0.03997312877671506,0.6495535714285714,0.130320890814706,0.02909833802661366,5.164900588570163,56.60669448895891,129.2093150231161,0.03997312877671506,0.43810072423053814,0.08361287387977678,56.7105086957435,0.10381420678459108,0.5219261469927469,536,18593,0.010682397959183673,0.028020283339432274,True,0.7599061195292509,B_wrong_or_unconfirmed_target,peak_in_distractor,0.08953902260546262,0.23763424158096313,12.284900000167909,False,False,5,18,False,True,0.0,1.0,0.0,0.022388059701492536
386912,1,person,a photo of a person,1.0,0.3997133430687666,0.7524912308673469,0.4747345629102033,0.31345016308253637,36.14087804567862,15.544368311107654,90.41699175766807,0.3997133430687666,0.17191866273066278,0.6992494104835126,16.782688367989657,1.238320056882003,0.42836799420057065,7163,11966,0.14275749362244897,0.3744576297767787,True,0.7952499629851354,A_correct_target_coarse_mask,target_preferred,0.07317744787362888,0.25761502981185913,12.336900000036621,False,False,5,18,True,True,1.0,0.0,0.0,0.1003769370375541
400082,58,hot dog,a photo of a hot dog,1.0,0.47584324262053557,0.8547512755102041,0.9726044163588206,0.2986238090655375,216.43245248869061,45.86743678870819,454.83981509701954,0.47584324262053557,0.1008430556566919,0.8251336021716681,45.86743678870819,0.0,0.42331370172277255,3105,28080,0.06188217474489796,0.09956709956709957,True,0.9771025696206753,A_correct_target_coarse_mask,target_preferred,0.09733093089381163,0.20170792937278748,12.405100000023594,False,False,4,4,True,True,1.0,0.0,0.0,0.0
400082,67,dining table,a photo of a dining table,0.0,0.43228626163433237,0.40140704719387754,0.447179442755282,0.21550958574936008,79.90005168003938,24.220590539196564,184.83134619629948,0.43228626163433237,0.1310415740492047,0.7673795510385101,56.77363150374788,32.553040964551315,0.43667216431646294,27422,3763,0.546516262755102,0.879333012666346,False,0.3116201703724967,B_wrong_or_unconfirmed_target,peak_in_background,0.1677831684458331,0.22106535732746124,12.076900000010937,False,False,4,4,True,False,0.0,1.0,0.0,0.45288454525563415
562207,1,person,a photo of a person,0.0,0.2593028644693954,0.6938376913265306,0.27631301445001993,0.19079224610198062,11.676944039024647,8.2913289229502,45.03206728131936,0.2593028644693954,0.1841205483895182,0.5847748606632239,8.37540672832911,0.08407780537891085,0.5565765871410864,6252,12872,0.12460140306122448,0.3269190545910897,True,0.7435608189050399,B_wrong_or_unconfirmed_target,peak_in_distractor,0.06308954670714825,0.2309810072183609,12.408199999981662,False,False,3,5,True,True,0.0,1.0,0.0,0.010876519513755598
562207,22,elephant,a photo of a elephant,1.0,0.7996391798997291,0.9301060267857143,0.9493939166591674,0.7679634775704645,515.4491343104455,16.98816349593602,644.6021496533979,0.7996391798997291,0.02635449401630222,0.9680935885484966,17.444888472707532,0.45672497677151114,0.17400632608396868,12665,6459,0.25241151147959184,0.6622568500313742,True,0.9392978786310451,C_good_localization,target_preferred,0.17721743994236053,0.18788187205791473,11.899900000116759,False,False,3,5,True,True,0.0,0.0,1.0,0.002368732727990525
130613,57,carrot,a photo of a carrot,1.0,0.40024151893308824,0.8783681441326531,0.8670002257271099,0.14223471539002108,71.25728414393961,1.4340741814485227,178.03571287128835,0.40024151893308824,0.008054980421177029,0.9802717377349016,1.4340741814485227,0.0,0.5917035006457347,1012,3657,0.020169005102040817,0.21674876847290642,True,0.9944615796610192,A_correct_target_coarse_mask,target_preferred,0.03500696903997763,0.21471638977527618,14.860600000019986,False,False,4,5,True,True,1.0,0.0,0.0,0.0
130613,67,dining table,a photo of a dining table,0.0,0.0721255883283977,0.5895647321428571,0.08411021881504423,0.05972057346361063,12.412583254554193,6.525082873000201,172.09680423039322,0.0721255883283977,0.03791518908314415,0.6554441910079496,6.525082873000201,0.0,0.8899592225884582,2787,1882,0.055544483418367346,0.5969158278003855,True,0.5622814435384503,B_wrong_or_unconfirmed_target,peak_in_background,0.1718429382527085,0.21347767114639282,12.90130000006684,False,False,4,5,True,True,0.0,1.0,0.0,0.0
45550,54,sandwich,a photo of a sandwich,1.0,0.38282853951720736,0.7910953443877551,0.858440724927694,0.31034936508980854,75.72669955063611,56.52171562930852,197.8083965373547,0.38282853951720736,0.2857397189336945,0.572609504980438,57.12842498852223,0.6067093592137098,0.33143174154909816,4717,25009,0.09400908801020408,0.15868263473053892,True,0.8765944795811719,A_correct_target_coarse_mask,target_preferred,0.13679544173698066,0.21801282465457916,13.100299999905474,False,False,4,10,True,True,1.0,0.0,0.0,0.009327962688149248
45550,1,person,a photo of a person,1.0,0.7816616036401527,0.7072903380102041,0.8008981021369106,0.4719185962893715,130.02437054383927,14.870593620944419,166.34355575139335,0.7816616036401527,0.08939687235716588,0.897369838167505,14.898804119215129,0.02821049827070965,0.12894152400268152,23702,6024,0.47237723214285715,0.7973491219807576,True,0.689659577009878,A_correct_target_coarse_mask,target_preferred,0.2150338400759626,0.2496788501739502,12.815499999987878,False,False,4,10,True,True,1.0,0.0,0.0,0.003206480465783478
244833,62,chair,a photo of a chair,1.0,0.4881386768684822,0.6547154017857143,0.5526713643866964,0.3903726380238573,92.13156600895536,62.245065528811494,188.74055749894634,0.4881386768684822,0.3297916799316383,0.5967973591029909,66.91355076932388,4.668485240512382,0.18206964319987942,17433,23286,0.34743702168367346,0.4281293744934797,True,0.6641014438838485,A_correct_target_coarse_mask,target_preferred,0.2403056792207346,0.2130298614501953,12.86389999995663,False,False,4,21,True,True,1.0,0.0,0.0,0.10153157804164516
244833,4,motorcycle,a photo of a motorcycle,1.0,0.6945303009668095,0.7124720982142857,0.7328887542659842,0.4647150489759573,265.2539756420799,64.57885330244764,381.9185070440231,0.6945303009668095,0.16909066230457312,0.8042073206930243,83.48607981664256,18.907226514194917,0.1363790367286174,21967,18752,0.4377989477040816,0.5394778850168226,True,0.7780881935884243,A_correct_target_coarse_mask,target_preferred,0.18034372764955722,0.20082856714725494,12.246000000004642,False,False,4,21,True,True,1.0,0.0,0.0,0.09546137387900032
464476,7,train,a photo of a train,1.0,0.6277427217796079,0.9107541454081632,0.7708164541110218,0.4838635315813739,95.9112204995472,13.247270666557762,152.78746717707122,0.6277427217796079,0.08670390910535218,0.878641867205727,13.247270666557762,0.0,0.2855533691150399,4261,19180,0.08492107780612244,0.18177552152211937,True,0.9702289499153429,A_correct_target_coarse_mask,target_preferred,0.030466067804358343,0.23644691705703735,11.998799999901166,False,False,3,4,True,True,1.0,0.0,0.0,0.0
464476,72,tv,a photo of a tv,1.0,0.7717687448899808,0.8191964285714286,0.765353100130014,0.542741935483871,42.57987556850911,3.509337772319057,55.17180612772686,0.7717687448899808,0.06360744769157416,0.923857720322355,3.509337772319057,0.0,0.16462380741844507,16683,6758,0.33248963647959184,0.7117017192099313,True,0.8309382056929496,C_good_localization,target_preferred,0.07895376338084346,0.25139695405960083,11.834299999918585,False,False,3,4,True,True,0.0,0.0,1.0,0.0
322574,51,bowl,a photo of a bowl,0.0,0.2065772166314491,0.6841318558673469,0.3452880310308859,0.17016597727629718,30.22330906293064,25.96229685485317,146.30514224059633,0.2065772166314491,0.17745307141808192,0.5379190732081053,55.79703540449858,29.834738549645408,0.615969711950469,3597,20672,0.07168765943877552,0.14821377065392063,True,0.8699648542335674,B_wrong_or_unconfirmed_target,peak_in_background,0.1139577094871939,0.2291325032711029,18.14749999994092,False,False,4,4,True,True,0.0,1.0,0.0,0.9769252154573256
322574,58,hot dog,a photo of a hot dog,1.0,0.6159747234731641,0.547492825255102,0.5390585697572365,0.19968276348255198,241.15818906922232,9.636783546903715,391.50663148879806,0.6159747234731641,0.02461461127812198,0.961575052935152,188.6005116750212,178.9637281281175,0.359410665248714,20401,3868,0.40658880739795916,0.840619720631258,True,0.8259252353203161,A_correct_target_coarse_mask,target_preferred,0.0703543101414918,0.20813874900341034,12.206900000137466,False,False,4,4,True,True,1.0,0.0,0.0,0.2161168570168129
481413,34,frisbee,a photo of a frisbee,1.0,0.2920160473057765,0.8193160076530612,0.8023030876840718,0.10139756170086232,64.6941637834534,23.831503070658982,221.54318017910398,0.2920160473057765,0.10757046572768651,0.7307955543567574,23.84406556538397,0.012562494724988937,0.600413486966537,1023,3585,0.020388233418367346,0.22200520833333334,True,0.9048815949409258,A_correct_target_coarse_mask,target_preferred,0.04210266669851375,0.20572666823863983,11.944899999889458,False,False,2,2,True,True,1.0,0.0,0.0,0.0009775171065493646
481413,1,person,a photo of a person,1.0,0.30023480993140467,0.8299984056122449,0.2931770498012094,0.20981936081519223,12.054252572124824,0.5845697718411884,40.14941696760241,0.30023480993140467,0.014559857053787173,0.9537480822237188,0.5894953683689437,0.0049255965277552605,0.6852053330148081,3586,1022,0.07146843112244898,0.7782118055555556,True,0.854584566376307,A_correct_target_coarse_mask,target_preferred,0.06251700274807845,0.23269927501678467,11.86520000010205,False,False,2,2,True,True,1.0,0.0,0.0,0.0002788622420524261
420840,62,chair,a photo of a chair,0.0,0.06882792864243029,0.6701411033163265,0.3370692118462528,0.039408009286128844,6.455689086578786,56.36329614859113,93.79461526609205,0.06882792864243029,0.600922515527042,0.10276652929701248,56.413412455693276,0.050116307102143764,0.33024955583052773,679,27104,0.013532366071428572,0.024439405391786344,True,0.8205324535454879,B_wrong_or_unconfirmed_target,peak_in_background,0.10249801793990322,0.21696722507476807,12.569499999926848,False,False,4,6,False,True,0.0,1.0,0.0,0.011782032400589101
420840,1,person,a photo of a person,1.0,0.8501798431937007,0.6986407844387755,0.8497881993733867,0.46563239919426086,52.681613825211116,0.7291381120967344,61.965258582598985,0.8501798431937007,0.011766885651333183,0.9863484769330046,0.7411303613853306,0.011992249288596213,0.1380532711549662,26307,1476,0.5242944834183674,0.9468739876903142,True,0.802129816243011,A_correct_target_coarse_mask,target_preferred,0.10705697258845683,0.23853614926338196,12.003099999901679,False,False,4,6,True,True,1.0,0.0,0.0,0.00030410156992435476
346232,28,umbrella,a photo of a umbrella,1.0,0.37245491320178786,0.7945232780612245,0.8675528016829737,0.24385771910524387,181.11354876263067,113.5667190287536,486.2697264635286,0.37245491320178786,0.23354675985010423,0.6146103711662412,113.5667190287536,0.0,0.39399832694810794,3365,14422,0.0670639349489796,0.18918311126103335,True,0.8723680338411358,A_correct_target_coarse_mask,target_preferred,0.08932759069333715,0.18562665581703186,15.078099999982442,False,False,5,20,True,True,1.0,0.0,0.0,0.0
346232,8,truck,a photo of a truck,1.0,0.37639856181666453,0.8299186862244898,0.8779444363507566,0.12102173241322484,56.3775379890576,45.843717820209264,149.7814915045235,0.37639856181666453,0.30607064571008596,0.5515246075067897,87.66528623757213,41.82156841736287,0.3175307924732494,1175,16612,0.023417570153061226,0.06605948164389723,True,0.9456120527336623,A_correct_target_coarse_mask,target_preferred,0.03896212710304424,0.21185332536697388,12.298999999984517,False,False,5,20,True,True,1.0,0.0,0.0,0.6902127659574468
122046,62,chair,a photo of a chair,0.0,0.17777276603955353,0.7937659438775511,0.35984897802064797,0.09228070175438596,20.140613306008163,51.20701665005181,113.29414372461854,0.17777276603955353,0.451982908971178,0.2822884701063181,53.788307169557086,2.5812905195052736,0.37024432498926846,1107,16021,0.02206234056122449,0.06463101354507239,True,0.8505737904536527,B_wrong_or_unconfirmed_target,peak_in_background,0.05111112371857785,0.2172781527042389,12.342199999920922,False,False,3,3,False,True,0.0,1.0,0.0,0.18066847335140018
122046,28,umbrella,a photo of a umbrella,1.0,0.5830382808268996,0.8772720025510204,0.8429049321548088,0.48421140799061896,313.97741582928575,63.094884516256116,538.5193839827881,0.5830382808268996,0.11716362751813726,0.8326716535305351,63.094884516256116,0.0,0.29979809165496313,6288,10840,0.12531887755102042,0.3671181690798692,True,0.8956015982760295,A_correct_target_coarse_mask,target_preferred,0.10740687995836976,0.19776318967342377,12.380399999983638,False,False,3,3,True,True,1.0,0.0,0.0,0.0
322610,15,bench,a photo of a bench,0.0,0.030256373490978847,0.6222696109693877,0.0344573231592801,0.03018983779358338,2.3505956065600913,36.77905184804848,77.68927122944652,0.030256373490978847,0.47341223911633423,0.06007198529674422,37.110069252610344,0.33101740456186235,0.4963313873926869,952,15045,0.018973214285714284,0.05951115834218916,True,0.5024940442329029,B_wrong_or_unconfirmed_target,peak_in_distractor,0.12321707896997712,0.23117020726203918,16.772100000025603,False,False,4,23,False,True,0.0,1.0,0.0,0.08403361344537816
322610,1,person,a photo of a person,0.0,0.4672322603168818,0.7353316326530612,0.42761892080169644,0.29241261722080136,27.77456661382292,8.479297552213758,59.44488206997077,0.4672322603168818,0.1426413386140296,0.766113275170317,9.488302603338163,1.0090050511244044,0.3901264010690886,11634,4363,0.23186383928571427,0.7272613615052822,True,0.5512496741033194,B_wrong_or_unconfirmed_target,peak_in_distractor,0.07483243388522029,0.24252375960350037,14.138400000092588,False,False,4,23,True,True,0.0,1.0,0.0,0.06119993123603232
525155,20,sheep,a photo of a sheep,1.0,0.6052579938604898,0.8618064413265306,0.8112071244208914,0.5711811997526284,439.30388636919315,95.18955375155292,725.8126135058554,0.6052579938604898,0.13114893841781516,0.8219069747047789,101.19230696786053,6.00275321630761,0.26359306772169494,10745,12387,0.21414620535714285,0.46450804080926855,True,0.8417794631110468,C_good_localization,target_preferred,0.13137263656625334,0.18921151757240295,12.649399999872912,False,False,2,2,True,True,0.0,0.0,1.0,0.02615169846440205
525155,1,person,a photo of a person,1.0,0.6133346174903912,0.8309151785714286,0.7284160713402126,0.5405112651646448,51.59631565277323,12.744725286607455,84.1242515609052,0.6133346174903912,0.15149882525112737,0.8019191934022986,13.668709715083615,0.9239844284761602,0.2351665572584815,12668,10464,0.25247130102040816,0.5476396334082656,True,0.7698021629083924,C_good_localization,target_preferred,0.10751002094270709,0.22849178314208984,16.1147000001165,False,False,2,2,True,True,0.0,0.0,1.0,0.022181875592042943
496571,77,cell phone,a photo of a cell phone,1.0,0.2198222489609847,0.7817083864795918,0.8606467879791235,0.05340938553279751,37.185842759907246,130.74050335076151,169.16323500314655,0.2198222489609847,0.7728659442362263,0.2214413855905635,167.92634611066876,37.185842759907246,0.007311806802789038,618,44547,0.012316645408163265,0.01368316174028562,True,0.9534928242953663,B_wrong_or_unconfirmed_target,target_peak_distractor_energy,0.03992020011922756,0.22160251438617706,12.42269999988821,False,False,8,14,False,True,0.0,1.0,0.0,1.0
496571,47,cup,a photo of a cup,1.0,0.294304446004172,0.7628348214285714,0.6052571037482641,0.1938215568050945,41.30492474278435,97.00218192006118,140.34760705653363,0.294304446004172,0.6911566499383747,0.29864643791207374,138.3071066628455,41.30492474278435,0.014538904057453379,2978,42187,0.05935108418367347,0.06593601239898152,True,0.8577965834579859,B_wrong_or_unconfirmed_target,target_peak_distractor_energy,0.07569698807277216,0.21998406946659088,12.426199999936216,False,False,8,14,False,True,0.0,1.0,0.0,1.0
497599,1,person,a photo of a person,1.0,0.9208562604668994,0.5625797193877551,0.9174380398249655,0.4404303597379089,61.504620586165984,0.672708100816422,66.79068517705625,0.9208562604668994,0.010071885009610723,0.9891808137302905,0.7491223932390909,0.07641429242266895,0.06907185452348988,38184,3574,0.7610012755102041,0.9144116097514249,True,0.8953717034834217,A_correct_target_coarse_mask,target_preferred,0.14589860476803673,0.24386247992515564,11.947299999974348,False,False,3,8,True,True,1.0,0.0,0.0,0.0024879530693484183
497599,62,chair,a photo of a chair,1.0,0.3250050366181533,0.7785395408163265,0.577537586285535,0.22190322806526153,20.67553327490168,31.940855975285196,63.616039585236514,0.3250050366181533,0.5020880926183554,0.39294853884006975,32.46129212700962,0.5204361517244251,0.17290687076349132,3551,38207,0.07077088647959184,0.08503759758609129,True,0.8744459981961068,B_wrong_or_unconfirmed_target,target_peak_distractor_energy,0.07290952603645766,0.2189217209815979,11.78000000004431,False,False,3,8,False,True,0.0,1.0,0.0,0.026753027316248942
105264,1,person,a photo of a person,0.0,0.06133743642248309,0.7051977040816326,0.0643022594991011,0.0660436923854022,2.7712761261917365,24.318289509331407,45.18082736786717,0.06133743642248309,0.5382435631673868,0.10230050062366444,24.424733305463633,0.10644379613222554,0.40041900041013023,2946,8685,0.058713329081632654,0.25328862522568996,False,0.2514729842402224,B_wrong_or_unconfirmed_target,peak_in_distractor,0.09859316639475588,0.23607492446899414,12.374300000146832,False,False,2,9,False,False,0.0,1.0,0.0,0.009843856076035303
105264,21,cow,a photo of a cow,1.0,0.7556001162776833,0.9202407525510204,0.8605593473175313,0.6614785992217899,335.2722906219424,3.7070039331266003,443.71656832663814,0.7556001162776833,0.008354441095374471,0.9890642172171805,4.061074852226795,0.35407091910019517,0.23604544262694224,8714,2917,0.1736686862244898,0.7492047115467285,True,0.9680262449152898,C_good_localization,target_preferred,0.09917363736346328,0.2100074589252472,12.344000000211963,False,False,2,9,True,True,0.0,0.0,1.0,0.0033279779664907045
566282,3,car,a photo of a car,1.0,0.3441862968331004,0.8767538265306123,0.7156462521366176,0.23075009329518598,32.461952002951875,22.869642410725135,94.31506222542328,0.3441862968331004,0.2424813372445665,0.5866802203503331,23.92929142810266,1.0596490173775237,0.41333236592233313,1912,13184,0.03810586734693878,0.1266560678325384,True,0.9073006558705892,A_correct_target_coarse_mask,target_preferred,0.05688567849334315,0.2196182757616043,14.64580000015303,False,False,4,10,True,True,1.0,0.0,0.0,0.06642259414225941
566282,1,person,a photo of a person,1.0,0.4047404396782821,0.6861846301020408,0.39575579917386766,0.27929329915781764,13.106542541608846,5.1980307108361785,32.38258710206201,0.4047404396782821,0.16051931534850056,0.7160255724540003,6.354518580866284,1.1564878700301051,0.43474024497321734,12717,2379,0.25344786352040816,0.8424085850556439,False,0.3205102790388848,A_correct_target_coarse_mask,target_preferred,0.0694047206891099,0.24593493342399597,16.302700000096593,False,False,4,10,True,False,1.0,0.0,0.0,0.022804120468663994
309391,1,person,a photo of a person,1.0,0.06016665171704177,0.7523716517857143,0.14028917313215103,0.02876573125928242,1.229278393376262,3.060193380293015,20.43122491105946,0.06016665171704177,0.14978022089299828,0.2865803665900878,3.1349914427949557,0.07479806250194088,0.7900531273899599,618,4369,0.012316645408163265,0.12392219771405655,True,0.7395729584100283,B_wrong_or_unconfirmed_target,target_peak_distractor_energy,0.042525373466663165,0.23398080468177795,14.88959999983308,False,False,5,37,False,True,0.0,1.0,0.0,0.042071197411003236
309391,10,traffic light,a photo of a traffic light,1.0,0.06975049712937255,0.6873604910714286,0.281802144764998,0.046267023346303504,18.452290986089793,22.98329431705133,264.5470892037466,0.06975049712937255,0.0868778952973104,0.44532473358571156,22.98329431705133,0.0,0.8433716075733171,905,4082,0.018036511479591837,0.18147182674954881,True,0.783609865120881,B_wrong_or_unconfirmed_target,target_peak_distractor_energy,0.10219865766486882,0.20647501945495605,13.372099999969578,False,False,5,37,False,True,0.0,1.0,0.0,0.0
181303,1,person,a photo of a person,1.0,0.375581169973995,0.8056839923469388,0.6534253344764424,0.29891421586251526,22.210276822006563,0.8559479307324676,59.135757054977994,0.375581169973995,0.01447428718865813,0.962891719823731,1.1876109278702227,0.33166299713775516,0.6099445428373469,4372,1889,0.08713329081632654,0.6982910078262259,True,0.918109062080255,A_correct_target_coarse_mask,target_preferred,0.0704804129012318,0.22945193946361542,19.085099999983868,False,False,2,2,True,True,1.0,0.0,0.0,0.029734675205855442
181303,38,kite,a photo of a kite,0.0,0.18911950028623126,0.7942243303571429,0.35491939540395756,0.1611147221319467,49.24251753417775,34.855799709792336,260.3777900197996,0.18911950028623126,0.1338662552867579,0.5855351111405014,36.46915874571641,1.613359035924077,0.6770142444270109,2019,4242,0.04023836096938776,0.3224724484906564,True,0.7479993424279571,B_wrong_or_unconfirmed_target,peak_in_background,0.087105988142566,0.20198431611061096,12.646399999994173,False,False,2,2,True,True,0.0,1.0,0.0,0.06438831104507181
366141,63,couch,a photo of a couch,0.0,0.356374950026168,0.7864118303571429,0.6147335323767964,0.4079986742528863,160.81851229304448,29.850013387971558,451.26211110302745,0.356374950026168,0.06614783881369671,0.8434455121454562,91.24580376560334,61.39579037763178,0.5774772111601353,7616,2285,0.15178571428571427,0.7692152307847692,True,0.6177964973604808,B_wrong_or_unconfirmed_target,peak_in_background,0.1950239379871395,0.199813574552536,12.710199999901306,False,False,4,4,True,True,0.0,1.0,0.0,0.438156512605042
366141,72,tv,a photo of a tv,1.0,0.1765278257049088,0.6949736926020408,0.5483448795816772,0.09641043806824891,39.55331097691669,40.44925656594569,224.0627550867569,0.1765278257049088,0.18052646255413476,0.49440051977988103,40.44925656594569,0.0,0.6429457117409565,1780,8121,0.035475127551020405,0.17977982022017977,True,0.8168935444035879,B_wrong_or_unconfirmed_target,target_peak_distractor_energy,0.08225578589368847,0.22160474956035614,12.41859999981898,False,False,4,4,False,True,0.0,1.0,0.0,0.0
373382,1,person,a photo of a person,1.0,0.5531227417228993,0.664680325255102,0.5855142049512915,0.36358134432802514,52.98961893628305,4.533976217673626,95.80083214663686,0.5531227417228993,0.04732710683278541,0.9211805832799607,4.743924143636832,0.20994792596320622,0.39955015144431527,18170,802,0.362125318877551,0.9577271768922623,False,0.34030803015689265,A_correct_target_coarse_mask,target_preferred,0.10733814178590538,0.24324923753738403,12.966400000095746,False,False,3,16,True,False,1.0,0.0,0.0,0.006053935057787562
373382,43,tennis racket,a photo of a tennis racket,0.0,0.19122140993604253,0.7732182716836735,0.6579416202730536,0.06721862447741618,60.5058609591797,83.80708557486605,316.4178162864555,0.19122140993604253,0.2648620945509429,0.4192684191705903,84.10454100862216,0.29745543375611305,0.5439164955130146,828,18144,0.01650191326530612,0.04364326375711575,True,0.9405486324502176,B_wrong_or_unconfirmed_target,peak_in_background,0.06118223089536184,0.20455123484134674,12.762999999949898,False,False,3,16,False,True,0.0,1.0,0.0,0.036231884057971016
80671,35,skis,a photo of a skis,0.0,0.06477524043038978,0.760124362244898,0.21431461830413473,0.05198487712665406,33.59808705933392,98.42899039953772,518.687184116898,0.06477524043038978,0.18976561097633463,0.2544787607663281,100.36511581212108,1.9361254125833511,0.7454591485932756,660,7561,0.013153698979591837,0.08028220411142196,True,0.7963527084830289,B_wrong_or_unconfirmed_target,peak_in_background,0.10672208651156317,0.2004263699054718,20.154999999931533,False,False,2,2,False,True,0.0,1.0,0.0,0.06212121212121212
80671,1,person,a photo of a person,1.0,0.28828629030665437,0.7077088647959183,0.3239011875398865,0.27435554895848796,23.665997114123314,0.827886170362035,82.09199642809737,0.28828629030665437,0.010084858529261897,0.9662002892417068,0.9220850421152136,0.09419887175317854,0.7016288511640837,7602,619,0.15150669642857142,0.9247050237197422,True,0.6994872803933774,A_correct_target_coarse_mask,target_preferred,0.13839398270780823,0.2286476343870163,14.448199999833378,False,False,2,2,True,True,1.0,0.0,0.0,0.00539331754801368
8844,52,banana,a photo of a banana,1.0,0.7843972282941706,0.8312739158163265,0.890023976527205,0.6541525389109032,639.280431017949,9.30610882064542,814.9957801459763,0.7843972282941706,0.011418597552711962,0.9856517083703858,12.342136944018819,3.0360281233733986,0.20418417415311751,21463,6651,0.42775430484693877,0.7634274738564416,True,0.9551313212375967,C_good_localization,target_preferred,0.1547406728133112,0.20172198116779327,13.010100000201419,False,False,2,7,True,True,0.0,0.0,1.0,0.015235521595303546
8844,1,person,a photo of a person,1.0,0.5103235851974431,0.8095503826530612,0.6578255553235413,0.3582700960311598,19.58419089407718,7.975313484759374,38.376025451577156,0.5103235851974431,0.20782020521699462,0.7106147710375926,8.118788979179646,0.1434754944202723,0.2818562095855622,6978,21136,0.1390704719387755,0.24820374190794622,True,0.8814869482703069,A_correct_target_coarse_mask,target_preferred,0.0727164413874057,0.23525762557983398,12.26090000000113,False,False,2,7,True,True,1.0,0.0,0.0,0.0468615649183147
104424,43,tennis racket,a photo of a tennis racket,1.0,0.16902321927592306,0.7282166772959183,0.6930497063926068,0.06723666210670315,49.94580741482787,46.80002221695804,295.49672304663363,0.16902321927592306,0.1583774660322454,0.5162579886380717,47.6316784503656,0.831656233407557,0.6725993146918317,996,7186,0.01985012755102041,0.12173062820826204,True,0.8850551588395751,A_correct_target_coarse_mask,target_preferred,0.06661009130359022,0.22307556867599487,12.477900000021691,False,False,3,4,True,True,1.0,0.0,0.0,0.07429718875502007
104424,1,person,a photo of a person,1.0,0.47358085517678083,0.7832629145408163,0.5753441681632694,0.329861966970668,35.996511662150205,1.705178510179394,76.00922053471362,0.47358085517678083,0.022433837607907507,0.954771828467472,2.006476820228272,0.3012983100488782,0.5039853072153118,7249,933,0.1444714604591837,0.8859692006844292,True,0.7309678571648648,A_correct_target_coarse_mask,target_preferred,0.06107891955164794,0.24863269925117493,12.906499999871812,False,False,3,4,True,True,1.0,0.0,0.0,0.01131190509035729
536947,82,refrigerator,a photo of a refrigerator,1.0,0.5200892594336036,0.8606903698979592,0.7952076855127111,0.4028193079880393,162.77550774329575,3.008806257159449,312.97609937295044,0.5200892594336036,0.00961353363144218,0.9818510799691691,3.008806257159449,0.0,0.470297206934954,5157,1084,0.10277822066326531,0.8263098862361801,True,0.9191706369439177,A_correct_target_coarse_mask,target_preferred,0.0661272204625317,0.21815291047096252,13.306800000009389,False,False,4,6,True,True,1.0,0.0,0.0,0.0
536947,62,chair,a photo of a chair,1.0,0.13391826179046284,0.7370455994897959,0.397079857165196,0.05017637319127492,11.654798271367326,12.356033907841443,87.0291931477066,0.13391826179046284,0.14197573780640124,0.48539751493739786,12.356033907841443,0.0,0.7241060004031359,744,5497,0.01482780612244898,0.11921166479730812,True,0.8745157637604088,B_wrong_or_unconfirmed_target,target_peak_distractor_energy,0.04647187418540786,0.2294473946094513,18.718799999987823,False,False,4,6,False,True,0.0,1.0,0.0,0.0
38678,1,person,a photo of a person,1.0,0.8268306111372444,0.7400749362244898,0.8577714783644628,0.5402728330219606,75.7356684024422,1.3657790380729864,91.59756228458134,0.8268306111372444,0.014910648318671343,0.982285948144778,1.5190365386860947,0.15325750061310828,0.15825874054408426,25314,1977,0.5045041454081632,0.9275585357810268,True,0.8124101177386511,C_good_localization,target_preferred,0.18886565624273993,0.2537101209163666,12.34399999998459,False,False,4,7,True,True,0.0,0.0,1.0,0.0049774828158331355
38678,60,donut,a photo of a donut,1.0,0.3001456297261059,0.8452646683673469,0.7523269424063574,0.19793388429752065,59.00543143320829,65.71193172102002,196.5893406046023,0.3001456297261059,0.33425989180759097,0.4731132052578787,123.31174288102565,57.59981116000563,0.3655944784663031,1916,25375,0.038185586734693876,0.07020629511560587,True,0.9224330766729638,B_wrong_or_unconfirmed_target,target_peak_distractor_energy,0.09503805123134616,0.2096782773733139,12.552500000083455,False,False,4,7,False,True,0.0,1.0,0.0,0.971294363256785
416330,65,bed,a photo of a bed,1.0,0.9393133069985488,0.33751195790816324,0.9495742060975754,0.33600335583875995,255.91830875678005,0.0020034662447869778,272.4525532109548,0.9393133069985488,7.35345006378315e-06,0.9999921715231261,53.41407748246674,53.41207401622195,0.060679339551387435,48996,18,0.9764827806122449,0.9996327579875137,True,0.97913533006502,A_correct_target_coarse_mask,target_preferred,0.1618041713701552,0.2041853815317154,13.638800000080664,False,False,2,2,True,True,1.0,0.0,0.0,0.5987223446811984
416330,17,cat,a photo of a cat,1.0,0.8701457722564334,0.7603635204081632,0.9416715364291902,0.599306851506265,667.8171322255585,95.61902374998724,767.4773049736218,0.8701457722564334,0.12458873132837936,0.874751774589713,763.339638597547,667.7206148475598,0.005265496415187144,29353,19661,0.5850007971938775,0.5988697106949035,True,0.8238837005448053,C_good_localization,target_preferred,0.22332378401688938,0.21257132291793823,11.751600000025064,False,False,2,2,True,True,0.0,0.0,1.0,0.9993867747760025
231747,1,person,a photo of a person,0.0,0.03118491823059131,0.6441326530612245,0.031533844301826874,0.029195889740662208,2.1336294745306077,1.1510738757106864,68.41863296718836,0.03118491823059131,0.016823982383025817,0.6495653479250179,1.1510738757106864,0.0,0.9519910993863828,1566,1811,0.031210140306122448,0.4637251998815517,True,0.6818927454557204,B_wrong_or_unconfirmed_target,peak_in_background,0.08902440241587325,0.23183929920196533,13.022700000192344,False,False,4,15,True,True,0.0,1.0,0.0,0.0
231747,39,baseball bat,a photo of a baseball bat,1.0,0.09006828841535675,0.7676578443877551,0.20618330971389387,0.05350328813834537,32.879067707195645,9.560788884625083,365.0459921650929,0.09006828841535675,0.026190641973412473,0.7747214610883376,9.560788884625083,0.0,0.8837410696112309,797,2580,0.01588408801020408,0.2360082913828842,True,0.9175757895678402,A_correct_target_coarse_mask,target_preferred,0.06907769111967019,0.2226368635892868,12.623099999927945,False,False,4,15,True,True,1.0,0.0,0.0,0.0
358923,28,umbrella,a photo of a umbrella,1.0,0.6163718092404747,0.8658322704081632,0.8575482892617711,0.46087931448706654,207.3335945833096,47.356032218657106,336.3774778064506,0.6163718092404747,0.1407824106639668,0.8140637574710513,50.61714792823875,3.261115709581645,0.24284578009555843,6285,27177,0.12525908801020408,0.18782499551730322,True,0.9498287733145139,A_correct_target_coarse_mask,target_preferred,0.08396182523830666,0.19489960372447968,13.277900000048248,False,False,3,6,True,True,1.0,0.0,0.0,0.046937151949085126
358923,1,person,a photo of a person,1.0,0.5898348750571145,0.48959661989795916,0.581883370675754,0.26195965417867434,60.143543903826696,15.733941596960562,101.96674772410316,0.5898348750571145,0.1543046331097342,0.7926401818257657,16.917223615552416,1.1832820185918536,0.2558604918331513,27472,5990,0.5475127551020408,0.8209909748371287,False,0.4545850012228294,A_correct_target_coarse_mask,target_preferred,0.12061922554750673,0.22744905948638916,19.002799999952913,False,False,3,6,True,False,1.0,0.0,0.0,0.020238788584740826
209757,1,person,a photo of a person,0.0,0.277205249688086,0.7195073341836735,0.4028174223557388,0.21602049910873442,19.87212298679333,1.0949557650404245,71.6873977284111,0.277205249688086,0.015274034205965776,0.9477773810075661,1.243492812073157,0.14853704703273252,0.7075207161059484,5346,567,0.10654496173469388,0.9041095890410958,True,0.6581046659335837,B_wrong_or_unconfirmed_target,peak_in_background,0.13173429132213202,0.2626343369483948,12.454500000103508,False,False,2,9,True,True,0.0,1.0,0.0,0.010849233071455293
209757,41,skateboard,a photo of a skateboard,0.0,0.10962646869537548,0.7404735331632653,0.3798937152577594,0.04516791318375128,54.23548826947808,76.90742660667684,494.7298669282592,0.10962646869537548,0.15545337313914218,0.41356018600543587,81.16293513826031,4.255508531583473,0.7349201581654823,625,5288,0.012456154336734694,0.10569930661254862,True,0.8564578942535717,B_wrong_or_unconfirmed_target,peak_in_background,0.0677376115180631,0.2201666384935379,12.386599999899772,False,False,2,9,False,True,0.0,1.0,0.0,0.0928
79651,44,bottle,a photo of a bottle,1.0,0.6837385688077103,0.7368662308673469,0.7114764194488659,0.5038144988537713,290.161895638053,5.155077854872893,424.37549799776764,0.6837385688077103,0.012147444607888296,0.9825439161389842,5.482468572531893,0.3273907176590001,0.3041139865844013,20890,7876,0.4163345025510204,0.7262045470346937,True,0.954998175283162,C_good_localization,target_preferred,0.1523848847719391,0.19918382167816162,12.570700000196666,False,False,2,5,True,True,0.0,0.0,1.0,0.004882719004308282
79651,52,banana,a photo of a banana,1.0,0.7233361787812246,0.9225725446428571,0.9153187997307464,0.6707627118644067,1066.2777000870556,214.12041061529146,1474.1108372094227,0.7233361787812246,0.1452539423837585,0.8327704416106652,219.12553184078263,5.005121225491166,0.13140987883501695,7978,20788,0.15900031887755103,0.27734130570812765,True,0.9284472546909276,C_good_localization,target_preferred,0.12013117810507887,0.21154507994651794,14.511699999957273,False,False,2,5,True,True,0.0,0.0,1.0,0.012785159187766357
458768,63,couch,a photo of a couch,1.0,0.2959940225665349,0.7543646364795918,0.8896473946615179,0.12700099164187562,47.175078611820936,12.169355513295159,159.37848407467993,0.2959940225665349,0.07635507128799748,0.7949368682555932,12.169355513295159,0.0,0.6276509061454676,1793,1738,0.03573421556122449,0.5077881619937694,True,0.7898115130936814,A_correct_target_coarse_mask,target_preferred,0.0854295964036129,0.21637043356895447,12.329900000167981,False,False,4,6,True,True,1.0,0.0,0.0,0.0
458768,81,sink,a photo of a sink,1.0,0.08839516027566244,0.7223573022959183,0.25089468422697053,0.05128030509397984,17.904440675862134,20.655317249897053,202.5500108832509,0.08839516027566244,0.10197638183195508,0.4643296960093443,20.655317249897053,0.0,0.8096284578923825,761,2770,0.015166613520408163,0.21551968280940242,True,0.7593364802819819,B_wrong_or_unconfirmed_target,target_peak_distractor_energy,0.08236498844417804,0.18652358651161194,12.003199999981007,False,False,4,6,False,True,0.0,1.0,0.0,0.0
567197,8,truck,a photo of a truck,1.0,0.6864974254686874,0.9160953443877551,0.8798489146821066,0.5269662921348315,171.56497651338577,3.6418817477333505,249.9135031660963,0.6864974254686874,0.014572568915225445,0.979213817404872,4.527105676572319,0.8852239288389683,0.2989300056160871,4690,579,0.09347098214285714,0.8901119757069653,True,0.8532818068482481,C_good_localization,target_preferred,0.04497621958233904,0.21582671999931335,11.896499999920707,False,False,3,9,True,True,0.0,0.0,1.0,0.005543710021321962
567197,3,car,a photo of a car,0.0,0.04153782825090839,0.8492904974489796,0.048849488588660346,0.05687203791469194,2.95275789428797,36.47972186404289,71.08599603358888,0.04153782825090839,0.5131773330826769,0.07488136461070696,36.47972186404289,0.0,0.4452848386664148,526,4743,0.010483099489795918,0.09982918959954451,False,0.4219208609825324,B_wrong_or_unconfirmed_target,peak_in_distractor,0.02753996607245027,0.22965815663337708,11.790999999902851,False,False,3,9,False,False,0.0,1.0,0.0,0.0
40036,1,person,a photo of a person,1.0,0.047700769902736355,0.6759008290816326,0.05529852862241223,0.03254209054673092,1.810316900306475,4.8723346489142365,37.95152371749509,0.047700769902736355,0.12838311012709516,0.2708979941528317,4.899039400538729,0.02670475162449293,0.8239161199701686,2326,10597,0.04635682397959184,0.17998916660218214,True,0.6286313084055624,B_wrong_or_unconfirmed_target,target_peak_distractor_energy,0.09848135443786972,0.22848673164844513,12.242499999956635,False,False,3,3,False,True,0.0,1.0,0.0,0.024505588993981083
40036,19,horse,a photo of a horse,1.0,0.5297888000903627,0.8053850446428571,0.7140684345103991,0.47276065007289025,375.2371527304822,69.73190690594492,708.2768693231726,0.5297888000903627,0.09845289310743768,0.8432881896037402,70.99709171586437,1.2651848099194467,0.37175830680219973,10497,2426,0.20920360331632654,0.8122726920993577,True,0.5542986603560918,A_correct_target_coarse_mask,target_preferred,0.1330686888943201,0.21296115219593048,12.149800000088362,False,False,3,3,True,True,1.0,0.0,0.0,0.00685910260074307
404922,1,person,a photo of a person,1.0,0.5992888608560591,0.676139987244898,0.562103463278506,0.38663043067980224,37.736701930020885,0.31935309864945793,62.9691362461094,0.5992888608560591,0.0050715813760140215,0.9916083498825651,0.3280207896335696,0.008667690984111687,0.39563955776792686,20906,2472,0.41665338010204084,0.8942595602703396,True,0.933210342091706,A_correct_target_coarse_mask,target_preferred,0.06654958001390074,0.23575462400913239,11.691899999959787,False,False,2,5,True,True,1.0,0.0,0.0,0.005165981058069454
404922,43,tennis racket,a photo of a tennis racket,1.0,0.46242394688708144,0.8581393494897959,0.8179739044573477,0.25931321540062435,90.0773819447495,54.866708266472756,194.79393865981027,0.46242394688708144,0.2816653774956131,0.6214629503933694,57.52112785323368,2.6544195867609233,0.25591067561730557,2580,20798,0.05141900510204082,0.11036016767901446,True,0.929748324448423,A_correct_target_coarse_mask,target_preferred,0.05745048265416212,0.20704084634780884,11.6757000000689,False,False,2,5,True,True,1.0,0.0,0.0,0.04186046511627907
2685,44,bottle,a photo of a bottle,1.0,0.12046855136746264,0.7534279336734694,0.603062823503959,0.04632698681877746,22.36056409124285,52.790782143206854,185.61328942220698,0.12046855136746264,0.28441272878433727,0.2975404328950314,53.77562104615714,0.9848389029502869,0.5951187198482001,601,21509,0.011977838010204082,0.027182270465852556,True,0.9381149627440741,B_wrong_or_unconfirmed_target,target_peak_distractor_energy,0.06080722473456119,0.20889341831207275,12.078599999995276,False,False,5,19,False,True,0.0,1.0,0.0,0.059900166389351084
2685,1,person,a photo of a person,1.0,0.7224705620887759,0.7448182397959183,0.7434848154654746,0.5088795980207894,65.69090698890193,1.2388848450827936,90.92537528308308,0.7224705620887759,0.013625292622941657,0.9814897848755193,1.4532647689593432,0.21437992387654958,0.26390414528828243,21200,910,0.42251275510204084,0.9588421528720036,True,0.6947534016090744,C_good_localization,target_preferred,0.1215783944111666,0.2356681525707245,11.727600000085658,False,False,5,19,True,True,0.0,0.0,1.0,0.007169811320754717
300276,67,dining table,a photo of a dining table,0.0,0.09709465064888251,0.6712372448979592,0.13431286092145803,0.09655512350073936,12.916070699240663,69.55570623408718,133.02556436346083,0.09709465064888251,0.5228747313865378,0.15661200933844516,69.92191523064545,0.3662089965582709,0.38003061796457965,2471,21165,0.04924665178571429,0.10454391606024709,True,0.6139793222776738,B_wrong_or_unconfirmed_target,peak_in_distractor,0.1349150244641777,0.2225145846605301,12.457099999892307,False,False,6,30,False,True,0.0,1.0,0.0,0.052610279239174426
300276,61,cake,a photo of a cake,1.0,0.4681868211082453,0.8339046556122449,0.6382148323037834,0.3915900131406045,115.17128289400716,47.72022154955238,245.9942862581761,0.4681868211082453,0.1939891461522363,0.7070429074090373,48.78058626391038,1.060364714358002,0.33782403273951844,5827,17809,0.1161312181122449,0.24653071585716704,True,0.8806149888248429,A_correct_target_coarse_mask,target_preferred,0.0703826664934555,0.20141737163066864,12.264400000049136,False,False,6,30,True,True,1.0,0.0,0.0,0.011841427835936159
99428,75,remote,a photo of a remote,1.0,0.5945924229063628,0.8357581313775511,0.8815684599360808,0.6073844687946641,195.96795554839628,115.46771175263407,329.5836744614177,0.5945924229063628,0.350344148390612,0.6292405659464019,311.4356673010303,195.96795554839628,0.05506342870302523,14514,30234,0.28926179846938777,0.32434969160632876,True,0.7795100786927316,C_good_localization,target_preferred,0.24148190660715335,0.2212459146976471,12.388699999974051,False,False,3,5,True,True,0.0,0.0,1.0,1.0
99428,73,laptop,a photo of a laptop,1.0,0.5331241128275246,0.7504185267857143,0.710413379309765,0.4234611666129552,164.82277201981947,125.04502593929374,309.1639789947799,0.5331241128275246,0.40446182102412737,0.5686135996488567,130.69926123326604,5.654235293972306,0.062414066148348046,14278,30470,0.28455835459183676,0.3190757128810226,True,0.7377331369227326,A_correct_target_coarse_mask,target_preferred,0.14501268306287665,0.21872684359550476,12.237899999945512,False,False,3,5,True,True,1.0,0.0,0.0,0.05974226082084325
64462,1,person,a photo of a person,0.0,0.42406510517957235,0.7979711415816326,0.5583143375224077,0.4287082957619477,46.7669925930968,2.735566953837406,110.28257694839829,0.42406510517957235,0.024805069209775446,0.9447388785776882,2.9810550326365046,0.24548807879909873,0.5511298256106522,8587,898,0.1711375956632653,0.9053241960991039,True,0.6412984664006918,B_wrong_or_unconfirmed_target,peak_in_background,0.1397230072563619,0.2529168426990509,12.369300000045769,False,False,2,2,True,True,0.0,1.0,0.0,0.005007569581926168
64462,35,skis,a photo of a skis,0.0,0.07293345883220333,0.6624083227040817,0.29705533001561496,0.05262863534675615,48.53019649349153,68.30060494779144,665.4037429534785,0.07293345883220333,0.1026453573053716,0.4153887150888159,70.62933185784613,2.3287269100546837,0.8244211838624251,941,8544,0.018753985969387755,0.09920927780706379,True,0.8657984081356653,B_wrong_or_unconfirmed_target,peak_in_background,0.17728989123995198,0.21185794472694397,12.220999999954074,False,False,2,2,False,True,0.0,1.0,0.0,0.04569606801275239
157365,1,person,a photo of a person,1.0,0.5106937952703536,0.8477359693877551,0.7492776217893244,0.4853486022229707,57.68685465620365,12.411448570034963,112.95781384158994,0.5106937952703536,0.10987684824921064,0.8229422397004607,13.241281272211609,0.8298327021766454,0.37942935648043574,7297,8572,0.1454280931122449,0.45982733631608796,True,0.8452011061480715,A_correct_target_coarse_mask,target_preferred,0.14645481757135673,0.24003595113754272,12.381600000026083,False,False,4,9,True,True,1.0,0.0,0.0,0.01507468822803892
157365,3,car,a photo of a car,1.0,0.527133780391016,0.8602319834183674,0.664761961456595,0.5116975351622337,73.72296005671069,12.076450855427893,139.85626191898507,0.527133780391016,0.08634901783964062,0.8592478581491028,12.09342528748347,0.01697443205557647,0.3865172017693433,8227,7642,0.16396285076530612,0.5184321633373243,True,0.8500884384707286,C_good_localization,target_preferred,0.10072233835320397,0.21935786306858063,12.075699999968492,False,False,4,9,True,True,0.0,0.0,1.0,0.004618937644341801
25096,41,skateboard,a photo of a skateboard,1.0,0.18514020276098375,0.6589405293367347,0.22077342117535545,0.20256290773532154,41.92221774911741,146.9672070297945,226.43497805411312,0.18514020276098375,0.6490481651411315,0.2219405231297919,150.62527519881928,3.658068169024773,0.16581163209788471,5780,25875,0.11519451530612244,0.1825935871110409,True,0.5608173854134829,B_wrong_or_unconfirmed_target,target_peak_distractor_energy,0.1840350371431469,0.22429527342319489,12.238599999818689,False,False,6,6,False,True,0.0,1.0,0.0,0.09446366782006921
25096,67,dining table,a photo of a dining table,0.0,0.4934758987201426,0.8000039859693877,0.5409217174637757,0.5341441901490181,163.5927100625122,68.59433114722135,331.51104336969456,0.4934758987201426,0.20691416626723447,0.7045729563982811,75.33807624790582,6.743745100684464,0.29960993501262284,13155,18500,0.26217713647959184,0.4155741589006476,True,0.7703235047087824,B_wrong_or_unconfirmed_target,peak_in_background,0.11623631701325551,0.21970190107822418,12.113300000009986,False,False,6,6,True,True,0.0,1.0,0.0,0.059977194982896234
190648,62,chair,a photo of a chair,1.0,0.1334850545181773,0.7067721619897959,0.7202199200047462,0.047517317278435944,13.736250372137874,22.37282537729095,102.90478152569015,0.1334850545181773,0.21741288447034485,0.3804099132156484,22.456317805355297,0.08349242806434631,0.6491020610114778,734,13759,0.014628507653061224,0.05064513903263645,True,0.9200576577411995,B_wrong_or_unconfirmed_target,target_peak_distractor_energy,0.0648418334921553,0.22888733446598053,12.304999999969368,False,False,2,2,False,True,0.0,1.0,0.0,0.009536784741144414
190648,65,bed,a photo of a bed,1.0,0.6389125672467181,0.8477558992346939,0.8221782859555294,0.59095046854083,246.22899422763294,9.345490956678987,385.38762085822435,0.6389125672467181,0.02424958781983552,0.9634333961391323,9.477206168696284,0.13171521201729774,0.33683784493344643,13766,727,0.2743542729591837,0.9498378527565031,True,0.5818414720951399,C_good_localization,target_preferred,0.15211004969643152,0.2274114340543747,12.348700000075041,False,False,2,2,True,True,0.0,0.0,1.0,0.0005084992009298271
334417,54,sandwich,a photo of a sandwich,1.0,0.14488113510505943,0.7579918686224489,0.7164892852487115,0.04423455332546242,25.84615141246468,128.78572266610996,178.39556125593953,0.14488113510505943,0.7219110260335704,0.16714633749656974,154.63187407857464,25.84615141246468,0.13320783886137028,562,22072,0.011200573979591837,0.024829901917469293,True,0.8874120791401433,B_wrong_or_unconfirmed_target,target_peak_distractor_energy,0.056074633304463724,0.2114565670490265,12.740099999973609,False,False,4,4,False,True,0.0,1.0,0.0,1.0
334417,59,pizza,a photo of a pizza,1.0,0.18059416162039119,0.7784996811224489,0.7472580923583103,0.04715363511659808,41.56582892499864,151.37687253702535,230.16153208966958,0.18059416162039119,0.657698404953482,0.21543094716738811,192.942701462024,41.56582892499864,0.1617074334261267,550,22084,0.010961415816326531,0.024299726075815146,True,0.9168422637186925,B_wrong_or_unconfirmed_target,target_peak_distractor_energy,0.03380053402993539,0.2011183351278305,18.658199999890712,False,False,4,4,False,True,0.0,1.0,0.0,1.0
223959,43,tennis racket,a photo of a tennis racket,1.0,0.14012796704753697,0.7043008609693877,0.725322315044933,0.04823914298543845,55.75430810311809,72.12546634107997,397.8813742741591,0.14012796704753697,0.1812737941620311,0.4359900410009461,74.57745407328179,2.4519877322018147,0.6785982387904319,754,11126,0.015027104591836735,0.06346801346801346,True,0.9193979607049665,B_wrong_or_unconfirmed_target,target_peak_distractor_energy,0.060650928516645705,0.22879424691200256,12.95509999999922,False,False,2,2,False,True,0.0,1.0,0.0,0.058355437665782495
223959,1,person,a photo of a person,1.0,0.5173726062377879,0.7746930803571429,0.4853501373926524,0.34459968693837323,33.9739245717534,0.681941585149616,65.6662609541773,0.5173726062377879,0.010384961397839948,0.980322477526225,0.695479994523339,0.01353840937372297,0.47224243236437213,11170,710,0.22261639030612246,0.9402356902356902,True,0.7600005745763004,A_correct_target_coarse_mask,target_preferred,0.06712093092101125,0.2793000638484955,12.339900000142734,False,False,2,2,True,True,1.0,0.0,0.0,0.003939122649955237
292330,39,baseball bat,a photo of a baseball bat,0.0,0.07127804301192266,0.6567283163265306,0.2672814519567334,0.049815192806311026,29.306113708997145,38.71040126938155,411.15205287124843,0.07127804301192266,0.09415105919829529,0.430867616759145,39.73861819948783,1.0282169301062822,0.834570897789782,975,14771,0.01943160076530612,0.061920487742918834,True,0.9198028539710723,B_wrong_or_unconfirmed_target,peak_in_background,0.08899396626907073,0.2159927636384964,12.112499999830106,False,False,2,2,False,True,0.0,1.0,0.0,0.06871794871794872
292330,18,dog,a photo of a dog,1.0,0.850676094943645,0.9122090242346939,0.9086425235615937,0.7474776427424903,465.85649806511356,4.752837020815605,547.6308795252737,0.850676094943645,0.008678906172960351,0.9899006741548193,5.208817209960216,0.45598018914461136,0.1406449988833947,14838,908,0.295719068877551,0.9423345611583894,True,0.8571029473275941,C_good_localization,target_preferred,0.12668344627040493,0.20374181866645813,11.862099999916609,False,False,2,2,True,True,0.0,0.0,1.0,0.004515433346812239
367195,63,couch,a photo of a couch,1.0,0.21725017789511739,0.6289859693877551,0.4996596551642456,0.195157803718115,81.94210219266824,49.42108799907078,377.17852747732945,0.21725017789511739,0.1310283709139335,0.6237828273891957,49.42108799907078,0.0,0.6517214511909492,6305,8296,0.12565768494897958,0.431819738374084,True,0.6856943841204635,A_correct_target_coarse_mask,target_preferred,0.20925352305372125,0.19498974084854126,12.375499999961903,False,False,3,3,True,True,1.0,0.0,0.0,0.0
367195,18,dog,a photo of a dog,1.0,0.6251623968313867,0.9361846301020408,0.9771280943207988,0.7206908583391486,242.8474343609996,19.54392341322091,388.4549608099642,0.6251623968313867,0.05031194188502584,0.9255161314038446,19.54392341322091,0.0,0.3245256612835874,8296,6305,0.16533801020408162,0.5681802616259161,True,0.9042476834026628,C_good_localization,target_preferred,0.1378767776444002,0.20520037412643433,12.681899999961388,False,False,3,3,True,True,0.0,0.0,1.0,0.0
321790,1,person,a photo of a person,1.0,0.51834104574607,0.7276387117346939,0.6015323468752829,0.3976816959760236,79.94923111292451,7.279659163003089,154.2405946221184,0.51834104574607,0.04719677838922939,0.9165453195612537,7.768064304284053,0.488405141280964,0.43446217586470065,14637,2910,0.29171316964285715,0.8341596854163105,True,0.685875838329568,A_correct_target_coarse_mask,target_preferred,0.15603098325323686,0.22155418992042542,13.441700000157653,False,False,2,2,True,True,1.0,0.0,0.0,0.0052606408417025345
321790,43,tennis racket,a photo of a tennis racket,1.0,0.3341016341584233,0.8182597257653061,0.7416907050276573,0.24623904777649197,170.7514197123237,69.52060836935834,511.0762781583921,0.3341016341584233,0.1360278520847579,0.7106587523965749,71.15840348657639,1.6377951172180474,0.5298705137568188,2987,14560,0.05953045280612245,0.1702285290932923,True,0.922912556508131,A_correct_target_coarse_mask,target_preferred,0.12715479209439495,0.20041584968566895,12.779399999999441,False,False,2,2,True,True,1.0,0.0,0.0,0.025778372949447605
3156,1,person,a photo of a person,1.0,0.6160783719341996,0.6108896683673469,0.649081227429316,0.3748318924111431,49.576482473069476,1.4599406211348196,80.47106461053384,0.6160783719341996,0.018142429557763178,0.9713941429938968,1.554789442345509,0.0948488212106895,0.36577919850803725,26205,8186,0.5222616390306123,0.7619726091128493,True,0.9138515329942144,A_correct_target_coarse_mask,target_preferred,0.08236648475684734,0.2599526345729828,12.525999999979831,False,False,3,3,True,True,1.0,0.0,0.0,0.006525472238122496
3156,81,sink,a photo of a sink,0.0,0.0229493557250092,0.7250478316326531,0.03232760903039189,0.0447967873710448,7.240623309742659,221.5147218573889,315.5044262027864,0.0229493557250092,0.7020970340207309,0.03165225846177512,221.5147218573889,0.0,0.27495361025425996,766,33625,0.01526626275510204,0.0222732691692594,True,0.5892972940756631,B_wrong_or_unconfirmed_target,peak_in_distractor,0.11454520294276486,0.2094745635986328,12.263500000017302,False,False,3,3,False,True,0.0,1.0,0.0,0.0
549930,1,person,a photo of a person,1.0,0.37432576949663043,0.6564094387755102,0.4012071849209709,0.21454280377238144,17.09092131942583,4.150329687482447,45.65788068080009,0.37432576949663043,0.0909006205631382,0.804609922168264,4.1534944465628385,0.003164759080391377,0.5347736099402314,9769,4131,0.19469467474489796,0.7028057553956835,True,0.6352172353918665,A_correct_target_coarse_mask,target_preferred,0.07767811340713177,0.2431127429008484,12.431599999899845,False,False,2,22,True,True,1.0,0.0,0.0,0.00040945849114546015
549930,28,umbrella,a photo of a umbrella,1.0,0.3289681410215855,0.7545440051020408,0.8382713069374497,0.24705019257810112,110.94919628251228,33.04199261848106,337.2642588974361,0.3289681410215855,0.0979706320690486,0.7705276769316689,33.07095023036226,0.0289576118811965,0.573061226909366,4135,9765,0.08240991709183673,0.2974820143884892,True,0.8880136757772876,A_correct_target_coarse_mask,target_preferred,0.13617526151595516,0.20877501368522644,12.24240000010468,False,False,2,22,True,True,1.0,0.0,0.0,0.0009673518742442564
339442,54,sandwich,a photo of a sandwich,1.0,0.7303558639734336,0.8444874043367347,0.8784166989073037,0.6359861914536294,308.3214845857001,79.0728182855728,422.1524051416601,0.7303558639734336,0.18730870018148688,0.7958854384292567,82.45080809786123,3.3779898122884333,0.08233543584507964,16905,10515,0.3369140625,0.6165207877461707,True,0.7080572466153277,C_good_localization,target_preferred,0.15572760128243002,0.2176762968301773,12.106299999913972,False,False,3,3,True,True,0.0,0.0,1.0,0.009642117716651879
339442,67,dining table,a photo of a dining table,1.0,0.5542170468356074,0.8306361607142857,0.8404918266370895,0.47833026396562306,77.56521594289188,13.943575833781878,139.95458347187827,0.5542170468356074,0.09962929035892294,0.8476258339437824,14.154950668427418,0.21137483464553952,0.34615366280546966,8428,18992,0.16796875,0.3073668854850474,True,0.9261197858435982,A_correct_target_coarse_mask,target_preferred,0.0992096161922104,0.22548551857471466,12.952600000062375,False,False,3,3,True,True,1.0,0.0,0.0,0.003203607024205031
150638,44,bottle,a photo of a bottle,1.0,0.13473281746222046,0.6644411670918368,0.1894833646152968,0.11523909616395166,18.114177649622434,87.11995413182184,134.4451781742166,0.13473281746222046,0.6479961223966705,0.17213215278140678,104.89665933308596,17.77670520126412,0.2172710601411091,2646,33351,0.052734375,0.07350612551045921,True,0.7238115540095619,B_wrong_or_unconfirmed_target,target_peak_distractor_energy,0.10614303787365734,0.22971829771995544,12.50320000008287,False,False,4,18,False,True,0.0,1.0,0.0,0.9814814814814815
150638,1,person,a photo of a person,0.0,0.17761806532864594,0.7190489477040817,0.1964903627325626,0.13953488372093023,5.4882571373189535,17.921675140032796,30.899205703902105,0.17761806532864594,0.580004395963148,0.23444139317858714,17.936763092489976,0.015087952457179199,0.24237753870820608,3433,32564,0.06841916454081633,0.0953690585326555,True,0.7439064974316435,B_wrong_or_unconfirmed_target,peak_in_distractor,0.04051735936719299,0.24348455667495728,11.897500000031869,False,False,4,18,False,True,0.0,1.0,0.0,0.013690649577628895
521405,90,toothbrush,a photo of a toothbrush,1.0,0.5516599045877827,0.9102758290816326,0.8739913163145641,0.5145044753585679,316.57046487694606,40.19603476072581,573.8507769809685,0.5516599045877827,0.07004614504871341,0.887332373410762,40.19603476072581,0.0,0.37829395036350394,4789,9122,0.09544403698979592,0.34425993817841993,True,0.9375055519541362,C_good_localization,target_preferred,0.090236408431501,0.20840391516685486,12.449399999923116,False,False,2,2,True,True,0.0,0.0,1.0,0.0
521405,81,sink,a photo of a sink,0.0,0.21747159462652343,0.6864237882653061,0.2354497369744809,0.195109474114999,49.331166982587504,88.33345261533395,226.83958825660324,0.21747159462652343,0.3894093323578522,0.35834310316382834,88.33345261533395,0.0,0.39311907301562443,9122,4789,0.1818000637755102,0.6557400618215801,False,0.22671915130548517,B_wrong_or_unconfirmed_target,peak_in_background,0.08853429528206148,0.19672229886054993,12.248400000089532,False,False,2,2,False,False,0.0,1.0,0.0,0.0
82765,73,laptop,a photo of a laptop,1.0,0.611610038853173,0.9181680484693877,0.8476873186225535,0.5332499715812209,142.1483785447781,70.05567758843252,232.41668631097002,0.611610038853173,0.3014227536774149,0.669866453709745,212.2040561332106,142.1483785447781,0.08696720746941217,4834,21568,0.09634088010204081,0.18309218998560714,True,0.9005291199858445,C_good_localization,target_preferred,0.07265668962791146,0.22488348186016083,12.058499999966443,False,False,2,2,True,True,0.0,0.0,1.0,1.0
82765,65,bed,a photo of a bed,1.0,0.8331167274600211,0.8133370535714286,0.9240892109489929,0.6605660856014206,334.6973231710872,0.0,401.7412112123848,0.8331167274600211,0.0,0.9999999999999969,18.560178703497513,18.560178703497513,0.16688327253997887,26402,0,0.5261878188775511,1.0,False,0.9999999999211168,C_good_localization,target_preferred,0.24392950541048802,0.241524338722229,11.705699999993158,False,False,2,2,True,False,0.0,0.0,1.0,0.18309218998560714
47121,17,cat,a photo of a cat,1.0,0.7583206479176593,0.9363639987244898,0.9294418996664126,0.739240506329114,522.7775890808334,75.94709471230806,689.3885726524463,0.7583206479176593,0.11016587411668138,0.8731518897280865,78.20907843429075,2.2619837219826877,0.13151347796565935,9352,20614,0.18638392857142858,0.3120870319695655,True,0.9381674989522676,C_good_localization,target_preferred,0.10381683196663388,0.2050420194864273,12.041599999975006,False,False,4,4,True,True,0.0,0.0,1.0,0.01283147989734816
47121,44,bottle,a photo of a bottle,1.0,0.1397633007975531,0.6986806441326531,0.6979680321049778,0.08074420867027421,38.221829905640334,177.6203958458336,273.4754380265001,0.1397633007975531,0.6494930481786886,0.17708226354953233,177.6203958458336,0.0,0.2107436510237583,1344,28622,0.026785714285714284,0.04485083094173396,True,0.8208745004649888,B_wrong_or_unconfirmed_target,target_peak_distractor_energy,0.13090934382785083,0.20880508422851562,12.071699999978591,False,False,4,4,False,True,0.0,1.0,0.0,0.0
465180,22,elephant,a photo of a elephant,1.0,0.7154177924416596,0.8896085778061225,0.8665930097664316,0.6371437929905012,402.1671284585582,11.743343424820054,562.1430340528661,0.7154177924416596,0.020890312097535772,0.9716283007497094,13.746559757773511,2.003216332953457,0.2636918954608045,11317,7329,0.22554607780612246,0.60693982623619,True,0.9568561936188017,C_good_localization,target_preferred,0.12410857050649306,0.1663949340581894,12.29620000003706,False,False,2,12,True,True,0.0,0.0,1.0,0.03737739683661748
465180,1,person,a photo of a person,0.0,0.2492942250420029,0.7312260841836735,0.20468243912566159,0.15209053756680288,5.518822428651998,5.061564700081362,22.137786897077724,0.2492942250420029,0.22863914643380676,0.5216087428090324,5.200263597592425,0.13869889751106257,0.5220666285241903,7752,10894,0.15449617346938777,0.41574600450498767,True,0.6050973670849596,B_wrong_or_unconfirmed_target,peak_in_distractor,0.04129021555745576,0.23596030473709106,12.415400000008958,False,False,2,12,True,True,0.0,1.0,0.0,0.05456656346749226
241319,44,bottle,a photo of a bottle,0.0,0.026498942431926763,0.5985730229591837,0.053158166997411875,0.026015473887814312,3.8400527792982757,58.496954363188706,144.91343528757807,0.026498942431926763,0.40366826062126376,0.06160149412564519,58.496954363188706,0.0,0.5698327969468093,549,10987,0.010941485969387755,0.04759015256588072,True,0.5678000523780482,B_wrong_or_unconfirmed_target,peak_in_distractor,0.10827965703972366,0.2173900604248047,12.395999999853302,False,False,5,10,False,True,0.0,1.0,0.0,0.0
241319,90,toothbrush,a photo of a toothbrush,0.0,0.09763885060668448,0.62890625,0.2563600166026405,0.07757851976617458,40.50711030815728,104.67022103178897,414.8667262720124,0.09763885060668448,0.25229842357413035,0.27901814928190016,115.3188883784751,10.648667346686125,0.6500627258191852,1701,9835,0.033900669642857144,0.1474514563106796,True,0.69112712708427,B_wrong_or_unconfirmed_target,peak_in_background,0.15441402386860972,0.2149651050567627,13.058900000032736,False,False,5,10,False,True,0.0,1.0,0.0,0.3480305702527925
535523,1,person,a photo of a person,0.0,0.05996624177517954,0.6945352359693877,0.06722791624650833,0.06382848766186172,1.797911292886056,4.960739084192312,29.982057231911178,0.05996624177517954,0.1654569279826598,0.26601631872885717,5.014610507594455,0.05387142340214268,0.7745768302421606,2778,6916,0.055365114795918366,0.28656901175985144,False,0.47431691940446463,B_wrong_or_unconfirmed_target,peak_in_distractor,0.07206190973025169,0.23867926001548767,12.288299999909214,False,False,4,18,False,False,0.0,1.0,0.0,0.07523398128149748
535523,62,chair,a photo of a chair,1.0,0.4687818928341578,0.8374920280612245,0.7483685559006776,0.30020597322348097,59.11798512999667,15.37459314359755,126.10978801374266,0.4687818928341578,0.12191435245234195,0.793609061467426,21.845998920746453,6.471405777148902,0.4093037547135003,3639,6055,0.07252471301020408,0.37538683721889826,True,0.8648293677561962,A_correct_target_coarse_mask,target_preferred,0.04673194707638983,0.22447755932807922,12.331399999993664,False,False,4,18,True,True,1.0,0.0,0.0,0.05743336081341028
566923,1,person,a photo of a person,1.0,0.8909132462372548,0.5520567602040817,0.8783360395566308,0.41553983773663405,41.637581118821544,0.2948762352550318,46.73584245680105,0.8909132462372548,0.0063094237688684504,0.9929678284111494,1.6783763731988017,1.38350013794377,0.10277732999387673,36758,2655,0.7325813137755102,0.9326364397533808,True,0.9107064581629819,A_correct_target_coarse_mask,target_preferred,0.12011033137097402,0.24735009670257568,12.553900000057183,False,False,3,12,True,True,1.0,0.0,0.0,0.028483595407802383
566923,11,fire hydrant,a photo of a fire hydrant,1.0,0.4111207353885216,0.8194355867346939,0.6685740108538955,0.23750210402289176,88.9692747036006,75.80625915434997,216.40668311103775,0.4111207353885216,0.35029537010857453,0.5399422633963278,85.91426788444245,10.108008730092479,0.2385838945029039,3282,36131,0.06540975765306123,0.08327201684723315,True,0.9281630498371338,A_correct_target_coarse_mask,target_preferred,0.06242155883603159,0.20696623623371124,12.262700000064797,False,False,3,12,True,True,1.0,0.0,0.0,0.19926873857404023
292446,72,tv,a photo of a tv,1.0,0.2533655032420471,0.7327606823979592,0.5543583180179622,0.15003803245436106,28.822973768525117,22.010822871497,113.76045041534218,0.2533655032420471,0.19348396381286245,0.5670041522303263,22.221200263710557,0.21037739221355878,0.5531505329450904,2819,8947,0.05618223852040816,0.2395886452490226,True,0.8060545609766833,A_correct_target_coarse_mask,target_preferred,0.0756785503089554,0.23258234560489655,13.57119999988754,False,False,4,13,True,True,1.0,0.0,0.0,0.008513657325292657
292446,1,person,a photo of a person,1.0,0.21932644106724639,0.654914700255102,0.2266355341401929,0.14851241701499876,13.849260027204963,11.031038997582982,63.14450715478816,0.21932644106724639,0.1746951476007603,0.5566355940258819,11.161436860516005,0.13039786293302313,0.6059784113319933,6792,4974,0.13536352040816327,0.5772565017848037,False,0.4790117586273667,A_correct_target_coarse_mask,target_preferred,0.0770016628906833,0.24907168745994568,18.631299999924522,False,False,4,13,True,False,1.0,0.0,0.0,0.0035335689045936395
376112,27,backpack,a photo of a backpack,1.0,0.2862699534732811,0.7587890625,0.6942338055417504,0.15939713849145715,66.19054293259978,104.26742974822832,231.21722042260245,0.2862699534732811,0.4509501046576708,0.3883100443564294,170.43947011526166,66.17204036703333,0.2627799418690481,2297,16272,0.045778858418367346,0.12370079164198396,True,0.8180840736524698,B_wrong_or_unconfirmed_target,target_peak_distractor_energy,0.07629205504671568,0.19494116306304932,12.98280000014529,False,False,3,23,False,True,0.0,1.0,0.0,0.9991292990857641
376112,1,person,a photo of a person,1.0,0.8118626786585315,0.7920918367346939,0.73042233904602,0.4758579108677084,48.697030113821995,0.6138512742497824,59.98185579153086,0.8118626786585315,0.010233949352671664,0.9875514033217168,9.023045015181879,8.409193740932096,0.17790337198879685,16969,1600,0.3381895727040816,0.91383488610049,True,0.8820758185080088,A_correct_target_coarse_mask,target_preferred,0.05656265043424716,0.21820536255836487,13.221499999872321,False,False,3,23,True,True,1.0,0.0,0.0,0.13766279686487123
156643,47,cup,a photo of a cup,0.0,0.07181937172928275,0.7079679528061225,0.08030502012655959,0.08880044773334991,8.28378621279262,91.47196914184883,115.34194762964057,0.07181937172928275,0.7930503257632037,0.08304068455341618,91.59535443595655,0.12338529410772026,0.1351303025075136,1428,37124,0.028459821428571428,0.03704087985059141,True,0.7018779067070755,B_wrong_or_unconfirmed_target,peak_in_distractor,0.09425694493858033,0.2107032984495163,14.046899999812013,False,False,8,21,False,True,0.0,1.0,0.0,0.0196078431372549
156643,61,cake,a photo of a cake,1.0,0.43937904675145656,0.8935945471938775,0.5420945745284886,0.391358869129047,151.12133482951322,138.54561347366075,343.9429712154617,0.43937904675145656,0.4028156557002859,0.521707207932279,147.99484794298883,9.449234469328076,0.15780529754825756,3920,34632,0.078125,0.1016808466486823,True,0.9059851274216433,A_correct_target_coarse_mask,target_preferred,0.06537504375514484,0.20067241787910461,18.87140000008003,False,False,8,21,True,True,1.0,0.0,0.0,0.11505102040816327
202445,17,cat,a photo of a cat,1.0,0.6524136702377641,0.9306640625,0.9364151415916444,0.645506419400856,357.05954838451,138.89679937520123,547.2901085202338,0.6524136702377641,0.25379007808263004,0.7199414827482017,495.9563477597112,357.05954838451,0.09379625167960583,6418,20859,0.12790975765306123,0.23528980459727977,True,0.893104352652972,C_good_localization,target_preferred,0.0986383052386902,0.18336254358291626,12.123700000074678,False,False,2,2,True,True,0.0,0.0,1.0,1.0
202445,65,bed,a photo of a bed,1.0,0.6429172306625042,0.6280492665816326,0.6689404008160631,0.4460867242453922,377.0882088764549,0.0,586.5268356361805,0.6429172306625042,0.0,0.9999999999999973,17.654233492437257,17.654233492437257,0.35708276933749583,27277,0,0.5436264349489796,1.0,False,0.9999999999276641,A_correct_target_coarse_mask,target_preferred,0.2597851601814379,0.19714583456516266,11.796000000003914,False,False,2,2,True,False,1.0,0.0,0.0,0.23528980459727977
468332,61,cake,a photo of a cake,1.0,0.3474433190378503,0.7890625,0.7162711644315135,0.12974839664528862,59.36830922914669,84.98362786104515,170.87192637219522,0.3474433190378503,0.4973527814974873,0.41127476655926454,141.18243818698062,56.19881032593548,0.15520389946466245,1578,32590,0.03144929846938776,0.04618356356825099,True,0.9351814783708838,B_wrong_or_unconfirmed_target,target_peak_distractor_energy,0.0371027086882823,0.19007058441638947,18.84739999991325,False,False,6,15,False,True,0.0,1.0,0.0,0.8846641318124208
468332,1,person,a photo of a person,1.0,0.8257538685725478,0.6319953762755102,0.8159009178838206,0.43783109054374963,60.59811095775999,4.699207688654724,73.38519777390066,0.8257538685725478,0.06403481670967152,0.9280336806155568,4.813268514436913,0.11406082578218957,0.11021131471778065,30370,3798,0.6052694515306123,0.8888433622102552,True,0.617249301044221,A_correct_target_coarse_mask,target_preferred,0.1362620474814403,0.2250581532716751,12.974399999848174,False,False,6,15,True,True,1.0,0.0,0.0,0.006420810009878169
548339,15,bench,a photo of a bench,0.0,0.13866020308485902,0.6100326849489796,0.1527994955935288,0.13907954945441744,21.39643979781249,44.91265968673986,154.30844122388908,0.13866020308485902,0.2910576980139098,0.3226772790482063,45.129134199244504,0.21647451250464655,0.5702820989012312,5224,17403,0.10411352040816327,0.23087461881822602,True,0.6134610295223323,B_wrong_or_unconfirmed_target,peak_in_background,0.1575844028916237,0.19207444787025452,16.496100000040315,False,False,6,11,False,True,0.0,1.0,0.0,0.01282542113323124
548339,1,person,a photo of a person,1.0,0.6053590637776438,0.6764588647959183,0.5810835344704595,0.3133116196438391,32.82753482427474,2.6797277539405577,54.228204033850425,0.6053590637776438,0.04941575701581069,0.9245301507532835,3.0065075236122603,0.3267797696717025,0.3452251792065454,16682,5945,0.3324697066326531,0.7372607946258894,True,0.8136301359495768,A_correct_target_coarse_mask,target_preferred,0.08561348117174362,0.24552087485790253,18.509899999799018,False,False,6,11,True,True,1.0,0.0,0.0,0.022539263877232946
329219,18,dog,a photo of a dog,1.0,0.35176406430717383,0.8714923469387755,0.8226017390562815,0.15391680881774045,86.80204766057432,41.72245100646859,246.7621240149632,0.35176406430717383,0.1690796396449344,0.6753735557097489,42.22222511231547,0.49977410584688187,0.4791562960478918,1173,5835,0.023377710459183673,0.16738013698630136,True,0.9118873642435024,A_correct_target_coarse_mask,target_preferred,0.04008562390690841,0.22109539806842804,12.163399999963076,False,False,7,21,True,True,1.0,0.0,0.0,0.005115089514066497
329219,1,person,a photo of a person,0.0,0.2763956809810543,0.7852957589285714,0.32895233678818886,0.2919952681388013,33.88228306651581,23.075774145294417,122.58615238216508,0.2763956809810543,0.18824127927072198,0.5948637422887686,23.212325073105603,0.13655092781118583,0.5353630397482237,5106,1902,0.10176179846938775,0.728595890410959,False,0.3535658864545184,B_wrong_or_unconfirmed_target,peak_in_distractor,0.09616435584770211,0.24086613953113556,11.933799999951589,False,False,7,21,True,False,0.0,1.0,0.0,0.002154328241284763
493334,77,cell phone,a photo of a cell phone,1.0,0.396538178623237,0.8848054846938775,0.7910036772272174,0.21796779867406305,83.31435639830306,99.34484622504921,210.10424945100323,0.396538178623237,0.47283596826163504,0.45611912896663,181.83504550082966,82.49019927578047,0.13062585311512803,1616,39373,0.03220663265306122,0.03942521164214789,True,0.9533429263278459,B_wrong_or_unconfirmed_target,target_peak_distractor_energy,0.04220328546645521,0.23800675570964813,12.34230000000025,False,False,2,2,False,True,0.0,1.0,0.0,0.9888613861386139
493334,61,cake,a photo of a cake,0.0,0.806518813324753,0.3899473852040816,0.8117046235714935,0.3227726277130025,369.90991992010623,0.002167735481634736,458.65008206715976,0.806518813324753,4.726338370778524e-06,0.9999941398630783,2.5435102281687705,2.5413424926871357,0.1934764603368763,40971,18,0.8165457589285714,0.9995608577911147,True,0.9868368530241055,B_wrong_or_unconfirmed_target,peak_in_background,0.1942651229329194,0.20849306881427765,12.274899999965783,False,False,2,2,True,True,0.0,1.0,0.0,0.03900319738351517
439623,3,car,a photo of a car,1.0,0.5332980685906406,0.8463608099489796,0.8237267580087247,0.423712342079689,68.8031183501007,27.359072106889812,129.01437751673907,0.5332980685906406,0.21206219518704486,0.7154903400507797,30.351391084258807,2.9923189773689955,0.25463973622231467,5717,11113,0.1139389349489796,0.33969102792632205,True,0.8301756013633231,A_correct_target_coarse_mask,target_preferred,0.09778477171026372,0.23558658361434937,18.966699999964476,False,False,2,7,True,True,1.0,0.0,0.0,0.05789749868812314
439623,11,fire hydrant,a photo of a fire hydrant,1.0,0.5308556059988414,0.8272680165816326,0.7353898876366711,0.543746051800379,280.6620299726492,27.714662846799,528.697496647067,0.5308556059988414,0.052420643227104165,0.9101272453718589,30.526649219372302,2.811986372573301,0.4167237507740545,11444,5386,0.22807716836734693,0.6799762329174094,True,0.8265723592694944,C_good_localization,target_preferred,0.11403719662334796,0.19876974821090698,11.95899999993344,False,False,2,7,True,True,0.0,0.0,1.0,0.028923453337993708
71711,5,airplane,a photo of a airplane,1.0,0.5280054793245705,0.8207110969387755,0.6380009224780622,0.3953488372093023,168.11431424564216,0.24989585230150624,318.3950182878699,0.5280054793245705,0.0007848610623535835,0.998515742436251,0.41625812944630525,0.166362277144799,0.4712096596130759,7798,537,0.15541294642857142,0.9355728854229154,True,0.9788705323449157,A_correct_target_coarse_mask,target_preferred,0.08233707998442212,0.1972835808992386,15.903799999932744,False,False,3,15,True,True,1.0,0.0,0.0,0.020902795588612466
71711,1,person,a photo of a person,0.0,0.016470020091900656,0.7303292410714286,0.018056891927807787,0.02303249097472924,0.4401104366229731,2.306808054747762,26.72191255184947,0.016470020091900656,0.08632645774406233,0.1602196927230972,2.3355688275505884,0.028760772802826295,0.897203522164037,695,7640,0.01385124362244898,0.08338332333533294,True,0.677137248438997,B_wrong_or_unconfirmed_target,peak_in_background,0.08617501916337858,0.22208529710769653,14.126699999906123,False,False,3,15,False,True,0.0,1.0,0.0,0.26762589928057556
170278,65,bed,a photo of a bed,1.0,0.7610972456357805,0.5053611288265306,0.7782292339873595,0.36770100886579027,240.59599942279488,0.08500644122250378,316.11729092753933,0.7610972456357805,0.00026890791380971635,0.9996468086838912,53.828925454471346,53.74391901324884,0.23863384645040978,34073,18,0.679069674744898,0.9994720014079962,True,0.5992301964545866,A_correct_target_coarse_mask,target_preferred,0.22049752668411673,0.21253162622451782,12.546800000109215,False,False,2,2,True,True,1.0,0.0,0.0,0.4794411997769495
170278,18,dog,a photo of a dog,1.0,0.7671705545824309,0.8583785076530612,0.8416635016192914,0.6138673042438733,159.15641003339354,27.717083852142295,207.4589660444176,0.7671705545824309,0.13360272819545424,0.8516799612623476,186.58417289695524,158.86708904481296,0.0992267172221148,16354,17737,0.3259327168367347,0.4797160540905224,True,0.8616447962297615,C_good_localization,target_preferred,0.08376149252234201,0.20273984968662262,15.47830000004069,False,False,2,2,True,True,0.0,0.0,1.0,0.9988993518405284
259597,62,chair,a photo of a chair,0.0,0.09636949689950217,0.6297632334183674,0.11341329038190825,0.10683205923361701,33.88482623861637,260.9114313880887,351.61360522565326,0.09636949689950217,0.7420402041059956,0.11494320352439469,294.77395816633685,33.86252677824814,0.1615902989945022,2968,33642,0.05915178571428571,0.08107074569789675,True,0.5954815997477104,B_wrong_or_unconfirmed_target,peak_in_distractor,0.16816581889540036,0.20933414995670319,12.323100000003251,False,False,4,19,False,True,0.0,1.0,0.0,0.9979784366576819
259597,77,cell phone,a photo of a cell phone,0.0,0.19732384592044377,0.851921237244898,0.5610423049813495,0.07495019920318725,33.53231354430318,123.16896776168412,169.93543475643892,0.19732384592044377,0.7247986150635202,0.21398876425793303,140.97643145604795,17.807463694363832,0.07787753901603611,602,36008,0.011997767857142858,0.01644359464627151,True,0.9421434782416238,B_wrong_or_unconfirmed_target,peak_in_distractor,0.03816853296316141,0.2287457287311554,12.150199999950928,False,False,4,19,False,True,0.0,1.0,0.0,0.5232558139534884
138241,67,dining table,a photo of a dining table,1.0,0.9958636674056612,0.41402264030612246,0.9961570704586806,0.41388246551311697,293.7879156941536,0.0,295.0081675933662,0.9958636674056612,0.0,0.9999999999999966,9.692173867618664,9.692173867618664,0.0041363325943387826,50055,0,0.9975884885204082,1.0,False,0.999999999829622,A_correct_target_coarse_mask,target_preferred,0.26020607549219504,0.21566350758075714,11.916200000086974,False,False,2,2,True,False,1.0,0.0,0.0,0.13836779542503247
138241,58,hot dog,a photo of a hot dog,1.0,0.38221455836565416,0.7586694834183674,0.4979001857624144,0.29041898622912393,86.92072173369797,140.0976592475285,227.41342481921714,0.38221455836565416,0.6160483241431304,0.38287966532932677,227.01838098122647,86.92072173369797,0.0017371174912154418,6926,43129,0.1380341198979592,0.13836779542503247,True,0.7943861677670002,B_wrong_or_unconfirmed_target,target_peak_distractor_energy,0.11092095796353471,0.21260321140289307,11.954999999943539,False,False,2,2,False,True,0.0,1.0,0.0,1.0
97994,76,keyboard,a photo of a keyboard,1.0,0.28773823056627146,0.7362484056122449,0.7449632220259614,0.2258102258102258,72.0032737563597,70.37100565859873,250.23881468464097,0.28773823056627146,0.2812153891764655,0.5057323138156248,106.69012186311011,36.319116204511374,0.43104638025726305,3909,9452,0.07790577168367346,0.2925679215627573,True,0.7121553256832567,A_correct_target_coarse_mask,target_preferred,0.14981411449341253,0.2218904346227646,11.999100000139151,False,False,8,20,True,True,1.0,0.0,0.0,0.480685597339473
97994,73,laptop,a photo of a laptop,1.0,0.33960150124808286,0.7342155612244898,0.5603075782685348,0.2818911205643207,82.35058650093197,57.79643489431328,242.49182114414123,0.33960150124808286,0.238343852677646,0.5876014037336171,95.37379265540949,37.57735776109621,0.4220546460742711,6122,7239,0.12201052295918367,0.458199236584088,True,0.6275341461419908,A_correct_target_coarse_mask,target_preferred,0.1289987578671545,0.22023078799247742,12.078499999915948,False,False,8,20,True,True,1.0,0.0,0.0,0.30692584122835675
197796,81,sink,a photo of a sink,1.0,0.3270015701523056,0.7450175382653061,0.5273478198340006,0.33727013727013727,130.49349545390578,30.17031826073071,399.0607610633998,0.3270015701523056,0.0756033196056013,0.8122146016381846,30.17031826073071,0.0,0.5973951102420931,7617,2447,0.15180564413265307,0.7568561208267091,True,0.5815026504521317,A_correct_target_coarse_mask,target_preferred,0.15708466443136673,0.2038063257932663,12.028099999952246,False,False,2,7,True,True,1.0,0.0,0.0,0.0
197796,44,bottle,a photo of a bottle,1.0,0.3834212019374395,0.8485331632653061,0.6569130610685743,0.2225859247135843,46.29292127790541,4.298106412511089,120.73646695588508,0.3834212019374395,0.035599073924214956,0.9150421209307397,4.298106412511089,0.0,0.5809797241383455,2447,7617,0.04876833545918367,0.24314387917329094,True,0.9710366875551809,A_correct_target_coarse_mask,target_preferred,0.04736740353912134,0.20943057537078857,11.842099999967104,False,False,2,7,True,True,1.0,0.0,0.0,0.0
444142,62,chair,a photo of a chair,0.0,0.17041965574924717,0.7523915816326531,0.31076036010027297,0.12408347433728144,23.130037973169237,9.360914055873238,135.72400361612287,0.17041965574924717,0.06897021754787994,0.7118916661011788,9.360914055873238,0.0,0.7606101267028729,1760,11703,0.035076530612244895,0.1307286637450791,True,0.942628283700605,B_wrong_or_unconfirmed_target,peak_in_background,0.09332153234815309,0.20400162041187286,12.257299999873794,False,False,3,13,True,True,0.0,1.0,0.0,0.0
444142,1,person,a photo of a person,1.0,0.4078132141921504,0.6989795918367347,0.43034010227165986,0.31687019448213477,39.64997797269791,1.9050456592530054,97.22582935729966,0.4078132141921504,0.019594028375443995,0.9541560684424878,1.9610697899778415,0.05602413072483614,0.5725927574324056,11311,2152,0.2254264987244898,0.8401544975116987,True,0.7983810329058383,A_correct_target_coarse_mask,target_preferred,0.11722882329681372,0.23882631957530975,11.957900000197696,False,False,3,13,True,True,1.0,0.0,0.0,0.004597294668906374
30785,56,broccoli,a photo of a broccoli,1.0,0.4665029403467517,0.818718112244898,0.7987515982112374,0.41026970954356845,387.86616530502215,380.5336446318342,831.4334846779768,0.4665029403467517,0.45768380952232035,0.5047712926124939,768.3998099368564,387.86616530502215,0.07581325013092792,6496,28420,0.12946428571428573,0.18604651162790697,True,0.8168264028415475,A_correct_target_coarse_mask,target_preferred,0.11347799521617333,0.21269752085208893,12.480200000027253,False,False,4,10,True,True,1.0,0.0,0.0,1.0
30785,67,dining table,a photo of a dining table,1.0,0.3884803322180226,0.6257374043367347,0.42959482768284646,0.3066642052796751,118.3234960868649,86.75021138510093,304.5804028515387,0.3884803322180226,0.28481875581268273,0.5769803332932844,86.80491067657604,0.05469929147511721,0.3267009119692948,14777,20139,0.2945033482142857,0.4232157177225341,True,0.6502130504691399,A_correct_target_coarse_mask,target_preferred,0.1907444294617049,0.22906213998794556,12.380600000142294,False,False,4,10,True,True,1.0,0.0,0.0,0.0007444000812072816
468925,52,banana,a photo of a banana,1.0,0.5259410135841491,0.8179807079081632,0.8512981603143381,0.4994519346706127,210.46375504598836,69.71624600592986,400.1660825265051,0.5259410135841491,0.1742182784851892,0.7511733680341732,279.05487865657415,209.33863265064429,0.29984070793066164,10351,14761,0.2062938456632653,0.4121933736858872,True,0.8114998671898629,A_correct_target_coarse_mask,target_preferred,0.15331057074250773,0.20754733681678772,16.165700000101424,False,False,5,7,True,True,1.0,0.0,0.0,0.9946865037194474
468925,54,sandwich,a photo of a sandwich,1.0,0.6003956041678135,0.6331911670918368,0.6699515700412058,0.4271708683473389,181.9950348834318,1.4846542893792503,303.1251954878792,0.6003956041678135,0.004897825424870088,0.9919083452992886,54.865800510648114,53.381146221268864,0.3947065704073164,24724,388,0.4927455357142857,0.984549219496655,True,0.657972746893706,A_correct_target_coarse_mask,target_preferred,0.2472380836533019,0.21059677004814148,12.085299999853305,False,False,5,7,True,True,1.0,0.0,0.0,0.41643746966510276
322429,51,bowl,a photo of a bowl,0.0,0.21634745501175567,0.6733099489795918,0.41879065685452543,0.19215415701542557,43.16443513773265,44.17083676245841,199.51441136845,0.21634745501175567,0.2213917103004987,0.49423828653171836,44.17083676245841,0.0,0.5622608346877456,4350,8823,0.08669483418367346,0.33022090639945345,True,0.6646616804898738,B_wrong_or_unconfirmed_target,peak_in_background,0.18942311707550458,0.2278098315000534,12.083700000175668,False,False,3,21,False,True,0.0,1.0,0.0,0.0
322429,47,cup,a photo of a cup,1.0,0.11420768862914503,0.6148158482142857,0.20485573269018648,0.09343777850743468,24.380983005503367,62.794351491480484,213.4793488788066,0.11420768862914503,0.2941471941959556,0.27967753890690994,73.6304966298485,10.83614513836801,0.5916451171748993,2985,10188,0.059490593112244895,0.22659986335686633,True,0.5699259724374297,B_wrong_or_unconfirmed_target,target_peak_distractor_energy,0.17282965953802232,0.2215728759765625,12.587400000029447,False,False,3,21,False,True,0.0,1.0,0.0,0.2626465661641541
465836,1,person,a photo of a person,1.0,0.27524499104866645,0.6875996492346939,0.34504297272426154,0.21695474073334,15.206198826383684,0.37085517907121357,55.24605104873663,0.27524499104866645,0.006712790724970636,0.9761922133066804,0.5574477160496372,0.1865925369784236,0.7180422182263629,7091,560,0.14132254464285715,0.9268069533394327,True,0.7640479489339357,A_correct_target_coarse_mask,target_preferred,0.0866651653466325,0.2305905669927597,12.327400000003763,False,False,3,7,True,True,1.0,0.0,0.0,0.011563954308278099
465836,35,skis,a photo of a skis,0.0,0.057828789030276107,0.7443997130102041,0.16036930864216986,0.04241021429104756,34.310529137030244,97.79664444591663,593.3122535052058,0.057828789030276107,0.16483166135226052,0.2597173810208515,98.41035414155385,0.6137096956372261,0.7773395496174634,568,7083,0.01132015306122449,0.07423866161286106,True,0.8139515045977027,B_wrong_or_unconfirmed_target,peak_in_background,0.11989552373026889,0.19435320794582367,12.235400000008667,False,False,3,7,False,True,0.0,1.0,0.0,0.01584507042253521
91779,67,dining table,a photo of a dining table,1.0,0.10071605247593172,0.6715760522959183,0.22643180381749864,0.08789505728676593,12.133130390007864,53.95171742473943,120.46868489913598,0.10071605247593172,0.44784848004202277,0.18359927867307715,53.95171742473943,0.0,0.4514354674820455,1709,32784,0.034060108418367346,0.04954628475342823,True,0.8118204174427003,B_wrong_or_unconfirmed_target,target_peak_distractor_energy,0.16716942467592275,0.22564369440078735,13.033700000050885,False,False,6,8,False,True,0.0,1.0,0.0,0.0
91779,54,sandwich,a photo of a sandwich,0.0,0.3034172716702459,0.6938376913265306,0.334757270315562,0.32293181718013136,63.93360158149153,119.64026708263867,210.7118069764157,0.3034172716702459,0.5677909975686822,0.34827179950358383,182.57302721499894,62.93276013236027,0.12879173076107192,10104,24389,0.20137117346938777,0.29292900008697415,True,0.5632976738118679,B_wrong_or_unconfirmed_target,peak_in_distractor,0.12976850192774478,0.20831699669361115,18.42979999992167,False,False,6,8,False,True,0.0,1.0,0.0,0.9786223277909739
415238,64,potted plant,a photo of a potted plant,1.0,0.40748411844640403,0.782585299744898,0.7468698463333262,0.3933377822266711,179.54250206938013,15.394234924526245,440.61226914539293,0.40748411844640403,0.034938280212633996,0.9210295854854266,15.394234924526245,0.0,0.557577601340962,7445,4367,0.1483777104591837,0.6302912292583813,True,0.8724673124590915,A_correct_target_coarse_mask,target_preferred,0.1713009140740443,0.1946699470281601,18.957300000010946,False,False,2,3,True,True,1.0,0.0,0.0,0.0
415238,62,chair,a photo of a chair,1.0,0.33535814422536087,0.7410714285714286,0.701078600714245,0.23965587873822203,80.8751760686282,15.156283189496946,241.16061429025572,0.33535814422536087,0.06284725735212787,0.8421737698605739,15.156283189496946,0.0,0.6017945984225113,4367,7445,0.08703364158163265,0.3697087707416187,True,0.900961881910233,A_correct_target_coarse_mask,target_preferred,0.10334538940978545,0.22568197548389435,11.763700000074095,False,False,2,3,True,True,1.0,0.0,0.0,0.0
455301,1,person,a photo of a person,0.0,0.3701678883279133,0.5633171237244898,0.40335063183257813,0.21143741452530052,15.636942513555649,16.185514738284496,42.242839010669826,0.3701678883279133,0.3831540473450733,0.491380737502631,16.66615724307087,0.48064250478637405,0.24667806432701328,19749,7135,0.39359454719387754,0.7346005058771016,False,0.2587316900623853,B_wrong_or_unconfirmed_target,peak_in_distractor,0.08965482518464839,0.2334495633840561,12.726499999871521,False,False,3,4,False,False,0.0,1.0,0.0,0.009570104815433692
455301,84,book,a photo of a book,1.0,0.6398891590685849,0.9532645089285714,0.778203151641157,0.5401960784313725,88.07439956036978,30.06167391031553,137.64008705596737,0.6398891590685849,0.21840783853974038,0.7455334934779606,34.246724919374486,4.185051009058952,0.14170300239167463,2878,24006,0.05735809948979592,0.10705252194613897,True,0.9606887232081002,C_good_localization,target_preferred,0.03007561372084101,0.21246850490570068,11.866000000054555,False,False,3,4,True,True,0.0,0.0,1.0,0.042738012508686585
197870,15,bench,a photo of a bench,0.0,0.24273543322138247,0.7202646683673469,0.2811951839076541,0.2807952449272392,117.25110193953151,2.6904010151551176,483.0407344468525,0.24273543322138247,0.005569718707545428,0.9775690570079607,2.699605632390927,0.009204617235809565,0.7516948480710721,8423,2646,0.16786910076530612,0.7609540157195772,True,0.9319293297896623,B_wrong_or_unconfirmed_target,peak_in_background,0.13658221846598995,0.19834955036640167,12.3403000000053,False,False,3,3,True,True,0.0,1.0,0.0,0.0007123352724682417
197870,16,bird,a photo of a bird,1.0,0.4060845711098307,0.8776307397959183,0.847357849182907,0.26511071214841414,74.07551780343056,18.863387893699873,182.41401686594958,0.4060845711098307,0.10340975007179407,0.7970345384184668,19.11894417163061,0.25555627793073654,0.49050567881837526,2215,8854,0.04414461096938776,0.20010841087722467,True,0.9401095369459528,A_correct_target_coarse_mask,target_preferred,0.07362272665375527,0.21157002449035645,12.16999999996915,False,False,3,3,True,True,1.0,0.0,0.0,0.002708803611738149
510329,1,person,a photo of a person,0.0,0.4931303831681802,0.8735849808673469,0.5443938214193049,0.46576265476290746,34.139895710279234,14.423174845323956,69.23097192053558,0.4931303831681802,0.208334137817379,0.7030011759900854,17.971471721109992,3.5482968757860363,0.2985354790144407,5605,1904,0.11170679209183673,0.7464376082034891,False,0.44569709506642946,B_wrong_or_unconfirmed_target,peak_in_distractor,0.07687079723447307,0.2235870659351349,18.722799999977724,False,False,3,4,True,False,0.0,1.0,0.0,0.07100802854594113
510329,28,umbrella,a photo of a umbrella,1.0,0.4476470278973576,0.8303770727040817,0.9070854607765318,0.17720417633410673,117.81631699419813,69.74176516315003,263.19021383341476,0.4476470278973576,0.2649861639889575,0.6281591048438948,87.57679809997592,17.835032936825883,0.28736680811368476,1860,5649,0.03706951530612245,0.24770275669196964,True,0.8368847656032722,A_correct_target_coarse_mask,target_preferred,0.042017056127396285,0.19181707501411438,12.51300000012634,False,False,3,4,True,True,1.0,0.0,0.0,0.21397849462365592
466602,35,skis,a photo of a skis,1.0,0.048866253386159506,0.6349449936224489,0.3861969166417111,0.03493150684931507,45.05620058439672,172.72168047715775,922.0310022204011,0.048866253386159506,0.18732741096689348,0.20689061884875937,182.0568840968316,9.335203619673848,0.763806335646947,663,12663,0.013213488520408163,0.04975236380009005,True,0.8328405055892436,B_wrong_or_unconfirmed_target,target_peak_distractor_energy,0.1638108625398887,0.19717352092266083,12.335799999846131,False,False,2,3,False,True,0.0,1.0,0.0,0.2549019607843137
466602,1,person,a photo of a person,1.0,0.607350152189595,0.8323301977040817,0.7027619925732431,0.5515936467327577,50.663008346557035,0.24267065843741875,83.41647427585016,0.607350152189595,0.002909145472091406,0.9952329354370343,0.4910155687102815,0.24834491027286276,0.3897407023383136,12832,494,0.2557397959183674,0.9629296112862075,True,0.8893466038046823,C_good_localization,target_preferred,0.08148360914410083,0.24158769845962524,12.050000000044747,False,False,2,3,True,True,0.0,0.0,1.0,0.013170199501246883
138954,67,dining table,a photo of a dining table,1.0,0.9964201742639636,0.46743463010204084,0.9977117848568431,0.4615539614733618,340.4731426158155,0.0,341.69635602502376,0.9964201742639636,0.0,0.999999999999997,38.94975692615844,38.94975692615844,0.0035798257360364575,49628,0,0.9890784438775511,1.0,False,0.999999999854238,A_correct_target_coarse_mask,target_preferred,0.2678211181800091,0.22651174664497375,11.901999999963664,False,False,2,2,True,False,1.0,0.0,0.0,0.17008543564117032
138954,53,apple,a photo of a apple,1.0,0.45823743997899447,0.8084343112244898,0.8295916898816651,0.444039562727746,195.67181638078182,230.08921166722223,427.00966640733543,0.45823743997899447,0.5388384146033225,0.4595813225975196,425.76102804800405,195.67181638078182,0.002924145417683056,8441,41187,0.16822783801020408,0.17008543564117032,True,0.8058072936620084,B_wrong_or_unconfirmed_target,target_peak_distractor_energy,0.13055955873043107,0.21893706917762756,11.646200000086537,False,False,2,2,False,True,0.0,1.0,0.0,1.0
415741,65,bed,a photo of a bed,1.0,0.24171612401011308,0.7038624043367347,0.8764631546655676,0.12916837601828518,79.03637576848269,68.5705732749775,326.98015530472395,0.24171612401011308,0.20970866935662885,0.5354515914099093,68.5705732749775,0.0,0.5485752066332581,2204,8042,0.04392538265306122,0.21510833495998438,True,0.8079040996533383,A_correct_target_coarse_mask,target_preferred,0.12176634197758396,0.21559719741344452,11.823499999991327,False,False,3,6,True,True,1.0,0.0,0.0,0.0
415741,62,chair,a photo of a chair,1.0,0.33105123519797597,0.7216398278061225,0.4528839006682306,0.3061944265063832,59.370928496005945,7.910198828525608,179.34060406239178,0.33105123519797597,0.044107127161084426,0.8824306437320599,7.910198828525608,0.0,0.6248416376409396,8042,2204,0.16027582908163265,0.7848916650400156,True,0.6728817433834424,A_correct_target_coarse_mask,target_preferred,0.0895427392202807,0.19994142651557922,11.904599999979837,False,False,3,6,True,True,1.0,0.0,0.0,0.0
531707,1,person,a photo of a person,1.0,0.23833115364879173,0.7579320790816326,0.237042273766723,0.13766418175363862,6.165269989873053,4.630831261179765,25.868502272926875,0.23833115364879173,0.17901427814884516,0.5710644839748289,4.781602643706492,0.1507713825267274,0.5826545682023632,3577,4031,0.0712890625,0.4701629863301788,True,0.6000529079085541,A_correct_target_coarse_mask,target_preferred,0.03383905137725094,0.23730526864528656,16.366799999786963,False,False,2,5,True,True,1.0,0.0,0.0,0.0273972602739726
531707,15,bench,a photo of a bench,1.0,0.4626098789844685,0.8258928571428571,0.8679551549923415,0.320525783619818,119.9286803721916,29.689655484686227,259.24366473855184,0.4626098789844685,0.11452413124397215,0.8015640575424685,31.32157037505749,1.631914890371263,0.42286598977155926,4129,3479,0.08229033801020408,0.5427181913774973,True,0.772908596260409,A_correct_target_coarse_mask,target_preferred,0.10031622455211488,0.22508816421031952,12.026899999909801,False,False,2,5,True,True,1.0,0.0,0.0,0.02373456042625333
562561,28,umbrella,a photo of a umbrella,1.0,0.13397649993815075,0.720085299744898,0.5316711393203191,0.071650472602287,15.433347905986011,23.368006920403957,115.19444016757194,0.13397649993815075,0.2028570726713095,0.3977528097933562,23.368006920403957,0.0,0.6631664273905398,1084,17739,0.021603954081632654,0.05758911969399139,True,0.9153104017244182,B_wrong_or_unconfirmed_target,target_peak_distractor_energy,0.07420219761086369,0.19827820360660553,11.864999999943393,False,False,2,3,False,True,0.0,1.0,0.0,0.0
562561,18,dog,a photo of a dog,1.0,0.7075142954263428,0.8383290816326531,0.8092900532209122,0.6377277599142551,256.05340982556936,1.553223836912366,361.90563424767765,0.7075142954263428,0.004291792362230496,0.9939705596287228,1.553223836912366,0.0,0.28819391221142665,17739,1084,0.35353555484693877,0.9424108803060086,True,0.9096973936021623,C_good_localization,target_preferred,0.1411411163618181,0.19806788861751556,11.759199999914927,False,False,2,3,True,True,0.0,0.0,1.0,0.0
80340,33,suitcase,a photo of a suitcase,1.0,0.32265492792334005,0.8665098852040817,0.8359811732777709,0.19135578896535071,118.85562063427642,78.65322253823041,368.36759754221225,0.32265492792334005,0.21351829819727106,0.6017736660553763,79.14617107173189,0.49294853350147605,0.4638267738793889,1593,17529,0.031748246173469385,0.08330718544085347,True,0.9432726280754361,A_correct_target_coarse_mask,target_preferred,0.06658908017972882,0.19716541469097137,12.26489999999103,False,False,7,20,True,True,1.0,0.0,0.0,0.020087884494664157
80340,1,person,a photo of a person,1.0,0.589958710736073,0.7692721619897959,0.7291056783084091,0.5071309974881859,90.0365370903528,4.915685625511401,152.61498042467588,0.589958710736073,0.03220971893999337,0.9482299046308575,7.848758943594589,2.9330733180831885,0.37783157032393355,16081,3041,0.320491868622449,0.8409685179374542,True,0.7759697191127864,C_good_localization,target_preferred,0.16779217903350432,0.23595771193504333,12.221400000044014,False,False,7,20,True,True,0.0,0.0,1.0,0.031030408556681797
1503,73,laptop,a photo of a laptop,1.0,0.27435659064669743,0.7184111926020408,0.6736735957029549,0.2175333665614443,91.94840677944012,130.60110484062898,335.1419645604455,0.27435659064669743,0.38968890396020234,0.41315932850219733,130.6122425941212,0.011137753492221236,0.33595450539310023,4265,10820,0.08500079719387756,0.28273118992376534,True,0.6410752388374124,B_wrong_or_unconfirmed_target,target_peak_distractor_energy,0.16810450007690986,0.23630507290363312,12.023199999930512,False,False,4,5,False,True,0.0,1.0,0.0,0.0009378663540445487
1503,72,tv,a photo of a tv,1.0,0.40430004382084606,0.7534478635204082,0.5447757943237381,0.2911820317423939,40.711666269007424,13.806624089675857,100.69666548700062,0.40430004382084606,0.13711103563263688,0.7467524385148372,13.806624089675857,0.0,0.4585889205465172,7357,7728,0.14662388392857142,0.4877030162412993,True,0.7559429800477144,A_correct_target_coarse_mask,target_preferred,0.10034876712471838,0.2433147132396698,11.942900000121881,False,False,4,5,True,True,1.0,0.0,0.0,0.0
53529,18,dog,a photo of a dog,1.0,0.4469904041120975,0.8049266581632653,0.9050055436581085,0.21658396030094446,134.66469997167587,114.91317546708731,301.26977835055334,0.4469904041120975,0.3814294818957112,0.539569862652817,249.5778754387632,134.66469997167587,0.17158011399219125,2750,32530,0.054807079081632654,0.07794784580498866,True,0.932715665700549,A_correct_target_coarse_mask,target_preferred,0.06548470940663105,0.21294718980789185,12.323799999876428,False,False,3,3,True,True,1.0,0.0,0.0,1.0
53529,8,truck,a photo of a truck,0.0,0.8089937362053548,0.5809351084183674,0.8107678666715454,0.4380211674150096,298.5824863233873,0.0,369.078860516165,0.8089937362053548,0.0,0.9999999999999966,31.834168206789897,31.834168206789897,0.19100626379464528,35280,0,0.703125,1.0,False,0.9999999998818416,B_wrong_or_unconfirmed_target,peak_in_background,0.13314163829440376,0.1957150250673294,12.178800000128831,False,False,3,3,True,False,0.0,1.0,0.0,0.21964285714285714
313130,82,refrigerator,a photo of a refrigerator,1.0,0.5139415990117646,0.7414102359693877,0.583586840060932,0.4547173776003362,326.0000530121324,38.59837065110435,634.3134193437219,0.5139415990117646,0.06085062915906664,0.8941345651928632,38.59837065110435,0.0,0.42520777182916875,16447,3512,0.32778619260204084,0.8240392805250764,True,0.6433032077741524,A_correct_target_coarse_mask,target_preferred,0.2385352869912354,0.2097196877002716,11.999700000160374,False,False,3,4,True,True,1.0,0.0,0.0,0.0
313130,62,chair,a photo of a chair,1.0,0.07669531187915095,0.5741191007653061,0.4544901375041559,0.04696280438854696,11.41505386820063,32.884250320299415,148.83639675639324,0.07669531187915095,0.22094226302805786,0.2576802068860414,32.884250320299415,0.0,0.7023624250927912,1079,18880,0.021504304846938774,0.05406082469061576,True,0.8586360830183358,B_wrong_or_unconfirmed_target,target_peak_distractor_energy,0.1575971129793934,0.20303325355052948,11.664999999993597,False,False,3,4,False,True,0.0,1.0,0.0,0.0
559547,39,baseball bat,a photo of a baseball bat,0.0,0.041127912937219,0.7137276785714286,0.0846902760517495,0.02847480554616165,6.568390004220419,99.65333733807798,159.70637786184153,0.041127912937219,0.6239784451456653,0.061836595662333654,99.71476284177056,0.0614255036925897,0.3348936419171156,503,27850,0.010024713010204082,0.01774062709413466,True,0.7849195844135204,B_wrong_or_unconfirmed_target,peak_in_distractor,0.08297063855774958,0.21810869872570038,12.650600000142731,False,False,4,6,False,True,0.0,1.0,0.0,0.0636182902584493
559547,1,person,a photo of a person,1.0,0.5694114794970456,0.45137117346938777,0.5602710108092892,0.2115709580409566,30.199974147555693,0.18921441783822956,53.03717124605737,0.5694114794970456,0.0035675812527858983,0.9937736271755971,1.0725162258131604,0.8833018079749309,0.4270209392501685,27876,477,0.5555644132653061,0.9831763834514866,True,0.7319837291921255,A_correct_target_coarse_mask,target_preferred,0.07110706764836089,0.23469534516334534,18.502199999829827,False,False,4,6,True,True,1.0,0.0,0.0,0.01467211938585163
334555,21,cow,a photo of a cow,1.0,0.8062114380202263,0.9030811543367347,0.9256630741043644,0.6949375823348598,388.25080365961185,12.57147063781349,481.57441751635304,0.8062114380202263,0.02610493867728469,0.9686357983476588,14.229335746037123,1.657865108223632,0.16768362330248893,12652,2344,0.25215242346938777,0.8436916511069619,True,0.8512280008009511,C_good_localization,target_preferred,0.12532599930031993,0.20195941627025604,11.806499999920561,False,False,6,20,True,True,0.0,0.0,1.0,0.0062440720834650645
334555,3,car,a photo of a car,0.0,0.27492281008135605,0.8505261479591837,0.5133425426105018,0.12054409005628518,26.082120200851932,25.0784140145891,94.87070277338438,0.27492281008135605,0.2643430825477637,0.5098093794528721,25.819596789825766,0.7411827752366662,0.4607341073708803,1028,13968,0.020487882653061226,0.06855161376367032,True,0.9339120837226929,B_wrong_or_unconfirmed_target,peak_in_background,0.032770412606911076,0.2301986813545227,11.842400000205089,False,False,6,20,True,True,0.0,1.0,0.0,0.042801556420233464
123321,56,broccoli,a photo of a broccoli,1.0,0.5681361106896603,0.7936862244897959,0.7278506939567475,0.5192495239864394,451.18101525052043,323.2415476701158,794.1424717799259,0.5681361106896603,0.4070321877453911,0.5826031379418337,774.4225629206362,451.18101525052043,0.024831701564948575,14709,30669,0.293148118622449,0.3241438582573053,True,0.7442661748786569,C_good_localization,target_preferred,0.12726765664083722,0.20154781639575958,17.555099999981394,False,False,3,21,True,True,0.0,0.0,1.0,1.0
123321,51,bowl,a photo of a bowl,1.0,0.8890264110712873,0.41372369260204084,0.8722648699102732,0.3854044793581815,291.84425963592594,0.0,328.27400401327805,0.8890264110712873,0.0,0.9999999999999964,68.17922754582833,68.17922754582833,0.11097358892871272,45378,0,0.9043765943877551,1.0,False,0.9999999998445129,A_correct_target_coarse_mask,target_preferred,0.23030408619900747,0.22793234884738922,12.100899999950343,False,False,3,21,True,False,1.0,0.0,0.0,0.33721186478029
295809,3,car,a photo of a car,1.0,0.10024214247451954,0.7448182397959183,0.5039592650980224,0.04118616144975288,6.459744518604566,26.91589226569863,64.44140517294473,0.10024214247451954,0.41768009548306806,0.1935467047520854,26.91589226569863,0.0,0.48207776204241237,654,7213,0.013034119897959183,0.0831320706749714,True,0.7257978146637446,B_wrong_or_unconfirmed_target,target_peak_distractor_energy,0.0576785681897297,0.22240561246871948,12.208300000111194,False,False,5,20,False,True,0.0,1.0,0.0,0.0
295809,2,bicycle,a photo of a bicycle,1.0,0.5557178465973609,0.8836296237244898,0.6921090024648912,0.5282378605477902,328.69116641324945,1.86473295452015,591.47131665073,0.5557178465973609,0.0031527022562639236,0.9943587969293917,1.86473295452015,0.0,0.4411294511463754,6915,952,0.13781489158163265,0.8789881784670142,True,0.9604226909831672,C_good_localization,target_preferred,0.10579068046204844,0.20935168862342834,12.477099999841812,False,False,5,20,True,True,0.0,0.0,1.0,0.0
304180,1,person,a photo of a person,0.0,0.31566578899998676,0.7456752232142857,0.3812315717138025,0.2838945005611672,42.052686548157,1.4999720349733252,133.2190183845319,0.31566578899998676,0.011259443682760896,0.9655595758382637,1.7122552211221773,0.2122831861488521,0.6730747673172524,6294,629,0.12543845663265307,0.9091434349270547,True,0.7369655214028524,B_wrong_or_unconfirmed_target,peak_in_background,0.11776706553122625,0.24445891380310059,11.980099999846061,False,False,2,5,True,True,0.0,1.0,0.0,0.004766444232602479
304180,41,skateboard,a photo of a skateboard,1.0,0.1627767306924431,0.8339644451530612,0.4500112808952905,0.07330367074527253,56.01581430248916,35.86783462549829,344.1266700971387,0.1627767306924431,0.10422858134004453,0.6096385478377135,38.124107336358065,2.2562727108597755,0.7329946879675123,659,6264,0.01313376913265306,0.09518994655496173,True,0.9368874684765119,A_correct_target_coarse_mask,target_preferred,0.05544906663524178,0.20446191728115082,11.743300000034651,False,False,2,5,True,True,1.0,0.0,0.0,0.04552352048558422
534041,62,chair,a photo of a chair,0.0,0.03290590292961446,0.6003467793367347,0.0892977900986351,0.022996345919610233,5.009596406016499,77.44295766966995,152.24005299997378,0.03290590292961446,0.508689770816641,0.06075732234344047,81.28207469842043,3.839117028750479,0.4584043262537444,574,31955,0.011439732142857142,0.017645792984721326,True,0.78266558571844,B_wrong_or_unconfirmed_target,peak_in_background,0.1545336022611083,0.20970216393470764,11.834000000135347,False,False,8,15,False,True,0.0,1.0,0.0,0.5749128919860628
534041,1,person,a photo of a person,1.0,0.7185730863096895,0.6836535395408163,0.6656935216826873,0.3897816392434261,56.818021836359364,5.307470105685155,79.07062332121916,0.7185730863096895,0.06712316006570367,0.9145685621187951,5.627668030609669,0.32019792492451415,0.2143037536246068,21624,10905,0.4309630102040816,0.6647606750899198,True,0.8437179498770883,A_correct_target_coarse_mask,target_preferred,0.09799521573401607,0.2423599511384964,11.633299999857627,False,False,8,15,True,True,1.0,0.0,0.0,0.03477617462079171
314264,1,person,a photo of a person,1.0,0.8303780698806182,0.7909159757653061,0.8137384873292353,0.5302887844190732,48.4763172543458,2.061697478001861,58.37860971125495,0.8303780698806182,0.035315974261791665,0.9592050164827073,3.1101872981450214,1.0484898201431605,0.1343059558575901,19817,5606,0.3949497767857143,0.7794910120756795,True,0.8693067416996001,C_good_localization,target_preferred,0.07331648778483288,0.24683330953121185,12.513099999978294,False,False,3,5,True,True,0.0,0.0,1.0,0.14265529595801585
314264,64,potted plant,a photo of a potted plant,1.0,0.36954587977693165,0.7588887117346939,0.45835871631073216,0.3319343972610304,83.26644138085658,46.14187058480822,225.32098431490715,0.36954587977693165,0.20478283780404863,0.6434396687204187,89.8609151118035,43.719044526995276,0.4256712824190197,8363,17060,0.16667330994897958,0.32895409668410497,True,0.7863804597447601,A_correct_target_coarse_mask,target_preferred,0.14964310112769177,0.2076418250799179,15.002599999888844,False,False,3,5,True,True,1.0,0.0,0.0,0.455219418868827
547854,67,dining table,a photo of a dining table,0.0,0.07020367988772555,0.6252391581632653,0.11922370896372018,0.06730816923763702,16.15267973646405,68.19339106908389,230.08309197319147,0.07020367988772555,0.29638592946686215,0.19150482745903327,68.43342312356778,0.24003205448389053,0.6334103906454124,1482,24692,0.029536033163265307,0.056621074348590206,True,0.797836205293501,B_wrong_or_unconfirmed_target,peak_in_distractor,0.1982671735225823,0.2161252647638321,12.44330000008631,False,False,3,5,False,True,0.0,1.0,0.0,0.0155195681511471
547854,1,person,a photo of a person,0.0,0.3763387293536311,0.5301339285714286,0.3821225012328554,0.20731625311008003,27.1732094613063,14.735851756176544,72.20412713827461,0.3763387293536311,0.20408600367062993,0.6483850669021914,14.744243491640646,0.008391735464101657,0.419575266975739,18865,7309,0.3759765625,0.7207534194238557,False,0.41671976807039673,B_wrong_or_unconfirmed_target,peak_in_background,0.07057804499432846,0.22998996078968048,12.135399999806395,False,False,3,5,True,False,0.0,1.0,0.0,0.001219188974291015
578792,4,motorcycle,a photo of a motorcycle,1.0,0.6370940181901276,0.8219666772959183,0.7575991893079544,0.5357551190104979,440.99088802672725,44.61536202183561,692.1912236431054,0.6370940181901276,0.06445525527905181,0.9081244073415966,47.36040970263639,2.7450476808007807,0.2984507265308207,14052,4596,0.28005420918367346,0.7535392535392536,True,0.763753185556159,C_good_localization,target_preferred,0.1358492778789726,0.19946646690368652,12.427399999978661,False,False,2,2,True,True,0.0,0.0,1.0,0.024765157984628524
578792,1,person,a photo of a person,0.0,0.1913731746158306,0.701171875,0.19941200837920786,0.13663845223700122,6.746738809239503,11.499917426337475,35.2543600887802,0.1913731746158306,0.3261984446002569,0.36975206427599994,11.849507701774115,0.3495902754366398,0.48242838078391265,4944,13704,0.09853316326530612,0.2651222651222651,True,0.6192184891837494,B_wrong_or_unconfirmed_target,peak_in_distractor,0.08686148402492604,0.2355046421289444,17.024800000172036,False,False,2,2,False,True,0.0,1.0,0.0,0.0703883495145631
463690,37,sports ball,a photo of a sports ball,1.0,0.28785344752226916,0.8531768176020408,0.9255296307740183,0.08427594779366065,70.13906225934625,53.24474889678862,243.66240134719976,0.28785344752226916,0.21851852646284578,0.5684624392951266,53.24474889678862,0.0,0.49362802601488504,678,10307,0.013512436224489796,0.06172052799271734,True,0.9524389542130641,A_correct_target_coarse_mask,target_preferred,0.03548059104183181,0.2321983128786087,11.934999999994034,False,False,3,6,True,True,1.0,0.0,0.0,0.0
463690,1,person,a photo of a person,1.0,0.3929369600932756,0.7382015306122449,0.4003333677063312,0.3456212015542493,23.425546298338475,1.406429877053597,59.61655094185517,0.3929369600932756,0.023591265426027533,0.943362144554235,1.5423509443498915,0.1359210672962945,0.5834717744806969,10307,678,0.2054169323979592,0.9382794720072827,True,0.5228194840047733,A_correct_target_coarse_mask,target_preferred,0.11585368201172683,0.24521565437316895,11.71040000008361,False,False,3,6,True,True,1.0,0.0,0.0,0.009702144173862424
224337,1,person,a photo of a person,0.0,0.645976543889445,0.5394610969387755,0.6915039280635991,0.32665073722244886,54.670153679951675,20.186602301546372,84.6317938276535,0.645976543889445,0.238522680290281,0.7303302549400281,21.834289479185827,1.6476871776394546,0.11550077582027397,30539,2352,0.6086375956632653,0.9284910765863003,False,0.17258168433830215,B_wrong_or_unconfirmed_target,peak_in_distractor,0.11430660135114513,0.23740574717521667,12.03229999987343,False,False,2,5,True,False,0.0,1.0,0.0,0.007138413176593863
224337,59,pizza,a photo of a pizza,1.0,0.3853488059956325,0.8487324617346939,0.7749980536639892,0.25287922039570826,61.06414007162675,68.2467099720854,158.46458876096492,0.3853488059956325,0.4306748309240987,0.4722275048921587,72.24939188354273,4.00268191145733,0.18397636308026888,2570,30321,0.05121970663265306,0.07813687634915327,True,0.9134676953637869,B_wrong_or_unconfirmed_target,target_peak_distractor_energy,0.05898006647690212,0.19733983278274536,11.849600000005012,False,False,2,5,False,True,0.0,1.0,0.0,0.08482490272373541
66231,1,person,a photo of a person,0.0,0.2827166420921797,0.7755699936224489,0.1861731295314727,0.13296889436402834,3.935682788861641,0.047399221082969234,13.920944871644352,0.2827166420921797,0.0034048853378851433,0.9880998631297033,0.047399221082969234,0.0,0.7138784725699352,6779,5073,0.1351044323979592,0.5719709753628079,True,0.9841613471684666,B_wrong_or_unconfirmed_target,peak_in_background,0.019185857650571805,0.22624999284744263,12.059700000008888,False,False,9,26,True,True,0.0,1.0,0.0,0.0001475143826523086
66231,81,sink,a photo of a sink,0.0,0.0998785896211132,0.6449896364795918,0.20922560876370477,0.10392876905276925,22.936909429205116,48.533304815443614,229.64791069052615,0.0998785896211132,0.21133788968299025,0.32092963021895765,48.533304815443614,0.0,0.6887835206958965,2151,9701,0.042869100765306124,0.18148835639554506,True,0.6806571072842169,B_wrong_or_unconfirmed_target,peak_in_distractor,0.17482816053095926,0.21665582060813904,12.172599999985323,False,False,9,26,False,True,0.0,1.0,0.0,0.0
479155,31,handbag,a photo of a handbag,0.0,0.06005600338800774,0.7297712053571429,0.11670391759870564,0.05413324032089292,7.769650153117254,55.79948817465233,129.37341339415093,0.06005600338800774,0.43130568105714884,0.12222361915708133,55.79948817465233,0.0,0.5086383155548434,776,27826,0.015465561224489796,0.027130969862247396,True,0.833138259087609,B_wrong_or_unconfirmed_target,peak_in_background,0.07460737215507174,0.21460117399692535,12.237700000014229,False,False,5,19,False,True,0.0,1.0,0.0,0.0
479155,53,apple,a photo of a apple,1.0,0.30122174320334194,0.7715640943877551,0.72849180467395,0.18239532063627933,81.39426808315329,84.04129153739228,270.2137874164266,0.30122174320334194,0.3110177772234701,0.49199983528235597,86.46231677678912,2.4210252393968403,0.38776047957318793,2711,25891,0.054029815051020405,0.09478358156772254,True,0.9024347018855907,B_wrong_or_unconfirmed_target,target_peak_distractor_energy,0.06755602352533019,0.19793303310871124,18.66210000002866,False,False,5,19,False,True,0.0,1.0,0.0,0.0383622279601623
214192,4,motorcycle,a photo of a motorcycle,1.0,0.23693553867025535,0.8165656887755102,0.46198617669726544,0.15876062517137374,100.50500463834032,68.56490842300377,424.1871236472202,0.23693553867025535,0.16163835392614728,0.5944582499541076,76.72779604467473,8.162887621670961,0.6014261074035974,1791,6092,0.03569435586734694,0.22719776734745656,True,0.8329428371657673,A_correct_target_coarse_mask,target_preferred,0.07264403746742186,0.21738281846046448,19.255500000099346,False,False,2,4,True,True,1.0,0.0,0.0,0.08207705192629816
214192,1,person,a photo of a person,1.0,0.2963483229740665,0.7335778061224489,0.2527088053727995,0.1650740116170133,3.6611224536861187,0.07130079411041379,12.354119020968795,0.2963483229740665,0.0057714187462006876,0.9808969161915151,0.09079512462091088,0.019494330510497093,0.6978802582797329,6239,1644,0.1243423150510204,0.7914499556006597,True,0.9311781900907514,A_correct_target_coarse_mask,target_preferred,0.03786457303677079,0.23050661385059357,22.64869999999064,False,False,2,4,True,True,1.0,0.0,0.0,0.023561468184003845
344795,61,cake,a photo of a cake,0.0,0.2830093031065158,0.6825773278061225,0.4063468303914037,0.2533402090853687,76.06160392044694,189.93083495980454,268.7600834514608,0.2830093031065158,0.7066928709080672,0.2859540077178255,265.9924388802515,76.06160392044694,0.010297825985417031,6957,37674,0.13865194515306123,0.15587820125025206,True,0.684408318330205,B_wrong_or_unconfirmed_target,peak_in_distractor,0.1608640245216641,0.21341191232204437,19.064399999933812,False,False,2,2,False,True,0.0,1.0,0.0,1.0
344795,79,oven,a photo of a oven,1.0,0.9592715739046684,0.5322265625,0.9739643965496535,0.4772256498207007,721.3229951602698,0.0,751.9486814606207,0.9592715739046684,0.0,0.9999999999999986,106.13595063332468,106.13595063332468,0.0407284260953316,44631,0,0.8894889987244898,1.0,False,0.9999999999381263,A_correct_target_coarse_mask,target_preferred,0.2590892619421442,0.19835223257541656,19.48139999990417,False,False,2,2,True,False,1.0,0.0,0.0,0.15587820125025206
189213,82,refrigerator,a photo of a refrigerator,0.0,0.19698782100521015,0.6900310905612245,0.3120249159384832,0.1560125895376601,23.129186920699794,3.3901595366011748,117.41429902962402,0.19698782100521015,0.028873481037823393,0.872162779649922,3.3901595366011748,0.0,0.7741386979569664,4223,2618,0.08416374362244898,0.6173074111971933,True,0.8087770446545275,B_wrong_or_unconfirmed_target,peak_in_background,0.11805007504087678,0.2357311099767685,19.595100000060484,False,False,2,3,True,True,0.0,1.0,0.0,0.0
189213,62,chair,a photo of a chair,1.0,0.3569087645034158,0.812141262755102,0.739172807650748,0.21704460503364068,48.17246656189673,10.437901427207052,134.97137462825094,0.3569087645034158,0.07733418627435605,0.8219103243107366,10.437901427207052,0.0,0.565757049222228,2618,4223,0.05217633928571429,0.3826925888028066,True,0.8815801104728818,A_correct_target_coarse_mask,target_preferred,0.06641477179397388,0.2252296656370163,19.753799999989496,False,False,2,3,True,True,1.0,0.0,0.0,0.0
410456,1,person,a photo of a person,0.0,0.046828471883229195,0.6303013392857143,0.09238337952554711,0.03636363636363636,1.6755451070825416,0.23388185427095465,35.7804779805896,0.046828471883229195,0.006536577135661302,0.8775120185241099,0.23666429134275546,0.002782437071800814,0.9466349509811095,6078,1199,0.12113360969387756,0.8352342998488388,True,0.5856205400337265,B_wrong_or_unconfirmed_target,peak_in_background,0.061172843832088694,0.23585669696331024,19.71060000005309,False,False,2,11,True,True,0.0,1.0,0.0,0.003948667324777887
410456,42,surfboard,a photo of a surfboard,1.0,0.15175739748290723,0.7741749043367347,0.43841625377577137,0.09068293074392103,33.95093036687467,21.374198910438167,223.71845412477268,0.15175739748290723,0.0955406159677704,0.6136620159836899,21.811610730488496,0.43741182005032897,0.7527019865493224,1223,6054,0.024374202806122448,0.16806376253950803,True,0.8871689704695425,A_correct_target_coarse_mask,target_preferred,0.0772252741494406,0.2096245288848877,19.56530000006751,False,False,2,11,True,True,1.0,0.0,0.0,0.019623875715453803
191580,54,sandwich,a photo of a sandwich,0.0,0.07679367584141811,0.5444435586734694,0.07522838635617687,0.0720954777949176,17.7671303424504,212.15768678754466,231.36189468440352,0.07679367584141811,0.9169949402296563,0.07727365216258987,229.92481712999506,17.7671303424504,0.006211383928925512,3935,45844,0.07842394770408163,0.07904939834066574,False,0.4938387576266164,B_wrong_or_unconfirmed_target,peak_in_distractor,0.2555892555381136,0.20927537977695465,19.660400000020672,False,False,7,9,False,False,0.0,1.0,0.0,1.0
191580,49,knife,a photo of a knife,1.0,0.08389684689686952,0.5996691645408163,0.4781039705054299,0.05606203007518797,18.29770892416127,198.16754558673694,218.0976949783797,0.08389684689686952,0.9086182483789272,0.08452954246862729,216.4652545108982,18.29770892416127,0.007484904724203194,1381,48398,0.02752311862244898,0.02774262239096808,True,0.7639238357219499,B_wrong_or_unconfirmed_target,target_peak_distractor_energy,0.13575464419014305,0.22116902470588684,19.790600000078484,False,False,7,9,False,True,0.0,1.0,0.0,1.0
357888,1,person,a photo of a person,1.0,0.41744315905392126,0.7618383290816326,0.49473318952075884,0.3189330901630001,37.723453463313035,8.451975502787093,90.36788038114737,0.41744315905392126,0.09352853543912878,0.8169594589149791,8.602500237772176,0.15052473498508334,0.4890283055069499,7855,4766,0.15654894770408162,0.6223754060692497,True,0.7303184618995158,A_correct_target_coarse_mask,target_preferred,0.08509322884407758,0.24232499301433563,19.917500000019572,False,False,9,36,True,True,1.0,0.0,0.0,0.003946530872056015
357888,38,kite,a photo of a kite,1.0,0.26072718533211,0.7758091517857143,0.4174389199255726,0.19844662961379506,78.8152636243467,29.58401694785732,302.2901640423614,0.26072718533211,0.09786629029620549,0.7270829032103001,30.21096567049551,0.6269487226381898,0.6414065243716847,3258,9363,0.06493144132653061,0.2581411932493463,True,0.8844767759586806,A_correct_target_coarse_mask,target_preferred,0.0602072627058755,0.2108980417251587,19.7168000001966,False,False,9,36,True,True,1.0,0.0,0.0,0.008287292817679558
191672,42,surfboard,a photo of a surfboard,1.0,0.08489711461958548,0.7273995535714286,0.4668629234711687,0.03533394456590733,48.42103416612372,37.46235204639379,570.3495858851386,0.08489711461958548,0.06568314060972817,0.5637997789969044,47.84250280086417,10.380150754470378,0.8494197447706864,508,1404,0.01012436224489796,0.26569037656903766,True,0.7812895240884439,A_correct_target_coarse_mask,target_preferred,0.07826403119133186,0.2163945436477661,20.918000000165193,False,False,2,2,True,True,1.0,0.0,0.0,0.328740157480315
191672,1,person,a photo of a person,1.0,0.23782573761880899,0.8301179846938775,0.507105313425341,0.15562159484893512,9.919812077539973,2.6642173775471747,41.71042283673944,0.23782573761880899,0.06387413975579444,0.7882858279173097,4.0685862195678055,1.4043688420206308,0.6983001226253966,1571,341,0.03130978954081633,0.821652719665272,False,0.4469599246523925,A_correct_target_coarse_mask,target_preferred,0.08221014755206969,0.22912569344043732,19.645500000024185,False,False,2,2,True,False,1.0,0.0,0.0,0.10630171865054105
521141,3,car,a photo of a car,1.0,0.29431518530764433,0.8497090242346939,0.4814540732762394,0.19261241970021414,22.569887164117972,1.1117369173285283,76.68611166129918,0.29431518530764433,0.014497239372870478,0.9530548701598351,1.1143993015417095,0.0026623842131812125,0.6911875753194852,1918,4416,0.03822544642857143,0.3028102305020524,True,0.9790541073613981,A_correct_target_coarse_mask,target_preferred,0.05606829569130321,0.22310100495815277,19.72309999996469,False,False,2,14,True,True,1.0,0.0,0.0,0.0031282586027111575
521141,1,person,a photo of a person,0.0,0.2822977339856304,0.7697305484693877,0.3431489454540566,0.26007044508485433,7.02122811933441,2.374664743338599,24.871712642552794,0.2822977339856304,0.09547652698736177,0.7472656640463453,2.3779851715903533,0.0033204282517544925,0.6222257390270078,4422,1912,0.08812978316326531,0.6981370382065045,True,0.5611029717025421,B_wrong_or_unconfirmed_target,peak_in_background,0.08718033964815577,0.23802269995212555,19.71400000002177,False,False,2,14,True,True,0.0,1.0,0.0,0.0013568521031207597
329455,67,dining table,a photo of a dining table,1.0,0.8461900129714515,0.6018415178571429,0.8976771522934025,0.47252805280528054,264.5204672662294,40.93162470001539,312.60173626647816,0.8461900129714515,0.13093857119566069,0.8659965808826754,181.18112142285668,140.2494967228413,0.0228714158328879,35986,12120,0.7171954719387755,0.7480563755040951,True,0.6851933998289952,A_correct_target_coarse_mask,target_preferred,0.19879005934552516,0.22919337451457977,23.478000000068278,False,False,5,13,True,True,1.0,0.0,0.0,0.4925248707830823
329455,47,cup,a photo of a cup,1.0,0.30803094055281405,0.7578523596938775,0.5454069917093888,0.2293543067360142,28.35420483636699,62.298916611231014,92.04985961955813,0.30803094055281405,0.6767953462255379,0.3127769279600241,89.7396976905292,27.440781079298176,0.015173713221647912,3904,44202,0.0778061224489796,0.08115411798943999,True,0.8374804570633115,B_wrong_or_unconfirmed_target,target_peak_distractor_energy,0.09850478767613781,0.2171877771615982,19.538099999863334,False,False,5,13,False,True,0.0,1.0,0.0,0.9777151639344263
18770,1,person,a photo of a person,1.0,0.8466726356506615,0.5232182716836735,0.8077166598711296,0.30597621119814333,79.70120006315638,0.0,94.1346120179101,0.8466726356506615,0.0,0.9999999999999876,1.481004089068847,1.481004089068847,0.15332736434933852,32176,0,0.6412627551020408,1.0,False,0.9999999995962922,A_correct_target_coarse_mask,target_preferred,0.119646276847758,0.24484221637248993,20.66289999993387,False,False,2,2,True,False,1.0,0.0,0.0,0.04683615116857285
18770,32,tie,a photo of a tie,1.0,0.14416044567723107,0.6898716517857143,0.7326523215319987,0.08797327394209355,40.017246783711016,218.90296332949885,277.5882565825849,0.14416044567723107,0.7885887033710783,0.15455435775451357,258.92021011320986,40.017246783711016,0.06725085095169042,1507,30669,0.030034279336734693,0.04683615116857285,True,0.7881505829962001,B_wrong_or_unconfirmed_target,target_peak_distractor_energy,0.14957433884086574,0.23877806961536407,22.804599999972197,False,False,2,2,False,True,0.0,1.0,0.0,1.0
568981,1,person,a photo of a person,1.0,0.36204579831078604,0.8739835778061225,0.4318047115564837,0.32301927194860813,28.818993074062746,1.1907628077315167,79.60040748580667,0.36204579831078604,0.014959255176474295,0.9603208099251862,3.9570099194534123,2.7662471117218956,0.6229949465127398,3169,242,0.0631576849489796,0.9290530636177075,True,0.648899854796927,A_correct_target_coarse_mask,target_preferred,0.03161910288244095,0.2357127070426941,21.48540000007415,False,False,3,4,True,True,1.0,0.0,0.0,0.12243609971599874
568981,27,backpack,a photo of a backpack,0.0,0.06733769320929785,0.8014987244897959,0.0983164831237083,0.059490084985835696,5.506041225045919,26.45400122454157,81.76759497733516,0.06733769320929785,0.32352671289738005,0.1722789083816381,30.20037299062824,3.7463717660866678,0.6091355938933223,630,2781,0.012555803571428572,0.18469656992084432,False,0.4788337838534722,B_wrong_or_unconfirmed_target,peak_in_distractor,0.04162015304100857,0.21944023668766022,19.696300000077827,False,False,3,4,False,False,0.0,1.0,0.0,0.6158730158730159
456015,1,person,a photo of a person,1.0,0.17540639959745258,0.8282844387755102,0.15247854178048798,0.10982539518545305,3.906318984765562,1.9844218258495232,22.270105273982793,0.17540639959745258,0.08910698002706965,0.6631286472026968,2.8221778343413746,0.8377560084918514,0.7354866203754777,1930,5298,0.03846460459183673,0.2670171555063641,True,0.8438394068986588,A_correct_target_coarse_mask,target_preferred,0.03962547320660684,0.2210831195116043,20.207499999969514,False,False,2,8,True,True,1.0,0.0,0.0,0.12176165803108809
456015,19,horse,a photo of a horse,1.0,0.6558637015110788,0.9077646683673469,0.7983990626659798,0.5250410509031199,178.9159729587019,5.997157468360456,272.7944427271825,0.6558637015110788,0.021984162904513858,0.967567703523753,11.84132817237878,5.844170704018325,0.3221521355844074,5533,1695,0.1102718431122449,0.7654952960708357,True,0.9013738131754617,C_good_localization,target_preferred,0.0703018747651305,0.20101238787174225,23.469499999919208,False,False,2,8,True,True,0.0,0.0,1.0,0.04247243809868064
559842,1,person,a photo of a person,0.0,0.18469225752197638,0.474788743622449,0.2286013396546634,0.09706708695950113,10.504146731747426,0.4146515357082734,56.873779511290806,0.18469225752197638,0.007290732904887307,0.9620240684412006,0.4315962634376973,0.016944727729423903,0.8080170095731363,13908,1058,0.2771843112244898,0.9293064279032474,True,0.6583619487541825,B_wrong_or_unconfirmed_target,peak_in_background,0.08903805265730572,0.23014703392982483,19.888399999899775,False,False,4,18,True,True,0.0,1.0,0.0,0.00639919470808168
559842,62,chair,a photo of a chair,1.0,0.08792339777297906,0.7095623405612245,0.18788436497502048,0.052409129332206254,11.02145099407062,24.736534153691387,125.35287845140321,0.08792339777297906,0.1973351905379759,0.3082234904602871,24.822987264136678,0.0864531104452908,0.7147414116890451,816,14150,0.016262755102040817,0.05452358679673928,True,0.8854026410918653,B_wrong_or_unconfirmed_target,target_peak_distractor_energy,0.06691589658927515,0.19789209961891174,20.282500000121217,False,False,4,18,False,True,0.0,1.0,0.0,0.024509803921568627
495732,1,person,a photo of a person,1.0,0.6486954207572229,0.5516183035714286,0.6160112733613148,0.30132604577497596,35.807213587917225,1.9275458570768222,55.19880739426128,0.6486954207572229,0.03492006345914674,0.9489185598257872,2.3076840518346415,0.3801381947578193,0.3163845157836304,26381,2785,0.5257692920918368,0.9045121031337859,True,0.6622876701673233,A_correct_target_coarse_mask,target_preferred,0.10135071156951136,0.2442396879196167,20.957700000053592,False,False,3,6,True,True,1.0,0.0,0.0,0.020431371062507107
495732,63,couch,a photo of a couch,1.0,0.20767453323834484,0.6950733418367347,0.45993082492531145,0.12865197334700154,27.95274468225034,59.376603168623674,134.59880827164017,0.20767453323834484,0.4411376588772834,0.32008420273540683,61.19215073472061,1.8155475660969387,0.3511878078843718,3227,25939,0.06431361607142858,0.11064252897209079,True,0.7909745612450007,B_wrong_or_unconfirmed_target,target_peak_distractor_energy,0.08602363807957883,0.20000086724758148,20.41559999997844,False,False,3,6,False,True,0.0,1.0,0.0,0.14099783080260303
368335,19,horse,a photo of a horse,1.0,0.7079569428560853,0.9265385841836735,0.9458001950570648,0.5668625146886016,309.9488323429032,29.113209901160495,437.8074619799443,0.7079569428560853,0.0664977471363751,0.9141360392084079,29.46236525690741,0.34915535574691603,0.22554531000753963,4838,20056,0.09642059948979592,0.19434401863902948,True,0.9778440075236556,C_good_localization,target_preferred,0.09015711187755768,0.198568195104599,20.557099999905404,False,False,3,6,True,True,0.0,0.0,1.0,0.0031004547333608927
368335,3,car,a photo of a car,1.0,0.6418585067916134,0.7656449298469388,0.722474247157896,0.5547688463140358,198.96467164132628,34.6284257946721,309.98213708480523,0.6418585067916134,0.11171103638529473,0.8517574955134934,100.49072967374045,65.86230387906835,0.246430456823092,19734,5160,0.3932955994897959,0.7927211376235237,True,0.6003793355055088,C_good_localization,target_preferred,0.17398061042235957,0.20862247049808502,19.70349999987775,False,False,3,6,True,True,0.0,0.0,1.0,0.4792743488395662
242946,62,chair,a photo of a chair,1.0,0.1168421485368393,0.6770169005102041,0.29498788951705873,0.0771596150560902,9.488312012705137,55.53201226139583,81.20624390703972,0.1168421485368393,0.6838391925252165,0.14592840190562378,56.06500965380484,0.5329973924090154,0.19931865893794407,1511,40439,0.030113998724489797,0.03601907032181168,True,0.8205567478253148,B_wrong_or_unconfirmed_target,target_peak_distractor_energy,0.07121508521653057,0.2145378589630127,23.521699999946577,False,False,7,41,False,True,0.0,1.0,0.0,0.10390469887491727
242946,47,cup,a photo of a cup,1.0,0.1963202898896845,0.7243104272959183,0.5021086066464098,0.09363124099069585,12.801922190585174,40.41533491060608,65.20936882162704,0.1963202898896845,0.619778041728294,0.2405596020524396,53.0349604458176,12.619625535211526,0.1839016683820215,1445,40505,0.02879862882653061,0.034445768772348034,True,0.8987763809018159,B_wrong_or_unconfirmed_target,target_peak_distractor_energy,0.043486442839260224,0.21541421115398407,19.737399999939953,False,False,7,41,False,True,0.0,1.0,0.0,0.9584775086505191
89045,63,couch,a photo of a couch,1.0,0.33971809457365737,0.7339764030612245,0.8784298982177905,0.27984893444834097,104.9656907026656,5.809264986877679,308.97880442428726,0.33971809457365737,0.018801499985417906,0.9475579570245137,5.809264986877679,0.0,0.6414804054409248,5211,1408,0.10385443239795919,0.7872790451729869,True,0.8299930443336253,A_correct_target_coarse_mask,target_preferred,0.17274151220212466,0.20684394240379333,20.512100000132705,False,False,7,9,True,True,1.0,0.0,0.0,0.0
89045,84,book,a photo of a book,0.0,0.03988813678657129,0.6549545599489796,0.07156035800053227,0.03468079174797881,2.0310475282603875,14.610046789544867,50.91858612318433,0.03988813678657129,0.2869295458086688,0.12205011818766823,14.610046789544867,0.0,0.6731823174047599,628,5991,0.01251594387755102,0.09487838042000302,True,0.5701138595763869,B_wrong_or_unconfirmed_target,peak_in_background,0.11169404331955167,0.21774373948574066,19.680399999970177,False,False,7,9,False,True,0.0,1.0,0.0,0.0
36844,2,bicycle,a photo of a bicycle,1.0,0.3368707717507477,0.8210100446428571,0.6356829485726723,0.15703022339027595,70.55124477326171,26.542474280258944,209.4311845655251,0.3368707717507477,0.12673601753875652,0.7266303676592227,26.57468148102828,0.03220720076933503,0.5363932107104958,1734,8706,0.03455835459183673,0.1660919540229885,True,0.9302914297802096,A_correct_target_coarse_mask,target_preferred,0.042898109824630895,0.21203921735286713,20.354199999928824,False,False,8,14,True,True,1.0,0.0,0.0,0.00461361014994233
36844,62,chair,a photo of a chair,1.0,0.11367201963678933,0.7238520408163265,0.45859217760363313,0.057991705758379225,24.83420296944678,84.19828494442004,218.4724354225279,0.11367201963678933,0.38539546090370486,0.22776883701915532,84.19828494442004,0.0,0.5009325194595059,865,9575,0.017239317602040817,0.0828544061302682,True,0.7655278197412564,B_wrong_or_unconfirmed_target,target_peak_distractor_energy,0.08728919056758608,0.21414974331855774,20.49699999997756,False,False,8,14,False,True,0.0,1.0,0.0,0.0
296222,1,person,a photo of a person,1.0,0.5839638419883939,0.6772161989795918,0.5769596831419741,0.3886687049409278,57.037798140184805,10.793335737092264,97.67350996591054,0.5839638419883939,0.11050422720407296,0.8408793260537137,11.237086725318647,0.4437509882263839,0.3055319308075331,18577,3541,0.3702367665816326,0.839904150465684,True,0.5018175438528122,A_correct_target_coarse_mask,target_preferred,0.12794747303423165,0.24931028485298157,20.105499999999665,False,False,6,8,True,True,1.0,0.0,0.0,0.006621090595898153
296222,62,chair,a photo of a chair,0.0,0.06819406467087323,0.7064333545918368,0.1108248740763301,0.0574006527164523,12.520356904162327,79.21353200477392,183.59892410856645,0.06819406467087323,0.43144878102843925,0.13648562219564336,79.21353200477392,0.0,0.5003571543006874,1071,21047,0.021344866071428572,0.048422099647346055,True,0.756461015625567,B_wrong_or_unconfirmed_target,peak_in_distractor,0.08435624171171498,0.22518379986286163,20.146000000067943,False,False,6,8,False,True,0.0,1.0,0.0,0.0
331352,81,sink,a photo of a sink,1.0,0.24568883430027633,0.714485012755102,0.4036973207040516,0.2622689118904166,102.55612980520527,106.50378758807601,417.4228352594285,0.24568883430027633,0.25514604998043255,0.49055854935729876,106.50378758807601,0.0,0.49916511571929106,5904,17075,0.11766581632653061,0.25693024065451064,True,0.7357928218253349,B_wrong_or_unconfirmed_target,target_peak_distractor_energy,0.16961622070649038,0.19632180035114288,20.94360000000961,False,False,2,2,False,True,0.0,1.0,0.0,0.0
331352,70,toilet,a photo of a toilet,0.0,0.2832833091832589,0.47554607780612246,0.28873217200823476,0.1497851442602824,144.61640106506144,87.05268808861047,510.5009592058514,0.2832833091832589,0.17052404411547414,0.6242369303275205,87.05268808861047,0.0,0.546192646701267,17075,5904,0.34030213647959184,0.7430697593454894,False,0.3648409031838581,B_wrong_or_unconfirmed_target,peak_in_background,0.1795635984724385,0.21367192268371582,23.656099999925573,False,False,2,2,True,False,0.0,1.0,0.0,0.0
311394,90,toothbrush,a photo of a toothbrush,1.0,0.35924297882132017,0.8813775510204082,0.5713303143309763,0.25655758181363975,136.3448041449301,207.52156908308285,379.53366435240787,0.35924297882132017,0.5467804007245932,0.39650519725149563,343.86637322801295,136.3448041449301,0.0939766204540865,2064,34216,0.041135204081632654,0.05689084895259096,True,0.9159075962540218,B_wrong_or_unconfirmed_target,target_peak_distractor_energy,0.05251006131312588,0.21058319509029388,23.274700000001758,False,False,2,2,False,True,0.0,1.0,0.0,1.0
311394,1,person,a photo of a person,1.0,0.9163907896062039,0.6506895727040817,0.9324451653579784,0.5294512457044673,122.79610953801495,0.0,133.9997203494194,0.9163907896062039,0.0,0.9999999999999919,17.72532071196474,17.72532071196474,0.08360921039379599,36280,0,0.7230548469387755,1.0,False,0.9999999997045509,C_good_localization,target_preferred,0.15936825896785556,0.242202490568161,20.33979999987423,False,False,2,2,True,False,0.0,0.0,1.0,0.05689084895259096
326082,63,couch,a photo of a couch,1.0,0.30011988842579845,0.7263432716836735,0.7619721188583172,0.18262991844752663,76.36770296934992,31.631201599549968,254.4573216054325,0.30011988842579845,0.12430847499290294,0.7071155330156986,45.60915008356096,13.977948484010994,0.5755716365812986,3068,2737,0.06114477040816327,0.5285099052540913,True,0.6829262313448341,A_correct_target_coarse_mask,target_preferred,0.10896978598761087,0.2133677452802658,19.834899999978006,False,False,9,17,True,True,1.0,0.0,0.0,0.1440677966101695
326082,67,dining table,a photo of a dining table,1.0,0.0938665766062657,0.7316246811224489,0.31179599612619296,0.049078454911376315,20.067441108170897,57.64094326830309,213.78686465094086,0.0938665766062657,0.26961873154562593,0.2582403593793671,59.68784883803528,2.046905569732189,0.6365146918481084,695,5110,0.01385124362244898,0.11972437553832903,True,0.7190811457994497,B_wrong_or_unconfirmed_target,target_peak_distractor_energy,0.09811352937898944,0.22891764342784882,20.116000000143686,False,False,9,17,False,True,0.0,1.0,0.0,0.08776978417266187
82085,1,person,a photo of a person,0.0,0.08819461322335816,0.7858139349489796,0.12220681281286544,0.03066654640570037,2.790754622834811,4.287944732888668,31.64314146678162,0.08819461322335816,0.13550945115199997,0.3942468075830842,4.564220447803059,0.27627571491439085,0.7762959356246419,885,21669,0.017637914540816327,0.039239159350891194,True,0.9409527411227808,B_wrong_or_unconfirmed_target,peak_in_background,0.037117725811680866,0.23965787887573242,20.1540999998997,False,False,2,12,False,True,0.0,1.0,0.0,0.7457627118644068
82085,7,train,a photo of a train,1.0,0.7938665758927889,0.7812898596938775,0.8321704980684783,0.571076802814149,791.6242982239498,0.4186477193143219,997.1754980787327,0.7938665758927889,0.0004198335399545359,0.999471433056175,11.337630565247764,10.918982845933442,0.20571359056725652,22329,225,0.4450135522959184,0.990023942537909,True,0.9501343604400371,C_good_localization,target_preferred,0.13916066127860527,0.20067501068115234,19.972900000084337,False,False,2,12,True,True,0.0,0.0,1.0,0.029557973935241167
121031,19,horse,a photo of a horse,1.0,0.6928513638606266,0.920280612244898,0.8957248865350643,0.5747847347719783,207.98366797851668,22.6998229276669,300.1851173671854,0.6928513638606266,0.07561941486892755,0.9015975402552775,36.379809361507796,13.679986433840895,0.23152922127044587,5621,2975,0.11202566964285714,0.6539087947882736,True,0.8290397299072869,C_good_localization,target_preferred,0.08173600587015489,0.2087608128786087,23.395599999957994,False,False,2,8,True,True,0.0,0.0,1.0,0.07738836505959794
121031,1,person,a photo of a person,0.0,0.2625157639330779,0.7941844706632653,0.1592231532865865,0.07030968671227944,3.47221144812859,0.06367960802346317,13.226677880623377,0.2625157639330779,0.004814482411849735,0.9819905062081452,0.06586966273394523,0.002190054710482059,0.7326697536550724,3410,5186,0.06796077806122448,0.396696137738483,True,0.9880845559986758,B_wrong_or_unconfirmed_target,peak_in_background,0.027629722247005974,0.22912882268428802,19.998499999928754,False,False,2,8,True,True,0.0,1.0,0.0,0.12756598240469208
512836,18,dog,a photo of a dog,1.0,0.5856470522304662,0.8936941964285714,0.8492831964136413,0.44834005584858827,109.38966535474174,14.044318013181012,186.78428404638203,0.5856470522304662,0.07519004120118343,0.8862200049777245,17.11008664342485,3.065768630243838,0.3391629065683504,4349,12216,0.08667490433673469,0.26254150316933295,True,0.9562906204999702,A_correct_target_coarse_mask,target_preferred,0.06826359243159923,0.21416395902633667,19.70589999996264,False,False,4,7,True,True,1.0,0.0,0.0,0.04207863876753277
512836,31,handbag,a photo of a handbag,0.0,0.04260064598298674,0.6731305803571429,0.06566350159792207,0.03466745144202472,4.252715500078921,62.878830003207725,99.82748857323224,0.04260064598298674,0.6298749062196488,0.06334898844047397,64.93569297589175,2.05686297268403,0.3275244477973644,713,15852,0.01420998086734694,0.04304255961364322,True,0.6005884804546253,B_wrong_or_unconfirmed_target,peak_in_distractor,0.12069095546766055,0.220270037651062,19.674800000075265,False,False,4,7,False,True,0.0,1.0,0.0,0.5049088359046283
448256,9,boat,a photo of a boat,1.0,0.5537242762769546,0.8638592155612245,0.8217335111110341,0.4576419213973799,153.45387356749714,69.00342598608412,277.1304783659956,0.5537242762769546,0.24899255539462514,0.6898127140599197,71.16644918441966,2.1630231983355372,0.19728316832842024,6390,23999,0.1273517219387755,0.21027345421040508,True,0.8930729806012224,A_correct_target_coarse_mask,target_preferred,0.06605665424290275,0.20165802538394928,19.75640000000567,False,False,4,6,True,True,1.0,0.0,0.0,0.030203442879499217
448256,1,person,a photo of a person,0.0,0.1890897573210177,0.5641342474489796,0.19460954306453176,0.14476771468793995,9.278310288855039,12.081252678561725,49.06828598390578,0.1890897573210177,0.24621305668847557,0.4343867102060248,12.337927439785346,0.2566747612236213,0.5646971859905068,10345,20044,0.20617426658163265,0.34041923064266677,True,0.5980751076267509,B_wrong_or_unconfirmed_target,peak_in_background,0.137061797874885,0.22455382347106934,19.69850000000406,False,False,4,6,False,True,0.0,1.0,0.0,0.020106331561140646
274066,1,person,a photo of a person,0.0,0.26776418259072476,0.6897520727040817,0.25835953863338346,0.2157682619647355,13.258165036949293,1.7496945928106697,49.51433350297744,0.26776418259072476,0.03533713308905704,0.8834147815893759,1.7922922824765237,0.04259768966585398,0.6968986843202182,8972,2671,0.17881058673469388,0.7705917718800996,True,0.6928583751451102,B_wrong_or_unconfirmed_target,peak_in_background,0.0827816213516727,0.2358231544494629,20.315200000140976,False,False,2,9,True,True,0.0,1.0,0.0,0.0026749888542131075
274066,42,surfboard,a photo of a surfboard,0.0,0.17289263883766323,0.7025470344387755,0.4451799131370042,0.14518900343642613,77.28333226207178,36.25188085559955,447.00186648569013,0.17289263883766323,0.08110006595858384,0.6806992310127812,36.27392529571978,0.022044440120225772,0.746007295203753,2695,8948,0.0537109375,0.23146955252082796,True,0.8762099647497504,B_wrong_or_unconfirmed_target,peak_in_background,0.1336572711137401,0.21486859023571014,19.71610000009605,False,False,2,9,True,True,0.0,1.0,0.0,0.008905380333951763
482917,72,tv,a photo of a tv,1.0,0.3687290650276846,0.7950613839285714,0.6053308928198795,0.2527432599375045,122.73633197997697,32.350657228341774,332.86318769246407,0.3687290650276846,0.09718905071062078,0.7914031512670097,32.350657228341774,0.0,0.5340818842616946,4055,22456,0.08081552933673469,0.15295537701331524,True,0.9545666575866771,A_correct_target_coarse_mask,target_preferred,0.06076605845453394,0.23281313478946686,23.262100000010832,False,False,5,5,True,True,1.0,0.0,0.0,0.0
482917,18,dog,a photo of a dog,1.0,0.6742750959387829,0.8825733418367347,0.827444209163032,0.6314736052039029,213.18684255947028,11.494012963465693,316.1719064570426,0.6742750959387829,0.03635368205943798,0.9488429357422786,11.666450798401101,0.17243783493540832,0.2893712220017792,11059,15452,0.22040417729591838,0.4171475991098035,True,0.9628465190938501,C_good_localization,target_preferred,0.11450754733502481,0.20330491662025452,19.96839999992517,False,False,5,5,True,True,0.0,0.0,1.0,0.0021701781354552855
14007,82,refrigerator,a photo of a refrigerator,1.0,0.3936119924351737,0.7566565688775511,0.592964045420533,0.3678488221589438,248.76436784520047,10.45821855327813,632.0040360207545,0.3936119924351737,0.01654770849111269,0.9596554501728385,10.45821855327813,0.0,0.5898402990737135,8496,1752,0.16932397959183673,0.8290398126463701,True,0.830655567822269,A_correct_target_coarse_mask,target_preferred,0.18737567450214165,0.22308692336082458,19.898399999874528,False,False,2,2,True,True,1.0,0.0,0.0,0.0
14007,17,cat,a photo of a cat,1.0,0.41878804136372083,0.8986367984693877,0.8641510483161845,0.2562152676221117,169.53582569397986,16.89145132286228,404.82489696198513,0.41878804136372083,0.04172532729489823,0.9093938848801767,16.89145132286228,0.0,0.539486631341381,1752,8496,0.03491709183673469,0.17096018735362997,True,0.9798677396478819,A_correct_target_coarse_mask,target_preferred,0.05263944993575815,0.2004861682653427,19.787899999982983,False,False,2,2,True,True,1.0,0.0,0.0,0.0
86220,7,train,a photo of a train,1.0,0.6770555663248861,0.9076450892857143,0.8442760417252745,0.6348881184998424,263.4166105578188,36.16687903600727,389.0620263085142,0.6770555663248861,0.09295915969791421,0.8792761273825768,283.0566492020244,246.88977016601712,0.2299852739771998,8905,7563,0.17747528698979592,0.5407456886082098,True,0.860835664178405,C_good_localization,target_preferred,0.09729287743619353,0.20724192261695862,20.48770000010336,False,False,4,6,True,True,0.0,0.0,1.0,0.9211678832116789
86220,6,bus,a photo of a bus,1.0,0.6268771212048408,0.9011479591836735,0.8548785321512371,0.6049382716049383,242.66375608366798,56.85515693085472,387.09939775322283,0.6268771212048408,0.14687482662295454,0.8101784079054172,294.0925494199255,237.23739248907077,0.2262480521722046,8294,8174,0.16529815051020408,0.5036434296818071,True,0.8079269474554172,C_good_localization,target_preferred,0.0898500258822041,0.21562737226486206,19.75680000009561,False,False,4,6,True,True,0.0,0.0,1.0,0.9735953701470943
201775,70,toilet,a photo of a toilet,1.0,0.32452756313110365,0.787109375,0.5986141879789898,0.33437188434695914,127.04244743043091,13.063643605681136,391.4688977561758,0.32452756313110365,0.03337083400637808,0.906758917409844,13.063643605681136,0.0,0.6421016028625183,5760,1113,0.11479591836734694,0.8380619816673941,True,0.652673055847086,A_correct_target_coarse_mask,target_preferred,0.13760399620708663,0.21858370304107666,23.378099999945334,False,False,2,3,True,True,1.0,0.0,0.0,0.0
201775,81,sink,a photo of a sink,0.0,0.06403902294812888,0.7164979272959183,0.1005627464324988,0.07256487156082932,19.112251253798604,77.57982898451155,298.4469527163052,0.06403902294812888,0.2599451201576068,0.19766097912769887,77.57982898451155,0.0,0.6760158568942644,1113,5760,0.022181919642857144,0.16193801833260585,True,0.5604283078717336,B_wrong_or_unconfirmed_target,peak_in_background,0.16919414087663118,0.2000352144241333,20.064199999978882,False,False,2,3,False,True,0.0,1.0,0.0,0.0
94326,15,bench,a photo of a bench,1.0,0.48121184630687447,0.8618263711734694,0.8184780947637053,0.3631854505373381,147.7048327124212,9.393043444791601,306.9434675102077,0.48121184630687447,0.03060186789764218,0.9402089724281656,17.85089999094771,8.457856546156108,0.48818628579548323,4020,4328,0.08011798469387756,0.48155246765692383,True,0.944226656060243,A_correct_target_coarse_mask,target_preferred,0.07390861862003496,0.20578911900520325,19.940799999858427,False,False,2,2,True,True,1.0,0.0,0.0,0.060945273631840796
94326,1,person,a photo of a person,1.0,0.32688871446833373,0.7729193239795918,0.4697547623283313,0.26825508958962174,54.81712290174619,4.179547974997831,167.69353139310172,0.32688871446833373,0.024923728066768843,0.9291562063945831,5.623404458337745,1.4438564833399141,0.6481875574648974,4573,3775,0.0911391900510204,0.5477958792525156,True,0.9154467313578499,A_correct_target_coarse_mask,target_preferred,0.07123862019768464,0.2315928190946579,19.919500000014523,False,False,2,2,True,True,1.0,0.0,0.0,0.053575333479116555
19924,1,person,a photo of a person,1.0,0.8640376630503297,0.6129424426020408,0.8973791269062602,0.4566792558399776,122.45929432275761,0.0,141.7291161712061,0.8640376630503297,0.0,0.9999999999999919,7.50244741642382,7.50244741642382,0.13596233694967028,34362,0,0.6848294005102041,1.0,False,0.9999999997194007,A_correct_target_coarse_mask,target_preferred,0.1345575036602037,0.2544238269329071,19.630200000165132,False,False,2,2,True,False,1.0,0.0,0.0,0.052441650660613466
19924,32,tie,a photo of a tie,1.0,0.19071860777543242,0.7265226403061225,0.4380060003092025,0.108497920997921,17.86945379356621,62.32846147657388,93.69538715701593,0.19071860777543242,0.6652244402611096,0.22281693649235396,80.19791527014009,17.86945379356621,0.144056951963458,1802,32560,0.03591358418367347,0.052441650660613466,True,0.8381954223006559,B_wrong_or_unconfirmed_target,target_peak_distractor_energy,0.05290514555972292,0.22943603992462158,19.72939999996015,False,False,2,2,False,True,0.0,1.0,0.0,1.0
290248,8,truck,a photo of a truck,1.0,0.14911588658919947,0.7489636479591837,0.4460951623221066,0.04242055648471948,8.245948077208595,3.860733403973864,55.29892398336753,0.14911588658919947,0.06981570572937498,0.6811072125771771,3.860733403973864,0.0,0.7810684076814255,653,9830,0.013014190051020409,0.062291328818086425,True,0.9698361178267301,A_correct_target_coarse_mask,target_preferred,0.037187599654926747,0.21278007328510284,19.749799999999595,False,False,5,27,True,True,1.0,0.0,0.0,0.0
290248,1,person,a photo of a person,0.0,0.36112992162674534,0.7111567283163265,0.35162509316804813,0.28450829383886256,15.66882519019481,2.2831407251699147,43.38833270755589,0.36112992162674534,0.05262107536048086,0.8728194596661588,2.89846050057281,0.6153197754028952,0.5862490030127738,9613,870,0.19158561862244897,0.917008489936087,False,0.3831362882020404,B_wrong_or_unconfirmed_target,peak_in_background,0.09105604965603564,0.23185916244983673,21.25130000013087,False,False,5,27,True,False,0.0,1.0,0.0,0.03547279725371892
322959,67,dining table,a photo of a dining table,1.0,0.7885345708510421,0.5159438775510204,0.8007411529233766,0.4257748776508972,141.10112695029676,0.4237184547819197,178.94095219948377,0.7885345708510421,0.0023679233265147567,0.9970060489833419,49.92449955242637,49.50078109764445,0.20909750582244324,37776,125,0.7528698979591837,0.9967019339859107,True,0.5242428233772322,A_correct_target_coarse_mask,target_preferred,0.2027540316797256,0.22387531399726868,22.81560000005811,False,False,7,9,True,True,1.0,0.0,0.0,0.2780336721728081
322959,55,orange,a photo of a orange,1.0,0.1360125602806345,0.7074896364795918,0.6570714377531776,0.056141479099678454,46.88369515305385,217.4935279796078,344.7012177134141,0.1360125602806345,0.6309624590895201,0.17733636278314313,264.37722313266164,46.88369515305385,0.23302498062984547,881,37020,0.017558195153061226,0.023244769267301655,True,0.9005774151202934,B_wrong_or_unconfirmed_target,target_peak_distractor_energy,0.0463387637885934,0.21112076938152313,19.64029999999184,False,False,7,9,False,True,0.0,1.0,0.0,1.0
132116,56,broccoli,a photo of a broccoli,1.0,0.5362569106010572,0.797233737244898,0.7992851603118303,0.445165512352075,420.18300132767763,355.9690618407162,783.5479469284983,0.5362569106010572,0.45430412170194834,0.5413668548562683,775.5638949384861,419.5948330977699,0.009438967696994533,9155,38810,0.1824577487244898,0.1908683414990097,True,0.833442522263042,A_correct_target_coarse_mask,target_preferred,0.14442959507344177,0.19391180574893951,19.828499999903215,False,False,3,8,True,True,1.0,0.0,0.0,0.9985800109229929
132116,51,bowl,a photo of a bowl,1.0,0.5966380601724147,0.4833187181122449,0.6023503879764598,0.26821350947017814,156.05842291136105,84.85543527080415,261.5629697948933,0.5966380601724147,0.3244168520388961,0.6477768613599555,110.53192994694521,25.67649467614106,0.07894508778868922,27529,20436,0.5486487563775511,0.573939330762014,True,0.5772121726245026,A_correct_target_coarse_mask,target_preferred,0.12471331035821438,0.21831734478473663,19.91649999990841,False,False,3,8,True,True,1.0,0.0,0.0,0.333430200879073
479912,8,truck,a photo of a truck,0.0,0.02387646561092058,0.6765983737244898,0.023977873439496963,0.026457883369330453,1.375413584616581,9.525166252377403,57.60540973817734,0.02387646561092058,0.16535193995963726,0.12617802036077266,9.525166252377403,0.0,0.8107715944294421,856,4215,0.017059948979591837,0.16880299743640306,False,0.4155548290611256,B_wrong_or_unconfirmed_target,peak_in_background,0.10227136187136644,0.19305285811424255,19.711700000016208,False,False,3,7,False,False,0.0,1.0,0.0,0.0
479912,5,airplane,a photo of a airplane,1.0,0.42359012830997855,0.8342235331632653,0.8317736127608342,0.3232446505573184,212.0075793680444,0.9613628541480921,500.50170010784484,0.42359012830997855,0.0019207983787886112,0.9954859011641891,0.9613628541480921,0.0,0.5744890733112329,4188,883,0.08346619897959184,0.8258726089528693,True,0.9789457134703586,A_correct_target_coarse_mask,target_preferred,0.11101153254951418,0.20814351737499237,19.496099999969374,False,False,3,7,True,True,1.0,0.0,0.0,0.0
68628,1,person,a photo of a person,1.0,0.43035763439598224,0.8254344706632653,0.6108324636002529,0.4020344074276352,33.76574820996029,4.37885758234188,78.45974025150355,0.43035763439598224,0.05581024826624972,0.8852037531548839,4.417650628369302,0.03879304602742195,0.513832117337768,5984,944,0.11926020408163265,0.8637413394919169,True,0.5488290523612555,A_correct_target_coarse_mask,target_preferred,0.09679059968559166,0.24171589314937592,19.917000000077678,False,False,2,2,True,True,1.0,0.0,0.0,0.0015040106951871657
68628,41,skateboard,a photo of a skateboard,1.0,0.21125650742020052,0.8410196109693877,0.5995724687492835,0.10671892497200448,94.53312333673239,49.925928529348994,447.4802906246146,0.21125650742020052,0.11157123470099649,0.6543939068931953,50.72332182153764,0.7973932921886444,0.677172257878803,953,5975,0.018993144132653062,0.13755773672055427,True,0.9223085265116546,A_correct_target_coarse_mask,target_preferred,0.05161157602464099,0.22863157093524933,19.913399999950343,False,False,2,2,True,True,1.0,0.0,0.0,0.00944386149003148
280918,82,refrigerator,a photo of a refrigerator,0.0,0.05289688896416579,0.5915178571428571,0.05629481602367175,0.05973025048169557,12.210397081862993,130.87521320308088,230.83393600207273,0.05289688896416579,0.5669669523891223,0.08533630361254953,131.14234434968694,0.2671311466060615,0.3801361586467119,1886,33894,0.037587691326530615,0.05271101173840134,True,0.6264046559145117,B_wrong_or_unconfirmed_target,peak_in_background,0.1708461383409917,0.22225536406040192,19.71800000001167,False,False,5,6,False,True,0.0,1.0,0.0,0.042417815482502653
280918,1,person,a photo of a person,1.0,0.6384624581941879,0.6707987882653061,0.6173607148520492,0.37594922362008387,58.29256512608342,14.018576244715064,91.30147650490952,0.6384624581941879,0.1535416159886664,0.806135320519543,14.351164280651886,0.33258803593682273,0.20799592581714574,20564,15216,0.4098373724489796,0.5747344885410844,True,0.754710810411288,A_correct_target_coarse_mask,target_preferred,0.10054311400526639,0.24084195494651794,20.36150000003545,False,False,5,6,True,True,1.0,0.0,0.0,0.004473837774751994
414034,47,cup,a photo of a cup,1.0,0.25730061391715575,0.7453563456632653,0.9162491300427124,0.11754955452724636,35.26831754297018,69.38015016223882,137.07047568229154,0.25730061391715575,0.5061640722911871,0.33701704684601247,104.21544579006378,34.83529562782496,0.23653531379165726,1702,36183,0.03392059948979592,0.04492543222911442,True,0.9153025831956106,B_wrong_or_unconfirmed_target,target_peak_distractor_energy,0.08182821523703968,0.20773640275001526,19.93429999993168,False,False,5,5,False,True,0.0,1.0,0.0,0.9847238542890717
414034,75,remote,a photo of a remote,1.0,0.2278385916900346,0.8226642219387755,0.6908690564146206,0.10725393799538477,50.79101778450422,101.57426492183595,222.9254377309503,0.2278385916900346,0.45564232577363545,0.33335033337217307,111.93002654391466,10.355761622078717,0.31651908253632993,1081,36804,0.021544164540816327,0.028533720469842944,True,0.9445197405072069,B_wrong_or_unconfirmed_target,target_peak_distractor_energy,0.03774544955396343,0.23324741423130035,19.533700000010867,False,False,5,5,False,True,0.0,1.0,0.0,0.23589269195189638
366225,72,tv,a photo of a tv,1.0,0.541642549983465,0.7006935586734694,0.6329837292229713,0.4084140865043725,69.25211299655781,9.30623970934721,127.85574729805091,0.541642549983465,0.07278702683308377,0.8815372345676927,9.404539233162723,0.09829952381551266,0.38557042318345125,16718,4056,0.333187181122449,0.804755944931164,True,0.6435440544591122,A_correct_target_coarse_mask,target_preferred,0.12799557791630045,0.23818492889404297,20.948699999962628,False,False,4,4,True,True,1.0,0.0,0.0,0.0005383419069266658
366225,76,keyboard,a photo of a keyboard,1.0,0.24164674660280264,0.7205237563775511,0.7057027926524719,0.19735561788106004,96.02617509569973,129.17918948175736,397.3824454319635,0.24164674660280264,0.3250752290814878,0.4263938173758382,129.17918948175736,0.0,0.43327802431570955,3448,17326,0.06871811224489796,0.16597670164628864,True,0.788821150798478,B_wrong_or_unconfirmed_target,target_peak_distractor_energy,0.17568442792447056,0.23472052812576294,19.591600000012477,False,False,4,4,False,True,0.0,1.0,0.0,0.0
512657,42,surfboard,a photo of a surfboard,0.0,0.3666453917949802,0.8192960778061225,0.5956419163279569,0.23523954116059378,94.35815102327615,50.37989254973883,257.3553442505534,0.3666453917949802,0.19576004025271176,0.6519236317829273,50.730871795006635,0.35097924526780844,0.43759456795230806,2789,17873,0.055584343112244895,0.1349820927306166,True,0.923091616942057,B_wrong_or_unconfirmed_target,peak_in_background,0.06553645398377077,0.2164040356874466,19.801400000005742,False,False,5,10,True,True,0.0,1.0,0.0,0.005736823234134099
512657,1,person,a photo of a person,1.0,0.46009786549241893,0.6886758609693877,0.5266085394011324,0.3635511734028683,50.983506680481014,11.182599247109465,110.81013520007532,0.46009786549241893,0.10091675483400966,0.8201174244348601,11.317286880683241,0.1346876335737761,0.4389853796735714,15271,5391,0.30434869260204084,0.7390862452811925,True,0.6167836357231925,A_correct_target_coarse_mask,target_preferred,0.18715495150767883,0.23248572647571564,19.981700000016644,False,False,5,10,True,True,1.0,0.0,0.0,0.003077729028878266
236166,18,dog,a photo of a dog,1.0,0.6097235882412843,0.7246691645408163,0.5218985644212182,0.28244948839141953,105.94596587173189,42.69905448396263,173.76064812799433,0.6097235882412843,0.24573489420061298,0.7127448038165811,49.66201637510481,6.962961891142186,0.1445415175581029,13139,26635,0.26185825892857145,0.3303414290742696,True,0.8341588797695006,A_correct_target_coarse_mask,target_preferred,0.06488740106122891,0.22159947454929352,23.214199999983975,False,False,2,2,True,True,1.0,0.0,0.0,0.03729355354288759
236166,1,person,a photo of a person,1.0,0.7291500291155911,0.5863560267857143,0.7156757767221309,0.36101105261537514,93.65153023588276,19.488760499266725,128.43931495069077,0.7291500291155911,0.15173516385344057,0.827746946974983,20.72113694918277,1.2323764499160461,0.11911480703096831,27125,12649,0.5405970982142857,0.6819781766983457,True,0.6914410958898773,A_correct_target_coarse_mask,target_preferred,0.1528853419295336,0.24289193749427795,20.330000000058135,False,False,2,2,True,True,1.0,0.0,0.0,0.01806451612903226
495054,8,truck,a photo of a truck,1.0,0.13797491935552,0.7773238201530612,0.6662409161514492,0.051205842391304345,11.830028157681227,5.15054997667022,85.74042451294203,0.13797491935552,0.06007143078575234,0.6966799401104352,5.15054997667022,0.0,0.8019536498587276,687,6584,0.013691804846938776,0.09448494017329116,True,0.9565449622602912,A_correct_target_coarse_mask,target_preferred,0.048144950201154495,0.19307008385658264,20.024500000090484,False,False,2,8,True,True,1.0,0.0,0.0,0.0
495054,5,airplane,a photo of a airplane,1.0,0.551961874939163,0.9017458545918368,0.7521358421572116,0.5212197727493445,148.11154967301627,3.074946196183191,268.3365580083607,0.551961874939163,0.011459289106955688,0.9796612377414681,3.074946196183191,0.0,0.4365788359538812,6584,687,0.13121811224489796,0.9055150598267089,True,0.8340511121469221,C_good_localization,target_preferred,0.07165936019307004,0.19710010290145874,19.8149000000285,False,False,2,8,True,True,0.0,0.0,1.0,0.0
407083,18,dog,a photo of a dog,1.0,0.7027838014830081,0.9017059948979592,0.8833903295158329,0.702963141411708,246.2389868634491,85.7234223089655,350.3765828749009,0.7027838014830081,0.24466082066783654,0.7417676823027175,90.33947286340492,4.6160505544394255,0.052555377849155385,12386,33797,0.24685108418367346,0.26819392417123183,True,0.8868520283238366,C_good_localization,target_preferred,0.11094327379055359,0.2065717875957489,20.165100000212988,False,False,3,3,True,True,0.0,0.0,1.0,0.023090586145648313
407083,3,car,a photo of a car,1.0,0.7695759305069783,0.7269810267857143,0.8417179464014005,0.5358631204472302,150.84201871775997,37.573609295187055,196.00667424511164,0.7695759305069783,0.19169556057157647,0.8005812485331314,39.12553468996208,1.5519253947750258,0.03872850892144523,27202,18981,0.5421316964285714,0.5890046120866985,True,0.7369312327228883,C_good_localization,target_preferred,0.19314154521901142,0.21895259618759155,19.812700000102268,False,False,3,3,True,True,0.0,0.0,1.0,0.01830747739136828
476119,3,car,a photo of a car,0.0,0.41466166613366906,0.8328085140306123,0.7093088118679275,0.31668974505172276,128.10178262850968,55.994699326115665,308.9308539729235,0.41466166613366906,0.18125317884572115,0.695840470542411,60.32978010294494,4.3350807768292725,0.40408515502060977,3950,10031,0.07872289540816327,0.2825262856734139,True,0.8531511385665231,B_wrong_or_unconfirmed_target,peak_in_distractor,0.07329436701429376,0.22148434817790985,23.13959999992221,False,False,4,5,True,True,0.0,1.0,0.0,0.04658227848101266
476119,1,person,a photo of a person,0.0,0.29818033832533275,0.6512077487244898,0.32913191385381924,0.23284969096567745,28.171634907250564,10.728868137623977,94.47851278682771,0.29818033832533275,0.11355881693260318,0.7241971877523492,10.904254828940793,0.17538669131681672,0.5882608447420641,9112,4869,0.18160076530612246,0.6517416493813032,True,0.583868362121265,B_wrong_or_unconfirmed_target,peak_in_background,0.11478648947065413,0.23624160885810852,19.923699999935707,False,False,4,5,True,True,0.0,1.0,0.0,0.010535557506584723
474095,70,toilet,a photo of a toilet,0.0,0.03618332387504225,0.7407525510204082,0.05572517522765571,0.03458512691108802,16.02280510449782,75.3789881636448,442.82291919426683,0.03618332387504225,0.17022377319764692,0.17530077399567026,77.01069012433885,1.6317019606940448,0.7935929029273109,510,25230,0.01016422193877551,0.019813519813519812,True,0.9131615075197219,B_wrong_or_unconfirmed_target,peak_in_background,0.09021189325933797,0.20828814804553986,19.91350000002967,False,False,2,2,False,True,0.0,1.0,0.0,0.21372549019607842
474095,1,person,a photo of a person,0.0,0.7361074414747442,0.7316645408163265,0.7837946990904231,0.5500601523860447,131.68812519843038,0.8878701429348439,178.89796757739828,0.7361074414747442,0.004962997371955701,0.9933029343611588,1.3244228919502348,0.4365527490153909,0.2589295611533001,25339,401,0.5050023915816326,0.9844211344211344,True,0.7012437788497429,B_wrong_or_unconfirmed_target,peak_in_background,0.21480518443222632,0.24044746160507202,19.535399999995207,False,False,2,2,True,True,0.0,1.0,0.0,0.004301669363431864
241326,17,cat,a photo of a cat,1.0,0.6822154572098187,0.9325374681122449,0.9548954756389892,0.5746953134815932,184.74193389428547,37.48091433219466,270.79705090508844,0.6822154572098187,0.13840961046998745,0.8313363606338241,40.31339901149127,2.8324846792966127,0.1793749323201937,4652,28450,0.09271364795918367,0.14053531508670172,True,0.9678908713127172,C_good_localization,target_preferred,0.07061333108990797,0.1949983686208725,19.715099999984886,False,False,3,3,True,True,0.0,0.0,1.0,0.038478073946689596
241326,63,couch,a photo of a couch,1.0,0.642122157444768,0.6452088647959183,0.7272385543096014,0.4334542677105213,272.4237140578043,55.866869525998936,424.2552774410947,0.642122157444768,0.13168220290142582,0.8298249407091551,59.734437425752276,3.8675678997533396,0.22619563965380618,25152,7950,0.5012755102040817,0.7598332427043684,True,0.6064995102126837,A_correct_target_coarse_mask,target_preferred,0.2293303854786307,0.19771087169647217,19.790800000009767,False,False,3,3,True,True,1.0,0.0,0.0,0.010138358778625954
442323,62,chair,a photo of a chair,1.0,0.2353063605434991,0.7057955994897959,0.7809067242284745,0.10234113712374582,53.97665029158816,35.70563131624658,229.38882810866454,0.2353063605434991,0.15565549382087757,0.6018652661806511,35.70563131624658,0.0,0.6090381456356233,1699,5041,0.033860809948979595,0.25207715133531156,True,0.8176949208745079,A_correct_target_coarse_mask,target_preferred,0.08681596850418256,0.21122904121875763,23.330400000077134,False,False,5,5,True,True,1.0,0.0,0.0,0.0
442323,65,bed,a photo of a bed,0.0,0.09501046448928911,0.6977240114795918,0.7847521775814684,0.045320073015673194,32.487038692459464,37.596782548151396,341.9311637627227,0.09501046448928911,0.10995424381452708,0.46354548192977274,37.596782548151396,0.0,0.7950352916961838,720,6020,0.014349489795918368,0.10682492581602374,True,0.8784159088616016,B_wrong_or_unconfirmed_target,peak_in_background,0.1118033912442096,0.2127581536769867,19.942300000138857,False,False,5,5,False,True,0.0,1.0,0.0,0.0
410650,62,chair,a photo of a chair,1.0,0.14283569561025847,0.6873007015306123,0.2936919929419438,0.0984831073316479,22.06654360279208,41.143170114220425,154.4889987654267,0.14283569561025847,0.26631779895662006,0.34910051486046606,44.52580016486843,3.382630050648004,0.5908465054331216,1960,9707,0.0390625,0.16799520013713895,True,0.726494158139043,B_wrong_or_unconfirmed_target,target_peak_distractor_energy,0.08478169398340057,0.1940934956073761,19.801700000016353,False,False,4,30,False,True,0.0,1.0,0.0,0.17448979591836736
410650,1,person,a photo of a person,0.0,0.15838116197354,0.6167091836734694,0.19948969081839243,0.13781045458621,10.99515992699321,1.4291211167087567,69.42214459084548,0.15838116197354,0.02058595459894812,0.8849735359589211,1.8582413301005545,0.42912021339179773,0.8210328834275118,9950,1717,0.1983019770408163,0.8528327762063941,True,0.5703799605284156,B_wrong_or_unconfirmed_target,peak_in_background,0.04922905268400514,0.23304222524166107,20.11369999991075,False,False,4,30,True,True,0.0,1.0,0.0,0.035979899497487436
152120,1,person,a photo of a person,0.0,0.38629606616069284,0.7685945471938775,0.3886184938515961,0.3060187675572291,19.0625835550791,3.3101722203065265,49.34708174623083,0.38629606616069284,0.0670793915905546,0.8520445020926206,3.6732976660699705,0.3631254457634441,0.5466245422487526,7753,18574,0.15451610331632654,0.29448854787860373,True,0.9324161451489251,B_wrong_or_unconfirmed_target,peak_in_background,0.08436956398253406,0.2266330122947693,23.266400000011345,False,False,2,2,True,True,0.0,1.0,0.0,0.057526118921707725
152120,4,motorcycle,a photo of a motorcycle,1.0,0.6868344640543772,0.8366151147959183,0.8126191519666517,0.6665039459767309,354.34854215980886,69.3357127738982,515.9154944964364,0.6868344640543772,0.1343935460623719,0.8363505087420634,76.35427903727214,7.018566263373941,0.17877198988325096,19020,7307,0.3790656887755102,0.7224522353477418,True,0.6625464142300194,C_good_localization,target_preferred,0.18731614888666218,0.19800996780395508,19.585700000106954,False,False,2,2,True,True,0.0,0.0,1.0,0.023449001051524712
505573,18,dog,a photo of a dog,1.0,0.7960810269492832,0.7422472895408163,0.8176557866515929,0.4836507366151635,339.70906433710593,1.5615067246217222,426.7267436820199,0.7960810269492832,0.003659266141016219,0.9954244319404256,6.969642932577244,5.408136207955522,0.20025970690970063,22888,513,0.45615433673469385,0.9780778599205162,True,0.8298191604042009,A_correct_target_coarse_mask,target_preferred,0.12067688294766453,0.20761249959468842,19.750899999962712,False,False,2,2,True,True,1.0,0.0,0.0,0.1020185249912618
505573,32,tie,a photo of a tie,0.0,0.3723269156488722,0.8710140306122449,0.5600093718100757,0.3055793991416309,103.11230106232688,104.3741270827059,276.9402284082204,0.3723269156488722,0.37688322741199765,0.49695925648809663,190.2277482014079,85.853621118702,0.25078985693913014,2848,20553,0.056760204081632654,0.12170420067518482,True,0.8769896613716952,B_wrong_or_unconfirmed_target,peak_in_distractor,0.07858634977460485,0.2265605628490448,19.77479999982279,False,False,2,2,False,True,0.0,1.0,0.0,0.819873595505618
109313,1,person,a photo of a person,1.0,0.5683024838861087,0.7975326849489796,0.6459856470263949,0.5178681600303735,61.59409167168178,1.3402318670421778,108.38258395510657,0.5683024838861087,0.012365749349520203,0.9787042778616901,2.708885603468673,1.368653736426495,0.419331766764371,13459,3151,0.2682358099489796,0.8102950030102348,True,0.914962842769046,C_good_localization,target_preferred,0.0948000261630004,0.24546761810779572,19.71640000010666,False,False,5,10,True,True,0.0,0.0,1.0,0.01389404859202021
109313,63,couch,a photo of a couch,0.0,0.1397053320483696,0.7047393176020408,0.3373374100117531,0.12456420256455711,32.547583288978785,23.268897784786745,232.97309280729507,0.1397053320483696,0.0998780481659903,0.5831177935772089,23.268897784786745,0.0,0.76041661978564,2177,14433,0.04338727678571429,0.13106562311860326,True,0.9026616714467353,B_wrong_or_unconfirmed_target,peak_in_background,0.13808606417944136,0.20503784716129303,20.30489999992824,False,False,5,10,True,True,0.0,1.0,0.0,0.0
413395,63,couch,a photo of a couch,1.0,0.2505082127905483,0.7292530293367347,0.4714862931645177,0.2135124182249754,68.35041377367452,81.61101129623765,272.8469977582044,0.2505082127905483,0.2991090683305261,0.4557866380758187,92.41066335143458,10.79965205519693,0.4503827188789258,4092,21322,0.08155293367346939,0.16101361454316518,True,0.8135719474032279,B_wrong_or_unconfirmed_target,target_peak_distractor_energy,0.12152463615572472,0.1969032734632492,19.830899999988105,False,False,4,5,False,True,0.0,1.0,0.0,0.19550342130987292
413395,17,cat,a photo of a cat,1.0,0.7691610258396848,0.9234295280612245,0.8798598039169265,0.6662322995395709,286.0438463129103,35.1968741039505,371.8907182025238,0.7691610258396848,0.09464305609472896,0.8904345810883568,43.905990717180934,8.709116613230435,0.13619591806558634,9488,15926,0.18909438775510204,0.37333753049500273,True,0.9317007557462732,C_good_localization,target_preferred,0.06380374767224833,0.20107610523700714,19.74500000005719,False,False,4,5,True,True,0.0,0.0,1.0,0.07356661045531197
451879,40,baseball glove,a photo of a baseball glove,0.0,0.06833197589537691,0.7138472576530612,0.22265967437853473,0.05346430219526666,30.426160887698643,267.91382459268846,445.26973629862744,0.06833197589537691,0.6016888253393616,0.10198485743942881,298.2744083002623,30.360583707573824,0.32997919876526144,836,31104,0.016661352040816327,0.02617407639323732,True,0.8086250137357812,B_wrong_or_unconfirmed_target,peak_in_background,0.10468488896808519,0.2106485515832901,19.920100000035745,False,False,3,6,False,True,0.0,1.0,0.0,0.992822966507177
451879,1,person,a photo of a person,1.0,0.7709626594893727,0.47757892219387754,0.6922797631796462,0.25493149906202034,33.33178856075371,0.5281601287570084,43.23398565480481,0.7709626594893727,0.012216318268087117,0.9844016264288785,1.4074269933839787,0.8792668646269703,0.21682102224254016,31751,189,0.6327925701530612,0.9940826549780839,False,0.2730773147281189,A_correct_target_coarse_mask,target_preferred,0.06627841659426088,0.227537602186203,19.75809999999001,False,False,3,6,True,False,1.0,0.0,0.0,0.026140908947749678
258883,1,person,a photo of a person,0.0,0.18958017513220105,0.619499362244898,0.19270305892941636,0.18123338193670127,9.797292941562336,20.559313610056734,51.67888960293624,0.18958017513220105,0.39782808353700805,0.32274005742053125,20.611056243600956,0.05174263354422237,0.41259174133079085,8644,14654,0.1722735969387755,0.3710189715855438,False,0.44686142020725816,B_wrong_or_unconfirmed_target,peak_in_distractor,0.16043326665343277,0.218782439827919,20.06430000005821,False,False,4,6,False,False,0.0,1.0,0.0,0.02834335955576122
258883,59,pizza,a photo of a pizza,1.0,0.4475324038894011,0.6854671556122449,0.5117316418845652,0.3570701104004563,101.32849473427552,7.247882647357585,226.41599547575305,0.4475324038894011,0.032011354286732636,0.9332462288561806,7.307601754878817,0.05971910752123222,0.5204562418238663,13618,9680,0.2714046556122449,0.5845136921624173,True,0.9085724467980906,A_correct_target_coarse_mask,target_preferred,0.09164633450991631,0.1891276091337204,20.57850000005601,False,False,4,6,True,True,1.0,0.0,0.0,0.0022763988838302245
166426,67,dining table,a photo of a dining table,1.0,0.9598108072027891,0.46213329081632654,0.959399614096051,0.44058205335489087,471.56543344066233,6.473338499199599,491.3108186549413,0.9598108072027891,0.013175648191345795,0.9864585492240889,77.30406802084417,70.83072952164457,0.02701354460586507,47561,426,0.947883450255102,0.9911225957030029,False,0.3948517400347372,A_correct_target_coarse_mask,target_preferred,0.3023947563674344,0.23079675436019897,19.888199999968492,False,False,6,11,True,False,1.0,0.0,0.0,0.13191480414625428
166426,47,cup,a photo of a cup,1.0,0.17418946589865672,0.7354512117346939,0.7803464333280745,0.08631607929515418,23.629719813354313,108.06673815363932,135.65527451069897,0.17418946589865672,0.7966276176391226,0.17942562904217454,131.69645796699365,23.629719813354313,0.02918291646222055,1254,46733,0.02499202806122449,0.026132077437639362,True,0.8906958222070839,B_wrong_or_unconfirmed_target,target_peak_distractor_energy,0.07545486819162814,0.21553127467632294,20.4522999999881,False,False,6,11,False,True,0.0,1.0,0.0,1.0
199681,88,teddy bear,a photo of a teddy bear,1.0,0.7240992932599007,0.9190648915816326,0.9279316620363165,0.6431145091835838,269.84417784330435,102.18564173277923,372.6618439695801,0.7240992932599007,0.27420473382598437,0.7253294323309424,372.0298195760836,269.84417784330435,0.0016959729141149027,7577,40510,0.15100845025510204,0.1575685736269678,True,0.9338558112256531,C_good_localization,target_preferred,0.07926424669304365,0.231007382273674,19.92940000013732,False,False,2,2,True,True,0.0,0.0,1.0,1.0
199681,78,microwave,a photo of a microwave,1.0,0.9573288446401,0.3866390306122449,0.9592880757038933,0.37407716243974865,530.244093836812,0.0,553.878739584153,0.9573288446401,0.0,0.9999999999999981,41.87697677530923,41.87697677530923,0.042671155359899994,48087,0,0.958366549744898,1.0,False,0.9999999999093115,A_correct_target_coarse_mask,target_preferred,0.1808283987906508,0.2318132221698761,19.723999999996522,False,False,2,2,True,False,1.0,0.0,0.0,0.1575685736269678
415727,39,baseball bat,a photo of a baseball bat,1.0,0.28647522688865384,0.7239516900510204,0.39742940710197916,0.21216085546897218,50.126782621260645,60.579216390627806,174.9777220378771,0.28647522688865384,0.3462110243812314,0.4527919269838051,61.74644723413596,1.1672308435081504,0.36731374873011474,5727,21869,0.11413823341836735,0.20753007682272792,True,0.7595989184063461,B_wrong_or_unconfirmed_target,target_peak_distractor_energy,0.07923689792467838,0.22137439250946045,19.944800000075702,False,False,4,11,False,True,0.0,1.0,0.0,0.03719224724986904
415727,1,person,a photo of a person,1.0,0.721786467358867,0.6633649553571429,0.6741537805410893,0.3740596627756161,25.20674383807955,0.7206384783413604,34.92271603583133,0.721786467358867,0.020635235747470858,0.9722055057642314,6.399694588675178,5.679056110333818,0.25757829689366213,22072,5524,0.4398915816326531,0.7998260617480795,True,0.8974789614143055,A_correct_target_coarse_mask,target_preferred,0.0886528747971808,0.2445036917924881,20.340000000032887,False,False,4,11,True,True,1.0,0.0,0.0,0.1469282348677057
430056,76,keyboard,a photo of a keyboard,1.0,0.12331619888242609,0.6503109056122449,0.6344741395063559,0.10484158971481047,58.259234729688615,116.10762779516517,472.4378083145019,0.12331619888242609,0.2457627771354665,0.33411873039456774,119.61737134176656,3.509743546601385,0.6309210239821074,2183,14573,0.04350685586734694,0.13028169014084506,True,0.7700963720122748,B_wrong_or_unconfirmed_target,target_peak_distractor_energy,0.2394577473092729,0.23094987869262695,19.93210000000545,False,False,2,3,False,True,0.0,1.0,0.0,0.081539166284929
430056,54,sandwich,a photo of a sandwich,1.0,0.7079682126288274,0.9148397640306123,0.9228100116573749,0.7698852926921212,500.54762788442895,8.736562563504862,707.019918346045,0.7079682126288274,0.01235688321757977,0.9828454078737026,11.786198377076374,3.0496358135715127,0.2796749041535928,14751,2005,0.29398517219387754,0.8803413702554309,True,0.8862019149435426,C_good_localization,target_preferred,0.18823654767519868,0.2072584629058838,19.952000000103,False,False,2,3,True,True,0.0,0.0,1.0,0.01206697850993153
353051,19,horse,a photo of a horse,1.0,0.6571657014825353,0.8804209183673469,0.8979368906370586,0.6152366294728742,257.2960345576121,25.22819119731298,391.52383329982706,0.6571657014825353,0.06443590160191692,0.9107043258683308,25.22819119731298,0.0,0.2783983969155478,10352,5083,0.20631377551020408,0.6706835114998381,True,0.8335483927797067,C_good_localization,target_preferred,0.14582231510000507,0.2069908231496811,20.417099999804122,False,False,2,2,True,True,0.0,0.0,1.0,0.0
353051,1,person,a photo of a person,1.0,0.4260513505915316,0.8034518494897959,0.49398974124056416,0.28093328472475393,40.12909378359597,21.95531650013089,94.18839707439152,0.4260513505915316,0.23310001212559364,0.6463634525995278,21.95531650013089,0.0,0.34084863728287484,5083,10352,0.10130341198979592,0.329316488500162,True,0.7882435598262589,A_correct_target_coarse_mask,target_preferred,0.054331949029482934,0.23443983495235443,23.020099999939703,False,False,2,2,True,True,1.0,0.0,0.0,0.0
431140,70,toilet,a photo of a toilet,1.0,0.32426319441051465,0.7313257334183674,0.39286999367190467,0.30182816303278265,136.085142526048,177.64783674113642,419.6749580951987,0.32426319441051465,0.4232986346086414,0.4337610373124126,177.64783674113642,0.0,0.25243817098084387,8476,14426,0.16892538265306123,0.37009868133787444,True,0.5659315972106292,B_wrong_or_unconfirmed_target,target_peak_distractor_energy,0.11571633873668388,0.2180154025554657,20.12749999994412,False,False,2,2,False,True,0.0,1.0,0.0,0.0
431140,81,sink,a photo of a sink,1.0,0.5729906243919879,0.7643494897959183,0.7266124161013928,0.46144386244591207,262.4120239615586,78.64538797919583,457.96914083892625,0.5729906243919879,0.17172639150998265,0.7694071871018061,78.64538797919583,0.0,0.2552829840980296,14426,8476,0.28750797193877553,0.6299013186621256,True,0.6622133713547205,A_correct_target_coarse_mask,target_preferred,0.16551955122501644,0.20275169610977173,19.896499999958905,False,False,2,2,True,True,1.0,0.0,0.0,0.0
68093,1,person,a photo of a person,1.0,0.6104806425429635,0.7921316964285714,0.6149018634687531,0.38650667607787775,16.43471686727041,2.434694346906504,26.92094674584836,0.6104806425429635,0.09043865989898638,0.8709713663414074,2.5097893679259826,0.07509502101947874,0.2990806975580501,10692,21462,0.21308992346938777,0.3325247247620825,True,0.9312699627064683,A_correct_target_coarse_mask,target_preferred,0.05688125672922772,0.23719801008701324,19.814399999859234,False,False,3,5,True,True,1.0,0.0,0.0,0.010007482229704451
68093,3,car,a photo of a car,1.0,0.16499901498313563,0.7228356186224489,0.7866993388606431,0.05246303740546433,22.62093606288545,78.02642616705387,137.0974006432554,0.16499901498313563,0.5691313314545503,0.22475438562617622,78.79887707793503,0.7724509108811617,0.2658696535623142,799,31355,0.015923947704081634,0.02484916340113205,True,0.9192051692397617,B_wrong_or_unconfirmed_target,target_peak_distractor_energy,0.062361590179720816,0.21697717905044556,20.117400000117414,False,False,3,5,False,True,0.0,1.0,0.0,0.04380475594493116
142585,4,motorcycle,a photo of a motorcycle,0.0,0.08244478975071458,0.6373963647959183,0.23181400936168348,0.042168991839957884,29.29436385491863,192.5870066664678,355.32098442478866,0.08244478975071458,0.5420085362485338,0.1320271448931532,193.82279651123406,1.2357898447662592,0.3755466740007515,831,23302,0.016561702806122448,0.034434177267641815,True,0.8100771851010609,B_wrong_or_unconfirmed_target,peak_in_background,0.06091997524584164,0.2079930603504181,19.93920000018079,False,False,6,11,False,True,0.0,1.0,0.0,0.06016847172081829
142585,8,truck,a photo of a truck,1.0,0.39150608982774965,0.7382214604591837,0.5897839787553464,0.3836805555555556,165.52715198579244,140.81987109928832,422.795854998371,0.39150608982774965,0.33306823951675424,0.5403256422042024,300.6912804109461,159.87140931165777,0.27542567065549617,9103,15030,0.18142139668367346,0.3772013425599801,True,0.6599559342400908,A_correct_target_coarse_mask,target_preferred,0.19783594637078541,0.2069186270236969,19.90150000005997,False,False,6,11,True,True,1.0,0.0,0.0,0.9465011534658904
12670,88,teddy bear,a photo of a teddy bear,0.0,0.478337254912202,0.9145607461734694,0.7747299619246544,0.23908413205537807,95.83625064126682,87.58423133337226,200.3528883796797,0.478337254912202,0.4371498311888339,0.522494814153401,90.0096920329687,2.4254606995964423,0.0845129138989641,1513,43180,0.030153858418367346,0.03385317611259034,True,0.968971318568453,B_wrong_or_unconfirmed_target,peak_in_distractor,0.03764182609383443,0.20468392968177795,19.95190000002367,False,False,5,29,True,True,0.0,1.0,0.0,0.05485789821546596
12670,31,handbag,a photo of a handbag,0.0,0.08477760791266734,0.7058753188775511,0.22121230535871303,0.04676398398139775,6.822168400278315,67.48421572834863,80.47134813364977,0.08477760791266734,0.838611720736533,0.09181133600134292,70.72287897494184,3.2386632465932053,0.07661067135079978,926,43767,0.01845503826530612,0.020719128275121384,True,0.826932988305633,B_wrong_or_unconfirmed_target,peak_in_distractor,0.06960524627704018,0.21932533383369446,19.621700000016062,False,False,5,29,False,True,0.0,1.0,0.0,0.6101511879049676
22479,1,person,a photo of a person,1.0,0.5447271221011322,0.7920320471938775,0.6503932191538692,0.4603330575093091,54.900098663259996,10.298033290695457,100.7845881649848,0.5447271221011322,0.10217865130170035,0.8420501787080491,10.944898446941806,0.6468651562463492,0.35309422659716755,10927,2904,0.2177734375,0.790036873689538,True,0.5862330507895419,A_correct_target_coarse_mask,target_preferred,0.11448319107564801,0.23226496577262878,19.760299999916242,False,False,3,4,True,True,1.0,0.0,0.0,0.014185046215795735
22479,41,skateboard,a photo of a skateboard,1.0,0.22305388333874324,0.6836136798469388,0.6697539499899305,0.14874792214059734,158.8389968853444,189.6646040253545,712.1104304833904,0.22305388333874324,0.2663415615140022,0.455774334813961,197.91639700012456,8.25179297477007,0.5106045551472544,2775,11056,0.05530532525510204,0.20063625189791048,True,0.769405315207987,B_wrong_or_unconfirmed_target,target_peak_distractor_energy,0.10346732133417094,0.2062835395336151,19.780200000013792,False,False,3,4,False,True,0.0,1.0,0.0,0.055855855855855854
232563,28,umbrella,a photo of a umbrella,1.0,0.6096605289937158,0.9090601084183674,0.7999391331163435,0.6283596676983222,232.8247592846601,64.45607452752512,381.8924601678781,0.6096605289937158,0.16878069417550307,0.7831811970486879,67.6579095092041,3.201834981678985,0.22155877683078096,8697,24506,0.17332987882653061,0.26193416257567087,True,0.9105396499159195,C_good_localization,target_preferred,0.08530238352226567,0.19119355082511902,19.7438999998667,False,False,3,5,True,True,0.0,0.0,1.0,0.041393583994480856
232563,1,person,a photo of a person,0.0,0.735686581320052,0.6952726403061225,0.7384655996353271,0.4652724347765265,85.8106217956053,9.238790715580137,116.6401888717804,0.735686581320052,0.0792076110725104,0.9028001281492002,9.993997143514491,0.755206427934354,0.18510580760743753,24070,9133,0.47971141581632654,0.7249344938710357,True,0.7789675333060398,B_wrong_or_unconfirmed_target,peak_in_background,0.105822660887433,0.22763535380363464,20.419999999830907,False,False,3,5,True,True,0.0,1.0,0.0,0.02139592854175322
203629,1,person,a photo of a person,1.0,0.736423278151136,0.6714963329081632,0.7424025311550811,0.4486368958019736,35.0655838439215,0.5276922623197606,47.616072012222574,0.736423278151136,0.011082230012259458,0.9851743834777766,0.6494674161076546,0.12177515378789394,0.25249449183660466,25434,669,0.5068957270408163,0.9743707619813815,True,0.6360831883928305,A_correct_target_coarse_mask,target_preferred,0.14090494880400997,0.23522399365901947,19.90309999996498,False,False,3,14,True,True,1.0,0.0,0.0,0.0020051899032790753
203629,47,cup,a photo of a cup,1.0,0.12552164308138225,0.7246890943877551,0.576261696965138,0.04665286404416839,8.098182946443558,38.57912933183604,64.51622801968169,0.12552164308138225,0.5979755871664858,0.1734929144626804,38.6328112362861,0.05368190445005894,0.27650276975213195,676,25427,0.013472576530612245,0.025897406428379878,True,0.887584517324662,B_wrong_or_unconfirmed_target,target_peak_distractor_energy,0.07013166885041429,0.21690188348293304,19.668700000011086,False,False,3,14,False,True,0.0,1.0,0.0,0.010355029585798817
570782,44,bottle,a photo of a bottle,1.0,0.310450488826191,0.7865911989795918,0.8305006812459427,0.10385806343627081,24.8393017022172,16.018290189360656,80.01050923171117,0.310450488826191,0.2002023277088706,0.6079482552014236,38.91444630167486,22.896156112314202,0.48934718346493844,1251,12841,0.024932238520408163,0.08877377235310814,True,0.9408883182727726,A_correct_target_coarse_mask,target_preferred,0.042282429346556696,0.21423189342021942,19.822499999918364,False,False,5,8,True,True,1.0,0.0,0.0,0.9040767386091128
570782,73,laptop,a photo of a laptop,1.0,0.45638370568541714,0.7322823660714286,0.5738786992663514,0.38603226838520954,102.81064977355163,16.758246205048636,225.2723935863268,0.45638370568541714,0.07439103362048974,0.8598444347261617,95.28254221249745,78.52429600744881,0.46922526069409315,12445,1647,0.24802694515306123,0.8831251774056202,False,0.44809640434838716,A_correct_target_coarse_mask,target_preferred,0.19099977215177794,0.2332984209060669,19.69860000008339,False,False,5,8,True,False,1.0,0.0,0.0,0.611410204901567
514797,1,person,a photo of a person,0.0,0.35602989381514466,0.7423070790816326,0.34646717538398086,0.34448669201520915,17.759788621375435,5.081739931830413,49.88285795629439,0.35602989381514466,0.101873471970729,0.7775218974512125,5.097907747605092,0.016167815774679184,0.5420966342141262,9794,1979,0.19519292091836735,0.8319035080268411,False,0.41389293201092014,B_wrong_or_unconfirmed_target,peak_in_background,0.11036151022023803,0.23662245273590088,23.49839999988035,False,False,2,4,True,False,0.0,1.0,0.0,0.0005105166428425567
514797,38,kite,a photo of a kite,0.0,0.25002841176536755,0.8281847895408163,0.5438442915380638,0.18708156529938708,106.54472491331398,23.110510131222327,426.1304711774037,0.25002841176536755,0.05423341369456097,0.8217541303034565,23.185973711189945,0.07546357996761799,0.6957381745400715,1984,9789,0.039540816326530615,0.16852119255924572,True,0.9578889488714262,B_wrong_or_unconfirmed_target,peak_in_background,0.08466078699629262,0.19903796911239624,19.840000000158398,False,False,2,4,True,True,0.0,1.0,0.0,0.0025201612903225806
78420,17,cat,a photo of a cat,1.0,0.7081417961165372,0.9487404336734694,0.9729675996616395,0.7390951511462771,289.3625357535202,81.50753117310359,408.6223088940517,0.7081417961165372,0.19946911707710263,0.780226180428763,83.9176615253511,2.4101303522475064,0.09238908680636032,7432,29996,0.14811862244897958,0.19856791706743615,True,0.934762252177489,C_good_localization,target_preferred,0.09895036380811344,0.19594529271125793,19.97420000020611,False,False,3,3,True,True,0.0,0.0,1.0,0.01843379978471475
78420,62,chair,a photo of a chair,1.0,0.20355627533945964,0.6942163584183674,0.7636210087895178,0.11928132713391883,37.73796340310946,88.23441813468915,185.3932694542378,0.20355627533945964,0.4759310755694332,0.2995733107719783,88.23441813468915,0.0,0.32051264909110716,2078,35350,0.04141422193877551,0.055519931602009194,True,0.8791666300376584,B_wrong_or_unconfirmed_target,target_peak_distractor_energy,0.11893188796479216,0.21141326427459717,22.943599999962316,False,False,3,3,False,True,0.0,1.0,0.0,0.0
199442,42,surfboard,a photo of a surfboard,1.0,0.19175717543029064,0.6927016900510204,0.46607294191758947,0.14061977483000782,135.78700896166265,22.598386852782028,708.1195718333117,0.19175717543029064,0.03191323577496258,0.857320261526777,26.613260662894504,4.014873810112476,0.7763295887947469,2537,3539,0.05056202168367347,0.4175444371296906,True,0.8934114321561568,A_correct_target_coarse_mask,target_preferred,0.12388410867342811,0.2118566930294037,20.127100000081555,False,False,2,2,True,True,1.0,0.0,0.0,0.04296413086322428
199442,1,person,a photo of a person,1.0,0.11311787929445977,0.6028380102040817,0.13486211601956355,0.09446994138228745,9.744821999916894,10.908624349416641,86.14749552146326,0.11311787929445977,0.12662729523807,0.4718254685001217,11.424751585138438,0.5161272357217968,0.7602548254674703,3648,2428,0.07270408163265306,0.6003949967083607,False,0.372868874985145,B_wrong_or_unconfirmed_target,target_peak_distractor_energy,0.16092976702574316,0.23426976799964905,19.73320000001877,False,False,2,2,False,False,0.0,1.0,0.0,0.02987938596491228
100723,13,stop sign,a photo of a stop sign,1.0,0.39737270068287045,0.7648875956632653,0.6311318403598726,0.23156591974986973,117.38005568518497,72.56965991900677,295.39033628498294,0.39737270068287045,0.24567377806494636,0.6179533110214042,74.05513614043036,1.4854762214235961,0.3569535212521832,4569,30928,0.09105947066326531,0.12871510268473393,True,0.9163101842482578,A_correct_target_coarse_mask,target_preferred,0.055164775663643244,0.1935928761959076,22.642800000085117,False,False,4,18,True,True,1.0,0.0,0.0,0.024294156270518712
100723,1,person,a photo of a person,1.0,0.8192309404946108,0.5847417091836735,0.7933196686594901,0.3852055117877903,78.78822346229435,0.8647675307654126,96.17339820530455,0.8192309404946108,0.008991753924711745,0.9891433137665634,1.9669286284112886,1.102161097645876,0.17177730558067753,31023,4474,0.6182836415816326,0.8739611798180128,True,0.9292754268009409,A_correct_target_coarse_mask,target_preferred,0.060853786421273454,0.233036071062088,19.73720000000867,False,False,4,18,True,True,1.0,0.0,0.0,0.01618154272636431
343076,17,cat,a photo of a cat,1.0,0.8421752382188847,0.8214485012755102,0.9264115154194658,0.6583012319310424,502.6080379991882,5.8799609241802955,596.7974540098724,0.8421752382188847,0.009852523472868281,0.988436382104138,6.047855654024033,0.16789472984373788,0.1479722383082469,24450,6064,0.48728475765306123,0.8012715474863997,True,0.9549549012359673,C_good_localization,target_preferred,0.16740634870895033,0.2100532501935959,19.682399999965128,False,False,2,2,True,True,0.0,0.0,1.0,0.003476482617586912
343076,73,laptop,a photo of a laptop,1.0,0.48539354379557414,0.8350207270408163,0.7145922450970736,0.42067324515361465,65.54861404999974,12.274976398073719,135.04220418227453,0.48539354379557414,0.09089733444742541,0.8422717799654227,12.78815680181107,0.5131804037373513,0.4237091217570003,6149,24365,0.12254862882653061,0.20151405912040374,True,0.9548725653291403,A_correct_target_coarse_mask,target_preferred,0.08685364996991687,0.21887440979480743,20.426000000043132,False,False,2,2,True,True,1.0,0.0,0.0,0.013823385916409173
361730,1,person,a photo of a person,1.0,0.1142222403747157,0.7017299107142857,0.17919850923482003,0.07158808933002482,2.3519124090515753,0.8206098599315013,20.59066956956831,0.1142222403747157,0.0398534810710726,0.7413383452166337,0.8377330580099809,0.017123198078479618,0.8459242785542117,1957,4388,0.03900271045918367,0.30843183609141056,True,0.8653432289575419,A_correct_target_coarse_mask,target_preferred,0.05737572806902458,0.23991936445236206,19.938599999932194,False,False,4,31,True,True,1.0,0.0,0.0,0.008175779253960144
361730,38,kite,a photo of a kite,0.0,0.18953541537679167,0.7092833227040817,0.2392701060118114,0.18188446438586653,136.95047458301997,7.037488137762807,722.5587593261441,0.18953541537679167,0.00973967590445647,0.9511244689848787,7.037488137762807,0.0,0.8007249087187517,3907,2438,0.07786591198979592,0.6157604412923562,True,0.9239155151373053,B_wrong_or_unconfirmed_target,peak_in_background,0.15137084587102972,0.20511870086193085,21.227400000043417,False,False,4,31,True,True,0.0,1.0,0.0,0.0
78170,7,train,a photo of a train,1.0,0.9791681364183609,0.4001315369897959,0.9775143355545063,0.380028424890317,387.1209399447231,0.0,395.35696224833157,0.9791681364183609,0.0,0.9999999999999973,25.216038239922455,25.216038239922455,0.02083186358163909,48204,0,0.9606983418367347,1.0,False,0.9999999998754807,A_correct_target_coarse_mask,target_preferred,0.16118180792666198,0.21811480820178986,20.65279999987979,False,False,6,10,True,False,1.0,0.0,0.0,0.19154012115177163
78170,62,chair,a photo of a chair,1.0,0.300718707283114,0.7943837691326531,0.6194476534807226,0.15813953488372093,18.0967295193841,41.807867553481756,60.178263211097104,0.300718707283114,0.6947337015497687,0.3020925004698983,59.904597072865855,18.0967295193841,0.004547591167117365,2059,46145,0.04103555484693878,0.0427142975686665,True,0.9065495953229228,B_wrong_or_unconfirmed_target,target_peak_distractor_energy,0.04308673700510191,0.2335338145494461,20.91840000002776,False,False,6,10,False,True,0.0,1.0,0.0,1.0
455937,62,chair,a photo of a chair,0.0,0.2585929221602163,0.6790896045918368,0.26899537298899595,0.24517157322332644,51.41412068985767,63.785434005330515,198.82261378369452,0.2585929221602163,0.3208157904750449,0.44630485617671195,98.9886960710373,35.20326206570678,0.4205912873647387,9839,8903,0.19608976403061223,0.5249706541457688,False,0.42175385263121856,B_wrong_or_unconfirmed_target,peak_in_distractor,0.10432714995119341,0.21519775688648224,23.083400000132315,False,False,11,14,False,False,0.0,1.0,0.0,0.8244740319138124
455937,72,tv,a photo of a tv,1.0,0.28911183533187207,0.7837810905612245,0.4393485099702075,0.14325199399826266,50.257718508838934,43.75679721228913,173.83487068645252,0.28911183533187207,0.25171472811812107,0.5345740295883255,43.75679721228913,0.0,0.4591734365500068,2665,16077,0.05311304209183673,0.14219400277451713,True,0.8738792903469748,A_correct_target_coarse_mask,target_preferred,0.04058423406512991,0.24066923558712006,19.964300000083313,False,False,11,14,True,True,1.0,0.0,0.0,0.0
253819,1,person,a photo of a person,0.0,0.35502779542377677,0.8165258290816326,0.477407697876315,0.35072995274702023,21.125753034647005,1.6946817296557128,59.50450445557475,0.35502779542377677,0.028479889802644088,0.9257384117717348,1.6946817296557128,0.0,0.6164923147735791,5401,518,0.10764110331632654,0.9124852170974826,True,0.5445400503926335,B_wrong_or_unconfirmed_target,peak_in_background,0.10753382308499054,0.22597521543502808,21.19259999994938,False,False,2,2,True,True,0.0,1.0,0.0,0.0
253819,41,skateboard,a photo of a skateboard,1.0,0.12582259797876352,0.8273078762755102,0.4247530385252022,0.05640858107372319,49.99735212698579,73.54433423683861,397.36385140787183,0.12582259797876352,0.1850805854037021,0.40470025623371825,73.54433423683861,0.0,0.6890968166175344,518,5401,0.010323660714285714,0.08751478290251731,True,0.8763646531940639,B_wrong_or_unconfirmed_target,target_peak_distractor_energy,0.06061196195719996,0.2164248377084732,20.006599999987884,False,False,2,2,False,True,0.0,1.0,0.0,0.0
31296,1,person,a photo of a person,1.0,0.5918847716150543,0.7647082270408163,0.6109145610588724,0.38768736061407605,57.547233862950605,7.106930118912516,97.22708983696874,0.5918847716150543,0.07309619295228809,0.890077766361544,8.186360729970687,1.0794306110581715,0.3350190354326577,12686,10287,0.25283003826530615,0.5522134679841553,True,0.8678312336407227,A_correct_target_coarse_mask,target_preferred,0.10202084540981803,0.2291211038827896,19.99799999998686,False,False,8,53,True,True,1.0,0.0,0.0,0.020573860949077722
31296,62,chair,a photo of a chair,0.0,0.2542483449319814,0.7087053571428571,0.30203142489115936,0.2689075630252101,42.312763183381094,62.16298207514646,166.42296410897364,0.2542483449319814,0.3735240650709849,0.40500082654281927,63.36358348232224,1.2006014071757818,0.37222758999703376,6825,16148,0.13602120535714285,0.2970878857789579,True,0.6169288486211821,B_wrong_or_unconfirmed_target,peak_in_background,0.09066429220928891,0.20886218547821045,19.897799999853305,False,False,8,53,False,True,0.0,1.0,0.0,0.03326007326007326
369675,1,person,a photo of a person,0.0,0.008226376802468235,0.8128985969387755,0.012092546991277622,0.009809091867946419,0.028161295585960033,2.3320832495009256,3.4232926915662976,0.008226376802468235,0.6812398061218369,0.011931516013698244,2.3602445450868856,0.028161295585960033,0.3105338170756949,633,23905,0.012615593112244899,0.025796723449343875,False,0.31320106396523184,B_wrong_or_unconfirmed_target,peak_in_background,0.029198671129058256,0.24753589928150177,20.577199999934237,False,False,3,8,False,False,0.0,1.0,0.0,1.0
369675,7,train,a photo of a train,1.0,0.7318255016184037,0.6821388711734694,0.7714274203020945,0.4622542904346067,465.77927422679045,0.0,636.4622074480019,0.7318255016184037,0.0,0.9999999999999978,3.565215847334912,3.565215847334912,0.2681744983815963,24538,0,0.48903858418367346,1.0,False,0.9999999999473185,A_correct_target_coarse_mask,target_preferred,0.15768290506803156,0.21612218022346497,23.29080000004069,False,False,3,8,True,False,1.0,0.0,0.0,0.025796723449343875
116362,57,carrot,a photo of a carrot,0.0,0.06609624060999386,0.7319634885204082,0.08722863716513468,0.07388789422944499,19.342749251052737,240.6079807799759,292.6452256972703,0.06609624060999386,0.8221831748892947,0.07440928997869652,259.9507300310286,19.342749251052737,0.11172058450071147,1073,39062,0.02138472576530612,0.026734770150741247,True,0.745326552963182,B_wrong_or_unconfirmed_target,peak_in_distractor,0.06021303114765899,0.22388389706611633,21.829699999898367,False,False,5,8,False,True,0.0,1.0,0.0,1.0
116362,50,spoon,a photo of a spoon,1.0,0.27447642036699527,0.7064333545918368,0.5299647681183205,0.18793759303158938,99.80844756524311,227.41148075053314,363.6321379876342,0.27447642036699527,0.6253888394162415,0.30501946528429313,245.81513024155828,18.403649491025135,0.1001347402167632,3883,36252,0.07738759566326531,0.09674847390058552,True,0.8038255981358153,B_wrong_or_unconfirmed_target,target_peak_distractor_energy,0.07883217293532244,0.21578636765480042,21.013100000118357,False,False,5,8,False,True,0.0,1.0,0.0,0.32835436518156064
233238,67,dining table,a photo of a dining table,0.0,0.5969189761528331,0.7555205676020408,0.6046982041571598,0.4918182194788516,183.88330299725362,69.88650224798832,308.0540414084152,0.5969189761528331,0.2268644226463286,0.724606707324967,112.65254598698309,42.76604373899477,0.17621660120083824,18504,18498,0.36878188775510207,0.5000810766985568,True,0.7245419865444852,B_wrong_or_unconfirmed_target,peak_in_background,0.16241425604143878,0.222065731883049,19.955100000061066,False,False,6,25,True,True,0.0,1.0,0.0,0.40412883700821445
233238,1,person,a photo of a person,1.0,0.7236610408936591,0.7317044005102041,0.6958761875030277,0.40808160752759093,62.7243260745463,6.247143432962542,86.67638926241925,0.7236610408936591,0.07207433865350399,0.9094242376221471,6.987613036430314,0.7404696034677727,0.2042646204528368,18678,18324,0.372249681122449,0.5047835252148533,True,0.9078356824862509,A_correct_target_coarse_mask,target_preferred,0.07927057791613862,0.22533096373081207,20.0667000001431,False,False,6,25,True,True,1.0,0.0,0.0,0.050433665274654677
78748,4,motorcycle,a photo of a motorcycle,1.0,0.6116359496747157,0.8508848852040817,0.7341944972658252,0.5439473363403633,329.61603229050525,18.484915149389735,538.9088598631324,0.6116359496747157,0.034300633235245716,0.9468978315476075,19.41793895672049,0.9330238073307555,0.3540634170900387,10798,7091,0.21520248724489796,0.6036111576946727,True,0.9213214822300558,C_good_localization,target_preferred,0.14936011002171146,0.21663233637809753,20.734000000175,False,False,3,20,True,True,0.0,0.0,1.0,0.011576217818114465
78748,1,person,a photo of a person,0.0,0.17024600331887893,0.6422791772959183,0.18587139203997932,0.1688353785598518,13.290802190153954,15.424421793815156,78.068218525281,0.17024600331887893,0.19757619790978365,0.46284863379694924,15.607384143380216,0.1829623495650594,0.6321777987713374,7115,10774,0.14180086096938777,0.3977304488791995,True,0.5661231115105716,B_wrong_or_unconfirmed_target,peak_in_background,0.05869567844158863,0.24539726972579956,21.114800000077594,False,False,3,20,False,True,0.0,1.0,0.0,0.028390723822909348
545826,17,cat,a photo of a cat,1.0,0.7217892940151884,0.7600645727040817,0.7108990202348459,0.4616072626447833,294.7361046048038,35.40085231896575,408.3409203331876,0.7217892940151884,0.08669435404632056,0.8927691929772621,36.855645878585904,1.4547935596201569,0.19151635193849098,20246,11104,0.403499681122449,0.6458054226475279,True,0.8203458872973021,A_correct_target_coarse_mask,target_preferred,0.11012881196148146,0.2008655071258545,23.758100000122795,False,False,2,2,True,True,1.0,0.0,0.0,0.010816951496591919
545826,62,chair,a photo of a chair,0.0,0.3006246107807055,0.6522241709183674,0.32370829195500794,0.27740279100583876,72.75986146747346,43.12016294792917,242.0289585690277,0.3006246107807055,0.17816117212945454,0.6278895938668932,45.00593639882205,1.8857734508928843,0.52121421708984,11323,20027,0.2256656568877551,0.36118022328548643,True,0.7490250043717077,B_wrong_or_unconfirmed_target,peak_in_background,0.1297097157817207,0.20362351834774017,20.11450000009063,False,False,2,2,True,True,0.0,1.0,0.0,0.019341164002472842
554579,31,handbag,a photo of a handbag,1.0,0.13129960963328224,0.6879583864795918,0.8941220431582112,0.04044861187718331,31.886794893071055,155.3843608996154,242.85521474230103,0.13129960963328224,0.6398230363902094,0.17027072192778217,187.27115579268644,31.886794893071055,0.22887735397650838,660,30059,0.013153698979591837,0.021485074383931768,True,0.9033459721013604,B_wrong_or_unconfirmed_target,target_peak_distractor_energy,0.07255888648686692,0.2175542116165161,20.7353000000694,False,False,4,6,False,True,0.0,1.0,0.0,1.0
554579,18,dog,a photo of a dog,1.0,0.6686670010673842,0.9087810905612245,0.8852620475821421,0.5628879763155381,288.2358791900333,41.84293463078623,431.06042130077634,0.6686670010673842,0.09706976693550333,0.8732335040033766,45.08800147471314,3.2450668439269066,0.23426323199711246,6037,24682,0.12031648596938775,0.19652332432696376,True,0.9657104447283827,C_good_localization,target_preferred,0.08110644482072449,0.21419309079647064,20.102899999983492,False,False,4,6,True,True,0.0,0.0,1.0,0.00927613052840815
404249,1,person,a photo of a person,1.0,0.5613029109748388,0.8378706951530612,0.7002147295611477,0.5194068647722574,69.71436219754105,3.4938169808592647,124.20096321336572,0.5613029109748388,0.02813035334401724,0.9522755924260026,3.6253461099695414,0.1315291291102767,0.410566735681144,9142,662,0.18219866071428573,0.9324765401876784,True,0.5909859222168166,C_good_localization,target_preferred,0.12036257038402265,0.22466591000556946,19.974199999978737,False,False,2,2,True,True,0.0,0.0,1.0,0.0029534018814263837
404249,41,skateboard,a photo of a skateboard,1.0,0.17193103537838997,0.814094387755102,0.3468959086925943,0.06878306878306878,76.71945265121758,83.46847336803057,446.22224534605726,0.17193103537838997,0.18705583201773937,0.4789340530072067,86.82019674096682,3.351723372936249,0.6410131326038706,689,9115,0.013731664540816327,0.07027743778049776,True,0.9240100403494649,B_wrong_or_unconfirmed_target,target_peak_distractor_energy,0.04061755719576137,0.1934816688299179,20.038500000055137,False,False,2,2,False,True,0.0,1.0,0.0,0.03918722786647315
369323,43,tennis racket,a photo of a tennis racket,1.0,0.19210498261758474,0.7062539859693877,0.8438749702463606,0.07679298465393047,57.799663400277495,40.40047520054776,300.87539954826076,0.19210498261758474,0.13427643224140523,0.5885904462439442,40.624355258702224,0.22388005815446377,0.67361858514101,1226,14577,0.024433992346938774,0.07758020628994494,True,0.9444767653427968,A_correct_target_coarse_mask,target_preferred,0.08817701515287919,0.21251563727855682,20.2635000000555,False,False,3,5,True,True,1.0,0.0,0.0,0.0065252854812398045
369323,1,person,a photo of a person,0.0,0.38770968369880077,0.6387316645408163,0.35666997681872836,0.23508312937800657,12.81327493530018,0.16217969023523437,33.048632711620385,0.38770968369880077,0.004907304082755884,0.9875010398543527,0.16225055179052106,7.086155528668314e-05,0.6073830122184434,14578,1225,0.2905373086734694,0.922483072834272,True,0.8690925903239523,B_wrong_or_unconfirmed_target,peak_in_background,0.08387846547863521,0.2400265783071518,20.956600000090475,False,False,3,5,True,True,0.0,1.0,0.0,6.859651529702291e-05
405691,44,bottle,a photo of a bottle,1.0,0.4509224757546712,0.8147919323979592,0.6371809054383384,0.43047128761414477,93.14464657744975,110.83695782691518,206.5646570878095,0.4509224757546712,0.5365727099181299,0.456632581400836,202.98759947283122,92.15064164591604,0.012504814327198946,7351,40015,0.14650430484693877,0.1551957100029557,True,0.8206137710212008,B_wrong_or_unconfirmed_target,target_peak_distractor_energy,0.1304673635250366,0.20191383361816406,20.233100000041304,False,False,8,13,False,True,0.0,1.0,0.0,0.970888314515032
405691,64,potted plant,a photo of a potted plant,1.0,0.45297477681048354,0.8016382334183674,0.6975543659084522,0.37327624205024873,75.88503918886818,89.60008372174309,167.52597070237556,0.45297477681048354,0.5348429461180405,0.4585610951254991,147.3223364008278,57.722252679084704,0.012182277071475907,6717,40649,0.1338687818877551,0.14181058142971753,True,0.8367436255189533,B_wrong_or_unconfirmed_target,target_peak_distractor_energy,0.09971579037662881,0.20874227583408356,19.89939999998569,False,False,8,13,False,True,0.0,1.0,0.0,0.7208575256811076
205401,9,boat,a photo of a boat,1.0,0.09183867702716036,0.6957509566326531,0.2982948480403765,0.04706616729088639,28.725672671571374,93.3401004748157,312.78404264334125,0.09183867702716036,0.2984170793560871,0.2353294615774231,95.39285921693954,2.0527587421238422,0.6097442436167525,754,6489,0.015027104591836735,0.10410051083805053,True,0.7259186051557215,B_wrong_or_unconfirmed_target,target_peak_distractor_energy,0.08523980895958373,0.210024893283844,20.832700000028126,False,False,3,4,False,True,0.0,1.0,0.0,0.11936339522546419
205401,5,airplane,a photo of a airplane,1.0,0.5810054109061333,0.8970623405612245,0.721407324764493,0.5175602465906968,231.25625145274455,0.1431909044680424,398.02770699171003,0.5810054109061333,0.0003597510976064405,0.9993811959829705,0.46232929401446654,0.31913838954642415,0.4186348379962601,6472,771,0.1289859693877551,0.893552395416264,True,0.9948292371031174,C_good_localization,target_preferred,0.08280654018292255,0.20707054436206818,20.81140000018422,False,False,3,4,True,True,0.0,0.0,1.0,0.00896168108776267
291664,18,dog,a photo of a dog,1.0,0.44953808187689864,0.8504464285714286,0.8117495841994381,0.386677564364528,165.97539365617558,46.67341890805983,369.2131998321473,0.44953808187689864,0.1264131914278217,0.7805140863696954,46.83529600748443,0.1618770994246006,0.42404872669527965,4871,6542,0.09707828443877552,0.42679400683431173,True,0.826870526180099,A_correct_target_coarse_mask,target_preferred,0.10888351591091698,0.214950293302536,21.51000000003478,False,False,2,2,True,True,1.0,0.0,0.0,0.001642373229316362
291664,11,fire hydrant,a photo of a fire hydrant,1.0,0.500210160564643,0.853156887755102,0.9161769133680732,0.47061359390717056,444.6468219384551,78.17598521112814,888.9200120136159,0.500210160564643,0.08794490410227224,0.8504732690653981,78.56187023743405,0.3858850263059139,0.41184493533308486,6550,4863,0.13054049744897958,0.5739069482169455,True,0.8085333498333435,A_correct_target_coarse_mask,target_preferred,0.15939777655281298,0.19304907321929932,19.86099999999169,False,False,2,2,True,True,1.0,0.0,0.0,0.0012213740458015267
11813,73,laptop,a photo of a laptop,1.0,0.16278701693462203,0.7132692920918368,0.699825896828382,0.0736591333462108,27.332093116361648,6.36209254298592,167.90093971277003,0.16278701693462203,0.03789194124743805,0.8111812937903209,6.36209254298592,0.0,0.79932104181794,1144,1671,0.022799744897959183,0.4063943161634103,True,0.8625455774027525,A_correct_target_coarse_mask,target_preferred,0.07107750219183757,0.23357701301574707,21.062099999880957,False,False,2,2,True,True,1.0,0.0,0.0,0.0
11813,62,chair,a photo of a chair,0.0,0.1724566807847559,0.6881576849489796,0.7277096214846162,0.09648920198637256,46.78933428460732,2.548884622801779,271.31065071932665,0.1724566807847559,0.009394709039412624,0.9483385359413539,2.548884622801779,0.0,0.8181486101758315,1671,1144,0.033302774234693876,0.5936056838365897,True,0.9262940401063513,B_wrong_or_unconfirmed_target,peak_in_background,0.12256202367816967,0.22396619617938995,19.76039999999557,False,False,2,2,True,True,0.0,1.0,0.0,0.0
537270,62,chair,a photo of a chair,0.0,0.08526713579505592,0.6860052614795918,0.5021133548974668,0.03313899969315741,10.179588762111962,64.46412260302452,119.38466874950677,0.08526713579505592,0.5399698577568893,0.13637570501172003,64.46412260302452,0.0,0.37476300644805477,540,33334,0.010762117346938776,0.01594143000531381,True,0.9069575511479179,B_wrong_or_unconfirmed_target,peak_in_distractor,0.07588521303910832,0.21063445508480072,20.28470000004745,False,False,4,8,False,True,0.0,1.0,0.0,0.0
537270,77,cell phone,a photo of a cell phone,0.0,0.19443909494264028,0.7922911352040817,0.41253754204723125,0.12095141700404859,44.610647255089134,123.99189878220642,229.43249796677628,0.19443909494264028,0.5404286658647698,0.26459059073295854,134.17194085906232,10.180042076855898,0.26513223919258994,1435,32439,0.028599330357142856,0.04236287418078762,True,0.8905091974481464,B_wrong_or_unconfirmed_target,peak_in_distractor,0.07194802603247989,0.2256942093372345,20.110600000180057,False,False,4,8,False,True,0.0,1.0,0.0,0.22020905923344947
576052,1,person,a photo of a person,0.0,0.1572013552277034,0.7821269132653061,0.3018193577000271,0.08854427213606804,11.527513809273358,10.039026651537455,73.32960833941894,0.1572013552277034,0.1369027720026822,0.5345091777802659,11.077495751908458,1.0384691003710032,0.7058958727696144,1205,3472,0.02401546556122449,0.25764378875347443,True,0.7679029491497029,B_wrong_or_unconfirmed_target,peak_in_background,0.06604486631203119,0.2192373275756836,19.880800000009913,False,False,2,2,True,True,0.0,1.0,0.0,0.08796680497925312
576052,19,horse,a photo of a horse,1.0,0.41787894866304315,0.8624242665816326,0.7130092193658919,0.33853967037178995,190.55965187493712,27.157609819201753,456.01639538103404,0.41787894866304315,0.05955402063232758,0.875262027420889,30.82976329769008,3.672153478488326,0.5225670307046293,3578,1099,0.07130899234693877,0.7650203121659184,True,0.6830674584358485,A_correct_target_coarse_mask,target_preferred,0.09664845769546915,0.2010779082775116,20.76190000002498,False,False,2,2,True,True,1.0,0.0,0.0,0.029625489100055896
157601,67,dining table,a photo of a dining table,1.0,0.09601014549371199,0.6105110012755102,0.3436953843081926,0.08382166799493694,21.56933084130287,67.72275900911248,224.65678736749248,0.09601014549371199,0.3014498684979943,0.2415592565638926,68.45471076365268,0.731951754540205,0.6025399860082937,1808,16175,0.036033163265306124,0.10053939832063616,True,0.7402168073726294,B_wrong_or_unconfirmed_target,target_peak_distractor_energy,0.1948418763591427,0.2206747829914093,19.975300000169227,False,False,5,5,False,True,0.0,1.0,0.0,0.0420353982300885
157601,58,hot dog,a photo of a hot dog,1.0,0.2352966753004741,0.7931879783163265,0.7375818765642305,0.09788750760671129,57.03932779375464,117.28843585241964,242.41450807120566,0.2352966753004741,0.4838342258705403,0.3271958900908328,174.32776364617428,57.03932779375464,0.2808690988289856,1126,16857,0.022441007653061226,0.06261469165322806,True,0.879234319872137,B_wrong_or_unconfirmed_target,target_peak_distractor_energy,0.05449339307248864,0.21211551129817963,20.294799999874158,False,False,5,5,False,True,0.0,1.0,0.0,1.0
365766,79,oven,a photo of a oven,0.0,0.21781232714376308,0.6416214923469388,0.4995785038692444,0.1686930793768203,84.98304262472084,40.43184234108776,390.1663589895411,0.21781232714376308,0.1036271872485336,0.6776152818534162,40.43184234108776,0.0,0.6785604856077033,3939,1770,0.07850366709183673,0.6899632159747767,False,0.48572556729703076,B_wrong_or_unconfirmed_target,peak_in_distractor,0.15308090969578972,0.18763113021850586,20.76319999991938,False,False,3,3,True,False,0.0,1.0,0.0,0.0
365766,78,microwave,a photo of a microwave,1.0,0.08509072177343871,0.5878308354591837,0.3015404336991597,0.07085093000269566,28.139459253288805,63.44844550000562,330.6995012712727,0.08509072177343871,0.19186132805189468,0.3072399060671417,63.44844550000562,0.0,0.7230479501746666,1577,4132,0.03142936862244898,0.27623051322473285,True,0.5374751855545074,B_wrong_or_unconfirmed_target,target_peak_distractor_energy,0.19353193979084823,0.20034044981002808,19.857100000081118,False,False,3,3,False,True,0.0,1.0,0.0,0.0
508370,1,person,a photo of a person,0.0,0.45726713499652405,0.7931481186224489,0.5307503188005054,0.45293063461943917,25.37784391842638,14.156152954897927,55.498945749992046,0.45726713499652405,0.2550706642008593,0.641924569371065,14.178561122554903,0.02240816765697673,0.2876622008026167,12115,14386,0.2414500956632653,0.45715256028074414,True,0.6803842666121949,B_wrong_or_unconfirmed_target,peak_in_distractor,0.05557262584204584,0.24744561314582825,20.006399999829227,False,False,3,6,True,True,0.0,1.0,0.0,0.0031366075113495664
508370,2,bicycle,a photo of a bicycle,1.0,0.654329413709412,0.8234215561224489,0.735246139123397,0.5394771037995738,229.4750845680769,36.59267612012104,350.70268852377603,0.654329413709412,0.10434101966583648,0.8624685830952495,36.87635718324805,0.2836810631270055,0.2413295666247514,14257,12244,0.28413982780612246,0.5379796988792875,True,0.8433983878786169,C_good_localization,target_preferred,0.11609084312979284,0.22705183923244476,20.1336000000083,False,False,3,6,True,True,0.0,0.0,1.0,0.008557199971943607
203389,1,person,a photo of a person,1.0,0.707021218481451,0.7992665816326531,0.7380174127497656,0.5505778412386775,53.879443620499956,7.266609022947648,76.2062611589266,0.707021218481451,0.09535448810161784,0.8811598016748311,10.21923217628904,2.952623153341392,0.19762429341693116,18132,3575,0.36136798469387754,0.8353065831298659,True,0.5938118685419663,C_good_localization,target_preferred,0.13758359185762778,0.2367076575756073,19.919399999935195,False,False,3,15,True,True,0.0,0.0,1.0,0.05443414956982131
203389,27,backpack,a photo of a backpack,1.0,0.09978447692011255,0.6899912308673469,0.2767351358142724,0.041825797708512996,15.755196589354455,111.73578614670018,157.89226015553567,0.09978447692011255,0.7076710792323327,0.1235789092784108,127.04228676612306,15.306500619422877,0.19254444384755479,807,20900,0.016083386479591837,0.037176947528447045,True,0.7850284036032447,B_wrong_or_unconfirmed_target,target_peak_distractor_energy,0.040908096967342385,0.2146778106689453,20.09900000007292,False,False,3,15,False,True,0.0,1.0,0.0,0.8029739776951673
55528,84,book,a photo of a book,0.0,0.10765116996440967,0.7534279336734694,0.4766690557828254,0.052171914502413236,13.383430578745902,71.80252141303745,124.32220275144775,0.10765116996440967,0.5775518758832585,0.1571084229948695,81.46387458297787,9.661353169940412,0.3147969541523318,681,30460,0.013572225765306123,0.02186827654860152,True,0.8928993812798817,B_wrong_or_unconfirmed_target,peak_in_background,0.06933816128878477,0.21027831733226776,20.14580000013666,False,False,6,7,False,True,0.0,1.0,0.0,0.7723935389133627
55528,63,couch,a photo of a couch,0.0,0.49342611919459856,0.8541135204081632,0.759023654734211,0.5542293404786554,146.31048141798237,82.36873177987036,296.51953094173376,0.49342611919459856,0.27778518169872546,0.6398066504251712,83.98194080549911,1.6132090256287483,0.22878869910667604,9875,21266,0.19680723852040816,0.31710606595806173,True,0.7927575863897925,B_wrong_or_unconfirmed_target,peak_in_background,0.2070816635796221,0.20393162965774536,20.7572000001619,False,False,6,7,True,True,0.0,1.0,0.0,0.029873417721518986
519569,62,chair,a photo of a chair,1.0,0.44215550914445306,0.8168447066326531,0.8043450293996057,0.4373354558256291,100.60408240091056,5.112587677955162,227.53099377993502,0.44215550914445306,0.022469851658539274,0.9516387749052059,5.112587677955162,0.0,0.5353746391970077,7161,1530,0.14271763392857142,0.8239558163617535,True,0.8078508048256225,A_correct_target_coarse_mask,target_preferred,0.1648255248866478,0.21391117572784424,20.108200000095167,False,False,5,8,True,True,1.0,0.0,0.0,0.0
519569,79,oven,a photo of a oven,0.0,0.1927892819458614,0.7584502551020408,0.736709182492032,0.0782569016655259,50.152805268764496,3.7001748802134955,260.143119796713,0.1927892819458614,0.01422361230658328,0.9312911770160477,3.7001748802134955,0.0,0.7929871057475555,1029,7662,0.0205078125,0.11839834311356576,True,0.9901888865844588,B_wrong_or_unconfirmed_target,peak_in_background,0.08335901884997945,0.20721137523651123,20.297300000038376,False,False,5,8,True,True,0.0,1.0,0.0,0.0
196754,62,chair,a photo of a chair,1.0,0.3028506186490047,0.7517338966836735,0.3545622066556577,0.23515687358015594,12.7521306674073,0.23753170896770825,42.10699890359695,0.3028506186490047,0.005641145537622662,0.9817137888509941,0.23753170896770825,0.0,0.6915082358133726,5687,1966,0.11334103954081633,0.7431072781915589,True,0.9488734092416912,A_correct_target_coarse_mask,target_preferred,0.09256838261861275,0.22402724623680115,20.12790000003406,False,False,2,2,True,True,1.0,0.0,0.0,0.0
196754,13,stop sign,a photo of a stop sign,1.0,0.3606129385656193,0.8258928571428571,0.9805214256058584,0.1837039805643805,109.259645011276,13.769659149984363,302.98315264524115,0.3606129385656193,0.04544694657034964,0.888078216455352,13.769659149984363,0.0,0.593940114864031,1966,5687,0.039182079081632654,0.25689272180844114,True,0.9582512861165272,A_correct_target_coarse_mask,target_preferred,0.06444770837816256,0.2209145426750183,20.172799999954805,False,False,2,2,True,True,1.0,0.0,0.0,0.0
410880,1,person,a photo of a person,0.0,0.01273723907556882,0.6338887117346939,0.014525552090122514,0.015594019613096833,1.108047297107987,57.94281172952833,86.99273763600169,0.01273723907556882,0.6660649302930877,0.0187642875204941,58.01238816920886,0.06957643968053162,0.32119783063134344,574,15493,0.011439732142857142,0.03572539988796913,False,0.340437977724459,B_wrong_or_unconfirmed_target,peak_in_distractor,0.16894574164094409,0.239402636885643,20.631699999967168,False,False,6,10,False,False,0.0,1.0,0.0,0.029616724738675958
410880,88,teddy bear,a photo of a teddy bear,1.0,0.7971851767315824,0.9156170280612245,0.9157352605917511,0.7549201203982403,512.8617408942227,2.3743371980444863,643.3407893971751,0.7971851767315824,0.0036906368089442833,0.9953917489496528,12.90021050663836,10.525873308593873,0.19912418645947325,14052,2015,0.28005420918367346,0.8745876641563453,True,0.9687244157650842,C_good_localization,target_preferred,0.13307378066676248,0.20614813268184662,20.310099999960585,False,False,6,10,True,True,0.0,0.0,1.0,0.04255621975519499
182441,1,person,a photo of a person,0.0,0.2698471438468678,0.9407286352040817,0.6079587675408603,0.1577456811101671,14.615290148183703,0.34911892759740226,54.161366838396305,0.2698471438468678,0.006445903195890237,0.9766700491926938,0.34911892759740226,0.0,0.723706952957242,557,7735,0.01110092474489796,0.06717317896767969,True,0.9982828254643171,B_wrong_or_unconfirmed_target,peak_in_background,0.0336136959029263,0.23701781034469604,19.827300000088144,False,False,2,27,True,True,0.0,1.0,0.0,0.0
182441,16,bird,a photo of a bird,0.0,0.2766079736291307,0.6769571109693877,0.3183027184324115,0.25633143696091026,62.183833935136136,1.2109301654336377,224.80853722066132,0.2766079736291307,0.005386495461447029,0.9808985776252185,1.2109301654336377,0.0,0.7180055309094223,7735,557,0.15415736607142858,0.9328268210323203,True,0.7871382057095093,B_wrong_or_unconfirmed_target,peak_in_background,0.1418757791182351,0.2080390751361847,19.996100000071237,False,False,2,27,True,True,0.0,1.0,0.0,0.0
308799,81,sink,a photo of a sink,1.0,0.051878353113812684,0.6559111926020408,0.5056878269254224,0.033531124048365425,13.145655828528106,53.38699328224175,253.39385388138038,0.051878353113812684,0.21068779871525004,0.19758202933783348,53.38699328224175,0.0,0.7374338481709373,599,4457,0.011937978316326531,0.11847310126582279,True,0.6469121881029143,B_wrong_or_unconfirmed_target,target_peak_distractor_energy,0.14875503892471606,0.20164214074611664,20.896900000025198,False,False,4,8,False,True,0.0,1.0,0.0,0.0
308799,79,oven,a photo of a oven,0.0,0.27813123474486146,0.7565369897959183,0.565443631195511,0.25316378308980864,87.25471042538993,14.871081393328495,313.7177688993882,0.27813123474486146,0.04740273860004968,0.8543846649460821,14.871081393328495,0.0,0.6744660266550889,4215,841,0.08400430484693877,0.8336629746835443,True,0.5393186155746778,B_wrong_or_unconfirmed_target,peak_in_distractor,0.14036529725918037,0.20899613201618195,19.673999999895386,False,False,4,8,True,True,0.0,1.0,0.0,0.0
123213,15,bench,a photo of a bench,0.0,0.01557156789054118,0.5841238839285714,0.017864182768343048,0.01857774433261217,2.041553996386938,46.89291501777486,131.1077992105768,0.01557156789054118,0.35766686116406027,0.04172016244410588,46.95433826103115,0.06142324325628579,0.6267615709453985,551,17792,0.010981345663265306,0.03003870686365371,True,0.5843396801625305,B_wrong_or_unconfirmed_target,peak_in_background,0.2593373988715468,0.18948028981685638,20.23660000008931,False,False,5,16,False,True,0.0,1.0,0.0,0.056261343012704176
123213,1,person,a photo of a person,1.0,0.3747386718370236,0.525390625,0.39621953352916495,0.21442237909876624,24.312266411806483,0.6383716836717213,64.87792224011525,0.3747386718370236,0.009839582736775807,0.9744146149196727,1.5799317105993396,0.9415600269276183,0.6154217454262008,17529,814,0.3493502869897959,0.9556233985716622,True,0.6388010247561133,A_correct_target_coarse_mask,target_preferred,0.12460491014966989,0.23134176433086395,22.578000000066822,False,False,5,16,True,True,1.0,0.0,0.0,0.028238918363854185
267169,22,elephant,a photo of a elephant,1.0,0.8491462150001792,0.7411910076530612,0.9289791031815092,0.5755238126368777,539.9988105412231,25.97485005582712,635.931481530668,0.8491462150001792,0.040845359618470904,0.9541059030407404,27.912078099856444,1.9372280440293252,0.11000842538134989,29880,4374,0.5955038265306123,0.8723068838675775,True,0.7526743424662988,C_good_localization,target_preferred,0.1939317029435973,0.16717074811458588,20.22990000000391,False,False,3,5,True,True,0.0,0.0,1.0,0.006291834002677376
267169,1,person,a photo of a person,1.0,0.26586361292449195,0.7522122130102041,0.5741384644313058,0.15788404226496885,15.608669423092579,28.14316350611501,58.70931057995365,0.26586361292449195,0.4793645714471142,0.3567546403906722,28.679238427509183,0.5360749213941745,0.2547718156283938,2762,31492,0.05504623724489796,0.0806329187832078,True,0.8634565284095796,B_wrong_or_unconfirmed_target,target_peak_distractor_energy,0.0821205782597867,0.22733724117279053,20.627399999966656,False,False,3,5,False,True,0.0,1.0,0.0,0.08689355539464157
415194,67,dining table,a photo of a dining table,0.0,0.03787574614255287,0.706672512755102,0.056672809866279025,0.04023475709162048,6.997030466212891,29.94225312244089,184.73643898335843,0.03787574614255287,0.16208092614115058,0.1894197663422444,29.94225312244089,0.0,0.8000433277162965,632,3388,0.012595663265306123,0.1572139303482587,True,0.5560931000449988,B_wrong_or_unconfirmed_target,peak_in_background,0.09752593848173247,0.24309706687927246,20.294400000011592,False,False,8,11,False,True,0.0,1.0,0.0,0.0
415194,62,chair,a photo of a chair,0.0,0.29130786271780207,0.7583506058673469,0.7107234770956397,0.17139342581835576,58.11844317323994,5.787852145694615,199.5086662989968,0.29130786271780207,0.029010529983798095,0.9094322066893359,5.787852145694615,0.0,0.6796816072983999,2581,1439,0.051438934948979595,0.6420398009950249,True,0.8484497098477716,B_wrong_or_unconfirmed_target,peak_in_background,0.0758004528842054,0.2196541577577591,20.466200000100798,False,False,8,11,True,True,0.0,1.0,0.0,0.0
154644,1,person,a photo of a person,1.0,0.9026541496629042,0.6216318558673469,0.8893521104335815,0.4407788152817462,157.30084101798317,0.052586099785571605,174.26479574344958,0.9026541496629042,0.00030175974189869186,0.9996658089960303,22.226520741079753,22.17393464129418,0.09704409059519709,32515,2422,0.6480189732142857,0.9306752153876978,True,0.9955320858674206,A_correct_target_coarse_mask,target_preferred,0.14100922435780405,0.2501370906829834,20.46610000002147,False,False,3,4,True,True,1.0,0.0,0.0,0.03466092572658773
154644,46,wine glass,a photo of a wine glass,1.0,0.43910003788412766,0.8637994260204082,0.7131719846465068,0.261348897535668,137.3993388833478,89.8997548684232,312.9112435185113,0.43910003788412766,0.2873011332464469,0.6044869630382178,89.8997548684232,0.0,0.27359882886942544,2422,32515,0.04827008928571429,0.06932478461230214,True,0.9535273539132041,A_correct_target_coarse_mask,target_preferred,0.04808441084741951,0.2093735784292221,24.284899999884146,False,False,3,4,True,True,1.0,0.0,0.0,0.0
142620,62,chair,a photo of a chair,0.0,0.35395644342454274,0.7601442920918368,0.5877327935206013,0.33090565408350475,94.09671127679758,82.58938816796206,265.84262845000967,0.35395644342454274,0.310670221136083,0.5325643136188882,83.78201814788542,1.1926299799233675,0.33537333543937425,6494,25225,0.12942442602040816,0.20473533213531322,True,0.8156875240417137,B_wrong_or_unconfirmed_target,peak_in_background,0.11126226742276761,0.19813251495361328,20.57809999996607,False,False,9,15,True,True,0.0,1.0,0.0,0.014320911610717586
142620,1,person,a photo of a person,1.0,0.4618975851428564,0.6437539859693877,0.49605464565699436,0.32719813309244206,43.82020129804033,24.49668944489352,94.86995106174359,0.4618975851428564,0.25821336651634297,0.6414255804311777,24.553623207440097,0.05693376254657778,0.27988904834080064,15899,15820,0.31686463647959184,0.5012453103817901,True,0.6402790930111959,A_correct_target_coarse_mask,target_preferred,0.13695238307872834,0.22106324136257172,20.498300000099334,False,False,9,15,True,True,1.0,0.0,0.0,0.007862129693691428
343149,1,person,a photo of a person,0.0,0.06788747467845682,0.7184909119897959,0.06148014652236609,0.05442495648681216,2.507973519976332,0.003907773343598819,36.943096379046835,0.06788747467845682,0.0001057781758059459,0.9984442842283233,0.003907773343598819,0.0,0.9320067471457373,1903,917,0.0379264987244898,0.674822695035461,True,0.9967768988275814,B_wrong_or_unconfirmed_target,peak_in_background,0.049698346278504786,0.22543944418430328,20.05739999981415,False,False,3,6,True,True,0.0,1.0,0.0,0.006305832895428271
343149,85,clock,a photo of a clock,1.0,0.3020044666200845,0.8682238520408163,0.9717943934740015,0.09832265102959226,90.16599886119366,1.7280405005603825,298.5584944166427,0.3020044666200845,0.005787946191036444,0.9811952928333177,1.7280405005603825,0.0,0.6922075871888791,721,2099,0.014369419642857142,0.25567375886524824,True,0.9934599015183294,A_correct_target_coarse_mask,target_preferred,0.038383109623605034,0.17884676158428192,20.720800000162853,False,False,3,6,True,True,1.0,0.0,0.0,0.0
117492,88,teddy bear,a photo of a teddy bear,1.0,0.21239065612256466,0.7916733099489796,0.5566576426620203,0.12299689571272758,57.9283322209958,111.77672961108738,272.7442594629351,0.21239065612256466,0.4098224829046399,0.341347108893625,167.98475047397778,56.20802086289041,0.37778686097279546,1514,16137,0.03017378826530612,0.08577417710044756,True,0.8467146876369387,B_wrong_or_unconfirmed_target,target_peak_distractor_energy,0.04681044719835537,0.1931777149438858,23.500900000044567,False,False,4,24,False,True,0.0,1.0,0.0,0.8910171730515192
117492,1,person,a photo of a person,1.0,0.5789775967382305,0.7280173788265306,0.5753502826302868,0.4163708677244152,33.31862901081253,0.6056039433491662,57.547354506493406,0.5789775967382305,0.010523575732414117,0.9821483379102944,5.1064985543766,4.500894611027434,0.41049882752935546,17238,413,0.34355070153061223,0.9766018922440655,True,0.5686197054735869,A_correct_target_coarse_mask,target_preferred,0.08276072394155788,0.23864518105983734,23.591600000145263,False,False,4,24,True,True,1.0,0.0,0.0,0.08614688478941873
278705,1,person,a photo of a person,0.0,0.14151266491022932,0.6478595344387755,0.1581671029834912,0.11963129048330842,9.56854073990985,15.381870437373436,67.61614408137814,0.14151266491022932,0.22748813388206338,0.38350232675208895,15.486171719028789,0.1043012816553528,0.6309992012077075,4104,6174,0.08179209183673469,0.39929947460595444,False,0.4834250648028391,B_wrong_or_unconfirmed_target,peak_in_background,0.11902454612316851,0.24126039445400238,19.89030000004277,False,False,3,6,False,False,0.0,1.0,0.0,0.012670565302144249
278705,3,car,a photo of a car,1.0,0.5093853359558469,0.848991549744898,0.719541832102806,0.38885304081303435,91.50748294311143,13.088338385615419,179.64294706560463,0.5093853359558469,0.07285751319162911,0.8748674830471299,13.206037118059715,0.11769873244429618,0.41775715085252396,5965,4313,0.11888153698979592,0.5803658299280016,True,0.8348535655933119,A_correct_target_coarse_mask,target_preferred,0.08056118347227628,0.22388571500778198,20.12719999993351,False,False,3,6,True,True,1.0,0.0,0.0,0.006705783738474434
425390,73,laptop,a photo of a laptop,0.0,0.6957848904440298,0.8196348852040817,0.7279034754355831,0.5927092709270927,232.10660436947455,39.55267952567161,333.5896015525011,0.6957848904440298,0.11856688380452025,0.8544033579174904,42.37861988664886,2.825940360977256,0.18564822575144982,17994,22868,0.35861766581632654,0.4403602368949146,True,0.8817662612908717,B_wrong_or_unconfirmed_target,peak_in_distractor,0.10628184712773905,0.22325991094112396,20.134699999971417,False,False,2,2,True,True,0.0,1.0,0.0,0.028287206846726688
425390,17,cat,a photo of a cat,1.0,0.8265664818886558,0.8318718112244898,0.9206810970918917,0.6659539082917557,566.8607438008185,57.31391467325477,685.8017548758752,0.8265664818886558,0.08357213183805304,0.9081764792992851,62.155956455009004,4.842041781754233,0.08986138627329117,23377,17485,0.4659000318877551,0.5720963242132054,True,0.8809189191088244,C_good_localization,target_preferred,0.15137904365656527,0.21706770360469818,19.76820000004409,False,False,2,2,True,True,0.0,0.0,1.0,0.02177353809299739
230993,28,umbrella,a photo of a umbrella,1.0,0.7303615842125427,0.8974410076530612,0.9053941473718107,0.7658354568620314,330.57393803245213,33.08488220001891,452.6168204600582,0.7303615842125427,0.07309689058040328,0.909022192342619,33.18171133964643,0.09682913962751627,0.19654152520705398,18642,13699,0.3715322066326531,0.5764200241179926,True,0.8801297719927956,C_good_localization,target_preferred,0.21273669350441982,0.2137942761182785,20.60299999993731,False,False,4,7,True,True,0.0,0.0,1.0,0.000321853878339234
230993,1,person,a photo of a person,1.0,0.2995310591361594,0.5772680165816326,0.3190214322196316,0.17904555482447654,7.431836986176457,12.259585434734078,24.811573823461586,0.2995310591361594,0.49410752908957073,0.37741493871382964,12.516654206758886,0.2570687720248088,0.20636141177426987,11412,20929,0.22743941326530612,0.3528647846386939,True,0.5264590787805703,B_wrong_or_unconfirmed_target,target_peak_distractor_energy,0.10928566005000617,0.2473076581954956,19.875400000046284,False,False,4,7,False,True,0.0,1.0,0.0,0.09656501927795304
157807,70,toilet,a photo of a toilet,1.0,0.4388145427184167,0.8120615433673469,0.7435171112587112,0.3941924707696261,308.757847195694,43.94212238589131,703.6180826710229,0.4388145427184167,0.062451667272508796,0.875412174154646,45.500727311995036,1.558604926103726,0.4987337900090746,7372,10553,0.14692283163265307,0.41126917712691774,True,0.9095707555653738,A_correct_target_coarse_mask,target_preferred,0.12366935507629914,0.19935263693332672,22.77460000004794,False,False,3,3,True,True,1.0,0.0,0.0,0.020075963103635377
157807,17,cat,a photo of a cat,1.0,0.6507109765336684,0.8809191645408163,0.8382358172358111,0.6379665535627727,475.23467414453626,32.094806630494986,730.3314240618887,0.6507109765336684,0.04394553701659598,0.9367377456924725,35.378653451199625,3.283846820704639,0.30534348644973563,10701,7224,0.21326929209183673,0.5969874476987448,True,0.9090579310541368,C_good_localization,target_preferred,0.1760788180602977,0.19460132718086243,20.19069999983003,False,False,3,3,True,True,0.0,0.0,1.0,0.013830483132417531
405306,65,bed,a photo of a bed,1.0,0.6051782097567335,0.8605707908163265,0.7386239464367922,0.5373015873015873,179.746332802535,67.7743635861452,297.01388765267757,0.6051782097567335,0.22818584047288476,0.7261870842520568,73.8787632643334,6.1043996781882015,0.1666359497703816,10186,29375,0.20300542091836735,0.25747579687065547,True,0.884371252072031,C_good_localization,target_preferred,0.10374079684468614,0.1990426480770111,20.200500000100874,False,False,2,2,True,True,0.0,0.0,1.0,0.04329471824072256
405306,17,cat,a photo of a cat,1.0,0.8392041522585115,0.7693718112244898,0.944881101321984,0.6310890079061464,686.3982511891518,47.639199279582954,817.9156994658329,0.8392041522585115,0.05824463243668672,0.9350997701150494,54.30966886306078,6.670469583477825,0.10255121530480173,29816,9745,0.5942283163265306,0.7536715452086651,True,0.824843127678464,C_good_localization,target_preferred,0.2617488578456674,0.19689956307411194,23.51260000000366,False,False,2,2,True,True,0.0,0.0,1.0,0.01479071639388248
570539,1,person,a photo of a person,1.0,0.37656907633140196,0.7228356186224489,0.39050631528006907,0.26261930010604456,35.60862139799774,58.089714866381954,94.5606626675318,0.37656907633140196,0.6143116305204103,0.38003472438959746,93.69833626437969,35.60862139799774,0.00911929314818769,9333,40153,0.18600526147959184,0.18859879561896295,True,0.7250676332175876,B_wrong_or_unconfirmed_target,target_peak_distractor_energy,0.08702582743629593,0.2395147830247879,23.31189999995331,False,False,3,8,False,True,0.0,1.0,0.0,0.9990356798457087
570539,6,bus,a photo of a bus,1.0,0.980267500878776,0.3134167729591837,0.9822042001805831,0.30813568172233047,556.0747125889933,0.0,567.2683345010331,0.980267500878776,0.0,0.9999999999999981,30.01012281477861,30.01012281477861,0.019732499121223962,49477,9,0.9860690369897959,0.9998181303803095,True,0.9999999999110245,A_correct_target_coarse_mask,target_preferred,0.13082814917053434,0.2167411595582962,20.145799999909286,False,False,3,8,True,True,1.0,0.0,0.0,0.21719182650524485
310200,51,bowl,a photo of a bowl,1.0,0.15820022631128278,0.6864038584183674,0.4180866319517155,0.14180529042814288,51.412592306616716,127.44409978039457,324.9843157964559,0.15820022631128278,0.3921546166560706,0.2874513204214071,127.44409978039457,0.0,0.4496451570326465,2910,21237,0.05799585459183673,0.12051186482792893,True,0.7464555950203047,B_wrong_or_unconfirmed_target,target_peak_distractor_energy,0.18203343701521468,0.22423745691776276,19.999600000119244,False,False,3,3,False,True,0.0,1.0,0.0,0.0
310200,60,donut,a photo of a donut,1.0,0.6560685980517724,0.7848971619897959,0.806574651835942,0.5841328555465649,437.8307425988023,26.38233270952469,667.3551270384864,0.6560685980517724,0.039532674045078875,0.9431676225578034,26.65703876586622,0.2747060563415289,0.30439872790314865,20689,3458,0.41232860331632654,0.8567938046134095,True,0.735016631217562,C_good_localization,target_preferred,0.19897771108230236,0.20421311259269714,20.9924000000683,False,False,3,3,True,True,0.0,0.0,1.0,0.0009183624148098023
210299,2,bicycle,a photo of a bicycle,1.0,0.20759837232307166,0.7699298469387755,0.4962858020668657,0.1205911480155405,152.4669734580093,64.57901385409059,734.432412700881,0.20759837232307166,0.08793050624849298,0.7024639125844316,74.80902559740935,10.230011743318755,0.7044711214284354,2116,2044,0.04217155612244898,0.5086538461538461,True,0.6951779449371575,A_correct_target_coarse_mask,target_preferred,0.07999582946431312,0.21896497905254364,20.327299999962634,False,False,2,2,True,True,1.0,0.0,0.0,0.2055765595463138
210299,1,person,a photo of a person,1.0,0.24298581690832774,0.7728794642857143,0.4779416005542099,0.1638418079096045,11.8448308097486,1.3886613944833712,48.74700490941555,0.24298581690832774,0.028487112122352144,0.895064630480518,3.282029764981509,1.8933683704981377,0.7285270709693201,2479,1681,0.04940609056122449,0.5959134615384616,True,0.8525930088900774,A_correct_target_coarse_mask,target_preferred,0.06534245427709276,0.23790429532527924,19.79439999990973,False,False,2,2,True,True,1.0,0.0,0.0,0.1754739814441307
363840,73,laptop,a photo of a laptop,1.0,0.47840668666730624,0.7417091836734694,0.6575570366723245,0.4455614973262032,148.0128946640616,55.931484320972814,309.38717787402663,0.47840668666730624,0.1807815201176387,0.725751282779518,105.46762172844377,49.53613740747096,0.34081179321505506,12396,8806,0.24705038265306123,0.5846618243561928,True,0.6527686295620168,A_correct_target_coarse_mask,target_preferred,0.16990593464200254,0.23166662454605103,20.888499999955457,False,False,8,12,True,True,1.0,0.0,0.0,0.4373991610196838
363840,62,chair,a photo of a chair,0.0,0.05321529505304742,0.6316764987244898,0.05646239297125108,0.05390601003378724,7.089086420863168,34.59530576021956,133.21520464739405,0.05321529505304742,0.25969487380805756,0.17006572604122502,34.59530576021956,0.0,0.687089831138895,1865,19337,0.03716916454081633,0.08796339967927554,True,0.6799621319501267,B_wrong_or_unconfirmed_target,peak_in_distractor,0.12857031083705833,0.22199273109436035,19.850200000064433,False,False,8,12,False,True,0.0,1.0,0.0,0.0
375469,1,person,a photo of a person,0.0,0.17037725077218233,0.6778340242346939,0.17335373783117955,0.17601182587419717,14.689006037961917,22.31780962128323,86.21459714479796,0.17037725077218233,0.2588634681410194,0.39692704644507476,22.452503082287876,0.13469346100464463,0.5707592810867983,5741,5080,0.11441725127551021,0.5305424637279365,False,0.3680461987373103,B_wrong_or_unconfirmed_target,peak_in_background,0.14095867410466412,0.2373899519443512,20.125300000017887,False,False,2,4,False,False,0.0,1.0,0.0,0.009928583870405853
375469,42,surfboard,a photo of a surfboard,1.0,0.36203264643949695,0.8073979591836735,0.6400483366320594,0.3281890858533194,231.71553535797284,19.596067498926914,640.0404428629263,0.36203264643949695,0.030616920723435737,0.9220248198803376,21.050312479049808,1.454244980122894,0.6073504328370674,5137,5684,0.10237962372448979,0.47472507161999816,True,0.9289959544324082,A_correct_target_coarse_mask,target_preferred,0.1327473198069446,0.20443089306354523,23.193700000092576,False,False,2,4,True,True,1.0,0.0,0.0,0.011095970410745571
66706,47,cup,a photo of a cup,1.0,0.270739804880257,0.7755301339285714,0.8189356408878019,0.15117944080186901,81.74354220181704,15.85163703610931,301.9265757318937,0.270739804880257,0.0525016289065767,0.8375776635701894,15.85163703610931,0.0,0.6767585662131663,2006,4226,0.03997927295918367,0.32188703465982027,True,0.9157092881100557,A_correct_target_coarse_mask,target_preferred,0.07757694439487339,0.21514834463596344,21.80680000014945,False,False,3,8,True,True,1.0,0.0,0.0,0.0
66706,52,banana,a photo of a banana,1.0,0.3475385778238837,0.8019770408163265,0.799136854588144,0.18323057953144267,147.5541807571426,17.818433904333233,424.56921381521033,0.3475385778238837,0.04196826647936969,0.8922528137998595,17.818433904333233,0.0,0.6104931556967468,2261,3971,0.04506138392857143,0.3628048780487805,True,0.9356661413255956,A_correct_target_coarse_mask,target_preferred,0.06954281711404903,0.2135240137577057,20.138600000109363,False,False,3,8,True,True,1.0,0.0,0.0,0.0
489611,1,person,a photo of a person,0.0,0.5258869735963038,0.6171277104591837,0.5762863188269687,0.34319122021265686,70.65251388987076,5.242720942434971,134.34923745440983,0.5258869735963038,0.039023079265440866,0.9309216058950216,5.519060788516072,0.2763398460811004,0.43508994713825544,20627,2183,0.41109295280612246,0.904296361245068,True,0.5878373505723142,B_wrong_or_unconfirmed_target,peak_in_background,0.1945931067808459,0.23263296484947205,19.906900000023597,False,False,3,4,True,True,0.0,1.0,0.0,0.007078101517428613
489611,64,potted plant,a photo of a potted plant,0.0,0.11521570864932501,0.8048867984693877,0.29409037898662393,0.07212586484693394,30.682181246578693,38.611830233588876,266.30206597925087,0.11521570864932501,0.1449926048887557,0.44278258093572354,38.611830233588876,0.0,0.7397916864619193,761,22049,0.015166613520408163,0.03336256028057869,True,0.9583739761416756,B_wrong_or_unconfirmed_target,peak_in_background,0.08692708922127261,0.20312035083770752,20.01180000002023,False,False,3,4,False,True,0.0,1.0,0.0,0.0
580294,79,oven,a photo of a oven,0.0,0.12968257011170123,0.6524832589285714,0.2105968561776207,0.14478395213105105,32.013187327596825,27.570996737517945,246.8580573320106,0.12968257011170123,0.11168765174408085,0.5372765915970528,27.58436764515058,0.013370907632634044,0.758629778144218,3402,6408,0.06780133928571429,0.3467889908256881,True,0.6862331533360053,B_wrong_or_unconfirmed_target,peak_in_background,0.1884212246261862,0.20179754495620728,19.964099999924656,False,False,7,9,True,True,0.0,1.0,0.0,0.0011757789535567313
580294,50,spoon,a photo of a spoon,0.0,0.04084304546011072,0.6313376913265306,0.05114686158079012,0.055501659433239724,6.917195090325549,36.00943259606197,169.3604140533843,0.04084304546011072,0.21262012612174763,0.16113996051264243,36.05155600830972,0.04212341224774718,0.7465368284181416,1206,8604,0.024035395408163265,0.12293577981651377,True,0.5781412188417707,B_wrong_or_unconfirmed_target,peak_in_background,0.1420435982182846,0.20901376008987427,20.80430000000888,False,False,7,9,False,True,0.0,1.0,0.0,0.006633499170812604
172935,9,boat,a photo of a boat,1.0,0.09861349722419949,0.7362484056122449,0.2743258060226433,0.05370039327851269,16.266515939801593,10.923016468929518,164.95222659854957,0.09861349722419949,0.06621927265955174,0.5982639088922871,10.923016468929518,0.0,0.8351672301162487,995,1696,0.019830197704081634,0.369751021924935,True,0.7173838976720271,A_correct_target_coarse_mask,target_preferred,0.05266357555190575,0.2102176398038864,20.451900000125534,False,False,3,5,True,True,1.0,0.0,0.0,0.0
172935,1,person,a photo of a person,0.0,0.055983902238538365,0.670280612244898,0.07788360621610733,0.04507936507936508,4.134507257054793,1.2578944349909662,73.85171614937317,0.055983902238538365,0.01703270418857616,0.7667283509596046,1.2578944349909662,0.0,0.9269833935728856,1351,1340,0.026925223214285716,0.5020438498699368,True,0.7652629361279749,B_wrong_or_unconfirmed_target,peak_in_background,0.06796556706033885,0.2312079221010208,19.872100000156934,False,False,3,5,True,True,0.0,1.0,0.0,0.0
508101,1,person,a photo of a person,0.0,0.060785835689452436,0.7119140625,0.14420392620463418,0.03343363423604146,3.879573718397296,4.442870880930741,63.82364697949657,0.060785835689452436,0.06961167359110673,0.4661579505990428,4.5431694534952385,0.10029857256449759,0.8696024907194408,597,1092,0.01189811862244898,0.35346358792184723,True,0.6149750502562877,B_wrong_or_unconfirmed_target,peak_in_background,0.07770602300782065,0.23732873797416687,23.539299999811192,False,False,2,4,False,True,0.0,1.0,0.0,0.02680067001675042
508101,9,boat,a photo of a boat,0.0,0.16677297481458023,0.7391780931122449,0.5170660292250099,0.07805565339908418,31.403852827847004,5.981933031878725,188.30300810285422,0.16677297481458023,0.03176759145882202,0.8399944552637136,6.307374047763005,0.3254410158842802,0.8014594337265978,1108,581,0.022082270408163265,0.6560094730609828,True,0.733533690636685,B_wrong_or_unconfirmed_target,peak_in_background,0.0845832165915646,0.20998556911945343,19.71870000011222,False,False,2,4,True,True,0.0,1.0,0.0,0.01444043321299639
308545,19,horse,a photo of a horse,0.0,0.5298547465966194,0.8295400191326531,0.7185662295589362,0.506804290162611,310.4551275567501,112.56004581817706,585.9249719868998,0.5298547465966194,0.19210658565461125,0.7339101457752829,121.79808024377144,9.238034425594378,0.27803866774876945,9237,11211,0.18409199617346939,0.451731220657277,True,0.7699857661428381,B_wrong_or_unconfirmed_target,peak_in_background,0.17631506219318946,0.21030966937541962,20.077599999922313,False,False,2,4,True,True,0.0,1.0,0.0,0.05120710187290246
308545,1,person,a photo of a person,1.0,0.5833416887083059,0.7898397640306123,0.5987078183135429,0.43992989165073293,48.67266323425196,13.211193309431565,83.43765613945385,0.5833416887083059,0.15833610291438419,0.7865163219084992,14.22017267989986,1.008979370468296,0.25832220837731,11684,8764,0.23286033163265307,0.5714006259780907,True,0.7342873803566683,A_correct_target_coarse_mask,target_preferred,0.06793533992842511,0.2293684482574463,23.60469999985071,False,False,2,4,True,True,1.0,0.0,0.0,0.04048271140020541
529939,42,surfboard,a photo of a surfboard,1.0,0.49553391261310903,0.8425542091836735,0.6652963949105576,0.45860745614035087,209.30456578516169,25.382510802906836,422.38192070736727,0.49553391261310903,0.06009374350208572,0.8918452981224013,27.190471679636175,1.8079608767293394,0.44437234388480523,7152,2886,0.14253826530612246,0.71249252839211,True,0.7689176045462432,A_correct_target_coarse_mask,target_preferred,0.10907695056205113,0.21264035999774933,23.056100000076185,False,False,2,14,True,True,1.0,0.0,0.0,0.010486577181208054
529939,1,person,a photo of a person,0.0,0.21112993767880756,0.7376434948979592,0.34207715255289145,0.17554957099016721,10.532011443799092,3.056826347664739,49.88402667849722,0.21112993767880756,0.06127866074978266,0.7750487278915246,3.1688671087007805,0.11204076103604166,0.7275914015714098,2961,7077,0.05901227678571429,0.29497907949790797,True,0.8917135704159614,B_wrong_or_unconfirmed_target,peak_in_background,0.11489518999386525,0.236445352435112,20.08309999996527,False,False,2,14,True,True,0.0,1.0,0.0,0.025329280648429583
332570,77,cell phone,a photo of a cell phone,0.0,0.7011200681986013,0.662468112244898,0.6899610401668361,0.4233964319760316,254.6744618014423,56.14221145837241,363.23944122121816,0.7011200681986013,0.15455978918374388,0.8193719440158752,56.725024955364866,0.5828134969924577,0.14432014261765477,24527,14718,0.4888193558673469,0.624971333927889,True,0.7313327304267803,B_wrong_or_unconfirmed_target,peak_in_background,0.12866874710510476,0.21460390090942383,20.086999999875843,False,False,2,2,True,True,0.0,1.0,0.0,0.0024870550821543603
332570,1,person,a photo of a person,0.0,0.24758806953707593,0.5902423469387755,0.3164747343069806,0.20161540851196025,16.477314868377448,35.450805060477926,66.55132817661877,0.24758806953707593,0.5326836598421596,0.31731006034788156,35.489527502548064,0.03872244207013864,0.21972827062076433,14779,24466,0.29454320790816324,0.37658300420435725,False,0.43485142496442514,B_wrong_or_unconfirmed_target,peak_in_distractor,0.03127316286314672,0.23168469965457916,19.86809999993966,False,False,2,2,False,False,0.0,1.0,0.0,0.004127478178496516
553990,1,person,a photo of a person,0.0,0.057357522553187316,0.7331792091836735,0.059352746377622695,0.039873780837636257,1.5241423452635274,6.802436329492835,26.572666974069506,0.057357522553187316,0.2559937373290712,0.183045450574325,6.917502927772389,0.11506659827955446,0.6866487401177415,1989,8019,0.03964046556122449,0.19874100719424462,False,0.47460505730972125,B_wrong_or_unconfirmed_target,peak_in_background,0.028267217397263195,0.24815356731414795,23.55119999992894,False,False,2,2,False,False,0.0,1.0,0.0,0.06133735545500251
553990,19,horse,a photo of a horse,1.0,0.5512990701397131,0.8310546875,0.7236494341035813,0.432293061880525,293.3062681403326,18.65597351560791,532.0275038120441,0.5512990701397131,0.03506580652679704,0.9401979758300868,19.850190780216508,1.1942172646085965,0.4136351233334899,8141,1867,0.16224888392857142,0.813449240607514,True,0.7828700674088089,A_correct_target_coarse_mask,target_preferred,0.09497328762775092,0.23892240226268768,19.718100000091,False,False,2,2,True,True,1.0,0.0,0.0,0.014985873971256603
92416,1,person,a photo of a person,1.0,0.8164422168424771,0.7989676339285714,0.8632258033131861,0.6099230442012452,133.63084256312368,1.7012900183067075,163.6745868922971,0.8164422168424771,0.010394344354913255,0.9874287799515462,7.407250552979775,5.705960534673068,0.17316343880260968,22941,1443,0.457210618622449,0.9408218503937008,True,0.8316676874790734,C_good_localization,target_preferred,0.13318320188176616,0.24357184767723083,19.776699999965786,False,False,4,8,True,True,0.0,0.0,1.0,0.07528006625691992
92416,32,tie,a photo of a tie,1.0,0.11395816745328054,0.7096819196428571,0.4925442387123785,0.06237126673532441,33.469264555722475,231.51615949709085,293.6978130105846,0.11395816745328054,0.7882801615848165,0.126306058815717,264.9854240528133,33.469264555722475,0.09776167096190276,1031,23353,0.020547672193877552,0.042281824146981624,True,0.7660561100292498,B_wrong_or_unconfirmed_target,target_peak_distractor_energy,0.10254114095308675,0.2322302609682083,19.91989999987709,False,False,4,8,False,True,0.0,1.0,0.0,1.0
562243,32,tie,a photo of a tie,1.0,0.2981759397032868,0.7826849489795918,0.8512090095671204,0.14839112777257107,77.25099254399538,154.90845786332056,259.0785581857054,0.2981759397032868,0.5979207964878492,0.332749721833252,229.00014865881667,74.0916907954961,0.10390326380886392,1900,19109,0.03786670918367347,0.09043743157694321,True,0.8337624802107884,B_wrong_or_unconfirmed_target,target_peak_distractor_energy,0.06920336868174547,0.2260081022977829,21.3203999999223,False,False,2,2,False,True,0.0,1.0,0.0,0.9536842105263158
562243,1,person,a photo of a person,0.0,0.5021425536891159,0.5594507334183674,0.5114617111360535,0.2885191026425054,62.03386227376474,0.04455624057300156,123.53834945478621,0.5021425536891159,0.0003606672808050483,0.9992822587681787,1.8976675205612992,1.8531112799882976,0.4974967790300791,20921,88,0.41695232780612246,0.9958113189585416,True,0.854147935057715,B_wrong_or_unconfirmed_target,peak_in_background,0.14394216188371878,0.24325664341449738,20.516999999927066,False,False,2,2,True,True,0.0,1.0,0.0,0.08661153864538024
185250,18,dog,a photo of a dog,1.0,0.447767346966423,0.9096779336734694,0.8274989689299933,0.3433787308026659,77.49770065862685,10.458580395389617,173.07581980612406,0.447767346966423,0.060427738589394535,0.8810934219812274,10.498445345271648,0.03986494988203049,0.49180491444418256,2370,5010,0.04723373724489796,0.32113821138211385,True,0.939990759968264,A_correct_target_coarse_mask,target_preferred,0.07256919429678896,0.2113163322210312,19.786399999929927,False,False,3,5,True,True,1.0,0.0,0.0,0.0008438818565400844
185250,1,person,a photo of a person,1.0,0.38398422983511926,0.7834422831632653,0.6539582671073718,0.2906847705463803,24.585953060071915,2.6765378939426228,64.02854896053671,0.38398422983511926,0.041802257545962465,0.9018234284439298,2.6899411627064183,0.013403268763795495,0.5742135126189183,4939,2441,0.09843351403061225,0.6692411924119241,True,0.8194900042235249,A_correct_target_coarse_mask,target_preferred,0.1013408062382213,0.22894194722175598,20.01519999998891,False,False,3,5,True,True,1.0,0.0,0.0,0.0006074104069649726
245311,60,donut,a photo of a donut,0.0,0.31630555364815227,0.7984494579081632,0.5485757303097384,0.2093041438623925,62.731993175410025,40.27012874992921,198.32719486547808,0.31630555364815227,0.20304895038344967,0.6090359305498629,93.15723294372562,52.887104193796404,0.4806454959683981,2825,9976,0.05630181760204082,0.22068588391531913,True,0.8461782339478968,B_wrong_or_unconfirmed_target,peak_in_background,0.06456617032680698,0.20768211781978607,20.078400000102192,False,False,3,18,True,True,0.0,1.0,0.0,0.7058407079646017
245311,51,bowl,a photo of a bowl,1.0,0.5493880387151605,0.8567442602040817,0.6794960266287045,0.4172206907734717,40.08738939429804,7.029725066695846,72.96735015936892,0.5493880387151605,0.09634069280770281,0.8508031498296381,19.023300770208607,11.99357570351276,0.3542712684771368,5870,6931,0.11698820153061225,0.4585579251620967,True,0.8706889077810385,A_correct_target_coarse_mask,target_preferred,0.04799347072463451,0.22961317002773285,19.73819999989246,False,False,3,18,True,True,1.0,0.0,0.0,0.35212947189097105
54931,1,person,a photo of a person,1.0,0.313688753094668,0.7459741709183674,0.3412759288213489,0.2833689418643877,18.48099030973118,13.977844802859181,58.915055536447014,0.313688753094668,0.2372542073598144,0.5693670227420475,13.977844802859181,0.0,0.4490570395455176,7392,4260,0.14732142857142858,0.6343975283213182,False,0.43245050437724253,A_correct_target_coarse_mask,target_preferred,0.12701766456425923,0.24241147935390472,19.631500000059532,False,False,2,2,True,False,1.0,0.0,0.0,0.0
54931,19,horse,a photo of a horse,1.0,0.362104688714862,0.7672991071428571,0.9418308886574064,0.26731927710843373,201.48869800195098,10.418265525492473,556.4376940741922,0.362104688714862,0.018723148407166247,0.9508356622544677,10.418265525492473,0.0,0.6191721628779718,4260,7392,0.08490114795918367,0.36560247167868176,True,0.9710638880196335,A_correct_target_coarse_mask,target_preferred,0.1512882525026937,0.21283450722694397,19.952199999806908,False,False,2,2,True,True,1.0,0.0,0.0,0.0
509735,24,zebra,a photo of a zebra,1.0,0.2838499888352669,0.7941246811224489,0.5164497528988977,0.23419082215138262,214.00054551751236,279.63372834422626,753.9212750919223,0.2838499888352669,0.3709057398733465,0.4335204357739776,279.63372834422626,0.0,0.3452442712913866,3906,9989,0.07784598214285714,0.2811083123425693,True,0.6618319220162112,B_wrong_or_unconfirmed_target,target_peak_distractor_energy,0.08634995799702874,0.1776512861251831,20.023299999820665,False,False,2,5,False,True,0.0,1.0,0.0,0.0
509735,25,giraffe,a photo of a giraffe,1.0,0.5322691323141808,0.8234614158163265,0.7102842975252694,0.43644229545743735,364.11640411033295,62.182199412647606,684.083261652316,0.5322691323141808,0.09089858340117024,0.8541346396662629,62.182199412647606,0.0,0.37683228428464893,9989,3906,0.19907924107142858,0.7188916876574307,True,0.6960237430595507,A_correct_target_coarse_mask,target_preferred,0.12278564432783787,0.1825127899646759,22.009600000046703,False,False,2,5,True,True,1.0,0.0,0.0,0.0
357816,28,umbrella,a photo of a umbrella,1.0,0.1830648274449332,0.7194475446428571,0.7961379560067458,0.07764382125540559,35.47589925536886,71.99277611859988,193.7887236478574,0.1830648274449332,0.3715013689311527,0.33010455494980045,73.94446478822182,1.9516886696219444,0.44543380362391416,1185,20833,0.02361686862244898,0.05381960214370061,True,0.8965145298586373,B_wrong_or_unconfirmed_target,target_peak_distractor_energy,0.07209850570591027,0.18892794847488403,20.1131000001169,False,False,7,10,False,True,0.0,1.0,0.0,0.10632911392405063
357816,1,person,a photo of a person,0.0,0.2959056513082565,0.5495256696428571,0.30719495666655744,0.20663390663390663,32.742574541315776,10.582926549271178,110.65207574290818,0.2959056513082565,0.09564146427636673,0.7557344685490269,11.608105369986333,1.0251788207151549,0.6084528844153768,16126,5892,0.32138871173469385,0.732400763012081,True,0.5306108762614831,B_wrong_or_unconfirmed_target,peak_in_background,0.08273078087742688,0.23851844668388367,21.455999999943742,False,False,7,10,True,True,0.0,1.0,0.0,0.03627682004216793
520009,6,bus,a photo of a bus,1.0,0.4631244278737318,0.8266501913265306,0.7819759307723706,0.3243222248116212,126.24252321803942,31.832077966175348,272.58878094087214,0.4631244278737318,0.1167769189043775,0.7986262326287313,31.832077966175348,0.0,0.4200986532218907,4196,4187,0.08362563775510204,0.5005368006680186,True,0.7982806928141896,A_correct_target_coarse_mask,target_preferred,0.06795574049225026,0.21088169515132904,21.101199999975506,False,False,5,10,True,True,1.0,0.0,0.0,0.0
520009,10,traffic light,a photo of a traffic light,1.0,0.1429454938684245,0.6936583227040817,0.6729094083814756,0.06274390243902439,44.3060478491243,82.52132568938168,309.9506437740962,0.1429454938684245,0.26624021387587876,0.3493413654558747,82.52132568938168,0.0,0.5908142922556968,1065,7318,0.02122528698979592,0.12704282476440415,True,0.7867468714366058,B_wrong_or_unconfirmed_target,target_peak_distractor_energy,0.08726246399413133,0.20636489987373352,19.653700000162644,False,False,5,10,False,True,0.0,1.0,0.0,0.0
72813,65,bed,a photo of a bed,1.0,0.4794340214838642,0.6979033801020408,0.5530355427639199,0.42334322453016815,271.4216400060104,50.65201045620688,566.1292854561123,0.4794340214838642,0.08947074768513022,0.8427315914123507,51.33647275379826,0.6844622975913808,0.43109523083100565,16032,9722,0.319515306122449,0.6225052419041702,True,0.7646778467407744,A_correct_target_coarse_mask,target_preferred,0.2435540401580858,0.2133588343858719,20.060499999999593,False,False,3,3,True,True,1.0,0.0,0.0,0.004116766467065869
72813,72,tv,a photo of a tv,1.0,0.23102728286196136,0.7013711734693877,0.6435544425877033,0.17479898667254104,42.11548388318624,46.10722950492079,182.29658143168405,0.23102728286196136,0.2529242684794918,0.47737688250317634,46.10722950492079,0.0,0.5160484486585469,3312,22442,0.06600765306122448,0.12860138230954415,True,0.8609050789089547,B_wrong_or_unconfirmed_target,target_peak_distractor_energy,0.11011897287518463,0.2338789850473404,24.044000000003507,False,False,3,3,False,True,0.0,1.0,0.0,0.0
449190,57,carrot,a photo of a carrot,1.0,0.13252941262977602,0.7052973533163265,0.5040992926176355,0.061083243380532094,28.50184803083539,126.44329278722455,215.06054743075003,0.13252941262977602,0.5879427644809635,0.1839479952733898,154.94514081805994,28.50184803083539,0.27952782288926054,962,19948,0.01917251275510204,0.046006695361071256,True,0.8237617700281019,B_wrong_or_unconfirmed_target,target_peak_distractor_energy,0.07094775401590099,0.21991969645023346,19.827900000109366,False,False,4,5,False,True,0.0,1.0,0.0,1.0
449190,54,sandwich,a photo of a sandwich,0.0,0.4827271811773916,0.7438815369897959,0.6498613741370776,0.4818563019111362,160.62356588420516,34.16260980995321,332.74191333588806,0.4827271811773916,0.10266999269030344,0.8246148132011477,34.16260980995321,0.0,0.414602826132305,15294,5616,0.3048070790816326,0.7314203730272597,True,0.6332281598658238,B_wrong_or_unconfirmed_target,peak_in_distractor,0.23782079591929586,0.2104756087064743,20.499599999993734,False,False,4,5,True,True,0.0,1.0,0.0,0.0
483667,1,person,a photo of a person,1.0,0.9016267324866067,0.544921875,0.8772045127353346,0.40337583612040134,92.74664860266165,0.0,102.86590366156803,0.9016267324866067,0.0,0.9999999999999892,0.493048851189144,0.493048851189144,0.09837326751339331,36490,0,0.7272401147959183,1.0,False,0.9999999996065626,A_correct_target_coarse_mask,target_preferred,0.14454720879167357,0.2509341239929199,19.866300000103365,False,False,3,3,True,False,1.0,0.0,0.0,0.027870649493011785
483667,32,tie,a photo of a tie,1.0,0.1492099358200228,0.7204041772959183,0.8354368917031799,0.06759271567193939,34.82926024310291,186.9520162679538,233.42453739216137,0.1492099358200228,0.8009098715867556,0.1570432851276621,221.78127651105672,34.82926024310291,0.04988019259322154,1017,35473,0.020268654336734693,0.027870649493011785,True,0.8666341238119928,B_wrong_or_unconfirmed_target,target_peak_distractor_energy,0.09310245948730635,0.23410962522029877,19.74649999988287,False,False,3,3,False,True,0.0,1.0,0.0,1.0
22705,1,person,a photo of a person,1.0,0.6665247887834457,0.8354591836734694,0.7591486597710735,0.503129513721714,70.58166624621549,27.230619331587942,105.89503561456814,0.6665247887834457,0.2571472701581658,0.7216032815230716,32.86844321522119,5.637823883633246,0.07632794105838851,10816,13709,0.21556122448979592,0.44101936799184505,True,0.7666434710899275,C_good_localization,target_preferred,0.078527904852423,0.2476494014263153,23.687599999902886,False,False,5,5,True,True,0.0,0.0,1.0,0.09754068047337278
22705,82,refrigerator,a photo of a refrigerator,1.0,0.5351487063162697,0.7273397640306123,0.6648064889329097,0.39187447215184246,219.84842008026317,42.28802289094415,410.81743725702677,0.5351487063162697,0.10293629007886237,0.838679344193322,48.89087291634746,6.602850025403313,0.36191500360486795,14179,10346,0.28258529974489793,0.578144750254842,True,0.7913814104166886,A_correct_target_coarse_mask,target_preferred,0.11821115789942738,0.22597578167915344,19.717500000069776,False,False,5,5,True,True,1.0,0.0,0.0,0.05825516609069751
439715,19,horse,a photo of a horse,1.0,0.5138286931095878,0.8093510841836735,0.7955033195979296,0.4204180551348076,295.4522225432447,37.02960950897864,575.0014090400973,0.5138286931095878,0.06439916307474022,0.888626667868086,38.72245609485867,1.6928465858800337,0.421772143815672,7050,4137,0.14050542091836735,0.6301957629391258,True,0.824006674832585,A_correct_target_coarse_mask,target_preferred,0.10357779337058677,0.22591093182563782,20.41189999999915,False,False,3,19,True,True,1.0,0.0,0.0,0.015886524822695036
439715,28,umbrella,a photo of a umbrella,1.0,0.1763995345720018,0.8020169005102041,0.5968715295045751,0.0599034730765591,31.505217164056376,31.750092977619943,178.6014755679344,0.1763995345720018,0.17777060842671036,0.4980643853218322,31.925626239468556,0.17553326184861362,0.6458298570012878,633,10554,0.012615593112244899,0.05658353445964066,True,0.9430017350198383,B_wrong_or_unconfirmed_target,target_peak_distractor_energy,0.03202238917978615,0.2121269255876541,19.772199999806617,False,False,3,19,False,True,0.0,1.0,0.0,0.023696682464454975
237517,64,potted plant,a photo of a potted plant,0.0,0.4060980299187953,0.7742546237244898,0.5940071175386546,0.359006281478128,171.52005990445764,140.1190564567188,422.3612213503113,0.4060980299187953,0.3317517077177462,0.5503803948207601,246.4133297814036,106.29427332468481,0.26215026236345845,7824,25154,0.15593112244897958,0.2372490751410031,True,0.797384800037712,B_wrong_or_unconfirmed_target,peak_in_background,0.1409630546224367,0.1934565007686615,20.418500000005224,False,False,7,10,True,True,0.0,1.0,0.0,0.7029652351738241
237517,51,bowl,a photo of a bowl,0.0,0.2569840930161145,0.7141661352040817,0.41968783339472726,0.2316099651754621,53.59323895497073,124.4563709331122,208.5469117016908,0.2569840930161145,0.5967787770990194,0.3010017207488276,176.310443373717,51.854072440604796,0.14623712988486615,4788,28190,0.09542410714285714,0.14518770089150343,True,0.7171406520092444,B_wrong_or_unconfirmed_target,peak_in_distractor,0.13939763070943595,0.2124684900045395,20.32720000011068,False,False,7,10,False,True,0.0,1.0,0.0,0.9624060150375939
121506,67,dining table,a photo of a dining table,0.0,0.21709059427999852,0.6960499043367347,0.30458760171711485,0.18374009847998288,55.09342997483327,105.05464631838322,253.7808243491886,0.21709059427999852,0.41395817271770596,0.34401555891287694,152.67703539233253,47.62238907394931,0.36895123300229554,4158,10916,0.08286830357142858,0.27583919331298923,True,0.5792621610657306,B_wrong_or_unconfirmed_target,peak_in_distractor,0.10580382210736018,0.21590712666511536,19.776900000124442,False,False,5,9,False,True,0.0,1.0,0.0,0.9076479076479076
121506,62,chair,a photo of a chair,1.0,0.14793353131353926,0.6792091836734694,0.3067169588413703,0.11628417700669814,26.373015173274325,80.98452716351771,178.27611454348212,0.14793353131353926,0.4542645960783789,0.24565591386713312,92.25801099626283,11.273483832745114,0.3978018726080818,2398,12676,0.04779177295918367,0.15908186281013667,True,0.6325468836358482,B_wrong_or_unconfirmed_target,target_peak_distractor_energy,0.15255988980868387,0.21579161286354065,19.828899999993155,False,False,5,9,False,True,0.0,1.0,0.0,0.37155963302752293
529568,64,potted plant,a photo of a potted plant,1.0,0.20102366505832026,0.727897799744898,0.9099616294098107,0.09958451493767724,53.881462383084,46.57769425639049,268.03541944900917,0.20102366505832026,0.17377440023463536,0.536351928340908,63.92243497033701,17.34474071394652,0.6252019347070443,1510,9741,0.03009406887755102,0.1342102924184517,True,0.881832483503532,A_correct_target_coarse_mask,target_preferred,0.10082717863871557,0.21581603586673737,20.69759999994858,False,False,9,35,True,True,1.0,0.0,0.0,0.35960264900662253
529568,67,dining table,a photo of a dining table,0.0,0.11697514466463499,0.5968789859693877,0.12208688340243204,0.12758248867802457,24.38231259451277,24.341503090197875,208.4401149014715,0.11697514466463499,0.11677935939396296,0.5004187839533952,25.469110119362085,1.12760702916421,0.766245495941402,5021,6230,0.10006776147959184,0.44627144253844103,True,0.5541424683871299,B_wrong_or_unconfirmed_target,peak_in_background,0.18947785463234118,0.23307083547115326,19.570400000020527,False,False,9,35,True,True,0.0,1.0,0.0,0.04700258912567218
412362,32,tie,a photo of a tie,1.0,0.15769831678808882,0.7457748724489796,0.8222152304011241,0.046921697549312615,22.19417627900839,99.92994626935152,140.7381938567701,0.15769831678808882,0.7100414147068754,0.18173458130861525,122.1241225483599,22.19417627900839,0.13226026850503578,628,31845,0.01251594387755102,0.019339143288270255,True,0.9184488675103376,B_wrong_or_unconfirmed_target,target_peak_distractor_energy,0.04946081886028271,0.22604641318321228,23.365000000012515,False,False,5,7,False,True,0.0,1.0,0.0,1.0
412362,1,person,a photo of a person,1.0,0.8268560794331238,0.5626793686224489,0.8011409654928277,0.37525268342681434,66.13784621922235,0.004573799265926937,79.98713181689993,0.8268560794331238,5.718168862957741e-05,0.9999308492301061,1.0301977333192553,1.0256239340533284,0.17308673887824672,32402,71,0.6457669005102041,0.9978135681951159,True,0.9694053191947368,A_correct_target_coarse_mask,target_preferred,0.1112577992927184,0.2343064248561859,19.777500000145665,False,False,5,7,True,True,1.0,0.0,0.0,0.03941114746003333
22192,18,dog,a photo of a dog,1.0,0.5426866825569825,0.8816964285714286,0.7942982776001859,0.42127327678658477,120.98936837693873,42.22039926444657,222.94515834969795,0.5426866825569825,0.18937571722558905,0.741312055800382,43.21462494929827,0.994225684851699,0.26793760021742846,4765,19775,0.09496572066326531,0.1941727791361043,True,0.9224363977500244,A_correct_target_coarse_mask,target_preferred,0.08542895806260588,0.2100060135126114,19.77560000000267,False,False,3,3,True,True,1.0,0.0,0.0,0.07660020986358866
22192,31,handbag,a photo of a handbag,0.0,0.31597762169053056,0.7416294642857143,0.4904748979003012,0.29619978284473397,69.90711197024211,119.82018562114456,221.2407055798064,0.31597762169053056,0.5415829121821472,0.3684610114502333,123.97057932719247,4.1503937060479075,0.14243946612732236,5532,19008,0.11025191326530612,0.2254278728606357,True,0.6671861465845829,B_wrong_or_unconfirmed_target,peak_in_distractor,0.12068021633674023,0.21349406242370605,20.197700000153418,False,False,3,3,False,True,0.0,1.0,0.0,0.0636297903109183
482319,62,chair,a photo of a chair,1.0,0.21262403208133607,0.659538424744898,0.4423265620356056,0.165869140625,28.865158248147054,50.45125355186189,135.75680023368727,0.21262403208133607,0.3716296602823341,0.36392415633889574,51.80673655464067,1.355483002778783,0.4157463076363298,4648,27441,0.09263392857142858,0.14484714388108075,True,0.7715755200665642,B_wrong_or_unconfirmed_target,target_peak_distractor_energy,0.1290031052565415,0.20228596031665802,19.93880000009085,False,False,4,12,False,True,0.0,1.0,0.0,0.11144578313253012
482319,1,person,a photo of a person,1.0,0.638190553553451,0.5389827806122449,0.6663824648467523,0.33692598750214986,52.48036972292428,7.351106518230154,82.23307197311695,0.638190553553451,0.08939355349187642,0.8771364676244666,8.479032528879856,1.127926010649702,0.2724158929546726,27801,4288,0.554069674744898,0.8663716538377637,True,0.5240655838475162,A_correct_target_coarse_mask,target_preferred,0.13909459369236396,0.22905398905277252,20.2335999999832,False,False,4,12,True,True,1.0,0.0,0.0,0.026545807704758822
262895,1,person,a photo of a person,1.0,0.9510025624070207,0.4038783482142857,0.9483861631172419,0.36214360352291386,140.81964417802342,0.0,148.0749366453903,0.9510025624070207,0.0,0.9999999999999929,4.54000854230253,4.54000854230253,0.048997437592979275,46166,0,0.9200813137755102,1.0,False,0.9999999996721622,A_correct_target_coarse_mask,target_preferred,0.2291708985188526,0.25045204162597656,20.405999999866253,False,False,2,2,True,False,1.0,0.0,0.0,0.05863622579387428
262895,32,tie,a photo of a tie,1.0,0.22409150552485985,0.6972058354591837,0.8842963855289557,0.15122905027932962,52.61803941754624,168.98302836975995,234.80604181897024,0.22409150552485985,0.7196706995301329,0.23744488211604226,221.6010677873062,52.61803941754624,0.056237794945007274,2707,43459,0.05395009566326531,0.05863622579387428,True,0.8333055219213376,B_wrong_or_unconfirmed_target,target_peak_distractor_energy,0.157294978330495,0.23230460286140442,19.682500000044456,False,False,2,2,False,True,0.0,1.0,0.0,1.0
56350,1,person,a photo of a person,0.0,0.2906186123979809,0.5697943239795918,0.29415691189156457,0.19829155060352832,34.4271327631069,11.234113694008556,118.46155509118411,0.2906186123979809,0.09483341397435865,0.75396830867155,11.234113694008556,0.0,0.6145479736276604,14118,2788,0.2813695790816326,0.8350881343901574,False,0.3770153200602106,B_wrong_or_unconfirmed_target,peak_in_background,0.09968287547580706,0.23478873074054718,23.6766999998963,False,False,2,10,True,False,0.0,1.0,0.0,0.0
56350,70,toilet,a photo of a toilet,1.0,0.352267175270514,0.7942841198979592,0.7660645473938305,0.21145912910618794,87.89472056203522,15.801748063139641,249.51152628552137,0.352267175270514,0.06333073384777167,0.8476153694273035,15.801748063139641,0.0,0.5844020908817144,2788,14118,0.055564413265306124,0.16491186560984267,True,0.9657144846957199,A_correct_target_coarse_mask,target_preferred,0.06868649612719484,0.22825220227241516,19.78740000004109,False,False,2,10,True,True,1.0,0.0,0.0,0.0
352900,51,bowl,a photo of a bowl,1.0,0.8126760125903169,0.29023836096938777,0.8192733248017066,0.2573817666194011,152.24680601925843,8.332508043851703,187.34010068045222,0.8126760125903169,0.04447797355497604,0.9481097045876168,21.346199906149366,13.013691862297662,0.14284601385470705,43913,858,0.8751793686224489,0.9808358088941502,False,0.26307961567003396,A_correct_target_coarse_mask,target_preferred,0.15427282516889135,0.2335345447063446,19.810399999869333,False,False,4,9,True,False,1.0,0.0,0.0,0.1355862728576959
352900,49,knife,a photo of a knife,1.0,0.12811836401134813,0.6512276785714286,0.781198650590376,0.04673711733304282,14.616454167757183,76.04595644501791,114.08555112725702,0.12811836401134813,0.6665695672556488,0.16121845943612537,76.04595644501791,0.0,0.20531206873300306,858,43913,0.01709980867346939,0.01916419110584977,True,0.9077252853430765,B_wrong_or_unconfirmed_target,target_peak_distractor_energy,0.09537043969943407,0.22631841897964478,21.318199999996068,False,False,4,9,False,True,0.0,1.0,0.0,0.0
21167,1,person,a photo of a person,1.0,0.8070279740490394,0.39188058035714285,0.7893271973405508,0.2899660259691907,45.70322657680402,0.0,56.63152709255014,0.8070279740490394,0.0,0.9999999999999781,1.2970726149196707,1.2970726149196707,0.19297202595096066,38677,0,0.7708266900510204,1.0,False,0.9999999991537359,A_correct_target_coarse_mask,target_preferred,0.08701734735537742,0.24366213381290436,20.293400000127804,False,False,3,4,True,False,1.0,0.0,0.0,0.031336453189233913
21167,32,tie,a photo of a tie,0.0,0.049967470894160544,0.5769491390306123,0.21742675841632306,0.03723693759071117,10.190225571859628,183.00474241041542,203.937189325516,0.049967470894160544,0.897358363208149,0.05274581257620795,193.19496798227505,10.190225571859628,0.052674165897690486,821,37856,0.016362404336734693,0.021227085864984358,True,0.7196928531959722,B_wrong_or_unconfirmed_target,peak_in_distractor,0.20118536374217535,0.2311631143093109,20.789899999954287,False,False,3,4,False,True,0.0,1.0,0.0,1.0
199236,19,horse,a photo of a horse,1.0,0.4790719024395533,0.7454958545918368,0.5844654177813544,0.3481368044920878,165.50418901307216,12.890296192231744,345.46836950838417,0.4790719024395533,0.03731252215817955,0.9277427428465741,17.060135154842555,4.169838962610811,0.4836155754022671,9677,4229,0.19286112882653061,0.6958866676254855,True,0.8487377721416931,A_correct_target_coarse_mask,target_preferred,0.09861708052352619,0.2199959009885788,23.733900000024732,False,False,2,15,True,True,1.0,0.0,0.0,0.05549240467086907
199236,1,person,a photo of a person,0.0,0.10532325864455754,0.6835738201530612,0.10299431011309412,0.0966659080564406,1.8981984787206443,2.7173146868046842,18.022595418611573,0.10532325864455754,0.1507726619662431,0.411264882288378,2.9016609133943803,0.18434622658969602,0.7439040793891993,4766,9140,0.09498565051020408,0.34272975693945057,True,0.5725870478432663,B_wrong_or_unconfirmed_target,peak_in_background,0.05584092683839396,0.24034275114536285,19.909999999981665,False,False,2,15,False,True,0.0,1.0,0.0,0.1126731011330256
558421,7,train,a photo of a train,1.0,0.49837898393294394,0.8008410395408163,0.8986940287400844,0.3220488466757124,337.74632988870144,0.037599434275875865,677.6897517294683,0.49837898393294394,5.548178082953429e-05,0.9998886879125591,2.7177986774041756,2.6801992431282997,0.5015655342862265,4762,889,0.09490593112244898,0.8426827110245975,True,0.999404036843413,A_correct_target_coarse_mask,target_preferred,0.11405278631812446,0.2053426057100296,19.90909999994983,False,False,3,15,True,True,1.0,0.0,0.0,0.005669886602267955
558421,16,bird,a photo of a bird,0.0,0.03635850681429915,0.658561862244898,0.03940719669012839,0.042958493938886094,2.8828419087349175,0.3161146632120335,79.28933725081217,0.03635850681429915,0.003986849608946574,0.9011819460179352,0.3161146632120335,0.0,0.9596546435767542,889,4762,0.017717633928571428,0.1573172889754026,True,0.9799397851044133,B_wrong_or_unconfirmed_target,peak_in_background,0.12340951518773524,0.22516338527202606,20.462799999904746,False,False,3,15,True,True,0.0,1.0,0.0,0.0
478721,8,truck,a photo of a truck,1.0,0.38250062659356493,0.8300382653061225,0.8085657766621287,0.15186474390850324,40.769149232975906,3.9251047001730512,106.5858364626841,0.38250062659356493,0.036825762506890285,0.9121787622622607,10.639291119061909,6.714186418888858,0.5806736108995448,1563,3669,0.03115035076530612,0.29873853211009177,True,0.9606019848006494,A_correct_target_coarse_mask,target_preferred,0.032891358820004664,0.2134256511926651,20.032300000139003,False,False,4,13,True,True,1.0,0.0,0.0,0.3198976327575176
478721,38,kite,a photo of a kite,1.0,0.2872699420381011,0.7645288584183674,0.8122471078619328,0.16324362606232296,56.0940299439244,22.007289174849575,195.26592147425072,0.2872699420381011,0.11270419850373957,0.7182212871285527,22.0262756928787,0.018986518029123545,0.6000258594581593,2328,2904,0.046396683673469385,0.44495412844036697,True,0.7607389832790072,A_correct_target_coarse_mask,target_preferred,0.07459223741233773,0.22678065299987793,20.719999999982974,False,False,4,13,True,True,1.0,0.0,0.0,0.001288659793814433
513567,58,hot dog,a photo of a hot dog,1.0,0.2517984291477419,0.8102678571428571,0.7108940667146154,0.1167192429022082,72.51824873080477,176.0526835953264,288.00119594175436,0.2517984291477419,0.6112915018274142,0.29174066352882627,248.57093232613119,72.51824873080477,0.13691006902484387,1266,36476,0.025231186224489797,0.03354353240421811,True,0.9222879484316598,B_wrong_or_unconfirmed_target,target_peak_distractor_energy,0.05939443116029556,0.2014715075492859,20.15069999993102,False,False,4,14,False,True,0.0,1.0,0.0,1.0
513567,1,person,a photo of a person,1.0,0.8831157670172456,0.5519172512755102,0.8744430144594977,0.4301609428462806,39.902578993908364,0.0,45.183859788485854,0.8831157670172456,0.0,0.9999999999999749,1.3862264718331971,1.3862264718331971,0.11688423298275448,37653,89,0.7504185267857143,0.9976418843728472,True,0.9999999990563768,A_correct_target_coarse_mask,target_preferred,0.13248968023022914,0.23569020628929138,19.7261000000708,False,False,4,14,True,True,1.0,0.0,0.0,0.04934533768889597
573258,1,person,a photo of a person,0.0,0.43562805765638185,0.7631536989795918,0.594114225859681,0.39087647360328037,49.955418120734976,0.6598201017591236,114.6744734246186,0.43562805765638185,0.00575385333853621,0.9869640028392304,0.7617591688726861,0.10193906711356249,0.5586180890050819,8968,642,0.17873086734693877,0.9331945889698231,True,0.8442359115227241,B_wrong_or_unconfirmed_target,peak_in_background,0.17779969805638765,0.22858385741710663,23.91699999998309,False,False,3,3,True,True,0.0,1.0,0.0,0.009143621766280106
573258,35,skis,a photo of a skis,0.0,0.05076740351458799,0.6925422512755102,0.2213268432938123,0.0321831869510665,30.637550871819258,140.6753983090748,603.4886314998475,0.05076740351458799,0.2331036426642452,0.17883966751087826,140.6753983090748,0.0,0.7161289538211668,513,9097,0.010224011479591837,0.05338189386056191,True,0.7943249984987395,B_wrong_or_unconfirmed_target,peak_in_background,0.1063555902425934,0.19025786221027374,19.723899999917194,False,False,3,3,False,True,0.0,1.0,0.0,0.0
351810,33,suitcase,a photo of a suitcase,1.0,0.3842360254205187,0.7091637436224489,0.6082180220378567,0.31031712273736944,118.78753740771208,125.20331402179704,309.15252487766514,0.3842360254205187,0.404988812791813,0.4868524238173342,130.06765674122994,4.864342719432898,0.2107751617876683,7739,15444,0.1542370854591837,0.3338221972997455,True,0.6543794007603196,B_wrong_or_unconfirmed_target,target_peak_distractor_energy,0.11611647737601724,0.20821824669837952,19.81009999985872,False,False,6,17,False,True,0.0,1.0,0.0,0.04974802946117069
351810,27,backpack,a photo of a backpack,0.0,0.5014423513063997,0.7838408801020408,0.5409144098182134,0.492845786963434,184.7742436870176,129.22790778218518,368.48551624255157,0.5014423513063997,0.3507001010512509,0.5884489734304881,136.30003081692598,7.072123034740798,0.14785754764234943,12740,10443,0.25390625,0.549540611655092,True,0.5396024850040497,B_wrong_or_unconfirmed_target,peak_in_distractor,0.17328085891352132,0.22674573957920074,20.524399999885645,False,False,6,17,True,True,0.0,1.0,0.0,0.03131868131868132
103723,22,elephant,a photo of a elephant,1.0,0.7622259689708645,0.9392139668367347,0.9691989277646685,0.7727611384294442,604.6304482910782,16.722618772211717,793.2430445887757,0.7622259689708645,0.021081330477824577,0.9730867687653831,16.722618772211717,0.0,0.2166927005513109,10557,4128,0.21039939413265307,0.718896833503575,True,0.9339406370803379,C_good_localization,target_preferred,0.11908335828173516,0.19662731885910034,21.164200000157507,False,False,2,8,True,True,0.0,0.0,1.0,0.0
103723,1,person,a photo of a person,1.0,0.44238939554787676,0.8176817602040817,0.7664234813057273,0.2961994152946607,36.08788753759836,7.878547216273887,81.57493805407643,0.44238939554787676,0.0965804866569578,0.8208054107552848,7.878547216273887,0.0,0.4610301177951654,4128,10557,0.08227040816326531,0.2811031664964249,True,0.9213483710999607,A_correct_target_coarse_mask,target_preferred,0.07044918998437373,0.23376545310020447,20.68509999980961,False,False,2,8,True,True,1.0,0.0,0.0,0.0
223188,1,person,a photo of a person,1.0,0.6828955724700079,0.7179129464285714,0.6813116661837857,0.4199655765920826,44.21862868179423,3.435175350571484,64.75166989567248,0.6828955724700079,0.053051532973685755,0.9279139321545181,4.669007971592549,1.2338326210210653,0.26405289455630643,18999,16570,0.3786471619897959,0.5341449014591357,True,0.9182110916256281,A_correct_target_coarse_mask,target_preferred,0.08643432695439907,0.25225725769996643,21.180299999969066,False,False,3,3,True,True,1.0,0.0,0.0,0.058634664982367496
223188,21,cow,a photo of a cow,1.0,0.6028149705427903,0.7813695790816326,0.7024384923664664,0.536524568000338,159.99059560598982,32.35082332935309,265.40581011438735,0.6028149705427903,0.12189191832465987,0.8318052164301184,37.288003234075234,4.937179904722143,0.27529311113254984,17571,17998,0.35018734056122447,0.49399758216424416,True,0.8351377478598443,C_good_localization,target_preferred,0.1355242825064364,0.22596150636672974,20.72479999992538,False,False,3,3,True,True,0.0,0.0,1.0,0.05713960503101702
523241,3,car,a photo of a car,1.0,0.1897070800780348,0.7151626275510204,0.7426993888679215,0.07170693686671863,25.2723467953183,6.920908084859548,133.21773117230353,0.1897070800780348,0.0519518537356567,0.7850199331934684,6.920908084859548,0.0,0.7583410661863085,1174,1511,0.023397640306122448,0.437243947858473,True,0.8245550747961247,A_correct_target_coarse_mask,target_preferred,0.06947491493244615,0.22917120158672333,20.40390000001935,False,False,3,10,True,True,1.0,0.0,0.0,0.0
523241,8,truck,a photo of a truck,1.0,0.22457454582071476,0.7407326211734694,0.740464434373189,0.09866278666943809,41.826060105115175,11.52835965295455,186.2457739912621,0.22457454582071476,0.06189863751483249,0.783928684723224,11.52835965295455,0.0,0.713526816664453,1424,1261,0.028380102040816327,0.5303538175046555,True,0.762628533629442,A_correct_target_coarse_mask,target_preferred,0.07396452994390439,0.21614369750022888,19.85160000003816,False,False,3,10,True,True,1.0,0.0,0.0,0.0
147415,1,person,a photo of a person,1.0,0.37718890396867794,0.6579838966836735,0.45357587329261345,0.2908677685950413,35.26767783791678,24.419933058339836,93.50136620361832,0.37718890396867794,0.2611719384416314,0.5908709916236242,24.44804274116558,0.02810968282574322,0.3616391575896906,12347,16614,0.24607382015306123,0.4263319636752875,True,0.6602480419281688,A_correct_target_coarse_mask,target_preferred,0.1810272433526881,0.24116624891757965,21.28979999997682,False,False,8,10,True,True,1.0,0.0,0.0,0.0023487486838908236
147415,62,chair,a photo of a chair,1.0,0.2847648951533288,0.7160993303571429,0.5811132387579659,0.22560478390867084,39.461420800653286,27.449278820736414,138.5754405556404,0.2847648951533288,0.1980818441613762,0.5897624897653567,29.714744755148036,2.2654659344116226,0.517153260685295,4263,24698,0.0849609375,0.14719795587168952,True,0.8928063546575462,A_correct_target_coarse_mask,target_preferred,0.09973471380163411,0.220836341381073,20.246699999916018,False,False,8,10,True,True,1.0,0.0,0.0,0.10720150129017124
340451,1,person,a photo of a person,1.0,0.445786198331634,0.8330676020408163,0.49225922366416086,0.40566238558149437,31.50469799312407,8.763790426211472,70.6722148667482,0.445786198331634,0.12400616625268525,0.7823660442639266,9.023206174391362,0.2594157481798902,0.43020763541568074,7767,8266,0.15479512117346939,0.48443834591155743,True,0.7927816706901092,A_correct_target_coarse_mask,target_preferred,0.06374105685580592,0.24322156608104706,19.865700000082143,False,False,2,2,True,True,1.0,0.0,0.0,0.0070812411484485645
340451,15,bench,a photo of a bench,0.0,0.48002191200420224,0.834602200255102,0.5967932257470797,0.44901075554375247,126.44861185632908,16.89188234645951,263.42258279080835,0.48002191200420224,0.06412465540159802,0.8821555455043787,17.403498471463877,0.511616125004366,0.45585343259419975,8321,7712,0.16583625637755103,0.5189920788373978,True,0.8740219649580947,B_wrong_or_unconfirmed_target,peak_in_background,0.08690449425750445,0.20585548877716064,20.082000000002154,False,False,2,2,True,True,0.0,1.0,0.0,0.00660978247806754
213935,55,orange,a photo of a orange,1.0,0.52183653636322,0.7954201211734694,0.7125428187142812,0.5248785003471419,625.5370461674174,310.8542531289877,1198.7222100754125,0.52183653636322,0.259321342773345,0.668029537050845,312.91348352923706,2.059230400249362,0.21884212086343502,14234,16334,0.2836814413265306,0.4656503533106517,True,0.6978122873125914,C_good_localization,target_preferred,0.18220630829327777,0.19993466138839722,20.560100000011516,False,False,2,4,True,True,0.0,0.0,1.0,0.006533651819586905
213935,53,apple,a photo of a apple,1.0,0.5077410867971697,0.7237324617346939,0.7464554795902055,0.45061826252377934,621.2786724441685,262.68465665273834,1223.613153631497,0.5077410867971697,0.21467949725215882,0.7028330836742872,264.0800481479382,1.395391495199874,0.2775794159506715,16427,14141,0.3273875956632653,0.5373920439675478,True,0.6706171149796728,A_correct_target_coarse_mask,target_preferred,0.2672801530099717,0.19320285320281982,23.531199999979435,False,False,2,4,True,True,1.0,0.0,0.0,0.0056614110914957085
578871,51,bowl,a photo of a bowl,1.0,0.6069662811465141,0.8442881058673469,0.777559946142956,0.5051931602279924,167.75557491772634,90.67685672427551,276.38368082136054,0.6069662811465141,0.3280832517129842,0.6491274096360788,250.51373330879807,159.83687658452254,0.06495046714050168,9179,31241,0.18293606505102042,0.22709054923305294,True,0.8629509444830646,C_good_localization,target_preferred,0.06393995936602029,0.21647171676158905,20.927499999970678,False,False,6,11,True,True,0.0,0.0,1.0,0.9710208083669245
578871,62,chair,a photo of a chair,0.0,0.0677892440267999,0.6951530612244898,0.1585057045105052,0.04602719221653985,8.73465943091287,99.49827570888706,128.85022626096404,0.0677892440267999,0.7722010166079986,0.08070241668703336,99.51299972773964,0.014724018852575682,0.16000973936520152,844,39576,0.01682079081632653,0.020880752102919346,True,0.804550908049944,B_wrong_or_unconfirmed_target,peak_in_distractor,0.06812493642115704,0.2167443335056305,20.318000000088432,False,False,6,11,False,True,0.0,1.0,0.0,0.009478672985781991
260261,1,person,a photo of a person,0.0,0.47550240273426947,0.8453244579081632,0.6209663020085885,0.5355753695170845,37.339151515450794,14.474583865069526,78.52568420420258,0.47550240273426947,0.18432929317023217,0.7206419541311038,14.731007529610743,0.25642366454121657,0.3401683040954985,9269,16972,0.1847297512755102,0.35322586791661903,True,0.8252799332771878,B_wrong_or_unconfirmed_target,peak_in_background,0.067621826542168,0.23667490482330322,23.27259999992748,False,False,3,4,True,True,0.0,1.0,0.0,0.007444168734491315
260261,8,truck,a photo of a truck,1.0,0.550927356415836,0.72265625,0.5923425823118703,0.4168133433911659,152.85949543146648,39.412333529428,277.4585317852491,0.550927356415836,0.14204765402540537,0.7950176386086975,40.85208199462795,1.4397484651999548,0.3070249895587586,17040,9201,0.3396045918367347,0.64936549674174,True,0.6768184918052877,A_correct_target_coarse_mask,target_preferred,0.1447891004567903,0.20003893971443176,20.24000000005799,False,False,3,4,True,True,1.0,0.0,0.0,0.013262910798122066
276284,3,car,a photo of a car,0.0,0.04053896424281051,0.6271125637755102,0.1435393819756075,0.027091674899901202,4.641727600363083,44.23002269750509,114.50039948137754,0.04053896424281051,0.386287060113696,0.0949777237785049,44.23002269750509,0.0,0.5731739756434935,535,8077,0.010662468112244899,0.062122619600557365,True,0.6130596915559229,B_wrong_or_unconfirmed_target,peak_in_background,0.08539122286357184,0.22177554666996002,19.940300000143907,False,False,2,5,False,True,0.0,1.0,0.0,0.0
276284,4,motorcycle,a photo of a motorcycle,1.0,0.7673692735847136,0.9227718431122449,0.9573050692980748,0.6748888329557848,271.6560787977651,0.6587881803127402,354.00958593082845,0.7673692735847136,0.001860933168181112,0.9975807851123795,0.6587881803127402,0.0,0.23076979324710536,8077,535,0.1609733737244898,0.9378773803994427,True,0.9646811570288798,C_good_localization,target_preferred,0.10713558450152263,0.2143556773662567,19.808000000011816,False,False,2,5,True,True,0.0,0.0,1.0,0.0
326248,62,chair,a photo of a chair,1.0,0.1613917569207114,0.6611527423469388,0.2773974824671677,0.10970309472692046,36.07055565373594,49.510948441800195,223.49688944433942,0.1613917569207114,0.2215285795023586,0.42147606582690256,53.66550370409945,4.1545552622992545,0.61707966357693,2917,8665,0.05813536352040816,0.2518563287860473,True,0.6839575482124046,B_wrong_or_unconfirmed_target,target_peak_distractor_energy,0.05896314695717618,0.1973533034324646,20.243400000026668,False,False,4,20,False,True,0.0,1.0,0.0,0.1748371614672609
326248,28,umbrella,a photo of a umbrella,0.0,0.027413918726215816,0.7350924744897959,0.031184802852279724,0.035763511062749366,3.818047069304157,60.942595068730206,139.27403474983583,0.027413918726215816,0.43757327184636646,0.05895628800539229,61.21341808950927,0.27082302077906206,0.5350128094274175,796,10786,0.015864158163265307,0.06872733552063547,False,0.4591442408889852,B_wrong_or_unconfirmed_target,peak_in_background,0.07793738683041417,0.18153166770935059,19.95889999989231,False,False,4,20,False,False,0.0,1.0,0.0,0.06658291457286432
504415,1,person,a photo of a person,1.0,0.20213523442389092,0.7303491709183674,0.4470067261731705,0.12085769980506822,10.038137139301398,6.887250953796865,49.66050163352898,0.20213523442389092,0.13868669721908009,0.5930816524906805,6.887250953796865,0.0,0.659178068357029,1986,2935,0.03958067602040816,0.4035765088396667,True,0.6829374986388358,A_correct_target_coarse_mask,target_preferred,0.09657640247714783,0.2516976594924927,23.937900000191803,False,False,4,8,True,True,1.0,0.0,0.0,0.0
504415,3,car,a photo of a car,1.0,0.5086558424659492,0.8816366390306123,0.8791464457379272,0.32610915692726655,83.0310401590541,5.383470202223506,163.23618688133408,0.5086558424659492,0.03297963708339417,0.9391110103960695,5.383470202223506,0.0,0.4583645204506566,2874,2047,0.05727838010204082,0.5840276366592156,True,0.9165639865628427,A_correct_target_coarse_mask,target_preferred,0.0712431088907956,0.23889903724193573,19.81500000010783,False,False,4,8,True,True,1.0,0.0,0.0,0.0
200839,84,book,a photo of a book,0.0,0.13674571240383374,0.8394451530612245,0.17293894193591008,0.12955159373311723,19.64562232780736,95.72427810020599,143.66536239023304,0.13674571240383374,0.6663003281208005,0.1702837764002869,115.36990042801335,19.64562232780736,0.19695395947536568,1223,8285,0.024374202806122448,0.12862852334875893,True,0.5816431574084945,B_wrong_or_unconfirmed_target,peak_in_distractor,0.02882459752447639,0.2172427773475647,21.10010000001239,False,False,3,7,False,True,0.0,1.0,0.0,1.0
200839,6,bus,a photo of a bus,1.0,0.6246144859201064,0.8929966517857143,0.7298412802915301,0.5940878506086036,300.0294272560277,0.0,480.34337022149066,0.6246144859201064,0.0,0.9999999999999966,25.470701517071575,25.470701517071575,0.37538551407989373,9508,0,0.18949298469387754,1.0,False,0.9999999999683098,C_good_localization,target_preferred,0.07014724804508238,0.20340196788311005,19.63249999994332,False,False,3,7,True,False,0.0,0.0,1.0,0.12862852334875893
425906,1,person,a photo of a person,0.0,0.2977351928520813,0.7712850765306123,0.2863568821660793,0.21483305966064586,27.65113189265395,9.048132302123122,92.87156022026389,0.2977351928520813,0.09742629800407818,0.7534519424121975,9.280146503238939,0.23201420111581683,0.6048385091438406,6186,1772,0.12328603316326531,0.777330987685348,False,0.46678112569045777,B_wrong_or_unconfirmed_target,peak_in_background,0.07359888676190965,0.2263258993625641,19.77390000001833,False,False,2,14,True,False,0.0,1.0,0.0,0.004364694471387003
425906,36,snowboard,a photo of a snowboard,1.0,0.18923944418176164,0.7322225765306123,0.6759691318726335,0.11808336068263867,155.47803770005703,68.79722466549106,821.5942420055023,0.18923944418176164,0.08373625464749826,0.6932464867509169,71.3416664213521,2.544441755861044,0.7270243011707401,1799,6159,0.035853794642857144,0.22606182457903995,True,0.88554530504191,A_correct_target_coarse_mask,target_preferred,0.1129300375644696,0.20089510083198547,19.944699999996374,False,False,2,14,True,True,1.0,0.0,0.0,0.01500833796553641
256192,4,motorcycle,a photo of a motorcycle,1.0,0.7801777640839962,0.8379703443877551,0.825213085923575,0.6882190520018407,396.4541460919984,12.163363855472298,508.1587355382702,0.7801777640839962,0.023936150271210394,0.9702328863561501,13.923947556314815,1.760583700842517,0.1958860856447934,22369,10288,0.4458107461734694,0.6849680007349114,True,0.9374638854027572,C_good_localization,target_preferred,0.15626892291484426,0.2080344557762146,20.248200000196448,False,False,3,18,True,True,0.0,0.0,1.0,0.05065045375296169
256192,1,person,a photo of a person,0.0,0.3449585669254463,0.6643614477040817,0.3518622019861229,0.27133091034960194,12.710131023450572,11.616214645789285,36.84538446670186,0.3449585669254463,0.3152691935210274,0.5224841904438503,12.505001382127773,0.8887867363384885,0.33977223955352637,11421,21236,0.2276187818877551,0.3497259393085709,True,0.6704545300706402,B_wrong_or_unconfirmed_target,peak_in_distractor,0.09524440998290766,0.23054617643356323,19.985199999837278,False,False,3,18,True,True,0.0,1.0,0.0,0.09920322213466422
331604,1,person,a photo of a person,0.0,0.15167705885916913,0.8465003188775511,0.1705241558345681,0.14097702431407538,10.857014893786982,11.334115063305944,71.57980894043857,0.15167705885916913,0.158342348646628,0.489250205590197,11.975066484883428,0.6409514215774834,0.6899805924942028,1293,924,0.025769292091836735,0.5832205683355887,False,0.40636470327894736,B_wrong_or_unconfirmed_target,peak_in_background,0.07257462018121563,0.23281913995742798,19.77959999999257,False,False,2,2,False,False,0.0,1.0,0.0,0.03789636504253674
331604,42,surfboard,a photo of a surfboard,1.0,0.1671280952765083,0.6931999362244898,0.64524422061104,0.059448891061281844,70.96849671378732,21.032619444898984,424.6353468958772,0.1671280952765083,0.04953101431298486,0.7713873448163167,23.83028655896308,2.7976671140640974,0.7833408904105069,973,1244,0.019391741071428572,0.4388813712223726,True,0.8118177134679345,A_correct_target_coarse_mask,target_preferred,0.07695876819633884,0.19688838720321655,19.737599999871236,False,False,2,2,True,True,1.0,0.0,0.0,0.050359712230215826
391722,67,dining table,a photo of a dining table,1.0,0.4453553559834747,0.8029536033163265,0.8096456627792944,0.37141585606205096,86.15647336357978,76.39703810763072,193.45556802235177,0.4453553559834747,0.3949074140828236,0.5300191462110508,78.3810715686765,1.984033461045783,0.1597372299337017,6623,30022,0.1319953762755102,0.18073407013235093,True,0.8363891400053051,A_correct_target_coarse_mask,target_preferred,0.12945917814455601,0.22186437249183655,23.792800000137504,False,False,5,9,True,True,1.0,0.0,0.0,0.04091801298505209
391722,1,person,a photo of a person,0.0,0.843983307447216,0.6064253826530612,0.7923258790469938,0.35916407061266875,51.876249666926384,0.8233115894665453,61.46596645831269,0.843983307447216,0.013394592762564463,0.9843772591300719,1.199341258268607,0.3760296688020617,0.14262209979021953,29012,7633,0.5782047193877551,0.7917041888388593,True,0.9431094460860024,B_wrong_or_unconfirmed_target,peak_in_background,0.0875493944172503,0.23784640431404114,19.609799999898314,False,False,5,9,True,True,0.0,1.0,0.0,0.03870812077760927
478136,61,cake,a photo of a cake,1.0,0.30747961373564286,0.6927614795918368,0.3219671975835168,0.27932307979991583,60.047452949425065,36.64350195919607,195.28921680333306,0.30747961373564286,0.18763709824336122,0.6210245105777781,36.820530186327886,0.17702822713181376,0.5048832880209959,9742,12854,0.19415656887755103,0.4311382545583289,True,0.6837604477620777,A_correct_target_coarse_mask,target_preferred,0.10660007770050889,0.219241201877594,21.402699999953256,False,False,3,6,True,True,1.0,0.0,0.0,0.0025662081708068157
478136,67,dining table,a photo of a dining table,1.0,0.3544634225861245,0.7137077487244898,0.3900874346067919,0.35956308515381186,57.37702773234196,26.83600752161496,161.87009456074688,0.3544634225861245,0.16578730984520368,0.6813319049635526,26.925524374830133,0.08951685321517289,0.4797492675686718,11215,11381,0.22351323341836735,0.49632678350150466,True,0.6845135246839873,A_correct_target_coarse_mask,target_preferred,0.15369224607970972,0.23752640187740326,19.849999999905776,False,False,3,6,True,True,1.0,0.0,0.0,0.0033883192153366026
346968,1,person,a photo of a person,1.0,0.7393633221961874,0.6218311543367347,0.7627503211234379,0.4445257611241218,108.24479419219804,18.615182507579448,146.40271020027103,0.7393633221961874,0.12715053213232788,0.8532619744079384,19.436540485621663,0.8213579780422151,0.13348614567148473,28727,4090,0.5725247130102041,0.8753694731389219,False,0.4529211945266155,A_correct_target_coarse_mask,target_preferred,0.20351325180035054,0.23725254833698273,19.97890000006919,False,False,4,5,True,False,1.0,0.0,0.0,0.0055348626727468936
346968,84,book,a photo of a book,1.0,0.4155106816982146,0.7998844068877551,0.705611802613506,0.24549143372407575,29.782679542782716,11.647926488112716,71.67728978966147,0.4155106816982146,0.16250511873835916,0.7188569609764481,11.647926488112716,0.0,0.4219841995634262,3558,29259,0.07091039540816327,0.1084194167657007,True,0.9546003097936544,A_correct_target_coarse_mask,target_preferred,0.06628528640923674,0.21215984225273132,20.10199999995166,False,False,4,5,True,True,1.0,0.0,0.0,0.0
74860,1,person,a photo of a person,0.0,0.06980094079383037,0.8449657206632653,0.08059098393315828,0.09187485407424702,4.0604054149007425,2.284204872281407,58.1712132920082,0.06980094079383037,0.03926692848600462,0.6399771193359557,2.2875245906907367,0.003319718409329653,0.890932130720165,788,682,0.0157047193877551,0.5360544217687074,True,0.6060638266756321,B_wrong_or_unconfirmed_target,peak_in_background,0.05725899825303113,0.24707746505737305,19.81019999993805,False,False,2,2,True,True,0.0,1.0,0.0,0.0012690355329949238
74860,36,snowboard,a photo of a snowboard,0.0,0.057350379938159265,0.6741270727040817,0.2005391126501492,0.03442777843391993,46.43540886952542,9.449064319545869,809.6791846818901,0.057350379938159265,0.011670133675547376,0.830917895788726,9.492659264768008,0.04359494522213936,0.9309794863862934,683,787,0.013612085459183673,0.46462585034013604,True,0.8499080366671427,B_wrong_or_unconfirmed_target,peak_in_background,0.08821471884881328,0.18760910630226135,19.82199999997647,False,False,2,2,True,True,0.0,1.0,0.0,0.0014641288433382138
254016,60,donut,a photo of a donut,1.0,0.7465790429329371,0.8854631696428571,0.7296952179342615,0.5323079427083334,244.38310422508033,6.702931088766491,327.3372143758829,0.7465790429329371,0.02047714343004545,0.9733042457722147,9.494136322195118,2.7912052334286273,0.23294381363701736,9882,1434,0.19694674744897958,0.8732767762460233,True,0.8410344363545543,C_good_localization,target_preferred,0.05055122724312611,0.20053555071353912,20.09259999999813,False,False,3,16,True,True,0.0,0.0,1.0,0.007893139040680024
254016,51,bowl,a photo of a bowl,0.0,0.04631703233706285,0.7283960459183674,0.04614960135176061,0.0523607537723385,2.061116007669625,7.542488048215983,44.50017420525282,0.04631703233706285,0.16949344992284693,0.21461901132900696,7.665673972819587,0.12318592460360378,0.7841895177400903,1143,10173,0.02277981505102041,0.10100742311770944,True,0.7086375680740882,B_wrong_or_unconfirmed_target,peak_in_background,0.07354608622739173,0.23171722888946533,19.621799999868017,False,False,3,16,False,True,0.0,1.0,0.0,0.07174103237095363
14439,1,person,a photo of a person,0.0,0.17241498048656453,0.6301020408163265,0.19352482197436366,0.1283111027616006,11.937265272102053,7.3204734805065215,69.23566176450814,0.17241498048656453,0.10573270037348256,0.6198684812091171,7.464540101766275,0.14406662125975345,0.721852319139953,5161,7068,0.1028579400510204,0.4220296017662932,True,0.6907092569741862,B_wrong_or_unconfirmed_target,peak_in_background,0.09740981005967869,0.2391020506620407,20.47779999998056,False,False,4,21,True,True,0.0,1.0,0.0,0.010463088548730867
14439,38,kite,a photo of a kite,0.0,0.3760159337097079,0.833366549744898,0.4730977552617221,0.43889671834105093,253.92716300103348,30.131530209315315,675.3095819526375,0.3760159337097079,0.04461884003213888,0.8939249847671323,31.762258708347872,1.630728499032557,0.5793652262581532,7118,5111,0.14186065051020408,0.5820590399869163,True,0.8581785881934905,B_wrong_or_unconfirmed_target,peak_in_background,0.12609607630708275,0.20116625726222992,19.593199999917488,False,False,4,21,True,True,0.0,1.0,0.0,0.007586400674346727
226171,44,bottle,a photo of a bottle,1.0,0.1657607609856217,0.6796476403061225,0.7869250239707317,0.0791177313090805,40.24560787901282,138.19680818077887,242.79333444001128,0.1657607609856217,0.5691952314074923,0.2255383488280459,138.78697398398782,0.5901658032089472,0.2650440076068861,1381,25998,0.02752311862244898,0.05044011833887286,True,0.8457349517104846,B_wrong_or_unconfirmed_target,target_peak_distractor_energy,0.1164647938893125,0.22316552698612213,19.77689999989707,False,False,6,7,False,True,0.0,1.0,0.0,0.01448225923244026
226171,76,keyboard,a photo of a keyboard,1.0,0.1771706514107892,0.6287268813775511,0.2018805328960874,0.16633849458516065,64.15059896630555,186.5395126241416,362.08366597673955,0.1771706514107892,0.5151834510980813,0.2558960086591219,186.5395126241416,0.0,0.3076458974911295,5620,21759,0.11200573979591837,0.20526681032908434,True,0.5710866784502006,B_wrong_or_unconfirmed_target,target_peak_distractor_energy,0.15818440412695817,0.2317819744348526,19.662400000015623,False,False,6,7,False,True,0.0,1.0,0.0,0.0
288862,41,skateboard,a photo of a skateboard,0.0,0.049940710886347335,0.7167570153061225,0.07228870858155106,0.041995281429052914,17.74107360758353,40.25592766535101,355.24271266297774,0.049940710886347335,0.11331950306195923,0.3058963949548621,40.40624051117902,0.15031284582801163,0.8367397860516934,706,6151,0.01407047193877551,0.10296047834329881,True,0.7933732787092862,B_wrong_or_unconfirmed_target,peak_in_background,0.11191484610787975,0.23212163150310516,19.959100000050967,False,False,2,6,False,True,0.0,1.0,0.0,0.029745042492917848
288862,1,person,a photo of a person,1.0,0.3626285226167988,0.7559390943877551,0.3048340103743255,0.18879173290937998,9.001187860580643,0.0017965256514287375,24.822062521795857,0.3626285226167988,7.237616333659772e-05,0.9998004522083614,0.0017965256514287375,0.0,0.6372991012198645,6172,685,0.12300701530612244,0.9001020854601137,True,0.9982048993449151,A_correct_target_coarse_mask,target_preferred,0.04176246609592731,0.24822184443473816,20.711899999923844,False,False,2,6,True,True,1.0,0.0,0.0,0.0034024627349319506
545007,85,clock,a photo of a clock,1.0,0.500011719136917,0.8109853316326531,0.7955906952112516,0.4575611988103409,453.56424069032073,23.921206095648813,907.1072203532141,0.500011719136917,0.02637086946164341,0.949901706414997,23.921206095648813,0.0,0.4736174114014397,8057,3393,0.16057477678571427,0.7036681222707424,True,0.8887014153660632,A_correct_target_coarse_mask,target_preferred,0.17348775348637602,0.19115003943443298,20.672500000046057,False,False,2,3,True,True,1.0,0.0,0.0,0.0
545007,1,person,a photo of a person,1.0,0.6335343461187228,0.9370814732142857,0.6126667269823569,0.47163179916317993,8.606088233822447,0.0,13.584248883342605,0.6335343461187228,0.0,0.9999999999998838,0.0,0.0,0.3664656538812772,3393,8057,0.06762197066326531,0.2963318777292576,True,0.9999999996057443,A_correct_target_coarse_mask,target_preferred,0.03591761732220964,0.24391773343086243,20.191600000089238,False,False,2,3,True,True,1.0,0.0,0.0,0.0
472623,2,bicycle,a photo of a bicycle,0.0,0.40629198667782523,0.821647799744898,0.628979675784272,0.2895927601809955,164.21382160997018,71.16015855625665,404.1768653935717,0.40629198667782523,0.17606192894529887,0.6976719410276263,72.01579483535534,0.8556362790986896,0.417646084376876,3696,5407,0.07366071428571429,0.4060199934087663,True,0.771478681359675,B_wrong_or_unconfirmed_target,peak_in_distractor,0.09058380830148535,0.22120702266693115,19.830499999898166,False,False,2,4,True,True,0.0,1.0,0.0,0.00946969696969697
472623,1,person,a photo of a person,1.0,0.29049874557712096,0.7253866390306123,0.4218729140723994,0.24332784184514003,18.13291102776998,0.8419040349728846,62.41992884253641,0.29049874557712096,0.013487744228236998,0.9556304484554939,0.8876294373442022,0.045725402371317614,0.6960135101946421,5442,3661,0.10845822704081633,0.597824892892453,True,0.9354391259121475,A_correct_target_coarse_mask,target_preferred,0.11106251827265785,0.23587512969970703,19.893099999990227,False,False,2,4,True,True,1.0,0.0,0.0,0.006431459022418228
172571,59,pizza,a photo of a pizza,0.0,0.843131827111212,0.8044682716836735,0.8854127533623821,0.6380506160997566,791.3601083864924,30.968513730862334,938.5959383100233,0.843131827111212,0.03299451070140181,0.9623404647510325,32.99729456072223,2.0287808298598975,0.12387366218738617,24577,12858,0.4898158482142857,0.6565246427140377,True,0.9304056480687479,B_wrong_or_unconfirmed_target,peak_in_background,0.16669470731182395,0.1992451548576355,19.964500000014596,False,False,6,8,True,True,0.0,1.0,0.0,0.004760548480286447
172571,47,cup,a photo of a cup,0.0,0.1650383539653432,0.6282684948979592,0.2766167086635347,0.1415289731670272,17.560645869114524,64.3273858269772,106.40342349028836,0.1650383539653432,0.6045612417052397,0.21444703829598125,66.00953108430849,1.6821452573312854,0.23040040432941705,4069,33366,0.08109454719387756,0.10869507145719247,True,0.6912170045197639,B_wrong_or_unconfirmed_target,peak_in_background,0.15099548738786953,0.22503627836704254,19.675699999879726,False,False,6,8,False,True,0.0,1.0,0.0,0.21651511427869255
476514,1,person,a photo of a person,1.0,0.6269676770441501,0.6292450573979592,0.6077536214769328,0.3402723597418257,51.016764181763406,9.042895009042695,81.37064485091611,0.6269676770441501,0.11113215368528429,0.8494347931560053,11.00606813991908,1.9631731308763847,0.26190016927056564,22136,2136,0.4411670918367347,0.9119973632168754,False,0.35249378502892814,A_correct_target_coarse_mask,target_preferred,0.08321546586634626,0.23048895597457886,20.67399999987174,False,False,4,5,True,False,1.0,0.0,0.0,0.023174918684495845
476514,28,umbrella,a photo of a umbrella,1.0,0.18706160066121158,0.7248883928571429,0.5109734824615313,0.1172219735243333,47.727967346669175,140.32967909826584,255.14572300228303,0.18706160066121158,0.5499981635867366,0.2537943457706949,143.86781182669256,3.538132728426717,0.26294023575205183,2143,22129,0.04270966198979592,0.0882910349373764,True,0.7783721775405007,B_wrong_or_unconfirmed_target,target_peak_distractor_energy,0.05672121782173582,0.18857073783874512,19.859799999949246,False,False,4,5,False,True,0.0,1.0,0.0,0.09332711152589827
802,79,oven,a photo of a oven,1.0,0.2768984883456263,0.642219387755102,0.5618295912235896,0.22550584580870617,112.32631440168188,125.18014920678888,405.6588212987119,0.2768984883456263,0.30858480731671534,0.4729400315894192,125.18014920678888,0.0,0.41451670433765836,7284,14378,0.1451690051020408,0.3362570399778414,True,0.6391492049267229,B_wrong_or_unconfirmed_target,target_peak_distractor_energy,0.176127179971902,0.21014466881752014,20.058699999935925,False,False,2,2,False,True,0.0,1.0,0.0,0.0
802,82,refrigerator,a photo of a refrigerator,1.0,0.38877629948029563,0.6644411670918368,0.6181773349389083,0.36812279516625385,216.16309917101898,83.3224191662157,556.0089425718061,0.38877629948029563,0.1498580558449471,0.7217814750147902,83.3224191662157,0.0,0.46136564467475727,14378,7284,0.2865513392857143,0.6637429600221586,True,0.5679020019269567,A_correct_target_coarse_mask,target_preferred,0.3108575736617972,0.22131647169589996,19.894400000112,False,False,2,2,True,True,1.0,0.0,0.0,0.0
44279,51,bowl,a photo of a bowl,1.0,0.06651197509405667,0.6319355867346939,0.2936709673512194,0.026770657672849914,4.532027781384613,20.797624569603258,68.13852355122113,0.06651197509405667,0.3052256416147505,0.17892183116392762,20.797624569603258,0.0,0.6282623832911928,804,21685,0.01602359693877551,0.035750811507848285,True,0.8545953432551769,B_wrong_or_unconfirmed_target,target_peak_distractor_energy,0.07061412740769454,0.2220674455165863,20.09889999999359,False,False,4,11,False,True,0.0,1.0,0.0,0.0
44279,79,oven,a photo of a oven,0.0,0.09376475849380558,0.6112284757653061,0.09775464369902159,0.09944139236415678,16.64380788383278,51.3687784810532,177.50600706695496,0.09376475849380558,0.28939177512835934,0.24471658517055778,51.6611607190203,0.2923822379671037,0.616843466377835,3531,18958,0.07037228954081633,0.1570100938236471,True,0.6349825996478179,B_wrong_or_unconfirmed_target,peak_in_distractor,0.15067359540170286,0.21628651022911072,21.057799999880444,False,False,4,11,False,True,0.0,1.0,0.0,0.011328235627301049
22371,1,person,a photo of a person,1.0,0.5871338499965075,0.6635044642857143,0.6194523294236048,0.40008527572484365,52.407704313632166,2.1495823184877736,89.26023310348042,0.5871338499965075,0.024082194766349513,0.960599537638604,4.3539045467523465,2.204322228264573,0.388783955237143,21670,3431,0.4318797831632653,0.8633122186367077,True,0.794244536877035,A_correct_target_coarse_mask,target_preferred,0.13678644189497058,0.22541199624538422,20.735600000080012,False,False,4,4,True,True,1.0,0.0,0.0,0.07872634979233964
22371,73,laptop,a photo of a laptop,1.0,0.5477886042191407,0.8912826849489796,0.8085628946289798,0.38193972354407435,110.2958791143028,29.387148729798472,201.34752396232648,0.5477886042191407,0.14595237205547665,0.7896154659347882,29.51428967648474,0.12714094668626785,0.30625902372538255,3434,21667,0.0684390943877551,0.13680729851400342,True,0.9594830290795515,A_correct_target_coarse_mask,target_preferred,0.06596826988632157,0.20957855880260468,19.83549999999923,False,False,4,4,True,True,1.0,0.0,0.0,0.0008736167734420501
166768,1,person,a photo of a person,1.0,0.891321404447318,0.4541015625,0.887772563207953,0.36859454599940067,40.36041681480995,0.0,45.28155232605039,0.891321404447318,0.0,0.9999999999999751,3.2428505671736048,3.2428505671736048,0.10867859555268199,41386,0,0.8248166454081632,1.0,False,0.9999999989745894,A_correct_target_coarse_mask,target_preferred,0.1207114154219837,0.23489224910736084,19.899899999927584,False,False,2,3,True,False,1.0,0.0,0.0,0.15336103996520561
166768,32,tie,a photo of a tie,1.0,0.2707560896974473,0.6855269451530612,0.39332496529327743,0.24940538483493482,28.206252556323307,69.86533067435288,104.17587500189562,0.2707560896974473,0.670647889188179,0.2876088223229609,98.07158323067618,28.206252556323307,0.05859602111437375,6347,35039,0.12649473852040816,0.15336103996520561,True,0.6902853342974391,B_wrong_or_unconfirmed_target,target_peak_distractor_energy,0.1307319257308847,0.2222243696451187,20.008700000062163,False,False,2,3,False,True,0.0,1.0,0.0,1.0
266768,67,dining table,a photo of a dining table,1.0,0.1626954982327413,0.7007334183673469,0.3131979173608298,0.11005748829490902,29.199888134520734,51.03660369691033,179.47569817051317,0.1626954982327413,0.2843649820959179,0.3639227920865041,56.60157241515526,5.564968718244927,0.5529395196713409,2543,9860,0.050681600765306124,0.20503104087720714,True,0.6892817296547956,B_wrong_or_unconfirmed_target,target_peak_distractor_energy,0.07578085069325352,0.21838852763175964,20.161599999937607,False,False,6,21,False,True,0.0,1.0,0.0,0.1588674793550924
266768,1,person,a photo of a person,1.0,0.3942980503467538,0.6729910714285714,0.39041085601111464,0.2282583133436809,15.687724794099612,2.0331984432100967,39.786463007624576,0.3942980503467538,0.05110276937209673,0.8852656593573931,2.117845746642672,0.08464730343257543,0.5545991802811495,9622,2781,0.19176498724489796,0.7757800532129323,True,0.6904078739751092,A_correct_target_coarse_mask,target_preferred,0.03914635101315201,0.23215842247009277,20.215900000039255,False,False,6,21,True,True,1.0,0.0,0.0,0.00727499480357514
59635,42,surfboard,a photo of a surfboard,1.0,0.2736277336598785,0.7627551020408163,0.5612040196294871,0.11907052467993784,94.34492916165618,35.33263053032805,344.7930072721638,0.2736277336598785,0.10247490460976227,0.7275347360464495,39.18733343014264,3.8547028998145834,0.6238973617303593,1935,9267,0.038564253826530615,0.17273701124799143,True,0.9274728795546335,A_correct_target_coarse_mask,target_preferred,0.050184779017634525,0.23520192503929138,19.97280000000501,False,False,3,26,True,True,1.0,0.0,0.0,0.06511627906976744
59635,1,person,a photo of a person,0.0,0.28076787515799384,0.7353117028061225,0.2198288374495932,0.1547225050916497,9.5190131066637,8.156898379564154,33.90349804551947,0.28076787515799384,0.24059164539931988,0.5385302542434589,9.001315151617973,0.8444167720538189,0.4786404794426864,9142,2060,0.18219866071428573,0.8161042670951616,False,0.20821049523566262,B_wrong_or_unconfirmed_target,peak_in_distractor,0.052757466493791046,0.24627552926540375,20.229700000072626,False,False,3,26,True,False,0.0,1.0,0.0,0.017064099759352438
445658,79,oven,a photo of a oven,1.0,0.33966326841754646,0.7475286989795918,0.5520748350812706,0.33824374444966826,110.54570551525103,5.656748260822496,325.4567561287131,0.33966326841754646,0.01738095201374569,0.9513198897527224,5.742523381006322,0.08577512018382549,0.6429557795687079,7865,1024,0.15674824617346939,0.8848014399820002,True,0.7178605413249325,A_correct_target_coarse_mask,target_preferred,0.19606421976721722,0.19648639857769012,19.933399999899848,False,False,7,12,True,True,1.0,0.0,0.0,0.000508582326764145
445658,44,bottle,a photo of a bottle,0.0,0.023421198287492253,0.6846101721938775,0.02882598483987,0.01817843404888944,1.8944836785994994,13.768135351968851,80.88756413506053,0.023421198287492253,0.17021325217532524,0.12095574021828412,13.769618560817946,0.001483208849094808,0.8063655495371825,506,8383,0.010084502551020409,0.05692428844639442,True,0.6950877150228655,B_wrong_or_unconfirmed_target,peak_in_distractor,0.06462676122254273,0.20553646981716156,20.502999999962412,False,False,7,12,False,True,0.0,1.0,0.0,0.001976284584980237
471893,62,chair,a photo of a chair,1.0,0.22854622249504647,0.6770567602040817,0.33604395325496117,0.23483024035510222,35.977046985880115,27.068143444851614,157.41693996565567,0.22854622249504647,0.1719519096912771,0.5706549023023069,27.26934139043641,0.20119794558479498,0.5995018678136764,5783,13819,0.11525430484693877,0.29502091623303744,True,0.7605405812753002,A_correct_target_coarse_mask,target_preferred,0.13551801988379522,0.21330314874649048,19.99700000010307,False,False,5,31,True,True,1.0,0.0,0.0,0.011239840913020924
471893,67,dining table,a photo of a dining table,0.0,0.19783181429442537,0.6861248405612245,0.2555924077018001,0.20779678068410462,30.441687981772702,40.84767371444775,153.87660518781638,0.19783181429442537,0.26545733618564377,0.42701585843187884,41.66204854257683,0.8143748281290755,0.5367108495199308,4778,14824,0.09522480867346939,0.24375063769003164,True,0.6980835668578714,B_wrong_or_unconfirmed_target,peak_in_distractor,0.11521240776336175,0.21797694265842438,19.970099999909507,False,False,5,31,False,True,0.0,1.0,0.0,0.031603181247383844
110784,6,bus,a photo of a bus,0.0,0.0863281099274011,0.7400350765306123,0.09181905254784807,0.07541820243833286,37.906060836307006,194.49334705333786,439.09290807113314,0.0863281099274011,0.44294349436823494,0.16310738990482532,194.57374747369067,0.08040042035281658,0.470728395704364,1826,9357,0.03639190051020408,0.1632835553965841,False,0.49967750074698475,B_wrong_or_unconfirmed_target,peak_in_background,0.10164520627541077,0.24083590507507324,19.995399999970687,False,False,3,3,False,False,0.0,1.0,0.0,0.017524644030668127
110784,8,truck,a photo of a truck,0.0,0.35362757473164036,0.7755500637755102,0.3449344659977798,0.33717850626802426,111.23220601555167,29.452023552003084,314.5461891651497,0.35362757473164036,0.0936333822074683,0.7906515631315919,29.64909262774745,0.19706907574436627,0.5527390430608914,8972,2211,0.17881058673469388,0.8022891889475097,False,0.4820561165299017,B_wrong_or_unconfirmed_target,peak_in_background,0.09161761415202431,0.23493234813213348,19.47739999991427,False,False,3,3,True,False,0.0,1.0,0.0,0.0027864467231386537
86956,39,baseball bat,a photo of a baseball bat,0.0,0.16470694229638735,0.7825055803571429,0.3621305580377494,0.05129096757367643,22.991718160759774,47.872859428847335,139.59167622325577,0.16470694229638735,0.34294924113012254,0.3244458507028677,47.93319491827384,0.06033548942650668,0.49234381657349,616,28820,0.012276785714285714,0.02092675635276532,True,0.9573916879283199,B_wrong_or_unconfirmed_target,peak_in_background,0.03162480964669342,0.22532513737678528,23.492799999985436,False,False,4,6,False,True,0.0,1.0,0.0,0.017857142857142856
86956,1,person,a photo of a person,1.0,0.7225902737455614,0.6776945153061225,0.7913742002217178,0.4995048279277049,57.838173110955154,0.9684615382233233,80.04283369488189,0.7225902737455614,0.01209929101104836,0.9835314238945684,0.9812697436667577,0.012808205443434417,0.26531043524339015,27147,2289,0.5410355548469388,0.9222380758255198,True,0.8343179531648639,A_correct_target_coarse_mask,target_preferred,0.16585295782271814,0.24038885533809662,19.61909999999989,False,False,4,6,True,True,1.0,0.0,0.0,0.0006998931741997274
167572,54,sandwich,a photo of a sandwich,1.0,0.6141708116364126,0.8200733418367347,0.8304314974372364,0.5651671322608612,133.1607020673223,43.44663126658687,216.81379112192823,0.6141708116364126,0.20038684366786455,0.7539930508749393,44.83715392573193,1.3905226591450628,0.18544234469572282,14498,22036,0.2889429209183674,0.39683582416379265,True,0.8232742291244113,C_good_localization,target_preferred,0.17169852375521596,0.2197350561618805,20.3443000000334,False,False,9,14,True,True,0.0,0.0,1.0,0.017795558008001103
167572,51,bowl,a photo of a bowl,0.0,0.20091425068470198,0.5187539859693877,0.20601424034026578,0.10718775419655402,24.324269884930715,59.91057140063077,121.0679172932496,0.20091425068470198,0.49485092946231113,0.28876732612897793,60.50798927329171,0.5974178726609409,0.3042348198529869,10649,25885,0.21223294005102042,0.291481907264466,False,0.4967048721557021,B_wrong_or_unconfirmed_target,peak_in_background,0.13866847409438204,0.2223365753889084,19.726300000002084,False,False,9,14,False,False,0.0,1.0,0.0,0.09634707484270824
389109,62,chair,a photo of a chair,1.0,0.18929964511591343,0.6735092474489796,0.5539222793182582,0.12028783159703577,22.205310378049035,69.65882202997375,117.30244060654263,0.18929964511591343,0.593839494470744,0.24171904524632004,70.6243074972,0.9654854672262445,0.21686086041334257,2419,31416,0.04821029974489796,0.0714940150731491,True,0.8054458112350337,B_wrong_or_unconfirmed_target,target_peak_distractor_energy,0.08695279243959894,0.2228492945432663,20.45959999986735,False,False,5,17,False,True,0.0,1.0,0.0,0.04919388176932617
389109,67,dining table,a photo of a dining table,1.0,0.6454329324228026,0.7018893494897959,0.7277452032411743,0.481237428036346,175.32950901612935,44.45684228280243,271.64636356249105,0.6454329324228026,0.16365704918621274,0.7977270107080607,138.69779738517195,94.24095510236953,0.1909100183909846,22147,11688,0.44138632015306123,0.6545588887246934,True,0.6754651979340183,A_correct_target_coarse_mask,target_preferred,0.19834081436869216,0.23043029010295868,19.81260000002294,False,False,5,17,True,True,1.0,0.0,0.0,0.5552445026414413
491867,32,tie,a photo of a tie,1.0,0.27975714819591774,0.778938137755102,0.5692882388938338,0.19936480438862422,67.55823370069265,154.27730950265078,241.4888560894991,0.27975714819591774,0.6388589187961264,0.3045419716116715,221.83554320334343,67.55823370069265,0.08138393300795586,2787,23494,0.055544483418367346,0.10604619306723488,True,0.7868459888878486,B_wrong_or_unconfirmed_target,target_peak_distractor_energy,0.1005643254472151,0.2306423932313919,19.77220000003399,False,False,3,6,False,True,0.0,1.0,0.0,1.0
491867,1,person,a photo of a person,1.0,0.7417657774168813,0.5794403698979592,0.6898957594329478,0.3010731319554849,77.34165340256808,0.030976058051692235,104.26694754225787,0.7417657774168813,0.0002970841554476129,0.9995996509583734,6.853830159924513,6.822854101872821,0.2579371384276712,26062,219,0.5194116709183674,0.9916669837525208,True,0.9545059134608825,A_correct_target_coarse_mask,target_preferred,0.09720365153082776,0.24754562973976135,19.846400000005815,False,False,3,6,True,True,1.0,0.0,0.0,0.10693730335354155
173799,22,elephant,a photo of a elephant,1.0,0.6905024541355088,0.8993542729591837,0.80575398285067,0.6564392135519423,353.4220261307346,19.29279640233247,511.8331209600259,0.6905024541355088,0.037693528637118494,0.9482371098868176,19.739727931909812,0.4469315295773413,0.2718040172273728,11875,6531,0.2366669323979592,0.6451700532435075,True,0.9097064406657924,C_good_localization,target_preferred,0.10428105674472739,0.1806458830833435,19.738599999982398,False,False,2,16,True,True,0.0,0.0,1.0,0.003621052631578947
173799,1,person,a photo of a person,1.0,0.4350162658347296,0.7897799744897959,0.5791940593696224,0.3608047509392801,30.993200239258613,7.226383605126834,71.24607209752814,0.4350162658347296,0.10142851938889626,0.8109245868675459,7.7249572892604235,0.49857368413358927,0.4635552147763741,6574,11832,0.1310188137755102,0.35716614147560577,True,0.8853109477301132,A_correct_target_coarse_mask,target_preferred,0.06028121991789923,0.23495647311210632,20.089699999971344,False,False,2,16,True,True,1.0,0.0,0.0,0.0065409187709157286
433515,38,kite,a photo of a kite,0.0,0.22861798005078626,0.8687619579081632,0.3547684902280326,0.2075812274368231,134.58850481547415,4.142887762607927,588.704811343255,0.22861798005078626,0.0070372921756067346,0.9701373446512681,4.142887762607927,0.0,0.7643447277736071,1725,955,0.03437898596938776,0.6436567164179104,True,0.9473278285928021,B_wrong_or_unconfirmed_target,peak_in_background,0.06223437803580167,0.20309387147426605,19.75130000005265,False,False,3,27,True,True,0.0,1.0,0.0,0.0
433515,1,person,a photo of a person,0.0,0.0325914633200749,0.7446189413265306,0.030908564843444564,0.026365777676468354,0.6332575875902364,3.2512080111077495,19.430167383744866,0.0325914633200749,0.16732784370286413,0.16302309069292098,3.3174303611662737,0.06622235005852417,0.800080692977061,739,1941,0.014728156887755101,0.2757462686567164,False,0.3384422140811511,B_wrong_or_unconfirmed_target,peak_in_distractor,0.04614555199452801,0.26230353116989136,20.241499999883672,False,False,3,27,False,False,0.0,1.0,0.0,0.06765899864682003
489305,1,person,a photo of a person,1.0,0.7389050836564929,0.7406529017857143,0.7609626746235179,0.514657615992839,84.44757005868057,23.689863002324998,114.28743951901015,0.7389050836564929,0.20728317216682865,0.7809281917302293,24.777674590473268,1.08781158814827,0.05381174417667843,22652,15859,0.45145089285714285,0.5881955804834982,True,0.7139349557694643,C_good_localization,target_preferred,0.15586228190329526,0.2445671707391739,19.923600000083752,False,False,3,8,True,True,0.0,0.0,1.0,0.01222850079463182
489305,52,banana,a photo of a banana,0.0,0.05430561185253025,0.6852877869897959,0.11020354602273259,0.05312706122204233,25.15949338383507,382.75411094753144,463.29453854892563,0.05430561185253025,0.8261571831741141,0.061678485631964416,407.9136043313665,25.15949338383507,0.11953720497335558,1021,37490,0.020348373724489797,0.02651190568928358,True,0.7070572025978623,B_wrong_or_unconfirmed_target,peak_in_distractor,0.12629429839768705,0.2217351496219635,19.91600000019389,False,False,3,8,False,True,0.0,1.0,0.0,1.0
454067,72,tv,a photo of a tv,1.0,0.43830847732271877,0.8377710459183674,0.5483589164463462,0.2847728670591336,82.66705171567628,10.351130757774243,188.60472930075224,0.43830847732271877,0.05488266808658948,0.8887192752800822,10.351130757774243,0.0,0.5068088545906918,4497,17940,0.08962452168367346,0.20042786468779247,True,0.9695677572138336,A_correct_target_coarse_mask,target_preferred,0.053884525699744085,0.24307134747505188,19.795599999952174,False,False,4,7,True,True,1.0,0.0,0.0,0.0
454067,1,person,a photo of a person,1.0,0.6221103027071401,0.7250876913265306,0.7086105760845471,0.4593768371546149,47.87875076610486,0.5613752064168196,76.96183547798259,0.6221103027071401,0.007294202417734944,0.9884109466037256,0.5613752064168196,0.0,0.37059549487512494,17757,4680,0.35389429209183676,0.7914159647011633,True,0.9574077013346884,A_correct_target_coarse_mask,target_preferred,0.14326432180682377,0.24470660090446472,19.696300000077827,False,False,4,7,True,True,1.0,0.0,0.0,0.0
549220,41,skateboard,a photo of a skateboard,1.0,0.5629790966341376,0.8859813456632653,0.642711778685704,0.5237659202530592,253.43961235778335,28.510689749497118,450.1758837459746,0.5629790966341376,0.06333233471383629,0.8988804426297445,30.36711088542583,1.8564211359287128,0.37368856865202615,7066,27257,0.14082429846938777,0.2058677854499898,True,0.9716635957439193,C_good_localization,target_preferred,0.06285085945384263,0.19130167365074158,23.623099999895203,False,False,5,8,True,True,0.0,0.0,1.0,0.03962637984715539
549220,18,dog,a photo of a dog,0.0,0.863332118694266,0.8657326211734694,0.9117577742865358,0.7169327731092437,196.99729403584254,6.661608938259356,228.18251489796097,0.863332118694266,0.02919421298007126,0.9672903622626926,7.211938852583735,0.5503299143243794,0.10747366832566273,22864,11459,0.45567602040816324,0.6661422369839466,True,0.9367926147740171,B_wrong_or_unconfirmed_target,peak_in_background,0.14610170833443567,0.19833654165267944,19.710499999973763,False,False,5,8,True,True,0.0,1.0,0.0,0.017932120363890833
433204,4,motorcycle,a photo of a motorcycle,1.0,0.24757664103926502,0.9092793367346939,0.6020324245860849,0.09968354430379747,60.18971912190318,16.323318159295013,243.11550099897045,0.24757664103926502,0.06714223524300962,0.7866596499194657,24.458956627262523,8.13563846796751,0.6852811237177253,504,596,0.010044642857142858,0.4581818181818182,True,0.8134478979988203,A_correct_target_coarse_mask,target_preferred,0.03154537232098907,0.20140253007411957,20.722299999988536,False,False,3,8,True,True,1.0,0.0,0.0,0.125
433204,1,person,a photo of a person,0.0,0.05545760792534456,0.7736168686224489,0.10702581260618631,0.028148528405201916,1.2506511582032545,0.48286823025296144,22.551480400792713,0.05545760792534456,0.021411819608791093,0.7214520740470628,0.48286823025296144,0.0,0.9231305724658644,542,558,0.010801977040816327,0.49272727272727274,True,0.7272607324191503,B_wrong_or_unconfirmed_target,peak_in_distractor,0.05029583351004724,0.2332834005355835,20.967599999949016,False,False,3,8,True,True,0.0,1.0,0.0,0.11623616236162361
305609,54,sandwich,a photo of a sandwich,1.0,0.2393772256284266,0.7375039859693877,0.33033737081671843,0.21117566029825718,45.519602193975516,34.237647217345,190.1584500132579,0.2393772256284266,0.18004799268693,0.5707268308517424,34.34418498817416,0.10653777082916349,0.5805747816846434,5090,18463,0.10144292091836735,0.2161083513777438,True,0.8282546948890105,A_correct_target_coarse_mask,target_preferred,0.08504806215062224,0.20337875187397003,20.12549999994917,False,False,8,12,True,True,1.0,0.0,0.0,0.00550098231827112
305609,1,person,a photo of a person,0.0,0.13801473531178288,0.6737284757653061,0.14174334718782952,0.10944894739705162,3.6875343509793765,7.967199220548618,26.71841048456916,0.13801473531178288,0.29819136228743703,0.31639799643190003,8.063273800817651,0.0960745802690326,0.5637939024007801,5384,18169,0.10730229591836735,0.22859083768522057,True,0.6096664256102085,B_wrong_or_unconfirmed_target,peak_in_background,0.08764545308522662,0.23633165657520294,20.903500000031272,False,False,8,12,False,True,0.0,1.0,0.0,0.0362184249628529
5001,1,person,a photo of a person,1.0,0.5390318906838042,0.5018933354591837,0.5512761100640151,0.30305903349042135,76.58770367105348,2.36090938197151,142.0838080171768,0.5390318906838042,0.01661631550363638,0.9700956192810278,2.757754962781405,0.3968455808098952,0.4443517938125595,25695,1542,0.5120974170918368,0.9433858354444322,True,0.6606458164708986,A_correct_target_coarse_mask,target_preferred,0.15683872862735657,0.24393095076084137,19.993500000055064,False,False,4,18,True,True,1.0,0.0,0.0,0.014244016345592529
5001,87,scissors,a photo of a scissors,0.0,0.04337692176899855,0.6233258928571429,0.046728779469143576,0.05225152943536255,7.195188714016695,90.6060681628701,165.87596400533636,0.04337692176899855,0.5462278317789022,0.07356949127017863,91.44533240199645,0.8392642391263507,0.41039524645209935,1309,25928,0.026088169642857144,0.04805962477512208,True,0.6113407163778649,B_wrong_or_unconfirmed_target,peak_in_background,0.15593657395532493,0.23162530362606049,19.587400000091293,False,False,4,18,False,True,0.0,1.0,0.0,0.16348357524828114
15254,57,carrot,a photo of a carrot,1.0,0.40068275152118255,0.7883848852040817,0.7718836424257176,0.3065569487983281,164.1481163263088,196.076671625701,409.6710320150403,0.40068275152118255,0.47861981029330486,0.45568245666696494,196.076671625701,0.0,0.12069743818551257,4899,35878,0.09763632015306123,0.1201412561002526,True,0.859767060057796,B_wrong_or_unconfirmed_target,target_peak_distractor_energy,0.12414214573589706,0.2173149287700653,20.335199999863107,False,False,3,8,False,True,0.0,1.0,0.0,0.0
15254,51,bowl,a photo of a bowl,1.0,0.7428535551895071,0.47301498724489793,0.7431683868199355,0.3587486358675882,90.61104400121675,4.712318301743494,121.97699448056252,0.7428535551895071,0.03863284483939649,0.9505649172679456,4.712318301743494,0.0,0.21851359997109643,35783,4994,0.7131497130102041,0.8775289991907202,True,0.7285266793533524,A_correct_target_coarse_mask,target_preferred,0.1448154736808179,0.2293223887681961,19.586499999832085,False,False,3,8,True,True,1.0,0.0,0.0,0.0
318238,65,bed,a photo of a bed,1.0,0.7320169693992965,0.7481465242346939,0.8096547542472119,0.548032904148784,246.97677351447783,43.63298378715109,337.3921423121522,0.7320169693992965,0.1293242441514309,0.8498571273301587,48.286747699420005,4.653763912268914,0.13865878644927254,23754,19573,0.47341358418367346,0.5482493595217762,True,0.8234474330671205,C_good_localization,target_preferred,0.24289252960825028,0.20533017814159393,19.79809999988902,False,False,3,4,True,True,0.0,0.0,1.0,0.03296286941146754
318238,18,dog,a photo of a dog,1.0,0.8183967735977494,0.8586176658163265,0.8596788210268395,0.6565314224847487,223.71711512581984,38.96378094342839,273.3602115051582,0.8183967735977494,0.14253640180071767,0.8516687679748224,40.71713332741257,1.7533523839841791,0.039066824601533046,19104,24223,0.3807397959183674,0.4409259814896023,True,0.8792295855639353,C_good_localization,target_preferred,0.10765645856701905,0.1849173754453659,19.913199999791686,False,False,3,4,True,True,0.0,0.0,1.0,0.037583752093802346
433980,77,cell phone,a photo of a cell phone,1.0,0.3257123794291634,0.8466796875,0.8176687378887308,0.22214357937310414,60.502133731381036,111.59956891184292,185.75325210977792,0.3257123794291634,0.6007946975048863,0.3515487226573513,172.10170264322394,60.502133731381036,0.07349292306595027,2202,35092,0.04388552295918367,0.05904435029763501,True,0.8962623998013002,B_wrong_or_unconfirmed_target,target_peak_distractor_energy,0.07975138720198559,0.23975279927253723,19.78759999997237,False,False,2,2,False,True,0.0,1.0,0.0,1.0
433980,1,person,a photo of a person,1.0,0.916546098193826,0.6828962053571429,0.9455409275194886,0.5784718910613045,125.51364057549799,0.0,136.94198341233357,0.916546098193826,0.0,0.9999999999999921,12.930312076816335,12.930312076816335,0.08345390180617392,37294,0,0.7432637117346939,1.0,False,0.9999999997028689,C_good_localization,target_preferred,0.2666096937586228,0.2568456828594208,19.66010000001006,False,False,2,2,True,False,0.0,0.0,1.0,0.05904435029763501
255664,18,dog,a photo of a dog,1.0,0.6487425113827904,0.8856026785714286,0.8020417572812469,0.5603217158176944,218.43301436986076,0.6529586218765644,336.7021746490333,0.6487425113827904,0.0019392765210298564,0.997019623789871,0.6529586218765644,0.0,0.34931821209617964,7942,619,0.1582828443877551,0.9276953626912744,True,0.9630630250278913,C_good_localization,target_preferred,0.09227931102193845,0.21861138939857483,19.771400000081485,False,False,2,2,True,True,0.0,0.0,1.0,0.0
255664,34,frisbee,a photo of a frisbee,1.0,0.13767086787296695,0.7531688456632653,0.8559603893631338,0.04760073823438942,49.71051547676325,85.20353359350702,361.08231352643634,0.13767086787296695,0.23596706457700514,0.36846062970707416,85.20353359350702,0.0,0.6263620675500279,619,7942,0.01233657525510204,0.07230463730872562,True,0.8821540795263512,B_wrong_or_unconfirmed_target,target_peak_distractor_energy,0.06613200076977886,0.21594659984111786,19.76039999999557,False,False,2,2,False,True,0.0,1.0,0.0,0.0
172595,27,backpack,a photo of a backpack,1.0,0.2750789648747327,0.7620376275510204,0.5678655584753031,0.1659098847362906,43.58063180744648,41.75326772628209,158.4295325063933,0.2750789648747327,0.26354472594683176,0.5107071403694677,85.15231272613487,43.39904499985278,0.46137630917843564,2507,14106,0.0499641262755102,0.15090591705291037,True,0.8545010087165684,A_correct_target_coarse_mask,target_preferred,0.07088210045245863,0.2269608974456787,19.96229999986099,False,False,10,15,True,True,1.0,0.0,0.0,0.9960111687275628
172595,73,laptop,a photo of a laptop,1.0,0.19532341555468732,0.6947146045918368,0.42261716615364764,0.1575647582907111,48.181179764753324,81.31948685809556,246.67385437596647,0.19532341555468732,0.32966398917233014,0.37205352699128075,81.40323995962325,0.08375310152769089,0.47501259527298245,3259,13354,0.06495137117346939,0.19617167278637213,True,0.708266220916873,B_wrong_or_unconfirmed_target,target_peak_distractor_energy,0.13759863309520756,0.23814915120601654,19.758900000169888,False,False,10,15,False,True,0.0,1.0,0.0,0.0009205277692543725
109900,8,truck,a photo of a truck,1.0,0.5791303398535849,0.9084622130102041,0.8168204726219274,0.4520400858983536,158.8340792680101,16.267906234278655,274.2630947433463,0.5791303398535849,0.05931496634464094,0.9070946786376279,17.95130802565751,1.6834017913788557,0.3615546938017742,3808,6202,0.07589285714285714,0.3804195804195804,True,0.9408347763344771,A_correct_target_coarse_mask,target_preferred,0.058522531101123446,0.19914931058883667,22.725100000116072,False,False,3,13,True,True,1.0,0.0,0.0,0.01207983193277311
109900,5,airplane,a photo of a airplane,1.0,0.2985300608060088,0.8511439732142857,0.4099356914153159,0.22084289588983935,92.27876923070289,27.056801895658964,309.1104761160639,0.2985300608060088,0.08753117084747317,0.7732712749410662,27.910156610469812,0.8533547148108482,0.6139387683465181,2138,7872,0.04261001275510204,0.2135864135864136,True,0.9262400144544216,A_correct_target_coarse_mask,target_preferred,0.060624009897438345,0.1984124779701233,19.885799999883602,False,False,3,13,True,True,1.0,0.0,0.0,0.01777362020579981
388846,1,person,a photo of a person,0.0,0.020740047934417086,0.5937699298469388,0.05538517012851447,0.014790468364831553,0.44229724289215966,0.3724452004149583,21.325757987192944,0.020740047934417086,0.017464570339709756,0.5428675608162621,0.42365312375504516,0.051207923340086836,0.9617953817258732,3425,4106,0.06825972576530612,0.4547868808923118,True,0.5874030670777416,B_wrong_or_unconfirmed_target,peak_in_background,0.10176438931585235,0.22989626228809357,19.717399999990448,False,False,4,33,True,True,0.0,1.0,0.0,0.1562043795620438
388846,62,chair,a photo of a chair,1.0,0.07293834646179674,0.6951530612244898,0.45984763979136717,0.03653313177122701,6.5793151231482625,17.386554659781268,90.20378775099243,0.07293834646179674,0.19274750088961734,0.27452853506841296,17.907765499753168,0.5212108399719,0.7343141526485859,580,6951,0.011559311224489796,0.07701500464745718,True,0.8193346491273289,B_wrong_or_unconfirmed_target,target_peak_distractor_energy,0.09822167937118406,0.20918846130371094,20.263999999997395,False,False,4,33,False,True,0.0,1.0,0.0,0.09655172413793103
401991,17,cat,a photo of a cat,1.0,0.20474285783147098,0.7531289859693877,0.52453998000778,0.13943309712380159,25.77822061380448,97.15333930742744,125.9053472576962,0.20474285783147098,0.7716379123166174,0.20969570898084752,122.46732256487903,25.313983257451582,0.02361922985191167,2325,46243,0.04633689413265306,0.04787102619008401,True,0.8406978338622397,B_wrong_or_unconfirmed_target,target_peak_distractor_energy,0.0874449179917549,0.1954604536294937,19.816500000160886,False,False,3,4,False,True,0.0,1.0,0.0,0.9255913978494623
401991,18,dog,a photo of a dog,1.0,0.8726173297723627,0.9271962691326531,0.9440554924080863,0.7699042579994961,236.906655572584,29.16195757560257,271.4897441177167,0.8726173297723627,0.10741458271424824,0.8903968520354494,41.2360637862634,12.07410621066083,0.019968087513389,14846,33722,0.29587850765306123,0.3056745182012848,True,0.9485937635191607,C_good_localization,target_preferred,0.09216126818575644,0.20293636620044708,19.639800000049945,False,False,3,4,True,True,0.0,0.0,1.0,0.1501414522430284
562059,51,bowl,a photo of a bowl,1.0,0.5322255562870146,0.6528619260204082,0.5383072034889255,0.369392853263821,111.29754935947585,77.6199974409399,209.11725873504682,0.5322255562870146,0.3711792986885173,0.5891329378581065,79.96247261505576,2.3424751741158616,0.09659514502446812,19955,17554,0.3977000956632653,0.5320056519768589,True,0.5577866915638867,A_correct_target_coarse_mask,target_preferred,0.1600553104571149,0.21768918633460999,20.555099999910453,False,False,5,6,True,True,1.0,0.0,0.0,0.031921824104234525
562059,50,spoon,a photo of a spoon,1.0,0.35334041118152426,0.7867107780612245,0.899657309283993,0.2382375969819916,97.81769611034542,138.87370751922242,276.83699066080726,0.35334041118152426,0.5016443329619074,0.41327101284774115,139.07388157521598,0.20017405599355698,0.14501525585656835,3347,34162,0.06670519770408163,0.08923191767309178,True,0.8778890385178788,B_wrong_or_unconfirmed_target,target_peak_distractor_energy,0.09647176572402673,0.20946338772773743,19.603400000050897,False,False,5,6,False,True,0.0,1.0,0.0,0.002091425156856887
170893,18,dog,a photo of a dog,1.0,0.7215506120582026,0.9115314094387755,0.899338722356578,0.715594566888775,336.8254772755681,32.33230072099889,466.8078325299774,0.7215506120582026,0.06926254974293426,0.9124160382141522,33.29672619039832,0.9644254693994299,0.20918683819886313,11962,9616,0.23840082908163265,0.5543609231624803,True,0.8933276647434495,C_good_localization,target_preferred,0.1574925217045669,0.20867399871349335,19.688200000018696,False,False,2,2,True,True,0.0,0.0,1.0,0.009613776960374519
170893,70,toilet,a photo of a toilet,1.0,0.4602419068382579,0.7870495854591837,0.7171221226996306,0.419356591674818,307.4867951911583,64.0699257613087,668.0982123151553,0.4602419068382579,0.09589896302713895,0.8275635397011,67.37722876480984,3.307303003501147,0.4438591301346032,9731,11847,0.1939373405612245,0.4509685791083511,True,0.8538616087345753,A_correct_target_coarse_mask,target_preferred,0.15830450156864126,0.20780032873153687,20.11010000001079,False,False,2,2,True,True,1.0,0.0,0.0,0.011817901551741856
450559,41,skateboard,a photo of a skateboard,1.0,0.22175750750002696,0.7549824617346939,0.567924660235419,0.1251067463706234,99.64560712315142,142.16282212697934,449.3449094305829,0.22175750750002696,0.3163779518658181,0.412084919587629,157.14078512937795,14.97796300239861,0.46186454063415494,1758,9280,0.035036670918367346,0.15926798333031347,True,0.7872338507750045,B_wrong_or_unconfirmed_target,target_peak_distractor_energy,0.05462735274149262,0.23001110553741455,23.39849999998478,False,False,2,2,False,True,0.0,1.0,0.0,0.1291240045506257
450559,1,person,a photo of a person,1.0,0.7050427608363863,0.8970025510204082,0.8854956050675818,0.6257513216018539,38.09099952089673,2.065847990457428,54.02650964844983,0.7050427608363863,0.03823767265181275,0.9485555236905917,2.50409267400903,0.43824468355160207,0.25671956651180095,9507,1531,0.18947305484693877,0.8612973364739989,True,0.748067114862991,C_good_localization,target_preferred,0.11239153807581298,0.2485862374305725,23.3679000000393,False,False,2,2,True,True,0.0,0.0,1.0,0.023877143157673295
105912,1,person,a photo of a person,0.0,0.010743809760783542,0.6296835140306123,0.023133635526617152,0.008008114889754952,0.7433665801390816,19.134058527322214,69.19022178263776,0.010743809760783542,0.27654281247185736,0.03739752891132817,19.14103714236244,0.006978615040225122,0.712713377767359,1628,7177,0.03244579081632653,0.18489494605337875,False,0.14622680631388227,B_wrong_or_unconfirmed_target,peak_in_distractor,0.09816846425938877,0.23349915444850922,19.723300000123345,False,False,4,17,False,False,0.0,1.0,0.0,0.02027027027027027
105912,11,fire hydrant,a photo of a fire hydrant,1.0,0.5155400369482466,0.8672273596938775,0.9608744845790554,0.4532622076323348,269.5015804115683,19.188560306583895,522.7558697611349,0.5155400369482466,0.03670654203338129,0.933532332421014,19.41844280951227,0.2298825029283762,0.4477534210183721,5523,3282,0.11007254464285714,0.6272572402044293,True,0.8930032511397207,A_correct_target_coarse_mask,target_preferred,0.130557541819106,0.19455201923847198,19.69819999999345,False,False,4,17,True,True,1.0,0.0,0.0,0.0016295491580662683
26465,73,laptop,a photo of a laptop,1.0,0.7936493360688089,0.7586495535714286,0.8121971366747293,0.5593158660844251,403.6407956674632,18.44714966868105,508.5883365905919,0.7936493360688089,0.036271279424818594,0.9562954832695091,248.82303903040065,230.3758893617196,0.17007938450637253,24673,5744,0.49172911352040816,0.8111582338823684,True,0.8359039513513424,C_good_localization,target_preferred,0.14318096387724186,0.2209833413362503,19.777399999838963,False,False,6,6,True,True,0.0,0.0,1.0,0.47975519798970534
26465,62,chair,a photo of a chair,0.0,0.0572786675105943,0.5789022640306123,0.06503826448727815,0.07149762699947267,14.657641829457134,109.21318384474404,255.90053795762702,0.0572786675105943,0.42677981342433896,0.11833005673191208,109.58425576500855,0.3710719202645123,0.5159415190650667,1931,28486,0.03848453443877551,0.06348423578919683,True,0.6644156905155416,B_wrong_or_unconfirmed_target,peak_in_background,0.16447165262130123,0.21200716495513916,19.911400000182766,False,False,6,6,False,True,0.0,1.0,0.0,0.04091144484722942
341469,33,suitcase,a photo of a suitcase,1.0,0.6477016549633635,0.8750996492346939,0.7802310076819968,0.64744599459946,271.69421028314173,51.2262753728113,419.47431846304266,0.6477016549633635,0.1221201706948468,0.8413656684903236,142.88512829335866,91.65885292054736,0.23017817434178967,13314,17589,0.26534598214285715,0.43083195806232405,True,0.8751062802872548,C_good_localization,target_preferred,0.10212844974670669,0.2078315019607544,20.553900000095382,False,False,4,13,True,True,0.0,0.0,1.0,0.31019978969505785
341469,2,bicycle,a photo of a bicycle,1.0,0.3292181574726098,0.7859335140306123,0.48018095968246094,0.18708847347309468,59.524577142106864,59.50999610594056,180.80587534744092,0.3292181574726098,0.32913751276934294,0.5000612470636364,60.07343094840519,0.5634348424646305,0.34164432975804726,3573,27330,0.0712093431122449,0.11561984273371517,True,0.8844052053737924,A_correct_target_coarse_mask,target_preferred,0.04332006414350894,0.21840280294418335,20.080499999949097,False,False,4,13,True,True,1.0,0.0,0.0,0.028827315980968375
173008,1,person,a photo of a person,0.0,0.6350995433375397,0.7619977678571429,0.585180588974872,0.3904654961208657,48.15413899987638,5.8898354291634405,75.82140391224253,0.6350995433375397,0.07768037948730776,0.8910177223013505,6.4737774854550025,0.583942056291562,0.2872200771751524,14975,4251,0.29844945790816324,0.7788931655050453,True,0.6988759901129966,B_wrong_or_unconfirmed_target,peak_in_background,0.06964095986592143,0.24363189935684204,19.894600000043283,False,False,9,18,True,True,0.0,1.0,0.0,0.008146911519198665
173008,52,banana,a photo of a banana,0.0,0.18295619080034986,0.8542530293367347,0.25233478678283433,0.06123234916559692,70.8067294170105,160.47259226039768,387.01466786810204,0.18295619080034986,0.41464214559198087,0.30615244330304836,167.67768128140614,7.205089021008462,0.4024016636076693,860,18366,0.017139668367346938,0.04473109331114116,True,0.9040584531654035,B_wrong_or_unconfirmed_target,peak_in_background,0.03372107605145538,0.22275464236736298,23.194400000193127,False,False,9,18,False,True,0.0,1.0,0.0,0.07441860465116279
196009,50,spoon,a photo of a spoon,1.0,0.376062738170995,0.8707549426020408,0.8609154936305224,0.3410222538359923,243.43653178215027,125.27410135979048,647.3295731614339,0.376062738170995,0.19352445269567356,0.6602373511925136,125.27410135979048,0.0,0.4304128091333314,3356,25398,0.06688456632653061,0.11671419628573416,True,0.9363310891092723,A_correct_target_coarse_mask,target_preferred,0.11095378604554532,0.2051846981048584,20.255899999938265,False,False,2,3,True,True,1.0,0.0,0.0,0.0
196009,57,carrot,a photo of a carrot,1.0,0.899708412848719,0.8622249681122449,0.9615946812802498,0.732593222961473,871.5358617027523,18.74787388808909,968.6870204350264,0.899708412848719,0.019353902233220418,0.9789416866347131,18.74787388808909,0.0,0.08093768491806051,25398,3356,0.5061782525510204,0.8832858037142658,True,0.8599959125125182,C_good_localization,target_preferred,0.17612781310442724,0.20744456350803375,23.133099999995466,False,False,2,3,True,True,0.0,0.0,1.0,0.0
345252,76,keyboard,a photo of a keyboard,0.0,0.06169771919440197,0.6965880102040817,0.22309290327240194,0.037552155771905425,17.780872667673975,138.680335160019,288.19335463031655,0.06169771919440197,0.4812058742225783,0.11364396909971138,140.03723987531862,1.3569047152996063,0.45709640658301964,594,23119,0.011838329081632654,0.02504955087926454,True,0.8330615743430674,B_wrong_or_unconfirmed_target,peak_in_background,0.08938720614853021,0.21880319714546204,19.83909999989919,False,False,5,5,False,True,0.0,1.0,0.0,0.07744107744107744
345252,73,laptop,a photo of a laptop,0.0,0.058411266776265694,0.7488839285714286,0.13952662401521093,0.03831476110517478,12.328081894665956,103.21264927219052,211.0565747852474,0.058411266776265694,0.4890283535455393,0.10669901228911585,103.21264927219052,0.0,0.45256037967819496,502,23211,0.010004783163265306,0.021169822460253868,True,0.8466896331128042,B_wrong_or_unconfirmed_target,peak_in_distractor,0.07399283126299144,0.22801660001277924,19.996799999944415,False,False,5,5,False,True,0.0,1.0,0.0,0.0
32570,1,person,a photo of a person,0.0,0.1277410207924704,0.7434430803571429,0.25421157768778024,0.10405066815144766,10.675596330547705,8.052492387592793,83.57218585164907,0.1277410207924704,0.09635373665931102,0.5700312771482381,8.292194017209113,0.23970162961632013,0.7759052425482186,1495,895,0.02979512117346939,0.6255230125523012,False,0.44248594695162935,B_wrong_or_unconfirmed_target,peak_in_distractor,0.1264900400560201,0.2368011474609375,20.35840000007738,False,False,2,2,True,False,0.0,1.0,0.0,0.018060200668896322
32570,42,surfboard,a photo of a surfboard,1.0,0.09170147511735934,0.7235929528061225,0.4991214091345239,0.062335203840173076,76.91015143692493,20.668045762321526,838.7013550054183,0.09170147511735934,0.02464291447602109,0.7881899199252482,22.788569613686377,2.120523851364851,0.8836556104066196,922,1468,0.01837531887755102,0.3857740585774059,True,0.8555931165109696,A_correct_target_coarse_mask,target_preferred,0.1325694725960688,0.22642531991004944,19.671799999969153,False,False,2,2,True,True,1.0,0.0,0.0,0.02928416485900217
91500,1,person,a photo of a person,1.0,0.45796897860142094,0.5170001594387755,0.443660734486963,0.21143396349201185,17.92612552167948,2.8483039998130835,39.14266327912338,0.45796897860142094,0.07276725090221997,0.8628937561502144,3.1877837491618948,0.3394797493488113,0.4692637704963591,20997,3674,0.4184669961734694,0.8510802156377933,True,0.5240905478046985,A_correct_target_coarse_mask,target_preferred,0.07400412521498916,0.2353811115026474,20.067400000016278,False,False,9,18,True,True,1.0,0.0,0.0,0.018288326903843407
91500,67,dining table,a photo of a dining table,1.0,0.14339002975259948,0.6868622448979592,0.4543844548130762,0.09016156117899125,19.946364857023582,48.06852536822393,139.1056609126757,0.14339002975259948,0.34555405619616875,0.2932646776458236,48.36799459077142,0.2994692225474864,0.5110559140512317,1650,23021,0.032884247448979595,0.06688014267763771,True,0.8527143685638743,B_wrong_or_unconfirmed_target,target_peak_distractor_energy,0.0844913649368619,0.2165764570236206,19.594699999970544,False,False,9,18,False,True,0.0,1.0,0.0,0.03696969696969697
452891,15,bench,a photo of a bench,1.0,0.9732605683813645,0.4264588647959184,0.974505974115346,0.422615464868986,384.17944676440175,0.0,394.7344208173695,0.9732605683813645,0.0,0.9999999999999973,40.85447733729913,40.85447733729913,0.02673943161863549,49198,0,0.9805086096938775,1.0,False,0.99999999987194,A_correct_target_coarse_mask,target_preferred,0.16690000976418093,0.20193462073802948,21.144000000049346,False,False,2,2,True,False,1.0,0.0,0.0,0.4026992967193788
452891,18,dog,a photo of a dog,1.0,0.7909181215989843,0.8218072385204082,0.8692567939541587,0.5831312942931742,346.627348936865,88.77900308808609,438.2594600767207,0.7909181215989843,0.2025717894886847,0.7961008086464495,435.4063520249511,346.627348936865,0.0065100889123309216,19812,29386,0.3948501275510204,0.4026992967193788,True,0.8527495061185153,C_good_localization,target_preferred,0.16036765464805428,0.2149878442287445,19.822999999860258,False,False,2,2,True,True,0.0,0.0,1.0,1.0
117525,18,dog,a photo of a dog,1.0,0.5741371439195823,0.8820153061224489,0.8882616494986533,0.37919463087248323,131.20935385744087,54.67289129231531,228.53312182815154,0.5741371439195823,0.2392339931076919,0.7058735155244722,54.67289129231531,0.0,0.18662886297272582,3631,17131,0.07236527423469388,0.17488681244581447,True,0.9188488197569923,A_correct_target_coarse_mask,target_preferred,0.07986134331833183,0.2132290154695511,20.44390000014573,False,False,2,2,True,True,1.0,0.0,0.0,0.0
117525,1,person,a photo of a person,1.0,0.8292358647803484,0.830436862244898,0.8630642052396758,0.5837369734331426,108.80774811149163,8.955392076717544,131.21447435261751,0.8292358647803484,0.06825003202505989,0.9239542010988672,8.955392076717544,0.0,0.10251410319459174,17131,3631,0.34141820790816324,0.8251131875541855,True,0.7202989808106544,C_good_localization,target_preferred,0.14485813651941884,0.2391720712184906,20.824599999968996,False,False,2,2,True,True,0.0,0.0,1.0,0.0
17029,3,car,a photo of a car,1.0,0.5281543559720624,0.8848852040816326,0.8113394342937329,0.35686449170470996,121.81328124727588,21.47335863314663,230.63954669668462,0.5281543559720624,0.09310354161156226,0.8501370494062271,21.54437395386492,0.07101532071828842,0.37874210241637535,3310,5370,0.06596779336734694,0.3813364055299539,True,0.9019919587486842,A_correct_target_coarse_mask,target_preferred,0.06370561728955304,0.22321787476539612,19.919399999935195,False,False,3,4,True,True,1.0,0.0,0.0,0.0009063444108761329
17029,18,dog,a photo of a dog,1.0,0.7124819254043958,0.9334143813775511,0.8701933889204532,0.581328320802005,164.47976521185228,1.8784438238139956,230.85464956671797,0.7124819254043958,0.008136911374059709,0.9887084392486322,2.1075451666615663,0.22910134284757078,0.2793811632215444,5029,3651,0.10022720025510204,0.5793778801843318,True,0.9845126596378436,C_good_localization,target_preferred,0.05600972435880987,0.2121679037809372,20.872699999927136,False,False,3,4,True,True,0.0,0.0,1.0,0.010340027838536488
146457,59,pizza,a photo of a pizza,1.0,0.40934254297310735,0.9079838966836735,0.6009649494797404,0.2940366972477064,230.49992539407685,148.08337185517018,563.0978977164855,0.40934254297310735,0.2629797988159579,0.608848639305718,152.94193184733456,4.858559992164373,0.32767765821093475,1950,29328,0.03886320153061224,0.06234413965087282,True,0.9590341707095529,A_correct_target_coarse_mask,target_preferred,0.036721999535471554,0.1876930147409439,19.97479999999996,False,False,6,13,True,True,1.0,0.0,0.0,0.03230769230769231
146457,1,person,a photo of a person,1.0,0.5814847678643513,0.7376434948979592,0.4402139731916557,0.243926253517891,22.977422284554507,6.14767352188116,39.51508888004901,0.5814847678643513,0.15557787407597337,0.7889217751337485,6.14767352188116,0.0,0.26293735805967533,12479,18799,0.24870455994897958,0.39897052241191894,True,0.8491813716638144,A_correct_target_coarse_mask,target_preferred,0.04691244340149523,0.23590123653411865,19.571699999914927,False,False,6,13,True,True,1.0,0.0,0.0,0.00440740443945829
571718,1,person,a photo of a person,0.0,0.6144218759355717,0.8799027423469388,0.7425814270667476,0.5218978102189781,62.76541907757928,7.974927372562988,102.15362039642102,0.6144218759355717,0.0780679856633098,0.8872647962194447,9.12557678738277,1.1506494148197817,0.3075101384011185,6804,18465,0.13560267857142858,0.26926273299299536,True,0.9552750628968545,B_wrong_or_unconfirmed_target,peak_in_background,0.08494074695819781,0.23865662515163422,19.984400000112146,False,False,4,34,True,True,0.0,1.0,0.0,0.04717813051146384
571718,62,chair,a photo of a chair,1.0,0.08030941867079693,0.6414421237244898,0.08705942012462416,0.06282231598687295,6.424952970134768,27.404606223045732,80.0024838490219,0.08030941867079693,0.3425469423519752,0.18992127368392508,27.713055360877945,0.3084491378322127,0.5771436389772279,3396,21873,0.06768176020408163,0.13439392140567494,True,0.6015992053865393,B_wrong_or_unconfirmed_target,target_peak_distractor_energy,0.1208190369643265,0.21527326107025146,19.958200000019133,False,False,4,34,False,True,0.0,1.0,0.0,0.021790341578327443
481567,1,person,a photo of a person,1.0,0.32946668072702784,0.7890027104591837,0.49811456582598984,0.14017704864777064,18.107362534983167,7.622655594632647,54.95961684206122,0.32946668072702784,0.13869557381628145,0.7037446473518219,17.07567549768271,9.453019903050063,0.5318377454566907,2400,6783,0.04783163265306122,0.2613524991832734,True,0.8703598889790563,A_correct_target_coarse_mask,target_preferred,0.037362374217014827,0.23971329629421234,19.96140000005653,False,False,2,2,True,True,1.0,0.0,0.0,0.47791666666666666
481567,4,motorcycle,a photo of a motorcycle,1.0,0.5523242849006595,0.8824736926020408,0.6678199428562238,0.5441756203138286,257.5996237568179,24.16368183447048,466.391992528718,0.5523242849006595,0.051809812821738375,0.9142412040355531,40.09071648713143,15.92703465266095,0.3958659022776022,7930,1253,0.1580436862244898,0.8635522160513993,True,0.6274852238679385,C_good_localization,target_preferred,0.114823241994005,0.213444322347641,19.826299999976982,False,False,2,2,True,True,0.0,0.0,1.0,0.144640605296343
90891,1,person,a photo of a person,1.0,0.6577836756548946,0.7746133609693877,0.631231017826548,0.440923472414475,42.915232974581556,12.851740194181225,65.24216784774237,0.6577836756548946,0.1969851802621538,0.7695456743673378,15.82886648263878,2.977126288457555,0.1452311440829517,15006,22017,0.2990672831632653,0.4053156146179402,True,0.8304911841425958,A_correct_target_coarse_mask,target_preferred,0.09401847254452499,0.2448939085006714,20.066100000121878,False,False,2,19,True,True,1.0,0.0,0.0,0.1448087431693989
90891,52,banana,a photo of a banana,1.0,0.7453057278460277,0.6424585459183674,0.7086675602309092,0.35253356431355565,346.7683135400338,23.120329357066993,465.26988936769914,0.7453057278460277,0.049692296633438875,0.9374938111752196,27.742307809828134,4.621978452761141,0.20500197552053345,24190,12833,0.4821029974489796,0.6533776301218162,True,0.8883528173243836,A_correct_target_coarse_mask,target_preferred,0.06536673252947625,0.20264096558094025,19.776399999955174,False,False,2,19,True,True,1.0,0.0,0.0,0.08983050847457627
246436,51,bowl,a photo of a bowl,1.0,0.07309623177099157,0.7190688775510204,0.36986126431199756,0.04304141208418194,11.554536345189263,87.07495351055769,158.0729411796397,0.07309623177099157,0.5508529977411036,0.11715092881539309,87.07495351055769,0.0,0.37605077048790464,732,29056,0.014588647959183673,0.024573653820330336,True,0.8404404109629142,B_wrong_or_unconfirmed_target,target_peak_distractor_energy,0.09572019441260096,0.22344288229942322,19.94590000003882,False,False,6,7,False,True,0.0,1.0,0.0,0.0
246436,1,person,a photo of a person,1.0,0.8252346982471539,0.7489237882653061,0.8444302534617417,0.5157967560919363,123.74056980751016,15.124665915005068,149.94591244205105,0.8252346982471539,0.10086747727018056,0.8910838566880157,15.91523847397346,0.7905725589683925,0.07389782448266558,23312,6476,0.4646045918367347,0.7825970189337988,True,0.6944475240591543,C_good_localization,target_preferred,0.1276305898629757,0.24627098441123962,20.651700000144046,False,False,6,7,True,True,0.0,0.0,1.0,0.008450583390528484
147740,3,car,a photo of a car,0.0,0.10734544087372688,0.7491828762755102,0.1613048620678443,0.08272594752186589,6.199278801737819,19.41035901878218,57.75074145002753,0.10734544087372688,0.33610579762994414,0.2420681949968983,19.41035901878218,0.0,0.5565487614963289,1298,15301,0.02586894132653061,0.0781974817760106,True,0.7901317309679574,B_wrong_or_unconfirmed_target,peak_in_distractor,0.08236270618062358,0.23983541131019592,19.929399999909947,False,False,5,13,False,True,0.0,1.0,0.0,0.0
147740,1,person,a photo of a person,0.0,0.3150449178458233,0.7610012755102041,0.3397381584356212,0.35415769065058167,22.761444552430152,18.989349212677723,72.24825179871382,0.3150449178458233,0.26283472250072876,0.545173935625911,20.2940082488405,1.304659036162775,0.42212035965344813,10507,6092,0.20940290178571427,0.632989939152961,False,0.41002175475754943,B_wrong_or_unconfirmed_target,peak_in_background,0.08199579909686276,0.24861186742782593,19.68310000006568,False,False,5,13,True,False,0.0,1.0,0.0,0.04454173408204055
369037,31,handbag,a photo of a handbag,0.0,0.08675185210182255,0.7740752551020408,0.15535595184447687,0.04410152626697023,6.6835996471345425,63.97011790606469,77.04273148301036,0.08675185210182255,0.8303199623727194,0.09459657437136246,70.26292661875762,6.292808712692931,0.08292818552545805,523,39335,0.010423309948979591,0.0131215816147323,True,0.8871074034267686,B_wrong_or_unconfirmed_target,peak_in_distractor,0.0341325190738821,0.21583575010299683,20.555500000000393,False,False,4,4,False,True,0.0,1.0,0.0,0.8030592734225621
369037,22,elephant,a photo of a elephant,1.0,0.8143601990933297,0.7205436862244898,0.8687972720707297,0.5587374516159487,572.4177447605553,42.869623273946445,702.9048637173798,0.8143601990933297,0.06098922555070444,0.9303258517871221,43.124089291552764,0.25446601760631893,0.12465057535596583,29237,10621,0.5826889349489796,0.733529028049576,True,0.8290775422364681,C_good_localization,target_preferred,0.19954016601986704,0.2051909863948822,19.607899999982692,False,False,4,4,True,True,0.0,0.0,1.0,0.003454526798235113
525247,17,cat,a photo of a cat,1.0,0.6842300539506653,0.9249641262755102,0.9022968685966927,0.7449186991869918,545.5572318335762,153.5925865073874,797.3301211830609,0.6842300539506653,0.19263361865658618,0.7803152021524467,160.88526418369258,7.292677676305175,0.12313632739274855,11822,28106,0.23561065051020408,0.2960829493087558,True,0.8941191875944854,C_good_localization,target_preferred,0.16215110033008795,0.18964830040931702,20.321299999977782,False,False,2,2,True,True,0.0,0.0,1.0,0.012772796481136864
525247,73,laptop,a photo of a laptop,1.0,0.7547618727394108,0.7028858418367347,0.8101213508555258,0.5316368206094879,461.1671368074048,49.19986886673223,611.0101125452948,0.7547618727394108,0.08052218425940535,0.9035990408475844,51.17109228192794,1.971223415195709,0.1647159430011838,28257,11671,0.5631576849489796,0.7076988579442998,True,0.794723350718909,C_good_localization,target_preferred,0.2049273582375932,0.22388651967048645,20.244199999979173,False,False,2,2,True,True,0.0,0.0,1.0,0.005343808613794812
177714,53,apple,a photo of a apple,0.0,0.05938517366640798,0.673828125,0.08897464461232855,0.061259607663186874,10.877164909092244,9.930338085192716,183.16297212826134,0.05938517366640798,0.054215860169810504,0.5227520530492905,9.981509947712993,0.0511718625202775,0.8863989661637816,1256,3842,0.02503188775510204,0.24637112593173793,True,0.7701453482682159,B_wrong_or_unconfirmed_target,peak_in_background,0.12656358848808832,0.21184884011745453,19.817399999965346,False,False,3,11,True,True,0.0,1.0,0.0,0.004777070063694267
177714,57,carrot,a photo of a carrot,0.0,0.1879000860322299,0.645866549744898,0.4013653200317381,0.15910274005016325,67.43143992683508,12.437209662050009,358.8685952771133,0.1879000860322299,0.0346567234517865,0.8442792043427554,12.529777148738503,0.09256748668849468,0.7774431905159835,3848,1250,0.07669005102040816,0.7548058061985092,True,0.6378416797849632,B_wrong_or_unconfirmed_target,peak_in_background,0.17918178122397949,0.20702604949474335,19.70049999999901,False,False,3,11,True,True,0.0,1.0,0.0,0.0015592515592515593
393014,58,hot dog,a photo of a hot dog,1.0,0.5248701074716423,0.8667291135204082,0.7064731676457985,0.48537786670771127,172.88062382331555,26.444057100830832,329.37791915051275,0.5248701074716423,0.08028485081523312,0.867331747487432,196.84753103347612,170.40347393264528,0.39484504171312446,7115,1200,0.14180086096938777,0.8556825015033073,True,0.5244021473644267,A_correct_target_coarse_mask,target_preferred,0.07473872602400501,0.20210260152816772,20.424199999979464,False,False,2,4,True,True,1.0,0.0,0.0,0.9867884750527055
393014,54,sandwich,a photo of a sandwich,1.0,0.6738620683373259,0.9008290816326531,0.8735142180167315,0.6217407829722539,206.83725445298478,2.220286449883133,306.943014263039,0.6738620683373259,0.007233546119998771,0.9893795438313526,191.8978216922842,189.67753524240106,0.31890438554267536,8221,94,0.16384327168367346,0.9886951292844257,True,0.5157806824755836,C_good_localization,target_preferred,0.10663970812041118,0.21582786738872528,19.651600000088365,False,False,2,4,True,True,0.0,0.0,1.0,0.854032356161051
430961,40,baseball glove,a photo of a baseball glove,1.0,0.05891150575390186,0.6000079719387755,0.6817680164392479,0.025538939599922313,35.08290544897318,288.49651724795694,595.5187361112315,0.05891150575390186,0.4844457441118549,0.10842131170322379,320.92508924703,32.42857199907303,0.4566427501342432,526,15373,0.010483099489795918,0.03308384175105353,True,0.780416942543569,B_wrong_or_unconfirmed_target,target_peak_distractor_energy,0.12619589101984066,0.1965513527393341,20.09549999979754,False,False,3,4,False,True,0.0,1.0,0.0,0.903041825095057
430961,1,person,a photo of a person,1.0,0.5150118127800035,0.6730907206632653,0.5251816523803574,0.3456859068969644,35.58890097398981,0.13501438686216716,69.10307703794795,0.5150118127800035,0.0019538115037630523,0.9962206162034769,1.486299393538502,1.3512850066763349,0.4830343757162335,15841,58,0.31570870535714285,0.9963519718221272,False,0.4911244252058854,A_correct_target_coarse_mask,target_preferred,0.09806489277394391,0.24109002947807312,22.45360000006258,False,False,3,4,True,False,1.0,0.0,0.0,0.03288933779433117
460841,1,person,a photo of a person,1.0,0.111759283160672,0.6887356505102041,0.4713205318895546,0.06991424487851358,8.844377545872703,28.951541841412336,79.13774404903334,0.111759283160672,0.3658373408202552,0.23400350326833996,29.43369972860478,0.482157887192443,0.5224033760190728,1174,10258,0.023397640306122448,0.10269419174247725,True,0.7274651617227252,B_wrong_or_unconfirmed_target,target_peak_distractor_energy,0.12687395330893086,0.24202224612236023,20.73710000013307,False,False,4,4,False,True,0.0,1.0,0.0,0.06814310051107325
460841,70,toilet,a photo of a toilet,0.0,0.04810936165106797,0.6158322704081632,0.08165283977613419,0.04027881503609659,26.794515695491782,82.18814888385019,556.9501397634316,0.04810936165106797,0.14756823459773288,0.24586034667912246,82.18814888385019,0.0,0.8043224037511991,1339,10093,0.02668606505102041,0.11712736179146256,True,0.7107655776672431,B_wrong_or_unconfirmed_target,peak_in_background,0.1626946417709919,0.21466560661792755,19.824199999902703,False,False,4,4,False,True,0.0,1.0,0.0,0.0
343466,79,oven,a photo of a oven,1.0,0.3051807578506445,0.7798748405612245,0.6992439675822242,0.1976026153287323,94.37890350492671,27.054417856037617,309.2557478709577,0.3051807578506445,0.0874823444423951,0.7772076267631823,27.054417856037617,0.0,0.6073368977069604,2731,1016,0.05442841198979592,0.7288497464638377,True,0.5648016642041446,A_correct_target_coarse_mask,target_preferred,0.08052077743252353,0.1878749430179596,19.754999999804568,False,False,2,2,True,True,1.0,0.0,0.0,0.0
343466,81,sink,a photo of a sink,1.0,0.07866452558370665,0.6700813137755102,0.37537093808275285,0.05782583949914627,35.91466092132032,74.64670094195753,456.55472596861534,0.07866452558370665,0.16350000710996676,0.3248391690917547,74.64670094195753,0.0,0.7578354673063266,1016,2731,0.02024872448979592,0.2711502535361623,True,0.5639414125175822,B_wrong_or_unconfirmed_target,target_peak_distractor_energy,0.150120537094667,0.17370033264160156,20.341400000006615,False,False,2,2,False,True,0.0,1.0,0.0,0.0
493864,1,person,a photo of a person,1.0,0.3725603419991963,0.7349131058673469,0.4567174795854042,0.3332832080200501,52.55515382712474,14.107436051522257,141.06480991806185,0.3725603419991963,0.10000677036120224,0.7883755180048614,15.173883674829142,1.0664476233068854,0.5274328876396015,8756,4355,0.17450573979591838,0.6678361681031195,True,0.6494782432105897,A_correct_target_coarse_mask,target_preferred,0.10994518322529123,0.2256891280412674,19.971899999973175,False,False,2,6,True,True,1.0,0.0,0.0,0.022498857925993605
493864,42,surfboard,a photo of a surfboard,0.0,0.27112944276230116,0.7580516581632653,0.4688981036418894,0.23271394261155354,96.83441888142261,60.63222751706189,357.15198576318846,0.27112944276230116,0.16976589780817966,0.614951934877518,65.99455754410292,5.3623300270410255,0.5591046594295191,4552,8559,0.09072066326530612,0.34718938296087254,True,0.7501837638946413,B_wrong_or_unconfirmed_target,peak_in_background,0.10473507075489297,0.21591953933238983,19.90639999985433,False,False,2,6,True,True,0.0,1.0,0.0,0.04327768014059754
382125,1,person,a photo of a person,1.0,0.9028005683314222,0.7056361607142857,0.8837515980299426,0.5173518070714332,55.766344058326936,1.0564772986907656,61.770390952894104,0.9028005683314222,0.01710329629444035,0.9814075177285918,9.723928079456869,8.667450780766103,0.08009613537413746,29468,2706,0.5872927295918368,0.9158948219058868,True,0.8289773830796073,C_good_localization,target_preferred,0.09851380088659918,0.2417370229959488,20.00980000002528,False,False,5,27,True,True,0.0,0.0,1.0,0.08785801547441292
382125,47,cup,a photo of a cup,1.0,0.23189776838331505,0.7572544642857143,0.6073871680499355,0.12738214643931794,18.52698626718484,48.51188367444976,79.89290451713484,0.23189776838331505,0.6072114159279977,0.2763618522107329,49.70093486216339,1.1890511877136305,0.16089081568868727,1779,30395,0.035455197704081634,0.055293093802449185,True,0.8671102513644157,B_wrong_or_unconfirmed_target,target_peak_distractor_energy,0.052815017785367714,0.2099064290523529,23.352799999884155,False,False,5,27,False,True,0.0,1.0,0.0,0.11298482293423272
368752,1,person,a photo of a person,1.0,0.8040351004069647,0.7101602359693877,0.7936375987741502,0.47047043402272065,60.0792175986308,11.581243308955553,74.72213286238565,0.8040351004069647,0.15499080212665386,0.8383872617859434,11.91041216051929,0.3291688515637361,0.040974097466381455,23827,24917,0.4748684630102041,0.48881913671426225,True,0.8443566834763147,A_correct_target_coarse_mask,target_preferred,0.10987473689674347,0.23082879185676575,20.09959999986677,False,False,6,9,True,True,1.0,0.0,0.0,0.010030637512066143
368752,67,dining table,a photo of a dining table,1.0,0.6971301041211228,0.7305285395408163,0.7909444546262072,0.5142272041388231,119.1438213504066,46.27518135526327,170.9061488609965,0.6971301041211228,0.27076370080107753,0.7202547434190408,68.70955509956104,22.434373744297773,0.032106195077799694,22286,26458,0.444156568877551,0.45720498933202036,True,0.7534922797051581,C_good_localization,target_preferred,0.1388232573223081,0.22206971049308777,19.56330000007256,False,False,6,9,True,True,0.0,0.0,1.0,0.1736067486314278
137106,1,person,a photo of a person,0.0,0.3016467337687742,0.6115274234693877,0.3543031214751531,0.27070004115688256,22.364784031269664,50.734113743259854,74.14230464836817,0.3016467337687742,0.6842802362817634,0.30595241121490774,51.86076682157761,1.1266530783177586,0.014073029949462374,11125,38331,0.22171954719387754,0.22494742801682305,True,0.6029933603494878,B_wrong_or_unconfirmed_target,peak_in_distractor,0.2435386871237722,0.25045111775398254,19.769999999880383,False,False,2,2,False,True,0.0,1.0,0.0,0.05078651685393258
137106,65,bed,a photo of a bed,1.0,0.9229686105955661,0.5394411670918368,0.9257364951405586,0.4170576661116997,334.5731508970564,23.889671306563745,362.4967816415399,0.9229686105955661,0.06590312663847975,0.933355232881042,25.58468051875866,1.6950092121949183,0.011128262765954116,38896,10560,0.7751913265306123,0.7864768683274022,True,0.791763981018005,A_correct_target_coarse_mask,target_preferred,0.12223186381859849,0.22138580679893494,19.503900000017893,False,False,2,2,True,True,1.0,0.0,0.0,0.01452591526120938
349152,67,dining table,a photo of a dining table,1.0,0.5062559438662401,0.6752431441326531,0.5845716058837825,0.4107969337575933,90.14279507339347,25.937372814651326,178.05775154950175,0.5062559438662401,0.14566831597578883,0.7765563809343576,31.758473067189925,5.821100252538599,0.34807574015797105,18461,9338,0.3679249043367347,0.6640886362818806,True,0.6374103366509696,A_correct_target_coarse_mask,target_preferred,0.19285141784443197,0.23900555074214935,19.69569999982923,False,False,4,16,True,True,1.0,0.0,0.0,0.06386436271057906
349152,60,donut,a photo of a donut,0.0,0.389229653522025,0.7260443239795918,0.43642824338094127,0.37566425943589044,391.1857186611519,65.85355473462802,1005.0254782014347,0.389229653522025,0.06552426397435983,0.855912700356492,71.90836858705576,6.054813852427742,0.5452460825036152,10517,17282,0.20960220025510204,0.3783229612575992,True,0.9070740814789392,B_wrong_or_unconfirmed_target,peak_in_background,0.15320096828966187,0.20613129436969757,20.094299999982468,False,False,4,16,True,True,0.0,1.0,0.0,0.11210421222782162
13291,1,person,a photo of a person,1.0,0.34470611977748733,0.589485012755102,0.3327802645896466,0.19444661712944858,15.354002309841855,0.15448735929203394,44.542296840430566,0.34470611977748733,0.003468329436299015,0.9900385296963833,0.9771214369750396,0.8226340776830057,0.6518255507862137,13555,382,0.27014907525510207,0.9725909449666356,True,0.7369021354079994,A_correct_target_coarse_mask,target_preferred,0.05944350970233492,0.2371336966753006,19.87409999992451,False,False,2,8,True,True,1.0,0.0,0.0,0.12438214680929546
13291,34,frisbee,a photo of a frisbee,1.0,0.18766593599820783,0.7237523915816326,0.6026818126172728,0.12642591542194492,61.85124924953561,118.42512475201875,329.5816522084556,0.18766593599820783,0.35931953116466747,0.3430912652425658,173.29040079473998,54.865276042721234,0.4530145328371248,2068,11869,0.04121492346938776,0.1483820047355959,True,0.7498475517982394,B_wrong_or_unconfirmed_target,target_peak_distractor_energy,0.10465865929915359,0.2320718914270401,19.578799999862895,False,False,2,8,False,True,0.0,1.0,0.0,0.8152804642166345
17959,1,person,a photo of a person,0.0,0.06504507883689009,0.6726323341836735,0.07344447388357148,0.07129530163396845,2.1118864187858435,5.402683736213291,32.468043033381555,0.06504507883689009,0.1664000423634587,0.28103888515574127,5.994142843404731,0.5914591071914401,0.7685548787996512,3425,8889,0.06825972576530612,0.27813870391424395,True,0.5035996505616304,B_wrong_or_unconfirmed_target,peak_in_distractor,0.0897830312837051,0.24000537395477295,20.458499999904234,False,False,3,25,False,True,0.0,1.0,0.0,0.23737226277372261
17959,38,kite,a photo of a kite,0.0,0.2879709586106077,0.6452686543367347,0.3194901158380937,0.26882471346999137,193.38623533452483,13.382513194783371,671.5477014333946,0.2879709586106077,0.019927866875605223,0.9352778730346312,24.447695188575437,11.065181993792066,0.6921011745137872,9619,2695,0.19170519770408162,0.7811434140003248,True,0.8019296212532773,B_wrong_or_unconfirmed_target,peak_in_background,0.22148793663809474,0.1976725161075592,19.84279999987848,False,False,3,25,True,True,0.0,1.0,0.0,0.08452022039713068
550714,52,banana,a photo of a banana,1.0,0.8702909853604003,0.9397919323979592,0.9476548269865206,0.8307468205501709,487.89532663542195,50.618868238593606,560.6117204964238,0.8702909853604003,0.09029220472552804,0.9060027224529584,52.37488731690512,1.7560190783115104,0.039416809914071795,15920,31044,0.31728316326530615,0.3389830508474576,True,0.9494829112979537,C_good_localization,target_preferred,0.12947827983739196,0.2063242346048355,19.935099999884187,False,False,2,2,True,True,0.0,0.0,1.0,0.00628140703517588
550714,1,person,a photo of a person,1.0,0.7667466537517625,0.5658681441326531,0.7733906152607124,0.3891475042063937,42.225679106754086,11.012004388597973,55.071227112814796,0.7667466537517625,0.1999593066273901,0.793153952884517,11.05250954117929,0.040505152581317816,0.03329403962084733,31144,15820,0.6206951530612245,0.663146239672941,True,0.6607629239338308,A_correct_target_coarse_mask,target_preferred,0.09863251470406015,0.23420466482639313,23.306400000137728,False,False,2,2,True,True,1.0,0.0,0.0,0.003210891343436938
429598,82,refrigerator,a photo of a refrigerator,1.0,0.464921427271366,0.7929288903061225,0.5904748612478522,0.3205153358184553,103.75144737556184,42.610515466901234,223.15910020426753,0.464921427271366,0.19094231616769344,0.708868925782542,42.610515466901234,0.0,0.3441362565609406,7645,2783,0.15236367984693877,0.7331223628691983,False,0.4698801845814024,A_correct_target_coarse_mask,target_preferred,0.10751212367692534,0.2193450629711151,19.949500000166154,False,False,4,4,True,False,1.0,0.0,0.0,0.0
429598,79,oven,a photo of a oven,1.0,0.25066144083773223,0.7824457908163265,0.6348362905743752,0.17446872873024277,73.12476242624507,80.61838015017202,291.72720854813485,0.25066144083773223,0.27634851254153764,0.47562942451172013,80.61838015017202,0.0,0.47299004662073024,2471,7957,0.04924665178571429,0.23695818948983505,True,0.744952282119093,B_wrong_or_unconfirmed_target,target_peak_distractor_energy,0.1202652287412211,0.20651333034038544,20.076499999959196,False,False,4,4,False,True,0.0,1.0,0.0,0.0
466156,17,cat,a photo of a cat,1.0,0.40004978458330626,0.8688018176020408,0.8230469197312794,0.27404058226731365,143.6822056863457,59.029614396289944,359.16081253738395,0.40004978458330626,0.1643542734499904,0.7088003335364105,60.47375305824822,1.4441386619582772,0.43559594196670337,2485,22957,0.049525669642857144,0.0976731389041742,True,0.9574223412937549,A_correct_target_coarse_mask,target_preferred,0.09586222978002439,0.19491100311279297,23.93449999999575,False,False,2,5,True,True,1.0,0.0,0.0,0.016498993963782696
466156,3,car,a photo of a car,1.0,0.6558381041917698,0.6957708864795918,0.7087394786981408,0.4680628637139771,177.84142331377066,19.51199688964698,271.1666525276627,0.6558381041917698,0.07195573905481055,0.9011317013430205,19.783567070422578,0.2715701807755977,0.2722061567534197,22998,2444,0.45834661989795916,0.9039383696250295,False,0.4920235660083399,A_correct_target_coarse_mask,target_preferred,0.20410596972997996,0.19838471710681915,20.05020000001423,False,False,2,5,True,False,1.0,0.0,0.0,0.0017827637185842248
371529,1,person,a photo of a person,0.0,0.2952006524925874,0.6640425701530612,0.32061281357255417,0.2869289340101523,20.897576731274818,15.604979439392366,70.79109261724807,0.2952006524925874,0.22043704740884665,0.5724962557024204,16.83950015396232,1.2345207145699533,0.48436230009856607,12505,14343,0.24922273596938777,0.4657702622169249,True,0.6056770312902408,B_wrong_or_unconfirmed_target,peak_in_background,0.06836410558375851,0.2253825068473816,20.078300000022864,False,False,3,4,True,True,0.0,1.0,0.0,0.07445021991203518
371529,70,toilet,a photo of a toilet,1.0,0.5869064665879866,0.7687739158163265,0.6397513961575156,0.4229296194976374,227.37476180664908,18.66815613760977,387.4122620057416,0.5869064665879866,0.048186797291751966,0.9241264235785077,25.408021774963203,6.739865637353432,0.36490673612026137,13974,12874,0.278499681122449,0.5204856972586412,True,0.9181739877140638,A_correct_target_coarse_mask,target_preferred,0.07849768622843901,0.20555289089679718,19.587099999853308,False,False,3,4,True,True,1.0,0.0,0.0,0.0645484471160727
221693,18,dog,a photo of a dog,1.0,0.6727904112364048,0.8214883609693877,0.790066409772598,0.596495179745923,407.5611045596197,14.043719822657295,605.7772194027466,0.6727904112364048,0.02318297778926617,0.9666898502804498,16.183707157266326,2.1399873346090317,0.3040266109743289,17183,1857,0.3424545599489796,0.902468487394958,True,0.7582405247705147,C_good_localization,target_preferred,0.13493746912131593,0.19491440057754517,19.780600000103732,False,False,2,2,True,True,0.0,0.0,1.0,0.008671361229121807
221693,34,frisbee,a photo of a frisbee,1.0,0.23529864252696267,0.786750637755102,0.9254158988364117,0.15787816779474265,84.40364815481007,115.24802657931241,358.70860642614343,0.23529864252696267,0.32128592544110446,0.42275452117900125,119.71350031315478,4.465473733842373,0.44341543203193284,2006,17034,0.03997927295918367,0.10535714285714286,True,0.8614747018829945,B_wrong_or_unconfirmed_target,target_peak_distractor_energy,0.12856985267603568,0.20471952855587006,19.632000000001426,False,False,2,2,False,True,0.0,1.0,0.0,0.07427716849451645
215259,1,person,a photo of a person,0.0,0.3558512193173405,0.5280412946428571,0.3535445319793487,0.18730910463639797,15.126035979614956,1.0776127771093087,42.50662962075137,0.3558512193173405,0.0253516401258788,0.9334956716669728,1.1501786574483646,0.07256588033905587,0.6187971405567808,17855,5052,0.35584741709183676,0.7794560614659275,True,0.7988576513585242,B_wrong_or_unconfirmed_target,peak_in_background,0.0815147935539912,0.2350047528743744,19.949700000097437,False,False,3,8,True,True,0.0,1.0,0.0,0.0190982917950154
215259,63,couch,a photo of a couch,1.0,0.25293253025096246,0.7374441964285714,0.6115515049961531,0.26253918495297807,52.37274331070512,33.842641885816064,207.06210964141428,0.25293253025096246,0.1634419833953398,0.6074640064685087,35.756118691222454,1.9134768054063898,0.5836254863536978,5095,17812,0.10154257015306123,0.22242109398873708,True,0.8439974880288701,A_correct_target_coarse_mask,target_preferred,0.2086955722033233,0.20342248678207397,19.65029999996659,False,False,3,8,True,True,1.0,0.0,0.0,0.05083415112855741
194724,82,refrigerator,a photo of a refrigerator,0.0,0.28314260255222684,0.6938775510204082,0.33462241200073817,0.26815323041738137,44.058062371084816,72.05041246821494,155.60379107187913,0.28314260255222684,0.4630376417688448,0.37945604256763443,81.72675441427711,9.676341946062166,0.25381975567892834,7376,25425,0.14700255102040816,0.2248711929514344,True,0.6782287588269706,B_wrong_or_unconfirmed_target,peak_in_background,0.1601577350523531,0.22057120501995087,19.89539999999579,False,False,9,19,False,True,0.0,1.0,0.0,0.19251626898047722
194724,44,bottle,a photo of a bottle,1.0,0.39457108990418893,0.7812300701530612,0.7362023864152304,0.30140647871189463,64.47858781163814,69.64215370214325,163.41437439649985,0.39457108990418893,0.42616908065362274,0.48075030814687414,82.7393070261368,13.097153323993552,0.17925982944218832,5037,27764,0.10038663903061225,0.1535623913905064,True,0.8361549401051881,B_wrong_or_unconfirmed_target,target_peak_distractor_energy,0.10276232615683742,0.2097507268190384,19.615599999951883,False,False,9,19,False,True,0.0,1.0,0.0,0.28786976374826284
120777,47,cup,a photo of a cup,1.0,0.29124728614598827,0.7629743303571429,0.7504478017160898,0.19987890204520992,57.65634227497503,3.7200162422839753,197.96353482955607,0.29124728614598827,0.01879142158926824,0.9393900789790445,3.7200162422839753,0.0,0.6899612922647435,2973,3779,0.059251434948979595,0.440313981042654,True,0.951692727508429,A_correct_target_coarse_mask,target_preferred,0.12242341413995882,0.22365182638168335,19.639500000039334,False,False,2,3,True,True,1.0,0.0,0.0,0.0
120777,54,sandwich,a photo of a sandwich,1.0,0.35958008735813524,0.7652861926020408,0.9457208477092097,0.24288010286081646,102.42780604911968,8.550372361925156,284.853943947968,0.35958008735813524,0.030016689407280892,0.9229544719119743,8.550372361925156,0.0,0.6104032232345838,3779,2973,0.07531489158163265,0.5596860189573459,True,0.9040706481293359,A_correct_target_coarse_mask,target_preferred,0.10393614006173553,0.22053162753582,20.257300000139367,False,False,2,3,True,True,1.0,0.0,0.0,0.0
486438,60,donut,a photo of a donut,1.0,0.8628298492570156,0.8380500637755102,0.9060745399265817,0.6938091111194845,645.6783053295949,47.813246994297884,748.3263425408726,0.8628298492570156,0.06389357727532675,0.9310543195024129,51.59140285548747,3.778155861189589,0.07327657346765773,24658,20203,0.49143016581632654,0.5496533737544861,True,0.9171111697791909,C_good_localization,target_preferred,0.20236853506642294,0.19557519257068634,19.741100000146616,False,False,2,9,True,True,0.0,0.0,1.0,0.010828128802011517
486438,1,person,a photo of a person,1.0,0.7755253663352,0.8376713966836735,0.8081457295441894,0.6783302397219699,39.665412305697146,3.9001321611353887,51.14650535950727,0.7755253663352,0.07625412789635333,0.9104766803934802,4.120796591861563,0.22066443072617403,0.14822050576844673,20470,24391,0.4079639668367347,0.45629834377298767,True,0.9237710499636137,C_good_localization,target_preferred,0.13822056202066255,0.23129452764987946,19.67800000011266,False,False,2,9,True,True,0.0,0.0,1.0,0.013043478260869565
394199,4,motorcycle,a photo of a motorcycle,1.0,0.8013430592785007,0.8701371173469388,0.8130879165853717,0.6440900152938606,203.23892769577884,8.594602661299984,253.62287143132875,0.8013430592785007,0.03388733284500751,0.9594275625449221,8.594602661299984,0.0,0.16476960787649175,15973,15598,0.31833944515306123,0.5059389946469861,True,0.9584926257313566,C_good_localization,target_preferred,0.10094867230105323,0.22360211610794067,19.93229999993673,False,False,2,2,True,True,0.0,0.0,1.0,0.0
394199,1,person,a photo of a person,1.0,0.7222113207253201,0.7894810267857143,0.7074921437772677,0.44125892620999735,64.97675556831553,12.411802209902202,89.96917343120442,0.7222113207253201,0.1379561658348787,0.8396170885433332,12.411802209902202,0.0,0.1398325134398012,15598,15973,0.3108657525510204,0.49406100535301384,True,0.8427904713370934,A_correct_target_coarse_mask,target_preferred,0.09464554061934424,0.2591210603713989,19.872499999792126,False,False,2,2,True,True,1.0,0.0,0.0,0.0
309938,84,book,a photo of a book,1.0,0.5748684780171296,0.8361567283163265,0.7884228857050806,0.4744950140628995,109.64537026197104,13.238093860213628,190.73122714984538,0.5748684780171296,0.06940706070020354,0.8922711533664798,13.26002325686473,0.02192939665110316,0.355724461282667,8061,9866,0.16065449617346939,0.4496569420427288,True,0.9102106400403485,A_correct_target_coarse_mask,target_preferred,0.07463410200391066,0.22404687106609344,19.792900000084046,False,False,2,7,True,True,1.0,0.0,0.0,0.002853244014390274
309938,18,dog,a photo of a dog,1.0,0.7168448078038768,0.9018654336734694,0.8585090952210921,0.6225663038479228,127.18459224380058,15.604562872888678,177.42277109245282,0.7168448078038768,0.08795129721402746,0.8907160501080261,15.788602013707319,0.1840391408186406,0.19520389498209567,9889,8038,0.19708625637755103,0.5516260389356836,True,0.868850527066396,C_good_localization,target_preferred,0.06850098268090227,0.21582843363285065,20.42610000012246,False,False,2,7,True,True,0.0,0.0,1.0,0.002325816563858833
526728,3,car,a photo of a car,1.0,0.1676038035839494,0.781867825255102,0.4878542782568802,0.043854284965493144,10.943097448500339,19.15015470018983,65.29146245191959,0.1676038035839494,0.2933025847643088,0.3636395758899818,19.16080144808069,0.010646747890859842,0.5390936116517417,509,10601,0.010144292091836735,0.04581458145814581,True,0.9224888642712995,B_wrong_or_unconfirmed_target,target_peak_distractor_energy,0.029015179644630323,0.2285166084766388,19.952999999986787,False,False,4,13,False,True,0.0,1.0,0.0,0.003929273084479371
526728,33,suitcase,a photo of a suitcase,1.0,0.6619741537040691,0.8955676020408163,0.8210284246864669,0.5407537248028046,204.98959809885127,20.80325378606659,309.6640510083879,0.6619741537040691,0.06718007375516473,0.907865755658773,20.99078880845201,0.18753502238541842,0.2708457725407662,6367,4743,0.1268933354591837,0.5730873087308731,True,0.8801014562931321,C_good_localization,target_preferred,0.07531090581885218,0.1979411095380783,19.67859999990651,False,False,4,13,True,True,0.0,0.0,1.0,0.002827077116381341
292456,31,handbag,a photo of a handbag,1.0,0.1973688006138074,0.7159797512755102,0.7276106434665781,0.13066552796925518,57.098862380255014,75.67653785359187,289.3003463702486,0.1973688006138074,0.2615846776648532,0.4300409735515076,96.5345355695307,20.857997715938836,0.5410465217213393,2142,9289,0.042689732142857144,0.18738518064911205,True,0.765918594487429,B_wrong_or_unconfirmed_target,target_peak_distractor_energy,0.1254842454508737,0.21768993139266968,19.769100000075923,False,False,5,8,False,True,0.0,1.0,0.0,0.42670401493930904
292456,33,suitcase,a photo of a suitcase,0.0,0.06927667939286596,0.7457150829081632,0.10200195690045,0.07516671498985213,26.261701615527272,179.72329482218942,379.08430146598045,0.06927667939286596,0.4740984897743597,0.12749327412041803,203.5395910392212,23.816296217031777,0.45662483083277433,1037,10394,0.020667251275510203,0.09071822237774473,True,0.5942565428973696,B_wrong_or_unconfirmed_target,peak_in_distractor,0.08883406822522905,0.2041439414024353,20.184299999982613,False,False,5,8,False,True,0.0,1.0,0.0,0.8621022179363549
494634,17,cat,a photo of a cat,1.0,0.6683963551857774,0.8812978316326531,0.7632625059025827,0.6916386228319958,502.4614655189798,39.31975446983131,751.7417795902301,0.6683963551857774,0.052304867891291434,0.9274250324316441,40.79651373919921,1.4767592693679035,0.27929877692293115,16338,10155,0.3256138392857143,0.6166912014494395,True,0.8881780556610779,C_good_localization,target_preferred,0.17044227975936846,0.20342029631137848,23.275999999896158,False,False,5,8,True,True,0.0,0.0,1.0,0.006793977230995226
494634,79,oven,a photo of a oven,1.0,0.20329811755334465,0.748664700255102,0.779815235794129,0.11439606741573034,67.85999119188637,80.49520477839218,333.7954724252681,0.20329811755334465,0.24115127803722344,0.45741566884843704,80.49520477839218,0.0,0.5555506044094319,1629,24864,0.03246572066326531,0.06148794021062167,True,0.9278888758201513,B_wrong_or_unconfirmed_target,target_peak_distractor_energy,0.09190889880497523,0.19574673473834991,20.674899999903573,False,False,5,8,False,True,0.0,1.0,0.0,0.0
179285,43,tennis racket,a photo of a tennis racket,1.0,0.9103282019420931,0.5012356505102041,0.934366532325419,0.44996593331721574,1135.5998405395894,0.0,1247.462001195725,0.9103282019420931,0.0,0.9999999999999992,206.7207619364799,206.7207619364799,0.08967179805790695,44094,0,0.8787866709183674,1.0,False,0.9999999999611713,A_correct_target_coarse_mask,target_preferred,0.3077905252949649,0.18837720155715942,21.258699999862074,False,False,2,2,True,False,1.0,0.0,0.0,0.11879167233637229
179285,37,sports ball,a photo of a sports ball,1.0,0.26423035263423394,0.7061344068877551,0.7209396401691459,0.22202289874953834,211.09767178305628,523.4403001229321,798.9153012836205,0.26423035263423394,0.6551887281191365,0.2873883718159554,734.5379719059883,211.09767178305628,0.08058091924662954,5238,38856,0.10439253826530612,0.11879167233637229,True,0.7494762120597774,B_wrong_or_unconfirmed_target,target_peak_distractor_energy,0.20545226309047399,0.19903779029846191,19.75029999994149,False,False,2,2,False,True,0.0,1.0,0.0,1.0
43314,1,person,a photo of a person,0.0,0.07782262475719563,0.6792689732142857,0.09552107578471042,0.06755895474824729,4.158752502354673,1.7438846875953686,53.438861967581566,0.07782262475719563,0.03263326768922003,0.7045583810292035,1.8889704953495539,0.14508580775418523,0.8895441075535844,2230,1383,0.044443558673469385,0.6172156102961528,True,0.5966084633448069,B_wrong_or_unconfirmed_target,peak_in_background,0.0401760898521946,0.2513298988342285,21.024800000077448,False,False,3,5,True,True,0.0,1.0,0.0,0.1
43314,35,skis,a photo of a skis,1.0,0.07191352046031259,0.6212133290816326,0.19806754892063214,0.05452193811561039,27.619181612477405,22.48298259708099,384.0610421474192,0.07191352046031259,0.058540128078002386,0.5512572570110198,23.019772235071287,0.5367896379902959,0.869546351461685,1393,2220,0.027762276785714284,0.3855521727096596,True,0.6619059408485132,A_correct_target_coarse_mask,target_preferred,0.151310939867459,0.2208220362663269,23.102399999970658,False,False,3,5,True,True,1.0,0.0,0.0,0.01507537688442211
391375,1,person,a photo of a person,1.0,0.31395496108949794,0.8208904655612245,0.44535695958445193,0.25898746701846964,15.591922567709844,1.9694838683675613,49.66292780850536,0.31395496108949794,0.039657022960097495,0.8878515866290513,2.087440400067308,0.11795653169974685,0.6463880159504046,3467,2569,0.06909677933673469,0.5743870112657389,True,0.854359216862646,A_correct_target_coarse_mask,target_preferred,0.0668110768998788,0.23897404968738556,19.683199999917633,False,False,2,2,True,True,1.0,0.0,0.0,0.010672050764349583
391375,15,bench,a photo of a bench,1.0,0.22218023409975454,0.7792570153061225,0.34696411025794816,0.14265810047217276,47.37821784629341,34.86622490755133,213.24227170010778,0.22218023409975454,0.16350522168787093,0.576065886762641,35.528217142194876,0.6619922346435487,0.6143145442123745,2606,3430,0.05193718112244898,0.4317428760768721,True,0.6413866704277209,A_correct_target_coarse_mask,target_preferred,0.0647264087673808,0.21391870081424713,19.921199999998862,False,False,2,2,True,True,1.0,0.0,0.0,0.01419800460475825
182202,67,dining table,a photo of a dining table,1.0,0.27679462778837055,0.5719467474489796,0.39470805009724486,0.26179755971816465,107.33071375064901,262.12686359327654,387.76299456473225,0.27679462778837055,0.6759976255277182,0.29050889826718934,263.41771481134947,1.2908512180729304,0.047207746683911166,10540,37903,0.21006058673469388,0.21757529467621742,True,0.5955456027334782,B_wrong_or_unconfirmed_target,target_peak_distractor_energy,0.30811195838850675,0.20846548676490784,20.151400000031572,False,False,4,4,False,True,0.0,1.0,0.0,0.01840607210626186
182202,73,laptop,a photo of a laptop,1.0,0.8268074093766004,0.7957788584183674,0.8963239755999708,0.6218260997933275,456.138840960225,87.3836754200251,551.6869294920161,0.8268074093766004,0.15839359380960227,0.8392271289844925,233.27121014996504,145.88753472993994,0.014798996813797281,26411,22032,0.5263671875,0.5451974485477779,True,0.8132403351548739,C_good_localization,target_preferred,0.21216032343436803,0.21515387296676636,21.485600000005434,False,False,4,4,True,True,0.0,0.0,1.0,0.20544470107152324
166918,67,dining table,a photo of a dining table,0.0,0.17090365475985617,0.6501913265306123,0.17291525026830595,0.18000467180565288,56.40949744448881,108.27372896692265,330.0660686499194,0.17090365475985617,0.32803653344252687,0.342533351293266,109.00463774914402,0.7309087822213769,0.5010598117976169,6327,11192,0.12609614158163265,0.3611507506136195,False,0.4795983430668586,B_wrong_or_unconfirmed_target,peak_in_distractor,0.13607048265008329,0.23053477704524994,19.92500000005748,False,False,8,45,False,False,0.0,1.0,0.0,0.01643749012170065
166918,1,person,a photo of a person,0.0,0.44807204784704624,0.8133968431122449,0.4400188228011241,0.31124025305281744,12.95982099606681,3.314714432787156,28.92352035423279,0.44807204784704624,0.11460273134774435,0.7963250965117491,3.4734100663794436,0.15869563359228778,0.4373252208052094,6427,11092,0.1280891262755102,0.36685883897482735,True,0.8709290948038982,B_wrong_or_unconfirmed_target,peak_in_background,0.050440458701833654,0.2323397994041443,23.304999999936626,False,False,8,45,True,True,0.0,1.0,0.0,0.01773766920802863
48396,61,cake,a photo of a cake,0.0,0.17646246208995894,0.7768255739795918,0.5079341333567363,0.10041773778920308,28.211917096283287,89.5805936681889,159.87489215639025,0.17646246208995894,0.5603168356201974,0.2395051851190538,115.0121963837035,25.4316027155146,0.2632207022898436,1250,28690,0.02491230867346939,0.041750167000668005,True,0.8784689579138969,B_wrong_or_unconfirmed_target,peak_in_distractor,0.08000477202390001,0.19908185303211212,21.039599999994607,False,False,6,7,False,True,0.0,1.0,0.0,0.9144
48396,67,dining table,a photo of a dining table,1.0,0.3999877385419541,0.8432318239795918,0.746941164754032,0.2698412698412698,63.29022298613563,40.51518805262763,158.23040780410628,0.3999877385419541,0.2560518462594534,0.6097006153417286,62.68889781584162,22.173709763213992,0.3439604151985926,2911,27029,0.05801578443877551,0.09722778891115565,True,0.935503120755779,A_correct_target_coarse_mask,target_preferred,0.06434889418942746,0.21889355778694153,19.848200000069482,False,False,6,7,True,True,1.0,0.0,0.0,0.42150463758158707
140286,1,person,a photo of a person,0.0,0.043398531303532745,0.7884646045918368,0.04552123723319236,0.03587973476246707,0.3568491983533022,1.930250440697364,8.222610020082726,0.043398531303532745,0.23474911688417202,0.15602695757552035,1.9320154756737793,0.0017650349764153361,0.7218523518122952,559,2934,0.01114078443877551,0.160034354423132,False,0.4924707510565524,B_wrong_or_unconfirmed_target,peak_in_background,0.028958140671752536,0.22512538731098175,20.03940000008697,False,False,2,3,False,False,0.0,1.0,0.0,0.0017889087656529517
140286,19,horse,a photo of a horse,1.0,0.39416423779678755,0.8109454719387755,0.7617806139300437,0.2345679012345679,108.2965285598766,2.8635805231369886,274.749757018061,0.39416423779678755,0.010422504297060207,0.9742391353628534,2.8904207405485067,0.026840217411518097,0.5954132579061522,2935,558,0.058494100765306124,0.8402519324363011,True,0.8779004551015707,A_correct_target_coarse_mask,target_preferred,0.07093666089148638,0.20630241930484772,19.469399999934467,False,False,2,3,True,True,1.0,0.0,0.0,0.00034071550255536625
166287,21,cow,a photo of a cow,1.0,0.4452120047381537,0.8846261160714286,0.817214035180149,0.33421506612995977,158.51394584972877,5.992151462118272,356.04149071172714,0.4452120047381537,0.016829924653275544,0.9635748974655926,6.027379866334741,0.035228404216468334,0.5379580706085707,2963,892,0.05905213647959184,0.7686121919584955,True,0.8884396119113519,A_correct_target_coarse_mask,target_preferred,0.0745847584421958,0.20123378932476044,19.937499999969077,False,False,2,17,True,True,1.0,0.0,0.0,0.0013499831252109348
166287,16,bird,a photo of a bird,0.0,0.04405941342046638,0.6336894132653061,0.09515691407093756,0.027770431102882836,11.369400794967078,5.234095293234191,258.04703041474875,0.04405941342046638,0.020283493612856685,0.6847594467195187,5.254784839364788,0.02068954613059759,0.9356570929666771,896,2959,0.017857142857142856,0.2324254215304799,True,0.8776538380666643,B_wrong_or_unconfirmed_target,peak_in_background,0.13063507742023123,0.22083118557929993,19.823900000119465,False,False,2,17,True,True,0.0,1.0,0.0,0.004464285714285714
370208,2,bicycle,a photo of a bicycle,1.0,0.72251700278644,0.8343032525510204,0.8047537474883908,0.618728790241218,385.640068076289,8.502407992517874,533.7453189185026,0.72251700278644,0.01592970971576072,0.978428084997785,8.502407992517874,0.0,0.26155328749779927,17474,2587,0.34825414540816324,0.8710433178804646,True,0.8703819278146321,C_good_localization,target_preferred,0.127679922896953,0.2159455269575119,23.002899999937654,False,False,3,4,True,True,0.0,0.0,1.0,0.0
370208,14,parking meter,a photo of a parking meter,1.0,0.25797213842443584,0.8308952487244898,0.4648369179989862,0.23365245664739884,57.23628366412595,59.0845633340989,221.87002059096926,0.25797213842443584,0.2663025999489352,0.49205525184147714,59.0845633340989,0.0,0.475725261626629,2587,17474,0.05155851403061224,0.12895668211953543,True,0.8674310903514875,B_wrong_or_unconfirmed_target,target_peak_distractor_energy,0.09568567443794178,0.18600913882255554,19.781800000146177,False,False,3,4,False,True,0.0,1.0,0.0,0.0
473406,81,sink,a photo of a sink,1.0,0.16910842083728952,0.6808832908163265,0.5872741386387099,0.09321553969872012,109.6475789436372,88.97500705676316,648.3862743247803,0.16910842083728952,0.1372253093257108,0.5520398316806511,90.18425256064324,1.2092455038800836,0.6936662698369996,1780,16913,0.035475127551020405,0.09522281067779383,True,0.9213175821337132,A_correct_target_coarse_mask,target_preferred,0.08547314749918421,0.17409445345401764,19.78600000006736,False,False,6,9,True,True,1.0,0.0,0.0,0.014044943820224719
473406,47,cup,a photo of a cup,1.0,0.1597440461443637,0.7106784119897959,0.614660871218885,0.06087462802432397,29.46088091607453,60.410788017058906,184.425533390147,0.1597440461443637,0.32756195363286056,0.32781054659164915,60.87966002311015,0.46887200605124235,0.5126940002227758,968,17725,0.019292091836734693,0.05178409030118226,True,0.8992931167958929,B_wrong_or_unconfirmed_target,target_peak_distractor_energy,0.0667590809754217,0.20681723952293396,19.738700000061726,False,False,6,9,False,True,0.0,1.0,0.0,0.028925619834710745
187055,1,person,a photo of a person,1.0,0.6181576992197226,0.6460857780612245,0.57902058310892,0.3098060554238408,44.370450970595726,4.008411763679338,71.77853002009502,0.6181576992197226,0.05584416067809063,0.9171453908353159,7.154809432731107,3.146397669051769,0.3259981401021868,19896,4692,0.39652423469387754,0.8091752074182528,True,0.7230254622127562,A_correct_target_coarse_mask,target_preferred,0.0881045045321449,0.231983944773674,19.719400000212772,False,False,3,6,True,True,1.0,0.0,0.0,0.1640530759951749
187055,43,tennis racket,a photo of a tennis racket,1.0,0.5437014961351954,0.8819953762755102,0.6776192721894847,0.5098509933774834,185.30448093251835,67.82377138322897,340.8202520127718,0.5437014961351954,0.19900158802971418,0.7320576792090847,128.86572590552657,61.0419545222976,0.25729691583509046,7710,16878,0.1536591198979592,0.31356759394826744,True,0.8567531390129118,C_good_localization,target_preferred,0.09020837067435854,0.20816963911056519,19.60759999997208,False,False,3,6,True,True,0.0,0.0,1.0,0.41673151750972764
122672,42,surfboard,a photo of a surfboard,1.0,0.3791396552636053,0.8526187818877551,0.6432542571260256,0.37447132464895955,191.20941897468583,13.319605171750936,504.3245050210936,0.3791396552636053,0.02641078321425971,0.9348766991514348,14.280785039079547,0.9611798673286103,0.5944495615221349,4963,3716,0.09891183035714286,0.5718400737412144,True,0.9148830198840824,A_correct_target_coarse_mask,target_preferred,0.10258246512641432,0.22413547337055206,19.70830000004753,False,False,2,2,True,True,1.0,0.0,0.0,0.027201289542615352
122672,1,person,a photo of a person,0.0,0.19923420981075918,0.7551020408163265,0.22679731128981662,0.20249221183800623,14.96487242774765,23.14089673757553,75.11196215731174,0.19923420981075918,0.308085371130501,0.39271933766306216,23.792571152327582,0.6516744147520512,0.4926804190587398,3851,4828,0.07674984056122448,0.44371471367669085,False,0.4477424316715099,B_wrong_or_unconfirmed_target,peak_in_background,0.12112296822509777,0.23941650986671448,19.925199999988763,False,False,2,2,False,False,0.0,1.0,0.0,0.03505582965463516
473869,44,bottle,a photo of a bottle,0.0,0.09761593745892164,0.8197743941326531,0.12738265369333987,0.10994094488188977,15.753750385192689,72.9115022107074,161.38502375006254,0.09761593745892164,0.45178604877008693,0.17767671014249128,72.93113629268947,0.019634081982076168,0.4505980137709914,1160,16960,0.02311862244897959,0.0640176600441501,True,0.7595601706317554,B_wrong_or_unconfirmed_target,peak_in_distractor,0.0440698753703211,0.21278272569179535,19.596999999976106,False,False,8,11,False,True,0.0,1.0,0.0,0.0017241379310344827
473869,46,wine glass,a photo of a wine glass,1.0,0.2847393641474759,0.8222058354591837,0.8209900683523585,0.16641749205755935,100.70199385005981,80.74944631096865,353.66375896626266,0.2847393641474759,0.22832264902401733,0.5549804055602513,80.74944631096865,0.0,0.48693798682850664,1781,16339,0.03549505739795918,0.09828918322295806,True,0.9196199427497945,A_correct_target_coarse_mask,target_preferred,0.062445071128872105,0.19986720383167267,20.162999999911335,False,False,8,11,True,True,1.0,0.0,0.0,0.0
441586,2,bicycle,a photo of a bicycle,1.0,0.2224152819402457,0.7826650191326531,0.5345783811946686,0.1706593657312343,91.88342238217592,119.49696781734804,413.1164980240045,0.2224152819402457,0.2892573121357273,0.4346828118514014,119.50945940862277,0.012491591274738312,0.48832740592402707,2244,11000,0.04472257653061224,0.16943521594684385,True,0.7903215818557261,B_wrong_or_unconfirmed_target,target_peak_distractor_energy,0.10802448738797549,0.21938428282737732,19.93739999988975,False,False,4,10,False,True,0.0,1.0,0.0,0.000445632798573975
441586,1,person,a photo of a person,0.0,0.27107991909743845,0.7399752869897959,0.43341125721859086,0.20643513168298766,20.420065588949,11.336022203038283,75.32858079985299,0.27107991909743845,0.15048766461109814,0.6430283768802517,11.469499798498418,0.1334775954601355,0.5784324162914635,4191,9053,0.08352598852040816,0.3164451827242525,True,0.7955466064320542,B_wrong_or_unconfirmed_target,peak_in_background,0.09278439710639758,0.23918966948986053,19.52120000009927,False,False,4,10,True,True,0.0,1.0,0.0,0.0033404915294679076
344100,67,dining table,a photo of a dining table,1.0,0.9333897597852664,0.5545878507653061,0.9576794608782351,0.49289798511526595,364.0729575419231,0.0,390.0545872987517,0.9333897597852664,0.0,0.9999999999999972,32.995370538381394,32.995370538381394,0.0666102402147336,43182,0,0.8606106505102041,1.0,False,0.9999999998813919,A_correct_target_coarse_mask,target_preferred,0.2816476422464013,0.2334778755903244,20.549000000073647,False,False,5,5,True,False,1.0,0.0,0.0,0.08677226622203696
344100,47,cup,a photo of a cup,1.0,0.24624981240632332,0.715461575255102,0.9173633525766853,0.1063470205307962,72.45238837320358,213.33884435553855,294.22312108670303,0.24624981240632332,0.7250920443219379,0.25351508400529305,285.7912327287421,72.45238837320358,0.028658143271738743,1699,41483,0.033860809948979595,0.03934509749432634,True,0.8923805982064141,B_wrong_or_unconfirmed_target,target_peak_distractor_energy,0.0924510694207449,0.21921885013580322,19.64219999990746,False,False,5,5,False,True,0.0,1.0,0.0,1.0
427655,1,person,a photo of a person,1.0,0.4142375027059817,0.8270089285714286,0.47390839167999566,0.21055025011368805,5.598955627800308,1.3393417577800832,13.51629340951861,0.4142375027059817,0.09909090585713946,0.8069639158787868,1.604742809607579,0.26540105182749585,0.4866715914368788,3307,14097,0.06590800382653061,0.19001378993334866,True,0.9468650854835364,A_correct_target_coarse_mask,target_preferred,0.03077351240569453,0.23408819735050201,19.70260000007329,False,False,5,14,True,True,1.0,0.0,0.0,0.09978832778953735
427655,3,car,a photo of a car,1.0,0.09800204759668926,0.6655771683673469,0.6997419598522276,0.03800951671157484,14.977366998326033,45.373782595998705,152.8270823479407,0.09800204759668926,0.29689621694600193,0.2481703679052075,45.70339702247372,0.32961442647501826,0.6051017354573088,663,16741,0.013213488520408163,0.03809469087566077,True,0.8928746752471768,B_wrong_or_unconfirmed_target,target_peak_distractor_energy,0.06590946940385556,0.24279247224330902,20.058699999935925,False,False,5,14,False,True,0.0,1.0,0.0,0.043740573152337855
177065,43,tennis racket,a photo of a tennis racket,0.0,0.06100378971286701,0.6217912946428571,0.09928801218244969,0.05143456962911127,28.98876518079487,68.60695294942138,475.196136457085,0.06100378971286701,0.14437607481604026,0.297029067833863,70.82575261761826,2.21879966819688,0.7946201354710927,1625,9933,0.0323860012755102,0.140595258695276,True,0.7208877069752793,B_wrong_or_unconfirmed_target,peak_in_background,0.12077611784100671,0.19069810211658478,20.07709999998042,False,False,4,11,False,True,0.0,1.0,0.0,0.18953846153846154
177065,1,person,a photo of a person,0.0,0.34415198886241244,0.6770368303571429,0.33212482255430015,0.2311159612829759,25.6108460930497,2.389123415412996,74.41725435818589,0.34415198886241244,0.03210442841540005,0.9146740708166906,5.182575885474307,2.793452470061311,0.6237435827221876,9958,1600,0.19846141581632654,0.8615677452846513,True,0.6326766136125147,B_wrong_or_unconfirmed_target,peak_in_distractor,0.09017723369297954,0.22309835255146027,19.782600000098682,False,False,4,11,True,True,0.0,1.0,0.0,0.030929905603534848
29397,15,bench,a photo of a bench,1.0,0.7774194324601503,0.8500079719387755,0.8388994541206348,0.6132778377267355,263.64997918032236,13.853964462272415,339.13479413037027,0.7774194324601503,0.040850908553330775,0.9500765132184344,15.422053791007784,1.5680893287353683,0.18172965898651894,17361,6366,0.3460020727040816,0.7316980654950057,True,0.8746589886711069,C_good_localization,target_preferred,0.09598999884917557,0.2102668434381485,19.751499999983935,False,False,2,2,True,True,0.0,0.0,1.0,0.019641725707044526
29397,1,person,a photo of a person,0.0,0.44152270699818263,0.8270487882653061,0.5558794772999869,0.4077259077259077,18.434354784012612,5.110117468306939,41.75177061525058,0.44152270699818263,0.12239283251954775,0.7829589292321351,6.010568508871742,0.9004510405648034,0.4360844604822696,6707,17020,0.13366948341836735,0.2826737472078223,True,0.9015202003457505,B_wrong_or_unconfirmed_target,peak_in_background,0.0817469732681344,0.234290212392807,19.65399999994588,False,False,2,2,True,True,0.0,1.0,0.0,0.05084240345907261
284743,39,baseball bat,a photo of a baseball bat,1.0,0.2555509759735448,0.8240194515306123,0.693841436636655,0.13448343462066262,108.27780356444418,171.13442566140486,423.70334588608,0.2555509759735448,0.4039015205403106,0.3875199158764192,278.25169685563935,107.11727119423449,0.3405475034861446,1373,18726,0.027363679846938774,0.06831185631125927,True,0.8961504991423975,B_wrong_or_unconfirmed_target,target_peak_distractor_energy,0.06187734694505987,0.21827848255634308,19.90220000016052,False,False,2,6,False,True,0.0,1.0,0.0,0.9664967225054625
284743,1,person,a photo of a person,1.0,0.6226790303235911,0.7355309311224489,0.628598993556401,0.4823079623922288,80.31818606189407,0.0,128.98810165512506,0.6226790303235911,0.0,0.9999999999999876,4.69953633986006,4.69953633986006,0.37732096967640893,20053,46,0.3996532206632653,0.9977113289218369,True,0.9999999997503304,A_correct_target_coarse_mask,target_preferred,0.1398189771268379,0.23852236568927765,20.157599999947706,False,False,2,6,True,True,1.0,0.0,0.0,0.06617463721138982
125129,67,dining table,a photo of a dining table,0.0,0.5862523386697299,0.8489516900510204,0.7140474017786007,0.5274643057547229,102.92303402718971,44.68156301304023,175.5609781629754,0.5862523386697299,0.2545073710603377,0.6972888113988559,47.721853506994904,3.0402904939546715,0.15924029026993233,10587,24002,0.2109972895408163,0.3060799676197635,True,0.8392867680616365,B_wrong_or_unconfirmed_target,peak_in_distractor,0.08174677509166947,0.22097207605838776,19.852700000001278,False,False,5,10,True,True,0.0,1.0,0.0,0.11457447813356003
125129,1,person,a photo of a person,1.0,0.7002166127587213,0.6698820153061225,0.6566077667301563,0.3571622618077386,58.748095439539895,10.995998621419943,83.89988807618187,0.7002166127587213,0.13106094505674998,0.8423379245300724,11.302706799357196,0.3067081779372529,0.16872244218452875,20847,13742,0.4154775191326531,0.6027060626210645,True,0.7788494494115018,A_correct_target_coarse_mask,target_preferred,0.09479946306886607,0.23481667041778564,20.70770000000266,False,False,5,10,True,True,1.0,0.0,0.0,0.004029356741977263
219578,63,couch,a photo of a couch,1.0,0.5103671710209552,0.7211017219387755,0.7234964122682983,0.4748179839375516,186.11900139112913,49.571068941386926,364.6766719317204,0.5103671710209552,0.13593156008253876,0.7896768885025496,50.190648922482666,0.6195799810957396,0.35370126889650605,16308,14718,0.325015943877551,0.5256236704699284,True,0.7721329375691475,A_correct_target_coarse_mask,target_preferred,0.27368779984237107,0.20343759655952454,23.41189999992821,False,False,3,4,True,True,1.0,0.0,0.0,0.00717439293598234
219578,17,cat,a photo of a cat,1.0,0.4540053628642096,0.8894092793367347,0.9458901562373114,0.32138926256573314,107.18240463500842,77.62069463935867,236.08180299638016,0.4540053628642096,0.32878728328141765,0.5799816402206543,80.37738819440082,2.7566935550421476,0.21720735385437276,2629,28397,0.05239556760204082,0.08473538322697093,True,0.9371668175890682,A_correct_target_coarse_mask,target_preferred,0.053074431271472065,0.1943589150905609,19.692600000098537,False,False,3,4,True,True,1.0,0.0,0.0,0.0395587675922404
222455,79,oven,a photo of a oven,1.0,0.5405437028337283,0.5980548469387755,0.5745400119902264,0.3388191325443399,268.8405189385858,8.832922843266715,497.35205040633195,0.5405437028337283,0.017759900328248975,0.9681895294465825,256.4753670490836,247.6424442058169,0.4416963968380227,20214,1682,0.40286192602040816,0.9231823164048228,True,0.7169211724705319,A_correct_target_coarse_mask,target_preferred,0.12984721758782328,0.20749697089195251,20.347099999980856,False,False,2,2,True,True,1.0,0.0,0.0,0.8627189076877412
222455,78,microwave,a photo of a microwave,1.0,0.5089810622056032,0.6013632015306123,0.5538433534711493,0.33375524615282126,216.90666239554957,25.757212183030788,426.15861080491436,0.5089810622056032,0.06044043586114901,0.8938564208299952,231.82708646169885,206.06987427866807,0.43057850193324776,19121,2775,0.38107860331632654,0.8732645232005846,True,0.5499864630114263,A_correct_target_coarse_mask,target_preferred,0.1574612817654073,0.21211491525173187,19.430100000136008,False,False,2,2,True,True,1.0,0.0,0.0,0.9120338894409288
328601,43,tennis racket,a photo of a tennis racket,0.0,0.3366117495206689,0.8879544005102041,0.7215897237040588,0.22604625550660792,118.61950839031488,45.81909509604503,352.3926558096312,0.3366117495206689,0.13002284338410652,0.7213604705670805,45.90710658902009,0.08801149297505617,0.5333654070952245,1666,20334,0.033203125,0.07572727272727273,True,0.9693231234156401,B_wrong_or_unconfirmed_target,peak_in_background,0.06815022111853496,0.23473423719406128,22.49549999987721,False,False,3,3,True,True,0.0,1.0,0.0,0.012004801920768308
328601,37,sports ball,a photo of a sports ball,1.0,0.12516418026543064,0.7481465242346939,0.9282122843682504,0.03828006088280061,29.173021119087934,99.23143591618668,233.07803444421467,0.12516418026543064,0.42574340457610527,0.2271963278585684,99.23143591618668,0.0,0.4490924151584641,503,21497,0.010024713010204082,0.022863636363636364,True,0.9262776479943787,B_wrong_or_unconfirmed_target,target_peak_distractor_energy,0.054284645883484105,0.24217252433300018,19.81019999993805,False,False,3,3,False,True,0.0,1.0,0.0,0.0
289415,1,person,a photo of a person,0.0,0.09047125352473609,0.6388911033163265,0.09575563862574422,0.09472895328503622,5.8459542109386575,27.903291442476643,64.61670401571581,0.09047125352473609,0.43182783565825517,0.17321732968413459,27.903291442476643,0.0,0.4777009108170088,4183,10011,0.08336654974489796,0.2947019867549669,False,0.3339576596958929,B_wrong_or_unconfirmed_target,peak_in_distractor,0.11474026651786076,0.23458454012870789,19.77260000012393,False,False,3,9,False,False,0.0,1.0,0.0,0.0
289415,59,pizza,a photo of a pizza,1.0,0.5340706912948517,0.8095105229591837,0.6692202864646573,0.4361061946902655,372.9956102570286,15.250635014946084,698.4011973259619,0.5340706912948517,0.02183649609041008,0.9607191693399026,15.250635014946084,0.0,0.4440928126147382,10011,4183,0.19951769770408162,0.7052980132450332,True,0.9108688230790787,A_correct_target_coarse_mask,target_preferred,0.11861311007884019,0.19327598810195923,20.459099999925456,False,False,3,9,True,True,1.0,0.0,0.0,0.0
13659,1,person,a photo of a person,1.0,0.5353846700083021,0.762077487244898,0.5759483693288697,0.4046182235299985,30.372140145022485,3.1677271954652038,56.72956632200826,0.5353846700083021,0.055839087108203095,0.9055533773193496,3.762696254111915,0.5949690586467113,0.40877624288349473,11924,11178,0.2376434948979592,0.5161457882434421,True,0.8998812446590281,A_correct_target_coarse_mask,target_preferred,0.09893243998955425,0.23856812715530396,19.8136000001341,False,False,6,18,True,True,1.0,0.0,0.0,0.046880241529688026
13659,62,chair,a photo of a chair,1.0,0.2985211615541047,0.6812021683673469,0.43355032445505504,0.22209794290716336,46.06933050630141,41.82218969676671,154.32517502767286,0.2985211615541047,0.27100043586062583,0.5241612660682219,42.37974424964398,0.5575545528772636,0.4304784025852695,6644,16458,0.1324139030612245,0.2875941476928405,True,0.7318085575022307,A_correct_target_coarse_mask,target_preferred,0.11833915259458687,0.2161475121974945,19.804000000021915,False,False,6,18,True,True,1.0,0.0,0.0,0.03597230583985551
455157,28,umbrella,a photo of a umbrella,1.0,0.5909424441075148,0.9106544961734694,0.9374383135440335,0.37168885774351784,138.79911112133414,19.56854922107459,234.87754603742985,0.5909424441075148,0.08331383544834961,0.8764359517671344,19.677220659489194,0.10867143841460347,0.3257437204441355,2684,11457,0.05349170918367347,0.1898027013648257,True,0.968027881854253,A_correct_target_coarse_mask,target_preferred,0.05135429710412186,0.19680330157279968,19.81170000021848,False,False,5,8,True,True,1.0,0.0,0.0,0.011922503725782414
455157,1,person,a photo of a person,0.0,0.27346373984291733,0.7856345663265306,0.39975554920462936,0.24242851105789548,19.96439611457754,17.58139271298095,73.00564281774783,0.27346373984291733,0.24082238076954343,0.5317346295817656,17.907132102266395,0.3257393892854452,0.48571387938753924,3442,10699,0.06859853316326531,0.24340569973834947,True,0.7792338097735606,B_wrong_or_unconfirmed_target,peak_in_background,0.11080336426400332,0.23639525473117828,19.612199999983204,False,False,5,8,True,True,0.0,1.0,0.0,0.011621150493898896
434996,88,teddy bear,a photo of a teddy bear,1.0,0.331693338190908,0.6183434311224489,0.3333284190165887,0.16474026257251276,105.16040942641652,200.02036460475415,317.0410657023532,0.331693338190908,0.6308973386827393,0.34458399209537116,305.1807740311707,105.16040942641652,0.037409323126352534,12561,32784,0.25033880739795916,0.2770095931194178,True,0.5784494650889088,B_wrong_or_unconfirmed_target,target_peak_distractor_energy,0.08536452066047542,0.2042422741651535,19.69150000013542,False,False,3,5,False,True,0.0,1.0,0.0,1.0
434996,65,bed,a photo of a bed,1.0,0.8387237997312498,0.33486128826530615,0.8385849664342868,0.3146459668145227,235.7822101206429,0.0,281.12020929439944,0.8387237997312498,0.0,0.9999999999999958,78.48447783732354,78.48447783732354,0.16127620026875022,45345,0,0.9037189094387755,1.0,False,0.9999999998076826,A_correct_target_coarse_mask,target_preferred,0.11918554861229949,0.2009231448173523,19.983099999990372,False,False,3,5,True,False,1.0,0.0,0.0,0.36303892380637337
571857,5,airplane,a photo of a airplane,1.0,0.4270265593489155,0.8822345344387755,0.48911975471229796,0.41851997638260185,124.18381423250457,1.6679917534621609,290.8105163806364,0.4270265593489155,0.005735665182338035,0.9867463820610637,1.8897426181048331,0.22175086464267224,0.5672377754687465,4945,1715,0.0985530931122449,0.7424924924924925,True,0.9627154407332753,A_correct_target_coarse_mask,target_preferred,0.07927726624632542,0.20516185462474823,20.015699999930803,False,False,6,14,True,True,1.0,0.0,0.0,0.016582406471183014
571857,1,person,a photo of a person,0.0,0.017364564513675244,0.7287348533163265,0.020304936526087457,0.027716265447531967,0.24898770476738719,1.1894010905278805,14.338839570166016,0.017364564513675244,0.0829496058385783,0.17310181056861104,1.2095090827832422,0.02010799225536175,0.8996858296477465,839,5821,0.016721141581632654,0.12597597597597598,True,0.5922356015734328,B_wrong_or_unconfirmed_target,peak_in_background,0.03622686795617855,0.23880913853645325,23.324099999854297,False,False,6,14,False,True,0.0,1.0,0.0,0.08224076281287247
183716,32,tie,a photo of a tie,1.0,0.23365989448179686,0.7177535076530612,0.3955857742556595,0.18604517501005804,45.62743146077264,145.6295929767486,195.27284116071198,0.23365989448179686,0.7457749480732635,0.23856604271116702,191.25288676550298,45.62329378875438,0.020565157444939676,3417,43520,0.06810028698979592,0.07279971024990946,True,0.7996166860385766,B_wrong_or_unconfirmed_target,target_peak_distractor_energy,0.08971426123630517,0.23994602262973785,19.714199999953053,False,False,3,5,False,True,0.0,1.0,0.0,0.9994146912496342
183716,1,person,a photo of a person,0.0,0.852442845142131,0.3493702168367347,0.8995052228999089,0.29548103068755666,14.213181205107922,0.7592786403018863,16.673471173000586,0.852442845142131,0.04553812654988057,0.949288316806833,2.868637244617773,2.1093586043158865,0.10201902830798851,45228,1709,0.9013871173469388,0.9635894922981869,False,0.4142916632750092,B_wrong_or_unconfirmed_target,peak_in_background,0.042388069286596955,0.25700679421424866,19.65139999992971,False,False,3,5,True,False,0.0,1.0,0.0,0.07714247811090474
192964,41,skateboard,a photo of a skateboard,0.0,0.09539768645066093,0.7060746173469388,0.6000220334044899,0.035574156421658384,64.58163040876389,159.9171168601024,676.9727108860767,0.09539768645066093,0.2362238747419965,0.2876703375605867,160.39920853282092,0.48209167271852493,0.6683784388073426,544,6524,0.010841836734693877,0.07696661007357103,True,0.8288598211383453,B_wrong_or_unconfirmed_target,peak_in_background,0.08254372370563097,0.23583248257637024,19.658899999967616,False,False,3,3,False,True,0.0,1.0,0.0,0.007352941176470588
192964,1,person,a photo of a person,1.0,0.45814965732289537,0.8344427614795918,0.55095624738367,0.41574061049374034,18.387719382881187,1.1145058325764694,40.13474437659977,0.45814965732289537,0.027769102554102046,0.9428523760614741,1.1201047562335589,0.005598923657089472,0.5140812401230026,6081,987,0.12119339923469388,0.8603565365025467,True,0.728102665350872,A_correct_target_coarse_mask,target_preferred,0.06354542855608968,0.2543678879737854,20.194400000036694,False,False,3,3,True,True,1.0,0.0,0.0,0.000657786548265088
316015,17,cat,a photo of a cat,1.0,0.6894061626944009,0.9442761479591837,0.9660263754071001,0.674277726001864,383.75385761796497,28.800497859805375,556.6440777351665,0.6894061626944009,0.0517395208388577,0.9301898101973664,29.989508466884047,1.1890106070786715,0.2588543164667415,5868,12139,0.11694834183673469,0.32587327150552564,True,0.9649911561841725,C_good_localization,target_preferred,0.08432363823335577,0.2138676941394806,19.909100000177204,False,False,6,9,True,True,0.0,0.0,1.0,0.008691206543967281
316015,76,keyboard,a photo of a keyboard,1.0,0.285776308229987,0.6797273596938775,0.6166153357272863,0.17888712891523173,105.27548512692738,94.16873365694414,368.3842295359341,0.285776308229987,0.25562639794752245,0.5278442552451672,95.50832441223542,1.3395907552912831,0.4585972938224905,4106,13901,0.08183195153061225,0.22802243571944245,True,0.7910066318026838,A_correct_target_coarse_mask,target_preferred,0.11860485612583427,0.22859598696231842,19.902300000012474,False,False,6,9,True,True,1.0,0.0,0.0,0.011933755479785679
551350,15,bench,a photo of a bench,1.0,0.17852410335710742,0.7479472257653061,0.655464457118833,0.1130514061294621,61.64624942350201,45.09645296189831,345.31051137777774,0.17852410335710742,0.1305968149708647,0.5775219105932349,45.20872184388702,0.11226888198871166,0.6908790816720278,1629,2098,0.03246572066326531,0.4370807620069761,True,0.637753511692701,A_correct_target_coarse_mask,target_preferred,0.09427627899507936,0.21072496473789215,23.619100000132676,False,False,2,8,True,True,1.0,0.0,0.0,0.013505217925107428
551350,67,dining table,a photo of a dining table,1.0,0.21082425254209375,0.7747528698979592,0.39943105776633225,0.1326170376055257,49.88582709009279,42.63003688043682,236.6228101775551,0.21082425254209375,0.18016030174119071,0.5392137623660207,42.65728037797453,0.027243497537710937,0.6090154457167155,2120,1607,0.04225127551020408,0.5688221089348001,False,0.4700685404637398,A_correct_target_coarse_mask,target_preferred,0.09233684523920178,0.21468375623226166,19.56530000006751,False,False,2,8,True,False,1.0,0.0,0.0,0.010377358490566037
210230,1,person,a photo of a person,1.0,0.5765753833362104,0.6302614795918368,0.5140270520948202,0.2887593927311762,11.017658095455303,2.2300706916269064,19.10879030544863,0.5765753833362104,0.11670391772476722,0.8316639231169747,2.3174325728452914,0.08736188121838495,0.30672069893902243,20930,1546,0.41713169642857145,0.9312155187755828,False,0.26736230724925253,A_correct_target_coarse_mask,target_preferred,0.057062870956763864,0.2354135662317276,20.0692999999319,False,False,3,17,True,False,1.0,0.0,0.0,0.003631151457238414
210230,58,hot dog,a photo of a hot dog,1.0,0.2378904776888629,0.8271683673469388,0.45592497784382563,0.1473798053288762,49.8772895373113,42.20257709683035,209.6649265740928,0.2378904776888629,0.2012858220324062,0.5416742156620056,50.079665255338185,7.877088158507831,0.5608237002787309,1569,20907,0.03126992984693878,0.0698077949813134,True,0.9402923142969818,A_correct_target_coarse_mask,target_preferred,0.03301388342012233,0.21497072279453278,19.639500000039334,False,False,3,17,True,True,1.0,0.0,0.0,0.2555768005098789
78404,15,bench,a photo of a bench,1.0,0.7926387046020137,0.8166055484693877,0.8620638748012436,0.5614754098360656,216.23007864642204,28.000921953533265,272.79777960753484,0.7926387046020137,0.10264351122585114,0.8853506643925232,74.51347373225698,46.51255177872372,0.10471778417213526,18867,12616,0.37601642219387754,0.5992757996378998,True,0.8377602888611695,C_good_localization,target_preferred,0.0869531295465094,0.22181178629398346,19.875199999887627,False,False,3,6,True,True,0.0,0.0,1.0,0.31669051783537394
78404,31,handbag,a photo of a handbag,0.0,0.07311955090787578,0.6358617665816326,0.17752731888180176,0.0614855146907746,8.769321755913552,93.44106368881562,119.93128577830201,0.07311955090787578,0.7791216702332812,0.08579677806474495,96.4907785047349,3.0497148159192875,0.14775877885884312,1762,29721,0.03511639030612245,0.05596671219388241,True,0.6128559101933242,B_wrong_or_unconfirmed_target,peak_in_distractor,0.15732739451474412,0.22929073870182037,20.87670000014441,False,False,3,6,False,True,0.0,1.0,0.0,0.6685584562996595
254368,1,person,a photo of a person,1.0,0.7005096433836455,0.6929209183673469,0.7253417829151825,0.42011967934966693,57.1297055074711,12.735079005221323,81.55448828872593,0.7005096433836455,0.1561542383803028,0.8177181953104208,13.222450488722515,0.4873714835011924,0.1433361182360517,21494,19193,0.42837213010204084,0.5282768451839654,True,0.8002305156319585,A_correct_target_coarse_mask,target_preferred,0.10581610018469322,0.24139903485774994,19.898300000022573,False,False,2,2,True,True,1.0,0.0,0.0,0.009072299246301293
254368,65,bed,a photo of a bed,1.0,0.543292431013794,0.6782326211734694,0.5874877700450714,0.3863549980995819,194.94255757469546,100.76771787525297,358.8169951326746,0.543292431013794,0.2808331802622491,0.6592349801780578,101.09653980806263,0.3288219328096602,0.17587438872395694,19388,21299,0.3863998724489796,0.47651584044043555,True,0.6800263064284072,A_correct_target_coarse_mask,target_preferred,0.1726173358013622,0.21709990501403809,19.65569999993022,False,False,2,2,True,True,1.0,0.0,0.0,0.010057767691355477
153527,63,couch,a photo of a couch,0.0,0.02647283936164277,0.6492346938775511,0.029675037892286215,0.037462400875034184,2.889463923405856,3.511006563884848,109.1482437502522,0.02647283936164277,0.03216732073049719,0.4514455506267796,5.794034716888973,2.2830281530041248,0.94135983990786,688,1970,0.01371173469387755,0.2588412340105342,True,0.7020686724629264,B_wrong_or_unconfirmed_target,peak_in_background,0.1269243887328831,0.2135443091392517,23.427900000115187,False,False,6,15,False,True,0.0,1.0,0.0,0.8226744186046512
153527,62,chair,a photo of a chair,0.0,0.11704595156786608,0.7075892857142857,0.16916648700816297,0.08636901425991655,5.854354410547103,1.485926873179551,50.01757286028476,0.11704595156786608,0.029708096339065168,0.7975654044110494,4.582680517325343,3.0967536441457924,0.8532459520930687,1844,814,0.03675063775510204,0.6937547027840482,True,0.6349275230994751,B_wrong_or_unconfirmed_target,peak_in_background,0.08408594160735858,0.21866072714328766,19.800300000042625,False,False,6,15,True,True,0.0,1.0,0.0,0.306941431670282
479448,52,banana,a photo of a banana,0.0,0.664564527693955,0.7952407525510204,0.8102136862609758,0.6154220475388359,384.276803719069,142.17433084797187,578.2385121464623,0.664564527693955,0.24587489048456956,0.7299382193089994,526.410118413981,384.2357875660091,0.08956058182147542,21519,18799,0.4288703762755102,0.533731831936108,True,0.7024885854804528,B_wrong_or_unconfirmed_target,peak_in_background,0.18780170839879268,0.2138475477695465,19.72099999989041,False,False,5,18,True,True,0.0,1.0,0.0,0.9993494121474046
479448,59,pizza,a photo of a pizza,1.0,0.6841605270886443,0.35403380102040816,0.6765477675768126,0.27507772136610675,181.93611930663246,6.446320845279843,265.92606866817914,0.6841605270886443,0.024241026378363534,0.9657806702148966,95.05462866629432,88.60830782101448,0.29159844653299216,38588,1730,0.7690529336734694,0.9570911255518627,True,0.5585615297765965,A_correct_target_coarse_mask,target_preferred,0.11764080543735041,0.21249376237392426,20.031100000096558,False,False,5,18,True,True,1.0,0.0,0.0,0.5580232196537783
323355,59,pizza,a photo of a pizza,1.0,0.6406122677187378,0.8838687818877551,0.964159552696497,0.4826882102272727,457.06160161085427,39.756505547898044,713.4761924533236,0.6406122677187378,0.05572225950692666,0.9199777444198601,40.412497325675716,0.6559917777776718,0.3036654727743356,5437,14653,0.10835857780612244,0.27063215530114487,True,0.9687341067072731,A_correct_target_coarse_mask,target_preferred,0.10420319861719296,0.20523545145988464,22.76679999999942,False,False,2,3,True,True,1.0,0.0,0.0,0.0025749494206363803
323355,1,person,a photo of a person,1.0,0.47183594181226507,0.7020089285714286,0.4960047930744682,0.3729765998490313,59.537461606140596,40.30431904213037,126.1825484880706,0.47183594181226507,0.31941278350342384,0.59631810670407,40.3710789027391,0.06675986060872674,0.20875127468431107,14667,5423,0.2923110650510204,0.7300647088103535,False,0.3532454263263141,A_correct_target_coarse_mask,target_preferred,0.140684245633869,0.24932606518268585,20.508299999846713,False,False,2,3,True,False,1.0,0.0,0.0,0.0009545237608236176
80273,1,person,a photo of a person,1.0,0.4067573104663583,0.7462930484693877,0.45537917761989394,0.4285586030434978,50.9680392119044,8.114748549793148,125.30331453285537,0.4067573104663583,0.06476084515438263,0.8626546096212698,8.260673208540538,0.1459246587473899,0.528481844379259,10726,2077,0.21376753826530612,0.837772397094431,True,0.5487866303886412,A_correct_target_coarse_mask,target_preferred,0.17546620058228232,0.22904431819915771,20.605199999863544,False,False,2,2,True,True,1.0,0.0,0.0,0.0041954130151034864
80273,36,snowboard,a photo of a snowboard,1.0,0.1965373812256708,0.7967952806122449,0.5551259111540193,0.17226822536125994,137.91589716635644,127.38844275465817,701.7285785852453,0.1965373812256708,0.18153520697630124,0.5198403358475617,129.53805530062527,2.149612545967102,0.6219274117980279,2122,10681,0.042291135204081634,0.16574240412403343,True,0.8449474648323196,A_correct_target_coarse_mask,target_preferred,0.12518342279802774,0.19212506711483002,19.563800000014453,False,False,2,2,True,True,1.0,0.0,0.0,0.02120640904806786
361238,59,pizza,a photo of a pizza,1.0,0.8527328297425557,0.849609375,0.9055338009358965,0.6561560193201494,711.8712145205063,86.99941100938184,834.811549046873,0.8527328297425557,0.1042144315189595,0.8910969958975818,785.5063390116982,698.5069280023163,0.043052738738484767,19623,12826,0.39108338647959184,0.6047335819285649,True,0.842476044233886,C_good_localization,target_preferred,0.15247605612071655,0.19073522090911865,19.794099999899117,False,False,6,10,True,True,0.0,0.0,1.0,0.9837435662233094
361238,67,dining table,a photo of a dining table,1.0,0.7346709943805475,0.7424266581632653,0.7968406796057116,0.5270092226613966,168.6311159867164,15.132583169615941,229.53283480165305,0.7346709943805475,0.06592774921589109,0.9176519451932496,157.69291239364077,142.56032922402483,0.19940125640356138,23471,8978,0.4677734375,0.7233196708681315,True,0.8099791743758987,C_good_localization,target_preferred,0.18685524050160188,0.21826723217964172,19.85130000002755,False,False,6,10,True,True,0.0,0.0,1.0,0.8216948574837033
381971,1,person,a photo of a person,0.0,0.1427642806407807,0.8323301977040817,0.14346048010710738,0.11339445673938245,1.5562384515374106,0.6256721737468354,10.900755038672258,0.1427642806407807,0.05739714098034111,0.7132457367881235,0.6521604190534447,0.026488245306609315,0.7998385783788782,1455,3404,0.028997927295918366,0.29944433010907595,True,0.853353092259881,B_wrong_or_unconfirmed_target,peak_in_background,0.024758909406321212,0.2323853224515915,20.69019999999,False,False,7,16,True,True,0.0,1.0,0.0,0.03161512027491409
381971,19,horse,a photo of a horse,1.0,0.4884449381059026,0.8751992984693877,0.7007542697024917,0.31979144036497936,115.54258877551183,13.473001504805438,236.5519217448833,0.4884449381059026,0.05695578968635821,0.8955707486550036,14.211132261459284,0.7381307566538453,0.4545992722077391,2981,1878,0.0594108737244898,0.6135007203128215,True,0.8438160402620936,A_correct_target_coarse_mask,target_preferred,0.05018471099082335,0.21349331736564636,19.81249999994361,False,False,7,16,True,True,1.0,0.0,0.0,0.01274740020127474
261706,17,cat,a photo of a cat,1.0,0.7806967053531207,0.9315409757653061,0.9109209497411569,0.8006962576153177,559.1125932670548,111.6968367505865,716.1713241945345,0.7806967053531207,0.15596384967830149,0.8334894654840349,113.00958694271276,1.3127501921262592,0.06333944496857775,15043,25280,0.2998046875,0.37306252014979047,True,0.8937530388605489,C_good_localization,target_preferred,0.08990260374394332,0.19283223152160645,19.69819999999345,False,False,3,3,True,True,0.0,0.0,1.0,0.008575417137539055
261706,63,couch,a photo of a couch,0.0,0.703870664006238,0.7371253188775511,0.7451724952411075,0.5782034472834255,362.2773042081244,38.1378099429684,514.6930007654272,0.703870664006238,0.07409817092179541,0.9047543197168667,39.326867246852004,1.189057303883601,0.22203116507196663,24982,15341,0.4978874362244898,0.6195471567095702,True,0.8536571124216235,B_wrong_or_unconfirmed_target,peak_in_distractor,0.14457213171441186,0.17868538200855255,19.913800000040283,False,False,3,3,True,True,0.0,1.0,0.0,0.0031222480185733727
271116,46,wine glass,a photo of a wine glass,0.0,0.09093466733828183,0.7502989477040817,0.17514266280360874,0.05004170141784821,9.541475733625703,79.85608984496233,104.92671291280918,0.09093466733828183,0.7610653915301839,0.10673082283474299,83.83287557844326,3.976785733480938,0.14799994113153422,671,32646,0.013372927295918368,0.020139868535582434,True,0.853226004033621,B_wrong_or_unconfirmed_target,peak_in_distractor,0.05117729937151711,0.19734469056129456,19.941300000027695,False,False,9,35,False,True,0.0,1.0,0.0,0.39940387481371087
271116,1,person,a photo of a person,1.0,0.892691957027181,0.6707788584183674,0.8342401916647776,0.42134024591025326,56.48149077932203,1.3863183671371928,63.270975317639454,0.892691957027181,0.02191081076555964,0.9760433583440233,4.933224918303864,3.5469065511666713,0.08539723220725938,27040,6277,0.5389030612244898,0.8115976828646037,True,0.9043772925431414,A_correct_target_coarse_mask,target_preferred,0.09393312759585033,0.23130108416080475,19.896099999868966,False,False,9,35,True,True,1.0,0.0,0.0,0.08398668639053254
33114,5,airplane,a photo of a airplane,1.0,0.14917006360299873,0.8241390306122449,0.3628183549522157,0.08625867246556902,38.99375904654153,4.709245846450187,261.4047222659872,0.14917006360299873,0.018015152158033274,0.8922443466305846,4.709245846450187,0.0,0.8328147842389682,848,4631,0.016900510204081634,0.15477276875342216,True,0.978363959907583,A_correct_target_coarse_mask,target_preferred,0.059479477330606066,0.20120121538639069,19.86439999996037,False,False,2,8,True,True,1.0,0.0,0.0,0.0
33114,14,parking meter,a photo of a parking meter,1.0,0.43940534546134946,0.8142936862244898,0.7888042976512493,0.3319951250985734,53.81695372494869,1.3121117327594902,122.47678431959923,0.43940534546134946,0.01071314649587449,0.9761992748858215,1.3121117327594902,0.0,0.549881508042776,4631,848,0.09229512117346939,0.8452272312465778,True,0.8824982130241739,A_correct_target_coarse_mask,target_preferred,0.1028791960022802,0.1947280764579773,20.58560000000398,False,False,2,8,True,True,1.0,0.0,0.0,0.0
491213,3,car,a photo of a car,1.0,0.5167475425088001,0.8695591517857143,0.8916331020657771,0.4215642951833849,117.24924724316224,47.76246833688349,226.89850961635784,0.5167475425088001,0.21050146348532972,0.7105510468211874,48.70650273495123,0.9440343980677426,0.27275099400587033,4779,21521,0.09524473852040816,0.18171102661596958,True,0.9170451116687682,A_correct_target_coarse_mask,target_preferred,0.07864953752235021,0.21141088008880615,19.784200000003693,False,False,5,8,True,True,1.0,0.0,0.0,0.013182674199623353
491213,4,motorcycle,a photo of a motorcycle,1.0,0.7407926309896478,0.7724011479591837,0.8318344787082518,0.5551746971526507,308.3353625687887,34.41982837404248,416.223582241732,0.7407926309896478,0.08269552673748391,0.8995789727374709,34.67233187249985,0.2525034984573722,0.17651184227286837,21376,4924,0.4260204081632653,0.8127756653992395,True,0.6735768692317109,C_good_localization,target_preferred,0.1576671875051796,0.20839303731918335,19.691400000056092,False,False,5,8,True,True,0.0,0.0,1.0,0.001964820359281437
497344,77,cell phone,a photo of a cell phone,1.0,0.38032919978813573,0.8665298150510204,0.7010072234904492,0.11168589998673564,40.72565903360373,56.067729117050916,107.08002187654843,0.38032919978813573,0.5236058802984827,0.4207483570077702,96.79338815065465,40.72565903360373,0.09606491991338165,889,21571,0.017717633928571428,0.03958147818343722,True,0.9463080868172059,B_wrong_or_unconfirmed_target,target_peak_distractor_energy,0.020934484370318848,0.2146192193031311,19.84679999986838,False,False,4,4,False,True,0.0,1.0,0.0,1.0
497344,1,person,a photo of a person,1.0,0.7389191109815826,0.8061623086734694,0.8029092249415156,0.5648516844883897,69.36724825478359,2.0759799388993088,93.87664660971606,0.7389191109815826,0.022113912393249554,0.9709422433533899,4.132360111537764,2.0563801726384554,0.2389669766251679,17704,4756,0.3528380102040816,0.7882457702582368,True,0.899763350610013,C_good_localization,target_preferred,0.13558240033269958,0.23384486138820648,19.711600000164253,False,False,4,4,True,True,0.0,0.0,1.0,0.05230456394035246
533536,17,cat,a photo of a cat,1.0,0.6451813200523142,0.8961057079081632,0.8922038553281473,0.6012696955790118,276.8720089130002,104.77972269109893,429.138290752978,0.6451813200523142,0.24416307038751892,0.7254572323025869,105.60565454475005,0.8259318536511273,0.11065560956016683,8890,29275,0.17717633928571427,0.23293593606707716,True,0.8969237576496498,C_good_localization,target_preferred,0.11712521041599672,0.18391694128513336,20.292599999947925,False,False,2,2,True,True,0.0,0.0,1.0,0.011136107986501687
533536,72,tv,a photo of a tv,1.0,0.946362680623936,0.6621492346938775,0.9215212440813664,0.43224596423069195,435.8282942706991,1.804844763452536,460.5298826696736,0.946362680623936,0.0039190611323415584,0.9958758955790303,2.078319030350656,0.2734742668981198,0.04971825824372236,29374,8791,0.5854193239795918,0.7696580636709026,True,0.9863516230581929,A_correct_target_coarse_mask,target_preferred,0.09841821952418141,0.21342818439006805,20.60370000003786,False,False,2,2,True,True,1.0,0.0,0.0,0.0033703275005106557
534827,4,motorcycle,a photo of a motorcycle,1.0,0.5835807337265504,0.8805404974489796,0.7711634682345282,0.4985778818805421,222.18201344023691,28.886729711126122,380.72198172386067,0.5835807337265504,0.0758735536633075,0.8849449383919848,32.68609417816117,3.7993644670350477,0.3405457126101421,6158,1954,0.1227279974489796,0.7591222879684418,True,0.7093524445075567,A_correct_target_coarse_mask,target_preferred,0.09259968405081542,0.21981056034564972,19.843299999820374,False,False,3,10,True,True,1.0,0.0,0.0,0.020461188697629102
534827,1,person,a photo of a person,0.0,0.05304139175871652,0.6769969706632653,0.053963395316155044,0.046366578405413354,2.031102389226703,5.2659170904184975,38.29278082419327,0.05304139175871652,0.13751722849784537,0.2783468503670737,5.436975947962765,0.17105885754426708,0.809441379743438,2080,6032,0.04145408163265306,0.2564102564102564,True,0.5279792690759677,B_wrong_or_unconfirmed_target,peak_in_distractor,0.0607057491887337,0.24289727210998535,19.98989999992773,False,False,3,10,False,True,0.0,1.0,0.0,0.14567307692307693
76547,1,person,a photo of a person,1.0,0.43200829715182354,0.8391661352040817,0.4329429764794279,0.22179363548698167,10.734512967430732,7.292981535882831,24.847932408247775,0.43200829715182354,0.2935045627161345,0.5954522945746603,7.379463554551734,0.08648201866890304,0.2744871401320419,3633,16530,0.07240513392857142,0.18018152060705253,True,0.8700803934603207,A_correct_target_coarse_mask,target_preferred,0.02944154968052255,0.2338920533657074,19.862500000044747,False,False,10,13,True,True,1.0,0.0,0.0,0.007156619873382879
76547,7,train,a photo of a train,1.0,0.3229765438083215,0.7710459183673469,0.5228869214432873,0.23049099068926251,88.49547584574611,31.259415963969445,273.9996991802165,0.3229765438083215,0.11408558497507451,0.7389716988460079,32.04916767075986,0.7897517067904118,0.562937871216604,4726,15437,0.09418845663265306,0.2343897237514259,True,0.902412192960729,A_correct_target_coarse_mask,target_preferred,0.10068423786684864,0.20560725033283234,19.555999999965934,False,False,10,13,True,True,1.0,0.0,0.0,0.04104951333051206
74256,1,person,a photo of a person,1.0,0.8498981152699825,0.6710578762755102,0.8153938714533425,0.419716626234926,58.01694527898928,1.5324382875106917,68.26341209211807,0.8498981152699825,0.02244889671560429,0.9742660931863322,8.354835228859107,6.822396941348416,0.1276529880144133,26332,5896,0.5247927295918368,0.817053493856274,True,0.8944820948690644,A_correct_target_coarse_mask,target_preferred,0.09360505540586199,0.2344268411397934,23.468000000093525,False,False,6,13,True,True,1.0,0.0,0.0,0.08316876803888805
74256,31,handbag,a photo of a handbag,0.0,0.18904508630481026,0.7254264987244898,0.3810246547618865,0.1540067546822229,45.30688647541683,122.69599799454838,239.66180428707602,0.18904508630481026,0.5119547453943827,0.2696792178203126,135.2347730538265,12.538775059278123,0.29900016830080706,2808,29420,0.055963010204081634,0.08712920441851806,True,0.7946117489956915,B_wrong_or_unconfirmed_target,peak_in_background,0.11099414580341468,0.22348004579544067,19.79129999995166,False,False,6,13,False,True,0.0,1.0,0.0,0.5594729344729344
365387,81,sink,a photo of a sink,0.0,0.16422605549732572,0.8097098214285714,0.22318519860441888,0.16959471212384764,42.1723806951195,115.05393745711805,256.79470025270285,0.16422605549732572,0.4480385979301653,0.2682272356863625,115.05393745711805,0.0,0.38773534657250897,2071,13279,0.04127471301020408,0.1349185667752443,True,0.7015137722992814,B_wrong_or_unconfirmed_target,peak_in_distractor,0.056060711253916186,0.20003992319107056,20.259299999906943,False,False,4,4,False,True,0.0,1.0,0.0,0.0
365387,70,toilet,a photo of a toilet,1.0,0.3426495963447913,0.7924107142857143,0.3882432799430787,0.22718504229114111,127.79454168884149,61.881437761227744,372.95984893047466,0.3426495963447913,0.1659198381238174,0.6737518480693111,61.881437761227744,0.0,0.4914305655313913,5628,9722,0.11216517857142858,0.3666449511400651,True,0.7810576980134433,A_correct_target_coarse_mask,target_preferred,0.06037803947893928,0.2184000313282013,22.619700000177545,False,False,4,4,True,True,1.0,0.0,0.0,0.0
38048,11,fire hydrant,a photo of a fire hydrant,1.0,0.3554896605313626,0.8132174744897959,0.8503775372312896,0.28040540540540543,187.03782016597688,6.586512169684283,526.1413788699368,0.3554896605313626,0.012518521511900478,0.9659830348271152,6.586512169684283,0.0,0.6319918179567369,3674,738,0.07322225765306123,0.8327289211242067,True,0.8508387198607783,A_correct_target_coarse_mask,target_preferred,0.1361652485960978,0.20399823784828186,23.080700000036813,False,False,4,4,True,True,1.0,0.0,0.0,0.0
38048,1,person,a photo of a person,0.0,0.07020174069011396,0.6992586096938775,0.19288037629329013,0.041965589486381814,6.572398911695927,5.94115926781285,93.62159466540797,0.07020174069011396,0.06345928296827053,0.5252222283553089,5.974886665023746,0.033727397210896015,0.8663389763416155,661,3751,0.013173628826530613,0.149818676337262,True,0.8625933419239669,B_wrong_or_unconfirmed_target,peak_in_background,0.0849525887789743,0.23963618278503418,19.800900000063848,False,False,4,4,True,True,0.0,1.0,0.0,0.0045385779122541605
281929,2,bicycle,a photo of a bicycle,0.0,0.5951049415334005,0.8562858737244898,0.6488675619439113,0.5477011854732484,238.81546990286733,22.926388892669195,401.2997594802592,0.5951049415334005,0.05713033300184919,0.9124083973493158,52.65024328666942,29.723854394000227,0.34776472546475035,9957,5970,0.19844148596938777,0.6251648144660011,True,0.8619847825612823,B_wrong_or_unconfirmed_target,peak_in_background,0.11121121987571805,0.20863941311836243,23.281300000007832,False,False,3,3,True,True,0.0,1.0,0.0,0.19945766797228082
281929,1,person,a photo of a person,1.0,0.5582311374940161,0.8511439732142857,0.5677112938953572,0.437532946758039,28.411205240033524,1.6774649927223582,50.89505642335846,0.5582311374940161,0.032959291345877745,0.9442492812162521,6.274545066181227,4.597080073458869,0.4088095711601062,7956,7971,0.15856186224489796,0.49952910152571106,True,0.9443483552977622,A_correct_target_coarse_mask,target_preferred,0.056227361584769285,0.2413426786661148,20.3675000000203,False,False,3,3,True,True,1.0,0.0,0.0,0.2630718954248366
231831,75,remote,a photo of a remote,1.0,0.09074570085367566,0.6845503826530612,0.609081283763197,0.03423027640490573,18.29468199238181,57.51979329004064,201.60384260937454,0.09074570085367566,0.2853109967823896,0.24130856177834928,73.64209290533438,16.12229961529374,0.6239433023639347,561,23196,0.01118064413265306,0.023614092688470766,True,0.9293334661413238,B_wrong_or_unconfirmed_target,target_peak_distractor_energy,0.06508793336302489,0.23628126084804535,20.101900000099704,False,False,6,9,False,True,0.0,1.0,0.0,0.8698752228163993
231831,17,cat,a photo of a cat,1.0,0.780299916571524,0.8356186224489796,0.8544580690422908,0.6244251172533127,478.3380786524235,16.814626126486246,613.0182363137264,0.780299916571524,0.027429242933453234,0.966041534330313,18.113283422246013,1.2986572957597673,0.19227084049502288,19366,4391,0.38596141581632654,0.8151702656059266,True,0.8657748984868618,C_good_localization,target_preferred,0.12719794117340386,0.20585384964942932,23.16930000006323,False,False,6,9,True,True,0.0,0.0,1.0,0.0015491066818134876
96493,1,person,a photo of a person,1.0,0.6680405086361823,0.7827845982142857,0.7139121214017936,0.44940641576155593,44.38057572067737,8.486732842992154,66.43395893952776,0.6680405086361823,0.12774690803414707,0.8394710630526577,8.752636064959319,0.2659032219671644,0.20421258332967065,14515,18204,0.28928172831632654,0.4436260276903328,True,0.8676979998482357,A_correct_target_coarse_mask,target_preferred,0.05799904169064698,0.2361132949590683,19.992400000091948,False,False,3,3,True,True,1.0,0.0,0.0,0.009162934894936272
96493,75,remote,a photo of a remote,1.0,0.18790515731476554,0.7784398915816326,0.8114650337365469,0.06634752666498699,32.965893279761076,72.99224155751043,175.43900205218384,0.18790515731476554,0.41605481508495523,0.3111218721468546,72.99224155751043,0.0,0.39604002760027923,790,31929,0.015744579081632654,0.024144992206363274,True,0.9480614166911971,B_wrong_or_unconfirmed_target,target_peak_distractor_energy,0.05933159136137656,0.2372053861618042,19.493400000101246,False,False,3,3,False,True,0.0,1.0,0.0,0.0
222235,17,cat,a photo of a cat,1.0,0.7386506232518233,0.9212372448979592,0.8384776046845802,0.6526019690576652,305.3223405385322,3.8058504797518253,413.35149653619214,0.7386506232518233,0.009207298175146665,0.9876884393260409,3.828640846822964,0.022790367071138462,0.25214207857303,9716,706,0.19363839285714285,0.9322586835540203,True,0.8535743097558147,C_good_localization,target_preferred,0.06832194753614138,0.19329403340816498,19.594700000197918,False,False,2,2,True,True,0.0,0.0,1.0,0.0038081515026759986
222235,16,bird,a photo of a bird,0.0,0.04393713756837032,0.6921835140306123,0.08381262489217434,0.04583925372212269,5.919613644713536,64.08958151127445,134.72916016665994,0.04393713756837032,0.47569198406637175,0.08455480214454571,64.35279577580513,0.2632142645306885,0.48037087836525794,743,9679,0.014807876275510204,0.07129149875263865,True,0.546120323881819,B_wrong_or_unconfirmed_target,peak_in_distractor,0.10413874581970636,0.20421767234802246,19.837400000142225,False,False,2,2,False,True,0.0,1.0,0.0,0.04979811574697174
137246,28,umbrella,a photo of a umbrella,1.0,0.28896608105638816,0.7999840561224489,0.4146259105338506,0.2288897426046869,36.06910030901781,29.85519053508024,124.82122530491519,0.28896608105638816,0.23918360408776254,0.5471291362741507,29.943096373700158,0.08790583861991763,0.4718503148558492,3184,22711,0.06345663265306123,0.12295810001930875,True,0.8960223103954102,A_correct_target_coarse_mask,target_preferred,0.060801484991170975,0.21521645784378052,23.331399999960922,False,False,6,17,True,True,1.0,0.0,0.0,0.004711055276381909
137246,64,potted plant,a photo of a potted plant,1.0,0.37729735496545963,0.7881855867346939,0.4847245849708986,0.20401437986818455,72.77461406172006,47.52107501212059,192.88397626954566,0.37729735496545963,0.2463712949680811,0.6049644390585642,47.714533893146026,0.1934588810254354,0.3763313500664592,3825,22070,0.07623166454081633,0.14771191349681406,True,0.8983345146997708,A_correct_target_coarse_mask,target_preferred,0.049966398137089904,0.22373808920383453,20.248799999990297,False,False,6,17,True,True,1.0,0.0,0.0,0.0033986928104575162
250901,54,sandwich,a photo of a sandwich,1.0,0.43748087623923765,0.8490114795918368,0.7023657755337717,0.3737807902132584,129.9132757120242,8.45057793701212,296.95761064760404,0.43748087623923765,0.028457185921529782,0.9389249597048072,8.45057793701212,0.0,0.5340619378392326,5299,12581,0.10560825892857142,0.29636465324384786,True,0.9733330643745639,A_correct_target_coarse_mask,target_preferred,0.08560050676481158,0.22501586377620697,19.860900000139736,False,False,3,6,True,True,1.0,0.0,0.0,0.0
250901,1,person,a photo of a person,1.0,0.402243188822313,0.6843510841836735,0.3666321878061438,0.2492771484097265,8.30502706532593,3.1521009461481526,20.64678109190954,0.402243188822313,0.15266791138611463,0.7248786132971446,3.1526959688395664,0.0005950226914137602,0.44508889979157235,12248,5632,0.24410076530612246,0.6850111856823267,True,0.5478267694885156,A_correct_target_coarse_mask,target_preferred,0.0875364946209365,0.23849697411060333,19.491599999810205,False,False,3,6,True,True,1.0,0.0,0.0,8.164598301763554e-05
488166,1,person,a photo of a person,1.0,0.6394026273145063,0.8365154655612245,0.7169232262307349,0.5521891036139317,25.010053886857463,0.9456754552032294,39.11471867405331,0.6394026273145063,0.024176971924140204,0.963565830004563,1.038721319541139,0.09304586433790973,0.33642040076135366,12954,3045,0.25817123724489793,0.8096756047252953,True,0.8614314121400214,C_good_localization,target_preferred,0.10524614774344834,0.24935023486614227,19.80639999987943,False,False,6,6,True,True,0.0,0.0,1.0,0.01713756368689208
488166,47,cup,a photo of a cup,0.0,0.28648661524607744,0.8549306441326531,0.36035575234555245,0.2535124602604861,31.656318370020017,49.33370039814827,110.4984201193094,0.28648661524607744,0.4464652104969534,0.3908669099168254,53.49327587640937,4.159575478261104,0.2670481742569691,2753,13246,0.05486686862244898,0.17207325457841116,True,0.7553466974922352,B_wrong_or_unconfirmed_target,peak_in_distractor,0.03741143062058328,0.22281025350093842,19.713600000159204,False,False,6,6,False,True,0.0,1.0,0.0,0.135125317835089
325347,1,person,a photo of a person,1.0,0.32174929587749784,0.7104591836734694,0.3682595231194064,0.2504385512331029,21.269118966175597,4.368388603847222,66.10463251572602,0.32174929587749784,0.06608294211162886,0.8296094660560577,4.368610606464415,0.00022200261719262926,0.6121677620108733,7560,5017,0.15066964285714285,0.6010972409954679,True,0.7636549000053314,A_correct_target_coarse_mask,target_preferred,0.09775739269006423,0.23290126025676727,19.994599999790807,False,False,4,7,True,True,1.0,0.0,0.0,0.0006613756613756613
325347,62,chair,a photo of a chair,0.0,0.17737136569542378,0.7225964604591837,0.28122961267131596,0.1300625,20.94173416950798,9.208207368975494,118.06716426521986,0.17737136569542378,0.07799126392407174,0.6945862280620743,9.282440895339462,0.07423352636396885,0.7446373703805045,2729,9848,0.054388552295918366,0.21698338236463385,True,0.8913864579828844,B_wrong_or_unconfirmed_target,peak_in_background,0.08987673939584082,0.1987706571817398,20.786300000054325,False,False,4,7,True,True,0.0,1.0,0.0,0.007328691828508612
460229,13,stop sign,a photo of a stop sign,1.0,0.5845121974260518,0.8806800063775511,0.9416100511785888,0.6646126267435998,453.29777021252085,28.468227183817362,775.51464658677,0.5845121974260518,0.03670881950342654,0.9409086001551119,28.468227183817362,0.0,0.37877898307052177,12286,4445,0.24485809948979592,0.7343255035562728,True,0.8520889792455199,C_good_localization,target_preferred,0.18586802005206243,0.20116958022117615,20.299400000112655,False,False,3,4,True,True,0.0,0.0,1.0,0.0
460229,8,truck,a photo of a truck,1.0,0.31350502425647525,0.8337850765306123,0.6621703362470447,0.3323192698743095,111.4256742009893,60.06233637413243,355.4191020231724,0.31350502425647525,0.16899017535139832,0.6497578100492205,60.06233637413243,0.0,0.5175048003921264,4445,12286,0.08858816964285714,0.2656744964437272,True,0.8368063761351058,A_correct_target_coarse_mask,target_preferred,0.14467975947568454,0.21197602152824402,19.62409999987358,False,False,3,4,True,True,1.0,0.0,0.0,0.0
198641,72,tv,a photo of a tv,1.0,0.48127488567198634,0.7826450892857143,0.532531243759232,0.42161646160373356,129.77461444807705,70.14692970801235,269.64759290707127,0.48127488567198634,0.2601429849670014,0.6491277115524601,70.62874111130924,0.4818114032968879,0.25858212936101227,11071,14294,0.2206433354591837,0.4364675734279519,True,0.704895069498795,A_correct_target_coarse_mask,target_preferred,0.08637954576091918,0.22608999907970428,21.293000000014217,False,False,5,7,True,True,1.0,0.0,0.0,0.0018968476199078673
198641,76,keyboard,a photo of a keyboard,0.0,0.18682802980246896,0.693977200255102,0.36975900889633767,0.16991026056871014,99.21445088740438,267.13128389220947,531.0469258403176,0.18682802980246896,0.5030276438744212,0.27082190801836276,267.13128389220947,0.0,0.31014432632310984,3155,22210,0.06287866709183673,0.12438399369209541,True,0.72334150555182,B_wrong_or_unconfirmed_target,peak_in_distractor,0.1385844056663628,0.2211916744709015,20.06319999986772,False,False,5,7,False,True,0.0,1.0,0.0,0.0
135410,4,motorcycle,a photo of a motorcycle,1.0,0.3596629987094263,0.8313934948979592,0.8490383596997629,0.15937996820349762,66.97883420810103,61.715930750635536,186.22664674553747,0.3596629987094263,0.3314022554192526,0.5204472320966276,65.11345222456855,3.3975214739330113,0.3089347458713211,1604,12730,0.03196747448979592,0.11190177201060415,True,0.8959763248484435,A_correct_target_coarse_mask,target_preferred,0.05745218075022252,0.21590183675289154,23.49709999998595,False,False,5,10,True,True,1.0,0.0,0.0,0.057356608478802994
135410,1,person,a photo of a person,0.0,0.056905600463445186,0.7107780612244898,0.06822065202510517,0.04658038236646738,1.7618781916485773,13.017559751765205,30.961419918244538,0.056905600463445186,0.420444533427047,0.11921144757968355,13.203626309235418,0.1860665574702125,0.5226498661095078,1095,13239,0.021823182397959183,0.07639179573043114,True,0.6206937441366285,B_wrong_or_unconfirmed_target,peak_in_background,0.06805719184386459,0.2465461790561676,19.573499999978594,False,False,5,10,False,True,0.0,1.0,0.0,0.1132420091324201
433103,1,person,a photo of a person,1.0,0.84785228098968,0.5287587691326531,0.7140811382028404,0.2797307176800292,10.880017530244597,0.33086454673613375,12.832444724385931,0.84785228098968,0.02578343829585181,0.9704871976651626,0.7638802426701794,0.43301569593404565,0.1263642807144682,29917,6365,0.5962412308673469,0.8245686566341437,True,0.8749399678325093,A_correct_target_coarse_mask,target_preferred,0.04656624780418165,0.22741807997226715,19.905600000129198,False,False,3,19,True,True,1.0,0.0,0.0,0.039007921917304546
433103,73,laptop,a photo of a laptop,1.0,0.4526291900265093,0.8050661670918368,0.5885125021208121,0.3812235085721516,61.28310757999134,54.680919252757036,135.39362668236697,0.4526291900265093,0.4038662719408374,0.5284665361645099,73.42420589977601,18.743286647018977,0.14350453803265334,7532,28750,0.15011160714285715,0.20759605313929771,True,0.8105313689264747,A_correct_target_coarse_mask,target_preferred,0.06747782136994368,0.21938832104206085,22.98679999989872,False,False,3,19,True,True,1.0,0.0,0.0,0.15493892724375996
393093,7,train,a photo of a train,1.0,0.5655958629008825,0.8240593112244898,0.7610834598693681,0.38463683256656905,242.0465044592488,4.258556981382753,427.94956670619445,0.5655958629008825,0.009951072071785584,0.9827102335758935,4.258556981382753,0.0,0.42445306502733193,7320,1659,0.14588647959183673,0.8152355496157702,True,0.927962479001061,A_correct_target_coarse_mask,target_preferred,0.09210650567861049,0.20817750692367554,19.74500000005719,False,False,3,9,True,True,1.0,0.0,0.0,0.0
393093,3,car,a photo of a car,1.0,0.13509036488372697,0.6992984693877551,0.336382288334673,0.08044856167723062,9.409019770849454,16.082978066621507,69.64982128035444,0.13509036488372697,0.23091197896810542,0.36909699392091844,16.082978066621507,0.0,0.6339976561481676,1659,7320,0.03306361607142857,0.18476445038422987,True,0.7207736983132159,B_wrong_or_unconfirmed_target,target_peak_distractor_energy,0.057746608062275266,0.2261510044336319,20.521800000096846,False,False,3,9,False,True,0.0,1.0,0.0,0.0
309467,1,person,a photo of a person,1.0,0.2893789119910265,0.8208107461734694,0.26374470433687985,0.23578410539736508,11.45912555249015,0.4471319643807874,39.599034613985594,0.2893789119910265,0.01129148649050321,0.9624456330002796,1.8207620151106312,1.3736300507298438,0.6993296015184703,4158,327,0.08286830357142858,0.9270903010033444,True,0.668378109873555,A_correct_target_coarse_mask,target_preferred,0.02996093994389542,0.23282557725906372,19.943000000012034,False,False,3,6,True,True,1.0,0.0,0.0,0.13468013468013468
309467,27,backpack,a photo of a backpack,1.0,0.08695641030885096,0.6901307397959183,0.6743560753229338,0.03139795664091702,15.76693158177659,47.06303030907293,181.31994554255115,0.08695641030885096,0.25955793317855613,0.2509460631086681,61.96219396640663,14.899163657333702,0.6534856565125929,504,3981,0.010044642857142858,0.11237458193979934,True,0.7257447426719356,B_wrong_or_unconfirmed_target,target_peak_distractor_energy,0.08006912954866685,0.2068486213684082,19.657499999993888,False,False,3,6,False,True,0.0,1.0,0.0,0.9464285714285714
543047,62,chair,a photo of a chair,1.0,0.13841201160982963,0.6860650510204082,0.4575700688862895,0.080765639589169,37.10809355851961,55.19413107470132,268.0987952340713,0.13841201160982963,0.20587235771243398,0.40202816027430244,55.769075988088616,0.5749449133872986,0.6557156306777363,1418,8220,0.028260522959183673,0.1471259597426852,True,0.7958086552372413,B_wrong_or_unconfirmed_target,target_peak_distractor_energy,0.09246193056279625,0.20691274106502533,19.86399999987043,False,False,9,16,False,True,0.0,1.0,0.0,0.01622002820874471
543047,67,dining table,a photo of a dining table,1.0,0.0669003775342236,0.6025191326530612,0.36171875264471853,0.04248883767823707,12.750059605576098,44.25384879667217,190.58277509799802,0.0669003775342236,0.2322027726478259,0.22366991953613138,44.641253837346085,0.38740504067391157,0.7008968498179505,885,8753,0.017637914540816327,0.0918240298817182,True,0.7402287324926838,B_wrong_or_unconfirmed_target,target_peak_distractor_energy,0.13288240177866725,0.2238495945930481,19.93040000002111,False,False,9,16,False,True,0.0,1.0,0.0,0.02598870056497175
561958,1,person,a photo of a person,0.0,0.3204559567716921,0.7492227359693877,0.2648935246024257,0.22446841294298922,10.103456343812667,0.1406453057311836,31.528377395745665,0.3204559567716921,0.00446091164051347,0.9862706061943037,0.5276722877493256,0.387026982018142,0.6750831315877944,8250,586,0.16442123724489796,0.9336803983703033,True,0.8361344298299561,B_wrong_or_unconfirmed_target,peak_in_background,0.05749747652293426,0.22297878563404083,20.001200000024255,False,False,3,27,True,True,0.0,1.0,0.0,0.02884848484848485
561958,36,snowboard,a photo of a snowboard,0.0,0.01415714523075728,0.6498724489795918,0.014433394059231178,0.014583800762844963,6.197220962176289,80.15260835818981,437.7451005243938,0.01415714523075728,0.183103381995987,0.07176876909836077,83.91580108021253,3.7631927220227226,0.8027394727732557,628,8208,0.01251594387755102,0.0710728836577637,True,0.5026232105600954,B_wrong_or_unconfirmed_target,peak_in_distractor,0.1451274540279953,0.18909677863121033,19.90879999993922,False,False,3,27,False,True,0.0,1.0,0.0,0.6257961783439491
534270,9,boat,a photo of a boat,0.0,0.05146322425701558,0.7151227678571429,0.07240198299251963,0.03770028275212064,9.50273751700297,37.389274047042136,184.6510329307153,0.05146322425701558,0.20248613535279453,0.20265152208332818,37.389274047042136,0.0,0.7460506403901899,665,10168,0.013253348214285714,0.061386504200129234,True,0.795338402381152,B_wrong_or_unconfirmed_target,peak_in_background,0.0670403915609442,0.21582861244678497,20.033199999943463,False,False,4,10,False,True,0.0,1.0,0.0,0.0
534270,1,person,a photo of a person,0.0,0.2792693403875154,0.7264628507653061,0.29256009295519175,0.2704900605931753,22.51965899571664,14.063670972016553,80.63777772550421,0.2792693403875154,0.1744054879573954,0.6155716009335004,14.95325395875625,0.8895829867396969,0.5463251716550892,7910,2923,0.15764508928571427,0.7301763131173267,False,0.3717483675847625,B_wrong_or_unconfirmed_target,peak_in_distractor,0.0836222061392703,0.23904404044151306,21.996700000045166,False,False,4,10,True,False,0.0,1.0,0.0,0.019974715549936788
526392,3,car,a photo of a car,1.0,0.7707198117845884,0.8507653061224489,0.8263013428779349,0.6571114570931404,228.95407682483528,4.192963835382386,297.0652542260411,0.7707198117845884,0.014114622210889402,0.9820157964539894,4.192963835382386,0.0,0.21516556600452222,19633,1584,0.3912826849489796,0.9253428854220672,True,0.8150034351339074,C_good_localization,target_preferred,0.12131724740505442,0.2263505905866623,20.99620000012692,False,False,2,8,True,True,0.0,0.0,1.0,0.0
526392,10,traffic light,a photo of a traffic light,1.0,0.15814639289779608,0.7169164540816326,0.699705485215884,0.09528662420382165,50.01434672763571,83.04610192073733,316.25347762410274,0.15814639289779608,0.2625934821164101,0.3758768832938763,83.04610192073733,0.0,0.5792601249857938,1584,19633,0.031568877551020405,0.0746571145779328,True,0.8818609979979277,B_wrong_or_unconfirmed_target,target_peak_distractor_energy,0.0903682300834784,0.22443564236164093,19.68680000004497,False,False,2,8,False,True,0.0,1.0,0.0,0.0
515077,72,tv,a photo of a tv,1.0,0.5674318935077571,0.868522799744898,0.9224959453358675,0.4118223965763195,46.90112041973043,13.154248896567566,82.65506566752273,0.5674318935077571,0.15914631233226645,0.7809646490176773,13.154248896567566,0.0,0.27342179415997653,4641,11001,0.09249441964285714,0.29670118910625237,True,0.8941975516153607,A_correct_target_coarse_mask,target_preferred,0.05475202024943654,0.254277765750885,19.754500000090047,False,False,6,12,True,True,1.0,0.0,0.0,0.0
515077,63,couch,a photo of a couch,0.0,0.3487002370305987,0.7179727359693877,0.4128126712474926,0.2420866584542874,53.56585667709078,35.341019065255324,153.61577363192424,0.3487002370305987,0.23006113389068528,0.6024939716960148,35.343495737398854,0.0024766721435298678,0.421238629078716,7258,8384,0.14465082908163265,0.46400716020969185,True,0.6364729891972517,B_wrong_or_unconfirmed_target,peak_in_background,0.08183513500147119,0.21915169060230255,19.836299999951734,False,False,6,12,True,True,0.0,1.0,0.0,0.0012400110223201985
389381,51,bowl,a photo of a bowl,1.0,0.6796844317617066,0.6747648278061225,0.6999446642777353,0.473104739764949,155.75525923877694,72.95719878711478,229.15819748153925,0.6796844317617066,0.3183704514563226,0.6810090739400989,228.71245802589172,155.75525923877694,0.0019451167819708253,25212,23633,0.5024713010204082,0.5161633739379671,True,0.6667977117668719,A_correct_target_coarse_mask,target_preferred,0.143409473685177,0.2171657383441925,19.70779999987826,False,False,5,6,True,True,1.0,0.0,0.0,1.0
389381,56,broccoli,a photo of a broccoli,1.0,0.19152042917613746,0.7023278061224489,0.6546108444006101,0.0956100514683621,69.92348639969714,293.53420889917635,365.0967507773801,0.19152042917613746,0.8039901978699354,0.19238411321075052,363.4576952988735,69.92348639969714,0.004489372953927102,1611,47234,0.032106983418367346,0.03298188146176682,True,0.8747543694947952,B_wrong_or_unconfirmed_target,target_peak_distractor_energy,0.06746199335398705,0.19663773477077484,20.350199999938923,False,False,5,6,False,True,0.0,1.0,0.0,1.0
13729,63,couch,a photo of a couch,1.0,0.1728758010107921,0.6876992984693877,0.8096499198333305,0.09755816632112417,38.83473058359232,56.38145060504888,224.63948312330876,0.1728758010107921,0.2509863796922114,0.407858518361002,56.673597922484475,0.2921473174355924,0.5761378192969965,1718,16255,0.03423947704081633,0.09558782618372003,True,0.8669682437511992,B_wrong_or_unconfirmed_target,target_peak_distractor_energy,0.09287492498670143,0.20303964614868164,19.995600000129343,False,False,6,11,False,True,0.0,1.0,0.0,0.023864959254947613
13729,67,dining table,a photo of a dining table,1.0,0.10295813865855191,0.6973054846938775,0.8208766753017965,0.05045326664582682,9.583017685450613,25.199933602821247,93.07683501574869,0.10295813865855191,0.2707433444482442,0.2755090448199416,25.199933602821247,0.0,0.6262985168932038,807,17166,0.016083386479591837,0.04490068435987314,True,0.8899777137838781,B_wrong_or_unconfirmed_target,target_peak_distractor_energy,0.10696367843828937,0.22644947469234467,19.63130000012825,False,False,6,11,False,True,0.0,1.0,0.0,0.0
559956,1,person,a photo of a person,1.0,0.45177837120333364,0.5771285076530612,0.47033543170635,0.24023346582160632,44.975046361115005,26.488271104475416,99.55112778268199,0.45177837120333364,0.2660770570304211,0.6293445078696474,27.107205945297892,0.618934840822476,0.28214457176624524,16708,17716,0.33298788265306123,0.4853590518243086,True,0.6429029794051253,A_correct_target_coarse_mask,target_preferred,0.11517211952372847,0.23189817368984222,19.9832000000697,False,False,4,9,True,True,1.0,0.0,0.0,0.015142446732104381
559956,20,sheep,a photo of a sheep,1.0,0.7207765551052858,0.835578762755102,0.8463203225372166,0.620741966625293,358.629665806671,48.135396335191615,497.5601152208468,0.7207765551052858,0.0967428756097668,0.8816629036876208,49.93739524917822,1.8019989139866084,0.1824805692849474,17526,16898,0.3492904974489796,0.5091215431094586,True,0.8778024173189609,C_good_localization,target_preferred,0.10759158270712922,0.19666944444179535,19.52619999997296,False,False,4,9,True,True,0.0,0.0,1.0,0.00587698276845829
117744,1,person,a photo of a person,1.0,0.7646924370308846,0.8951092155612245,0.8566555348727511,0.6605173192285364,58.577205515815066,2.398924114653255,76.60230790728905,0.7646924370308846,0.031316603640149425,0.9606579799473607,2.663593241733679,0.264669127080424,0.2039909593289659,11316,4079,0.2255261479591837,0.7350438454043521,True,0.8979782196556741,C_good_localization,target_preferred,0.07342703149612856,0.2562153935432434,21.130600000105915,False,False,2,2,True,True,0.0,0.0,1.0,0.007864969954047367
117744,43,tennis racket,a photo of a tennis racket,1.0,0.46541333459452455,0.8873963647959183,0.7181749574944997,0.4219948849104859,192.97833981597796,63.66326577706701,414.63861361880345,0.46541333459452455,0.15353916322804323,0.751937081168288,67.86862753728843,4.205361760221422,0.3810475021774322,4168,11227,0.08306760204081633,0.2707372523546606,True,0.8908891352897543,A_correct_target_coarse_mask,target_preferred,0.08694922369234753,0.20170755684375763,20.23660000008931,False,False,2,2,True,True,1.0,0.0,0.0,0.0213531669865643
274411,1,person,a photo of a person,1.0,0.3452126329676723,0.7158203125,0.375350168761191,0.2165815065106313,16.886431685293132,22.9730144281477,48.916030505970724,0.3452126329676723,0.4696418370526529,0.42364943148566503,23.495945999761,0.5229315716132987,0.18514552997967484,6779,20110,0.1351044323979592,0.25211052846889065,True,0.6855891138388485,B_wrong_or_unconfirmed_target,target_peak_distractor_energy,0.06278397640045996,0.23439931869506836,20.675199999914184,False,False,4,5,False,True,0.0,1.0,0.0,0.03923882578551409
274411,3,car,a photo of a car,1.0,0.8486987369972396,0.7742546237244898,0.8111599753029989,0.48933772147333304,134.60045498191954,4.163623137292632,158.59627110810385,0.8486987369972396,0.026252969935557847,0.9699949497468889,4.297101112537746,0.13347797524511407,0.12504829306720244,19948,6941,0.39756058673469385,0.7418647030384172,True,0.9183578999364951,A_correct_target_coarse_mask,target_preferred,0.07427385323475721,0.21976205706596375,19.491599999810205,False,False,4,5,True,True,1.0,0.0,0.0,0.013234409464607981
117719,46,wine glass,a photo of a wine glass,0.0,0.06733382144168866,0.6577447385204082,0.513729560145678,0.04211289602855868,16.40096506429836,84.34822160988915,243.5769233519838,0.06733382144168866,0.34628987200072614,0.16279004928682184,89.05655124602708,4.7083296361379325,0.5863763065575852,755,11995,0.01504703443877551,0.05921568627450981,True,0.7554537074234496,B_wrong_or_unconfirmed_target,peak_in_background,0.14700168357713875,0.20292545855045319,19.866599999886603,False,False,4,19,False,True,0.0,1.0,0.0,0.34966887417218545
117719,44,bottle,a photo of a bottle,0.0,0.36709601841968553,0.6975247130102041,0.5222041004631424,0.3629800629590766,79.70789006102132,12.008739343378693,217.13090325565616,0.36709601841968553,0.05530644953491147,0.8690669356106598,12.008739343378693,0.0,0.577597532045403,10829,1921,0.2158203125,0.8493333333333334,True,0.5407474512424588,B_wrong_or_unconfirmed_target,peak_in_background,0.19617414946037073,0.20256653428077698,19.732700000076875,False,False,4,19,True,True,0.0,1.0,0.0,0.0
92177,61,cake,a photo of a cake,1.0,0.5791623486736314,0.7832230548469388,0.7240534483134853,0.5101774295235522,436.6513996791209,0.0,753.9360952574318,0.5791623486736314,0.0,0.9999999999999977,8.59832801648281,8.59832801648281,0.4208376513263685,14599,0,0.2909558354591837,1.0,False,0.9999999999665661,C_good_localization,target_preferred,0.18724080569154294,0.21078020334243774,19.802300000037576,False,False,2,3,True,False,0.0,0.0,1.0,0.07384067401876841
92177,42,surfboard,a photo of a surfboard,1.0,0.0894405863630484,0.6960698341836735,0.384738956754245,0.06533464084334396,34.40445159072988,113.95339826083,384.6626346016866,0.0894405863630484,0.2962424421046961,0.23190179437861344,148.35784985155988,34.40445159072988,0.6143169715322554,1078,13521,0.021484375,0.07384067401876841,True,0.7910940887893898,B_wrong_or_unconfirmed_target,target_peak_distractor_energy,0.09826631077530278,0.22377797961235046,19.754499999862674,False,False,2,3,False,True,0.0,1.0,0.0,1.0
181796,47,cup,a photo of a cup,0.0,0.21747224239335297,0.7797154017857143,0.3050410378820762,0.19620391244273144,19.93577320264012,69.44081661751119,91.67042645645455,0.21747224239335297,0.7575051115366752,0.2230536345451958,88.46458160051992,19.023764983008732,0.025022646069971784,3000,44813,0.05978954081632653,0.06274444188818941,True,0.8109089175857586,B_wrong_or_unconfirmed_target,peak_in_distractor,0.05207053539840574,0.2240278422832489,19.760899999937465,False,False,6,15,False,True,0.0,1.0,0.0,0.916
181796,49,knife,a photo of a knife,0.0,0.059553690011821044,0.6897520727040817,0.10601210604906812,0.047423815934402154,6.490103804433602,102.04249083905106,108.97903728795572,0.059553690011821044,0.9363497180602155,0.05979866072263989,108.53259464348466,6.490103804433602,0.004096591927963407,997,46816,0.019870057397959183,0.020852069520841614,True,0.7491565163222416,B_wrong_or_unconfirmed_target,peak_in_distractor,0.07845650185218199,0.21812933683395386,20.079899999927875,False,False,6,15,False,True,0.0,1.0,0.0,1.0
32901,1,person,a photo of a person,1.0,0.8205757629582044,0.5802774234693877,0.7655545463090682,0.3727662616154396,66.00701953784932,0.45814912072739844,80.43988442930814,0.8205757629582044,0.005695546730055626,0.993106929088199,2.1183852914301724,1.660236170702774,0.1737286903117399,30852,3015,0.614875637755102,0.9109752856763221,True,0.9336848073741962,A_correct_target_coarse_mask,target_preferred,0.09524735067731695,0.24037101864814758,19.945000000006985,False,False,7,21,True,True,1.0,0.0,0.0,0.03335278101905873
32901,62,chair,a photo of a chair,1.0,0.21446025768995755,0.7358697385204082,0.28982066826269864,0.20493130961665368,28.55828617955558,68.8220222409435,133.16353569266866,0.21446025768995755,0.516823332175405,0.293265513765241,73.97544454560544,5.1534223046619445,0.26871641013463743,3446,30421,0.0686782525510204,0.10175096701804116,True,0.7855558734998268,B_wrong_or_unconfirmed_target,target_peak_distractor_energy,0.10367823493819883,0.2051621526479721,20.967899999959627,False,False,7,21,False,True,0.0,1.0,0.0,0.1497388276262333
362434,88,teddy bear,a photo of a teddy bear,1.0,0.8100244046624668,0.9347496811224489,0.9164588521246188,0.7702456140350877,509.22051087440923,6.718029753471683,628.6483566956219,0.8100244046624668,0.010686466737595258,0.9869790115983639,7.133940859864424,0.4159111063927412,0.1792891285999379,11399,2366,0.22718032525510204,0.8281147838721394,True,0.9402379062780977,C_good_localization,target_preferred,0.13351612967785098,0.21429303288459778,19.722799999954077,False,False,2,2,True,True,0.0,0.0,1.0,0.0009649969295552241
362434,84,book,a photo of a book,0.0,0.055532881959495635,0.5937101403061225,0.055822572971986534,0.062108943687891056,7.761354586624293,38.38961757420316,139.76142265199275,0.055532881959495635,0.2746796422485886,0.16817315482710235,38.40527639506604,0.01565882086288184,0.6697874757919157,2377,11388,0.047373246173469385,0.17268434435161642,False,0.492023379919878,B_wrong_or_unconfirmed_target,peak_in_background,0.2116873496870996,0.21315288543701172,19.770699999980934,False,False,2,2,False,False,0.0,1.0,0.0,0.004627681952040387
549055,42,surfboard,a photo of a surfboard,1.0,0.24446294270581137,0.6408242984693877,0.5391420591219185,0.1840818544005795,150.57574686955195,29.865739682971707,615.9450802764654,0.24446294270581137,0.04848766657827114,0.8344851826839772,30.684671256042293,0.8189315730705857,0.7070493907159174,4835,6432,0.0963608099489796,0.42912931570071894,True,0.8702486070426683,A_correct_target_coarse_mask,target_preferred,0.15847148759596716,0.21365892887115479,22.924099999954706,False,False,2,2,True,True,1.0,0.0,0.0,0.006411582213029989
549055,1,person,a photo of a person,0.0,0.23920578987301788,0.6680883290816326,0.27257491066219885,0.19596388741370155,15.04276031152608,9.467612886456664,62.88627177256668,0.23920578987301788,0.15055134641622667,0.6137303659155838,9.553766701957102,0.08615381550043821,0.6102428637107554,6463,4804,0.12880660076530612,0.5736220821869176,True,0.5414981506826363,B_wrong_or_unconfirmed_target,peak_in_background,0.12560600145993805,0.23557355999946594,19.738700000061726,False,False,2,2,True,True,0.0,1.0,0.0,0.004796534117282996
521509,1,person,a photo of a person,0.0,0.176385042014733,0.7554209183673469,0.23639752312271653,0.18463889442561957,16.40053664171137,13.167208970769298,92.98144816804518,0.176385042014733,0.14161114104151432,0.5546766012079082,13.31460739987715,0.14739842910785228,0.6820038169437527,2854,8829,0.05687978316326531,0.24428657023024908,True,0.7939505063723449,B_wrong_or_unconfirmed_target,peak_in_background,0.09721972650185755,0.23684608936309814,19.91849999990336,False,False,4,8,True,True,0.0,1.0,0.0,0.01751927119831815
521509,65,bed,a photo of a bed,0.0,0.291653641519571,0.7425860969387755,0.3542406362962909,0.2864088397790055,62.81304826832638,15.694908913666168,215.36864049102368,0.291653641519571,0.07287462500521433,0.8000851190499844,16.122823390619615,0.42791447695344687,0.6354717334752148,6185,5498,0.12326610331632654,0.5294016947701788,True,0.7805858732925582,B_wrong_or_unconfirmed_target,peak_in_background,0.1053945669515141,0.21875090897083282,19.877100000030623,False,False,4,8,True,True,0.0,1.0,0.0,0.006790622473726758
193926,1,person,a photo of a person,0.0,0.03770916829619791,0.5972377232142857,0.04005374736849619,0.03190419161676647,4.1869167405448025,37.844115155630504,111.03179756332509,0.03770916829619791,0.34084033570695604,0.0996148928935932,37.88736060067248,0.04324544504197547,0.6214504959968461,2368,17604,0.047193877551020405,0.11856599238934508,False,0.4512972960397166,B_wrong_or_unconfirmed_target,peak_in_distractor,0.12695379450541364,0.23689526319503784,19.953400000076726,False,False,7,12,False,False,0.0,1.0,0.0,0.01731418918918919
193926,2,bicycle,a photo of a bicycle,0.0,0.2327409106832321,0.8173429528061225,0.5855785442141924,0.12855377008652658,65.05713957338594,66.94797958515619,279.5260162143595,0.2327409106832321,0.23950536158257246,0.4928380049810785,66.94797958515619,0.0,0.5277537277341954,1400,18572,0.027901785714285716,0.07009813739234928,True,0.928011176171785,B_wrong_or_unconfirmed_target,peak_in_background,0.07814002046791574,0.21317613124847412,19.62109999999484,False,False,7,12,False,True,0.0,1.0,0.0,0.0
169169,3,car,a photo of a car,0.0,0.014695280985648932,0.7324019451530612,0.01608380324011223,0.01777615215801024,0.7170552969311075,5.796130121935647,48.79493611802094,0.014695280985648932,0.11878548437724096,0.11009287327425105,5.822636927033244,0.026506805097596953,0.8665192346371101,509,3855,0.010144292091836735,0.11663611365719523,False,0.4837271181007786,B_wrong_or_unconfirmed_target,peak_in_background,0.04619133476145804,0.2252955287694931,20.01780000000508,False,False,4,20,False,False,0.0,1.0,0.0,0.07465618860510806
169169,1,person,a photo of a person,0.0,0.06161501184217481,0.7701690051020408,0.04477514581101532,0.026424651751794006,0.6967492303868852,0.2812000877247556,11.308108357937016,0.06161501184217481,0.02486712001900697,0.712459447010559,0.28502346343930185,0.0038233757145462732,0.9135178681388182,1926,2438,0.038384885204081634,0.4413382218148488,True,0.7582468446616026,B_wrong_or_unconfirmed_target,peak_in_background,0.02710031795118296,0.23035819828510284,19.467200000008233,False,False,4,20,True,True,0.0,1.0,0.0,0.02284527518172378
97679,36,snowboard,a photo of a snowboard,0.0,0.11500599391455948,0.7355309311224489,0.33929112330739464,0.04703770197486535,28.11020950600505,90.621583199116,244.42386478472375,0.11500599391455948,0.37075587229966656,0.23675385392199494,115.16859329118074,24.54701009206474,0.514238133785774,655,14745,0.01305404974489796,0.04253246753246753,True,0.874732263209,B_wrong_or_unconfirmed_target,peak_in_background,0.059610951174106794,0.20476554334163666,23.92839999993157,False,False,3,5,False,True,0.0,1.0,0.0,0.8885496183206106
97679,3,car,a photo of a car,1.0,0.7384832710814753,0.8658721301020408,0.7722400375251789,0.6646569335791519,423.28741714353237,1.208692037500441,573.1848421205901,0.7384832710814753,0.0021087299395927657,0.9971526428361538,20.321650684811175,19.112958647310734,0.259407998978932,15327,73,0.30546476403061223,0.9952597402597403,True,0.6251816620555118,C_good_localization,target_preferred,0.14707983801656763,0.2356358766555786,19.554499999912878,False,False,3,5,True,True,0.0,0.0,1.0,0.05943759378873883
257370,72,tv,a photo of a tv,1.0,0.37129056957518763,0.679328762755102,0.349571162249491,0.23062210108544925,69.16584665924802,15.800126202030683,186.2849539604094,0.37129056957518763,0.08481697456568948,0.8140417196443114,15.968981889659503,0.1688556876288203,0.5438924558591228,11986,8310,0.23887914540816327,0.5905597162002365,True,0.7521681804910855,A_correct_target_coarse_mask,target_preferred,0.052035413118272686,0.24350526928901672,23.498600000039005,False,False,4,6,True,True,1.0,0.0,0.0,0.005923577507091607
257370,1,person,a photo of a person,1.0,0.4088039448438884,0.7958187181122449,0.4793889466880146,0.3546050144891017,29.574616237588998,11.415274700693553,72.34425354892986,0.4088039448438884,0.15779103578659306,0.7215100006515761,11.640981743946904,0.225707043253351,0.4334050193695185,7834,12462,0.15613042091836735,0.38598738667717775,True,0.8047380557789156,A_correct_target_coarse_mask,target_preferred,0.08311461723479878,0.24336086213588715,19.587199999932636,False,False,4,6,True,True,1.0,0.0,0.0,0.014934899157518508
9378,1,person,a photo of a person,1.0,0.7856065982512704,0.7521723533163265,0.7977032982611603,0.5323605731262457,89.42628909041866,0.0,113.83087831680396,0.7856065982512704,0.0,0.9999999999999889,11.277551608160138,11.277551608160138,0.21439340174872967,23017,0,0.4587252869897959,1.0,False,0.9999999997426149,C_good_localization,target_preferred,0.14112274372375644,0.24693280458450317,21.739999999908832,False,False,2,10,True,False,0.0,0.0,1.0,0.05986879263153321
9378,34,frisbee,a photo of a frisbee,1.0,0.30002413150026297,0.8044682716836735,0.6891629809701743,0.12315667173116454,72.57289990596473,132.48599012754056,241.89020910773348,0.30002413150026297,0.5477112555164799,0.35391247799159764,205.05889003350532,72.57289990596473,0.15226461298325705,1378,21639,0.027463329081632654,0.05986879263153321,True,0.8958535376671601,B_wrong_or_unconfirmed_target,target_peak_distractor_energy,0.050894029597545916,0.2238144427537918,19.656899999972666,False,False,2,10,False,True,0.0,1.0,0.0,1.0
97924,19,horse,a photo of a horse,1.0,0.2980583983878945,0.7902782206632653,0.32197359749636445,0.22138364779874214,134.60730983642156,198.31853898170112,451.6138802478668,0.2980583983878945,0.43913295772232386,0.4043161872659431,209.39290199344424,11.074363011743117,0.2628086438897816,4926,18321,0.09817442602040816,0.21189830945928506,True,0.7162646625823721,B_wrong_or_unconfirmed_target,target_peak_distractor_energy,0.07064821123368338,0.2172178477048874,20.14610000014727,False,False,3,6,False,True,0.0,1.0,0.0,0.06232237109216403
97924,8,truck,a photo of a truck,1.0,0.627951393570877,0.8174226721938775,0.6887961224390639,0.46187734962406013,261.7307519643208,68.30616010605672,416.8009732026802,0.627951393570877,0.16388195925070714,0.7930347860863156,80.6192313365541,12.313071230497371,0.20816664717841585,11806,11441,0.2352917729591837,0.5078504753301502,True,0.7878329057902904,A_correct_target_coarse_mask,target_preferred,0.09627108611361497,0.20429331064224243,23.20970000005218,False,False,3,6,True,True,1.0,0.0,0.0,0.06827037099779773
276055,28,umbrella,a photo of a umbrella,1.0,0.22725580790253264,0.6826570471938775,0.8401858214795163,0.1214896551724138,43.48230862728087,71.80271189921655,191.33640204227444,0.22725580790253264,0.37526947895336843,0.37717223303340097,72.32581008050943,0.5230981812928803,0.39747471314409893,2312,21926,0.04607780612244898,0.09538740820199687,True,0.8516993690640309,B_wrong_or_unconfirmed_target,target_peak_distractor_energy,0.10224416188751888,0.19793404638767242,19.92599999994127,False,False,7,8,False,True,0.0,1.0,0.0,0.05666089965397924
276055,1,person,a photo of a person,1.0,0.6761776681230439,0.7372648278061225,0.7140935276596416,0.45625902247886163,72.99425034043952,3.0170578037387585,107.95128822142166,0.6761776681230439,0.02794832607787314,0.9603077768637139,4.4439226934165035,1.426864889677745,0.29587400579908285,20490,3748,0.4083625637755102,0.8453667794372473,True,0.8156852941477857,A_correct_target_coarse_mask,target_preferred,0.1226072992851878,0.23408058285713196,19.580199999836623,False,False,7,8,True,True,1.0,0.0,0.0,0.06095656417764763
575970,62,chair,a photo of a chair,1.0,0.2916691650515566,0.7178930165816326,0.7271120425443536,0.25319193837712356,62.87706003483618,38.93062040065098,215.57664494195598,0.2916691650515566,0.1805883026481512,0.6176062529455142,54.568302697918,15.63768229726702,0.5277425323002922,4876,8192,0.09717793367346939,0.3731251913070095,True,0.7307110531519013,A_correct_target_coarse_mask,target_preferred,0.17491089451005906,0.203928604722023,20.09389999989253,False,False,12,29,True,True,1.0,0.0,0.0,0.24815422477440524
575970,67,dining table,a photo of a dining table,1.0,0.3444916559929723,0.7164182079081632,0.5420498804672135,0.32837723024638915,85.18421060207766,51.485894461617136,247.27510556544635,0.3444916559929723,0.20821301175419113,0.6232834207771856,65.09402740117002,13.608132939552888,0.4472953322528366,7503,5565,0.14953364158163265,0.5741505968778696,True,0.5509976105029305,A_correct_target_coarse_mask,target_preferred,0.12637248245143967,0.23318345844745636,22.551900000053138,False,False,12,29,True,True,1.0,0.0,0.0,0.16526722644275624
332845,62,chair,a photo of a chair,1.0,0.1656239828882863,0.7150629783163265,0.8230135850763494,0.0565527253530421,19.336442550178617,38.48738119722773,116.7490493404031,0.1656239828882863,0.3296590543106759,0.3344026959311145,39.4259837998027,0.9386026025749743,0.5047169628010377,857,19716,0.01707987882653061,0.041656540125407086,True,0.9203717659502616,B_wrong_or_unconfirmed_target,target_peak_distractor_energy,0.06275791397159652,0.2222258597612381,20.57579999996051,False,False,4,4,False,True,0.0,1.0,0.0,0.06884480746791131
332845,65,bed,a photo of a bed,1.0,0.6623967409782917,0.8546117665816326,0.8398601272865059,0.6540358531727213,182.5798824071435,5.92311458575432,275.63523657663507,0.6623967409782917,0.021488960044872607,0.9685781410362486,6.5566291078635,0.6335145221091807,0.31611429897683574,16231,4342,0.3234813456632653,0.7889466776843436,True,0.8918460104479038,C_good_localization,target_preferred,0.1613160929549834,0.22500477731227875,22.02979999992749,False,False,4,4,True,True,0.0,0.0,1.0,0.0035117984104491404
551815,17,cat,a photo of a cat,1.0,0.8440024456311356,0.673469387755102,0.8466318457100382,0.4352292312995519,562.4979393969674,7.717698560882127,666.4648216467402,0.8440024456311356,0.01158005390564019,0.9864652983062284,8.923484716535313,1.2057861556531861,0.1444175004632242,28325,1682,0.5645129145408163,0.9439464125037491,True,0.8123129950219866,A_correct_target_coarse_mask,target_preferred,0.14020797969905904,0.19628316164016724,20.456500000136657,False,False,2,3,True,True,1.0,0.0,0.0,0.004872021182700794
551815,65,bed,a photo of a bed,0.0,0.1267649126289884,0.7384606186224489,0.2758935825920716,0.10758245494729683,34.997962692490546,113.66495744741303,276.08556631850877,0.1267649126289884,0.4117019189488608,0.23541823784676408,116.5947970957194,2.92983964830637,0.4615331684221508,1820,28187,0.03627232142857143,0.06065251441330356,True,0.8266486186101242,B_wrong_or_unconfirmed_target,peak_in_background,0.09823968733868926,0.193195179104805,19.67160000003787,False,False,2,3,False,True,0.0,1.0,0.0,0.07582417582417582
503755,1,person,a photo of a person,1.0,0.798890954027723,0.6612922512755102,0.78483208766954,0.4414867396233856,39.58650012779953,1.5637506567090895,49.55181921665094,0.798890954027723,0.03155788589460346,0.9619990005674828,1.5679628846864944,0.0042122279774048366,0.16955116007767346,26821,1842,0.534538424744898,0.9357359662282385,True,0.6348470334424153,A_correct_target_coarse_mask,target_preferred,0.1081405232140932,0.22892899811267853,19.722900000033405,False,False,2,2,True,True,1.0,0.0,0.0,0.00041012639349763245
503755,43,tennis racket,a photo of a tennis racket,0.0,0.35319201142337137,0.8077566964285714,0.9268756519272521,0.16114444734324723,71.78007612656802,54.466290349728766,203.23244525631475,0.35319201142337137,0.2679999755011382,0.5685714221331227,54.57032759080768,0.10403724107891321,0.37880801307549034,1853,26810,0.03693000637755102,0.06464780378885672,True,0.9501685919984485,B_wrong_or_unconfirmed_target,peak_in_background,0.0632963985923695,0.21234363317489624,20.092100000056234,False,False,2,2,True,True,0.0,1.0,0.0,0.0059363194819212085
343706,77,cell phone,a photo of a cell phone,1.0,0.28887254491050063,0.8080157844387755,0.9578825889327428,0.11232952451161077,71.2616465203464,167.07518385604993,246.68888676293176,0.28887254491050063,0.677270816891761,0.2989955283361169,238.33683037639634,71.2616465203464,0.03385663819773834,1219,44530,0.024294483418367346,0.026645391156090843,True,0.939689689108732,B_wrong_or_unconfirmed_target,target_peak_distractor_energy,0.06371874860308038,0.2180376797914505,19.92330000007314,False,False,2,2,False,True,0.0,1.0,0.0,1.0
343706,1,person,a photo of a person,1.0,0.8983889089745662,0.4114317602040816,0.8960507452902777,0.390703336153005,92.58815587742824,0.0,103.06021696451002,0.8983889089745662,0.0,0.9999999999999892,6.793098138208734,6.793098138208734,0.1016110910254338,45749,0,0.9117705676020408,1.0,False,0.9999999995058871,A_correct_target_coarse_mask,target_preferred,0.12727540611064306,0.22728687524795532,19.88549999987299,False,False,2,2,True,False,1.0,0.0,0.0,0.026645391156090843
99182,65,bed,a photo of a bed,1.0,0.3978403658624692,0.8067402742346939,0.898812949884483,0.2132889826383255,73.14141612267122,74.37516039715791,183.84614131376435,0.3978403658624692,0.4045511092355438,0.49581828597302813,75.87904082856784,1.5038804314099252,0.19760852490198696,2629,30678,0.05239556760204082,0.07893235656168374,True,0.9198429411047535,B_wrong_or_unconfirmed_target,target_peak_distractor_energy,0.07551581277905975,0.23110535740852356,19.802699999900142,False,False,3,3,False,True,0.0,1.0,0.0,0.03575503993914036
99182,84,book,a photo of a book,1.0,0.778923545283546,0.7985291772959183,0.7915109964447269,0.5371760827763026,206.423856944387,31.384904562010068,265.0117051850628,0.778923545283546,0.11842837107928264,0.8680246078268791,37.36781694694409,5.982912384934025,0.10264808363717132,19149,14158,0.38163663903061223,0.574924190110187,True,0.8294357967175654,C_good_localization,target_preferred,0.08723788564153147,0.2269514799118042,19.816099999843573,False,False,3,3,True,True,0.0,0.0,1.0,0.03504099430779675
482275,1,person,a photo of a person,1.0,0.6418804678639118,0.5735012755102041,0.6102718655779984,0.3220983274201723,27.825614585713524,1.8856761722429525,43.35015003387355,0.6418804678639118,0.043498723090219904,0.9365333472851927,2.3252254467210776,0.4395492744781251,0.3146208090458683,24805,3231,0.49435985331632654,0.88475531459552,True,0.6577800520840856,A_correct_target_coarse_mask,target_preferred,0.07902972875195935,0.22263944149017334,19.81060000002799,False,False,6,19,True,True,1.0,0.0,0.0,0.02156823221124773
482275,61,cake,a photo of a cake,1.0,0.3939115157394943,0.8042490433673469,0.7390017966043292,0.23712621359223301,113.26520760951098,78.53740917628173,287.539721698354,0.3939115157394943,0.27313586002100976,0.5905300433726941,81.34883187680978,2.8114227005280554,0.33295262423949584,3121,24915,0.062201052295918366,0.11132115851048652,True,0.9200828719429258,A_correct_target_coarse_mask,target_preferred,0.0667918602428193,0.18570134043693542,20.116600000164908,False,False,6,19,True,True,1.0,0.0,0.0,0.06824735661646908
88848,1,person,a photo of a person,0.0,0.28280582569479373,0.7583506058673469,0.40097537870718103,0.23395248925954004,26.856459709504946,7.417059218431618,94.96430861537007,0.28280582569479373,0.07810365100927148,0.783592130296644,8.162715970626536,0.7456567521949182,0.6390905232959349,4540,4518,0.09048150510204081,0.5012143961139325,True,0.7827672665529118,B_wrong_or_unconfirmed_target,peak_in_background,0.08119778939028428,0.24236907064914703,20.097299999861207,False,False,5,11,True,True,0.0,1.0,0.0,0.053524229074889865
88848,11,fire hydrant,a photo of a fire hydrant,1.0,0.3821121178600698,0.8274872448979592,0.8635639030460701,0.24789295334086367,202.85061853565276,31.604106978143776,530.8667510249885,0.3821121178600698,0.05953303143797027,0.8652016635242232,31.604106978143776,0.0,0.55835485070196,2853,6205,0.05685985331632653,0.3149701920953853,True,0.9331532717640096,A_correct_target_coarse_mask,target_preferred,0.07717571327547604,0.20271284878253937,19.89539999999579,False,False,5,11,True,True,1.0,0.0,0.0,0.0
27972,42,surfboard,a photo of a surfboard,1.0,0.13679731423777464,0.7759088010204082,0.34762543331797485,0.11687087653157399,104.60727840382606,19.223791109253398,764.6881006888967,0.13679731423777464,0.025139388323075718,0.8447579336523153,20.699465758022598,1.4756746487691998,0.8380632974391496,1530,2255,0.03049266581632653,0.404227212681638,True,0.8891360747003334,A_correct_target_coarse_mask,target_preferred,0.11981227411490539,0.2087940275669098,19.787100000030478,False,False,2,2,True,True,1.0,0.0,0.0,0.032679738562091505
27972,1,person,a photo of a person,0.0,0.12812654220506337,0.7069913903061225,0.19134781177306404,0.11423063019640921,16.688309700373793,11.802196337026544,130.24865428479734,0.12812654220506337,0.09061280826149848,0.5857498521951827,12.156167676555924,0.3539713395293802,0.7812606495334381,2305,1480,0.04593829719387755,0.6089828269484808,False,0.47586482723221657,B_wrong_or_unconfirmed_target,peak_in_background,0.14251885050296387,0.24474021792411804,21.049400000038077,False,False,2,2,True,False,0.0,1.0,0.0,0.021691973969631236
556193,1,person,a photo of a person,1.0,0.6301492153753797,0.625617825255102,0.6276487209184514,0.35636949222229836,38.08301922485898,4.4521107407535965,60.4349228653295,0.6301492153753797,0.07366784848347507,0.8953309712617831,4.984377026482434,0.5322662857288378,0.2961829361411451,23022,1974,0.4588249362244898,0.9210273643783006,False,0.4231151893910557,A_correct_target_coarse_mask,target_preferred,0.12986799975934946,0.23655906319618225,20.545999999967535,False,False,3,6,True,False,1.0,0.0,0.0,0.004647728259925289
556193,72,tv,a photo of a tv,1.0,0.18727223968701354,0.7043207908163265,0.4325726148452124,0.1057802423000422,21.991249681595946,40.347835801279246,117.42930889463238,0.18727223968701354,0.3435925509659839,0.3527682434102547,40.660536758411865,0.3127009571326198,0.4691352093470025,1929,23067,0.03844467474489796,0.0771723475756121,True,0.8669790485010281,B_wrong_or_unconfirmed_target,target_peak_distractor_energy,0.06358653511625909,0.2238684445619583,19.69639999992978,False,False,3,6,False,True,0.0,1.0,0.0,0.03006739243131156
177934,8,truck,a photo of a truck,0.0,0.4002123518565872,0.8395049426020408,0.608678509403142,0.3191579303347988,92.4547547075922,40.287942603709496,231.0142460088853,0.4002123518565872,0.17439592276123064,0.6964959774078654,48.688417935076984,8.400475331367488,0.4253917253821822,4342,9908,0.08653539540816327,0.3047017543859649,True,0.8396565138171332,B_wrong_or_unconfirmed_target,peak_in_background,0.07316183056362004,0.1948712170124054,21.334500000193657,False,False,5,18,True,True,0.0,1.0,0.0,0.11123906034085675
177934,4,motorcycle,a photo of a motorcycle,1.0,0.5042110186374676,0.8834901147959183,0.8348492545258227,0.4478655081224027,201.4834145794157,43.751168499827116,399.60137151283504,0.5042110186374676,0.10948703287526591,0.8215946219718505,46.45371980418983,2.7025513043627143,0.38630194848726657,4840,9410,0.09646045918367346,0.33964912280701753,True,0.8995330501989306,A_correct_target_coarse_mask,target_preferred,0.10102657994151883,0.203663170337677,19.638799999938783,False,False,5,18,True,True,1.0,0.0,0.0,0.04256198347107438
177489,51,bowl,a photo of a bowl,1.0,0.182681951460563,0.783820950255102,0.6621115055661808,0.0646718979046305,20.451688047964126,48.79376935860279,111.952428165183,0.182681951460563,0.43584377898984744,0.2953506094686334,68.77286889910835,19.97909954050556,0.3814742695495896,750,22729,0.014947385204081632,0.03194343881766685,True,0.927019783605201,B_wrong_or_unconfirmed_target,target_peak_distractor_energy,0.04413651351564877,0.20833167433738708,20.064100000126928,False,False,10,21,False,True,0.0,1.0,0.0,0.9693333333333334
177489,67,dining table,a photo of a dining table,1.0,0.24322163546271938,0.7253069196428571,0.7037088760409962,0.19421221864951768,53.70717163279187,67.6544270031062,220.81576554904802,0.24322163546271938,0.30638404298210614,0.44253843255575864,86.0109635812604,18.35653657815419,0.45039432155517445,3397,20082,0.0677016900510204,0.1446824822181524,True,0.8243446618410581,B_wrong_or_unconfirmed_target,target_peak_distractor_energy,0.08932222255995301,0.2211015820503235,19.63449999993827,False,False,10,21,False,True,0.0,1.0,0.0,0.30909626140712393
569825,1,person,a photo of a person,1.0,0.3308128708023806,0.6377750318877551,0.39485080310910675,0.2862472510210493,32.82686526364955,0.006829070924140979,99.2309192324609,0.3308128708023806,6.881999055297494e-05,0.9997920102789667,2.699335995472211,2.69250692454807,0.6691183092070665,11355,10,0.22630341198979592,0.9991201055873296,True,0.8089165511285134,A_correct_target_coarse_mask,target_preferred,0.1864797374570516,0.25122860074043274,19.800900000063848,False,False,2,6,True,True,1.0,0.0,0.0,0.07873183619550858
569825,40,baseball glove,a photo of a baseball glove,1.0,0.054284361863171794,0.6070232780612245,0.43322332601907726,0.043604792161808216,31.80014108773321,223.36181197589804,585.8066668976985,0.054284361863171794,0.38128929661857963,0.12462728359742134,254.75041584479231,31.38860386889428,0.5644263415182486,904,10461,0.018016581632653062,0.07954245490541136,True,0.6222848884325534,B_wrong_or_unconfirmed_target,target_peak_distractor_energy,0.20868677608964892,0.23650653660297394,19.683499999928245,False,False,2,6,False,True,0.0,1.0,0.0,0.9889380530973452
100510,1,person,a photo of a person,0.0,0.15727452940851794,0.7977917729591837,0.2594771470024893,0.11303435615001312,3.3917054853227455,2.429381274923344,21.56551030912862,0.15727452940851794,0.1126512306038496,0.5826584665401511,2.429381274923344,0.0,0.7300742399876324,1294,6896,0.02578922193877551,0.157997557997558,True,0.8815195923149074,B_wrong_or_unconfirmed_target,peak_in_background,0.029401211793249202,0.24632567167282104,19.71389999994244,False,False,3,6,True,True,0.0,1.0,0.0,0.0
100510,19,horse,a photo of a horse,1.0,0.3451710402688958,0.7208625637755102,0.6412769890392526,0.27252895652625564,208.7147944614553,33.47204067965504,604.670641832704,0.3451710402688958,0.05535582243286064,0.8617924848798929,33.71023604029324,0.23819536063820124,0.5994731372982437,6728,1462,0.13408801020408162,0.8214896214896215,True,0.5753676898247794,A_correct_target_coarse_mask,target_preferred,0.1600947653854861,0.23377886414527893,19.62690000004841,False,False,3,6,True,True,1.0,0.0,0.0,0.00401307966706302
517832,62,chair,a photo of a chair,0.0,0.5174424706076115,0.7457549426020408,0.5901319326856412,0.4710589601127788,368.6421409101167,22.76820512747952,712.431162593274,0.5174424706076115,0.03195846324942113,0.9418303441440111,23.203007027540366,0.4348019000608474,0.45059906614296735,15175,7000,0.3024354272959184,0.6843291995490417,True,0.881918244089001,B_wrong_or_unconfirmed_target,peak_in_background,0.24948024560431112,0.20686295628547668,19.833599999856233,False,False,2,2,True,True,0.0,1.0,0.0,0.0034266886326194397
517832,18,dog,a photo of a dog,1.0,0.5523145169291154,0.8913624043367347,0.8121145062920464,0.5536357680969538,263.3837574312929,114.28707709442824,476.8727769382456,0.5523145169291154,0.2396594702432097,0.6973897197067107,115.12047922378406,0.833402129355818,0.2080260128276749,7052,15123,0.1405452806122449,0.3180157835400225,True,0.8317112565937463,C_good_localization,target_preferred,0.11744533392663488,0.20666266977787018,19.923500000004424,False,False,2,2,True,True,0.0,0.0,1.0,0.00737379466817924
453841,8,truck,a photo of a truck,1.0,0.24073146860304953,0.7272002551020408,0.6077908735621775,0.16434676434676435,59.03869600989856,133.61086786488886,245.24710604931136,0.24073146860304953,0.5448009969097208,0.30645642181816957,133.61086786488886,0.0,0.21446753448722958,2947,12320,0.05873325892857143,0.19303071985327833,True,0.6487838452556403,B_wrong_or_unconfirmed_target,target_peak_distractor_energy,0.1128995565225272,0.2140013724565506,19.89400000002206,False,False,5,15,False,True,0.0,1.0,0.0,0.0
453841,10,traffic light,a photo of a traffic light,1.0,0.06888485365189069,0.6548150510204082,0.5652949144282509,0.028712427097353072,25.99124543182552,127.16246644316834,377.3143739721386,0.06888485365189069,0.3370199367293603,0.16970692458985098,127.16246644316834,0.0,0.594095209618749,512,14755,0.01020408163265306,0.033536385668435184,True,0.8548684341448242,B_wrong_or_unconfirmed_target,target_peak_distractor_energy,0.07270989228193626,0.2252001017332077,20.467499999995198,False,False,5,15,False,True,0.0,1.0,0.0,0.0
94336,17,cat,a photo of a cat,1.0,0.8201076890052303,0.8821548150510204,0.9446284808776414,0.7291962445614839,538.9604729422135,56.05320727560007,657.1825629338493,0.8201076890052303,0.08529320532389456,0.905795094904235,66.32834586329096,10.27513858769089,0.09459910567087519,20295,15913,0.404476243622449,0.5605114891736632,True,0.8828916280276741,C_good_localization,target_preferred,0.16393088007977655,0.1983700543642044,20.46580000001086,False,False,2,2,True,True,0.0,0.0,1.0,0.050997782705099776
94336,81,sink,a photo of a sink,1.0,0.609187156716301,0.778938137755102,0.7491921446523008,0.4939088378883971,308.0725607152199,102.04786004740163,505.71085965735415,0.609187156716301,0.20179092083674938,0.7511758623049207,109.0565941018358,7.008734054434171,0.18902192244694965,16948,19260,0.3377710459183674,0.4680733539549271,True,0.7743037196339768,A_correct_target_coarse_mask,target_preferred,0.15479664474320848,0.1829717457294464,19.765900000038528,False,False,2,2,True,True,1.0,0.0,0.0,0.061069152702383764
289222,10,traffic light,a photo of a traffic light,1.0,0.6408039799173342,0.8807397959183674,0.8084071425385506,0.7003055040817349,598.0925301099196,14.076437962052296,933.3470903022098,0.6408039799173342,0.015081675518476697,0.9770056329278057,14.076437962052296,0.0,0.3441143445641891,15147,1726,0.3018773915816326,0.8977063948319801,True,0.8288143068798279,C_good_localization,target_preferred,0.14199275062478298,0.21479985117912292,22.49600000004648,False,False,3,5,True,True,0.0,0.0,1.0,0.0
289222,1,person,a photo of a person,1.0,0.15658608882009928,0.7932079081632653,0.4157300225276516,0.04807339449541284,1.9486571546640334,0.7276166020569477,12.444637766659033,0.15658608882009928,0.058468282942420124,0.7281232533740626,0.7276166020569477,0.0,0.7849456282374806,604,16269,0.012037627551020409,0.035796835180465836,True,0.9863269888022341,A_correct_target_coarse_mask,target_preferred,0.027665528593280603,0.24416609108448029,20.043400000076872,False,False,3,5,True,True,1.0,0.0,0.0,0.0
163951,52,banana,a photo of a banana,1.0,0.5627618224661095,0.8774115114795918,0.7899016598400573,0.3852073963018491,355.5333206639625,16.925286975118524,631.7651739522066,0.5627618224661095,0.026790471638753123,0.9545579384447455,24.78790026543402,7.862613290315494,0.41044770589513735,4033,1636,0.08037707270408163,0.7114129476098078,True,0.8949709162189444,A_correct_target_coarse_mask,target_preferred,0.07436234891620762,0.21621036529541016,19.702699999925244,False,False,2,2,True,True,1.0,0.0,0.0,0.03000247954376395
163951,62,chair,a photo of a chair,0.0,0.19967476093052128,0.7840401785714286,0.4933369778428492,0.13856427378964942,54.44443219609093,28.470060516445614,272.66556845927755,0.19967476093052128,0.10441384541993465,0.6566334836642902,31.184887159563317,2.7148266431177035,0.695911393649544,1757,3912,0.03501674107142857,0.30993120479802433,True,0.8098088333070489,B_wrong_or_unconfirmed_target,peak_in_distractor,0.09024325836916769,0.2109471708536148,19.46029999999155,False,False,2,2,True,True,0.0,1.0,0.0,0.0688673875924872
416451,84,book,a photo of a book,1.0,0.376210883583785,0.8168646364795918,0.5893293181308229,0.25085602478395563,43.954887664360285,23.96372031287529,116.8357684010787,0.376210883583785,0.20510602738205677,0.6471700315043573,24.312109850700203,0.34838953782491444,0.4186830890341582,3497,17570,0.06969467474489796,0.16599420895239,True,0.9021116048364805,A_correct_target_coarse_mask,target_preferred,0.0696251639272483,0.21946769952774048,23.15560000010919,False,False,7,28,True,True,1.0,0.0,0.0,0.026022304832713755
416451,63,couch,a photo of a couch,1.0,0.3033328438464212,0.7403140943877551,0.6722001894100105,0.2615471805043922,118.76983186774419,93.4507696840231,391.549528108067,0.3033328438464212,0.23866909030785716,0.5596526962947653,95.97684985894881,2.52608017492571,0.4579980658457218,5203,15864,0.10369499362244898,0.24697394028575498,True,0.7948757096766063,A_correct_target_coarse_mask,target_preferred,0.14987324174447197,0.19160008430480957,20.2310000001944,False,False,7,28,True,True,1.0,0.0,0.0,0.10686142610032673
5193,42,surfboard,a photo of a surfboard,0.0,0.5491287649479696,0.8422951211734694,0.6685791999693732,0.49366521627847454,214.15860673406632,59.84694545610641,389.99706517715936,0.5491287649479696,0.15345486107419923,0.7815849168831053,62.0144949031142,2.1675494470077865,0.29741637397783105,9149,19255,0.18233816964285715,0.3221025207717223,True,0.8827830189570656,B_wrong_or_unconfirmed_target,peak_in_background,0.10321641040721821,0.2213529646396637,19.977700000026744,False,False,3,9,True,True,0.0,1.0,0.0,0.018581265712099684
5193,1,person,a photo of a person,1.0,0.4169152318878941,0.5659080038265306,0.4169125795046604,0.2650740628268718,37.60855850151245,20.954631178751356,90.20672699150785,0.4169152318878941,0.2322956599536534,0.6421876729536496,21.2854098508202,0.3307786720688455,0.35078910815845255,19069,9335,0.3800422512755102,0.6713491057597522,False,0.4676897767975057,A_correct_target_coarse_mask,target_preferred,0.0861128916298043,0.24150727689266205,22.483299999976225,False,False,3,9,True,False,1.0,0.0,0.0,0.008914992920446799
150265,11,fire hydrant,a photo of a fire hydrant,1.0,0.1710676298230722,0.7676578443877551,0.8694061665007621,0.050264765784114054,46.242682095617056,31.457102160049857,270.31813174382467,0.1710676298230722,0.11637067020669244,0.5951455662149259,31.457102160049857,0.0,0.7125616999702353,617,12176,0.01229671556122449,0.04822950050809036,True,0.9666774810316905,A_correct_target_coarse_mask,target_preferred,0.05152302605955682,0.19596615433692932,19.83180000001994,False,False,3,8,True,True,1.0,0.0,0.0,0.0
150265,1,person,a photo of a person,1.0,0.5455291383980301,0.7980110012755102,0.634307542944786,0.4619060260153969,67.48157038072077,3.5045355503680184,123.69929602455942,0.5455291383980301,0.028331087265623753,0.9506306832245304,7.342557884403504,3.838022334035486,0.42613977433634614,12176,617,0.24266581632653061,0.9517704994919096,False,0.49386117641397115,A_correct_target_coarse_mask,target_preferred,0.06952505953955672,0.2460423856973648,19.795200000089608,False,False,3,8,True,False,1.0,0.0,0.0,0.027513140604467804
511599,9,boat,a photo of a boat,1.0,0.13025159353708335,0.6998764349489796,0.22738363538687145,0.06962807364388979,36.677232290181564,20.209867713419953,281.58758978821515,0.13025159353708335,0.07177115912182067,0.6447372477742561,22.09321352574625,1.8833458123262972,0.7979772473410961,1459,2358,0.02907764668367347,0.38223735918260415,True,0.7457453256264438,A_correct_target_coarse_mask,target_preferred,0.05336606512182446,0.20454873144626617,20.177200000034645,False,False,6,23,True,True,1.0,0.0,0.0,0.09184372858122002
511599,1,person,a photo of a person,0.0,0.08842152041372967,0.7433235012755102,0.08269486591781824,0.08653095964252784,2.397858594181571,2.074425538737046,27.11849539525949,0.08842152041372967,0.0764948611086908,0.5361597168058707,2.1917657032289526,0.11734016449190676,0.8350836184775795,2014,1803,0.040138711734693876,0.5276395074665968,True,0.5085544074803108,B_wrong_or_unconfirmed_target,peak_in_background,0.06000681825238721,0.24728481471538544,22.98289999998815,False,False,6,23,True,True,0.0,1.0,0.0,0.060079443892750745
189752,1,person,a photo of a person,1.0,0.5027882421323445,0.7084462691326531,0.5033201139568324,0.4210692943923384,32.897605487600515,30.87259895918102,65.43033971534516,0.5027882421323445,0.4718391971292268,0.5158773720892521,31.308482679863815,0.4358837206827957,0.025372560738428744,16843,29887,0.3356784119897959,0.3604322704900492,True,0.6540793611665469,A_correct_target_coarse_mask,target_preferred,0.09057197321679769,0.2366018146276474,19.74629999995159,False,False,8,13,True,True,1.0,0.0,0.0,0.024758059728076945
189752,59,pizza,a photo of a pizza,1.0,0.48570804013212393,0.8912627551020408,0.7156059077639481,0.4584077824101648,256.0480145714246,263.20643604956877,527.164455630122,0.48570804013212393,0.4992871450996387,0.49310701962247583,518.283536052707,255.07710000313818,0.015004814768237368,4771,41959,0.09508529974489796,0.10209715386261502,True,0.8953471985281318,B_wrong_or_unconfirmed_target,target_peak_distractor_energy,0.08340096318671378,0.19804821908473969,19.68469999997069,False,False,8,13,False,True,0.0,1.0,0.0,0.9853280234751625
18150,63,couch,a photo of a couch,0.0,0.08460224810411951,0.6748445471938775,0.11518712416318636,0.10159691629955947,11.037096299231052,67.43334054170812,130.45866447482294,0.08460224810411951,0.5168943037487709,0.14065292285301384,69.07443309404592,1.6410925523377955,0.3985034481471096,1859,29357,0.03704958545918367,0.05955279343926192,True,0.7210376919200152,B_wrong_or_unconfirmed_target,peak_in_distractor,0.1391138794112087,0.20760667324066162,19.945700000107536,False,False,5,7,False,True,0.0,1.0,0.0,0.17859064012910167
18150,59,pizza,a photo of a pizza,1.0,0.2812241584367997,0.8549705038265306,0.8694517934834611,0.11126038104543234,97.06292922794819,65.8682304391656,345.1443495021123,0.2812241584367997,0.19084255771297942,0.5957296899270699,143.73055425230598,77.86232381314039,0.5279332838502208,911,30305,0.01815609056122449,0.029183751922091234,True,0.98000799687566,A_correct_target_coarse_mask,target_preferred,0.04104779031034227,0.1925671547651291,19.629499999837208,False,False,5,7,True,True,1.0,0.0,0.0,0.7442371020856202
460333,1,person,a photo of a person,0.0,0.06739503764424232,0.6578842474489796,0.14624452809178148,0.046174362393732286,5.395409545744769,10.258699461654828,80.05648092705991,0.06739503764424232,0.12814327263524875,0.3446641097998007,10.545747647131861,0.28704818547703326,0.8044616897205089,1179,7955,0.023497289540816327,0.12907816947668052,True,0.7801527031718651,B_wrong_or_unconfirmed_target,peak_in_background,0.1213423370758855,0.23053614795207977,19.792199999983495,False,False,3,4,False,True,0.0,1.0,0.0,0.07124681933842239
460333,65,bed,a photo of a bed,1.0,0.22373726294464355,0.7486846301020408,0.5035273638477817,0.19476372924648785,56.26732121716486,17.448517477401765,251.48837737899015,0.22373726294464355,0.06938100940985852,0.7633002922248703,17.829281600774266,0.38076412337250076,0.706881727645498,3558,5576,0.07091039540816327,0.3895336106853514,True,0.8348133780429801,A_correct_target_coarse_mask,target_preferred,0.13192338864254402,0.229524165391922,19.978600000058577,False,False,3,4,True,True,1.0,0.0,0.0,0.025295109612141653
141671,1,person,a photo of a person,0.0,0.02983209472181154,0.7338169642857143,0.050370736767292,0.026672496720594664,0.32529735575264773,0.05412558989005056,10.904274700992039,0.02983209472181154,0.004963703811050026,0.8573476103317225,0.1311901844381982,0.07706459454814762,0.9652042014671385,2833,3181,0.05646125637755102,0.4710675091453276,True,0.8709395815652647,B_wrong_or_unconfirmed_target,peak_in_background,0.04961442938039053,0.24425381422042847,23.313400000006368,False,False,4,26,True,True,0.0,1.0,0.0,0.29968231556653724
141671,4,motorcycle,a photo of a motorcycle,0.0,0.28443218613264415,0.8446269132653061,0.4389137084479154,0.1450816975545564,50.3407452768879,19.466337514088764,176.98680997168034,0.28443218613264415,0.10998750425076068,0.7211409396324793,26.327818973900094,6.86148145981133,0.6055803096165951,1336,4678,0.02662627551020408,0.22214832058530096,True,0.9005471351533141,B_wrong_or_unconfirmed_target,peak_in_background,0.04963087644176332,0.21688121557235718,20.03289999993285,False,False,4,26,True,True,0.0,1.0,0.0,0.14520958083832336
320554,17,cat,a photo of a cat,1.0,0.5459524226746623,0.9433195153061225,0.9164511684219463,0.45662972869698126,159.2370865289122,23.167159367286615,291.66843101235384,0.5459524226746623,0.07942978020238795,0.8729900214029488,23.167159367286615,0.0,0.3746177971229496,2390,18999,0.04763233418367347,0.11173967927439338,True,0.9820270578716718,A_correct_target_coarse_mask,target_preferred,0.050195772161207554,0.18904531002044678,20.059299999957148,False,False,2,2,True,True,1.0,0.0,0.0,0.0
320554,15,bench,a photo of a bench,1.0,0.5761709017956782,0.7000159438775511,0.6313978589244573,0.43317642628506875,206.12321606372507,4.0941734830016685,357.74666061983896,0.5761709017956782,0.011444337386428772,0.9805240970224655,4.0941734830016685,0.0,0.412384760817893,18999,2390,0.3786471619897959,0.8882603207256066,True,0.86363513808313,A_correct_target_coarse_mask,target_preferred,0.15324111982968328,0.2019321471452713,23.330599999781043,False,False,2,2,True,True,1.0,0.0,0.0,0.0
429011,3,car,a photo of a car,1.0,0.12795587595622623,0.7672393176020408,0.2088189056218091,0.10395887678379623,30.93320690591645,88.88621355380747,241.74901445322223,0.12795587595622623,0.3676797349302398,0.25816521885376736,88.88621355380747,0.0,0.504364389113534,1416,4937,0.02822066326530612,0.22288682512198962,True,0.5481986367318277,B_wrong_or_unconfirmed_target,target_peak_distractor_energy,0.09445343321033899,0.21622319519519806,19.701400000030844,False,False,4,4,False,True,0.0,1.0,0.0,0.0
429011,8,truck,a photo of a truck,0.0,0.5304179476261558,0.88671875,0.6747651841411466,0.4638747406149783,189.73805175721645,7.448720956585021,357.7142376240742,0.5304179476261558,0.0208231045150989,0.962225047582694,7.448720956585021,0.0,0.44875894785874526,4935,1418,0.09835379464285714,0.7767983629781205,True,0.8797956937347491,B_wrong_or_unconfirmed_target,peak_in_background,0.08087353876724637,0.20378686487674713,19.57500000003165,False,False,4,4,True,True,0.0,1.0,0.0,0.0
232649,70,toilet,a photo of a toilet,1.0,0.26320438898035314,0.706672512755102,0.3934199889402037,0.23267817110682446,135.5324903018336,124.68666705932992,514.9324858406917,0.26320438898035314,0.24214177681131022,0.5208397862641786,124.68666705932992,0.0,0.49465383420833664,7510,8368,0.14967315051020408,0.4729814838140824,True,0.5477507562506021,A_correct_target_coarse_mask,target_preferred,0.13290834129982695,0.21463388204574585,20.778900000095746,False,False,3,3,True,True,1.0,0.0,0.0,0.0
232649,81,sink,a photo of a sink,1.0,0.34064275038378017,0.7295918367346939,0.6371881089842936,0.30562947799385876,131.73286685044877,57.72586600396169,386.71853929676723,0.34064275038378017,0.14927100756259049,0.6953116642645244,57.72586600396169,0.0,0.5100862420536293,7195,8683,0.1433952487244898,0.45314271318805893,True,0.7336169136350912,A_correct_target_coarse_mask,target_preferred,0.15726873839075567,0.2076265811920166,19.672299999911047,False,False,3,3,True,True,1.0,0.0,0.0,0.0
155145,9,boat,a photo of a boat,1.0,0.16750963271257707,0.6975845025510204,0.34227859443651093,0.11444412022176831,50.893075731932186,13.29222710270551,303.8217856954981,0.16750963271257707,0.04375007892300223,0.7929085551414875,13.395525332802208,0.10329823009669781,0.7887402883644207,2015,951,0.040158641581632654,0.6793661496965611,True,0.6437521349507468,A_correct_target_coarse_mask,target_preferred,0.07552458715894618,0.2025410681962967,19.76070000000618,False,False,3,7,True,True,1.0,0.0,0.0,0.0064516129032258064
155145,28,umbrella,a photo of a umbrella,0.0,0.17424228140193743,0.7985491071428571,0.6546874364272709,0.048927361686112156,32.85454024374485,33.681835284573026,188.5566464086686,0.17424228140193743,0.17862979601139403,0.493783137161739,33.681835284573026,0.0,0.6471279225866685,520,2446,0.010363520408163265,0.17532029669588672,True,0.8210550248328349,B_wrong_or_unconfirmed_target,peak_in_background,0.046191294975329,0.1923394650220871,19.555000000082146,False,False,3,7,False,True,0.0,1.0,0.0,0.0
512403,84,book,a photo of a book,1.0,0.28635279908470723,0.7290138711734694,0.2903495781621919,0.15839316662540232,27.2030431332563,15.729533392891618,94.99834896046976,0.28635279908470723,0.16557691333600874,0.6336224222808468,15.729533392891618,0.0,0.548070287579284,5321,14168,0.10604671556122448,0.27302580943096105,True,0.8215835830846215,A_correct_target_coarse_mask,target_preferred,0.047546620437012445,0.21987615525722504,20.543700000189347,False,False,3,3,True,True,1.0,0.0,0.0,0.0
512403,86,vase,a photo of a vase,1.0,0.3617790737706522,0.7807716836734694,0.7490453417981315,0.3357889016363746,147.99966034456156,88.2432223802962,409.0885047662682,0.3617790737706522,0.2157069224683147,0.6264724618896984,234.62333183643116,146.38010945613496,0.42251400376103315,5654,13835,0.11268335459183673,0.2901123710811227,True,0.8040735545009612,A_correct_target_coarse_mask,target_preferred,0.1490282781992298,0.20798368752002716,23.051099999975122,False,False,3,3,True,True,1.0,0.0,0.0,0.98673505482844
261097,1,person,a photo of a person,0.0,0.4582801236311439,0.5432477678571429,0.4958935129980746,0.28116178407879056,23.158760058089882,2.5030740797662006,50.5340704602098,0.4582801236311439,0.04953240570116166,0.9024592682533712,3.6118620771193477,1.1087879973531471,0.49218747066769447,24499,2131,0.48826132015306123,0.9199774690199024,False,0.44591557082885425,B_wrong_or_unconfirmed_target,peak_in_background,0.07663645393536526,0.248257115483284,19.726300000002084,False,False,4,27,True,False,0.0,1.0,0.0,0.06930895138577085
261097,15,bench,a photo of a bench,0.0,0.0611495567741252,0.5599888392857143,0.06185618856078207,0.049140789870364784,8.727433036726325,91.690467686401,142.7227521691416,0.0611495567741252,0.6424376372572895,0.08691112813431097,94.43387166814728,2.743403981746269,0.2964128059685853,2987,23643,0.05953045280612245,0.11216672925272249,False,0.4296817825974607,B_wrong_or_unconfirmed_target,peak_in_distractor,0.16186281974182268,0.20760786533355713,20.085699999981443,False,False,4,27,False,False,0.0,1.0,0.0,0.46903247405423504
189436,72,tv,a photo of a tv,0.0,0.030838710048704764,0.6280691964285714,0.03374147696231833,0.03694911755599133,2.989731968048204,46.607093188100755,96.94737436573726,0.030838710048704764,0.48074631719549116,0.06028071269956037,46.61050473381,0.0034115457092411816,0.4884149727558041,1853,29913,0.03693000637755102,0.05833280866335075,True,0.5087286674447955,B_wrong_or_unconfirmed_target,peak_in_background,0.1418516393309904,0.22166596353054047,19.993099999965125,False,False,4,5,False,True,0.0,1.0,0.0,0.0064759848893685915
189436,88,teddy bear,a photo of a teddy bear,1.0,0.768863014430492,0.693718112244898,0.788181530199712,0.47310316453526247,483.9158100036111,26.494883532496942,629.3914532513371,0.768863014430492,0.04209603323278152,0.9480910492902446,50.47597431263898,23.98109078014204,0.18904095233672658,26020,5746,0.5185746173469388,0.8191147768053894,True,0.8013252401883584,A_correct_target_coarse_mask,target_preferred,0.1385700074064991,0.19375300407409668,20.357500000045547,False,False,4,5,True,True,1.0,0.0,0.0,0.07847809377401999
275749,1,person,a photo of a person,1.0,0.4632055787573521,0.7132095025510204,0.49222848612077064,0.36996497373029774,59.24198196906286,18.957804775843897,127.89565731913709,0.4632055787573521,0.1482286824527484,0.7575721678412455,19.039414886199438,0.08161011035554111,0.3885657387898996,13455,8273,0.26815609056122447,0.6192470544918999,True,0.6576999545245014,A_correct_target_coarse_mask,target_preferred,0.08869715768535054,0.23938387632369995,19.768400000202746,False,False,8,19,True,True,1.0,0.0,0.0,0.001932367149758454
275749,72,tv,a photo of a tv,0.0,0.2938620474207559,0.7464923469387755,0.517294556179124,0.3090336248574067,48.703830456361175,53.11568622609525,165.73705547836985,0.2938620474207559,0.32048165736254025,0.4783349208801774,53.2540015749812,0.13831534888595343,0.38565629521670386,5823,15905,0.11605149872448979,0.26799521354933725,True,0.7146554863821655,B_wrong_or_unconfirmed_target,peak_in_distractor,0.17246074632752725,0.2265843003988266,19.522699999924953,False,False,8,19,False,True,0.0,1.0,0.0,0.0030911901081916537
303305,6,bus,a photo of a bus,1.0,0.8173474243874173,0.8069794323979592,0.8772552331767862,0.6410570009636054,804.9874152527955,0.0,984.8779004303032,0.8173474243874173,0.0,0.9999999999999988,25.171273306012154,25.171273306012154,0.18265257561258275,23848,0,0.4752869897959184,1.0,False,0.9999999999703747,C_good_localization,target_preferred,0.15929628063143747,0.20412495732307434,23.471599999993487,False,False,3,5,True,False,0.0,0.0,1.0,0.02184669573968467
303305,1,person,a photo of a person,0.0,0.037647389341123744,0.756218112244898,0.038480671808198696,0.02766295707472178,0.7870268012629822,9.507966488284438,20.90521587384763,0.037647389341123744,0.45481312155110915,0.07644752931135755,10.29499328954742,0.7870268012629822,0.5075394891077671,521,23327,0.01038345025510204,0.02184669573968467,True,0.7875121052818328,B_wrong_or_unconfirmed_target,peak_in_distractor,0.058873278266703674,0.23652662336826324,19.568400000025576,False,False,3,5,False,True,0.0,1.0,0.0,1.0
210030,48,fork,a photo of a fork,1.0,0.15864303206809316,0.7479870854591837,0.5882756431682643,0.11672254819782062,87.4297702126205,454.5241339779768,551.1100555307949,0.15864303206809316,0.8247429518233114,0.16132325929674002,541.9539041905973,87.4297702126205,0.016614016108595413,1671,47063,0.033302774234693876,0.03428817663233061,True,0.844178088125216,B_wrong_or_unconfirmed_target,target_peak_distractor_energy,0.1079231184237438,0.20213325321674347,20.25299999991148,False,False,3,3,False,True,0.0,1.0,0.0,1.0
210030,61,cake,a photo of a cake,1.0,0.6661677628773367,0.9397919323979592,0.949020354745881,0.7537897310513447,436.80176487518474,215.88563979914187,655.6933391500877,0.6661677628773367,0.329247876879417,0.6692357807841203,652.6874046743267,436.80176487518474,0.004584360243246222,9506,39228,0.189453125,0.19505889112324046,True,0.8930420825021775,C_good_localization,target_preferred,0.11415941458650494,0.18271616101264954,21.08859999998458,False,False,3,3,True,True,0.0,0.0,1.0,1.0
491090,1,person,a photo of a person,1.0,0.47738956541500993,0.7797353316326531,0.4962282149412083,0.31824070075874406,30.675641432812654,5.702152269007392,64.25704216250588,0.47738956541500993,0.08873972528313184,0.8432518388622632,6.179845868744614,0.47769359973722203,0.43387070930185834,7734,21340,0.1541374362244898,0.2660108688175002,True,0.9368838275262134,A_correct_target_coarse_mask,target_preferred,0.06312879910372861,0.23715940117835999,22.83090000014454,False,False,2,6,True,True,1.0,0.0,0.0,0.03995345228859581
491090,4,motorcycle,a photo of a motorcycle,1.0,0.7297630174868056,0.7823660714285714,0.8032638931329007,0.5846961283943105,324.8677932059509,35.17253274202528,445.16889102540006,0.7297630174868056,0.07900941294664375,0.9023094631152278,37.09699217567402,1.9244594336487353,0.19122756956655063,21649,7425,0.431461256377551,0.7446171837380477,True,0.7600668909728662,C_good_localization,target_preferred,0.14691205170382446,0.21991463005542755,20.864000000074157,False,False,2,6,True,True,0.0,0.0,1.0,0.014273176590142732
206027,59,pizza,a photo of a pizza,1.0,0.6896016830545187,0.885124362244898,0.7848218910359818,0.6241278121943267,296.4147499702376,47.86883187487772,429.83472525371366,0.6896016830545187,0.11136566932004559,0.8609610379375755,49.6440904821088,1.7752586072310805,0.19903264762543557,11664,20732,0.23246173469387754,0.3600444499320904,True,0.9167102748551537,C_good_localization,target_preferred,0.09506253687613561,0.2063715010881424,20.067800000106217,False,False,3,6,True,True,0.0,0.0,1.0,0.01646090534979424
206027,67,dining table,a photo of a dining table,0.0,0.1724472113470557,0.5382254464285714,0.16657135074597373,0.1206163655685441,38.4979454095519,111.96216205862396,223.2448127680854,0.1724472113470557,0.5015218972856234,0.25586812383272045,122.15948338364063,10.197321325016674,0.3260308913673209,8988,23408,0.17912946428571427,0.27744165946413135,False,0.47243582183260824,B_wrong_or_unconfirmed_target,peak_in_distractor,0.24736696610476086,0.2285427451133728,20.796000000018466,False,False,3,6,False,False,0.0,1.0,0.0,0.18190921228304405
