image_id,category_id,category,prompt,baseline_iou,baseline_group,baseline_subtype,method,iou,pacc,dice,precision,recall,predicted_pixels,target_intersection_pixels,distractor_intersection_pixels,target_overlap_preferred,max_distractor_iou,max_distractor_category_id,semantic_success,precise_wrong_object,delta_iou,candidate,use_sam,own_map_baseline
356347,51,bowl,a photo of a bowl,0.31659103486441614,all,,CS_POS3_SAM,0.08352569417987046,0.18498883928571427,0.15417390584925952,0.4612052963742111,0.09255718081803958,8081,3727,1368,True,0.17091637902238058,50,False,False,-0.23306534068454568,1,True,CS_MAP
356347,51,bowl,a photo of a bowl,0.31659103486441614,all,,CS_POS3_SMART,0.08352569417987046,0.18498883928571427,0.15417390584925952,0.4612052963742111,0.09255718081803958,8081,3727,1368,True,0.17091637902238058,50,False,False,-0.23306534068454568,1,True,CS_MAP
356347,51,bowl,a photo of a bowl,0.31659103486441614,all,,CS_POS3_CASR,0.31659103486441614,0.3847058354591837,0.4809253997343511,0.7445080687142114,0.35517917898030643,19210,14302,0,True,0.00041597337770382697,50,True,False,0.0,1,False,CS_MAP
356347,50,spoon,a photo of a spoon,0.12554706037437385,all,,CS_POS3_SAM,0.07307600855987953,0.7669204400510204,0.1361991284437551,0.08303314121037464,0.3786447638603696,11104,922,10090,False,0.25325689192485973,51,False,False,-0.052471051814494324,1,True,CS_MAP
356347,50,spoon,a photo of a spoon,0.12554706037437385,all,,CS_POS3_SMART,0.07307600855987953,0.7669204400510204,0.1361991284437551,0.08303314121037464,0.3786447638603696,11104,922,10090,False,0.25325689192485973,51,False,False,-0.052471051814494324,1,True,CS_MAP
356347,50,spoon,a photo of a spoon,0.12554706037437385,all,,CS_POS3_CASR,0.12554706037437385,0.6694834183673469,0.22308629251381992,0.12590555761197186,0.97782340862423,18911,2381,13062,False,0.30471592036510353,51,False,False,0.0,1,False,CS_MAP
207585,32,tie,a photo of a tie,0.03800573671497585,all,,CS_POS3_SAM,0.04576750109444024,0.5221420599489796,0.08752901777219621,0.04579483912073909,0.9871244635193133,25112,1150,23749,False,0.8303151575787894,88,False,True,0.007761764379464395,0,True,CS_MAP
207585,32,tie,a photo of a tie,0.03800573671497585,all,,CS_POS3_SMART,0.04576750109444024,0.5221420599489796,0.08752901777219621,0.04579483912073909,0.9871244635193133,25112,1150,23749,False,0.8303151575787894,88,False,True,0.007761764379464395,0,True,CS_MAP
207585,32,tie,a photo of a tie,0.03800573671497585,all,,CS_POS3_CASR,0.04576750109444024,0.5221420599489796,0.08752901777219621,0.04579483912073909,0.9871244635193133,25112,1150,23749,False,0.8303151575787894,88,False,True,0.007761764379464395,0,True,CS_MAP
207585,88,teddy bear,a photo of a teddy bear,0.8377680511383317,all,,CS_POS3_SAM,0.4266197890507283,0.6587213010204082,0.5980847767920011,0.9925989404799003,0.4279811891165603,12836,12741,2,True,0.040270450999331305,32,True,False,-0.41114826208760347,1,True,CS_MAP
207585,88,teddy bear,a photo of a teddy bear,0.8377680511383317,all,,CS_POS3_SMART,0.8429757577778518,0.9061503507653061,0.9147985308219798,0.9914114278991333,0.8491770238495129,25499,25280,3,True,0.044991377958927735,32,True,False,0.005207706639520082,0,True,CS_MAP
207585,88,teddy bear,a photo of a teddy bear,0.8377680511383317,all,,CS_POS3_CASR,0.8429757577778518,0.9061503507653061,0.9147985308219798,0.9914114278991333,0.8491770238495129,25499,25280,3,True,0.044991377958927735,32,True,False,0.005207706639520082,0,True,CS_MAP
248752,39,baseball bat,a photo of a baseball bat,0.028928658985045354,all,,CS_POS3_SAM,0.00020270465931138332,0.31190210459183676,0.0004053271569195136,0.00020690470560416174,0.009887005649717515,33832,7,54,False,0.0011712649661634565,1,False,False,-0.02872595432573397,0,True,CS_MAP
248752,39,baseball bat,a photo of a baseball bat,0.028928658985045354,all,,CS_POS3_SMART,0.0002119205298013245,0.6239038584183674,0.00042375125801154723,0.00022013097793186946,0.005649717514124294,18171,4,23,False,0.0007547417470630701,1,False,False,-0.02871673845524403,1,True,CS_MAP
248752,39,baseball bat,a photo of a baseball bat,0.028928658985045354,all,,CS_POS3_CASR,0.028928658985045354,0.5263472576530612,0.05623064093400048,0.028928658985045354,1.0,24474,708,10698,False,0.43151670751157273,1,False,False,0.0,1,False,CS_MAP
248752,1,person,a photo of a person,0.4524904379216984,all,,CS_POS3_SAM,0.0011678453253746836,0.07954001913265306,0.0023329661071868316,0.00158977831424618,0.004380983287360052,33967,54,9,True,0.00025962037731494834,39,True,False,-0.45132259259632374,1,True,CS_MAP
248752,1,person,a photo of a person,0.4524904379216984,all,,CS_POS3_SMART,0.0013264142601168176,0.1446906887755102,0.002649314431791773,0.0018564356435643563,0.004624371247768944,30704,57,9,True,0.0002865968219596854,39,True,False,-0.4511640236615816,2,True,CS_MAP
248752,1,person,a photo of a person,0.4524904379216984,all,,CS_POS3_CASR,0.4524904379216984,0.74609375,0.6230546186164861,0.4903595380029806,0.8542106117150738,21472,10529,313,True,0.03297317436661699,39,True,False,0.0,2,False,CS_MAP
227187,52,banana,a photo of a banana,0.05713718877095526,all,,CS_POS3_SAM,0.496206373292868,0.9801498724489796,0.6632860040567952,0.5856716417910448,0.764614185502728,1675,981,551,True,0.2338449111470113,16,True,False,0.43906918452191274,1,True,CS_MAP
227187,52,banana,a photo of a banana,0.05713718877095526,all,,CS_POS3_SMART,0.496206373292868,0.9801498724489796,0.6632860040567952,0.5856716417910448,0.764614185502728,1675,981,551,True,0.2338449111470113,16,True,False,0.43906918452191274,1,True,CS_MAP
227187,52,banana,a photo of a banana,0.05713718877095526,all,,CS_POS3_CASR,0.496206373292868,0.9801498724489796,0.6632860040567952,0.5856716417910448,0.764614185502728,1675,981,551,True,0.2338449111470113,16,True,False,0.43906918452191274,1,True,CS_MAP
227187,16,bird,a photo of a bird,0.08648242150780222,all,,CS_POS3_SAM,0.0007716049382716049,0.8451450892857143,0.0015420200462606013,0.0009372071227741331,0.004347826086956522,6402,6,0,True,0.0,-1,True,False,-0.08571081656953061,1,True,CS_MAP
227187,16,bird,a photo of a bird,0.08648242150780222,all,,CS_POS3_SMART,0.1400665004156276,0.9587651466836735,0.24571636893911775,0.24724871606749815,0.24420289855072463,1363,337,0,True,0.0,-1,True,False,0.05358407890782538,2,True,CS_MAP
227187,16,bird,a photo of a bird,0.08648242150780222,all,,CS_POS3_CASR,0.1400665004156276,0.9587651466836735,0.24571636893911775,0.24724871606749815,0.24420289855072463,1363,337,0,True,0.0,-1,True,False,0.05358407890782538,2,True,CS_MAP
110042,64,potted plant,a photo of a potted plant,0.06876192206376601,all,,CS_POS3_SAM,0.49399733214762115,0.9773198341836735,0.6613095238095238,0.6245081506464306,0.702719797596458,1779,1111,80,True,0.019436345966958212,1,True,False,0.4252354100838551,1,True,CS_MAP
110042,64,potted plant,a photo of a potted plant,0.06876192206376601,all,,CS_POS3_SMART,0.49399733214762115,0.9773198341836735,0.6613095238095238,0.6245081506464306,0.702719797596458,1779,1111,80,True,0.019436345966958212,1,True,False,0.4252354100838551,1,True,CS_MAP
110042,64,potted plant,a photo of a potted plant,0.06876192206376601,all,,CS_POS3_CASR,0.49399733214762115,0.9773198341836735,0.6613095238095238,0.6245081506464306,0.702719797596458,1779,1111,80,True,0.019436345966958212,1,True,False,0.4252354100838551,1,True,CS_MAP
110042,70,toilet,a photo of a toilet,0.180153153864372,all,,CS_POS3_SAM,0.9569190600522193,0.9980269451530612,0.9779853235490327,0.9990913221263062,0.9577526132404182,2201,2199,0,True,0.0,-1,True,False,0.7767659061878472,1,True,CS_MAP
110042,70,toilet,a photo of a toilet,0.180153153864372,all,,CS_POS3_SMART,0.9569190600522193,0.9980269451530612,0.9779853235490327,0.9990913221263062,0.9577526132404182,2201,2199,0,True,0.0,-1,True,False,0.7767659061878472,1,True,CS_MAP
110042,70,toilet,a photo of a toilet,0.180153153864372,all,,CS_POS3_CASR,0.9569190600522193,0.9980269451530612,0.9779853235490327,0.9990913221263062,0.9577526132404182,2201,2199,0,True,0.0,-1,True,False,0.7767659061878472,1,True,CS_MAP
304404,1,person,a photo of a person,0.3555482193702802,all,,CS_POS3_SAM,0.1458139843439034,0.7433832908163265,0.2545159796201945,0.4858532272325376,0.1724192030122372,4524,2198,0,True,0.001072271070126528,39,True,False,-0.20973423502637678,0,True,CS_MAP
304404,1,person,a photo of a person,0.3555482193702802,all,,CS_POS3_SMART,0.1458139843439034,0.7433832908163265,0.2545159796201945,0.4858532272325376,0.1724192030122372,4524,2198,0,True,0.001072271070126528,39,True,False,-0.20973423502637678,0,True,CS_MAP
304404,1,person,a photo of a person,0.3555482193702802,all,,CS_POS3_CASR,0.3555482193702802,0.6887555803571429,0.5245821790617675,0.42863539127406597,0.6758707248195795,20101,8616,745,True,0.03285124993787585,28,True,False,0.0,0,False,CS_MAP
304404,28,umbrella,a photo of a umbrella,0.03992963940193492,all,,CS_POS3_SAM,0.0009671179883945841,0.9794124681122449,0.001932367149758454,0.002824858757062147,0.0014684287812041115,354,1,45,False,0.0034464272037987285,1,False,False,-0.038962521413540334,2,True,CS_MAP
304404,28,umbrella,a photo of a umbrella,0.03992963940193492,all,,CS_POS3_SMART,0.8839050131926122,0.9982461734693877,0.938375350140056,0.8969210174029452,0.9838472834067548,747,670,16,True,0.0023024361259655376,1,True,False,0.8439753737906772,0,True,CS_MAP
304404,28,umbrella,a photo of a umbrella,0.03992963940193492,all,,CS_POS3_CASR,0.8839050131926122,0.9982461734693877,0.938375350140056,0.8969210174029452,0.9838472834067548,747,670,16,True,0.0023024361259655376,1,True,False,0.8439753737906772,0,True,CS_MAP
339823,1,person,a photo of a person,0.5403726708074534,all,,CS_POS3_SAM,0.356101054824847,0.8029137436224489,0.5251836558313727,0.9887904538058218,0.3575444560669456,5531,5469,9,True,0.0007117827420061323,28,True,False,-0.18427161598260644,1,True,CS_MAP
339823,1,person,a photo of a person,0.5403726708074534,all,,CS_POS3_SMART,0.356101054824847,0.8029137436224489,0.5251836558313727,0.9887904538058218,0.3575444560669456,5531,5469,9,True,0.0007117827420061323,28,True,False,-0.18427161598260644,1,True,CS_MAP
339823,1,person,a photo of a person,0.5403726708074534,all,,CS_POS3_CASR,0.356101054824847,0.8029137436224489,0.5251836558313727,0.9887904538058218,0.3575444560669456,5531,5469,9,True,0.0007117827420061323,28,True,False,-0.18427161598260644,1,True,CS_MAP
339823,28,umbrella,a photo of a umbrella,0.7064419519642962,all,,CS_POS3_SAM,0.7295195611549822,0.9105747767857143,0.8436094942664947,0.7589840075258701,0.9494743448925153,15945,12102,4,True,0.001667254480746417,1,True,False,0.02307760919068602,1,True,CS_MAP
339823,28,umbrella,a photo of a umbrella,0.7064419519642962,all,,CS_POS3_SMART,0.37204793236070055,0.6062659438775511,0.5423249779919381,0.38477975016436555,0.918327318374392,30420,11705,58,True,0.0018847249616480385,1,True,False,-0.3343940196035956,0,True,CS_MAP
339823,28,umbrella,a photo of a umbrella,0.7064419519642962,all,,CS_POS3_CASR,0.37204793236070055,0.6062659438775511,0.5423249779919381,0.38477975016436555,0.918327318374392,30420,11705,58,True,0.0018847249616480385,1,True,False,-0.3343940196035956,0,True,CS_MAP
467176,1,person,a photo of a person,0.2819772889105423,all,,CS_POS3_SAM,0.6795523906408952,0.9372209821428571,0.809206541490006,0.968677494199536,0.6948200540877887,6896,6680,0,True,0.0,-1,True,False,0.39757510173035293,0,True,CS_MAP
467176,1,person,a photo of a person,0.2819772889105423,all,,CS_POS3_SMART,0.6795523906408952,0.9372209821428571,0.809206541490006,0.968677494199536,0.6948200540877887,6896,6680,0,True,0.0,-1,True,False,0.39757510173035293,0,True,CS_MAP
467176,1,person,a photo of a person,0.2819772889105423,all,,CS_POS3_CASR,0.2819772889105423,0.6181640625,0.4399099599497179,0.3059407148375554,0.782608695652174,24593,7524,2279,True,0.07996560619088564,84,True,False,0.0,0,False,CS_MAP
467176,84,book,a photo of a book,0.16418152350081036,all,,CS_POS3_SAM,0.5770907649623465,0.9574697066326531,0.7318421713998492,0.5919902419190892,0.9582099374794341,4919,2912,23,True,0.004666260904848854,47,True,False,0.41290924146153607,0,True,CS_MAP
467176,84,book,a photo of a book,0.16418152350081036,all,,CS_POS3_SMART,0.5770907649623465,0.9574697066326531,0.7318421713998492,0.5919902419190892,0.9582099374794341,4919,2912,23,True,0.004666260904848854,47,True,False,0.41290924146153607,0,True,CS_MAP
467176,84,book,a photo of a book,0.16418152350081036,all,,CS_POS3_CASR,0.5770907649623465,0.9574697066326531,0.7318421713998492,0.5919902419190892,0.9582099374794341,4919,2912,23,True,0.004666260904848854,47,True,False,0.41290924146153607,0,True,CS_MAP
345027,8,truck,a photo of a truck,0.1022539857064321,all,,CS_POS3_SAM,0.5291127541589649,0.9796914859693877,0.6920519794499849,0.6357579122709606,0.7592838196286472,1801,1145,422,True,0.1570078092889437,9,True,False,0.4268587684525328,1,True,CS_MAP
345027,8,truck,a photo of a truck,0.1022539857064321,all,,CS_POS3_SMART,0.5291127541589649,0.9796914859693877,0.6920519794499849,0.6357579122709606,0.7592838196286472,1801,1145,422,True,0.1570078092889437,9,True,False,0.4268587684525328,1,True,CS_MAP
345027,8,truck,a photo of a truck,0.1022539857064321,all,,CS_POS3_CASR,0.5291127541589649,0.9796914859693877,0.6920519794499849,0.6357579122709606,0.7592838196286472,1801,1145,422,True,0.1570078092889437,9,True,False,0.4268587684525328,1,True,CS_MAP
345027,4,motorcycle,a photo of a motorcycle,0.09739549135478223,all,,CS_POS3_SAM,0.8862944162436548,0.9977678571428571,0.9397201291711518,0.9018595041322314,0.9808988764044944,968,873,0,True,0.0,-1,True,False,0.7888989248888726,1,True,CS_MAP
345027,4,motorcycle,a photo of a motorcycle,0.09739549135478223,all,,CS_POS3_SMART,0.8862944162436548,0.9977678571428571,0.9397201291711518,0.9018595041322314,0.9808988764044944,968,873,0,True,0.0,-1,True,False,0.7888989248888726,1,True,CS_MAP
345027,4,motorcycle,a photo of a motorcycle,0.09739549135478223,all,,CS_POS3_CASR,0.8862944162436548,0.9977678571428571,0.9397201291711518,0.9018595041322314,0.9808988764044944,968,873,0,True,0.0,-1,True,False,0.7888989248888726,1,True,CS_MAP
269942,3,car,a photo of a car,0.02699501554557568,all,,CS_POS3_SAM,0.007965860597439544,0.8610092474489796,0.01580581428168219,0.008564000611714329,0.10237659963436929,6539,56,2,True,0.00025611473940325265,10,True,False,-0.019029154948136135,0,True,CS_MAP
269942,3,car,a photo of a car,0.02699501554557568,all,,CS_POS3_SMART,0.008289582757667864,0.9284717793367347,0.01644286105782406,0.009671179883945842,0.054844606946983544,3102,30,0,True,0.0,-1,True,False,-0.018705432787907816,2,True,CS_MAP
269942,3,car,a photo of a car,0.02699501554557568,all,,CS_POS3_CASR,0.02699501554557568,0.607063137755102,0.0525708793849111,0.02699501554557568,1.0,20263,547,1259,False,0.06209311501282304,10,False,False,0.0,2,False,CS_MAP
269942,10,traffic light,a photo of a traffic light,0.05161893914741295,all,,CS_POS3_SAM,0.3707440100882724,0.9701650191326531,0.5409383624655014,0.4434389140271493,0.6933962264150944,1989,882,0,True,0.0,-1,True,False,0.31912507094085946,1,True,CS_MAP
269942,10,traffic light,a photo of a traffic light,0.05161893914741295,all,,CS_POS3_SMART,0.3707440100882724,0.9701650191326531,0.5409383624655014,0.4434389140271493,0.6933962264150944,1989,882,0,True,0.0,-1,True,False,0.31912507094085946,1,True,CS_MAP
269942,10,traffic light,a photo of a traffic light,0.05161893914741295,all,,CS_POS3_CASR,0.3707440100882724,0.9701650191326531,0.5409383624655014,0.4434389140271493,0.6933962264150944,1989,882,0,True,0.0,-1,True,False,0.31912507094085946,1,True,CS_MAP
125405,34,frisbee,a photo of a frisbee,0.0223635781725076,all,,CS_POS3_SAM,0.07730485787336441,0.8777303890306123,0.14351528689096746,0.07783161720169594,0.9194991055456172,6604,514,5946,False,0.7251094398922437,18,False,True,0.05494127970085681,1,True,CS_MAP
125405,34,frisbee,a photo of a frisbee,0.0223635781725076,all,,CS_POS3_SMART,0.07730485787336441,0.8777303890306123,0.14351528689096746,0.07783161720169594,0.9194991055456172,6604,514,5946,False,0.7251094398922437,18,False,True,0.05494127970085681,1,True,CS_MAP
125405,34,frisbee,a photo of a frisbee,0.0223635781725076,all,,CS_POS3_CASR,0.07730485787336441,0.8777303890306123,0.14351528689096746,0.07783161720169594,0.9194991055456172,6604,514,5946,False,0.7251094398922437,18,False,True,0.05494127970085681,1,True,CS_MAP
125405,18,dog,a photo of a dog,0.591004823697262,all,,CS_POS3_SAM,0.1963370545468992,0.5968391262755102,0.3282303324145718,0.23149709574667415,0.5638334284084426,21348,4942,5,True,0.01019090657567094,34,True,False,-0.39466776915036283,0,True,CS_MAP
125405,18,dog,a photo of a dog,0.591004823697262,all,,CS_POS3_SMART,0.6963979416809606,0.9435586734693877,0.8210313447927199,0.9202436605751523,0.7411294922989161,7059,6496,0,True,0.07522935779816514,34,True,False,0.10539311798369855,1,True,CS_MAP
125405,18,dog,a photo of a dog,0.591004823697262,all,,CS_POS3_CASR,0.6963979416809606,0.9435586734693877,0.8210313447927199,0.9202436605751523,0.7411294922989161,7059,6496,0,True,0.07522935779816514,34,True,False,0.10539311798369855,1,True,CS_MAP
319721,1,person,a photo of a person,0.5820575445285042,all,,CS_POS3_SAM,0.23962475782604262,0.8513831313775511,0.3866085382906967,0.9923986486486487,0.2400653795076106,2368,2350,0,True,0.0,-1,True,False,-0.3424327867024616,2,True,CS_MAP
319721,1,person,a photo of a person,0.5820575445285042,all,,CS_POS3_SMART,0.8767109500805152,0.9755859375,0.934305786453585,0.9834048317904719,0.8898763918684237,8858,8711,0,True,0.0,-1,True,False,0.294653405552011,0,True,CS_MAP
319721,1,person,a photo of a person,0.5820575445285042,all,,CS_POS3_CASR,0.8767109500805152,0.9755859375,0.934305786453585,0.9834048317904719,0.8898763918684237,8858,8711,0,True,0.0,-1,True,False,0.294653405552011,0,True,CS_MAP
319721,19,horse,a photo of a horse,0.5911124366239189,all,,CS_POS3_SAM,0.9234250159089302,0.9784159757653061,0.9601882145351616,0.990970483344715,0.9312606959498003,13179,13060,0,True,0.0,-1,True,False,0.33231257928501134,0,True,CS_MAP
319721,19,horse,a photo of a horse,0.5911124366239189,all,,CS_POS3_SMART,0.9234250159089302,0.9784159757653061,0.9601882145351616,0.990970483344715,0.9312606959498003,13179,13060,0,True,0.0,-1,True,False,0.33231257928501134,0,True,CS_MAP
319721,19,horse,a photo of a horse,0.5911124366239189,all,,CS_POS3_CASR,0.9234250159089302,0.9784159757653061,0.9601882145351616,0.990970483344715,0.9312606959498003,13179,13060,0,True,0.0,-1,True,False,0.33231257928501134,0,True,CS_MAP
147338,8,truck,a photo of a truck,0.5813113466823714,all,,CS_POS3_SAM,0.7119120654396728,0.955078125,0.8317156935941467,0.9690327070285316,0.7284854826052838,5748,5570,63,True,0.3158129839189994,3,True,False,0.1306007187573014,0,True,CS_MAP
147338,8,truck,a photo of a truck,0.5813113466823714,all,,CS_POS3_SMART,0.7119120654396728,0.955078125,0.8317156935941467,0.9690327070285316,0.7284854826052838,5748,5570,63,True,0.3158129839189994,3,True,False,0.1306007187573014,0,True,CS_MAP
147338,8,truck,a photo of a truck,0.5813113466823714,all,,CS_POS3_CASR,0.7119120654396728,0.955078125,0.8317156935941467,0.9690327070285316,0.7284854826052838,5748,5570,63,True,0.3158129839189994,3,True,False,0.1306007187573014,0,True,CS_MAP
147338,3,car,a photo of a car,0.1926378772112383,all,,CS_POS3_SAM,0.01603429115732656,0.8764748086734694,0.0315625,0.030504379341588644,0.03269666558756879,3311,101,3114,False,0.41034882224224484,8,False,False,-0.17660358605391174,1,True,CS_MAP
147338,3,car,a photo of a car,0.1926378772112383,all,,CS_POS3_SMART,0.01603429115732656,0.8764748086734694,0.0315625,0.030504379341588644,0.03269666558756879,3311,101,3114,False,0.41034882224224484,8,False,False,-0.17660358605391174,1,True,CS_MAP
147338,3,car,a photo of a car,0.1926378772112383,all,,CS_POS3_CASR,0.01603429115732656,0.8764748086734694,0.0315625,0.030504379341588644,0.03269666558756879,3311,101,3114,False,0.41034882224224484,8,False,False,-0.17660358605391174,1,True,CS_MAP
571804,70,toilet,a photo of a toilet,0.03665602955995969,all,,CS_POS3_SAM,0.23179271708683474,0.9125478316326531,0.3763501989766913,0.2566886390073672,0.7050053248136315,5158,1324,1964,False,0.22642379525017292,81,True,False,0.19513668752687505,0,True,CS_MAP
571804,70,toilet,a photo of a toilet,0.03665602955995969,all,,CS_POS3_SMART,0.399552071668533,0.9465680803571429,0.5709713554168667,0.4081445893388241,0.9499467518636848,4371,1784,2095,False,0.25298906130755533,81,True,False,0.36289604210857335,1,True,CS_MAP
571804,70,toilet,a photo of a toilet,0.03665602955995969,all,,CS_POS3_CASR,0.399552071668533,0.9465680803571429,0.5709713554168667,0.4081445893388241,0.9499467518636848,4371,1784,2095,False,0.25298906130755533,81,True,False,0.36289604210857335,1,True,CS_MAP
571804,86,vase,a photo of a vase,0.03177011944390053,all,,CS_POS3_SAM,0.05426824015849772,0.7811902104591837,0.10294958738459024,0.054357204486626405,0.9707241910631741,11590,630,9313,False,0.3171761526769127,51,False,False,0.02249812071459719,0,True,CS_MAP
571804,86,vase,a photo of a vase,0.03177011944390053,all,,CS_POS3_SMART,0.05426824015849772,0.7811902104591837,0.10294958738459024,0.054357204486626405,0.9707241910631741,11590,630,9313,False,0.3171761526769127,51,False,False,0.02249812071459719,0,True,CS_MAP
571804,86,vase,a photo of a vase,0.03177011944390053,all,,CS_POS3_CASR,0.05426824015849772,0.7811902104591837,0.10294958738459024,0.054357204486626405,0.9707241910631741,11590,630,9313,False,0.3171761526769127,51,False,False,0.02249812071459719,0,True,CS_MAP
151820,62,chair,a photo of a chair,0.491051110154376,all,,CS_POS3_SAM,0.8008091385054736,0.9666374362244898,0.8893881326813797,0.9630795649685174,0.8261723545298306,6988,6730,50,True,0.006130617621725693,1,True,False,0.3097580283510976,1,True,CS_MAP
151820,62,chair,a photo of a chair,0.491051110154376,all,,CS_POS3_SMART,0.8008091385054736,0.9666374362244898,0.8893881326813797,0.9630795649685174,0.8261723545298306,6988,6730,50,True,0.006130617621725693,1,True,False,0.3097580283510976,1,True,CS_MAP
151820,62,chair,a photo of a chair,0.491051110154376,all,,CS_POS3_CASR,0.8008091385054736,0.9666374362244898,0.8893881326813797,0.9630795649685174,0.8261723545298306,6988,6730,50,True,0.006130617621725693,1,True,False,0.3097580283510976,1,True,CS_MAP
151820,1,person,a photo of a person,0.5324161039752247,all,,CS_POS3_SAM,0.3068896731624981,0.819953762755102,0.4696489374192791,0.9606147934678194,0.3108003108003108,4164,4000,0,True,0.0006952491309385864,47,True,False,-0.22552643081272655,0,True,CS_MAP
151820,1,person,a photo of a person,0.5324161039752247,all,,CS_POS3_SMART,0.3068896731624981,0.819953762755102,0.4696489374192791,0.9606147934678194,0.3108003108003108,4164,4000,0,True,0.0006952491309385864,47,True,False,-0.22552643081272655,0,True,CS_MAP
151820,1,person,a photo of a person,0.5324161039752247,all,,CS_POS3_CASR,0.5324161039752247,0.8164461096938775,0.6948714550755367,0.6056948134457665,0.8148407148407149,17314,10487,693,True,0.031228482320061566,62,True,False,0.0,0,False,CS_MAP
112997,77,cell phone,a photo of a cell phone,0.612116679132386,all,,CS_POS3_SAM,0.7846478542953178,0.8901865433673469,0.879330734527616,0.7960980252200809,0.9819996086871454,25218,20076,4995,True,0.17223424398160672,1,True,False,0.17253117516293182,0,True,CS_MAP
112997,77,cell phone,a photo of a cell phone,0.612116679132386,all,,CS_POS3_SMART,0.7846478542953178,0.8901865433673469,0.879330734527616,0.7960980252200809,0.9819996086871454,25218,20076,4995,True,0.17223424398160672,1,True,False,0.17253117516293182,0,True,CS_MAP
112997,77,cell phone,a photo of a cell phone,0.612116679132386,all,,CS_POS3_CASR,0.7846478542953178,0.8901865433673469,0.879330734527616,0.7960980252200809,0.9819996086871454,25218,20076,4995,True,0.17223424398160672,1,True,False,0.17253117516293182,0,True,CS_MAP
112997,1,person,a photo of a person,0.474972191323693,all,,CS_POS3_SAM,0.00254149377593361,0.6167291135204082,0.005070101919395727,0.004961020552799433,0.005184088023698688,9877,49,9764,False,0.47748757431049604,77,False,False,-0.4724306975477594,1,True,CS_MAP
112997,1,person,a photo of a person,0.474972191323693,all,,CS_POS3_SMART,0.015982354937224295,0.422054368622449,0.031461875020874386,0.022987944750841916,0.04983072365636902,20489,471,19917,False,0.9544955355011221,77,False,True,-0.45898983638646873,0,True,CS_MAP
112997,1,person,a photo of a person,0.474972191323693,all,,CS_POS3_CASR,0.474972191323693,0.7930484693877551,0.6440422322775264,0.476369168356998,0.993863732543377,19720,9394,7769,True,0.24531811980652363,77,True,False,0.0,0,False,CS_MAP
226903,2,bicycle,a photo of a bicycle,0.061123569662469096,all,,CS_POS3_SAM,0.6863734679163662,0.9913305165816326,0.8140230867892262,0.7573587907716786,0.8798521256931608,1257,952,0,True,0.0,-1,True,False,0.6252498982538971,1,True,CS_MAP
226903,2,bicycle,a photo of a bicycle,0.061123569662469096,all,,CS_POS3_SMART,0.6349206349206349,0.9912906568877551,0.7766990291262136,0.8685714285714285,0.7024029574861368,875,760,0,True,0.0,-1,True,False,0.5737970652581658,2,True,CS_MAP
226903,2,bicycle,a photo of a bicycle,0.061123569662469096,all,,CS_POS3_CASR,0.6349206349206349,0.9912906568877551,0.7766990291262136,0.8685714285714285,0.7024029574861368,875,760,0,True,0.0,-1,True,False,0.5737970652581658,2,True,CS_MAP
226903,67,dining table,a photo of a dining table,0.4522952690248398,all,,CS_POS3_SAM,0.18532943849399547,0.6998565051020408,0.3127053669222344,0.3251091288669577,0.30121329347634956,10538,3426,0,True,0.00303225213635946,54,True,False,-0.26696583053084433,0,True,CS_MAP
226903,67,dining table,a photo of a dining table,0.4522952690248398,all,,CS_POS3_SMART,0.18532943849399547,0.6998565051020408,0.3127053669222344,0.3251091288669577,0.30121329347634956,10538,3426,0,True,0.00303225213635946,54,True,False,-0.26696583053084433,0,True,CS_MAP
226903,67,dining table,a photo of a dining table,0.4522952690248398,all,,CS_POS3_CASR,0.4522952690248398,0.7512755102040817,0.6228695757282727,0.4745372502072014,0.9061016353085986,21718,10306,1060,True,0.19508836355290338,61,True,False,0.0,0,False,CS_MAP
139684,17,cat,a photo of a cat,0.10071942446043165,all,,CS_POS3_SAM,0.8762886597938144,0.9935427295918368,0.9340659340659341,0.9538653366583542,0.9150717703349283,2406,2295,111,True,0.20473110959836624,63,True,False,0.7755692353333827,2,True,CS_MAP
139684,17,cat,a photo of a cat,0.10071942446043165,all,,CS_POS3_SMART,0.5129245887630848,0.9545599489795918,0.6780570460321943,0.5249234805421951,0.9573365231259968,4574,2401,2173,True,0.38921034717494896,63,True,False,0.41220516430265314,1,True,CS_MAP
139684,17,cat,a photo of a cat,0.10071942446043165,all,,CS_POS3_CASR,0.5129245887630848,0.9545599489795918,0.6780570460321943,0.5249234805421951,0.9573365231259968,4574,2401,2173,True,0.38921034717494896,63,True,False,0.41220516430265314,1,True,CS_MAP
139684,63,couch,a photo of a couch,0.4785650300729429,all,,CS_POS3_SAM,0.36791569086651055,0.8386280293367347,0.5379215887690464,0.8166695546699012,0.4010381211708645,5771,4713,968,True,0.10990009082652134,62,True,False,-0.11064933920643233,2,True,CS_MAP
139684,63,couch,a photo of a couch,0.4785650300729429,all,,CS_POS3_SMART,0.5303203009232874,0.8357581313775511,0.6930840564597222,0.6162659778793298,0.7917801225323349,15099,9305,2396,True,0.14299389733157833,62,True,False,0.05175527085034454,0,True,CS_MAP
139684,63,couch,a photo of a couch,0.4785650300729429,all,,CS_POS3_CASR,0.5303203009232874,0.8357581313775511,0.6930840564597222,0.6162659778793298,0.7917801225323349,15099,9305,2396,True,0.14299389733157833,62,True,False,0.05175527085034454,0,True,CS_MAP
192871,51,bowl,a photo of a bowl,0.33783272360287625,all,,CS_POS3_SAM,0.06440528034839411,0.45194913903061223,0.12101646156304939,0.47960476311122374,0.06924427536762016,3947,1893,1928,False,0.17491007194244604,53,False,False,-0.27342744325448215,2,True,CS_MAP
192871,51,bowl,a photo of a bowl,0.33783272360287625,all,,CS_POS3_SMART,0.6410909584946675,0.7894013073979592,0.7812985077715918,0.8997092330425663,0.6904309020411149,20979,18875,1973,True,0.41913428894756694,53,True,False,0.3032582348917912,0,True,CS_MAP
192871,51,bowl,a photo of a bowl,0.33783272360287625,all,,CS_POS3_CASR,0.6410909584946675,0.7894013073979592,0.7812985077715918,0.8997092330425663,0.6904309020411149,20979,18875,1973,True,0.41913428894756694,53,True,False,0.3032582348917912,0,True,CS_MAP
192871,53,apple,a photo of a apple,0.3096567580883561,all,,CS_POS3_SAM,0.6581140350877193,0.937858737244898,0.7938103425472821,0.9996668887408394,0.6582583899978065,6004,6002,2,True,0.21962104031019095,51,True,False,0.3484572769993632,2,True,CS_MAP
192871,53,apple,a photo of a apple,0.3096567580883561,all,,CS_POS3_SMART,0.47130051894952035,0.7989875637755102,0.6406584010260795,0.4744591029023747,0.9860715069094099,18950,8991,9954,False,0.5143128210161285,51,False,True,0.16164376086116428,0,True,CS_MAP
192871,53,apple,a photo of a apple,0.3096567580883561,all,,CS_POS3_CASR,0.47130051894952035,0.7989875637755102,0.6406584010260795,0.4744591029023747,0.9860715069094099,18950,8991,9954,False,0.5143128210161285,51,False,True,0.16164376086116428,0,True,CS_MAP
176232,86,vase,a photo of a vase,0.11211911639070828,all,,CS_POS3_SAM,0.7068507700477961,0.9779974489795918,0.8282514001244555,0.7281181619256017,0.9603174603174603,3656,2662,0,True,0.0,-1,True,False,0.5947316536570878,1,True,CS_MAP
176232,86,vase,a photo of a vase,0.11211911639070828,all,,CS_POS3_SMART,0.7068507700477961,0.9779974489795918,0.8282514001244555,0.7281181619256017,0.9603174603174603,3656,2662,0,True,0.0,-1,True,False,0.5947316536570878,1,True,CS_MAP
176232,86,vase,a photo of a vase,0.11211911639070828,all,,CS_POS3_CASR,0.11211911639070828,0.5650310905612245,0.20163148845886528,0.11219214329330349,0.9942279942279942,24565,2756,0,True,0.0,-1,True,False,0.0,1,False,CS_MAP
176232,84,book,a photo of a book,0.047474205284189185,all,,CS_POS3_SAM,0.018201284796573874,0.9634486607142857,0.035751840168243953,0.03074141048824593,0.04271356783919598,1106,34,0,True,0.0,-1,True,False,-0.02927292048761531,1,True,CS_MAP
176232,84,book,a photo of a book,0.047474205284189185,all,,CS_POS3_SMART,0.04240282685512368,0.9621930803571429,0.08135593220338982,0.06619385342789598,0.10552763819095477,1269,84,0,True,0.0,-1,True,False,-0.005071378429065507,2,True,CS_MAP
176232,84,book,a photo of a book,0.047474205284189185,all,,CS_POS3_CASR,0.04240282685512368,0.9621930803571429,0.08135593220338982,0.06619385342789598,0.10552763819095477,1269,84,0,True,0.0,-1,True,False,-0.005071378429065507,2,True,CS_MAP
248111,79,oven,a photo of a oven,0.06010683440666966,all,,CS_POS3_SAM,0.007370695132799593,0.8443279655612245,0.014633530970102183,0.008733624454148471,0.04510108864696734,6641,58,6048,False,0.8940133037694014,82,False,True,-0.05273613927387007,1,True,CS_MAP
248111,79,oven,a photo of a oven,0.06010683440666966,all,,CS_POS3_SMART,0.0008060453400503779,0.8023557079081632,0.001610792308466727,0.0009251763617439575,0.006220839813374806,8647,8,6093,False,0.6982580793032317,82,False,True,-0.059300789066619286,0,True,CS_MAP
248111,79,oven,a photo of a oven,0.06010683440666966,all,,CS_POS3_CASR,0.0008060453400503779,0.8023557079081632,0.001610792308466727,0.0009251763617439575,0.006220839813374806,8647,8,6093,False,0.6982580793032317,82,False,True,-0.059300789066619286,0,True,CS_MAP
248111,82,refrigerator,a photo of a refrigerator,0.2606135872314981,all,,CS_POS3_SAM,0.9794265349100924,0.9974689094387755,0.9896063507652018,0.9998346287415247,0.9795852235904083,6047,6046,0,True,0.0,-1,True,False,0.7188129476785943,1,True,CS_MAP
248111,82,refrigerator,a photo of a refrigerator,0.2606135872314981,all,,CS_POS3_SMART,0.9794265349100924,0.9974689094387755,0.9896063507652018,0.9998346287415247,0.9795852235904083,6047,6046,0,True,0.0,-1,True,False,0.7188129476785943,1,True,CS_MAP
248111,82,refrigerator,a photo of a refrigerator,0.2606135872314981,all,,CS_POS3_CASR,0.9794265349100924,0.9974689094387755,0.9896063507652018,0.9998346287415247,0.9795852235904083,6047,6046,0,True,0.0,-1,True,False,0.7188129476785943,1,True,CS_MAP
276434,1,person,a photo of a person,0.26750981247274314,all,,CS_POS3_SAM,0.5528609922333175,0.9437779017857143,0.7120547106257017,0.9522249522249522,0.5686338441473753,3663,3488,38,True,0.013105108317732013,49,True,False,0.2853511797605744,2,True,CS_MAP
276434,1,person,a photo of a person,0.26750981247274314,all,,CS_POS3_SMART,0.5528609922333175,0.9437779017857143,0.7120547106257017,0.9522249522249522,0.5686338441473753,3663,3488,38,True,0.013105108317732013,49,True,False,0.2853511797605744,2,True,CS_MAP
276434,1,person,a photo of a person,0.26750981247274314,all,,CS_POS3_CASR,0.5528609922333175,0.9437779017857143,0.7120547106257017,0.9522249522249522,0.5686338441473753,3663,3488,38,True,0.013105108317732013,49,True,False,0.2853511797605744,2,True,CS_MAP
276434,55,orange,a photo of a orange,0.08200791893161533,all,,CS_POS3_SAM,0.6810810810810811,0.9894172512755102,0.8102893890675241,0.7190868738110336,0.9279869067103109,1577,1134,440,True,0.10375305059033045,61,True,False,0.5990731621494658,1,True,CS_MAP
276434,55,orange,a photo of a orange,0.08200791893161533,all,,CS_POS3_SMART,0.6810810810810811,0.9894172512755102,0.8102893890675241,0.7190868738110336,0.9279869067103109,1577,1134,440,True,0.10375305059033045,61,True,False,0.5990731621494658,1,True,CS_MAP
276434,55,orange,a photo of a orange,0.08200791893161533,all,,CS_POS3_CASR,0.6810810810810811,0.9894172512755102,0.8102893890675241,0.7190868738110336,0.9279869067103109,1577,1134,440,True,0.10375305059033045,61,True,False,0.5990731621494658,1,True,CS_MAP
322944,1,person,a photo of a person,0.499907998843414,all,,CS_POS3_SAM,0.05840255591054313,0.2657844387755102,0.11035981646945182,0.13939726695949242,0.09133423934766968,16392,2285,10,True,0.0007102777185879679,88,True,False,-0.4415054429328709,1,True,CS_MAP
322944,1,person,a photo of a person,0.499907998843414,all,,CS_POS3_SMART,0.6740527932643077,0.7716238839285714,0.8052945474317367,0.7003694399290675,0.9471980174274522,33835,23697,8986,True,0.31355273386887794,88,True,False,0.17414479442089364,0,True,CS_MAP
322944,1,person,a photo of a person,0.499907998843414,all,,CS_POS3_CASR,0.499907998843414,0.6208346619897959,0.666584882844675,0.5935149642667665,0.7601726756735151,32043,19018,2,True,0.002218055428519162,88,True,False,0.0,0,False,CS_MAP
322944,88,teddy bear,a photo of a teddy bear,0.6910223393423969,all,,CS_POS3_SAM,0.4510811034711292,0.8679448341836735,0.6217172870518384,0.9502617801047121,0.46198880027150857,5730,5445,74,True,0.010616269515201315,1,True,False,-0.2399412358712677,2,True,CS_MAP
322944,88,teddy bear,a photo of a teddy bear,0.6910223393423969,all,,CS_POS3_SMART,0.63280032800328,0.9107541454081632,0.7751104861390117,0.9496677332020674,0.6547598846088579,8126,7717,185,True,0.039453051495954336,1,True,False,-0.058222011339116864,1,True,CS_MAP
322944,88,teddy bear,a photo of a teddy bear,0.6910223393423969,all,,CS_POS3_CASR,0.63280032800328,0.9107541454081632,0.7751104861390117,0.9496677332020674,0.6547598846088579,8126,7717,185,True,0.039453051495954336,1,True,False,-0.058222011339116864,1,True,CS_MAP
137294,79,oven,a photo of a oven,0.3220789627039627,all,,CS_POS3_SAM,0.1590818580065892,0.5370894451530612,0.27449632984538497,0.19574998886265424,0.4592391304347826,22447,4394,0,True,3.1946840457478754e-05,1,True,False,-0.1629971046973735,1,True,CS_MAP
137294,79,oven,a photo of a oven,0.3220789627039627,all,,CS_POS3_SMART,0.2737285830840359,0.57421875,0.4298067684424042,0.2886021505376344,0.8415551839464883,27900,8052,560,True,0.016876002877220162,1,True,False,-0.048350379619926775,0,True,CS_MAP
137294,79,oven,a photo of a oven,0.3220789627039627,all,,CS_POS3_CASR,0.2737285830840359,0.57421875,0.4298067684424042,0.2886021505376344,0.8415551839464883,27900,8052,560,True,0.016876002877220162,1,True,False,-0.048350379619926775,0,True,CS_MAP
137294,1,person,a photo of a person,0.6032674609402868,all,,CS_POS3_SAM,0.7852726250702642,0.9619339923469388,0.8797229219143576,0.9944476082004556,0.7887308039747064,7024,6985,1,True,0.005636705254863931,79,True,False,0.18200516412997736,0,True,CS_MAP
137294,1,person,a photo of a person,0.6032674609402868,all,,CS_POS3_SMART,0.7852726250702642,0.9619339923469388,0.8797229219143576,0.9944476082004556,0.7887308039747064,7024,6985,1,True,0.005636705254863931,79,True,False,0.18200516412997736,0,True,CS_MAP
137294,1,person,a photo of a person,0.6032674609402868,all,,CS_POS3_CASR,0.6032674609402868,0.8891701211734694,0.7525475014461799,0.6209884702944848,0.95483288166215,13617,8456,1648,True,0.08457688169527998,79,True,False,0.0,0,False,CS_MAP
499266,77,cell phone,a photo of a cell phone,0.4290618882698389,all,,CS_POS3_SAM,0.9858971359823547,0.9915896045918368,0.992898492191707,0.9996950186377499,0.9861937554322391,29510,29501,9,True,0.0006110771623798678,1,True,False,0.5568352477125158,0,True,CS_MAP
499266,77,cell phone,a photo of a cell phone,0.4290618882698389,all,,CS_POS3_SMART,0.9858971359823547,0.9915896045918368,0.992898492191707,0.9996950186377499,0.9861937554322391,29510,29501,9,True,0.0006110771623798678,1,True,False,0.5568352477125158,0,True,CS_MAP
499266,77,cell phone,a photo of a cell phone,0.4290618882698389,all,,CS_POS3_CASR,0.9858971359823547,0.9915896045918368,0.992898492191707,0.9996950186377499,0.9861937554322391,29510,29501,9,True,0.0006110771623798678,1,True,False,0.5568352477125158,0,True,CS_MAP
499266,1,person,a photo of a person,0.32850142915475705,all,,CS_POS3_SAM,0.48842063413179604,0.8974210778061225,0.6562938230383973,0.580782413426309,0.7543751918943813,8461,4914,8,True,0.0012262575662700898,77,True,False,0.159919204977039,2,True,CS_MAP
499266,1,person,a photo of a person,0.32850142915475705,all,,CS_POS3_SMART,0.48842063413179604,0.8974210778061225,0.6562938230383973,0.580782413426309,0.7543751918943813,8461,4914,8,True,0.0012262575662700898,77,True,False,0.159919204977039,2,True,CS_MAP
499266,1,person,a photo of a person,0.32850142915475705,all,,CS_POS3_CASR,0.32850142915475705,0.7378029336734694,0.4945443368679883,0.3298144921594752,0.9880257906048511,19514,6436,9207,False,0.23258771601705694,77,True,False,0.0,2,False,CS_MAP
345356,67,dining table,a photo of a dining table,0.14061603997706235,all,,CS_POS3_SAM,0.03085399449035813,0.8948301977040817,0.05986103687867451,0.07706422018348624,0.04893678997960967,2180,168,1937,False,0.10921273031825796,1,False,False,-0.10976204548670422,0,True,CS_MAP
345356,67,dining table,a photo of a dining table,0.14061603997706235,all,,CS_POS3_SMART,0.048398723097518276,0.8158282844387755,0.0923288478538454,0.06965026674570243,0.13690649577628897,6748,470,1558,False,0.07049288061336254,1,False,False,-0.09221731687954407,1,True,CS_MAP
345356,67,dining table,a photo of a dining table,0.14061603997706235,all,,CS_POS3_CASR,0.048398723097518276,0.8158282844387755,0.0923288478538454,0.06965026674570243,0.13690649577628897,6748,470,1558,False,0.07049288061336254,1,False,False,-0.09221731687954407,1,True,CS_MAP
345356,1,person,a photo of a person,0.5689820409183716,all,,CS_POS3_SAM,0.8672166346479828,0.9531648596938775,0.928887005991648,0.99921875,0.8678050435372611,15360,15348,0,True,0.0010723522361698102,77,True,False,0.29823459372961125,0,True,CS_MAP
345356,1,person,a photo of a person,0.5689820409183716,all,,CS_POS3_SMART,0.8672166346479828,0.9531648596938775,0.928887005991648,0.99921875,0.8678050435372611,15360,15348,0,True,0.0010723522361698102,77,True,False,0.29823459372961125,0,True,CS_MAP
345356,1,person,a photo of a person,0.5689820409183716,all,,CS_POS3_CASR,0.5689820409183716,0.7938456632653061,0.7252881499973443,0.6838441506410257,0.7720796109917449,19968,13655,114,True,0.025540865384615384,77,True,False,0.0,0,False,CS_MAP
278848,6,bus,a photo of a bus,0.3234275053304904,all,,CS_POS3_SAM,0.45584543661466737,0.7580715880102041,0.6262277919758599,0.4700688762538714,0.9377535964588712,21633,10169,253,True,0.009642503239576187,28,True,False,0.13241793128417695,0,True,CS_MAP
278848,6,bus,a photo of a bus,0.3234275053304904,all,,CS_POS3_SMART,0.45584543661466737,0.7580715880102041,0.6262277919758599,0.4700688762538714,0.9377535964588712,21633,10169,253,True,0.009642503239576187,28,True,False,0.13241793128417695,0,True,CS_MAP
278848,6,bus,a photo of a bus,0.3234275053304904,all,,CS_POS3_CASR,0.45584543661466737,0.7580715880102041,0.6262277919758599,0.4700688762538714,0.9377535964588712,21633,10169,253,True,0.009642503239576187,28,True,False,0.13241793128417695,0,True,CS_MAP
278848,28,umbrella,a photo of a umbrella,0.3600785735871865,all,,CS_POS3_SAM,0.6880256307569083,0.9689492984693877,0.8151838671411625,0.961926091825308,0.7072869493618773,3572,3436,40,True,0.004351046102573597,1,True,False,0.3279470571697218,2,True,CS_MAP
278848,28,umbrella,a photo of a umbrella,0.3600785735871865,all,,CS_POS3_SMART,0.65625,0.9633888711734694,0.7924528301886793,0.8782870022539444,0.7219020172910663,3993,3507,226,True,0.021851482455345,1,True,False,0.2961714264128135,1,True,CS_MAP
278848,28,umbrella,a photo of a umbrella,0.3600785735871865,all,,CS_POS3_CASR,0.65625,0.9633888711734694,0.7924528301886793,0.8782870022539444,0.7219020172910663,3993,3507,226,True,0.021851482455345,1,True,False,0.2961714264128135,1,True,CS_MAP
321333,1,person,a photo of a person,0.6673373776202774,all,,CS_POS3_SAM,0.584379866794791,0.7500199298469388,0.7376764613614974,0.9743646408839779,0.593504963822985,18100,17636,306,True,0.013934942287513116,88,True,False,-0.08295751082548641,0,True,CS_MAP
321333,1,person,a photo of a person,0.6673373776202774,all,,CS_POS3_SMART,0.584379866794791,0.7500199298469388,0.7376764613614974,0.9743646408839779,0.593504963822985,18100,17636,306,True,0.013934942287513116,88,True,False,-0.08295751082548641,0,True,CS_MAP
321333,1,person,a photo of a person,0.6673373776202774,all,,CS_POS3_CASR,0.6673373776202774,0.7792370854591837,0.8004827176281993,0.8611455588280886,0.7478041393235739,25804,22221,334,True,0.012167227905203633,88,True,False,0.0,0,False,CS_MAP
321333,88,teddy bear,a photo of a teddy bear,0.5497917079944455,all,,CS_POS3_SAM,0.8692979618246522,0.9838966836734694,0.9300796123226029,0.9772685942898709,0.8872379065543998,5499,5374,71,True,0.009112792297111417,1,True,False,0.3195062538302067,1,True,CS_MAP
321333,88,teddy bear,a photo of a teddy bear,0.5497917079944455,all,,CS_POS3_SMART,0.8692979618246522,0.9838966836734694,0.9300796123226029,0.9772685942898709,0.8872379065543998,5499,5374,71,True,0.009112792297111417,1,True,False,0.3195062538302067,1,True,CS_MAP
321333,88,teddy bear,a photo of a teddy bear,0.5497917079944455,all,,CS_POS3_CASR,0.8692979618246522,0.9838966836734694,0.9300796123226029,0.9772685942898709,0.8872379065543998,5499,5374,71,True,0.009112792297111417,1,True,False,0.3195062538302067,1,True,CS_MAP
117908,44,bottle,a photo of a bottle,0.1677445988716114,all,,CS_POS3_SAM,0.6157286619455833,0.9794523278061225,0.7621683967704729,0.8708487084870848,0.6776045939294504,1897,1652,245,True,0.09217687074829932,82,True,False,0.44798406307397187,1,True,CS_MAP
117908,44,bottle,a photo of a bottle,0.1677445988716114,all,,CS_POS3_SMART,0.6157286619455833,0.9794523278061225,0.7621683967704729,0.8708487084870848,0.6776045939294504,1897,1652,245,True,0.09217687074829932,82,True,False,0.44798406307397187,1,True,CS_MAP
117908,44,bottle,a photo of a bottle,0.1677445988716114,all,,CS_POS3_CASR,0.6157286619455833,0.9794523278061225,0.7621683967704729,0.8708487084870848,0.6776045939294504,1897,1652,245,True,0.09217687074829932,82,True,False,0.44798406307397187,1,True,CS_MAP
117908,1,person,a photo of a person,0.7799618222153434,all,,CS_POS3_SAM,0.24401353461738678,0.7684550382653061,0.3923004498378492,0.9640102827763496,0.2462568951930654,3890,3750,99,True,0.008614649025184452,82,True,False,-0.5359482875979567,2,True,CS_MAP
117908,1,person,a photo of a person,0.7799618222153434,all,,CS_POS3_SMART,0.20982765352222657,0.7176538584183674,0.34687197455165736,0.5820826241683429,0.2470449172576832,6463,3762,2603,True,0.11182831065246886,82,True,False,-0.5701341686931168,1,True,CS_MAP
117908,1,person,a photo of a person,0.7799618222153434,all,,CS_POS3_CASR,0.20982765352222657,0.7176538584183674,0.34687197455165736,0.5820826241683429,0.2470449172576832,6463,3762,2603,True,0.11182831065246886,82,True,False,-0.5701341686931168,1,True,CS_MAP
101762,2,bicycle,a photo of a bicycle,0.8065221223338621,all,,CS_POS3_SAM,0.19230911855230468,0.5659080038265306,0.32258265169657574,0.9978833942659227,0.19238759459860513,5197,5186,0,True,0.0,-1,True,False,-0.6142130037815574,1,True,CS_MAP
101762,2,bicycle,a photo of a bicycle,0.8065221223338621,all,,CS_POS3_SMART,0.9045769045769045,0.948600924744898,0.9498980087421078,0.9971042864717158,0.9069594895385072,24519,24448,7,True,0.006188164671879053,17,True,False,0.09805478224304243,0,True,CS_MAP
101762,2,bicycle,a photo of a bicycle,0.8065221223338621,all,,CS_POS3_CASR,0.9045769045769045,0.948600924744898,0.9498980087421078,0.9971042864717158,0.9069594895385072,24519,24448,7,True,0.006188164671879053,17,True,False,0.09805478224304243,0,True,CS_MAP
101762,17,cat,a photo of a cat,0.21581589958158995,all,,CS_POS3_SAM,0.7523164647184605,0.9861487563775511,0.8586536505999594,0.925065731814198,0.8011385199240987,2282,2111,143,True,0.02127213664466101,2,True,False,0.5365005651368705,1,True,CS_MAP
101762,17,cat,a photo of a cat,0.21581589958158995,all,,CS_POS3_SMART,0.7523164647184605,0.9861487563775511,0.8586536505999594,0.925065731814198,0.8011385199240987,2282,2111,143,True,0.02127213664466101,2,True,False,0.5365005651368705,1,True,CS_MAP
101762,17,cat,a photo of a cat,0.21581589958158995,all,,CS_POS3_CASR,0.7523164647184605,0.9861487563775511,0.8586536505999594,0.925065731814198,0.8011385199240987,2282,2111,143,True,0.02127213664466101,2,True,False,0.5365005651368705,1,True,CS_MAP
82812,27,backpack,a photo of a backpack,0.05217878232539198,all,,CS_POS3_SAM,0.1813687223523289,0.9373007015306123,0.3070484581497797,0.19851894047279978,0.6773566569484937,3511,697,2477,False,0.4419889502762431,1,False,False,0.12918994002693693,0,True,CS_MAP
82812,27,backpack,a photo of a backpack,0.05217878232539198,all,,CS_POS3_SMART,0.37462981243830207,0.9747488839285714,0.5450628366247756,0.43223234624145784,0.7376093294460642,1756,759,919,False,0.2408924525013073,1,True,False,0.3224510301129101,1,True,CS_MAP
82812,27,backpack,a photo of a backpack,0.05217878232539198,all,,CS_POS3_CASR,0.37462981243830207,0.9747488839285714,0.5450628366247756,0.43223234624145784,0.7376093294460642,1756,759,919,False,0.2408924525013073,1,True,False,0.3224510301129101,1,True,CS_MAP
82812,7,train,a photo of a train,0.2251112775990481,all,,CS_POS3_SAM,0.8762186629526463,0.9858298788265306,0.9340261668367821,0.9323823638384587,0.9356757761665737,5398,5033,0,True,0.00013886960144424384,33,True,False,0.6511073853535982,1,True,CS_MAP
82812,7,train,a photo of a train,0.2251112775990481,all,,CS_POS3_SMART,0.8762186629526463,0.9858298788265306,0.9340261668367821,0.9323823638384587,0.9356757761665737,5398,5033,0,True,0.00013886960144424384,33,True,False,0.6511073853535982,1,True,CS_MAP
82812,7,train,a photo of a train,0.2251112775990481,all,,CS_POS3_CASR,0.8762186629526463,0.9858298788265306,0.9340261668367821,0.9323823638384587,0.9356757761665737,5398,5033,0,True,0.00013886960144424384,33,True,False,0.6511073853535982,1,True,CS_MAP
54592,35,skis,a photo of a skis,0.09573533717185517,all,,CS_POS3_SAM,0.6878718535469107,0.9864078443877551,0.8150759219088937,0.8707995365005794,0.7660550458715596,1726,1503,49,True,0.003765347885402456,1,True,False,0.5921365163750556,2,True,CS_MAP
54592,35,skis,a photo of a skis,0.09573533717185517,all,,CS_POS3_SMART,0.716741711011052,0.9862085459183674,0.8350023843586075,0.7844982078853047,0.8924566768603466,2232,1751,138,True,0.008430263579127094,1,True,False,0.6210063738391969,1,True,CS_MAP
54592,35,skis,a photo of a skis,0.09573533717185517,all,,CS_POS3_CASR,0.716741711011052,0.9862085459183674,0.8350023843586075,0.7844982078853047,0.8924566768603466,2232,1751,138,True,0.008430263579127094,1,True,False,0.6210063738391969,1,True,CS_MAP
54592,1,person,a photo of a person,0.6015446347672261,all,,CS_POS3_SAM,0.2540234628308672,0.7478077168367347,0.405133508837909,0.9359252823631624,0.25851931845452364,4604,4309,0,True,0.0,-1,True,False,-0.3475211719363589,2,True,CS_MAP
54592,1,person,a photo of a person,0.6015446347672261,all,,CS_POS3_SMART,0.4349605100390142,0.763313137755102,0.6062334217506631,0.6775867180551438,0.5484761219102472,13492,9142,56,True,0.005188679245283019,27,True,False,-0.16658412472821188,0,True,CS_MAP
54592,1,person,a photo of a person,0.6015446347672261,all,,CS_POS3_CASR,0.6015446347672261,0.8159478635204082,0.7512055820469301,0.6817270549117402,0.8364530837532997,20451,13942,1401,True,0.06967874431568138,27,True,False,0.0,0,False,CS_MAP
27696,1,person,a photo of a person,0.09842348227506315,all,,CS_POS3_SAM,0.749288906948395,0.9877032844387755,0.856678281068525,0.9021526418786693,0.8155683325961963,2044,1844,0,True,0.007933989209774674,49,True,False,0.6508654246733319,1,True,CS_MAP
27696,1,person,a photo of a person,0.09842348227506315,all,,CS_POS3_SMART,0.749288906948395,0.9877032844387755,0.856678281068525,0.9021526418786693,0.8155683325961963,2044,1844,0,True,0.007933989209774674,49,True,False,0.6508654246733319,1,True,CS_MAP
27696,1,person,a photo of a person,0.09842348227506315,all,,CS_POS3_CASR,0.749288906948395,0.9877032844387755,0.856678281068525,0.9021526418786693,0.8155683325961963,2044,1844,0,True,0.007933989209774674,49,True,False,0.6508654246733319,1,True,CS_MAP
27696,49,knife,a photo of a knife,0.036308964480360834,all,,CS_POS3_SAM,0.2749621785173979,0.9617944834183674,0.43132601601898546,0.3246985261277356,0.642226148409894,2239,727,378,True,0.09330628803245436,48,True,False,0.23865321403703707,2,True,CS_MAP
27696,49,knife,a photo of a knife,0.036308964480360834,all,,CS_POS3_SMART,0.1830494561871537,0.9206592793367347,0.30945359930615784,0.192531836822793,0.7879858657243817,4633,892,2390,False,0.3980936929628879,1,False,False,0.14674049170679287,0,True,CS_MAP
27696,49,knife,a photo of a knife,0.036308964480360834,all,,CS_POS3_CASR,0.1830494561871537,0.9206592793367347,0.30945359930615784,0.192531836822793,0.7879858657243817,4633,892,2390,False,0.3980936929628879,1,False,False,0.14674049170679287,0,True,CS_MAP
20553,88,teddy bear,a photo of a teddy bear,0.18067349926793558,all,,CS_POS3_SAM,0.5226748654880861,0.9752471301020408,0.6865219586067642,0.927694406548431,0.5448717948717948,1466,1360,0,True,0.0,-1,True,False,0.3420013662201505,1,True,CS_MAP
20553,88,teddy bear,a photo of a teddy bear,0.18067349926793558,all,,CS_POS3_SMART,0.5226748654880861,0.9752471301020408,0.6865219586067642,0.927694406548431,0.5448717948717948,1466,1360,0,True,0.0,-1,True,False,0.3420013662201505,1,True,CS_MAP
20553,88,teddy bear,a photo of a teddy bear,0.18067349926793558,all,,CS_POS3_CASR,0.5226748654880861,0.9752471301020408,0.6865219586067642,0.927694406548431,0.5448717948717948,1466,1360,0,True,0.0,-1,True,False,0.3420013662201505,1,True,CS_MAP
20553,44,bottle,a photo of a bottle,0.054288368252657655,all,,CS_POS3_SAM,0.23259991019308487,0.9659398915816326,0.3774134790528233,0.2334384858044164,0.9847908745247148,2219,518,30,True,0.07120324470482199,86,True,False,0.17831154194042723,1,True,CS_MAP
20553,44,bottle,a photo of a bottle,0.054288368252657655,all,,CS_POS3_SMART,0.23259991019308487,0.9659398915816326,0.3774134790528233,0.2334384858044164,0.9847908745247148,2219,518,30,True,0.07120324470482199,86,True,False,0.17831154194042723,1,True,CS_MAP
20553,44,bottle,a photo of a bottle,0.054288368252657655,all,,CS_POS3_CASR,0.23259991019308487,0.9659398915816326,0.3774134790528233,0.2334384858044164,0.9847908745247148,2219,518,30,True,0.07120324470482199,86,True,False,0.17831154194042723,1,True,CS_MAP
15956,19,horse,a photo of a horse,0.18914464940726172,all,,CS_POS3_SAM,0.7969630173891746,0.9834781568877551,0.8870110399345782,0.978058310790502,0.8114713216957606,3327,3254,0,True,0.0,-1,True,False,0.6078183679819129,1,True,CS_MAP
15956,19,horse,a photo of a horse,0.18914464940726172,all,,CS_POS3_SMART,0.7969630173891746,0.9834781568877551,0.8870110399345782,0.978058310790502,0.8114713216957606,3327,3254,0,True,0.0,-1,True,False,0.6078183679819129,1,True,CS_MAP
15956,19,horse,a photo of a horse,0.18914464940726172,all,,CS_POS3_CASR,0.7969630173891746,0.9834781568877551,0.8870110399345782,0.978058310790502,0.8114713216957606,3327,3254,0,True,0.0,-1,True,False,0.6078183679819129,1,True,CS_MAP
15956,1,person,a photo of a person,0.08703042665306816,all,,CS_POS3_SAM,0.061667488899852,0.924186862244898,0.11617100371747212,0.09031791907514451,0.16276041666666666,2768,250,0,True,0.0,-1,True,False,-0.025362937753216165,0,True,CS_MAP
15956,1,person,a photo of a person,0.08703042665306816,all,,CS_POS3_SMART,0.8043347381095726,0.993522799744898,0.8915582248915582,0.9144421629021219,0.8697916666666666,1461,1336,0,True,0.0,-1,True,False,0.7173043114565044,1,True,CS_MAP
15956,1,person,a photo of a person,0.08703042665306816,all,,CS_POS3_CASR,0.8043347381095726,0.993522799744898,0.8915582248915582,0.9144421629021219,0.8697916666666666,1461,1336,0,True,0.0,-1,True,False,0.7173043114565044,1,True,CS_MAP
20333,32,tie,a photo of a tie,0.18633477778897511,all,,CS_POS3_SAM,0.7987141444114738,0.9918885522959183,0.8880945834478966,0.9073033707865169,0.8696822832525579,1780,1615,161,True,0.07653461036134088,1,True,False,0.6123793666224987,1,True,CS_MAP
20333,32,tie,a photo of a tie,0.18633477778897511,all,,CS_POS3_SMART,0.12238457844549633,0.7450374681122449,0.21807957948780637,0.12300055157198014,0.9606892837910609,14504,1784,12641,False,0.6253092045306601,1,False,True,-0.06395019934347879,0,True,CS_MAP
20333,32,tie,a photo of a tie,0.18633477778897511,all,,CS_POS3_CASR,0.12238457844549633,0.7450374681122449,0.21807957948780637,0.12300055157198014,0.9606892837910609,14504,1784,12641,False,0.6253092045306601,1,False,True,-0.06395019934347879,0,True,CS_MAP
20333,1,person,a photo of a person,0.7924105555160396,all,,CS_POS3_SAM,0.9555755858872006,0.9793726084183674,0.9772832027391848,0.9845221775085128,0.9701499041310789,22613,22263,18,True,0.08006709039548023,32,True,False,0.16316503037116104,0,True,CS_MAP
20333,1,person,a photo of a person,0.7924105555160396,all,,CS_POS3_SMART,0.9555755858872006,0.9793726084183674,0.9772832027391848,0.9845221775085128,0.9701499041310789,22613,22263,18,True,0.08006709039548023,32,True,False,0.16316503037116104,0,True,CS_MAP
20333,1,person,a photo of a person,0.7924105555160396,all,,CS_POS3_CASR,0.9555755858872006,0.9793726084183674,0.9772832027391848,0.9845221775085128,0.9701499041310789,22613,22263,18,True,0.08006709039548023,32,True,False,0.16316503037116104,0,True,CS_MAP
347174,1,person,a photo of a person,0.6073631274314452,all,,CS_POS3_SAM,0.6259724307356354,0.8907645089285714,0.7699668443362572,0.8374874463617273,0.7125213608823986,10953,9173,1271,True,0.07567737304862732,65,True,False,0.018609303304190195,1,True,CS_MAP
347174,1,person,a photo of a person,0.6073631274314452,all,,CS_POS3_SMART,0.4668199737187911,0.7412308673469388,0.6365061590145576,0.49759257638098575,0.8830200403914867,22846,11368,11007,True,0.49997909261969475,65,False,False,-0.14054315371265408,0,True,CS_MAP
347174,1,person,a photo of a person,0.6073631274314452,all,,CS_POS3_CASR,0.6073631274314452,0.8350605867346939,0.7557260920897284,0.6094449204989051,0.9944073326083579,21006,12802,6894,True,0.3026104263951619,65,True,False,0.0,0,False,CS_MAP
347174,65,bed,a photo of a bed,0.6398391392907505,all,,CS_POS3_SAM,0.72380832599673,0.912468112244898,0.8397781993287611,0.8000834144306965,0.8836173806233687,14386,11510,2816,True,0.15035658522175802,1,True,False,0.08396918670597942,0,True,CS_MAP
347174,65,bed,a photo of a bed,0.6398391392907505,all,,CS_POS3_SMART,0.72380832599673,0.912468112244898,0.8397781993287611,0.8000834144306965,0.8836173806233687,14386,11510,2816,True,0.15035658522175802,1,True,False,0.08396918670597942,0,True,CS_MAP
347174,65,bed,a photo of a bed,0.6398391392907505,all,,CS_POS3_CASR,0.72380832599673,0.912468112244898,0.8397781993287611,0.8000834144306965,0.8836173806233687,14386,11510,2816,True,0.15035658522175802,1,True,False,0.08396918670597942,0,True,CS_MAP
116068,38,kite,a photo of a kite,0.31913477537437607,all,,CS_POS3_SAM,0.4385072094995759,0.9340322066326531,0.6096698113207547,1.0,0.4385072094995759,2585,2585,0,True,0.018821022727272728,1,True,False,0.11937243412519982,1,True,CS_MAP
116068,38,kite,a photo of a kite,0.31913477537437607,all,,CS_POS3_SMART,0.811146550276985,0.9775789221938775,0.8957271294837335,0.9873314262362076,0.8196776929601357,4894,4832,56,True,0.03267811744279779,1,True,False,0.49201177490260894,0,True,CS_MAP
116068,38,kite,a photo of a kite,0.31913477537437607,all,,CS_POS3_CASR,0.811146550276985,0.9775789221938775,0.8957271294837335,0.9873314262362076,0.8196776929601357,4894,4832,56,True,0.03267811744279779,1,True,False,0.49201177490260894,0,True,CS_MAP
116068,1,person,a photo of a person,0.4819496995326063,all,,CS_POS3_SAM,0.43957414954670215,0.8657126913265306,0.6107002542177028,0.9525955299206922,0.4494047619047619,5548,5285,3,True,0.00026223776223776224,38,True,False,-0.04237554998590415,1,True,CS_MAP
116068,1,person,a photo of a person,0.4819496995326063,all,,CS_POS3_SMART,0.43957414954670215,0.8657126913265306,0.6107002542177028,0.9525955299206922,0.4494047619047619,5548,5285,3,True,0.00026223776223776224,38,True,False,-0.04237554998590415,1,True,CS_MAP
116068,1,person,a photo of a person,0.4819496995326063,all,,CS_POS3_CASR,0.43957414954670215,0.8657126913265306,0.6107002542177028,0.9525955299206922,0.4494047619047619,5548,5285,3,True,0.00026223776223776224,38,True,False,-0.04237554998590415,1,True,CS_MAP
569700,64,potted plant,a photo of a potted plant,0.8360539389638041,all,,CS_POS3_SAM,0.10943350646213311,0.5591717155612245,0.19727817093086555,0.9624645892351275,0.10990255145364118,2824,2718,0,True,0.0,-1,True,False,-0.726620432501671,1,True,CS_MAP
569700,64,potted plant,a photo of a potted plant,0.8360539389638041,all,,CS_POS3_SMART,0.10943350646213311,0.5591717155612245,0.19727817093086555,0.9624645892351275,0.10990255145364118,2824,2718,0,True,0.0,-1,True,False,-0.726620432501671,1,True,CS_MAP
569700,64,potted plant,a photo of a potted plant,0.8360539389638041,all,,CS_POS3_CASR,0.10943350646213311,0.5591717155612245,0.19727817093086555,0.9624645892351275,0.10990255145364118,2824,2718,0,True,0.0,-1,True,False,-0.726620432501671,1,True,CS_MAP
569700,86,vase,a photo of a vase,0.14518524465138682,all,,CS_POS3_SAM,0.9524940617577197,0.9964126275510204,0.975669099756691,0.9606068671812616,0.9912112057127163,3757,3609,69,True,0.14746042614895075,64,True,False,0.8073088171063328,2,True,CS_MAP
569700,86,vase,a photo of a vase,0.14518524465138682,all,,CS_POS3_SMART,0.2516787912702854,0.7867904974489796,0.40214597071644126,0.25243808321055217,0.9881900576764625,14253,3598,10564,False,0.5694673698619107,64,False,True,0.1064935466188986,0,True,CS_MAP
569700,86,vase,a photo of a vase,0.14518524465138682,all,,CS_POS3_CASR,0.2516787912702854,0.7867904974489796,0.40214597071644126,0.25243808321055217,0.9881900576764625,14253,3598,10564,False,0.5694673698619107,64,False,True,0.1064935466188986,0,True,CS_MAP
353096,76,keyboard,a photo of a keyboard,0.20451020164658154,all,,CS_POS3_SAM,0.9521919879062736,0.9949577487244898,0.975510599167554,0.9710926960878782,0.9799688837028394,5189,5039,0,True,0.0,-1,True,False,0.7476817862596921,0,True,CS_MAP
353096,76,keyboard,a photo of a keyboard,0.20451020164658154,all,,CS_POS3_SMART,0.9521919879062736,0.9949577487244898,0.975510599167554,0.9710926960878782,0.9799688837028394,5189,5039,0,True,0.0,-1,True,False,0.7476817862596921,0,True,CS_MAP
353096,76,keyboard,a photo of a keyboard,0.20451020164658154,all,,CS_POS3_CASR,0.9521919879062736,0.9949577487244898,0.975510599167554,0.9710926960878782,0.9799688837028394,5189,5039,0,True,0.0,-1,True,False,0.7476817862596921,0,True,CS_MAP
353096,72,tv,a photo of a tv,0.36007739609838846,all,,CS_POS3_SAM,0.8781630740393627,0.9326371173469388,0.935129740518962,0.9865953914064715,0.8887672832074714,24693,24362,243,True,0.008211678832116789,76,True,False,0.5180856779409742,0,True,CS_MAP
353096,72,tv,a photo of a tv,0.36007739609838846,all,,CS_POS3_SMART,0.8781630740393627,0.9326371173469388,0.935129740518962,0.9865953914064715,0.8887672832074714,24693,24362,243,True,0.008211678832116789,76,True,False,0.5180856779409742,0,True,CS_MAP
353096,72,tv,a photo of a tv,0.36007739609838846,all,,CS_POS3_CASR,0.36007739609838846,0.5188337053571429,0.5294954494962291,0.568362480127186,0.4956039546167597,23902,13585,646,True,0.022748080850764137,76,True,False,0.0,0,False,CS_MAP
393115,1,person,a photo of a person,0.6198177799342283,all,,CS_POS3_SAM,0.34560270844815366,0.6687061543367347,0.5136771890816535,0.38896765618077095,0.7560933597450693,22570,8779,30,True,0.0015195347885801117,41,True,False,-0.2742150714860746,0,True,CS_MAP
393115,1,person,a photo of a person,0.6198177799342283,all,,CS_POS3_SMART,0.5984786184210527,0.8832310267857143,0.7488102893890676,0.7455181833703262,0.7521315993454483,11714,8733,35,True,0.0026117485870868298,41,True,False,-0.02133916151317561,1,True,CS_MAP
393115,1,person,a photo of a person,0.6198177799342283,all,,CS_POS3_CASR,0.5984786184210527,0.8832310267857143,0.7488102893890676,0.7455181833703262,0.7521315993454483,11714,8733,35,True,0.0026117485870868298,41,True,False,-0.02133916151317561,1,True,CS_MAP
393115,41,skateboard,a photo of a skateboard,0.4112566438876234,all,,CS_POS3_SAM,0.8108834397044004,0.9551179846938775,0.8955666852161009,0.9792110333637563,0.8250875843800735,9861,9656,37,True,0.0022404779686333084,1,True,False,0.39962679581677696,1,True,CS_MAP
393115,41,skateboard,a photo of a skateboard,0.4112566438876234,all,,CS_POS3_SMART,0.8108834397044004,0.9551179846938775,0.8955666852161009,0.9792110333637563,0.8250875843800735,9861,9656,37,True,0.0022404779686333084,1,True,False,0.39962679581677696,1,True,CS_MAP
393115,41,skateboard,a photo of a skateboard,0.4112566438876234,all,,CS_POS3_CASR,0.4112566438876234,0.7527503188775511,0.5828233236935907,0.4805101192126421,0.7404938904554388,18035,8666,2123,True,0.07964601769911504,1,True,False,0.0,1,False,CS_MAP
409424,55,orange,a photo of a orange,0.28107037935879425,all,,CS_POS3_SAM,0.6070763500931099,0.953742825255102,0.7555040556199305,0.7127807592923872,0.8036754818467056,5031,3586,1445,True,0.16642055522740698,53,True,False,0.32600597073431564,2,True,CS_MAP
409424,55,orange,a photo of a orange,0.28107037935879425,all,,CS_POS3_SMART,0.3895544346364018,0.8842275191326531,0.5606897073281404,0.42312521401666475,0.8307933662034962,8761,3707,5054,False,0.28341242688444984,53,True,False,0.10848405527760757,1,True,CS_MAP
409424,55,orange,a photo of a orange,0.28107037935879425,all,,CS_POS3_CASR,0.3895544346364018,0.8842275191326531,0.5606897073281404,0.42312521401666475,0.8307933662034962,8761,3707,5054,False,0.28341242688444984,53,True,False,0.10848405527760757,1,True,CS_MAP
409424,67,dining table,a photo of a dining table,0.2536195200971955,all,,CS_POS3_SAM,0.24440545888496767,0.2617984693877551,0.3928067932198944,0.7542810375220348,0.26554811826765373,15884,11981,0,True,0.0002949852507374631,55,True,False,-0.009214061212227842,0,True,CS_MAP
409424,67,dining table,a photo of a dining table,0.2536195200971955,all,,CS_POS3_SMART,0.24440545888496767,0.2617984693877551,0.3928067932198944,0.7542810375220348,0.26554811826765373,15884,11981,0,True,0.0002949852507374631,55,True,False,-0.009214061212227842,0,True,CS_MAP
409424,67,dining table,a photo of a dining table,0.2536195200971955,all,,CS_POS3_CASR,0.2536195200971955,0.2653858418367347,0.4046196091099984,0.7458909004287756,0.27760539030985415,16792,12525,0,True,0.044627936695173495,55,True,False,0.0,0,False,CS_MAP
156278,51,bowl,a photo of a bowl,0.05382734985380818,all,,CS_POS3_SAM,0.24627124523066252,0.9566924426020408,0.39521291399944336,0.45984455958549225,0.34651049292337727,1544,710,0,True,0.0,-1,True,False,0.19244389537685433,1,True,CS_MAP
156278,51,bowl,a photo of a bowl,0.05382734985380818,all,,CS_POS3_SMART,0.24627124523066252,0.9566924426020408,0.39521291399944336,0.45984455958549225,0.34651049292337727,1544,710,0,True,0.0,-1,True,False,0.19244389537685433,1,True,CS_MAP
156278,51,bowl,a photo of a bowl,0.05382734985380818,all,,CS_POS3_CASR,0.24627124523066252,0.9566924426020408,0.39521291399944336,0.45984455958549225,0.34651049292337727,1544,710,0,True,0.0,-1,True,False,0.19244389537685433,1,True,CS_MAP
156278,49,knife,a photo of a knife,0.03235696429413707,all,,CS_POS3_SAM,0.0339897315916033,0.7037627551020408,0.06574481458202389,0.0344169518294288,0.7324929971988795,15196,523,0,True,0.0,-1,True,False,0.0016327672974662324,0,True,CS_MAP
156278,49,knife,a photo of a knife,0.03235696429413707,all,,CS_POS3_SMART,0.0762061403508772,0.8656728316326531,0.14161996943453897,0.07789296721770804,0.7787114845938375,7138,556,0,True,0.0,-1,True,False,0.04384917605674012,1,True,CS_MAP
156278,49,knife,a photo of a knife,0.03235696429413707,all,,CS_POS3_CASR,0.03235696429413707,0.5911391900510204,0.06268561246401974,0.03239975440419402,0.9607843137254902,21173,686,3880,False,0.09233736299920034,51,False,False,0.0,1,False,CS_MAP
456143,57,carrot,a photo of a carrot,0.05432711481366597,all,,CS_POS3_SAM,0.6346423562412342,0.989616549744898,0.7764907764907765,0.900497512437811,0.6825037707390649,1005,905,73,True,0.02637768817204301,54,True,False,0.5803152414275683,2,True,CS_MAP
456143,57,carrot,a photo of a carrot,0.05432711481366597,all,,CS_POS3_SMART,0.6346423562412342,0.989616549744898,0.7764907764907765,0.900497512437811,0.6825037707390649,1005,905,73,True,0.02637768817204301,54,True,False,0.5803152414275683,2,True,CS_MAP
456143,57,carrot,a photo of a carrot,0.05432711481366597,all,,CS_POS3_CASR,0.6346423562412342,0.989616549744898,0.7764907764907765,0.900497512437811,0.6825037707390649,1005,905,73,True,0.02637768817204301,54,True,False,0.5803152414275683,2,True,CS_MAP
456143,54,sandwich,a photo of a sandwich,0.5062661347101619,all,,CS_POS3_SAM,0.3165824692014535,0.846320950255102,0.48091551666105686,0.9807797913234486,0.3185588156603942,3642,3572,0,True,0.0,-1,True,False,-0.1896836655087084,2,True,CS_MAP
456143,54,sandwich,a photo of a sandwich,0.5062661347101619,all,,CS_POS3_SMART,0.3165824692014535,0.846320950255102,0.48091551666105686,0.9807797913234486,0.3185588156603942,3642,3572,0,True,0.0,-1,True,False,-0.1896836655087084,2,True,CS_MAP
456143,54,sandwich,a photo of a sandwich,0.5062661347101619,all,,CS_POS3_CASR,0.3165824692014535,0.846320950255102,0.48091551666105686,0.9807797913234486,0.3185588156603942,3642,3572,0,True,0.0,-1,True,False,-0.1896836655087084,2,True,CS_MAP
31620,62,chair,a photo of a chair,0.04287714385719286,all,,CS_POS3_SAM,0.20869565217391303,0.9510323660714286,0.34532374100719426,0.2147117296222664,0.8816326530612245,3018,648,5,True,0.0006936736958934517,1,True,False,0.16581850831672018,1,True,CS_MAP
31620,62,chair,a photo of a chair,0.04287714385719286,all,,CS_POS3_SMART,0.20869565217391303,0.9510323660714286,0.34532374100719426,0.2147117296222664,0.8816326530612245,3018,648,5,True,0.0006936736958934517,1,True,False,0.16581850831672018,1,True,CS_MAP
31620,62,chair,a photo of a chair,0.04287714385719286,all,,CS_POS3_CASR,0.20869565217391303,0.9510323660714286,0.34532374100719426,0.2147117296222664,0.8816326530612245,3018,648,5,True,0.0006936736958934517,1,True,False,0.16581850831672018,1,True,CS_MAP
31620,1,person,a photo of a person,0.16530854430379746,all,,CS_POS3_SAM,0.36219760343658153,0.9437779017857143,0.5317842323651453,0.8754098360655738,0.38188319427890344,1830,1602,134,True,0.06673306772908366,61,True,False,0.19688905913278407,0,True,CS_MAP
31620,1,person,a photo of a person,0.16530854430379746,all,,CS_POS3_SMART,0.36219760343658153,0.9437779017857143,0.5317842323651453,0.8754098360655738,0.38188319427890344,1830,1602,134,True,0.06673306772908366,61,True,False,0.19688905913278407,0,True,CS_MAP
31620,1,person,a photo of a person,0.16530854430379746,all,,CS_POS3_CASR,0.36219760343658153,0.9437779017857143,0.5317842323651453,0.8754098360655738,0.38188319427890344,1830,1602,134,True,0.06673306772908366,61,True,False,0.19688905913278407,0,True,CS_MAP
7574,44,bottle,a photo of a bottle,0.04645629852241422,all,,CS_POS3_SAM,0.03689543108392277,0.8995934311224489,0.07116519174041298,0.041221700128150365,0.2601078167115903,4682,193,89,True,0.014285714285714285,79,True,False,-0.009560867438491452,1,True,CS_MAP
7574,44,bottle,a photo of a bottle,0.04645629852241422,all,,CS_POS3_SMART,0.03689543108392277,0.8995934311224489,0.07116519174041298,0.041221700128150365,0.2601078167115903,4682,193,89,True,0.014285714285714285,79,True,False,-0.009560867438491452,1,True,CS_MAP
7574,44,bottle,a photo of a bottle,0.04645629852241422,all,,CS_POS3_CASR,0.04645629852241422,0.6964684311224489,0.08878784252722269,0.04645629852241422,1.0,15972,742,3844,False,0.09160444363503915,81,False,False,0.0,1,False,CS_MAP
7574,79,oven,a photo of a oven,0.03380748621872711,all,,CS_POS3_SAM,0.015335463258785943,0.8464405293367347,0.030207677784770296,0.018604651162790697,0.0802675585284281,6450,120,671,False,0.09128878281622911,82,False,False,-0.018472022959941166,0,True,CS_MAP
7574,79,oven,a photo of a oven,0.03380748621872711,all,,CS_POS3_SMART,0.018162393162393164,0.8901068239795918,0.035676810073452254,0.024153445417949324,0.06822742474916388,4223,102,665,False,0.10462339917516822,82,False,False,-0.015645093056333947,2,True,CS_MAP
7574,79,oven,a photo of a oven,0.03380748621872711,all,,CS_POS3_CASR,0.03380748621872711,0.5004783163265306,0.06540383324632709,0.03463254748647475,0.5866220735785953,25323,877,3744,False,0.07415703843433152,81,False,False,0.0,2,False,CS_MAP
49060,1,person,a photo of a person,0.06495402131075756,all,,CS_POS3_SAM,0.0498589476266405,0.6912268813775511,0.0949821835387581,0.05262476535698103,0.4868263473053892,15449,813,13941,False,0.5516878048780488,7,False,True,-0.015095073684117062,0,True,CS_MAP
49060,1,person,a photo of a person,0.06495402131075756,all,,CS_POS3_SMART,0.0498589476266405,0.6912268813775511,0.0949821835387581,0.05262476535698103,0.4868263473053892,15449,813,13941,False,0.5516878048780488,7,False,True,-0.015095073684117062,0,True,CS_MAP
49060,1,person,a photo of a person,0.06495402131075756,all,,CS_POS3_CASR,0.06495402131075756,0.6169882015306123,0.12198464912280702,0.0660302700563854,0.7994011976047904,20218,1335,6095,False,0.15941991251822538,7,False,False,0.0,0,False,CS_MAP
49060,7,train,a photo of a train,0.7305147058823529,all,,CS_POS3_SAM,0.7166001692661105,0.8598533163265306,0.8349063248344837,0.9726491986215197,0.7313371447373833,18281,17781,2,True,0.0053413958175862935,1,True,False,-0.013914536616242423,0,True,CS_MAP
49060,7,train,a photo of a train,0.7305147058823529,all,,CS_POS3_SMART,0.7166001692661105,0.8598533163265306,0.8349063248344837,0.9726491986215197,0.7313371447373833,18281,17781,2,True,0.0053413958175862935,1,True,False,-0.013914536616242423,0,True,CS_MAP
49060,7,train,a photo of a train,0.7305147058823529,all,,CS_POS3_CASR,0.7166001692661105,0.8598533163265306,0.8349063248344837,0.9726491986215197,0.7313371447373833,18281,17781,2,True,0.0053413958175862935,1,True,False,-0.013914536616242423,0,True,CS_MAP
127394,62,chair,a photo of a chair,0.036726039016115354,all,,CS_POS3_SAM,0.08829629629629629,0.9386758609693877,0.16226517832834195,0.10692500897021888,0.3363431151241535,2787,298,2447,False,0.22906517143119773,1,False,False,0.051570257280180935,0,True,CS_MAP
127394,62,chair,a photo of a chair,0.036726039016115354,all,,CS_POS3_SMART,0.4379310344827586,0.9870057397959183,0.6091127098321343,0.649616368286445,0.5733634311512416,782,508,83,True,0.008607684799006123,1,True,False,0.40120499546664323,2,True,CS_MAP
127394,62,chair,a photo of a chair,0.036726039016115354,all,,CS_POS3_CASR,0.4379310344827586,0.9870057397959183,0.6091127098321343,0.649616368286445,0.5733634311512416,782,508,83,True,0.008607684799006123,1,True,False,0.40120499546664323,2,True,CS_MAP
127394,50,spoon,a photo of a spoon,0.05551453622519612,all,,CS_POS3_SAM,0.6283474853037231,0.9886599170918368,0.771760930605696,0.8982259570494865,0.6765119549929677,1071,962,109,True,0.03134328358208955,67,True,False,0.572832949078527,2,True,CS_MAP
127394,50,spoon,a photo of a spoon,0.05551453622519612,all,,CS_POS3_SMART,0.6283474853037231,0.9886599170918368,0.771760930605696,0.8982259570494865,0.6765119549929677,1071,962,109,True,0.03134328358208955,67,True,False,0.572832949078527,2,True,CS_MAP
127394,50,spoon,a photo of a spoon,0.05551453622519612,all,,CS_POS3_CASR,0.6283474853037231,0.9886599170918368,0.771760930605696,0.8982259570494865,0.6765119549929677,1071,962,109,True,0.03134328358208955,67,True,False,0.572832949078527,2,True,CS_MAP
287874,1,person,a photo of a person,0.023358959195742164,all,,CS_POS3_SAM,0.0,0.9523477359693877,0.0,0.0,0.0,1832,0,0,False,0.0,-1,False,False,-0.023358959195742164,0,True,CS_MAP
287874,1,person,a photo of a person,0.023358959195742164,all,,CS_POS3_SMART,0.0,0.9611567283163265,0.0,0.0,0.0,1390,0,0,False,0.0,-1,False,False,-0.023358959195742164,1,True,CS_MAP
287874,1,person,a photo of a person,0.023358959195742164,all,,CS_POS3_CASR,0.023358959195742164,0.5392020089285714,0.045651545796012716,0.023364880851783,0.9892665474060823,23668,553,1196,False,0.03918040612492197,7,False,False,0.0,1,False,CS_MAP
287874,7,train,a photo of a train,0.20205787203450754,all,,CS_POS3_SAM,0.8718157733849603,0.9874641262755102,0.931518780620577,0.9396002635624863,0.9235751295336787,4553,4278,0,True,0.0,-1,True,False,0.6697579013504528,1,True,CS_MAP
287874,7,train,a photo of a train,0.20205787203450754,all,,CS_POS3_SMART,0.8718157733849603,0.9874641262755102,0.931518780620577,0.9396002635624863,0.9235751295336787,4553,4278,0,True,0.0,-1,True,False,0.6697579013504528,1,True,CS_MAP
287874,7,train,a photo of a train,0.20205787203450754,all,,CS_POS3_CASR,0.8718157733849603,0.9874641262755102,0.931518780620577,0.9396002635624863,0.9235751295336787,4553,4278,0,True,0.0,-1,True,False,0.6697579013504528,1,True,CS_MAP
331799,52,banana,a photo of a banana,0.0300928340461041,all,,CS_POS3_SAM,0.20711037618850764,0.9617745535714286,0.34315068493150686,0.21382842509603073,0.8682842287694974,2343,501,168,True,0.012957746478873239,53,True,False,0.17701754214240353,0,True,CS_MAP
331799,52,banana,a photo of a banana,0.0300928340461041,all,,CS_POS3_SMART,0.20086580086580086,0.9632095025510204,0.334534967555876,0.21119708693673192,0.804159445407279,2197,464,760,False,0.2058720727018525,53,False,False,0.17077296681969675,1,True,CS_MAP
331799,52,banana,a photo of a banana,0.0300928340461041,all,,CS_POS3_CASR,0.0300928340461041,0.6293646364795918,0.058427421396384994,0.0300928340461041,1.0,19174,577,6041,False,0.1876561625955622,1,False,False,0.0,1,False,CS_MAP
331799,53,apple,a photo of a apple,0.05362247412518482,all,,CS_POS3_SAM,0.050796513375413285,0.9370615433673469,0.09668192219679633,0.0753455193936692,0.13487629688747008,2243,169,103,True,0.006953351785593735,1,True,False,-0.002825960749771532,1,True,CS_MAP
331799,53,apple,a photo of a apple,0.05362247412518482,all,,CS_POS3_SMART,0.050796513375413285,0.9370615433673469,0.09668192219679633,0.0753455193936692,0.13487629688747008,2243,169,103,True,0.006953351785593735,1,True,False,-0.002825960749771532,1,True,CS_MAP
331799,53,apple,a photo of a apple,0.05362247412518482,all,,CS_POS3_CASR,0.050796513375413285,0.9370615433673469,0.09668192219679633,0.0753455193936692,0.13487629688747008,2243,169,103,True,0.006953351785593735,1,True,False,-0.002825960749771532,1,True,CS_MAP
174482,2,bicycle,a photo of a bicycle,0.8562068698146856,all,,CS_POS3_SAM,0.7501677852348994,0.8812978316326531,0.8572524206691592,0.9977126917712692,0.7514601453842599,17925,17884,0,True,0.0,-1,True,False,-0.10603908457978628,1,True,CS_MAP
174482,2,bicycle,a photo of a bicycle,0.8562068698146856,all,,CS_POS3_SMART,0.8583231975841966,0.9326769770408163,0.923760946104541,0.997854600419328,0.8599100802554729,20509,20465,0,True,4.465681239673112e-05,3,True,False,0.002116327769510984,0,True,CS_MAP
174482,2,bicycle,a photo of a bicycle,0.8562068698146856,all,,CS_POS3_CASR,0.8583231975841966,0.9326769770408163,0.923760946104541,0.997854600419328,0.8599100802554729,20509,20465,0,True,4.465681239673112e-05,3,True,False,0.002116327769510984,0,True,CS_MAP
174482,3,car,a photo of a car,0.066842761758016,all,,CS_POS3_SAM,0.5806342780026991,0.975227200255102,0.7346851654215582,0.6146428571428572,0.9129973474801061,2800,1721,1055,True,0.20780427376896873,8,True,False,0.5137915162446831,0,True,CS_MAP
174482,3,car,a photo of a car,0.066842761758016,all,,CS_POS3_SMART,0.5202569169960475,0.9806481186224489,0.6844328891777706,0.8833892617449665,0.5586206896551724,1192,1053,125,True,0.006767916851307255,2,True,False,0.45341415523803147,1,True,CS_MAP
174482,3,car,a photo of a car,0.066842761758016,all,,CS_POS3_CASR,0.5202569169960475,0.9806481186224489,0.6844328891777706,0.8833892617449665,0.5586206896551724,1192,1053,125,True,0.006767916851307255,2,True,False,0.45341415523803147,1,True,CS_MAP
303713,62,chair,a photo of a chair,0.010499885870805753,all,,CS_POS3_SAM,0.0,0.9785754145408163,0.0,0.0,0.0,481,0,481,False,0.011512409947105144,1,False,False,-0.010499885870805753,1,True,CS_MAP
303713,62,chair,a photo of a chair,0.010499885870805753,all,,CS_POS3_SMART,0.0,0.9781369579081632,0.0,0.0,0.0,503,0,503,False,0.012038965079820971,1,False,False,-0.010499885870805753,2,True,CS_MAP
303713,62,chair,a photo of a chair,0.010499885870805753,all,,CS_POS3_CASR,0.0,0.9781369579081632,0.0,0.0,0.0,503,0,503,False,0.012038965079820971,1,False,False,-0.010499885870805753,2,True,CS_MAP
303713,1,person,a photo of a person,0.5425794116969571,all,,CS_POS3_SAM,0.07508189665479066,0.2290935905612245,0.1396766086163564,0.9874213836477987,0.07515377803307724,3180,3140,0,True,0.00026504108136761196,62,True,False,-0.46749751504216647,0,True,CS_MAP
303713,1,person,a photo of a person,0.5425794116969571,all,,CS_POS3_SMART,0.06635739735526913,0.22185905612244897,0.12445620487061039,0.9864912904372556,0.06641774969483737,2813,2775,0,True,0.0,-1,True,False,-0.476222014341688,1,True,CS_MAP
303713,1,person,a photo of a person,0.5425794116969571,all,,CS_POS3_CASR,0.5425794116969571,0.6042330994897959,0.7034703141799068,0.9352046690753166,0.563773006869151,25187,23555,445,True,0.016681126271787996,62,True,False,0.0,1,False,CS_MAP
243344,17,cat,a photo of a cat,0.3198439241917503,all,,CS_POS3_SAM,0.4912708841749578,0.9459901147959183,0.6588620342396777,0.5156650246305419,0.9121645172533984,5075,2617,0,True,0.0006592889098186956,82,True,False,0.1714269599832075,2,True,CS_MAP
243344,17,cat,a photo of a cat,0.3198439241917503,all,,CS_POS3_SMART,0.4912708841749578,0.9459901147959183,0.6588620342396777,0.5156650246305419,0.9121645172533984,5075,2617,0,True,0.0006592889098186956,82,True,False,0.1714269599832075,2,True,CS_MAP
243344,17,cat,a photo of a cat,0.3198439241917503,all,,CS_POS3_CASR,0.4912708841749578,0.9459901147959183,0.6588620342396777,0.5156650246305419,0.9121645172533984,5075,2617,0,True,0.0006592889098186956,82,True,False,0.1714269599832075,2,True,CS_MAP
243344,82,refrigerator,a photo of a refrigerator,0.5501881544502618,all,,CS_POS3_SAM,0.12293597528496858,0.6718351403061225,0.2189545583910445,0.4702526487367563,0.14269815753678744,4908,2308,0,True,0.003095575906100864,17,True,False,-0.42725217916529323,2,True,CS_MAP
243344,82,refrigerator,a photo of a refrigerator,0.5501881544502618,all,,CS_POS3_SMART,0.6113322277501382,0.8598732461734694,0.7587910391437099,0.8523314065510598,0.683751700259676,12975,11059,0,True,0.0015803780264239207,17,True,False,0.06114407329987637,1,True,CS_MAP
243344,82,refrigerator,a photo of a refrigerator,0.5501881544502618,all,,CS_POS3_CASR,0.5501881544502618,0.7808314732142857,0.7098340325602258,0.6191484464902186,0.8316433782614072,21725,13451,1,True,0.0004474636944229752,17,True,False,0.0,1,False,CS_MAP
113403,65,bed,a photo of a bed,0.40958827522862506,all,,CS_POS3_SAM,0.5466076756032716,0.5547672193877551,0.7068472298769126,0.9869906185869246,0.5505744306799133,27288,26933,0,True,0.007973245332329295,88,True,False,0.13701940037464655,0,True,CS_MAP
113403,65,bed,a photo of a bed,0.40958827522862506,all,,CS_POS3_SMART,0.5466076756032716,0.5547672193877551,0.7068472298769126,0.9869906185869246,0.5505744306799133,27288,26933,0,True,0.007973245332329295,88,True,False,0.13701940037464655,0,True,CS_MAP
113403,65,bed,a photo of a bed,0.40958827522862506,all,,CS_POS3_CASR,0.40958827522862506,0.4106943558673469,0.5811459735108718,0.9463025326382802,0.41933439633672676,21677,20513,0,True,0.013204672422549517,88,True,False,0.0,0,False,CS_MAP
113403,88,teddy bear,a photo of a teddy bear,0.8149519615692554,all,,CS_POS3_SAM,0.31065299632655297,0.7494220344387755,0.4740430872202468,0.9971840901091165,0.31092575316907206,5682,5666,16,True,0.1161535631056053,65,True,False,-0.5042989652427025,2,True,CS_MAP
113403,88,teddy bear,a photo of a teddy bear,0.8149519615692554,all,,CS_POS3_SMART,0.5536330285276242,0.837531887755102,0.7126947205187848,0.9960595015269431,0.5548482686714592,10151,10111,40,True,0.20751052782206958,65,True,False,-0.26131893304163123,0,True,CS_MAP
113403,88,teddy bear,a photo of a teddy bear,0.8149519615692554,all,,CS_POS3_CASR,0.5536330285276242,0.837531887755102,0.7126947205187848,0.9960595015269431,0.5548482686714592,10151,10111,40,True,0.20751052782206958,65,True,False,-0.26131893304163123,0,True,CS_MAP
476258,41,skateboard,a photo of a skateboard,0.16626489888844248,all,,CS_POS3_SAM,0.9144789180588703,0.9957150829081632,0.9553293164346561,0.9866952789699571,0.9258960934353605,2330,2299,5,True,0.0010984368398817069,1,True,False,0.7482140191704278,1,True,CS_MAP
476258,41,skateboard,a photo of a skateboard,0.16626489888844248,all,,CS_POS3_SMART,0.9144789180588703,0.9957150829081632,0.9553293164346561,0.9866952789699571,0.9258960934353605,2330,2299,5,True,0.0010984368398817069,1,True,False,0.7482140191704278,1,True,CS_MAP
476258,41,skateboard,a photo of a skateboard,0.16626489888844248,all,,CS_POS3_CASR,0.9144789180588703,0.9957150829081632,0.9553293164346561,0.9866952789699571,0.9258960934353605,2330,2299,5,True,0.0010984368398817069,1,True,False,0.7482140191704278,1,True,CS_MAP
476258,1,person,a photo of a person,0.3857999744756881,all,,CS_POS3_SAM,0.0018899388549193997,0.10534917091836735,0.0037727474478473147,0.002391536773394857,0.008930447573019543,35542,85,0,True,0.0,-1,True,False,-0.3839100356207687,0,True,CS_MAP
476258,1,person,a photo of a person,0.3857999744756881,all,,CS_POS3_SMART,0.002144266232095377,0.30440848214285715,0.004279356384799726,0.00293726012375656,0.007879806682076067,25534,75,0,True,0.0,-1,True,False,-0.3836557082435927,1,True,CS_MAP
476258,1,person,a photo of a person,0.3857999744756881,all,,CS_POS3_CASR,0.3857999744756881,0.7122528698979592,0.5567902750491159,0.3933125162633359,0.952826223996638,23058,9069,130,True,0.005353276913993309,41,True,False,0.0,1,False,CS_MAP
492992,21,cow,a photo of a cow,0.8523465865794074,all,,CS_POS3_SAM,0.9058263757967502,0.9581871811224489,0.9505864619153045,0.9242889204415334,0.9784242424242424,21833,20180,1394,True,0.06504175129767546,16,True,False,0.053479789217342755,0,True,CS_MAP
492992,21,cow,a photo of a cow,0.8523465865794074,all,,CS_POS3_SMART,0.9058263757967502,0.9581871811224489,0.9505864619153045,0.9242889204415334,0.9784242424242424,21833,20180,1394,True,0.06504175129767546,16,True,False,0.053479789217342755,0,True,CS_MAP
492992,21,cow,a photo of a cow,0.8523465865794074,all,,CS_POS3_CASR,0.9058263757967502,0.9581871811224489,0.9505864619153045,0.9242889204415334,0.9784242424242424,21833,20180,1394,True,0.06504175129767546,16,True,False,0.053479789217342755,0,True,CS_MAP
492992,16,bird,a photo of a bird,0.10293087342363381,all,,CS_POS3_SAM,0.8581560283687943,0.9948182397959183,0.9236641221374046,0.9573950091296409,0.892229154849688,1643,1573,0,True,0.0017094017094017094,21,True,False,0.7552251549451605,1,True,CS_MAP
492992,16,bird,a photo of a bird,0.10293087342363381,all,,CS_POS3_SMART,0.8581560283687943,0.9948182397959183,0.9236641221374046,0.9573950091296409,0.892229154849688,1643,1573,0,True,0.0017094017094017094,21,True,False,0.7552251549451605,1,True,CS_MAP
492992,16,bird,a photo of a bird,0.10293087342363381,all,,CS_POS3_CASR,0.8581560283687943,0.9948182397959183,0.9236641221374046,0.9573950091296409,0.892229154849688,1643,1573,0,True,0.0017094017094017094,21,True,False,0.7552251549451605,1,True,CS_MAP
214720,63,couch,a photo of a couch,0.41236997469777903,all,,CS_POS3_SAM,0.5020132638559924,0.9161949936224489,0.6684538358432548,0.8197640688454845,0.564297124600639,5171,4239,743,True,0.0984110028041127,62,True,False,0.0896432891582134,1,True,CS_MAP
214720,63,couch,a photo of a couch,0.41236997469777903,all,,CS_POS3_SMART,0.5020132638559924,0.9161949936224489,0.6684538358432548,0.8197640688454845,0.564297124600639,5171,4239,743,True,0.0984110028041127,62,True,False,0.0896432891582134,1,True,CS_MAP
214720,63,couch,a photo of a couch,0.41236997469777903,all,,CS_POS3_CASR,0.5020132638559924,0.9161949936224489,0.6684538358432548,0.8197640688454845,0.564297124600639,5171,4239,743,True,0.0984110028041127,62,True,False,0.0896432891582134,1,True,CS_MAP
214720,64,potted plant,a photo of a potted plant,0.13725358272219607,all,,CS_POS3_SAM,0.17886363636363636,0.9279934630102041,0.3034509350298824,0.27957371225577266,0.331787521079258,2815,787,114,True,0.011954924056834884,63,True,False,0.0416100536414403,1,True,CS_MAP
214720,64,potted plant,a photo of a potted plant,0.13725358272219607,all,,CS_POS3_SMART,0.35049909255898365,0.9429408482142857,0.5190660171342181,0.4314437308014521,0.6513490725126475,3581,1545,109,True,0.009923525127458121,63,True,False,0.21324550983678758,0,True,CS_MAP
214720,64,potted plant,a photo of a potted plant,0.13725358272219607,all,,CS_POS3_CASR,0.35049909255898365,0.9429408482142857,0.5190660171342181,0.4314437308014521,0.6513490725126475,3581,1545,109,True,0.009923525127458121,63,True,False,0.21324550983678758,0,True,CS_MAP
465129,1,person,a photo of a person,0.657275692179585,all,,CS_POS3_SAM,0.020521768029245598,0.7650470344387755,0.04021818773915167,0.09603421461897356,0.025435073627844713,2572,247,0,True,0.0,-1,True,False,-0.6367539241503395,1,True,CS_MAP
465129,1,person,a photo of a person,0.657275692179585,all,,CS_POS3_SMART,0.020521768029245598,0.7650470344387755,0.04021818773915167,0.09603421461897356,0.025435073627844713,2572,247,0,True,0.0,-1,True,False,-0.6367539241503395,1,True,CS_MAP
465129,1,person,a photo of a person,0.657275692179585,all,,CS_POS3_CASR,0.657275692179585,0.9015664859693877,0.7932001842314617,0.6683601467682755,0.9753887344248791,14172,9472,373,True,0.010323660714285714,47,True,False,0.0,1,False,CS_MAP
465129,79,oven,a photo of a oven,0.04017116409047245,all,,CS_POS3_SAM,0.0,0.9179886798469388,0.0,0.0,0.0,3195,0,203,False,0.015980477052664723,1,False,False,-0.04017116409047245,1,True,CS_MAP
465129,79,oven,a photo of a oven,0.04017116409047245,all,,CS_POS3_SMART,0.0,0.9179886798469388,0.0,0.0,0.0,3195,0,203,False,0.015980477052664723,1,False,False,-0.04017116409047245,1,True,CS_MAP
465129,79,oven,a photo of a oven,0.04017116409047245,all,,CS_POS3_CASR,0.04017116409047245,0.5619021045918368,0.07723952648812023,0.04017116409047245,1.0,22902,920,1995,False,0.03602305475504323,81,True,False,0.0,1,False,CS_MAP
528705,88,teddy bear,a photo of a teddy bear,0.48906048906048905,all,,CS_POS3_SAM,0.942533322691356,0.9856505102040817,0.9704166324266579,0.9897745369206269,0.9518014024341098,11931,11809,0,True,0.0,-1,True,False,0.453472833630867,1,True,CS_MAP
528705,88,teddy bear,a photo of a teddy bear,0.48906048906048905,all,,CS_POS3_SMART,0.4410055946062258,0.6893534757653061,0.6120803364774395,0.442752214301145,0.9911340372370436,27774,12297,0,True,0.0,-1,True,False,-0.04805489445426325,0,True,CS_MAP
528705,88,teddy bear,a photo of a teddy bear,0.48906048906048905,all,,CS_POS3_CASR,0.4410055946062258,0.6893534757653061,0.6120803364774395,0.442752214301145,0.9911340372370436,27774,12297,0,True,0.0,-1,True,False,-0.04805489445426325,0,True,CS_MAP
528705,1,person,a photo of a person,0.03644420329173449,all,,CS_POS3_SAM,0.0,0.6195790816326531,0.0,0.0,0.0,18017,0,18,False,0.0005919884233374992,88,False,False,-0.03644420329173449,1,True,CS_MAP
528705,1,person,a photo of a person,0.03644420329173449,all,,CS_POS3_SMART,0.0,0.6441525829081632,0.0,0.0,0.0,16784,0,9,False,0.00030840929340004113,88,False,False,-0.03644420329173449,2,True,CS_MAP
528705,1,person,a photo of a person,0.03644420329173449,all,,CS_POS3_CASR,0.03644420329173449,0.5752949617346939,0.07032545153127999,0.036886183698686556,0.7525676937441643,21851,806,611,True,0.018159122655808838,88,True,False,0.0,2,False,CS_MAP
132544,1,person,a photo of a person,0.33897983212427363,all,,CS_POS3_SAM,0.2886631188517981,0.8241788903061225,0.4480040045050682,0.9536494405966969,0.2927706902191691,3754,3580,0,True,0.0009891196834817012,39,True,False,-0.050316713272475555,0,True,CS_MAP
132544,1,person,a photo of a person,0.33897983212427363,all,,CS_POS3_SMART,0.26785714285714285,0.8194156568877551,0.4225352112676056,0.9572624891712388,0.271099116781158,3463,3315,0,True,0.0,-1,True,False,-0.07112268926713078,1,True,CS_MAP
132544,1,person,a photo of a person,0.33897983212427363,all,,CS_POS3_CASR,0.33897983212427363,0.6531409438775511,0.5063255233448687,0.3876053157300443,0.7298822374877331,23026,8925,5296,True,0.1199708953946242,28,True,False,0.0,1,False,CS_MAP
132544,28,umbrella,a photo of a umbrella,0.17858005312726394,all,,CS_POS3_SAM,0.7386150966936993,0.9832987882653061,0.849659131682813,0.9732840115084258,0.7539000318369946,2433,2368,0,True,0.0008191685439279131,1,True,False,0.5600350435664354,1,True,CS_MAP
132544,28,umbrella,a photo of a umbrella,0.17858005312726394,all,,CS_POS3_SMART,0.7386150966936993,0.9832987882653061,0.849659131682813,0.9732840115084258,0.7539000318369946,2433,2368,0,True,0.0008191685439279131,1,True,False,0.5600350435664354,1,True,CS_MAP
132544,28,umbrella,a photo of a umbrella,0.17858005312726394,all,,CS_POS3_CASR,0.7386150966936993,0.9832987882653061,0.849659131682813,0.9732840115084258,0.7539000318369946,2433,2368,0,True,0.0008191685439279131,1,True,False,0.5600350435664354,1,True,CS_MAP
356094,1,person,a photo of a person,0.5626359286646369,all,,CS_POS3_SAM,0.02204045450882424,0.5162826849489796,0.04313029765424798,0.053966061562746644,0.03591831374351566,10136,547,0,True,0.0,-1,True,False,-0.5405954741558127,1,True,CS_MAP
356094,1,person,a photo of a person,0.5626359286646369,all,,CS_POS3_SMART,0.12308172907962045,0.5524354272959183,0.21918570286151384,0.23292935264558084,0.2069735373300939,13532,3152,0,True,0.0,-1,True,False,-0.4395541995850164,0,True,CS_MAP
356094,1,person,a photo of a person,0.5626359286646369,all,,CS_POS3_CASR,0.5626359286646369,0.7996053890306123,0.7201113430758525,0.625,0.8493663405345065,20696,12935,150,True,0.00676459219172787,40,True,False,0.0,0,False,CS_MAP
356094,39,baseball bat,a photo of a baseball bat,0.033498349834983496,all,,CS_POS3_SAM,0.8791044776119403,0.9983856823979592,0.9356632247815727,0.9061538461538462,0.9671592775041051,650,589,8,True,0.0008193621580738687,1,True,False,0.8456061277769569,2,True,CS_MAP
356094,39,baseball bat,a photo of a baseball bat,0.033498349834983496,all,,CS_POS3_SMART,0.8680351906158358,0.9982063137755102,0.9293563579277865,0.8902255639097745,0.9720853858784894,665,592,8,True,0.0008185882501101946,1,True,False,0.8345368407808523,1,True,CS_MAP
356094,39,baseball bat,a photo of a baseball bat,0.033498349834983496,all,,CS_POS3_CASR,0.8680351906158358,0.9982063137755102,0.9293563579277865,0.8902255639097745,0.9720853858784894,665,592,8,True,0.0008185882501101946,1,True,False,0.8345368407808523,1,True,CS_MAP
7816,1,person,a photo of a person,0.18500648718780408,all,,CS_POS3_SAM,0.0019722369718576955,0.7377830038265306,0.00393670981906276,0.0031317754757889667,0.005298553087426126,8302,26,41,False,0.0025774816118689886,4,False,False,-0.18303425021594638,2,True,CS_MAP
7816,1,person,a photo of a person,0.18500648718780408,all,,CS_POS3_SMART,0.17135053110773898,0.7279177295918368,0.2925691781531765,0.19616426933500103,0.5753005909924598,14391,2823,7337,False,0.5076281042621605,4,False,True,-0.01365595608006509,0,True,CS_MAP
7816,1,person,a photo of a person,0.18500648718780408,all,,CS_POS3_CASR,0.17135053110773898,0.7279177295918368,0.2925691781531765,0.19616426933500103,0.5753005909924598,14391,2823,7337,False,0.5076281042621605,4,False,True,-0.01365595608006509,0,True,CS_MAP
7816,4,motorcycle,a photo of a motorcycle,0.3507698102547201,all,,CS_POS3_SAM,0.7678295770299475,0.9550382653061225,0.868669228082431,0.7827318506084767,0.9758043421396809,9532,7461,1994,True,0.16886586254351169,1,True,False,0.4170597667752274,0,True,CS_MAP
7816,4,motorcycle,a photo of a motorcycle,0.3507698102547201,all,,CS_POS3_SMART,0.7678295770299475,0.9550382653061225,0.868669228082431,0.7827318506084767,0.9758043421396809,9532,7461,1994,True,0.16886586254351169,1,True,False,0.4170597667752274,0,True,CS_MAP
7816,4,motorcycle,a photo of a motorcycle,0.3507698102547201,all,,CS_POS3_CASR,0.7678295770299475,0.9550382653061225,0.868669228082431,0.7827318506084767,0.9758043421396809,9532,7461,1994,True,0.16886586254351169,1,True,False,0.4170597667752274,0,True,CS_MAP
197388,35,skis,a photo of a skis,0.020424628450106157,all,,CS_POS3_SAM,0.004383248368192863,0.5835259885204082,0.008728238698353968,0.004472750255238466,0.1796875,20569,92,25,True,0.0009016807328860997,1,True,False,-0.016041380081913297,0,True,CS_MAP
197388,35,skis,a photo of a skis,0.020424628450106157,all,,CS_POS3_SMART,0.004383248368192863,0.5835259885204082,0.008728238698353968,0.004472750255238466,0.1796875,20569,92,25,True,0.0009016807328860997,1,True,False,-0.016041380081913297,0,True,CS_MAP
197388,35,skis,a photo of a skis,0.020424628450106157,all,,CS_POS3_CASR,0.020424628450106157,0.5402383609693877,0.04003162581665349,0.020451549810791274,0.939453125,23519,481,1543,False,0.05770688348377317,1,False,False,0.0,0,False,CS_MAP
197388,1,person,a photo of a person,0.22223053612181526,all,,CS_POS3_SAM,0.6687466087900162,0.9513313137755102,0.8014956917574378,0.962890625,0.6864383180172654,5120,4930,1,True,0.0017787264318747777,35,True,False,0.446516072668201,0,True,CS_MAP
197388,1,person,a photo of a person,0.22223053612181526,all,,CS_POS3_SMART,0.6687466087900162,0.9513313137755102,0.8014956917574378,0.962890625,0.6864383180172654,5120,4930,1,True,0.0017787264318747777,35,True,False,0.446516072668201,0,True,CS_MAP
197388,1,person,a photo of a person,0.22223053612181526,all,,CS_POS3_CASR,0.6687466087900162,0.9513313137755102,0.8014956917574378,0.962890625,0.6864383180172654,5120,4930,1,True,0.0017787264318747777,35,True,False,0.446516072668201,0,True,CS_MAP
457848,4,motorcycle,a photo of a motorcycle,0.5211583823571205,all,,CS_POS3_SAM,0.17849234036098893,0.4602798150510204,0.3029164199850704,0.9387364390555201,0.1805960529142752,6268,5884,0,True,0.0,-1,True,False,-0.3426660419961316,1,True,CS_MAP
457848,4,motorcycle,a photo of a motorcycle,0.5211583823571205,all,,CS_POS3_SMART,0.5651654878085176,0.7096221301020408,0.722179848981771,0.9533806575039018,0.5812283232558854,19863,18937,3,True,0.00017649913956669462,1,True,False,0.04400710545139708,0,True,CS_MAP
457848,4,motorcycle,a photo of a motorcycle,0.5211583823571205,all,,CS_POS3_CASR,0.5651654878085176,0.7096221301020408,0.722179848981771,0.9533806575039018,0.5812283232558854,19863,18937,3,True,0.00017649913956669462,1,True,False,0.04400710545139708,0,True,CS_MAP
457848,1,person,a photo of a person,0.04324121075390111,all,,CS_POS3_SAM,0.0006847833922006775,0.44740513392857145,0.001368629569602017,0.0007611874524257842,0.006776034236804565,24961,19,23819,False,0.7069712251557402,4,False,True,-0.042556427361700434,0,True,CS_MAP
457848,1,person,a photo of a person,0.04324121075390111,all,,CS_POS3_SMART,0.0006847833922006775,0.44740513392857145,0.001368629569602017,0.0007611874524257842,0.006776034236804565,24961,19,23819,False,0.7069712251557402,4,False,True,-0.042556427361700434,0,True,CS_MAP
457848,1,person,a photo of a person,0.04324121075390111,all,,CS_POS3_CASR,0.04324121075390111,0.49288504464285715,0.08289781942692377,0.04610881680766609,0.41012838801711843,24941,1150,14954,False,0.35247231431191367,4,False,False,0.0,0,False,CS_MAP
212226,8,truck,a photo of a truck,0.5716069199215267,all,,CS_POS3_SAM,0.6694233237878937,0.7331194196428571,0.8019815157116451,0.7138870606818482,0.9148785425101215,37985,27117,5091,True,0.13344739093242086,1,True,False,0.09781640386636703,0,True,CS_MAP
212226,8,truck,a photo of a truck,0.5716069199215267,all,,CS_POS3_SMART,0.6694233237878937,0.7331194196428571,0.8019815157116451,0.7138870606818482,0.9148785425101215,37985,27117,5091,True,0.13344739093242086,1,True,False,0.09781640386636703,0,True,CS_MAP
212226,8,truck,a photo of a truck,0.5716069199215267,all,,CS_POS3_CASR,0.6694233237878937,0.7331194196428571,0.8019815157116451,0.7138870606818482,0.9148785425101215,37985,27117,5091,True,0.13344739093242086,1,True,False,0.09781640386636703,0,True,CS_MAP
212226,1,person,a photo of a person,0.31071448005659247,all,,CS_POS3_SAM,0.8345990279465371,0.9782963966836735,0.9098435300935508,0.8668559709733397,0.9573170731707317,6339,5495,430,True,0.013350232361639206,8,True,False,0.5238845478899445,0,True,CS_MAP
212226,1,person,a photo of a person,0.31071448005659247,all,,CS_POS3_SMART,0.8345990279465371,0.9782963966836735,0.9098435300935508,0.8668559709733397,0.9573170731707317,6339,5495,430,True,0.013350232361639206,8,True,False,0.5238845478899445,0,True,CS_MAP
212226,1,person,a photo of a person,0.31071448005659247,all,,CS_POS3_CASR,0.8345990279465371,0.9782963966836735,0.9098435300935508,0.8668559709733397,0.9573170731707317,6339,5495,430,True,0.013350232361639206,8,True,False,0.5238845478899445,0,True,CS_MAP
111086,9,boat,a photo of a boat,0.6481379016812088,all,,CS_POS3_SAM,0.9586025475355363,0.9821229272959183,0.978863780956196,0.9755765346860176,0.9821732551541517,21291,20771,0,True,0.0,-1,True,False,0.31046464585432754,0,True,CS_MAP
111086,9,boat,a photo of a boat,0.6481379016812088,all,,CS_POS3_SMART,0.9586025475355363,0.9821229272959183,0.978863780956196,0.9755765346860176,0.9821732551541517,21291,20771,0,True,0.0,-1,True,False,0.31046464585432754,0,True,CS_MAP
111086,9,boat,a photo of a boat,0.6481379016812088,all,,CS_POS3_CASR,0.9586025475355363,0.9821229272959183,0.978863780956196,0.9755765346860176,0.9821732551541517,21291,20771,0,True,0.0,-1,True,False,0.31046464585432754,0,True,CS_MAP
111086,3,car,a photo of a car,0.6817339149400218,all,,CS_POS3_SAM,0.4603509300399126,0.8571827168367347,0.6304661716171617,0.9886786349668446,0.46279052161405104,6183,6113,0,True,0.01989660034466552,1,True,False,-0.22138298490010916,1,True,CS_MAP
111086,3,car,a photo of a car,0.6817339149400218,all,,CS_POS3_SMART,0.4603509300399126,0.8571827168367347,0.6304661716171617,0.9886786349668446,0.46279052161405104,6183,6113,0,True,0.01989660034466552,1,True,False,-0.22138298490010916,1,True,CS_MAP
111086,3,car,a photo of a car,0.6817339149400218,all,,CS_POS3_CASR,0.4603509300399126,0.8571827168367347,0.6304661716171617,0.9886786349668446,0.46279052161405104,6183,6113,0,True,0.01989660034466552,1,True,False,-0.22138298490010916,1,True,CS_MAP
384527,84,book,a photo of a book,0.031684027777777776,all,,CS_POS3_SAM,0.0,0.9148596938775511,0.0,0.0,0.0,1846,0,0,False,0.0,-1,False,False,-0.031684027777777776,1,True,CS_MAP
384527,84,book,a photo of a book,0.031684027777777776,all,,CS_POS3_SMART,0.0,0.9208386479591837,0.0,0.0,0.0,1546,0,0,False,0.0,-1,False,False,-0.031684027777777776,2,True,CS_MAP
384527,84,book,a photo of a book,0.031684027777777776,all,,CS_POS3_CASR,0.031684027777777776,0.5109016262755102,0.061421960454354226,0.033851861220016016,0.33099752679307504,23721,803,12698,False,0.4591655211449826,62,False,False,0.0,2,False,CS_MAP
384527,62,chair,a photo of a chair,0.615122289124527,all,,CS_POS3_SAM,0.7465641742371302,0.9349489795918368,0.8548946385702854,0.949723429474516,0.7772837510105093,10124,9615,0,True,0.0,-1,True,False,0.13144188511260313,1,True,CS_MAP
384527,62,chair,a photo of a chair,0.615122289124527,all,,CS_POS3_SMART,0.9047619047619048,0.9757254464285714,0.95,0.9650542118432026,0.9354082457558609,11990,11571,11,True,0.012715138742536002,84,True,False,0.2896396156373777,0,True,CS_MAP
384527,62,chair,a photo of a chair,0.615122289124527,all,,CS_POS3_CASR,0.9047619047619048,0.9757254464285714,0.95,0.9650542118432026,0.9354082457558609,11990,11571,11,True,0.012715138742536002,84,True,False,0.2896396156373777,0,True,CS_MAP
61108,18,dog,a photo of a dog,0.06670677898114721,all,,CS_POS3_SAM,0.5347100175746925,0.9788942920918368,0.696822215860292,0.775653282345443,0.6325363825363826,1569,1217,293,True,0.03882258280809977,2,True,False,0.4680032385935453,1,True,CS_MAP
61108,18,dog,a photo of a dog,0.06670677898114721,all,,CS_POS3_SMART,0.5347100175746925,0.9788942920918368,0.696822215860292,0.775653282345443,0.6325363825363826,1569,1217,293,True,0.03882258280809977,2,True,False,0.4680032385935453,1,True,CS_MAP
61108,18,dog,a photo of a dog,0.06670677898114721,all,,CS_POS3_CASR,0.5347100175746925,0.9788942920918368,0.696822215860292,0.775653282345443,0.6325363825363826,1569,1217,293,True,0.03882258280809977,2,True,False,0.4680032385935453,1,True,CS_MAP
61108,2,bicycle,a photo of a bicycle,0.600483879450902,all,,CS_POS3_SAM,0.2899228099992918,0.800163424744898,0.4495196266813066,0.9540899557212771,0.2940247055443838,4291,4094,0,True,0.0,-1,True,False,-0.31056106945161016,2,True,CS_MAP
61108,2,bicycle,a photo of a bicycle,0.600483879450902,all,,CS_POS3_SMART,0.7544691224268689,0.927734375,0.8600540331918178,0.9295845152678125,0.8002010916403333,11986,11142,9,True,0.05739262637780312,18,True,False,0.15398524297596694,0,True,CS_MAP
61108,2,bicycle,a photo of a bicycle,0.600483879450902,all,,CS_POS3_CASR,0.7544691224268689,0.927734375,0.8600540331918178,0.9295845152678125,0.8002010916403333,11986,11142,9,True,0.05739262637780312,18,True,False,0.15398524297596694,0,True,CS_MAP
245026,61,cake,a photo of a cake,0.48113733506783124,all,,CS_POS3_SAM,0.8697108406832645,0.9767418686224489,0.9303158774705917,0.8844232515894641,0.9812318931855397,8808,7790,9,True,0.002246486599446215,1,True,False,0.3885735056154333,0,True,CS_MAP
245026,61,cake,a photo of a cake,0.48113733506783124,all,,CS_POS3_SMART,0.8697108406832645,0.9767418686224489,0.9303158774705917,0.8844232515894641,0.9812318931855397,8808,7790,9,True,0.002246486599446215,1,True,False,0.3885735056154333,0,True,CS_MAP
245026,61,cake,a photo of a cake,0.48113733506783124,all,,CS_POS3_CASR,0.8697108406832645,0.9767418686224489,0.9303158774705917,0.8844232515894641,0.9812318931855397,8808,7790,9,True,0.002246486599446215,1,True,False,0.3885735056154333,0,True,CS_MAP
245026,1,person,a photo of a person,0.6304676667086853,all,,CS_POS3_SAM,0.20166089350741628,0.6417211415816326,0.3356369414982076,0.27219325061439786,0.4376445643793369,16683,4541,0,True,0.0015049827130364042,61,True,False,-0.428806773201269,0,True,CS_MAP
245026,1,person,a photo of a person,0.6304676667086853,all,,CS_POS3_SMART,0.20166089350741628,0.6417211415816326,0.3356369414982076,0.27219325061439786,0.4376445643793369,16683,4541,0,True,0.0015049827130364042,61,True,False,-0.428806773201269,0,True,CS_MAP
245026,1,person,a photo of a person,0.6304676667086853,all,,CS_POS3_CASR,0.6304676667086853,0.8831513073979592,0.7733580733696702,0.6456464209643065,0.9640516576715498,15493,10003,19,True,0.0009825280874877183,61,True,False,0.0,0,False,CS_MAP
310980,76,keyboard,a photo of a keyboard,0.14600763544797335,all,,CS_POS3_SAM,0.7167056074766355,0.9710020727040817,0.834977883633889,0.7238938053097345,0.9863344051446945,5085,3681,1094,True,0.12769428250521475,73,True,False,0.5706979720286621,1,True,CS_MAP
310980,76,keyboard,a photo of a keyboard,0.14600763544797335,all,,CS_POS3_SMART,0.7167056074766355,0.9710020727040817,0.834977883633889,0.7238938053097345,0.9863344051446945,5085,3681,1094,True,0.12769428250521475,73,True,False,0.5706979720286621,1,True,CS_MAP
310980,76,keyboard,a photo of a keyboard,0.14600763544797335,all,,CS_POS3_CASR,0.7167056074766355,0.9710020727040817,0.834977883633889,0.7238938053097345,0.9863344051446945,5085,3681,1094,True,0.12769428250521475,73,True,False,0.5706979720286621,1,True,CS_MAP
310980,73,laptop,a photo of a laptop,0.6622663146385044,all,,CS_POS3_SAM,0.13088011125076887,0.3522999043367347,0.23146593515737698,0.9406111858543148,0.13197066120159637,5203,4894,0,True,0.7012566641279513,76,False,True,-0.5313862033877355,1,True,CS_MAP
310980,73,laptop,a photo of a laptop,0.6622663146385044,all,,CS_POS3_SMART,0.13088011125076887,0.3522999043367347,0.23146593515737698,0.9406111858543148,0.13197066120159637,5203,4894,0,True,0.7012566641279513,76,False,True,-0.5313862033877355,1,True,CS_MAP
310980,73,laptop,a photo of a laptop,0.6622663146385044,all,,CS_POS3_CASR,0.13088011125076887,0.3522999043367347,0.23146593515737698,0.9406111858543148,0.13197066120159637,5203,4894,0,True,0.7012566641279513,76,False,True,-0.5313862033877355,1,True,CS_MAP
135561,80,toaster,a photo of a toaster,0.02976921448232056,all,,CS_POS3_SAM,0.085621387283237,0.9495575573979592,0.15773710482529119,0.10295395308427455,0.33712660028449504,2302,237,0,True,0.0,-1,True,False,0.055852172800916436,1,True,CS_MAP
135561,80,toaster,a photo of a toaster,0.02976921448232056,all,,CS_POS3_SMART,0.20660377358490567,0.9497169961734694,0.3424550430023456,0.20963624760689215,0.9345661450924608,3134,657,0,True,0.0,-1,True,False,0.1768345591025851,0,True,CS_MAP
135561,80,toaster,a photo of a toaster,0.02976921448232056,all,,CS_POS3_CASR,0.02976921448232056,0.5433673469387755,0.05781725470844642,0.02976921448232056,1.0,23615,703,3240,False,0.11633475220431742,82,False,False,0.0,0,False,CS_MAP
135561,82,refrigerator,a photo of a refrigerator,0.11340319507548,all,,CS_POS3_SAM,0.7986958934517203,0.9710817920918368,0.8880833011955264,0.7988067156930762,0.9998263285863147,7207,5757,0,True,0.0,-1,True,False,0.6852926983762403,1,True,CS_MAP
135561,82,refrigerator,a photo of a refrigerator,0.11340319507548,all,,CS_POS3_SMART,0.3563339315551705,0.7927096619897959,0.5254368754847835,0.3563339315551705,1.0,16159,5758,212,True,0.008354477381026054,51,True,False,0.24293073647969052,0,True,CS_MAP
135561,82,refrigerator,a photo of a refrigerator,0.11340319507548,all,,CS_POS3_CASR,0.11340319507548,0.5177574936224489,0.2037055319709086,0.12566486662065046,0.5375130253560264,24629,3095,415,True,0.00976601427033922,80,True,False,0.0,0,False,CS_MAP
547144,73,laptop,a photo of a laptop,0.06618876941457587,all,,CS_POS3_SAM,0.9178632969557725,0.9971500318877551,0.95717280622941,0.9737964655697745,0.9411071849234394,1641,1598,0,True,0.0,-1,True,False,0.8516745275411967,1,True,CS_MAP
547144,73,laptop,a photo of a laptop,0.06618876941457587,all,,CS_POS3_SMART,0.9178632969557725,0.9971500318877551,0.95717280622941,0.9737964655697745,0.9411071849234394,1641,1598,0,True,0.0,-1,True,False,0.8516745275411967,1,True,CS_MAP
547144,73,laptop,a photo of a laptop,0.06618876941457587,all,,CS_POS3_CASR,0.06618876941457587,0.5326849489795918,0.12415956969968624,0.06628379995214166,0.9787985865724381,25074,1662,8627,False,0.2477425514141374,72,False,False,0.0,1,False,CS_MAP
547144,76,keyboard,a photo of a keyboard,0.09140550807217473,all,,CS_POS3_SAM,0.9204918032786885,0.9961336096938775,0.9586000853606488,0.9631217838765008,0.9541206457094308,2332,2246,8,True,0.003281378178835111,74,True,False,0.8290862952065138,1,True,CS_MAP
547144,76,keyboard,a photo of a keyboard,0.09140550807217473,all,,CS_POS3_SMART,0.2587013579824261,0.8705357142857143,0.4110607434270172,0.2612955278930383,0.9630416312659303,8676,2267,3832,False,0.340107430617726,72,False,False,0.16729584991025137,0,True,CS_MAP
547144,76,keyboard,a photo of a keyboard,0.09140550807217473,all,,CS_POS3_CASR,0.2587013579824261,0.8705357142857143,0.4110607434270172,0.2612955278930383,0.9630416312659303,8676,2267,3832,False,0.340107430617726,72,False,False,0.16729584991025137,0,True,CS_MAP
579321,18,dog,a photo of a dog,0.5588346371729161,all,,CS_POS3_SAM,0.5487674169346195,0.8657525510204082,0.7086505190311418,0.960487747684371,0.5614419847851415,8529,8192,63,True,0.006255099265705739,1,True,False,-0.010067220238296648,2,True,CS_MAP
579321,18,dog,a photo of a dog,0.5588346371729161,all,,CS_POS3_SMART,0.5986344467501171,0.880500637755102,0.748932250230299,0.9625443978043268,0.6129120690836817,9291,8943,56,True,0.00536210349505782,1,True,False,0.03979980957720097,1,True,CS_MAP
579321,18,dog,a photo of a dog,0.5588346371729161,all,,CS_POS3_CASR,0.5986344467501171,0.880500637755102,0.748932250230299,0.9625443978043268,0.6129120690836817,9291,8943,56,True,0.00536210349505782,1,True,False,0.03979980957720097,1,True,CS_MAP
579321,1,person,a photo of a person,0.05650510555142708,all,,CS_POS3_SAM,0.005389596824733654,0.5255500637755102,0.010721409574468085,0.007250042151407857,0.02057088183702759,17793,129,13515,False,0.718439904483948,18,False,True,-0.051115508726693425,0,True,CS_MAP
579321,1,person,a photo of a person,0.05650510555142708,all,,CS_POS3_SMART,0.002849679411066255,0.5815728635204082,0.005683163627752783,0.004042037186742118,0.009567852017222133,14844,60,8992,False,0.4410555174777245,18,False,False,-0.05365542614036082,1,True,CS_MAP
579321,1,person,a photo of a person,0.05650510555142708,all,,CS_POS3_CASR,0.05650510555142708,0.31680484693877553,0.10696608138383785,0.0639265140899891,0.327380003189284,32115,2053,5197,False,0.12677619357795952,18,False,False,0.0,1,False,CS_MAP
395388,1,person,a photo of a person,0.7237316917851836,all,,CS_POS3_SAM,0.3995718872636461,0.8322903380102041,0.5709915880703543,0.9900990099009901,0.40117486925997564,5656,5600,30,True,0.008268733850129198,28,True,False,-0.3241598045215375,0,True,CS_MAP
395388,1,person,a photo of a person,0.7237316917851836,all,,CS_POS3_SMART,0.3995718872636461,0.8322903380102041,0.5709915880703543,0.9900990099009901,0.40117486925997564,5656,5600,30,True,0.008268733850129198,28,True,False,-0.3241598045215375,0,True,CS_MAP
395388,1,person,a photo of a person,0.7237316917851836,all,,CS_POS3_CASR,0.3995718872636461,0.8322903380102041,0.5709915880703543,0.9900990099009901,0.40117486925997564,5656,5600,30,True,0.008268733850129198,28,True,False,-0.3241598045215375,0,True,CS_MAP
395388,20,sheep,a photo of a sheep,0.08741397564849127,all,,CS_POS3_SAM,0.6836679327183939,0.9883808992346939,0.8121173058330647,0.7155025553662692,0.9388971684053651,1761,1260,0,True,0.0,-1,True,False,0.5962539570699026,1,True,CS_MAP
395388,20,sheep,a photo of a sheep,0.08741397564849127,all,,CS_POS3_SMART,0.6836679327183939,0.9883808992346939,0.8121173058330647,0.7155025553662692,0.9388971684053651,1761,1260,0,True,0.0,-1,True,False,0.5962539570699026,1,True,CS_MAP
395388,20,sheep,a photo of a sheep,0.08741397564849127,all,,CS_POS3_CASR,0.6836679327183939,0.9883808992346939,0.8121173058330647,0.7155025553662692,0.9388971684053651,1761,1260,0,True,0.0,-1,True,False,0.5962539570699026,1,True,CS_MAP
243204,54,sandwich,a photo of a sandwich,0.06124934748564469,all,,CS_POS3_SAM,0.15093499554764025,0.9239875637755102,0.2622823984526112,0.15181370353784146,0.9630681818181818,4466,678,3707,False,0.4201808759272432,79,False,False,0.08968564806199557,2,True,CS_MAP
243204,54,sandwich,a photo of a sandwich,0.06124934748564469,all,,CS_POS3_SMART,0.13680909447275577,0.9122289540816326,0.24068965517241378,0.1369701726844584,0.9914772727272727,5096,698,4102,False,0.449727047146402,79,False,False,0.07555974698711108,1,True,CS_MAP
243204,54,sandwich,a photo of a sandwich,0.06124934748564469,all,,CS_POS3_CASR,0.13680909447275577,0.9122289540816326,0.24068965517241378,0.1369701726844584,0.9914772727272727,5096,698,4102,False,0.449727047146402,79,False,False,0.07555974698711108,1,True,CS_MAP
243204,50,spoon,a photo of a spoon,0.12903225806451613,all,,CS_POS3_SAM,0.6105448154657294,0.9779177295918368,0.7581841990397207,0.6163946061036196,0.9846938775510204,2818,1737,495,True,0.18904320987654322,79,True,False,0.48151255740121324,2,True,CS_MAP
243204,50,spoon,a photo of a spoon,0.12903225806451613,all,,CS_POS3_SMART,0.22452146921883084,0.880500637755102,0.36670891423743135,0.22533748701973,0.9841269841269841,7704,1736,3376,False,0.3867719326512527,79,False,False,0.09548921115431472,0,True,CS_MAP
243204,50,spoon,a photo of a spoon,0.12903225806451613,all,,CS_POS3_CASR,0.22452146921883084,0.880500637755102,0.36670891423743135,0.22533748701973,0.9841269841269841,7704,1736,3376,False,0.3867719326512527,79,False,False,0.09548921115431472,0,True,CS_MAP
580410,84,book,a photo of a book,0.07993338884263114,all,,CS_POS3_SAM,0.11397934868943606,0.8666095344387755,0.20463458110516933,0.11403973509933775,0.9953757225433526,7550,861,112,True,0.011120525312433807,62,True,False,0.03404595984680492,0,True,CS_MAP
580410,84,book,a photo of a book,0.07993338884263114,all,,CS_POS3_SMART,0.11397934868943606,0.8666095344387755,0.20463458110516933,0.11403973509933775,0.9953757225433526,7550,861,112,True,0.011120525312433807,62,True,False,0.03404595984680492,0,True,CS_MAP
580410,84,book,a photo of a book,0.07993338884263114,all,,CS_POS3_CASR,0.11397934868943606,0.8666095344387755,0.20463458110516933,0.11403973509933775,0.9953757225433526,7550,861,112,True,0.011120525312433807,62,True,False,0.03404595984680492,0,True,CS_MAP
580410,31,handbag,a photo of a handbag,0.08041923792731903,all,,CS_POS3_SAM,0.44925742574257427,0.9733936543367347,0.6199829205807003,0.5892857142857143,0.654054054054054,1848,1089,0,True,0.0,-1,True,False,0.36883818781525524,1,True,CS_MAP
580410,31,handbag,a photo of a handbag,0.08041923792731903,all,,CS_POS3_SMART,0.44925742574257427,0.9733936543367347,0.6199829205807003,0.5892857142857143,0.654054054054054,1848,1089,0,True,0.0,-1,True,False,0.36883818781525524,1,True,CS_MAP
580410,31,handbag,a photo of a handbag,0.08041923792731903,all,,CS_POS3_CASR,0.44925742574257427,0.9733936543367347,0.6199829205807003,0.5892857142857143,0.654054054054054,1848,1089,0,True,0.0,-1,True,False,0.36883818781525524,1,True,CS_MAP
89648,62,chair,a photo of a chair,0.3698031480836911,all,,CS_POS3_SAM,0.01548783897120492,0.6490752551020408,0.03050324854090959,0.05149656069901469,0.021669404678088085,5379,277,4273,False,0.24838097364895043,1,False,False,-0.35431530911248615,0,True,CS_MAP
89648,62,chair,a photo of a chair,0.3698031480836911,all,,CS_POS3_SMART,0.01548783897120492,0.6490752551020408,0.03050324854090959,0.05149656069901469,0.021669404678088085,5379,277,4273,False,0.24838097364895043,1,False,False,-0.35431530911248615,0,True,CS_MAP
89648,62,chair,a photo of a chair,0.3698031480836911,all,,CS_POS3_CASR,0.3698031480836911,0.6752431441326531,0.5399361924390864,0.422424456617777,0.7480247203316905,22636,9562,5763,True,0.20709301971298863,1,True,False,0.0,0,False,CS_MAP
89648,1,person,a photo of a person,0.5794543835505546,all,,CS_POS3_SAM,0.09223807866341803,0.6881377551020408,0.16889738687061823,0.8613217768147345,0.09362854787421976,1846,1590,1,True,0.00303951367781155,77,True,False,-0.4872163048871365,1,True,CS_MAP
89648,1,person,a photo of a person,0.5794543835505546,all,,CS_POS3_SMART,0.31313299944351697,0.7540058992346939,0.476925032843158,0.8506424792139078,0.3313508420680721,6615,5627,22,True,0.010733639016256773,62,True,False,-0.2663213841070376,0,True,CS_MAP
89648,1,person,a photo of a person,0.5794543835505546,all,,CS_POS3_CASR,0.5794543835505546,0.7929288903061225,0.7337399415714212,0.6495462794918331,0.8430102461429749,22040,14316,1289,True,0.039647708613225856,62,True,False,0.0,0,False,CS_MAP
375493,17,cat,a photo of a cat,0.04139723595790541,all,,CS_POS3_SAM,0.20521307405875053,0.9617147640306123,0.3405423961551665,0.21946902654867256,0.7595712098009189,2260,496,820,False,0.2768166089965398,11,False,False,0.1638158381008451,1,True,CS_MAP
375493,17,cat,a photo of a cat,0.04139723595790541,all,,CS_POS3_SMART,0.20521307405875053,0.9617147640306123,0.3405423961551665,0.21946902654867256,0.7595712098009189,2260,496,820,False,0.2768166089965398,11,False,False,0.1638158381008451,1,True,CS_MAP
375493,17,cat,a photo of a cat,0.04139723595790541,all,,CS_POS3_CASR,0.20521307405875053,0.9617147640306123,0.3405423961551665,0.21946902654867256,0.7595712098009189,2260,496,820,False,0.2768166089965398,11,False,False,0.1638158381008451,1,True,CS_MAP
375493,11,fire hydrant,a photo of a fire hydrant,0.06435498089920658,all,,CS_POS3_SAM,0.054636424282855235,0.7175741390306123,0.10361186665823265,0.05695806384310453,0.5727272727272728,14379,819,325,True,0.017382607867415946,1,True,False,-0.009718556616351341,0,True,CS_MAP
375493,11,fire hydrant,a photo of a fire hydrant,0.06435498089920658,all,,CS_POS3_SMART,0.8834110592938041,0.9965122767857143,0.9380969225327201,0.9491768074445239,0.9272727272727272,1397,1326,13,True,0.010855144132191533,1,True,False,0.8190560783945976,2,True,CS_MAP
375493,11,fire hydrant,a photo of a fire hydrant,0.06435498089920658,all,,CS_POS3_CASR,0.8834110592938041,0.9965122767857143,0.9380969225327201,0.9491768074445239,0.9272727272727272,1397,1326,13,True,0.010855144132191533,1,True,False,0.8190560783945976,2,True,CS_MAP
3553,41,skateboard,a photo of a skateboard,0.18064139941690963,all,,CS_POS3_SAM,0.5003043213633597,0.9672751913265306,0.6669371196754564,0.958041958041958,0.5115121344119478,1716,1644,1,True,0.017082626605282286,1,True,False,0.3196629219464501,2,True,CS_MAP
3553,41,skateboard,a photo of a skateboard,0.18064139941690963,all,,CS_POS3_SMART,0.33938618925831204,0.8970424107142857,0.5067786900897461,0.365564738292011,0.8257622899813317,7260,2654,4546,False,0.3553006857212209,1,False,False,0.15874478984140242,0,True,CS_MAP
3553,41,skateboard,a photo of a skateboard,0.18064139941690963,all,,CS_POS3_CASR,0.33938618925831204,0.8970424107142857,0.5067786900897461,0.365564738292011,0.8257622899813317,7260,2654,4546,False,0.3553006857212209,1,False,False,0.15874478984140242,0,True,CS_MAP
3553,1,person,a photo of a person,0.7222137906612031,all,,CS_POS3_SAM,0.5447843955900581,0.8609295280612245,0.705320945945946,0.9703695096444341,0.5540002653575693,8606,8351,0,True,0.0,-1,True,False,-0.17742939507114497,2,True,CS_MAP
3553,1,person,a photo of a person,0.7222137906612031,all,,CS_POS3_SMART,0.6486115648480889,0.8928172831632653,0.786857958148383,0.977259303012404,0.6585511476714874,10158,9927,2,True,0.00014958863126402394,41,True,False,-0.07360222581311415,1,True,CS_MAP
3553,1,person,a photo of a person,0.7222137906612031,all,,CS_POS3_CASR,0.6486115648480889,0.8928172831632653,0.786857958148383,0.977259303012404,0.6585511476714874,10158,9927,2,True,0.00014958863126402394,41,True,False,-0.07360222581311415,1,True,CS_MAP
356612,6,bus,a photo of a bus,0.08243619208902866,all,,CS_POS3_SAM,0.18746073627340118,0.8711136798469388,0.3157337847846789,0.196704021094265,0.7995712754555199,7585,1492,5914,False,0.6441968225948809,8,False,True,0.10502454418437251,0,True,CS_MAP
356612,6,bus,a photo of a bus,0.08243619208902866,all,,CS_POS3_SMART,0.18746073627340118,0.8711136798469388,0.3157337847846789,0.196704021094265,0.7995712754555199,7585,1492,5914,False,0.6441968225948809,8,False,True,0.10502454418437251,0,True,CS_MAP
356612,6,bus,a photo of a bus,0.08243619208902866,all,,CS_POS3_CASR,0.18746073627340118,0.8711136798469388,0.3157337847846789,0.196704021094265,0.7995712754555199,7585,1492,5914,False,0.6441968225948809,8,False,True,0.10502454418437251,0,True,CS_MAP
356612,8,truck,a photo of a truck,0.291268846934808,all,,CS_POS3_SAM,0.7809434215831206,0.9675143494897959,0.8769996981587684,0.9792719919110212,0.794069417873736,5934,5811,15,True,0.07145264577013818,1,True,False,0.4896745746483126,1,True,CS_MAP
356612,8,truck,a photo of a truck,0.291268846934808,all,,CS_POS3_SMART,0.7809434215831206,0.9675143494897959,0.8769996981587684,0.9792719919110212,0.794069417873736,5934,5811,15,True,0.07145264577013818,1,True,False,0.4896745746483126,1,True,CS_MAP
356612,8,truck,a photo of a truck,0.291268846934808,all,,CS_POS3_CASR,0.7809434215831206,0.9675143494897959,0.8769996981587684,0.9792719919110212,0.794069417873736,5934,5811,15,True,0.07145264577013818,1,True,False,0.4896745746483126,1,True,CS_MAP
307172,59,pizza,a photo of a pizza,0.470989654742615,all,,CS_POS3_SAM,0.06529775630467406,0.4910514987244898,0.12259062016835595,0.8946840521564694,0.06580354837519826,1994,1784,155,True,0.05318078592577687,67,True,False,-0.40569189843794096,2,True,CS_MAP
307172,59,pizza,a photo of a pizza,0.470989654742615,all,,CS_POS3_SMART,0.9578727541137075,0.9766820790816326,0.9784831543327939,0.9757197872730607,0.9812622182877798,27265,26603,611,True,0.7800396791167084,67,True,False,0.48688309937109253,0,True,CS_MAP
307172,59,pizza,a photo of a pizza,0.470989654742615,all,,CS_POS3_CASR,0.9578727541137075,0.9766820790816326,0.9784831543327939,0.9757197872730607,0.9812622182877798,27265,26603,611,True,0.7800396791167084,67,True,False,0.48688309937109253,0,True,CS_MAP
307172,1,person,a photo of a person,0.5312067446835284,all,,CS_POS3_SAM,0.46295438758971985,0.9075454400510204,0.6329033789665268,0.9619918210247775,0.4715801886792453,4157,3999,0,True,0.000232012580237684,67,True,False,-0.0682523570938085,1,True,CS_MAP
307172,1,person,a photo of a person,0.5312067446835284,all,,CS_POS3_SMART,0.46295438758971985,0.9075454400510204,0.6329033789665268,0.9619918210247775,0.4715801886792453,4157,3999,0,True,0.000232012580237684,67,True,False,-0.0682523570938085,1,True,CS_MAP
307172,1,person,a photo of a person,0.5312067446835284,all,,CS_POS3_CASR,0.5312067446835284,0.8515027104591837,0.6938406541480051,0.5324462382543987,0.9956367924528302,15857,8443,3735,True,0.08299378082779327,67,True,False,0.0,1,False,CS_MAP
465806,47,cup,a photo of a cup,0.1967961871979877,all,,CS_POS3_SAM,0.6284375,0.9763034119897959,0.7718288236422951,0.8985701519213584,0.6764211234443324,2238,2011,3,True,0.6145285935085008,51,True,False,0.4316413128020123,1,True,CS_MAP
465806,47,cup,a photo of a cup,0.1967961871979877,all,,CS_POS3_SMART,0.6284375,0.9763034119897959,0.7718288236422951,0.8985701519213584,0.6764211234443324,2238,2011,3,True,0.6145285935085008,51,True,False,0.4316413128020123,1,True,CS_MAP
465806,47,cup,a photo of a cup,0.1967961871979877,all,,CS_POS3_CASR,0.6284375,0.9763034119897959,0.7718288236422951,0.8985701519213584,0.6764211234443324,2238,2011,3,True,0.6145285935085008,51,True,False,0.4316413128020123,1,True,CS_MAP
465806,51,bowl,a photo of a bowl,0.12169765166340508,all,,CS_POS3_SAM,0.029908091004972125,0.7433633609693877,0.058079145636749326,0.037151413063821824,0.13299832495812394,10686,397,642,False,0.04622381271900395,52,False,False,-0.09178956065843297,0,True,CS_MAP
465806,51,bowl,a photo of a bowl,0.12169765166340508,all,,CS_POS3_SMART,0.029908091004972125,0.7433633609693877,0.058079145636749326,0.037151413063821824,0.13299832495812394,10686,397,642,False,0.04622381271900395,52,False,False,-0.09178956065843297,0,True,CS_MAP
465806,51,bowl,a photo of a bowl,0.12169765166340508,all,,CS_POS3_CASR,0.12169765166340508,0.5706513073979592,0.2169883327881365,0.12169765166340508,1.0,24528,2985,5315,False,0.12708232249716966,52,False,False,0.0,0,False,CS_MAP
184324,1,person,a photo of a person,0.3087541187995369,all,,CS_POS3_SAM,0.11872975360753903,0.6421595982142857,0.2122581494318431,0.162851757102464,0.30469832472603603,14854,2419,3,True,0.0001931745009658725,3,True,False,-0.1900243651919979,0,True,CS_MAP
184324,1,person,a photo of a person,0.3087541187995369,all,,CS_POS3_SMART,0.11872975360753903,0.6421595982142857,0.2122581494318431,0.162851757102464,0.30469832472603603,14854,2419,3,True,0.0001931745009658725,3,True,False,-0.1900243651919979,0,True,CS_MAP
184324,1,person,a photo of a person,0.3087541187995369,all,,CS_POS3_CASR,0.11872975360753903,0.6421595982142857,0.2122581494318431,0.162851757102464,0.30469832472603603,14854,2419,3,True,0.0001931745009658725,3,True,False,-0.1900243651919979,0,True,CS_MAP
184324,3,car,a photo of a car,0.041590731580317626,all,,CS_POS3_SAM,0.55527950310559,0.9928651147959183,0.7140575079872205,0.7801047120418848,0.658321060382916,573,447,85,True,0.024924744130042142,1,True,False,0.5136887715252724,0,True,CS_MAP
184324,3,car,a photo of a car,0.041590731580317626,all,,CS_POS3_SMART,0.47983310152990266,0.992546237244898,0.6484962406015038,0.8961038961038961,0.508100147275405,385,345,33,True,0.019024970273483946,8,True,False,0.43824236994958504,1,True,CS_MAP
184324,3,car,a photo of a car,0.041590731580317626,all,,CS_POS3_CASR,0.47983310152990266,0.992546237244898,0.6484962406015038,0.8961038961038961,0.508100147275405,385,345,33,True,0.019024970273483946,8,True,False,0.43824236994958504,1,True,CS_MAP
513524,42,surfboard,a photo of a surfboard,0.05987232274392777,all,,CS_POS3_SAM,0.7543966040024257,0.9919284119897959,0.8600069132388524,0.9510703363914373,0.7848580441640378,1308,1244,0,True,0.0,-1,True,False,0.694524281258498,2,True,CS_MAP
513524,42,surfboard,a photo of a surfboard,0.05987232274392777,all,,CS_POS3_SMART,0.7462253193960511,0.9912906568877551,0.8546724309943465,0.9036568213783404,0.8107255520504731,1422,1285,0,True,0.0,-1,True,False,0.6863529966521233,1,True,CS_MAP
513524,42,surfboard,a photo of a surfboard,0.05987232274392777,all,,CS_POS3_CASR,0.7462253193960511,0.9912906568877551,0.8546724309943465,0.9036568213783404,0.8107255520504731,1422,1285,0,True,0.0,-1,True,False,0.6863529966521233,1,True,CS_MAP
513524,1,person,a photo of a person,0.3969410999023755,all,,CS_POS3_SAM,0.9384080859128238,0.9922273596938775,0.968225517353756,0.9810137031533762,0.9557664468393116,6057,5942,6,True,0.0018353434714210803,42,True,False,0.5414669860104482,0,True,CS_MAP
513524,1,person,a photo of a person,0.3969410999023755,all,,CS_POS3_SMART,0.9384080859128238,0.9922273596938775,0.968225517353756,0.9810137031533762,0.9557664468393116,6057,5942,6,True,0.0018353434714210803,42,True,False,0.5414669860104482,0,True,CS_MAP
513524,1,person,a photo of a person,0.3969410999023755,all,,CS_POS3_CASR,0.9384080859128238,0.9922273596938775,0.968225517353756,0.9810137031533762,0.9557664468393116,6057,5942,6,True,0.0018353434714210803,42,True,False,0.5414669860104482,0,True,CS_MAP
579158,33,suitcase,a photo of a suitcase,0.025153443536544036,all,,CS_POS3_SAM,0.0,0.6645607461734694,0.0,0.0,0.0,16088,0,14692,False,0.7290229742470103,5,False,True,-0.025153443536544036,1,True,CS_MAP
579158,33,suitcase,a photo of a suitcase,0.025153443536544036,all,,CS_POS3_SMART,0.0,0.6645607461734694,0.0,0.0,0.0,16088,0,14692,False,0.7290229742470103,5,False,True,-0.025153443536544036,1,True,CS_MAP
579158,33,suitcase,a photo of a suitcase,0.025153443536544036,all,,CS_POS3_CASR,0.0,0.6645607461734694,0.0,0.0,0.0,16088,0,14692,False,0.7290229742470103,5,False,True,-0.025153443536544036,1,True,CS_MAP
579158,5,airplane,a photo of a airplane,0.7263050327854892,all,,CS_POS3_SAM,0.8392904004618695,0.9389748086734694,0.9126241296655633,0.981825996193283,0.8525350535799968,16287,15991,0,True,0.0,-1,True,False,0.11298536767638034,1,True,CS_MAP
579158,5,airplane,a photo of a airplane,0.7263050327854892,all,,CS_POS3_SMART,0.8483719580047414,0.9375398596938775,0.9179667050570621,0.9016814932894534,0.9348509889641201,19447,17535,118,True,0.005778619109295606,33,True,False,0.12206692521925222,0,True,CS_MAP
579158,5,airplane,a photo of a airplane,0.7263050327854892,all,,CS_POS3_CASR,0.8483719580047414,0.9375398596938775,0.9179667050570621,0.9016814932894534,0.9348509889641201,19447,17535,118,True,0.005778619109295606,33,True,False,0.12206692521925222,0,True,CS_MAP
2149,53,apple,a photo of a apple,0.27795695155296923,all,,CS_POS3_SAM,0.0,0.5627192283163265,0.0,0.0,0.0,11125,0,11120,False,0.29174100115437085,51,False,False,-0.27795695155296923,2,True,CS_MAP
2149,53,apple,a photo of a apple,0.27795695155296923,all,,CS_POS3_SMART,4.527755139002083e-05,0.5598493303571429,9.05510028523566e-05,8.872327211427557e-05,9.245562130177515e-05,11271,1,11261,False,0.29543546694648476,51,False,False,-0.27791167400157923,1,True,CS_MAP
2149,53,apple,a photo of a apple,0.27795695155296923,all,,CS_POS3_CASR,4.527755139002083e-05,0.5598493303571429,9.05510028523566e-05,8.872327211427557e-05,9.245562130177515e-05,11271,1,11261,False,0.29543546694648476,51,False,False,-0.27791167400157923,1,True,CS_MAP
2149,51,bowl,a photo of a bowl,0.18616475417482975,all,,CS_POS3_SAM,0.07651646671676211,0.28970025510204084,0.14215568285755548,0.8596797671033479,0.0774841909160085,3435,2953,0,True,0.0,-1,True,False,-0.10964828745806764,2,True,CS_MAP
2149,51,bowl,a photo of a bowl,0.18616475417482975,all,,CS_POS3_SMART,0.07651646671676211,0.28970025510204084,0.14215568285755548,0.8596797671033479,0.0774841909160085,3435,2953,0,True,0.0,-1,True,False,-0.10964828745806764,2,True,CS_MAP
2149,51,bowl,a photo of a bowl,0.18616475417482975,all,,CS_POS3_CASR,0.07651646671676211,0.28970025510204084,0.14215568285755548,0.8596797671033479,0.0774841909160085,3435,2953,0,True,0.0,-1,True,False,-0.10964828745806764,2,True,CS_MAP
196843,6,bus,a photo of a bus,0.5098173444938856,all,,CS_POS3_SAM,0.9505858905192262,0.9713408801020408,0.9746670424917201,0.9870125236379206,0.9626265789748408,28027,27663,63,True,0.0055423594615993665,2,True,False,0.44076854602534055,0,True,CS_MAP
196843,6,bus,a photo of a bus,0.5098173444938856,all,,CS_POS3_SMART,0.9505858905192262,0.9713408801020408,0.9746670424917201,0.9870125236379206,0.9626265789748408,28027,27663,63,True,0.0055423594615993665,2,True,False,0.44076854602534055,0,True,CS_MAP
196843,6,bus,a photo of a bus,0.5098173444938856,all,,CS_POS3_CASR,0.5098173444938856,0.6860451211734694,0.6753364522577853,0.8281439547108774,0.5701360615234715,19784,16384,18,True,0.004835065521915951,2,True,False,0.0,0,False,CS_MAP
196843,2,bicycle,a photo of a bicycle,0.17287366106263743,all,,CS_POS3_SAM,0.6960154241645244,0.9811463647959183,0.8207654414550967,0.7667256637168142,0.8830004076640848,2825,2166,581,True,0.021357840916445537,6,True,False,0.523141763101887,1,True,CS_MAP
196843,2,bicycle,a photo of a bicycle,0.17287366106263743,all,,CS_POS3_SMART,0.8207436399217222,0.9908721301020408,0.9015477214101462,0.9536152796725784,0.8548715858132898,2199,2097,33,True,0.0035033086804203972,6,True,False,0.6478699788590847,2,True,CS_MAP
196843,2,bicycle,a photo of a bicycle,0.17287366106263743,all,,CS_POS3_CASR,0.8207436399217222,0.9908721301020408,0.9015477214101462,0.9536152796725784,0.8548715858132898,2199,2097,33,True,0.0035033086804203972,6,True,False,0.6478699788590847,2,True,CS_MAP
300233,50,spoon,a photo of a spoon,0.0971190336201828,all,,CS_POS3_SAM,0.12991858887381275,0.7955197704081632,0.22996097268087662,0.14287046535484474,0.5890042291426374,10723,1532,4235,False,0.2176007599402904,51,False,False,0.032799555253629945,0,True,CS_MAP
300233,50,spoon,a photo of a spoon,0.0971190336201828,all,,CS_POS3_SMART,0.2567398119122257,0.9054926658163265,0.40858069343976056,0.3023813919143437,0.629757785467128,5417,1638,3548,False,0.3902760972390276,51,False,False,0.1596207782920429,1,True,CS_MAP
300233,50,spoon,a photo of a spoon,0.0971190336201828,all,,CS_POS3_CASR,0.2567398119122257,0.9054926658163265,0.40858069343976056,0.3023813919143437,0.629757785467128,5417,1638,3548,False,0.3902760972390276,51,False,False,0.1596207782920429,1,True,CS_MAP
300233,51,bowl,a photo of a bowl,0.2329803328290469,all,,CS_POS3_SAM,0.485591166172906,0.9238679846938775,0.6537345902828137,0.9464566929133859,0.4993076710052617,3810,3606,0,True,0.0,-1,True,False,0.2526108333438591,2,True,CS_MAP
300233,51,bowl,a photo of a bowl,0.2329803328290469,all,,CS_POS3_SMART,0.49306210427051056,0.9250039859693877,0.6604709916087702,0.947940947940948,0.5067848241484353,3861,3660,0,True,0.0,-1,True,False,0.26008177144146366,1,True,CS_MAP
300233,51,bowl,a photo of a bowl,0.2329803328290469,all,,CS_POS3_CASR,0.49306210427051056,0.9250039859693877,0.6604709916087702,0.947940947940948,0.5067848241484353,3861,3660,0,True,0.0,-1,True,False,0.26008177144146366,1,True,CS_MAP
378515,1,person,a photo of a person,0.3083995913472216,all,,CS_POS3_SAM,0.22026022304832713,0.8662308673469388,0.361005331302361,0.8977272727272727,0.2259294566253575,2112,1896,0,True,0.04063732196024785,52,True,False,-0.08813936829889449,1,True,CS_MAP
378515,1,person,a photo of a person,0.3083995913472216,all,,CS_POS3_SMART,0.22026022304832713,0.8662308673469388,0.361005331302361,0.8977272727272727,0.2259294566253575,2112,1896,0,True,0.04063732196024785,52,True,False,-0.08813936829889449,1,True,CS_MAP
378515,1,person,a photo of a person,0.3083995913472216,all,,CS_POS3_CASR,0.22026022304832713,0.8662308673469388,0.361005331302361,0.8977272727272727,0.2259294566253575,2112,1896,0,True,0.04063732196024785,52,True,False,-0.08813936829889449,1,True,CS_MAP
378515,2,bicycle,a photo of a bicycle,0.033327352650937475,all,,CS_POS3_SAM,0.4752475247524752,0.9852120535714286,0.6442953020134228,0.5003723008190618,0.9044414535666218,1343,672,39,True,0.003134020618556701,52,True,False,0.4419201721015378,1,True,CS_MAP
378515,2,bicycle,a photo of a bicycle,0.033327352650937475,all,,CS_POS3_SMART,0.4752475247524752,0.9852120535714286,0.6442953020134228,0.5003723008190618,0.9044414535666218,1343,672,39,True,0.003134020618556701,52,True,False,0.4419201721015378,1,True,CS_MAP
378515,2,bicycle,a photo of a bicycle,0.033327352650937475,all,,CS_POS3_CASR,0.4752475247524752,0.9852120535714286,0.6442953020134228,0.5003723008190618,0.9044414535666218,1343,672,39,True,0.003134020618556701,52,True,False,0.4419201721015378,1,True,CS_MAP
493286,5,airplane,a photo of a airplane,0.6287304532202491,all,,CS_POS3_SAM,0.23632370557699986,0.7713050063775511,0.3823006944070625,0.6436469095522929,0.2718989280245023,5517,3551,0,True,0.0,-1,True,False,-0.39240674764324923,2,True,CS_MAP
493286,5,airplane,a photo of a airplane,0.6287304532202491,all,,CS_POS3_SMART,0.7254320676170052,0.9132453762755102,0.8408700420398465,0.8045470444211262,0.8806278713629403,14295,11501,634,True,0.024889212651004675,3,True,False,0.09670161439675606,0,True,CS_MAP
493286,5,airplane,a photo of a airplane,0.6287304532202491,all,,CS_POS3_CASR,0.7254320676170052,0.9132453762755102,0.8408700420398465,0.8045470444211262,0.8806278713629403,14295,11501,634,True,0.024889212651004675,3,True,False,0.09670161439675606,0,True,CS_MAP
493286,3,car,a photo of a car,0.7122783256443899,all,,CS_POS3_SAM,0.4661027388822732,0.7408721301020408,0.6358391216670402,0.6992546048173474,0.5829695444507216,16233,11351,0,True,0.0007857874957294158,5,True,False,-0.24617558676211665,1,True,CS_MAP
493286,3,car,a photo of a car,0.7122783256443899,all,,CS_POS3_SMART,0.6907167084500812,0.8328085140306123,0.8170697136876076,0.709981809913597,0.9622001951620358,26388,18735,3655,True,0.10883741848437149,5,True,False,-0.021561617194308713,0,True,CS_MAP
493286,3,car,a photo of a car,0.7122783256443899,all,,CS_POS3_CASR,0.6907167084500812,0.8328085140306123,0.8170697136876076,0.709981809913597,0.9622001951620358,26388,18735,3655,True,0.10883741848437149,5,True,False,-0.021561617194308713,0,True,CS_MAP
472298,1,person,a photo of a person,0.05013823739554534,all,,CS_POS3_SAM,0.557830658550083,0.9840760522959183,0.7161634103019539,0.842809364548495,0.6226065472513898,1196,1008,169,True,0.07977059436913451,9,True,False,0.5076924211545376,0,True,CS_MAP
472298,1,person,a photo of a person,0.05013823739554534,all,,CS_POS3_SMART,0.557830658550083,0.9840760522959183,0.7161634103019539,0.842809364548495,0.6226065472513898,1196,1008,169,True,0.07977059436913451,9,True,False,0.5076924211545376,0,True,CS_MAP
472298,1,person,a photo of a person,0.05013823739554534,all,,CS_POS3_CASR,0.557830658550083,0.9840760522959183,0.7161634103019539,0.842809364548495,0.6226065472513898,1196,1008,169,True,0.07977059436913451,9,True,False,0.5076924211545376,0,True,CS_MAP
472298,9,boat,a photo of a boat,0.1432797252728571,all,,CS_POS3_SAM,0.6834625322997416,0.9658203125,0.8119723714504988,0.9022904483430799,0.7380904923260913,4104,3703,1,True,0.004916593503072871,1,True,False,0.5401828070268846,1,True,CS_MAP
472298,9,boat,a photo of a boat,0.1432797252728571,all,,CS_POS3_SMART,0.6834625322997416,0.9658203125,0.8119723714504988,0.9022904483430799,0.7380904923260913,4104,3703,1,True,0.004916593503072871,1,True,False,0.5401828070268846,1,True,CS_MAP
472298,9,boat,a photo of a boat,0.1432797252728571,all,,CS_POS3_CASR,0.6834625322997416,0.9658203125,0.8119723714504988,0.9022904483430799,0.7380904923260913,4104,3703,1,True,0.004916593503072871,1,True,False,0.5401828070268846,1,True,CS_MAP
10363,3,car,a photo of a car,0.8158161052479399,all,,CS_POS3_SAM,0.9529124265966371,0.9742705676020408,0.9758885381842631,0.9811476641129638,0.9706854913616942,26628,26126,293,True,0.010493243449348749,17,True,False,0.1370963213486972,0,True,CS_MAP
10363,3,car,a photo of a car,0.8158161052479399,all,,CS_POS3_SMART,0.9529124265966371,0.9742705676020408,0.9758885381842631,0.9811476641129638,0.9706854913616942,26628,26126,293,True,0.010493243449348749,17,True,False,0.1370963213486972,0,True,CS_MAP
10363,3,car,a photo of a car,0.8158161052479399,all,,CS_POS3_CASR,0.9529124265966371,0.9742705676020408,0.9758885381842631,0.9811476641129638,0.9706854913616942,26628,26126,293,True,0.010493243449348749,17,True,False,0.1370963213486972,0,True,CS_MAP
10363,17,cat,a photo of a cat,0.5082634918148351,all,,CS_POS3_SAM,0.9140237486848038,0.9886001275510204,0.9550808858174965,0.9753007217321572,0.9356824126788736,6235,6081,15,True,0.001147620198115487,3,True,False,0.40576025686996875,1,True,CS_MAP
10363,17,cat,a photo of a cat,0.5082634918148351,all,,CS_POS3_SMART,0.9140237486848038,0.9886001275510204,0.9550808858174965,0.9753007217321572,0.9356824126788736,6235,6081,15,True,0.001147620198115487,3,True,False,0.40576025686996875,1,True,CS_MAP
10363,17,cat,a photo of a cat,0.5082634918148351,all,,CS_POS3_CASR,0.9140237486848038,0.9886001275510204,0.9550808858174965,0.9753007217321572,0.9356824126788736,6235,6081,15,True,0.001147620198115487,3,True,False,0.40576025686996875,1,True,CS_MAP
211120,8,truck,a photo of a truck,0.8561827956989247,all,,CS_POS3_SAM,0.24525732958155577,0.8342833227040817,0.3939062613893141,0.9963126843657817,0.24548014899609338,2712,2702,0,True,0.0002083876009377442,88,True,False,-0.610925466117369,1,True,CS_MAP
211120,8,truck,a photo of a truck,0.8561827956989247,all,,CS_POS3_SMART,0.42002868925945847,0.8710738201530612,0.5915777511206516,0.9695778145695364,0.42563823021713454,4832,4685,0,True,9.38218323403856e-05,88,True,False,-0.4361541064394663,0,True,CS_MAP
211120,8,truck,a photo of a truck,0.8561827956989247,all,,CS_POS3_CASR,0.42002868925945847,0.8710738201530612,0.5915777511206516,0.9695778145695364,0.42563823021713454,4832,4685,0,True,9.38218323403856e-05,88,True,False,-0.4361541064394663,0,True,CS_MAP
211120,88,teddy bear,a photo of a teddy bear,0.5284731225690635,all,,CS_POS3_SAM,0.17595059336401064,0.7287547831632653,0.2992482751518896,0.9901192504258943,0.17626008370231092,2935,2906,10,True,0.003960538633254122,8,True,False,-0.3525225292050529,2,True,CS_MAP
211120,88,teddy bear,a photo of a teddy bear,0.5284731225690635,all,,CS_POS3_SMART,0.4896090596951991,0.8311344068877551,0.6573658457681265,0.9861684057267653,0.4929944804997877,8242,8128,20,True,0.0038591916558018253,8,True,False,-0.03886406287386446,0,True,CS_MAP
211120,88,teddy bear,a photo of a teddy bear,0.5284731225690635,all,,CS_POS3_CASR,0.4896090596951991,0.8311344068877551,0.6573658457681265,0.9861684057267653,0.4929944804997877,8242,8128,20,True,0.0038591916558018253,8,True,False,-0.03886406287386446,0,True,CS_MAP
296634,56,broccoli,a photo of a broccoli,0.15696150696150696,all,,CS_POS3_SAM,0.95386559932589,0.9956353635204082,0.976388140161725,0.9947275922671354,0.9587126826169807,4552,4528,24,True,0.11696387275810678,51,True,False,0.7969040923643831,1,True,CS_MAP
296634,56,broccoli,a photo of a broccoli,0.15696150696150696,all,,CS_POS3_SMART,0.95386559932589,0.9956353635204082,0.976388140161725,0.9947275922671354,0.9587126826169807,4552,4528,24,True,0.11696387275810678,51,True,False,0.7969040923643831,1,True,CS_MAP
296634,56,broccoli,a photo of a broccoli,0.15696150696150696,all,,CS_POS3_CASR,0.15696150696150696,0.5897042410714286,0.27133401762644677,0.16289842753931152,0.8115604488672454,23530,3833,19434,False,0.5938337459482913,51,False,True,0.0,1,False,CS_MAP
296634,51,bowl,a photo of a bowl,0.5048291233283804,all,,CS_POS3_SAM,0.6949365788527705,0.7632134885204082,0.8200148460105134,0.9989665227180452,0.6954365589187522,27093,27065,0,True,0.0,-1,True,False,0.19010745552439012,0,True,CS_MAP
296634,51,bowl,a photo of a bowl,0.5048291233283804,all,,CS_POS3_SMART,0.3795361738192465,0.5185148278061225,0.5502373638648422,0.9987159559370142,0.3797214656457166,14797,14778,0,True,0.0,-1,True,False,-0.1252929495091339,1,True,CS_MAP
296634,51,bowl,a photo of a bowl,0.5048291233283804,all,,CS_POS3_CASR,0.3795361738192465,0.5185148278061225,0.5502373638648422,0.9987159559370142,0.3797214656457166,14797,14778,0,True,0.0,-1,True,False,-0.1252929495091339,1,True,CS_MAP
283268,58,hot dog,a photo of a hot dog,0.41401654411764705,all,,CS_POS3_SAM,0.13538327810072256,0.6828164859693877,0.23848031006268242,0.21022439682807492,0.27551133222775015,11854,2492,44,True,0.0027880654155049726,1,True,False,-0.2786332660169245,1,True,CS_MAP
283268,58,hot dog,a photo of a hot dog,0.41401654411764705,all,,CS_POS3_SMART,0.4766648619382783,0.8073580994897959,0.645596538828188,0.48296670140984144,0.973355444997236,18229,8804,27,True,0.0017422748191978962,1,True,False,0.06264831782063124,0,True,CS_MAP
283268,58,hot dog,a photo of a hot dog,0.41401654411764705,all,,CS_POS3_CASR,0.4766648619382783,0.8073580994897959,0.645596538828188,0.48296670140984144,0.973355444997236,18229,8804,27,True,0.0017422748191978962,1,True,False,0.06264831782063124,0,True,CS_MAP
283268,1,person,a photo of a person,0.48553412462908013,all,,CS_POS3_SAM,0.6485917141296715,0.9102359693877551,0.7868433506862281,0.9355165428764348,0.6789447892845475,8886,8313,4,True,0.0017318435754189944,58,True,False,0.1630575895005914,1,True,CS_MAP
283268,1,person,a photo of a person,0.48553412462908013,all,,CS_POS3_SMART,0.7102607885749768,0.9256018813775511,0.8305877013841616,0.9346338474108875,0.7473864750081672,9791,9151,4,True,0.0014887282007656317,58,True,False,0.22472666394589663,0,True,CS_MAP
283268,1,person,a photo of a person,0.48553412462908013,all,,CS_POS3_CASR,0.7102607885749768,0.9256018813775511,0.8305877013841616,0.9346338474108875,0.7473864750081672,9791,9151,4,True,0.0014887282007656317,58,True,False,0.22472666394589663,0,True,CS_MAP
9772,72,tv,a photo of a tv,0.03793384752299021,all,,CS_POS3_SAM,0.8109992254066615,0.9951371173469388,0.8956372968349017,0.8173302107728337,0.9905392620624409,1281,1047,0,True,0.0,-1,True,False,0.7730653778836712,1,True,CS_MAP
9772,72,tv,a photo of a tv,0.03793384752299021,all,,CS_POS3_SMART,0.8109992254066615,0.9951371173469388,0.8956372968349017,0.8173302107728337,0.9905392620624409,1281,1047,0,True,0.0,-1,True,False,0.7730653778836712,1,True,CS_MAP
9772,72,tv,a photo of a tv,0.03793384752299021,all,,CS_POS3_CASR,0.03793384752299021,0.4829201211734694,0.0730949233682255,0.03798173312541769,0.967833491012299,26934,1023,353,True,0.010216924557636781,81,True,False,0.0,1,False,CS_MAP
9772,1,person,a photo of a person,0.03168802132599536,all,,CS_POS3_SAM,0.012074643249176729,0.9103156887755102,0.02386117136659436,0.01421555957611786,0.07422402159244265,3869,55,0,True,0.0,-1,True,False,-0.01961337807681863,1,True,CS_MAP
9772,1,person,a photo of a person,0.03168802132599536,all,,CS_POS3_SMART,0.012074643249176729,0.9103156887755102,0.02386117136659436,0.01421555957611786,0.07422402159244265,3869,55,0,True,0.0,-1,True,False,-0.01961337807681863,1,True,CS_MAP
9772,1,person,a photo of a person,0.03168802132599536,all,,CS_POS3_CASR,0.03168802132599536,0.5511599170918368,0.06142946447176495,0.031693472090823085,0.9946018893387314,23254,737,243,True,0.008504106861362316,72,True,False,0.0,1,False,CS_MAP
189806,17,cat,a photo of a cat,0.1221826809015421,all,,CS_POS3_SAM,0.8013111447302067,0.9921476403061225,0.8896976483762598,0.8258835758835759,0.9641990291262136,1924,1589,265,True,0.05234050957930081,18,True,False,0.6791284638286645,1,True,CS_MAP
189806,17,cat,a photo of a cat,0.1221826809015421,all,,CS_POS3_SMART,0.3174994859140448,0.9338528380102041,0.48197284220383957,0.32443790712334525,0.9368932038834952,4759,1544,3110,False,0.6154759548782901,18,False,True,0.1953168050125027,0,True,CS_MAP
189806,17,cat,a photo of a cat,0.1221826809015421,all,,CS_POS3_CASR,0.3174994859140448,0.9338528380102041,0.48197284220383957,0.32443790712334525,0.9368932038834952,4759,1544,3110,False,0.6154759548782901,18,False,True,0.1953168050125027,0,True,CS_MAP
189806,18,dog,a photo of a dog,0.22534645511146817,all,,CS_POS3_SAM,0.9249713631156931,0.9947783801020408,0.9610235049092531,0.9734779987944545,0.9488836662749707,3318,3230,0,True,0.0,-1,True,False,0.6996249080042249,1,True,CS_MAP
189806,18,dog,a photo of a dog,0.22534645511146817,all,,CS_POS3_SMART,0.9249713631156931,0.9947783801020408,0.9610235049092531,0.9734779987944545,0.9488836662749707,3318,3230,0,True,0.0,-1,True,False,0.6996249080042249,1,True,CS_MAP
189806,18,dog,a photo of a dog,0.22534645511146817,all,,CS_POS3_CASR,0.9249713631156931,0.9947783801020408,0.9610235049092531,0.9734779987944545,0.9488836662749707,3318,3230,0,True,0.0,-1,True,False,0.6996249080042249,1,True,CS_MAP
180383,72,tv,a photo of a tv,0.3799427774924804,all,,CS_POS3_SAM,0.8915094339622641,0.9862484056122449,0.942643391521197,0.9224011713030746,0.9637939826619072,6147,5670,8,True,0.11946902654867257,1,True,False,0.5115666564697837,1,True,CS_MAP
180383,72,tv,a photo of a tv,0.3799427774924804,all,,CS_POS3_SMART,0.8915094339622641,0.9862484056122449,0.942643391521197,0.9224011713030746,0.9637939826619072,6147,5670,8,True,0.11946902654867257,1,True,False,0.5115666564697837,1,True,CS_MAP
180383,72,tv,a photo of a tv,0.3799427774924804,all,,CS_POS3_CASR,0.8915094339622641,0.9862484056122449,0.942643391521197,0.9224011713030746,0.9637939826619072,6147,5670,8,True,0.11946902654867257,1,True,False,0.5115666564697837,1,True,CS_MAP
180383,21,cow,a photo of a cow,0.6349817803227485,all,,CS_POS3_SAM,0.6391953277092797,0.8448660714285714,0.779889152810768,0.6960779364999243,0.8866456632160998,19811,13790,5012,True,0.2436592449177154,72,True,False,0.004213547386531125,0,True,CS_MAP
180383,21,cow,a photo of a cow,0.6349817803227485,all,,CS_POS3_SMART,0.6585443643554252,0.8933155293367347,0.7941233029498865,0.9881316998468607,0.6637947662830322,10448,10324,9,True,0.001901840490797546,72,True,False,0.023562584032676637,1,True,CS_MAP
180383,21,cow,a photo of a cow,0.6349817803227485,all,,CS_POS3_CASR,0.6585443643554252,0.8933155293367347,0.7941233029498865,0.9881316998468607,0.6637947662830322,10448,10324,9,True,0.001901840490797546,72,True,False,0.023562584032676637,1,True,CS_MAP
505789,1,person,a photo of a person,0.2771587105058009,all,,CS_POS3_SAM,0.5999042451324609,0.9500358737244898,0.749925187032419,0.9572192513368984,0.6164316169235815,3927,3759,0,True,0.0,-1,True,False,0.32274553462666,0,True,CS_MAP
505789,1,person,a photo of a person,0.2771587105058009,all,,CS_POS3_SMART,0.5999042451324609,0.9500358737244898,0.749925187032419,0.9572192513368984,0.6164316169235815,3927,3759,0,True,0.0,-1,True,False,0.32274553462666,0,True,CS_MAP
505789,1,person,a photo of a person,0.2771587105058009,all,,CS_POS3_CASR,0.2771587105058009,0.6858458227040817,0.43402391296542314,0.2778467337838459,0.9911446375860938,21753,6044,142,True,0.004447409384033801,64,True,False,0.0,0,False,CS_MAP
505789,64,potted plant,a photo of a potted plant,0.0493270883974625,all,,CS_POS3_SAM,0.003952569169960474,0.9748883928571429,0.007874015748031496,0.01141552511415525,0.006009615384615385,438,5,0,True,0.0,-1,True,False,-0.045374519227502026,2,True,CS_MAP
505789,64,potted plant,a photo of a potted plant,0.0493270883974625,all,,CS_POS3_SMART,0.003952569169960474,0.9748883928571429,0.007874015748031496,0.01141552511415525,0.006009615384615385,438,5,0,True,0.0,-1,True,False,-0.045374519227502026,2,True,CS_MAP
505789,64,potted plant,a photo of a potted plant,0.0493270883974625,all,,CS_POS3_CASR,0.003952569169960474,0.9748883928571429,0.007874015748031496,0.01141552511415525,0.006009615384615385,438,5,0,True,0.0,-1,True,False,-0.045374519227502026,2,True,CS_MAP
127530,1,person,a photo of a person,0.554785965709095,all,,CS_POS3_SAM,0.03611302829767366,0.05367107780612245,0.06970866558257087,0.05098882201203783,0.11014797845334655,34890,1779,119,True,0.0033928265951987226,37,True,False,-0.5186729374114213,0,True,CS_MAP
127530,1,person,a photo of a person,0.554785965709095,all,,CS_POS3_SMART,0.004096593359206554,0.17149633290816327,0.008159759501825209,0.006637683409673162,0.010587579716426227,25762,171,0,True,0.0,-1,True,False,-0.5506893723498885,2,True,CS_MAP
127530,1,person,a photo of a person,0.554785965709095,all,,CS_POS3_CASR,0.554785965709095,0.7655652104591837,0.7136493098663551,0.5880134788189987,0.9075599034115535,24928,14658,0,True,0.009608596752686485,43,True,False,0.0,2,False,CS_MAP
127530,43,tennis racket,a photo of a tennis racket,0.03317926708484648,all,,CS_POS3_SAM,0.8032407407407407,0.9966119260204082,0.8908857509627728,0.9340511440107672,0.8515337423312883,743,694,49,True,0.04600334344622624,1,True,False,0.7700614736558942,2,True,CS_MAP
127530,43,tennis racket,a photo of a tennis racket,0.03317926708484648,all,,CS_POS3_SMART,0.8032407407407407,0.9966119260204082,0.8908857509627728,0.9340511440107672,0.8515337423312883,743,694,49,True,0.04600334344622624,1,True,False,0.7700614736558942,2,True,CS_MAP
127530,43,tennis racket,a photo of a tennis racket,0.03317926708484648,all,,CS_POS3_CASR,0.8032407407407407,0.9966119260204082,0.8908857509627728,0.9340511440107672,0.8515337423312883,743,694,49,True,0.04600334344622624,1,True,False,0.7700614736558942,2,True,CS_MAP
476415,1,person,a photo of a person,0.3211113930474499,all,,CS_POS3_SAM,0.4407956510995799,0.5489676339285714,0.6118780977207635,0.9986005373936409,0.4410681171961924,17864,17839,0,True,0.2661938041097319,32,True,False,0.11968425805213001,1,True,CS_MAP
476415,1,person,a photo of a person,0.3211113930474499,all,,CS_POS3_SMART,0.9497974108113449,0.9595025510204082,0.9742524075012671,0.9991942820012996,0.9505254048708122,38475,38444,0,True,0.16504022839345964,32,True,False,0.6286860177638951,0,True,CS_MAP
476415,1,person,a photo of a person,0.3211113930474499,all,,CS_POS3_CASR,0.3211113930474499,0.36013233418367346,0.48612311533659847,0.6892388689692733,0.375472864383731,22033,15186,0,True,0.13838088759053985,32,True,False,0.0,0,False,CS_MAP
476415,32,tie,a photo of a tie,0.18965316347535635,all,,CS_POS3_SAM,0.9450383978316519,0.9927256058673469,0.9717426647054269,0.9650930339843149,0.9784845650140318,6503,6276,227,True,0.16078625293608603,1,True,False,0.7553852343562956,1,True,CS_MAP
476415,32,tie,a photo of a tie,0.18965316347535635,all,,CS_POS3_SMART,0.9470747889022919,0.9930046237244898,0.9728180902966004,0.966456377904293,0.9792641097599002,6499,6281,218,True,0.16068735319569785,1,True,False,0.7574216254269356,2,True,CS_MAP
476415,32,tie,a photo of a tie,0.18965316347535635,all,,CS_POS3_CASR,0.9470747889022919,0.9930046237244898,0.9728180902966004,0.966456377904293,0.9792641097599002,6499,6281,218,True,0.16068735319569785,1,True,False,0.7574216254269356,2,True,CS_MAP
513283,49,knife,a photo of a knife,0.022783537057094228,all,,CS_POS3_SAM,0.5228290062667861,0.9893773915816326,0.6866549088771311,0.5251798561151079,0.9915110356536503,1112,584,0,True,0.0,-1,True,False,0.5000454692096918,2,True,CS_MAP
513283,49,knife,a photo of a knife,0.022783537057094228,all,,CS_POS3_SMART,0.08339272986457591,0.8718510841836735,0.15394736842105264,0.0834403080872914,0.9932088285229203,7011,585,6,True,0.0005510147855634127,67,True,False,0.060609192807481685,1,True,CS_MAP
513283,49,knife,a photo of a knife,0.022783537057094228,all,,CS_POS3_CASR,0.022783537057094228,0.4965122767857143,0.04455202148178965,0.022783537057094228,1.0,25852,589,8045,False,0.10897978011839779,59,False,False,0.0,1,False,CS_MAP
513283,44,bottle,a photo of a bottle,0.15887007218212104,all,,CS_POS3_SAM,0.011160714285714286,0.920539700255102,0.02207505518763797,0.025611838360842343,0.01939655172413793,1757,45,0,True,0.0,-1,True,False,-0.14770935789640677,2,True,CS_MAP
513283,44,bottle,a photo of a bottle,0.15887007218212104,all,,CS_POS3_SMART,0.22504970178926442,0.9223134566326531,0.3674131775397598,0.2946382092660073,0.4879310344827586,3842,1132,0,True,0.0,-1,True,False,0.06617962960714338,1,True,CS_MAP
513283,44,bottle,a photo of a bottle,0.15887007218212104,all,,CS_POS3_CASR,0.22504970178926442,0.9223134566326531,0.3674131775397598,0.2946382092660073,0.4879310344827586,3842,1132,0,True,0.0,-1,True,False,0.06617962960714338,1,True,CS_MAP
236784,18,dog,a photo of a dog,0.845526524148852,all,,CS_POS3_SAM,0.42059145673603504,0.8734853316326531,0.5921356977640709,0.9744131951786847,0.42528841716658977,4729,4608,0,True,0.0,-1,True,False,-0.42493506741281695,2,True,CS_MAP
236784,18,dog,a photo of a dog,0.845526524148852,all,,CS_POS3_SMART,0.4547111354109714,0.8807397959183674,0.6251566023552995,0.9728992006239033,0.46054453161052145,5129,4990,1,True,3.367003367003367e-05,63,True,False,-0.3908153887378806,1,True,CS_MAP
236784,18,dog,a photo of a dog,0.845526524148852,all,,CS_POS3_CASR,0.4547111354109714,0.8807397959183674,0.6251566023552995,0.9728992006239033,0.46054453161052145,5129,4990,1,True,3.367003367003367e-05,63,True,False,-0.3908153887378806,1,True,CS_MAP
236784,63,couch,a photo of a couch,0.8499642090193271,all,,CS_POS3_SAM,0.8084660087342251,0.8889907525510204,0.8940903559476726,0.8390792291220557,0.9568207716099626,28020,23511,3902,True,0.11224022442319803,18,True,False,-0.04149820028510198,0,True,CS_MAP
236784,63,couch,a photo of a couch,0.8499642090193271,all,,CS_POS3_SMART,0.8084660087342251,0.8889907525510204,0.8940903559476726,0.8390792291220557,0.9568207716099626,28020,23511,3902,True,0.11224022442319803,18,True,False,-0.04149820028510198,0,True,CS_MAP
236784,63,couch,a photo of a couch,0.8499642090193271,all,,CS_POS3_CASR,0.8084660087342251,0.8889907525510204,0.8940903559476726,0.8390792291220557,0.9568207716099626,28020,23511,3902,True,0.11224022442319803,18,True,False,-0.04149820028510198,0,True,CS_MAP
306700,59,pizza,a photo of a pizza,0.7164141667502759,all,,CS_POS3_SAM,0.5120584918700666,0.7326610331632653,0.6772998460354118,0.5235615725071596,0.9588583883931612,26887,14077,11565,True,0.4334575988997068,1,True,False,-0.20435567488020934,0,True,CS_MAP
306700,59,pizza,a photo of a pizza,0.7164141667502759,all,,CS_POS3_SMART,0.9333875448939486,0.9804089604591837,0.9655462479408363,0.9945126353790614,0.9382194673387372,13850,13774,0,True,0.005982582355168496,1,True,False,0.21697337814367268,1,True,CS_MAP
306700,59,pizza,a photo of a pizza,0.7164141667502759,all,,CS_POS3_CASR,0.9333875448939486,0.9804089604591837,0.9655462479408363,0.9945126353790614,0.9382194673387372,13850,13774,0,True,0.005982582355168496,1,True,False,0.21697337814367268,1,True,CS_MAP
306700,1,person,a photo of a person,0.7037927948086821,all,,CS_POS3_SAM,0.44573859673594646,0.8416175063775511,0.6166240532587197,0.7977780551741356,0.5025161188866174,8011,6391,59,True,0.012402962434192914,59,True,False,-0.2580541980727356,1,True,CS_MAP
306700,1,person,a photo of a person,0.7037927948086821,all,,CS_POS3_SMART,0.7999094027049763,0.9383769132653061,0.8888329618177896,0.8188261791202968,0.9719295486711748,15096,12361,88,True,0.016939312181961,59,True,False,0.09611660789629428,0,True,CS_MAP
306700,1,person,a photo of a person,0.7037927948086821,all,,CS_POS3_CASR,0.7999094027049763,0.9383769132653061,0.8888329618177896,0.8188261791202968,0.9719295486711748,15096,12361,88,True,0.016939312181961,59,True,False,0.09611660789629428,0,True,CS_MAP
162415,40,baseball glove,a photo of a baseball glove,0.40110707204230006,all,,CS_POS3_SAM,0.9295968534906588,0.9928651147959183,0.9635140644109254,0.9566889293665249,0.9704372818723055,4941,4727,201,True,0.18849411674523783,1,True,False,0.5284897814483587,1,True,CS_MAP
162415,40,baseball glove,a photo of a baseball glove,0.40110707204230006,all,,CS_POS3_SMART,0.9295968534906588,0.9928651147959183,0.9635140644109254,0.9566889293665249,0.9704372818723055,4941,4727,201,True,0.18849411674523783,1,True,False,0.5284897814483587,1,True,CS_MAP
162415,40,baseball glove,a photo of a baseball glove,0.40110707204230006,all,,CS_POS3_CASR,0.9295968534906588,0.9928651147959183,0.9635140644109254,0.9566889293665249,0.9704372818723055,4941,4727,201,True,0.18849411674523783,1,True,False,0.5284897814483587,1,True,CS_MAP
162415,1,person,a photo of a person,0.5570366914386643,all,,CS_POS3_SAM,0.9042913071572466,0.9498166454081632,0.9497405189620759,0.9899717043941412,0.9126515267761239,24032,23791,1,True,0.15055133155527248,40,True,False,0.3472546157185823,0,True,CS_MAP
162415,1,person,a photo of a person,0.5570366914386643,all,,CS_POS3_SMART,0.9042913071572466,0.9498166454081632,0.9497405189620759,0.9899717043941412,0.9126515267761239,24032,23791,1,True,0.15055133155527248,40,True,False,0.3472546157185823,0,True,CS_MAP
162415,1,person,a photo of a person,0.5570366914386643,all,,CS_POS3_CASR,0.5570366914386643,0.7350924744897959,0.7155087539060828,0.8092863367870631,0.6412076108638944,20654,16715,0,True,0.00031351647920993845,40,True,False,0.0,0,False,CS_MAP
74209,67,dining table,a photo of a dining table,0.3406104500775996,all,,CS_POS3_SAM,0.6217189238724881,0.8848254145408163,0.7667406659939455,0.9100316182811152,0.6624354861207978,10437,9498,774,True,0.06036499766027141,62,True,False,0.28110847379488846,1,True,CS_MAP
74209,67,dining table,a photo of a dining table,0.3406104500775996,all,,CS_POS3_SMART,0.6217189238724881,0.8848254145408163,0.7667406659939455,0.9100316182811152,0.6624354861207978,10437,9498,774,True,0.06036499766027141,62,True,False,0.28110847379488846,1,True,CS_MAP
74209,67,dining table,a photo of a dining table,0.3406104500775996,all,,CS_POS3_CASR,0.3406104500775996,0.6189612563775511,0.5081423168943429,0.40255981738882324,0.6887989956758265,24533,9876,6414,True,0.2141525492421172,62,True,False,0.0,1,False,CS_MAP
74209,82,refrigerator,a photo of a refrigerator,0.018778280542986425,all,,CS_POS3_SAM,0.006158304654953812,0.8906449298469388,0.012241224122412242,0.007367280606717226,0.036170212765957444,4615,34,0,True,0.0,-1,True,False,-0.012619975888032611,1,True,CS_MAP
74209,82,refrigerator,a photo of a refrigerator,0.018778280542986425,all,,CS_POS3_SMART,0.006158304654953812,0.8906449298469388,0.012241224122412242,0.007367280606717226,0.036170212765957444,4615,34,0,True,0.0,-1,True,False,-0.012619975888032611,1,True,CS_MAP
74209,82,refrigerator,a photo of a refrigerator,0.018778280542986425,all,,CS_POS3_CASR,0.006158304654953812,0.8906449298469388,0.012241224122412242,0.007367280606717226,0.036170212765957444,4615,34,0,True,0.0,-1,True,False,-0.012619975888032611,1,True,CS_MAP
347335,67,dining table,a photo of a dining table,0.3923302657057872,all,,CS_POS3_SAM,0.09877012298770123,0.10184151785714286,0.17978305183459523,0.9907723169508525,0.09886106607418083,4985,4939,0,True,0.006495263870094722,47,True,False,-0.293560142718086,2,True,CS_MAP
347335,67,dining table,a photo of a dining table,0.3923302657057872,all,,CS_POS3_SMART,0.09877012298770123,0.10184151785714286,0.17978305183459523,0.9907723169508525,0.09886106607418083,4985,4939,0,True,0.006495263870094722,47,True,False,-0.293560142718086,2,True,CS_MAP
347335,67,dining table,a photo of a dining table,0.3923302657057872,all,,CS_POS3_CASR,0.09877012298770123,0.10184151785714286,0.17978305183459523,0.9907723169508525,0.09886106607418083,4985,4939,0,True,0.006495263870094722,47,True,False,-0.293560142718086,2,True,CS_MAP
347335,47,cup,a photo of a cup,0.12477736501959188,all,,CS_POS3_SAM,0.9164969450101833,0.9959143813775511,0.9564293304994687,0.9991119005328597,0.9172441907867916,2252,2250,2,True,0.04507696310975,67,True,False,0.7917195799905914,1,True,CS_MAP
347335,47,cup,a photo of a cup,0.12477736501959188,all,,CS_POS3_SMART,0.9164969450101833,0.9959143813775511,0.9564293304994687,0.9991119005328597,0.9172441907867916,2252,2250,2,True,0.04507696310975,67,True,False,0.7917195799905914,1,True,CS_MAP
347335,47,cup,a photo of a cup,0.12477736501959188,all,,CS_POS3_CASR,0.12477736501959188,0.6572265625,0.22187033434375425,0.12478371501272265,0.9995923359152059,19650,2452,17085,False,0.3901781434733983,67,False,False,0.0,1,False,CS_MAP
172330,3,car,a photo of a car,0.9048350747797582,all,,CS_POS3_SAM,0.9179546087440824,0.9530253507653061,0.9572224541280241,0.9867908995659332,0.9293744493392071,26724,26371,99,True,0.0058220610793473715,17,True,False,0.013119533964324193,0,True,CS_MAP
172330,3,car,a photo of a car,0.9048350747797582,all,,CS_POS3_SMART,0.8804621848739496,0.9319595025510204,0.9364316836107698,0.9926966957482926,0.8862026431718062,25331,25146,36,True,0.003655237955990935,17,True,False,-0.02437288990580866,1,True,CS_MAP
172330,3,car,a photo of a car,0.9048350747797582,all,,CS_POS3_CASR,0.8804621848739496,0.9319595025510204,0.9364316836107698,0.9926966957482926,0.8862026431718062,25331,25146,36,True,0.003655237955990935,17,True,False,-0.02437288990580866,1,True,CS_MAP
172330,17,cat,a photo of a cat,0.16459186889379138,all,,CS_POS3_SAM,0.07020942217024231,0.492984693877551,0.13120688477563008,0.07074203645737433,0.9031499764927128,27155,1921,24958,False,0.8223885005414985,3,False,True,-0.09438244672354906,0,True,CS_MAP
172330,17,cat,a photo of a cat,0.16459186889379138,all,,CS_POS3_SMART,0.11447629349197765,0.7063137755102041,0.20543513426075705,0.11602411839941532,0.8956276445698167,16419,1905,14448,False,0.4802551138429001,3,False,False,-0.05011557540181373,1,True,CS_MAP
172330,17,cat,a photo of a cat,0.16459186889379138,all,,CS_POS3_CASR,0.16459186889379138,0.7886838329081632,0.2826601718422299,0.1650861387703493,0.9821344616831218,12654,2089,1760,True,0.04831621442076754,3,True,False,0.0,1,False,CS_MAP
466125,1,person,a photo of a person,0.6221475732653771,all,,CS_POS3_SAM,0.6089017645509612,0.8224250637755102,0.7569160255360943,0.8892307692307693,0.658877172983756,15600,13872,1693,True,0.1015500341919307,28,True,False,-0.01324580871441583,0,True,CS_MAP
466125,1,person,a photo of a person,0.6221475732653771,all,,CS_POS3_SMART,0.4747304266291608,0.7767059948979592,0.6438199389623601,0.973466641030571,0.48095373800702956,10402,10126,231,True,0.020387531592249368,27,True,False,-0.14741714663621625,1,True,CS_MAP
466125,1,person,a photo of a person,0.6221475732653771,all,,CS_POS3_CASR,0.4747304266291608,0.7767059948979592,0.6438199389623601,0.973466641030571,0.48095373800702956,10402,10126,231,True,0.020387531592249368,27,True,False,-0.14741714663621625,1,True,CS_MAP
466125,84,book,a photo of a book,0.024746314378709555,all,,CS_POS3_SAM,0.1527708437343984,0.966179049744898,0.2650498051104374,0.17075892857142858,0.5918762088974855,1792,306,927,False,0.3670785173375847,67,False,False,0.12802452935568884,0,True,CS_MAP
466125,84,book,a photo of a book,0.024746314378709555,all,,CS_POS3_SMART,0.1527708437343984,0.966179049744898,0.2650498051104374,0.17075892857142858,0.5918762088974855,1792,306,927,False,0.3670785173375847,67,False,False,0.12802452935568884,0,True,CS_MAP
466125,84,book,a photo of a book,0.024746314378709555,all,,CS_POS3_CASR,0.1527708437343984,0.966179049744898,0.2650498051104374,0.17075892857142858,0.5918762088974855,1792,306,927,False,0.3670785173375847,67,False,False,0.12802452935568884,0,True,CS_MAP
294162,73,laptop,a photo of a laptop,0.7624372181691536,all,,CS_POS3_SAM,0.9914928425357873,0.9958545918367347,0.9957282510474,0.9969567363053133,0.9945027896291434,24316,24242,0,True,3.779432329264145e-05,74,True,False,0.22905562436663374,0,True,CS_MAP
294162,73,laptop,a photo of a laptop,0.7624372181691536,all,,CS_POS3_SMART,0.9914928425357873,0.9958545918367347,0.9957282510474,0.9969567363053133,0.9945027896291434,24316,24242,0,True,3.779432329264145e-05,74,True,False,0.22905562436663374,0,True,CS_MAP
294162,73,laptop,a photo of a laptop,0.7624372181691536,all,,CS_POS3_CASR,0.9914928425357873,0.9958545918367347,0.9957282510474,0.9969567363053133,0.9945027896291434,24316,24242,0,True,3.779432329264145e-05,74,True,False,0.22905562436663374,0,True,CS_MAP
294162,74,mouse,a photo of a mouse,0.13559322033898305,all,,CS_POS3_SAM,0.9525763793889649,0.9979272959183674,0.9757122839794489,0.9770813844714686,0.9743470149253731,2138,2089,1,True,0.00015088645794039985,73,True,False,0.8169831590499819,1,True,CS_MAP
294162,74,mouse,a photo of a mouse,0.13559322033898305,all,,CS_POS3_SMART,0.9525763793889649,0.9979272959183674,0.9757122839794489,0.9770813844714686,0.9743470149253731,2138,2089,1,True,0.00015088645794039985,73,True,False,0.8169831590499819,1,True,CS_MAP
294162,74,mouse,a photo of a mouse,0.13559322033898305,all,,CS_POS3_CASR,0.9525763793889649,0.9979272959183674,0.9757122839794489,0.9770813844714686,0.9743470149253731,2138,2089,1,True,0.00015088645794039985,73,True,False,0.8169831590499819,1,True,CS_MAP
79229,18,dog,a photo of a dog,0.0520921630577175,all,,CS_POS3_SAM,0.006678653994348831,0.15224410076530612,0.013268690992600153,0.00674003723517074,0.4230769230769231,42433,286,154,True,0.0032398328928297383,19,True,False,-0.04541350906336867,0,True,CS_MAP
79229,18,dog,a photo of a dog,0.0520921630577175,all,,CS_POS3_SMART,0.06760728982951206,0.8735650510204082,0.12665198237885464,0.06982392228293868,0.6804733727810651,6588,460,23,True,0.0020535714285714285,19,True,False,0.015515126771794556,2,True,CS_MAP
79229,18,dog,a photo of a dog,0.0520921630577175,all,,CS_POS3_CASR,0.0520921630577175,0.7548429528061225,0.09902585512341609,0.0520921630577175,1.0,12977,676,3979,False,0.29101304794018473,19,False,False,0.0,2,False,CS_MAP
79229,19,horse,a photo of a horse,0.3859590191467921,all,,CS_POS3_SAM,0.8400882825040128,0.9841159119897959,0.9130956275215353,0.9230599647266314,0.9033441208198489,4536,4187,58,True,0.010507569011576135,1,True,False,0.4541292633572207,0,True,CS_MAP
79229,19,horse,a photo of a horse,0.3859590191467921,all,,CS_POS3_SMART,0.8400882825040128,0.9841159119897959,0.9130956275215353,0.9230599647266314,0.9033441208198489,4536,4187,58,True,0.010507569011576135,1,True,False,0.4541292633572207,0,True,CS_MAP
79229,19,horse,a photo of a horse,0.3859590191467921,all,,CS_POS3_CASR,0.8400882825040128,0.9841159119897959,0.9130956275215353,0.9230599647266314,0.9033441208198489,4536,4187,58,True,0.010507569011576135,1,True,False,0.4541292633572207,0,True,CS_MAP
213224,86,vase,a photo of a vase,0.20684391750381598,all,,CS_POS3_SAM,0.5584269662921348,0.9451729910714286,0.7166546503244412,0.992865296803653,0.5606768734891217,3504,3479,2,True,0.0014845864989957208,67,True,False,0.35158304878831886,1,True,CS_MAP
213224,86,vase,a photo of a vase,0.20684391750381598,all,,CS_POS3_SMART,0.345591897725386,0.8428930165816326,0.513665247701894,0.4161335465813675,0.6709105560032232,10004,4163,0,True,0.0006125744834883332,67,True,False,0.13874798022157003,0,True,CS_MAP
213224,86,vase,a photo of a vase,0.20684391750381598,all,,CS_POS3_CASR,0.345591897725386,0.8428930165816326,0.513665247701894,0.4161335465813675,0.6709105560032232,10004,4163,0,True,0.0006125744834883332,67,True,False,0.13874798022157003,0,True,CS_MAP
213224,62,chair,a photo of a chair,0.07179648488184642,all,,CS_POS3_SAM,0.866937531742001,0.9947783801020408,0.9287268770402611,0.924201407688143,0.9332968835429196,1847,1707,31,True,0.005019463224749027,67,True,False,0.7951410468601546,2,True,CS_MAP
213224,62,chair,a photo of a chair,0.07179648488184642,all,,CS_POS3_SMART,0.34090019569471625,0.9328762755102041,0.5084646818447168,0.3468046983874179,0.9524330235101148,5023,1742,43,True,0.004408352668213457,67,True,False,0.2691037108128698,0,True,CS_MAP
213224,62,chair,a photo of a chair,0.07179648488184642,all,,CS_POS3_CASR,0.34090019569471625,0.9328762755102041,0.5084646818447168,0.3468046983874179,0.9524330235101148,5023,1742,43,True,0.004408352668213457,67,True,False,0.2691037108128698,0,True,CS_MAP
563349,1,person,a photo of a person,0.16681695220919748,all,,CS_POS3_SAM,0.005598720292504571,0.8265505420918368,0.011135098284285877,0.008956315116066533,0.014714714714714715,5471,49,0,True,0.0,-1,True,False,-0.1612182319166929,1,True,CS_MAP
563349,1,person,a photo of a person,0.16681695220919748,all,,CS_POS3_SMART,0.005598720292504571,0.8265505420918368,0.011135098284285877,0.008956315116066533,0.014714714714714715,5471,49,0,True,0.0,-1,True,False,-0.1612182319166929,1,True,CS_MAP
563349,1,person,a photo of a person,0.16681695220919748,all,,CS_POS3_CASR,0.16681695220919748,0.6685267857142857,0.28593508500772796,0.16681695220919748,1.0,19962,3330,486,True,0.023901650585296568,36,True,False,0.0,1,False,CS_MAP
563349,36,snowboard,a photo of a snowboard,0.03616149795201872,all,,CS_POS3_SAM,0.8821292775665399,0.9975286989795918,0.9373737373737374,0.8948891031822566,0.9840933191940615,1037,928,0,True,0.00022904260192395785,1,True,False,0.8459677796145212,2,True,CS_MAP
563349,36,snowboard,a photo of a snowboard,0.03616149795201872,all,,CS_POS3_SMART,0.8821292775665399,0.9975286989795918,0.9373737373737374,0.8948891031822566,0.9840933191940615,1037,928,0,True,0.00022904260192395785,1,True,False,0.8459677796145212,2,True,CS_MAP
563349,36,snowboard,a photo of a snowboard,0.03616149795201872,all,,CS_POS3_CASR,0.8821292775665399,0.9975286989795918,0.9373737373737374,0.8948891031822566,0.9840933191940615,1037,928,0,True,0.00022904260192395785,1,True,False,0.8459677796145212,2,True,CS_MAP
363461,72,tv,a photo of a tv,0.11800197011984896,all,,CS_POS3_SAM,0.042228440600356146,0.9249641262755102,0.08103490358799122,0.14574187884108866,0.05611899932386748,1139,166,0,True,0.0,-1,True,False,-0.07577352951949282,1,True,CS_MAP
363461,72,tv,a photo of a tv,0.11800197011984896,all,,CS_POS3_SMART,0.042228440600356146,0.9249641262755102,0.08103490358799122,0.14574187884108866,0.05611899932386748,1139,166,0,True,0.0,-1,True,False,-0.07577352951949282,1,True,CS_MAP
363461,72,tv,a photo of a tv,0.11800197011984896,all,,CS_POS3_CASR,0.042228440600356146,0.9249641262755102,0.08103490358799122,0.14574187884108866,0.05611899932386748,1139,166,0,True,0.0,-1,True,False,-0.07577352951949282,1,True,CS_MAP
363461,73,laptop,a photo of a laptop,0.15753266540468167,all,,CS_POS3_SAM,0.7620481927710844,0.9811065051020408,0.864957264957265,0.8721631715024418,0.8578694546482057,3481,3036,391,True,0.11161861261775621,76,True,False,0.6045155273664027,2,True,CS_MAP
363461,73,laptop,a photo of a laptop,0.15753266540468167,all,,CS_POS3_SMART,0.7620481927710844,0.9811065051020408,0.864957264957265,0.8721631715024418,0.8578694546482057,3481,3036,391,True,0.11161861261775621,76,True,False,0.6045155273664027,2,True,CS_MAP
363461,73,laptop,a photo of a laptop,0.15753266540468167,all,,CS_POS3_CASR,0.7620481927710844,0.9811065051020408,0.864957264957265,0.8721631715024418,0.8578694546482057,3481,3036,391,True,0.11161861261775621,76,True,False,0.6045155273664027,2,True,CS_MAP
64868,18,dog,a photo of a dog,0.18508067433615513,all,,CS_POS3_SAM,0.7399103139013453,0.9861288265306123,0.8505154639175257,0.9787444389520514,0.751993923281428,2023,1980,9,True,0.002510945145506052,79,True,False,0.5548296395651902,1,True,CS_MAP
64868,18,dog,a photo of a dog,0.18508067433615513,all,,CS_POS3_SMART,0.7399103139013453,0.9861288265306123,0.8505154639175257,0.9787444389520514,0.751993923281428,2023,1980,9,True,0.002510945145506052,79,True,False,0.5548296395651902,1,True,CS_MAP
64868,18,dog,a photo of a dog,0.18508067433615513,all,,CS_POS3_CASR,0.7399103139013453,0.9861288265306123,0.8505154639175257,0.9787444389520514,0.751993923281428,2023,1980,9,True,0.002510945145506052,79,True,False,0.5548296395651902,1,True,CS_MAP
64868,79,oven,a photo of a oven,0.6687448046550291,all,,CS_POS3_SAM,0.29321033210332104,0.8091318558673469,0.4534611653255721,0.9994968553459119,0.29325361677000295,3975,3973,0,True,0.0,-1,True,False,-0.375534472551708,1,True,CS_MAP
64868,79,oven,a photo of a oven,0.6687448046550291,all,,CS_POS3_SMART,0.29321033210332104,0.8091318558673469,0.4534611653255721,0.9994968553459119,0.29325361677000295,3975,3973,0,True,0.0,-1,True,False,-0.375534472551708,1,True,CS_MAP
64868,79,oven,a photo of a oven,0.6687448046550291,all,,CS_POS3_CASR,0.29321033210332104,0.8091318558673469,0.4534611653255721,0.9994968553459119,0.29325361677000295,3975,3973,0,True,0.0,-1,True,False,-0.375534472551708,1,True,CS_MAP
239773,39,baseball bat,a photo of a baseball bat,0.03581146317914509,all,,CS_POS3_SAM,0.03742166517457476,0.8928571428571429,0.072143596824301,0.04198473282442748,0.25612745098039214,4978,209,291,False,0.01828507239141288,1,True,False,0.0016102019954296679,1,True,CS_MAP
239773,39,baseball bat,a photo of a baseball bat,0.03581146317914509,all,,CS_POS3_SMART,0.03742166517457476,0.8928571428571429,0.072143596824301,0.04198473282442748,0.25612745098039214,4978,209,291,False,0.01828507239141288,1,True,False,0.0016102019954296679,1,True,CS_MAP
239773,39,baseball bat,a photo of a baseball bat,0.03581146317914509,all,,CS_POS3_CASR,0.03742166517457476,0.8928571428571429,0.072143596824301,0.04198473282442748,0.25612745098039214,4978,209,291,False,0.01828507239141288,1,True,False,0.0016102019954296679,1,True,CS_MAP
239773,40,baseball glove,a photo of a baseball glove,0.03499644254713625,all,,CS_POS3_SAM,0.5985267034990792,0.9913105867346939,0.7488479262672811,0.684931506849315,0.8259212198221093,949,650,292,True,0.0841995841995842,37,True,False,0.5635302609519429,1,True,CS_MAP
239773,40,baseball glove,a photo of a baseball glove,0.03499644254713625,all,,CS_POS3_SMART,0.11449211908931699,0.9193837691326531,0.20546061677470046,0.12151486988847583,0.6645489199491741,4304,523,3781,False,0.3586069133229112,1,False,False,0.07949567654218073,0,True,CS_MAP
239773,40,baseball glove,a photo of a baseball glove,0.03499644254713625,all,,CS_POS3_CASR,0.11449211908931699,0.9193837691326531,0.20546061677470046,0.12151486988847583,0.6645489199491741,4304,523,3781,False,0.3586069133229112,1,False,False,0.07949567654218073,0,True,CS_MAP
393226,8,truck,a photo of a truck,0.4324437030859049,all,,CS_POS3_SAM,0.6417801878058458,0.8920400191326531,0.7818101260724212,0.6649993147868988,0.9484022280856054,14594,9705,137,True,0.008779514466245428,3,True,False,0.20933648471994087,0,True,CS_MAP
393226,8,truck,a photo of a truck,0.4324437030859049,all,,CS_POS3_SMART,0.6417801878058458,0.8920400191326531,0.7818101260724212,0.6649993147868988,0.9484022280856054,14594,9705,137,True,0.008779514466245428,3,True,False,0.20933648471994087,0,True,CS_MAP
393226,8,truck,a photo of a truck,0.4324437030859049,all,,CS_POS3_CASR,0.6417801878058458,0.8920400191326531,0.7818101260724212,0.6649993147868988,0.9484022280856054,14594,9705,137,True,0.008779514466245428,3,True,False,0.20933648471994087,0,True,CS_MAP
393226,3,car,a photo of a car,0.020931326434619004,all,,CS_POS3_SAM,0.054204773589114436,0.9154974489795918,0.10283537875581887,0.05851191909463039,0.42408376963350786,4153,243,2721,False,0.23199451914019012,8,False,False,0.03327344715449543,1,True,CS_MAP
393226,3,car,a photo of a car,0.020931326434619004,all,,CS_POS3_SMART,0.02801089918256131,0.822265625,0.054495335029686176,0.02901004628061858,0.44851657940663175,8859,257,8510,False,0.8011320754716981,8,False,True,0.007079572747942305,0,True,CS_MAP
393226,3,car,a photo of a car,0.020931326434619004,all,,CS_POS3_CASR,0.020931326434619004,0.5851602359693877,0.04100437687168855,0.021058110921824722,0.7766143106457243,21132,445,6866,False,0.2785862785862786,8,False,False,0.0,0,False,CS_MAP
34139,33,suitcase,a photo of a suitcase,0.6160072760345612,all,,CS_POS3_SAM,0.5768856088560885,0.7143455038265306,0.7316771814216448,0.5773457811392105,0.9986202667484286,33848,19542,8,True,0.00020531245989991018,1,True,False,-0.03912166717847265,0,True,CS_MAP
34139,33,suitcase,a photo of a suitcase,0.6160072760345612,all,,CS_POS3_SMART,0.7565870524182331,0.8779296875,0.8614284744689035,0.7728970444949659,0.9728652460524299,24632,19038,0,True,0.0,-1,True,False,0.14057977638367192,1,True,CS_MAP
34139,33,suitcase,a photo of a suitcase,0.6160072760345612,all,,CS_POS3_CASR,0.7565870524182331,0.8779296875,0.8614284744689035,0.7728970444949659,0.9728652460524299,24632,19038,0,True,0.0,-1,True,False,0.14057977638367192,1,True,CS_MAP
34139,1,person,a photo of a person,0.24025259532124577,all,,CS_POS3_SAM,0.40375047837734407,0.9378985969387755,0.5752453653217012,0.9543193125282677,0.4117073170731707,2211,2110,0,True,0.0,-1,True,False,0.1634978830560983,1,True,CS_MAP
34139,1,person,a photo of a person,0.24025259532124577,all,,CS_POS3_SMART,0.40375047837734407,0.9378985969387755,0.5752453653217012,0.9543193125282677,0.4117073170731707,2211,2110,0,True,0.0,-1,True,False,0.1634978830560983,1,True,CS_MAP
34139,1,person,a photo of a person,0.24025259532124577,all,,CS_POS3_CASR,0.24025259532124577,0.6834941007653061,0.38742526518804243,0.2414423076923077,0.9799024390243902,20800,5022,4602,True,0.12583317065008226,33,True,False,0.0,1,False,CS_MAP
116439,9,boat,a photo of a boat,0.37479495446575034,all,,CS_POS3_SAM,0.8997266580348151,0.9861088966836735,0.9472169632714881,0.9942766295707473,0.9044107013738251,6290,6254,2,True,0.002951954397394137,1,True,False,0.5249317035690648,1,True,CS_MAP
116439,9,boat,a photo of a boat,0.37479495446575034,all,,CS_POS3_SMART,0.8997266580348151,0.9861088966836735,0.9472169632714881,0.9942766295707473,0.9044107013738251,6290,6254,2,True,0.002951954397394137,1,True,False,0.5249317035690648,1,True,CS_MAP
116439,9,boat,a photo of a boat,0.37479495446575034,all,,CS_POS3_CASR,0.8997266580348151,0.9861088966836735,0.9472169632714881,0.9942766295707473,0.9044107013738251,6290,6254,2,True,0.002951954397394137,1,True,False,0.5249317035690648,1,True,CS_MAP
116439,62,chair,a photo of a chair,0.0183461210571185,all,,CS_POS3_SAM,0.00571549534292972,0.9063895089285714,0.011366028204588508,0.006408734868264894,0.05018587360594796,4213,27,345,False,0.03872053872053872,31,False,False,-0.01263062571418878,1,True,CS_MAP
116439,62,chair,a photo of a chair,0.0183461210571185,all,,CS_POS3_SMART,0.00571549534292972,0.9063895089285714,0.011366028204588508,0.006408734868264894,0.05018587360594796,4213,27,345,False,0.03872053872053872,31,False,False,-0.01263062571418878,1,True,CS_MAP
116439,62,chair,a photo of a chair,0.0183461210571185,all,,CS_POS3_CASR,0.0183461210571185,0.4262794961734694,0.036031209188628066,0.0183461210571185,1.0,29325,538,12809,False,0.18917145200984414,9,False,False,0.0,1,False,CS_MAP
121591,41,skateboard,a photo of a skateboard,0.015265836111598525,all,,CS_POS3_SAM,0.0010443731214020073,0.2184111926020408,0.0020865670882210742,0.0010573823339780786,0.07824427480916031,38775,41,152,False,0.00382866714525006,1,False,False,-0.014221462990196517,0,True,CS_MAP
121591,41,skateboard,a photo of a skateboard,0.015265836111598525,all,,CS_POS3_SMART,0.0010443731214020073,0.2184111926020408,0.0020865670882210742,0.0010573823339780786,0.07824427480916031,38775,41,152,False,0.00382866714525006,1,False,False,-0.014221462990196517,0,True,CS_MAP
121591,41,skateboard,a photo of a skateboard,0.015265836111598525,all,,CS_POS3_CASR,0.015265836111598525,0.44076849489795916,0.030072589007950224,0.015313666126874605,0.8301526717557252,28406,435,1663,False,0.06083305340947262,1,False,False,0.0,0,False,CS_MAP
121591,1,person,a photo of a person,0.2017922969365705,all,,CS_POS3_SAM,0.18069164265129684,0.9433394451530612,0.30607761776909936,0.6800433839479393,0.19748031496062993,922,627,0,True,0.0013850415512465374,41,True,False,-0.021100654285273662,2,True,CS_MAP
121591,1,person,a photo of a person,0.2017922969365705,all,,CS_POS3_SMART,0.7425797503467406,0.9815051020408163,0.8522763451130213,0.8616028323141294,0.8431496062992127,3107,2677,192,True,0.05767550247596854,41,True,False,0.5407874534101701,0,True,CS_MAP
121591,1,person,a photo of a person,0.2017922969365705,all,,CS_POS3_CASR,0.7425797503467406,0.9815051020408163,0.8522763451130213,0.8616028323141294,0.8431496062992127,3107,2677,192,True,0.05767550247596854,41,True,False,0.5407874534101701,0,True,CS_MAP
156372,9,boat,a photo of a boat,0.20782937046433417,all,,CS_POS3_SAM,0.06086342587785784,0.09865274234693877,0.11474318822424052,0.0874873141901976,0.16666666666666666,33502,2931,0,True,0.008028685010523035,62,True,False,-0.14696594458647633,0,True,CS_MAP
156372,9,boat,a photo of a boat,0.20782937046433417,all,,CS_POS3_SMART,0.025875959685318,0.38552295918367346,0.050446566060979366,0.055025530771298035,0.0465711361310133,14884,819,0,True,0.012799277217286553,62,True,False,-0.18195341077901617,2,True,CS_MAP
156372,9,boat,a photo of a boat,0.20782937046433417,all,,CS_POS3_CASR,0.025875959685318,0.38552295918367346,0.050446566060979366,0.055025530771298035,0.0465711361310133,14884,819,0,True,0.012799277217286553,62,True,False,-0.18195341077901617,2,True,CS_MAP
156372,62,chair,a photo of a chair,0.31529061102831596,all,,CS_POS3_SAM,0.5559736594543744,0.9529655612244898,0.7146311970979444,0.9929435483870968,0.5581790706460144,2976,2955,0,True,0.16643975493533017,9,True,False,0.24068304842605842,1,True,CS_MAP
156372,62,chair,a photo of a chair,0.31529061102831596,all,,CS_POS3_SMART,0.5559736594543744,0.9529655612244898,0.7146311970979444,0.9929435483870968,0.5581790706460144,2976,2955,0,True,0.16643975493533017,9,True,False,0.24068304842605842,1,True,CS_MAP
156372,62,chair,a photo of a chair,0.31529061102831596,all,,CS_POS3_CASR,0.5559736594543744,0.9529655612244898,0.7146311970979444,0.9929435483870968,0.5581790706460144,2976,2955,0,True,0.16643975493533017,9,True,False,0.24068304842605842,1,True,CS_MAP
260105,47,cup,a photo of a cup,0.04933365640901381,all,,CS_POS3_SAM,0.4495084897229669,0.9754464285714286,0.6202219482120839,0.4519317160826595,0.9882121807465619,2226,1006,21,True,0.00985432733504713,50,True,False,0.4001748333139531,1,True,CS_MAP
260105,47,cup,a photo of a cup,0.04933365640901381,all,,CS_POS3_SMART,0.4495084897229669,0.9754464285714286,0.6202219482120839,0.4519317160826595,0.9882121807465619,2226,1006,21,True,0.00985432733504713,50,True,False,0.4001748333139531,1,True,CS_MAP
260105,47,cup,a photo of a cup,0.04933365640901381,all,,CS_POS3_CASR,0.4495084897229669,0.9754464285714286,0.6202219482120839,0.4519317160826595,0.9882121807465619,2226,1006,21,True,0.00985432733504713,50,True,False,0.4001748333139531,1,True,CS_MAP
260105,48,fork,a photo of a fork,0.04038893044128646,all,,CS_POS3_SAM,0.3282359366466412,0.9754862882653061,0.4942434210526316,0.34739884393063586,0.8561253561253561,1730,601,1037,False,0.5507900677200903,47,False,True,0.28784700620535475,0,True,CS_MAP
260105,48,fork,a photo of a fork,0.04038893044128646,all,,CS_POS3_SMART,0.5283333333333333,0.9887197066326531,0.6913849509269356,0.5600706713780919,0.9031339031339032,1132,634,371,True,0.1742217367558711,47,True,False,0.4879444028920469,2,True,CS_MAP
260105,48,fork,a photo of a fork,0.04038893044128646,all,,CS_POS3_CASR,0.5283333333333333,0.9887197066326531,0.6913849509269356,0.5600706713780919,0.9031339031339032,1132,634,371,True,0.1742217367558711,47,True,False,0.4879444028920469,2,True,CS_MAP
44195,1,person,a photo of a person,0.6357648882001329,all,,CS_POS3_SAM,0.6798990748528175,0.9241470025510204,0.8094522879743666,0.9859738992560069,0.6865392781316348,8199,8084,35,True,0.004850934815563416,36,True,False,0.04413418665268465,0,True,CS_MAP
44195,1,person,a photo of a person,0.6357648882001329,all,,CS_POS3_SMART,0.6306799057556378,0.9125279017857143,0.7735177253728263,0.9856654392425039,0.6365180467091295,7604,7495,32,True,0.004837149306675266,36,True,False,-0.0050849824444950675,1,True,CS_MAP
44195,1,person,a photo of a person,0.6357648882001329,all,,CS_POS3_CASR,0.6306799057556378,0.9125279017857143,0.7735177253728263,0.9856654392425039,0.6365180467091295,7604,7495,32,True,0.004837149306675266,36,True,False,-0.0050849824444950675,1,True,CS_MAP
44195,36,snowboard,a photo of a snowboard,0.05371452204932017,all,,CS_POS3_SAM,0.26028921023359286,0.9072265625,0.41306266548984993,0.2647486665589138,0.9392201834862385,6187,1638,4354,False,0.3661393367812595,1,False,False,0.2065746881842727,1,True,CS_MAP
44195,36,snowboard,a photo of a snowboard,0.05371452204932017,all,,CS_POS3_SMART,0.26028921023359286,0.9072265625,0.41306266548984993,0.2647486665589138,0.9392201834862385,6187,1638,4354,False,0.3661393367812595,1,False,False,0.2065746881842727,1,True,CS_MAP
44195,36,snowboard,a photo of a snowboard,0.05371452204932017,all,,CS_POS3_CASR,0.05371452204932017,0.6352040816326531,0.10195270336571485,0.05574632471295203,0.595756880733945,18638,1039,4555,False,0.18657094924115328,1,False,False,0.0,1,False,CS_MAP
280930,79,oven,a photo of a oven,0.2612233312834098,all,,CS_POS3_SAM,0.5177673773617611,0.9445551658163265,0.6822750114207401,0.9707507312317192,0.5259728825497447,3077,2987,0,True,0.0,-1,True,False,0.25654404607835135,1,True,CS_MAP
280930,79,oven,a photo of a oven,0.2612233312834098,all,,CS_POS3_SMART,0.5177673773617611,0.9445551658163265,0.6822750114207401,0.9707507312317192,0.5259728825497447,3077,2987,0,True,0.0,-1,True,False,0.25654404607835135,1,True,CS_MAP
280930,79,oven,a photo of a oven,0.2612233312834098,all,,CS_POS3_CASR,0.2612233312834098,0.6887555803571429,0.4142380255804358,0.2631779620627204,0.9723542877267124,20982,5522,1701,True,0.03325771324863884,82,True,False,0.0,1,False,CS_MAP
280930,1,person,a photo of a person,0.6593680975703448,all,,CS_POS3_SAM,0.5639503949576392,0.7876674107142857,0.7211870616560243,0.6142016581973789,0.8733046013436431,22434,13779,89,True,0.002017543859649123,44,True,False,-0.09541770261270555,0,True,CS_MAP
280930,1,person,a photo of a person,0.6593680975703448,all,,CS_POS3_SMART,0.5639503949576392,0.7876674107142857,0.7211870616560243,0.6142016581973789,0.8733046013436431,22434,13779,89,True,0.002017543859649123,44,True,False,-0.09541770261270555,0,True,CS_MAP
280930,1,person,a photo of a person,0.6593680975703448,all,,CS_POS3_CASR,0.5639503949576392,0.7876674107142857,0.7211870616560243,0.6142016581973789,0.8733046013436431,22434,13779,89,True,0.002017543859649123,44,True,False,-0.09541770261270555,0,True,CS_MAP
224675,38,kite,a photo of a kite,0.14505436223813312,all,,CS_POS3_SAM,0.7148508825319537,0.9813257334183674,0.833717834960071,0.8108387987573352,0.8579254930606282,2897,2349,171,True,0.027921320220036672,1,True,False,0.5697965202938207,1,True,CS_MAP
224675,38,kite,a photo of a kite,0.14505436223813312,all,,CS_POS3_SMART,0.7148508825319537,0.9813257334183674,0.833717834960071,0.8108387987573352,0.8579254930606282,2897,2349,171,True,0.027921320220036672,1,True,False,0.5697965202938207,1,True,CS_MAP
224675,38,kite,a photo of a kite,0.14505436223813312,all,,CS_POS3_CASR,0.7148508825319537,0.9813257334183674,0.833717834960071,0.8108387987573352,0.8579254930606282,2897,2349,171,True,0.027921320220036672,1,True,False,0.5697965202938207,1,True,CS_MAP
224675,31,handbag,a photo of a handbag,0.14722704524563374,all,,CS_POS3_SAM,0.906872852233677,0.9945990114795918,0.9511623715984863,0.9973544973544973,0.9090595935239407,2646,2639,0,True,0.005311702215268056,1,True,False,0.7596458069880432,1,True,CS_MAP
224675,31,handbag,a photo of a handbag,0.14722704524563374,all,,CS_POS3_SMART,0.8986602542081759,0.9941206951530612,0.9466256558711779,0.9969512195121951,0.9011367550809507,2624,2616,0,True,0.004571287373362985,1,True,False,0.7514332089625422,2,True,CS_MAP
224675,31,handbag,a photo of a handbag,0.14722704524563374,all,,CS_POS3_CASR,0.8986602542081759,0.9941206951530612,0.9466256558711779,0.9969512195121951,0.9011367550809507,2624,2616,0,True,0.004571287373362985,1,True,False,0.7514332089625422,2,True,CS_MAP
402346,51,bowl,a photo of a bowl,0.2899629717166942,all,,CS_POS3_SAM,0.41343639216597894,0.7988480548469388,0.5850088400970355,0.8595940067665538,0.4433779993767529,8276,7114,0,True,0.0,-1,True,False,0.12347342044928472,1,True,CS_MAP
402346,51,bowl,a photo of a bowl,0.2899629717166942,all,,CS_POS3_SMART,0.41343639216597894,0.7988480548469388,0.5850088400970355,0.8595940067665538,0.4433779993767529,8276,7114,0,True,0.0,-1,True,False,0.12347342044928472,1,True,CS_MAP
402346,51,bowl,a photo of a bowl,0.2899629717166942,all,,CS_POS3_CASR,0.41343639216597894,0.7988480548469388,0.5850088400970355,0.8595940067665538,0.4433779993767529,8276,7114,0,True,0.0,-1,True,False,0.12347342044928472,1,True,CS_MAP
402346,86,vase,a photo of a vase,0.01725776965265082,all,,CS_POS3_SAM,0.001037254732474717,0.5393415178571429,0.002072359899835938,0.0010594155557517436,0.047244094488188976,22654,24,3991,False,0.1149878990434482,51,False,False,-0.016220514920176104,0,True,CS_MAP
402346,86,vase,a photo of a vase,0.01725776965265082,all,,CS_POS3_SMART,0.001037254732474717,0.5393415178571429,0.002072359899835938,0.0010594155557517436,0.047244094488188976,22654,24,3991,False,0.1149878990434482,51,False,False,-0.016220514920176104,0,True,CS_MAP
402346,86,vase,a photo of a vase,0.01725776965265082,all,,CS_POS3_CASR,0.01725776965265082,0.46432557397959184,0.03392998346632162,0.017280515486563668,0.9291338582677166,27314,472,7162,False,0.19786170124595961,51,False,False,0.0,0,False,CS_MAP
66817,50,spoon,a photo of a spoon,0.022449141767323585,all,,CS_POS3_SAM,0.5106589147286822,0.9899354272959183,0.6760744066709429,0.7229080932784636,0.6349397590361445,729,527,104,True,0.3022700119474313,48,True,False,0.4882097729613586,2,True,CS_MAP
66817,50,spoon,a photo of a spoon,0.022449141767323585,all,,CS_POS3_SMART,0.041917348850971495,0.8064014668367347,0.08046194623248769,0.043661393055270184,0.5120481927710844,9734,425,126,True,0.02518533563521885,48,True,False,0.01946820708364791,0,True,CS_MAP
66817,50,spoon,a photo of a spoon,0.022449141767323585,all,,CS_POS3_CASR,0.022449141767323585,0.5096659757653061,0.04391248591302996,0.02268802955467213,0.6807228915662651,24903,565,7765,False,0.24047681720753583,51,False,False,0.0,0,False,CS_MAP
66817,67,dining table,a photo of a dining table,0.3606395967074948,all,,CS_POS3_SAM,0.3621726758635594,0.6470822704081632,0.5317573642180972,0.3764507675028079,0.905203456967951,26710,10055,1171,True,0.036305694543721706,51,True,False,0.0015330791560645984,0,True,CS_MAP
66817,67,dining table,a photo of a dining table,0.3606395967074948,all,,CS_POS3_SMART,0.3621726758635594,0.6470822704081632,0.5317573642180972,0.3764507675028079,0.905203456967951,26710,10055,1171,True,0.036305694543721706,51,True,False,0.0015330791560645984,0,True,CS_MAP
66817,67,dining table,a photo of a dining table,0.3606395967074948,all,,CS_POS3_CASR,0.3606395967074948,0.6764588647959183,0.5301030450387866,0.39065699658703074,0.8243608210298884,23440,9157,1732,True,0.043839607960001324,51,True,False,0.0,0,False,CS_MAP
536073,44,bottle,a photo of a bottle,0.2580733442802408,all,,CS_POS3_SAM,0.8095355731225297,0.9846340880102041,0.8947440273037542,0.9512336719883889,0.8445876288659794,3445,3277,0,True,0.0,-1,True,False,0.5514622288422888,1,True,CS_MAP
536073,44,bottle,a photo of a bottle,0.2580733442802408,all,,CS_POS3_SMART,0.8095355731225297,0.9846340880102041,0.8947440273037542,0.9512336719883889,0.8445876288659794,3445,3277,0,True,0.0,-1,True,False,0.5514622288422888,1,True,CS_MAP
536073,44,bottle,a photo of a bottle,0.2580733442802408,all,,CS_POS3_CASR,0.8095355731225297,0.9846340880102041,0.8947440273037542,0.9512336719883889,0.8445876288659794,3445,3277,0,True,0.0,-1,True,False,0.5514622288422888,1,True,CS_MAP
536073,47,cup,a photo of a cup,0.16054921152800436,all,,CS_POS3_SAM,0.9600222098833981,0.9971301020408163,0.9796033994334278,0.9854659447135936,0.9738101943114615,3509,3458,0,True,0.0,-1,True,False,0.7994729983553938,1,True,CS_MAP
536073,47,cup,a photo of a cup,0.16054921152800436,all,,CS_POS3_SMART,0.2304165836157066,0.7691525829081632,0.37453426210918517,0.2316942811330839,0.976626302450014,14968,3468,0,True,0.0,-1,True,False,0.06986737208770225,0,True,CS_MAP
536073,47,cup,a photo of a cup,0.16054921152800436,all,,CS_POS3_CASR,0.2304165836157066,0.7691525829081632,0.37453426210918517,0.2316942811330839,0.976626302450014,14968,3468,0,True,0.0,-1,True,False,0.06986737208770225,0,True,CS_MAP
483999,67,dining table,a photo of a dining table,0.6775295797633619,all,,CS_POS3_SAM,0.041031568301668715,0.7354312818877551,0.07882867254180834,1.0,0.041031568301668715,568,568,0,True,0.0038128249566724438,47,True,False,-0.6364980114616932,1,True,CS_MAP
483999,67,dining table,a photo of a dining table,0.6775295797633619,all,,CS_POS3_SMART,0.041031568301668715,0.7354312818877551,0.07882867254180834,1.0,0.041031568301668715,568,568,0,True,0.0038128249566724438,47,True,False,-0.6364980114616932,1,True,CS_MAP
483999,67,dining table,a photo of a dining table,0.6775295797633619,all,,CS_POS3_CASR,0.041031568301668715,0.7354312818877551,0.07882867254180834,1.0,0.041031568301668715,568,568,0,True,0.0038128249566724438,47,True,False,-0.6364980114616932,1,True,CS_MAP
483999,1,person,a photo of a person,0.7405802390292856,all,,CS_POS3_SAM,0.29785127816921914,0.7596859056122449,0.4589913854989232,0.96875,0.30074082784571965,5280,5115,11,True,0.013944856839872746,67,True,False,-0.44272896086006647,0,True,CS_MAP
483999,1,person,a photo of a person,0.7405802390292856,all,,CS_POS3_SMART,0.29785127816921914,0.7596859056122449,0.4589913854989232,0.96875,0.30074082784571965,5280,5115,11,True,0.013944856839872746,67,True,False,-0.44272896086006647,0,True,CS_MAP
483999,1,person,a photo of a person,0.7405802390292856,all,,CS_POS3_CASR,0.29785127816921914,0.7596859056122449,0.4589913854989232,0.96875,0.30074082784571965,5280,5115,11,True,0.013944856839872746,67,True,False,-0.44272896086006647,0,True,CS_MAP
405432,75,remote,a photo of a remote,0.02509727626459144,all,,CS_POS3_SAM,0.016109095258981618,0.5082310267857143,0.031707412784993914,0.01618135939440061,0.7829457364341085,24967,404,24563,False,0.49758848852040816,67,False,False,-0.008988181005609823,0,True,CS_MAP
405432,75,remote,a photo of a remote,0.02509727626459144,all,,CS_POS3_SMART,0.016109095258981618,0.5082310267857143,0.031707412784993914,0.01618135939440061,0.7829457364341085,24967,404,24563,False,0.49758848852040816,67,False,False,-0.008988181005609823,0,True,CS_MAP
405432,75,remote,a photo of a remote,0.02509727626459144,all,,CS_POS3_CASR,0.02509727626459144,0.6005261479591837,0.04896564813057506,0.02509727626459144,1.0,20560,516,20044,False,0.40975765306122447,67,False,False,0.0,0,False,CS_MAP
405432,60,donut,a photo of a donut,0.14515142868788977,all,,CS_POS3_SAM,0.42245989304812837,0.9160554846938775,0.5939849624060151,0.502200488997555,0.726822363765039,6135,3081,3054,True,0.12226961096938775,67,True,False,0.2773084643602386,2,True,CS_MAP
405432,60,donut,a photo of a donut,0.14515142868788977,all,,CS_POS3_SMART,0.17133615780602252,0.6374760841836735,0.292548226509023,0.17515018860895076,0.887237556027365,21473,3761,17712,False,0.42795360331632654,67,False,False,0.026184729118132744,0,True,CS_MAP
405432,60,donut,a photo of a donut,0.14515142868788977,all,,CS_POS3_CASR,0.14515142868788977,0.58203125,0.25350608670890584,0.14927688115699014,0.8400566171266808,23855,3561,20294,False,0.4754264987244898,67,False,False,0.0,0,False,CS_MAP
133645,9,boat,a photo of a boat,0.14444444444444443,all,,CS_POS3_SAM,0.5850827364781428,0.9665178571428571,0.7382362106575258,0.896329928111994,0.6275496688741722,2643,2369,0,True,0.0,-1,True,False,0.44063829203369836,0,True,CS_MAP
133645,9,boat,a photo of a boat,0.14444444444444443,all,,CS_POS3_SMART,0.4528202424881392,0.958625637755102,0.6233671988388969,0.9890616004605642,0.4550993377483444,1737,1718,0,True,0.0,-1,True,False,0.30837579804369475,1,True,CS_MAP
133645,9,boat,a photo of a boat,0.14444444444444443,all,,CS_POS3_CASR,0.4528202424881392,0.958625637755102,0.6233671988388969,0.9890616004605642,0.4550993377483444,1737,1718,0,True,0.0,-1,True,False,0.30837579804369475,1,True,CS_MAP
133645,15,bench,a photo of a bench,0.061943411114868674,all,,CS_POS3_SAM,0.6013986013986014,0.988639987244898,0.7510917030567685,0.7220822837951302,0.7825295723384895,1191,860,0,True,0.0,-1,True,False,0.5394551902837327,1,True,CS_MAP
133645,15,bench,a photo of a bench,0.061943411114868674,all,,CS_POS3_SMART,0.6842948717948718,0.9921476403061225,0.8125594671741199,0.8514456630109671,0.7770700636942676,1003,854,0,True,0.0,-1,True,False,0.6223514606800031,2,True,CS_MAP
133645,15,bench,a photo of a bench,0.061943411114868674,all,,CS_POS3_CASR,0.6842948717948718,0.9921476403061225,0.8125594671741199,0.8514456630109671,0.7770700636942676,1003,854,0,True,0.0,-1,True,False,0.6223514606800031,2,True,CS_MAP
291634,4,motorcycle,a photo of a motorcycle,0.4724462365591398,all,,CS_POS3_SAM,0.6795638410130144,0.9092195471938775,0.8092146596858639,0.9175531914893617,0.7237581478984041,10528,9660,504,True,0.11448215649896322,2,True,False,0.20711760445387456,0,True,CS_MAP
291634,4,motorcycle,a photo of a motorcycle,0.4724462365591398,all,,CS_POS3_SMART,0.6795638410130144,0.9092195471938775,0.8092146596858639,0.9175531914893617,0.7237581478984041,10528,9660,504,True,0.11448215649896322,2,True,False,0.20711760445387456,0,True,CS_MAP
291634,4,motorcycle,a photo of a motorcycle,0.4724462365591398,all,,CS_POS3_CASR,0.6795638410130144,0.9092195471938775,0.8092146596858639,0.9175531914893617,0.7237581478984041,10528,9660,504,True,0.11448215649896322,2,True,False,0.20711760445387456,0,True,CS_MAP
291634,2,bicycle,a photo of a bicycle,0.41446712607809993,all,,CS_POS3_SAM,0.5909426305109758,0.9116111288265306,0.7428836454287205,0.8713450292397661,0.6474333063864187,7353,6407,77,True,0.033553025763930495,4,True,False,0.1764755044328759,1,True,CS_MAP
291634,2,bicycle,a photo of a bicycle,0.41446712607809993,all,,CS_POS3_SMART,0.4969581547902449,0.8104870854591837,0.6639573099621868,0.5105157328406065,0.9492724333063864,18401,9394,7897,True,0.48306628672864016,4,True,False,0.08249102871214498,0,True,CS_MAP
291634,2,bicycle,a photo of a bicycle,0.41446712607809993,all,,CS_POS3_CASR,0.4969581547902449,0.8104870854591837,0.6639573099621868,0.5105157328406065,0.9492724333063864,18401,9394,7897,True,0.48306628672864016,4,True,False,0.08249102871214498,0,True,CS_MAP
189775,62,chair,a photo of a chair,0.0361051351604153,all,,CS_POS3_SAM,0.014050822122571001,0.9342713647959183,0.027712264150943397,0.018467583497053044,0.05548996458087367,2545,47,417,False,0.025015599296613535,1,False,False,-0.022054313037844303,0,True,CS_MAP
189775,62,chair,a photo of a chair,0.0361051351604153,all,,CS_POS3_SMART,0.014050822122571001,0.9342713647959183,0.027712264150943397,0.018467583497053044,0.05548996458087367,2545,47,417,False,0.025015599296613535,1,False,False,-0.022054313037844303,0,True,CS_MAP
189775,62,chair,a photo of a chair,0.0361051351604153,all,,CS_POS3_CASR,0.014050822122571001,0.9342713647959183,0.027712264150943397,0.018467583497053044,0.05548996458087367,2545,47,417,False,0.025015599296613535,1,False,False,-0.022054313037844303,0,True,CS_MAP
189775,1,person,a photo of a person,0.5918730158730159,all,,CS_POS3_SAM,0.0010055556952160687,0.2080078125,0.00200909113739672,0.0016464970774676875,0.0025764895330112722,24294,40,0,True,0.0,-1,True,False,-0.5908674601777998,0,True,CS_MAP
189775,1,person,a photo of a person,0.5918730158730159,all,,CS_POS3_SMART,0.00018970703813111467,0.26474808673469385,0.0003793421123936487,0.00032739348019269446,0.00045088566827697265,21381,7,0,True,0.0,-1,True,False,-0.5916833088348847,2,True,CS_MAP
189775,1,person,a photo of a person,0.5918730158730159,all,,CS_POS3_CASR,0.5918730158730159,0.8078364158163265,0.7436183790682833,0.6332020105963864,0.9006763285024154,22083,13983,365,True,0.0329294112347403,62,True,False,0.0,2,False,CS_MAP
249129,62,chair,a photo of a chair,0.2755985391586636,all,,CS_POS3_SAM,0.4039316239316239,0.9305046237244898,0.5754291976135395,0.6177777777777778,0.5385141294439381,3825,2363,870,True,0.10079970243630278,67,True,False,0.1283330847729603,1,True,CS_MAP
249129,62,chair,a photo of a chair,0.2755985391586636,all,,CS_POS3_SMART,0.4039316239316239,0.9305046237244898,0.5754291976135395,0.6177777777777778,0.5385141294439381,3825,2363,870,True,0.10079970243630278,67,True,False,0.1283330847729603,1,True,CS_MAP
249129,62,chair,a photo of a chair,0.2755985391586636,all,,CS_POS3_CASR,0.4039316239316239,0.9305046237244898,0.5754291976135395,0.6177777777777778,0.5385141294439381,3825,2363,870,True,0.10079970243630278,67,True,False,0.1283330847729603,1,True,CS_MAP
249129,67,dining table,a photo of a dining table,0.10634011206950827,all,,CS_POS3_SAM,0.16017539334537012,0.9351084183673469,0.27612272120942644,0.25831946755407653,0.29656160458452724,2404,621,1196,False,0.14036265950302215,62,True,False,0.053835281275861846,1,True,CS_MAP
249129,67,dining table,a photo of a dining table,0.10634011206950827,all,,CS_POS3_SMART,0.16017539334537012,0.9351084183673469,0.27612272120942644,0.25831946755407653,0.29656160458452724,2404,621,1196,False,0.14036265950302215,62,True,False,0.053835281275861846,1,True,CS_MAP
249129,67,dining table,a photo of a dining table,0.10634011206950827,all,,CS_POS3_CASR,0.16017539334537012,0.9351084183673469,0.27612272120942644,0.25831946755407653,0.29656160458452724,2404,621,1196,False,0.14036265950302215,62,True,False,0.053835281275861846,1,True,CS_MAP
481582,19,horse,a photo of a horse,0.5180740037950664,all,,CS_POS3_SAM,0.8763427218134145,0.9708625637755102,0.9340966462315182,0.9436247723132969,0.9247590146376294,10980,10361,258,True,0.01801721842549037,1,True,False,0.35826871801834814,0,True,CS_MAP
481582,19,horse,a photo of a horse,0.5180740037950664,all,,CS_POS3_SMART,0.8763427218134145,0.9708625637755102,0.9340966462315182,0.9436247723132969,0.9247590146376294,10980,10361,258,True,0.01801721842549037,1,True,False,0.35826871801834814,0,True,CS_MAP
481582,19,horse,a photo of a horse,0.5180740037950664,all,,CS_POS3_CASR,0.8763427218134145,0.9708625637755102,0.9340966462315182,0.9436247723132969,0.9247590146376294,10980,10361,258,True,0.01801721842549037,1,True,False,0.35826871801834814,0,True,CS_MAP
481582,1,person,a photo of a person,0.5732315521628498,all,,CS_POS3_SAM,0.47706498254944324,0.8745814732142857,0.6459634317862166,0.987274290627687,0.48001672240802673,5815,5741,0,True,0.0,-1,True,False,-0.09616656961340658,0,True,CS_MAP
481582,1,person,a photo of a person,0.5732315521628498,all,,CS_POS3_SMART,0.47706498254944324,0.8745814732142857,0.6459634317862166,0.987274290627687,0.48001672240802673,5815,5741,0,True,0.0,-1,True,False,-0.09616656961340658,0,True,CS_MAP
481582,1,person,a photo of a person,0.5732315521628498,all,,CS_POS3_CASR,0.47706498254944324,0.8745814732142857,0.6459634317862166,0.987274290627687,0.48001672240802673,5815,5741,0,True,0.0,-1,True,False,-0.09616656961340658,0,True,CS_MAP
372260,3,car,a photo of a car,0.48659003831417624,all,,CS_POS3_SAM,0.8936357243319268,0.9879424426020408,0.9438306563921641,0.9892954456987154,0.9023610864548198,5138,5083,0,True,0.0,-1,True,False,0.4070456860177506,0,True,CS_MAP
372260,3,car,a photo of a car,0.48659003831417624,all,,CS_POS3_SMART,0.8936357243319268,0.9879424426020408,0.9438306563921641,0.9892954456987154,0.9023610864548198,5138,5083,0,True,0.0,-1,True,False,0.4070456860177506,0,True,CS_MAP
372260,3,car,a photo of a car,0.48659003831417624,all,,CS_POS3_CASR,0.8936357243319268,0.9879424426020408,0.9438306563921641,0.9892954456987154,0.9023610864548198,5138,5083,0,True,0.0,-1,True,False,0.4070456860177506,0,True,CS_MAP
372260,85,clock,a photo of a clock,0.058982777489775935,all,,CS_POS3_SAM,0.6187311178247734,0.9874242665816326,0.7644643523702874,0.6187311178247734,1.0,1655,1024,0,True,0.0,-1,True,False,0.5597483403349974,1,True,CS_MAP
372260,85,clock,a photo of a clock,0.058982777489775935,all,,CS_POS3_SMART,0.24674698795180722,0.9376992984693877,0.3958252802473908,0.24674698795180722,1.0,4150,1024,4,True,0.0004534119247336205,64,True,False,0.1877642104620313,0,True,CS_MAP
372260,85,clock,a photo of a clock,0.058982777489775935,all,,CS_POS3_CASR,0.24674698795180722,0.9376992984693877,0.3958252802473908,0.24674698795180722,1.0,4150,1024,4,True,0.0004534119247336205,64,True,False,0.1877642104620313,0,True,CS_MAP
199551,1,person,a photo of a person,0.227838295812152,all,,CS_POS3_SAM,0.47869054972205066,0.9495376275510204,0.647451963241437,0.9390145395799677,0.49405014874628134,2476,2325,3,True,0.0009013598777285731,65,True,False,0.2508522539098986,1,True,CS_MAP
199551,1,person,a photo of a person,0.227838295812152,all,,CS_POS3_SMART,0.47869054972205066,0.9495376275510204,0.647451963241437,0.9390145395799677,0.49405014874628134,2476,2325,3,True,0.0009013598777285731,65,True,False,0.2508522539098986,1,True,CS_MAP
199551,1,person,a photo of a person,0.227838295812152,all,,CS_POS3_CASR,0.47869054972205066,0.9495376275510204,0.647451963241437,0.9390145395799677,0.49405014874628134,2476,2325,3,True,0.0009013598777285731,65,True,False,0.2508522539098986,1,True,CS_MAP
199551,65,bed,a photo of a bed,0.4911706500228345,all,,CS_POS3_SAM,0.8974174732659875,0.9516302614795918,0.9459357109442873,0.9727401841755624,0.920568851890392,21827,21232,0,True,0.0,-1,True,False,0.40624682324315303,1,True,CS_MAP
199551,65,bed,a photo of a bed,0.4911706500228345,all,,CS_POS3_SMART,0.8974174732659875,0.9516302614795918,0.9459357109442873,0.9727401841755624,0.920568851890392,21827,21232,0,True,0.0,-1,True,False,0.40624682324315303,1,True,CS_MAP
199551,65,bed,a photo of a bed,0.4911706500228345,all,,CS_POS3_CASR,0.4911706500228345,0.7335379464285714,0.6587718850492573,0.8007196922695123,0.559573361082206,16118,12906,169,True,0.008377318289671202,1,True,False,0.0,1,False,CS_MAP
71877,1,person,a photo of a person,0.215108781563293,all,,CS_POS3_SAM,0.9158091674462114,0.9910315688775511,0.9560546875,0.9656737028999802,0.9466254109456584,5069,4895,2,True,0.00035656979853806385,41,True,False,0.7007003858829184,0,True,CS_MAP
71877,1,person,a photo of a person,0.215108781563293,all,,CS_POS3_SMART,0.6782215523737755,0.9659598214285714,0.8082622361921868,0.9633395772009633,0.6961902920131503,3737,3600,0,True,0.0,-1,True,False,0.46311277081048247,1,True,CS_MAP
71877,1,person,a photo of a person,0.215108781563293,all,,CS_POS3_CASR,0.6782215523737755,0.9659598214285714,0.8082622361921868,0.9633395772009633,0.6961902920131503,3737,3600,0,True,0.0,-1,True,False,0.46311277081048247,1,True,CS_MAP
71877,41,skateboard,a photo of a skateboard,0.03335384615384615,all,,CS_POS3_SAM,0.028967254408060455,0.9385363520408163,0.056303549571603426,0.03374908290535583,0.16974169741697417,2726,92,0,True,0.0,-1,True,False,-0.004386591745785696,1,True,CS_MAP
71877,41,skateboard,a photo of a skateboard,0.03335384615384615,all,,CS_POS3_SMART,0.028967254408060455,0.9385363520408163,0.056303549571603426,0.03374908290535583,0.16974169741697417,2726,92,0,True,0.0,-1,True,False,-0.004386591745785696,1,True,CS_MAP
71877,41,skateboard,a photo of a skateboard,0.03335384615384615,all,,CS_POS3_CASR,0.028967254408060455,0.9385363520408163,0.056303549571603426,0.03374908290535583,0.16974169741697417,2726,92,0,True,0.0,-1,True,False,-0.004386591745785696,1,True,CS_MAP
500478,62,chair,a photo of a chair,0.05578973468881726,all,,CS_POS3_SAM,0.2450388265746333,0.9825613839285714,0.3936243936243936,0.919093851132686,0.25044091710758376,309,284,17,True,0.0008152304224811778,1,True,False,0.18924909188581604,2,True,CS_MAP
500478,62,chair,a photo of a chair,0.05578973468881726,all,,CS_POS3_SMART,0.42324159021406726,0.9812061543367347,0.5947571981091534,0.5800502933780386,0.6102292768959435,1193,692,115,True,0.005314478487915338,1,True,False,0.36745185552525,1,True,CS_MAP
500478,62,chair,a photo of a chair,0.05578973468881726,all,,CS_POS3_CASR,0.42324159021406726,0.9812061543367347,0.5947571981091534,0.5800502933780386,0.6102292768959435,1193,692,115,True,0.005314478487915338,1,True,False,0.36745185552525,1,True,CS_MAP
500478,1,person,a photo of a person,0.5371224832214765,all,,CS_POS3_SAM,0.6259471536817564,0.8465202487244898,0.7699477221807319,0.9979092457797739,0.6267691260152717,12914,12887,1,True,0.056511432285692435,40,True,False,0.08882467046027986,0,True,CS_MAP
500478,1,person,a photo of a person,0.5371224832214765,all,,CS_POS3_SMART,0.6259471536817564,0.8465202487244898,0.7699477221807319,0.9979092457797739,0.6267691260152717,12914,12887,1,True,0.056511432285692435,40,True,False,0.08882467046027986,0,True,CS_MAP
500478,1,person,a photo of a person,0.5371224832214765,all,,CS_POS3_CASR,0.6259471536817564,0.8465202487244898,0.7699477221807319,0.9979092457797739,0.6267691260152717,12914,12887,1,True,0.056511432285692435,40,True,False,0.08882467046027986,0,True,CS_MAP
350148,67,dining table,a photo of a dining table,0.7786393625224917,all,,CS_POS3_SAM,0.4239065008025682,0.7711057079081632,0.5954133934547504,0.8657924392992521,0.45372060560506816,9761,8451,10,True,0.0018288222384784199,54,True,False,-0.35473286171992346,1,True,CS_MAP
350148,67,dining table,a photo of a dining table,0.7786393625224917,all,,CS_POS3_SMART,0.4239065008025682,0.7711057079081632,0.5954133934547504,0.8657924392992521,0.45372060560506816,9761,8451,10,True,0.0018288222384784199,54,True,False,-0.35473286171992346,1,True,CS_MAP
350148,67,dining table,a photo of a dining table,0.7786393625224917,all,,CS_POS3_CASR,0.4239065008025682,0.7711057079081632,0.5954133934547504,0.8657924392992521,0.45372060560506816,9761,8451,10,True,0.0018288222384784199,54,True,False,-0.35473286171992346,1,True,CS_MAP
350148,3,car,a photo of a car,0.0844391851914462,all,,CS_POS3_SAM,0.6302924487123527,0.9831194196428571,0.7732262382864793,0.8544378698224852,0.7061124694376528,1690,1444,5,True,0.0003755163349605708,62,True,False,0.5458532635209065,1,True,CS_MAP
350148,3,car,a photo of a car,0.0844391851914462,all,,CS_POS3_SMART,0.4692881007453097,0.9588448660714286,0.6387965716284765,0.49727668845315903,0.8929095354523228,3672,1826,45,True,0.003962948815889993,1,True,False,0.38484891555386347,0,True,CS_MAP
350148,3,car,a photo of a car,0.0844391851914462,all,,CS_POS3_CASR,0.4692881007453097,0.9588448660714286,0.6387965716284765,0.49727668845315903,0.8929095354523228,3672,1826,45,True,0.003962948815889993,1,True,False,0.38484891555386347,0,True,CS_MAP
226130,67,dining table,a photo of a dining table,0.38741854235797385,all,,CS_POS3_SAM,0.07243954981980712,0.08181202168367346,0.1350930219460454,0.9879187259747392,0.07250377833753148,3642,3598,0,True,0.0006564910553093714,58,True,False,-0.31497899253816675,0,True,CS_MAP
226130,67,dining table,a photo of a dining table,0.38741854235797385,all,,CS_POS3_SMART,0.06817403910040873,0.07762675382653061,0.12764593896669368,0.9877479579929989,0.06823173803526449,3428,3386,0,True,0.0005777643271796847,58,True,False,-0.31924450325756515,1,True,CS_MAP
226130,67,dining table,a photo of a dining table,0.38741854235797385,all,,CS_POS3_CASR,0.38741854235797385,0.38924984056122447,0.5584739291425936,0.9797290466080275,0.39054911838790934,19782,19381,0,True,0.10078296273097401,58,True,False,0.0,1,False,CS_MAP
226130,58,hot dog,a photo of a hot dog,0.7540581133383398,all,,CS_POS3_SAM,0.7626433511992096,0.8420161033163265,0.8653405133606265,0.9823735873799514,0.773224043715847,25927,25470,457,True,0.5224584382871537,67,True,False,0.008585237860869732,0,True,CS_MAP
226130,58,hot dog,a photo of a hot dog,0.7540581133383398,all,,CS_POS3_SMART,0.7626433511992096,0.8420161033163265,0.8653405133606265,0.9823735873799514,0.773224043715847,25927,25470,457,True,0.5224584382871537,67,True,False,0.008585237860869732,0,True,CS_MAP
226130,58,hot dog,a photo of a hot dog,0.7540581133383398,all,,CS_POS3_CASR,0.7626433511992096,0.8420161033163265,0.8653405133606265,0.9823735873799514,0.773224043715847,25927,25470,457,True,0.5224584382871537,67,True,False,0.008585237860869732,0,True,CS_MAP
125778,62,chair,a photo of a chair,0.22052744119743406,all,,CS_POS3_SAM,0.9376734258271078,0.9941804846938775,0.9678343247411324,1.0,0.9376734258271078,4393,4393,0,True,0.0,-1,True,False,0.7171459846296737,1,True,CS_MAP
125778,62,chair,a photo of a chair,0.22052744119743406,all,,CS_POS3_SMART,0.9376734258271078,0.9941804846938775,0.9678343247411324,1.0,0.9376734258271078,4393,4393,0,True,0.0,-1,True,False,0.7171459846296737,1,True,CS_MAP
125778,62,chair,a photo of a chair,0.22052744119743406,all,,CS_POS3_CASR,0.9376734258271078,0.9941804846938775,0.9678343247411324,1.0,0.9376734258271078,4393,4393,0,True,0.0,-1,True,False,0.7171459846296737,1,True,CS_MAP
125778,63,couch,a photo of a couch,0.46220915496527604,all,,CS_POS3_SAM,0.5481793252981315,0.8587970344387755,0.7081599868187997,0.568706582864704,0.9382230953940188,15115,8596,3220,True,0.1942098914354644,62,True,False,0.08597017033285548,1,True,CS_MAP
125778,63,couch,a photo of a couch,0.46220915496527604,all,,CS_POS3_SMART,0.5481793252981315,0.8587970344387755,0.7081599868187997,0.568706582864704,0.9382230953940188,15115,8596,3220,True,0.1942098914354644,62,True,False,0.08597017033285548,1,True,CS_MAP
125778,63,couch,a photo of a couch,0.46220915496527604,all,,CS_POS3_CASR,0.5481793252981315,0.8587970344387755,0.7081599868187997,0.568706582864704,0.9382230953940188,15115,8596,3220,True,0.1942098914354644,62,True,False,0.08597017033285548,1,True,CS_MAP
403565,1,person,a photo of a person,0.17664110151579202,all,,CS_POS3_SAM,9.425662938293326e-05,0.3657326211734694,0.00018849549181615408,0.00010380982040901069,0.0010231923601637107,28899,3,28,False,0.0007451168236734259,2,False,False,-0.1765468448864091,0,True,CS_MAP
403565,1,person,a photo of a person,0.17664110151579202,all,,CS_POS3_SMART,0.0,0.6354631696428571,0.0,0.0,0.0,15359,0,10,False,0.00041569670768207517,2,False,False,-0.17664110151579202,1,True,CS_MAP
403565,1,person,a photo of a person,0.17664110151579202,all,,CS_POS3_CASR,0.17664110151579202,0.7282764668367347,0.3002463559843975,0.1767158047365877,0.997612551159618,16552,2925,4447,False,0.2559168655529037,2,False,False,0.0,1,False,CS_MAP
403565,27,backpack,a photo of a backpack,0.03631871525633107,all,,CS_POS3_SAM,0.10605249062667381,0.9334741709183674,0.19176755447941887,0.11180124223602485,0.673469387755102,3542,396,2993,False,0.7086302454473475,1,False,True,0.06973377537034274,1,True,CS_MAP
403565,27,backpack,a photo of a backpack,0.03631871525633107,all,,CS_POS3_SMART,0.08982499612823293,0.8828722895408163,0.16484297285775187,0.089936424251822,0.9863945578231292,6449,580,5552,False,0.40581447624756484,1,False,False,0.05350628087190186,0,True,CS_MAP
403565,27,backpack,a photo of a backpack,0.03631871525633107,all,,CS_POS3_CASR,0.08982499612823293,0.8828722895408163,0.16484297285775187,0.089936424251822,0.9863945578231292,6449,580,5552,False,0.40581447624756484,1,False,False,0.05350628087190186,0,True,CS_MAP
84241,1,person,a photo of a person,0.5812789993947952,all,,CS_POS3_SAM,0.5189025028798827,0.8168845663265306,0.6832597904026475,0.9821605550049554,0.5238397293582832,10090,9910,0,True,0.004151017987744613,48,True,False,-0.062376496514912505,0,True,CS_MAP
84241,1,person,a photo of a person,0.5812789993947952,all,,CS_POS3_SMART,0.5189025028798827,0.8168845663265306,0.6832597904026475,0.9821605550049554,0.5238397293582832,10090,9910,0,True,0.004151017987744613,48,True,False,-0.062376496514912505,0,True,CS_MAP
84241,1,person,a photo of a person,0.5812789993947952,all,,CS_POS3_CASR,0.5812789993947952,0.7931680484693877,0.7352010614411104,0.7106145802505672,0.76154984670684,20274,14407,1582,True,0.06560997791347278,79,True,False,0.0,0,False,CS_MAP
84241,79,oven,a photo of a oven,0.1581003209962486,all,,CS_POS3_SAM,0.0,0.8442283163265306,0.0,0.0,0.0,3484,0,21,False,0.004017600918308781,51,False,False,-0.1581003209962486,1,True,CS_MAP
84241,79,oven,a photo of a oven,0.1581003209962486,all,,CS_POS3_SMART,0.0,0.8442283163265306,0.0,0.0,0.0,3484,0,21,False,0.004017600918308781,51,False,False,-0.1581003209962486,1,True,CS_MAP
84241,79,oven,a photo of a oven,0.1581003209962486,all,,CS_POS3_CASR,0.0,0.8442283163265306,0.0,0.0,0.0,3484,0,21,False,0.004017600918308781,51,False,False,-0.1581003209962486,1,True,CS_MAP
112298,44,bottle,a photo of a bottle,0.10902070325336839,all,,CS_POS3_SAM,0.44243792325056436,0.9753866390306123,0.6134585289514867,0.5246252676659529,0.7385079125847777,1868,980,0,True,0.0,-1,True,False,0.333417219997196,1,True,CS_MAP
112298,44,bottle,a photo of a bottle,0.10902070325336839,all,,CS_POS3_SMART,0.44243792325056436,0.9753866390306123,0.6134585289514867,0.5246252676659529,0.7385079125847777,1868,980,0,True,0.0,-1,True,False,0.333417219997196,1,True,CS_MAP
112298,44,bottle,a photo of a bottle,0.10902070325336839,all,,CS_POS3_CASR,0.44243792325056436,0.9753866390306123,0.6134585289514867,0.5246252676659529,0.7385079125847777,1868,980,0,True,0.0,-1,True,False,0.333417219997196,1,True,CS_MAP
112298,1,person,a photo of a person,0.615859574843433,all,,CS_POS3_SAM,0.7319543509272468,0.9625518176020408,0.8452351536117289,0.994572591587517,0.7348897164136351,5159,5131,0,True,0.0,-1,True,False,0.1160947760838138,1,True,CS_MAP
112298,1,person,a photo of a person,0.615859574843433,all,,CS_POS3_SMART,0.9695988740323715,0.9956951530612245,0.9845648134914964,0.9824586423274386,0.9866800343741048,7012,6889,0,True,0.0,-1,True,False,0.35373929918893854,0,True,CS_MAP
112298,1,person,a photo of a person,0.615859574843433,all,,CS_POS3_CASR,0.9695988740323715,0.9956951530612245,0.9845648134914964,0.9824586423274386,0.9866800343741048,7012,6889,0,True,0.0,-1,True,False,0.35373929918893854,0,True,CS_MAP
231822,67,dining table,a photo of a dining table,0.46470966963100074,all,,CS_POS3_SAM,0.17352242960052391,0.19513313137755103,0.29572920844741296,0.9640704945992041,0.174651890912087,8795,8479,9,True,0.004118333447731485,47,True,False,-0.2911872400304768,2,True,CS_MAP
231822,67,dining table,a photo of a dining table,0.46470966963100074,all,,CS_POS3_SMART,0.17352242960052391,0.19513313137755103,0.29572920844741296,0.9640704945992041,0.174651890912087,8795,8479,9,True,0.004118333447731485,47,True,False,-0.2911872400304768,2,True,CS_MAP
231822,67,dining table,a photo of a dining table,0.46470966963100074,all,,CS_POS3_CASR,0.46470966963100074,0.46976642219387754,0.63454168326488,0.9524143334295493,0.475755952871385,24251,23097,7,True,0.04571584998631262,51,True,False,0.0,2,False,CS_MAP
231822,56,broccoli,a photo of a broccoli,0.05411576206689365,all,,CS_POS3_SAM,0.8707581227436824,0.9964325573979592,0.9309147047472018,0.9725806451612903,0.8926720947446336,1240,1206,34,True,0.025541731894207793,67,True,False,0.8166423606767887,1,True,CS_MAP
231822,56,broccoli,a photo of a broccoli,0.05411576206689365,all,,CS_POS3_SMART,0.8707581227436824,0.9964325573979592,0.9309147047472018,0.9725806451612903,0.8926720947446336,1240,1206,34,True,0.025541731894207793,67,True,False,0.8166423606767887,1,True,CS_MAP
231822,56,broccoli,a photo of a broccoli,0.05411576206689365,all,,CS_POS3_CASR,0.8707581227436824,0.9964325573979592,0.9309147047472018,0.9725806451612903,0.8926720947446336,1240,1206,34,True,0.025541731894207793,67,True,False,0.8166423606767887,1,True,CS_MAP
436617,46,wine glass,a photo of a wine glass,0.060667788504118324,all,,CS_POS3_SAM,0.038860103626943004,0.9334542410714286,0.07481296758104738,0.06029477445288075,0.09854014598540146,2239,135,1060,False,0.040324903508266605,1,False,False,-0.02180768487717532,2,True,CS_MAP
436617,46,wine glass,a photo of a wine glass,0.060667788504118324,all,,CS_POS3_SMART,0.038860103626943004,0.9334542410714286,0.07481296758104738,0.06029477445288075,0.09854014598540146,2239,135,1060,False,0.040324903508266605,1,False,False,-0.02180768487717532,2,True,CS_MAP
436617,46,wine glass,a photo of a wine glass,0.060667788504118324,all,,CS_POS3_CASR,0.060667788504118324,0.5772480867346939,0.11439545758183033,0.060667788504118324,1.0,22582,1370,12247,False,0.5309086290117707,67,False,True,0.0,2,False,CS_MAP
436617,31,handbag,a photo of a handbag,0.026824876494759686,all,,CS_POS3_SAM,0.0,0.8595942283163265,0.0,0.0,0.0,6107,0,4719,False,0.2730492336274965,1,False,False,-0.026824876494759686,0,True,CS_MAP
436617,31,handbag,a photo of a handbag,0.026824876494759686,all,,CS_POS3_SMART,0.0,0.8595942283163265,0.0,0.0,0.0,6107,0,4719,False,0.2730492336274965,1,False,False,-0.026824876494759686,0,True,CS_MAP
436617,31,handbag,a photo of a handbag,0.026824876494759686,all,,CS_POS3_CASR,0.0,0.8595942283163265,0.0,0.0,0.0,6107,0,4719,False,0.2730492336274965,1,False,False,-0.026824876494759686,0,True,CS_MAP
434479,62,chair,a photo of a chair,0.08311773836963168,all,,CS_POS3_SAM,0.05915875169606513,0.8618064413265306,0.11170894183961055,0.07303182579564489,0.2374727668845316,5970,436,64,True,0.002402957486136784,67,True,False,-0.02395898667356655,1,True,CS_MAP
434479,62,chair,a photo of a chair,0.08311773836963168,all,,CS_POS3_SMART,0.011136928130758754,0.7540258290816326,0.022028526148969888,0.012889465875370919,0.07570806100217865,10784,139,202,False,0.006263309532757109,67,True,False,-0.07198081023887293,0,True,CS_MAP
434479,62,chair,a photo of a chair,0.08311773836963168,all,,CS_POS3_CASR,0.08311773836963168,0.6115274234693877,0.15347867627898898,0.08338839075035394,0.9624183006535948,21190,1767,8265,False,0.1944399152127833,67,False,False,0.0,0,False,CS_MAP
434479,59,pizza,a photo of a pizza,0.6529522376833397,all,,CS_POS3_SAM,0.7791837551265379,0.9120097257653061,0.8758890169510584,0.9975028812908183,0.780706589827111,15618,15579,39,True,0.4031114403640597,67,True,False,0.12623151744319827,1,True,CS_MAP
434479,59,pizza,a photo of a pizza,0.6529522376833397,all,,CS_POS3_SMART,0.7791837551265379,0.9120097257653061,0.8758890169510584,0.9975028812908183,0.780706589827111,15618,15579,39,True,0.4031114403640597,67,True,False,0.12623151744319827,1,True,CS_MAP
434479,59,pizza,a photo of a pizza,0.6529522376833397,all,,CS_POS3_CASR,0.7791837551265379,0.9120097257653061,0.8758890169510584,0.9975028812908183,0.780706589827111,15618,15579,39,True,0.4031114403640597,67,True,False,0.12623151744319827,1,True,CS_MAP
16228,1,person,a photo of a person,0.10118983813913603,all,,CS_POS3_SAM,0.1324945635290463,0.8886918048469388,0.2339871073926759,0.20108439415370108,0.27976385700229583,4242,853,3360,False,0.5047138047138047,19,False,True,0.03130472538991026,0,True,CS_MAP
16228,1,person,a photo of a person,0.10118983813913603,all,,CS_POS3_SMART,0.24009446339543428,0.9422831632653061,0.3872196360558612,0.5456171735241503,0.30009839291571005,1677,915,757,True,0.1376294180649768,19,True,False,0.13890462525629826,1,True,CS_MAP
16228,1,person,a photo of a person,0.10118983813913603,all,,CS_POS3_CASR,0.24009446339543428,0.9422831632653061,0.3872196360558612,0.5456171735241503,0.30009839291571005,1677,915,757,True,0.1376294180649768,19,True,False,0.13890462525629826,1,True,CS_MAP
16228,28,umbrella,a photo of a umbrella,0.046081825718047496,all,,CS_POS3_SAM,0.09387942936033133,0.8430325255102041,0.17164493058477073,0.09529370547705243,0.8634920634920635,8563,816,5435,False,0.500396062011995,19,False,True,0.04779760364228384,0,True,CS_MAP
16228,28,umbrella,a photo of a umbrella,0.046081825718047496,all,,CS_POS3_SMART,0.09387942936033133,0.8430325255102041,0.17164493058477073,0.09529370547705243,0.8634920634920635,8563,816,5435,False,0.500396062011995,19,False,True,0.04779760364228384,0,True,CS_MAP
16228,28,umbrella,a photo of a umbrella,0.046081825718047496,all,,CS_POS3_CASR,0.046081825718047496,0.6101323341836735,0.08810367331717323,0.046081825718047496,1.0,20507,945,9792,False,0.3877957422597316,7,False,False,0.0,0,False,CS_MAP
210388,1,person,a photo of a person,0.44482992684214495,all,,CS_POS3_SAM,0.8026336416366202,0.9749083227040817,0.8905122184537786,0.9385884509624198,0.8471211118464593,5455,5120,120,True,0.022804463852498787,33,True,False,0.35780371479447526,0,True,CS_MAP
210388,1,person,a photo of a person,0.44482992684214495,all,,CS_POS3_SMART,0.8026336416366202,0.9749083227040817,0.8905122184537786,0.9385884509624198,0.8471211118464593,5455,5120,120,True,0.022804463852498787,33,True,False,0.35780371479447526,0,True,CS_MAP
210388,1,person,a photo of a person,0.44482992684214495,all,,CS_POS3_CASR,0.8026336416366202,0.9749083227040817,0.8905122184537786,0.9385884509624198,0.8471211118464593,5455,5120,120,True,0.022804463852498787,33,True,False,0.35780371479447526,0,True,CS_MAP
210388,33,suitcase,a photo of a suitcase,0.06534112468695454,all,,CS_POS3_SAM,0.14666074994453074,0.9233498086734694,0.25580495356037153,0.15375668760176786,0.760644418872267,4299,661,206,True,0.029154228855721394,1,True,False,0.0813196252575762,1,True,CS_MAP
210388,33,suitcase,a photo of a suitcase,0.06534112468695454,all,,CS_POS3_SMART,0.14331428571428573,0.9253029336734694,0.25069972011195524,0.15170578272441326,0.7215189873417721,4133,627,197,True,0.0281875126288139,1,True,False,0.07797316102733119,2,True,CS_MAP
210388,33,suitcase,a photo of a suitcase,0.06534112468695454,all,,CS_POS3_CASR,0.14331428571428573,0.9253029336734694,0.25069972011195524,0.15170578272441326,0.7215189873417721,4133,627,197,True,0.0281875126288139,1,True,False,0.07797316102733119,2,True,CS_MAP
10707,27,backpack,a photo of a backpack,0.0261643904147281,all,,CS_POS3_SAM,0.17624914442162903,0.9520288584183674,0.2996799534477742,0.1902475064647211,0.7054794520547946,2707,515,176,True,0.0628385698808234,73,True,False,0.15008475400690094,1,True,CS_MAP
10707,27,backpack,a photo of a backpack,0.0261643904147281,all,,CS_POS3_SMART,0.17624914442162903,0.9520288584183674,0.2996799534477742,0.1902475064647211,0.7054794520547946,2707,515,176,True,0.0628385698808234,73,True,False,0.15008475400690094,1,True,CS_MAP
10707,27,backpack,a photo of a backpack,0.0261643904147281,all,,CS_POS3_CASR,0.17624914442162903,0.9520288584183674,0.2996799534477742,0.1902475064647211,0.7054794520547946,2707,515,176,True,0.0628385698808234,73,True,False,0.15008475400690094,1,True,CS_MAP
10707,67,dining table,a photo of a dining table,0.11559329199549041,all,,CS_POS3_SAM,0.20689655172413793,0.9257413903061225,0.34285714285714286,0.4454628780934922,0.2786697247706422,2182,972,227,True,0.05336787564766839,63,True,False,0.09130325972864752,1,True,CS_MAP
10707,67,dining table,a photo of a dining table,0.11559329199549041,all,,CS_POS3_SMART,0.20689655172413793,0.9257413903061225,0.34285714285714286,0.4454628780934922,0.2786697247706422,2182,972,227,True,0.05336787564766839,63,True,False,0.09130325972864752,1,True,CS_MAP
10707,67,dining table,a photo of a dining table,0.11559329199549041,all,,CS_POS3_CASR,0.20689655172413793,0.9257413903061225,0.34285714285714286,0.4454628780934922,0.2786697247706422,2182,972,227,True,0.05336787564766839,63,True,False,0.09130325972864752,1,True,CS_MAP
88462,6,bus,a photo of a bus,0.6227308091286307,all,,CS_POS3_SAM,0.18684047175667287,0.8433514030612245,0.3148535564853556,0.9917627677100495,0.18713086726764067,1821,1806,0,True,0.0,-1,True,False,-0.4358903373719578,1,True,CS_MAP
88462,6,bus,a photo of a bus,0.6227308091286307,all,,CS_POS3_SMART,0.9092656281610358,0.9821229272959183,0.952476821192053,0.9745229835212489,0.9314060719096466,9224,8989,0,True,0.007576577551683082,13,True,False,0.2865348190324052,0,True,CS_MAP
88462,6,bus,a photo of a bus,0.6227308091286307,all,,CS_POS3_CASR,0.9092656281610358,0.9821229272959183,0.952476821192053,0.9745229835212489,0.9314060719096466,9224,8989,0,True,0.007576577551683082,13,True,False,0.2865348190324052,0,True,CS_MAP
88462,3,car,a photo of a car,0.03871771900440151,all,,CS_POS3_SAM,0.5171102661596958,0.9848134566326531,0.681704260651629,0.5828571428571429,0.8209255533199196,1400,816,544,True,0.05177500713809841,6,True,False,0.4783925471552943,0,True,CS_MAP
88462,3,car,a photo of a car,0.03871771900440151,all,,CS_POS3_SMART,0.5552977571539056,0.9885403380102041,0.7140726006961711,0.7059980334316618,0.7223340040241448,1017,718,258,True,0.02478386167146974,6,True,False,0.5165800381495042,1,True,CS_MAP
88462,3,car,a photo of a car,0.03871771900440151,all,,CS_POS3_CASR,0.5552977571539056,0.9885403380102041,0.7140726006961711,0.7059980334316618,0.7223340040241448,1017,718,258,True,0.02478386167146974,6,True,False,0.5165800381495042,1,True,CS_MAP
451714,1,person,a photo of a person,0.5769107975225082,all,,CS_POS3_SAM,0.02368807385105377,0.2180125956632653,0.04627986679954303,0.02989480295179777,0.10240963855421686,31845,952,307,True,0.009354622463282345,35,True,False,-0.5532227236714544,0,True,CS_MAP
451714,1,person,a photo of a person,0.5769107975225082,all,,CS_POS3_SMART,0.0002001143510577473,0.3029934630102041,0.0004001486266327493,0.0002724689580008563,0.0007530120481927711,25691,7,0,True,0.0,-1,True,False,-0.5767106831714505,2,True,CS_MAP
451714,1,person,a photo of a person,0.5769107975225082,all,,CS_POS3_CASR,0.5769107975225082,0.8679448341836735,0.7316974408811143,0.5866883116883117,0.9719234079173839,15400,9035,241,True,0.014907210222087009,35,True,False,0.0,2,False,CS_MAP
451714,35,skis,a photo of a skis,0.04265307491113943,all,,CS_POS3_SAM,0.41488779419813904,0.9786949936224489,0.5864603481624758,0.5808429118773947,0.5921875,1305,758,292,True,0.02982319797940548,1,True,False,0.3722347192869996,1,True,CS_MAP
451714,35,skis,a photo of a skis,0.04265307491113943,all,,CS_POS3_SMART,0.04292769876341491,0.48634805484693877,0.08232152394516645,0.043126282409998135,0.903125,26805,1156,3,True,0.0001662280094195872,1,True,False,0.000274623852275481,0,True,CS_MAP
451714,35,skis,a photo of a skis,0.04265307491113943,all,,CS_POS3_CASR,0.04265307491113943,0.43100286989795916,0.0818164276066122,0.04266452002414973,0.99375,29814,1272,2191,False,0.0598341553303344,1,False,False,0.0,0,False,CS_MAP
347930,63,couch,a photo of a couch,0.6063335599365511,all,,CS_POS3_SAM,0.36615762115390826,0.6087372448979592,0.5360400812969702,0.9941269284712483,0.36695140102245516,11408,11341,26,True,0.004160958035215913,18,True,False,-0.24017593878264287,2,True,CS_MAP
347930,63,couch,a photo of a couch,0.6063335599365511,all,,CS_POS3_SMART,0.7229400960268102,0.8286431760204082,0.83919353632079,0.9943710663948232,0.7259108263767553,22562,22435,19,True,0.0029170583087544163,18,True,False,0.11660653609025906,0,True,CS_MAP
347930,63,couch,a photo of a couch,0.6063335599365511,all,,CS_POS3_CASR,0.6063335599365511,0.723014987244898,0.7549285840239817,0.8295613083242908,0.692616320455575,25804,21406,7,True,0.0004682607041470339,18,True,False,0.0,0,False,CS_MAP
347930,18,dog,a photo of a dog,0.6110314645740587,all,,CS_POS3_SAM,0.5414205344585091,0.8700374681122449,0.7024955518043706,0.5686955237110356,0.9186254623553275,13538,7699,5696,True,0.16199539845220665,63,True,False,-0.06961093011554953,1,True,CS_MAP
347930,18,dog,a photo of a dog,0.6110314645740587,all,,CS_POS3_SMART,0.5269673447537473,0.8591159119897959,0.6902142951049564,0.5454356559080205,0.9396253430378236,14438,7875,5986,True,0.16814797640209186,63,True,False,-0.08406411982031137,0,True,CS_MAP
347930,18,dog,a photo of a dog,0.6110314645740587,all,,CS_POS3_CASR,0.5269673447537473,0.8591159119897959,0.6902142951049564,0.5454356559080205,0.9396253430378236,14438,7875,5986,True,0.16814797640209186,63,True,False,-0.08406411982031137,0,True,CS_MAP
341921,15,bench,a photo of a bench,0.28292096437385306,all,,CS_POS3_SAM,0.8367063492063492,0.9835977359693877,0.9110943070109107,0.8861105274217272,0.9375277901289462,4759,4217,1,True,0.00019654088050314466,27,True,False,0.5537853848324962,1,True,CS_MAP
341921,15,bench,a photo of a bench,0.28292096437385306,all,,CS_POS3_SMART,0.8367063492063492,0.9835977359693877,0.9110943070109107,0.8861105274217272,0.9375277901289462,4759,4217,1,True,0.00019654088050314466,27,True,False,0.5537853848324962,1,True,CS_MAP
341921,15,bench,a photo of a bench,0.28292096437385306,all,,CS_POS3_CASR,0.8367063492063492,0.9835977359693877,0.9110943070109107,0.8861105274217272,0.9375277901289462,4759,4217,1,True,0.00019654088050314466,27,True,False,0.5537853848324962,1,True,CS_MAP
341921,1,person,a photo of a person,0.08828942525109112,all,,CS_POS3_SAM,0.0021843844516634928,0.6449497767857143,0.004359246632761415,0.0024053287282595286,0.023228111971411555,16214,39,46,False,0.002080410276259132,15,True,False,-0.08610504079942763,0,True,CS_MAP
341921,1,person,a photo of a person,0.08828942525109112,all,,CS_POS3_SMART,0.000499151442547669,0.8004623724489796,0.000997804829375374,0.0005993048064245475,0.0029779630732578916,8343,5,49,False,0.0037520519033846637,15,False,False,-0.08779027380854346,1,True,CS_MAP
341921,1,person,a photo of a person,0.08828942525109112,all,,CS_POS3_CASR,0.08828942525109112,0.6544563137755102,0.1622535755701585,0.08828942525109112,1.0,19017,1679,4958,False,0.23652521428195825,15,False,False,0.0,1,False,CS_MAP
182611,61,cake,a photo of a cake,0.07021773236903532,all,,CS_POS3_SAM,0.6339622641509434,0.9864676339285714,0.7759815242494227,0.9832775919732442,0.6408719346049047,1196,1176,18,True,0.7670787247885491,54,False,True,0.5637445317819081,2,True,CS_MAP
182611,61,cake,a photo of a cake,0.07021773236903532,all,,CS_POS3_SMART,0.5704022988505747,0.9821229272959183,0.7264409881061299,0.824792243767313,0.6490463215258856,1444,1191,253,True,0.6783691959229898,54,False,True,0.5001845664815394,1,True,CS_MAP
182611,61,cake,a photo of a cake,0.07021773236903532,all,,CS_POS3_CASR,0.5704022988505747,0.9821229272959183,0.7264409881061299,0.824792243767313,0.6490463215258856,1444,1191,253,True,0.6783691959229898,54,False,True,0.5001845664815394,1,True,CS_MAP
182611,67,dining table,a photo of a dining table,0.6479662346393755,all,,CS_POS3_SAM,0.15255769435286612,0.6823780293367347,0.2647289504036909,0.9778459441036128,0.1530868150045355,2934,2869,5,True,0.0013489208633093526,54,True,False,-0.4954085402865094,1,True,CS_MAP
182611,67,dining table,a photo of a dining table,0.6479662346393755,all,,CS_POS3_SMART,0.15255769435286612,0.6823780293367347,0.2647289504036909,0.9778459441036128,0.1530868150045355,2934,2869,5,True,0.0013489208633093526,54,True,False,-0.4954085402865094,1,True,CS_MAP
182611,67,dining table,a photo of a dining table,0.6479662346393755,all,,CS_POS3_CASR,0.15255769435286612,0.6823780293367347,0.2647289504036909,0.9778459441036128,0.1530868150045355,2934,2869,5,True,0.0013489208633093526,54,True,False,-0.4954085402865094,1,True,CS_MAP
284725,3,car,a photo of a car,0.2328892446680771,all,,CS_POS3_SAM,0.22535124476213952,0.7494618941326531,0.3678149358813176,0.23272241313478426,0.876768161112443,15714,3657,11976,False,0.7313551060199853,6,False,True,-0.007537999905937565,0,True,CS_MAP
284725,3,car,a photo of a car,0.2328892446680771,all,,CS_POS3_SMART,0.22535124476213952,0.7494618941326531,0.3678149358813176,0.23272241313478426,0.876768161112443,15714,3657,11976,False,0.7313551060199853,6,False,True,-0.007537999905937565,0,True,CS_MAP
284725,3,car,a photo of a car,0.2328892446680771,all,,CS_POS3_CASR,0.22535124476213952,0.7494618941326531,0.3678149358813176,0.23272241313478426,0.876768161112443,15714,3657,11976,False,0.7313551060199853,6,False,True,-0.007537999905937565,0,True,CS_MAP
284725,6,bus,a photo of a bus,0.5563387690689111,all,,CS_POS3_SAM,0.862102289622361,0.9630301339285714,0.9259451475108786,0.9391804340783932,0.9130777104165027,12348,11597,0,True,0.002006903748896203,1,True,False,0.3057635205534499,1,True,CS_MAP
284725,6,bus,a photo of a bus,0.5563387690689111,all,,CS_POS3_SMART,0.8975930301240401,0.9723573022959183,0.9460332282790553,0.9351538461538461,0.9571687268718998,13000,12157,0,True,0.0022893772893772895,1,True,False,0.341254261055129,0,True,CS_MAP
284725,6,bus,a photo of a bus,0.5563387690689111,all,,CS_POS3_CASR,0.8975930301240401,0.9723573022959183,0.9460332282790553,0.9351538461538461,0.9571687268718998,13000,12157,0,True,0.0022893772893772895,1,True,False,0.341254261055129,0,True,CS_MAP
25603,59,pizza,a photo of a pizza,0.07367267413541159,all,,CS_POS3_SAM,0.5988601490574309,0.9817641900510204,0.7491088565944612,0.7460404150737302,0.7522026431718062,1831,1366,465,True,0.10020655389940267,67,True,False,0.5251874749220193,1,True,CS_MAP
25603,59,pizza,a photo of a pizza,0.07367267413541159,all,,CS_POS3_SMART,0.5988601490574309,0.9817641900510204,0.7491088565944612,0.7460404150737302,0.7522026431718062,1831,1366,465,True,0.10020655389940267,67,True,False,0.5251874749220193,1,True,CS_MAP
25603,59,pizza,a photo of a pizza,0.07367267413541159,all,,CS_POS3_CASR,0.5988601490574309,0.9817641900510204,0.7491088565944612,0.7460404150737302,0.7522026431718062,1831,1366,465,True,0.10020655389940267,67,True,False,0.5251874749220193,1,True,CS_MAP
25603,62,chair,a photo of a chair,0.3446489287063522,all,,CS_POS3_SAM,0.6375966686496133,0.9392936862244898,0.7786980528916013,0.7531974701335208,0.8059858625357197,7115,5359,1102,True,0.038304943913585375,67,True,False,0.29294773994326107,0,True,CS_MAP
25603,62,chair,a photo of a chair,0.3446489287063522,all,,CS_POS3_SMART,0.6375966686496133,0.9392936862244898,0.7786980528916013,0.7531974701335208,0.8059858625357197,7115,5359,1102,True,0.038304943913585375,67,True,False,0.29294773994326107,0,True,CS_MAP
25603,62,chair,a photo of a chair,0.3446489287063522,all,,CS_POS3_CASR,0.6375966686496133,0.9392936862244898,0.7786980528916013,0.7531974701335208,0.8059858625357197,7115,5359,1102,True,0.038304943913585375,67,True,False,0.29294773994326107,0,True,CS_MAP
449312,3,car,a photo of a car,0.08880751994753525,all,,CS_POS3_SAM,0.2998780983340106,0.9313217474489796,0.4613941856830259,0.31721470019342357,0.8458452722063037,4653,1476,221,True,0.014416146083613647,1,True,False,0.21107057838647533,1,True,CS_MAP
449312,3,car,a photo of a car,0.08880751994753525,all,,CS_POS3_SMART,0.2998780983340106,0.9313217474489796,0.4613941856830259,0.31721470019342357,0.8458452722063037,4653,1476,221,True,0.014416146083613647,1,True,False,0.21107057838647533,1,True,CS_MAP
449312,3,car,a photo of a car,0.08880751994753525,all,,CS_POS3_CASR,0.2998780983340106,0.9313217474489796,0.4613941856830259,0.31721470019342357,0.8458452722063037,4653,1476,221,True,0.014416146083613647,1,True,False,0.21107057838647533,1,True,CS_MAP
449312,1,person,a photo of a person,0.7334840799364419,all,,CS_POS3_SAM,0.652775530021039,0.9144810267857143,0.7899143206854345,0.984981684981685,0.6593379648549244,8190,8067,0,True,0.0,-1,True,False,-0.08070854991540288,1,True,CS_MAP
449312,1,person,a photo of a person,0.7334840799364419,all,,CS_POS3_SMART,0.8813572982993472,0.9706632653061225,0.9369377088509983,0.9845142702800036,0.8937474458520638,11107,10935,0,True,0.0,-1,True,False,0.14787321836290523,0,True,CS_MAP
449312,1,person,a photo of a person,0.7334840799364419,all,,CS_POS3_CASR,0.8813572982993472,0.9706632653061225,0.9369377088509983,0.9845142702800036,0.8937474458520638,11107,10935,0,True,0.0,-1,True,False,0.14787321836290523,0,True,CS_MAP
179112,1,person,a photo of a person,0.6407707787060186,all,,CS_POS3_SAM,0.9401994547280815,0.9667769451530612,0.9691781455116946,0.9855601098033318,0.9533318783646152,26593,26209,0,True,0.02882402367296241,77,True,False,0.2994286760220629,0,True,CS_MAP
179112,1,person,a photo of a person,0.6407707787060186,all,,CS_POS3_SMART,0.9401994547280815,0.9667769451530612,0.9691781455116946,0.9855601098033318,0.9533318783646152,26593,26209,0,True,0.02882402367296241,77,True,False,0.2994286760220629,0,True,CS_MAP
179112,1,person,a photo of a person,0.6407707787060186,all,,CS_POS3_CASR,0.9401994547280815,0.9667769451530612,0.9691781455116946,0.9855601098033318,0.9533318783646152,26593,26209,0,True,0.02882402367296241,77,True,False,0.2994286760220629,0,True,CS_MAP
179112,77,cell phone,a photo of a cell phone,0.17072905331882482,all,,CS_POS3_SAM,0.1584503088152723,0.8506457270408163,0.2735556417215975,0.16131244998285127,0.8992989165073295,8747,1411,7192,False,0.3112968591691996,1,False,False,-0.012278744503552513,1,True,CS_MAP
179112,77,cell phone,a photo of a cell phone,0.17072905331882482,all,,CS_POS3_SMART,0.1584503088152723,0.8506457270408163,0.2735556417215975,0.16131244998285127,0.8992989165073295,8747,1411,7192,False,0.3112968591691996,1,False,False,-0.012278744503552513,1,True,CS_MAP
179112,77,cell phone,a photo of a cell phone,0.17072905331882482,all,,CS_POS3_CASR,0.1584503088152723,0.8506457270408163,0.2735556417215975,0.16131244998285127,0.8992989165073295,8747,1411,7192,False,0.3112968591691996,1,False,False,-0.012278744503552513,1,True,CS_MAP
153529,33,suitcase,a photo of a suitcase,0.30593204311920824,all,,CS_POS3_SAM,0.5075586239733365,0.9175502232142857,0.6733517568101066,0.5486361296963459,0.8714490087880645,7772,4264,3363,True,0.4389416553595658,27,True,False,0.20162658085412827,1,True,CS_MAP
153529,33,suitcase,a photo of a suitcase,0.30593204311920824,all,,CS_POS3_SMART,0.4923818059601165,0.9096978635204082,0.6598603708430298,0.5214760322733745,0.8982219497240956,8428,4395,3416,True,0.41548550877935264,27,True,False,0.18644976284090825,0,True,CS_MAP
153529,33,suitcase,a photo of a suitcase,0.30593204311920824,all,,CS_POS3_CASR,0.4923818059601165,0.9096978635204082,0.6598603708430298,0.5214760322733745,0.8982219497240956,8428,4395,3416,True,0.41548550877935264,27,True,False,0.18644976284090825,0,True,CS_MAP
153529,1,person,a photo of a person,0.5104688021354689,all,,CS_POS3_SAM,0.6149508114543518,0.8775310905612245,0.7615721879486284,0.9892147968954742,0.6191016906384053,9921,9814,13,True,0.0013541572627967862,31,True,False,0.10448200931888296,0,True,CS_MAP
153529,1,person,a photo of a person,0.5104688021354689,all,,CS_POS3_SMART,0.6149508114543518,0.8775310905612245,0.7615721879486284,0.9892147968954742,0.6191016906384053,9921,9814,13,True,0.0013541572627967862,31,True,False,0.10448200931888296,0,True,CS_MAP
153529,1,person,a photo of a person,0.5104688021354689,all,,CS_POS3_CASR,0.6149508114543518,0.8775310905612245,0.7615721879486284,0.9892147968954742,0.6191016906384053,9921,9814,13,True,0.0013541572627967862,31,True,False,0.10448200931888296,0,True,CS_MAP
375278,33,suitcase,a photo of a suitcase,0.6625051636296875,all,,CS_POS3_SAM,0.2161130949469256,0.6806242028061225,0.3554161135915691,0.8239462886982469,0.22657572183188882,5362,4418,12,True,0.000812887969258055,84,True,False,-0.4463920686827619,1,True,CS_MAP
375278,33,suitcase,a photo of a suitcase,0.6625051636296875,all,,CS_POS3_SMART,0.705316091954023,0.8773716517857143,0.8271968994860561,0.9142662031288801,0.7552695010000513,16108,14727,33,True,0.019460370994940978,17,True,False,0.04281092832433553,0,True,CS_MAP
375278,33,suitcase,a photo of a suitcase,0.6625051636296875,all,,CS_POS3_CASR,0.705316091954023,0.8773716517857143,0.8271968994860561,0.9142662031288801,0.7552695010000513,16108,14727,33,True,0.019460370994940978,17,True,False,0.04281092832433553,0,True,CS_MAP
375278,17,cat,a photo of a cat,0.7640160541828672,all,,CS_POS3_SAM,0.7418603057097813,0.9249441964285714,0.8518022981268693,0.9583812981492961,0.7665557050782633,11293,10823,361,True,0.848319360049227,18,False,True,-0.02215574847308588,2,True,CS_MAP
375278,17,cat,a photo of a cat,0.7640160541828672,all,,CS_POS3_SMART,0.7418603057097813,0.9249441964285714,0.8518022981268693,0.9583812981492961,0.7665557050782633,11293,10823,361,True,0.848319360049227,18,False,True,-0.02215574847308588,2,True,CS_MAP
375278,17,cat,a photo of a cat,0.7640160541828672,all,,CS_POS3_CASR,0.7418603057097813,0.9249441964285714,0.8518022981268693,0.9583812981492961,0.7665557050782633,11293,10823,361,True,0.848319360049227,18,False,True,-0.02215574847308588,2,True,CS_MAP
246963,1,person,a photo of a person,0.0460257830869436,all,,CS_POS3_SAM,0.32825719120135366,0.9525271045918368,0.4942675159235669,0.671280276816609,0.3911290322580645,1734,1164,160,True,0.03857245854361932,4,True,False,0.28223140811441005,1,True,CS_MAP
246963,1,person,a photo of a person,0.0460257830869436,all,,CS_POS3_SMART,0.32825719120135366,0.9525271045918368,0.4942675159235669,0.671280276816609,0.3911290322580645,1734,1164,160,True,0.03857245854361932,4,True,False,0.28223140811441005,1,True,CS_MAP
246963,1,person,a photo of a person,0.0460257830869436,all,,CS_POS3_CASR,0.0460257830869436,0.29651626275510207,0.08800124018189334,0.04766569637259292,0.572244623655914,35728,1703,153,True,0.002268945696566329,4,True,False,0.0,1,False,CS_MAP
246963,4,motorcycle,a photo of a motorcycle,0.1417006974811174,all,,CS_POS3_SAM,0.45110458828981925,0.9291892538265306,0.6217395933141702,0.5442684063373718,0.7249255213505462,5365,2920,1239,True,0.1851378232452401,1,True,False,0.30940389080870184,0,True,CS_MAP
246963,4,motorcycle,a photo of a motorcycle,0.1417006974811174,all,,CS_POS3_SMART,0.505391804457225,0.9451530612244898,0.6714422158548233,0.6467341306347746,0.6981132075471698,4348,2812,535,True,0.08696942712971208,1,True,False,0.36369110697610757,1,True,CS_MAP
246963,4,motorcycle,a photo of a motorcycle,0.1417006974811174,all,,CS_POS3_CASR,0.505391804457225,0.9451530612244898,0.6714422158548233,0.6467341306347746,0.6981132075471698,4348,2812,535,True,0.08696942712971208,1,True,False,0.36369110697610757,1,True,CS_MAP
259640,1,person,a photo of a person,0.22618115374575828,all,,CS_POS3_SAM,0.3561123766135156,0.8985969387755102,0.5251959686450168,0.5175648335479125,0.5330555029361621,5437,2814,68,True,0.11017241379310345,31,True,False,0.1299312228677573,0,True,CS_MAP
259640,1,person,a photo of a person,0.22618115374575828,all,,CS_POS3_SMART,0.3561123766135156,0.8985969387755102,0.5251959686450168,0.5175648335479125,0.5330555029361621,5437,2814,68,True,0.11017241379310345,31,True,False,0.1299312228677573,0,True,CS_MAP
259640,1,person,a photo of a person,0.22618115374575828,all,,CS_POS3_CASR,0.22618115374575828,0.6455078125,0.3689196381053752,0.22697109927529904,0.9848456146997537,22906,5199,10155,False,0.3090814558058925,8,False,False,0.0,0,False,CS_MAP
259640,8,truck,a photo of a truck,0.43067251348519536,all,,CS_POS3_SAM,0.2877282491944146,0.7885443239795918,0.4468772807840684,0.991900023142791,0.2884058946235112,4321,4286,0,True,0.0,-1,True,False,-0.14294426429078078,2,True,CS_MAP
259640,8,truck,a photo of a truck,0.43067251348519536,all,,CS_POS3_SMART,0.8944258420326965,0.9679528061224489,0.9442711582449573,0.9735582076752662,0.9166947042594711,13993,13623,0,True,0.0,-1,True,False,0.4637533285475011,0,True,CS_MAP
259640,8,truck,a photo of a truck,0.43067251348519536,all,,CS_POS3_CASR,0.8944258420326965,0.9679528061224489,0.9442711582449573,0.9735582076752662,0.9166947042594711,13993,13623,0,True,0.0,-1,True,False,0.4637533285475011,0,True,CS_MAP
177861,1,person,a photo of a person,0.2146240738491437,all,,CS_POS3_SAM,0.44692532942898977,0.9397720025510204,0.6177586643055907,0.9483495145631068,0.45807540799099605,2575,2442,100,True,0.08928571428571429,27,True,False,0.23230125557984607,0,True,CS_MAP
177861,1,person,a photo of a person,0.2146240738491437,all,,CS_POS3_SMART,0.44692532942898977,0.9397720025510204,0.6177586643055907,0.9483495145631068,0.45807540799099605,2575,2442,100,True,0.08928571428571429,27,True,False,0.23230125557984607,0,True,CS_MAP
177861,1,person,a photo of a person,0.2146240738491437,all,,CS_POS3_CASR,0.44692532942898977,0.9397720025510204,0.6177586643055907,0.9483495145631068,0.45807540799099605,2575,2442,100,True,0.08928571428571429,27,True,False,0.23230125557984607,0,True,CS_MAP
177861,28,umbrella,a photo of a umbrella,0.07432560790273557,all,,CS_POS3_SAM,0.625071225071225,0.9868861607142857,0.7692847124824684,0.948961937716263,0.6468160377358491,1156,1097,6,True,0.0018532818532818532,1,True,False,0.5507456171684895,2,True,CS_MAP
177861,28,umbrella,a photo of a umbrella,0.07432560790273557,all,,CS_POS3_SMART,0.623015873015873,0.9867466517857143,0.7677261613691931,0.9417309340188518,0.6479952830188679,1167,1099,6,True,0.0016956990904886697,1,True,False,0.5486902651131375,1,True,CS_MAP
177861,28,umbrella,a photo of a umbrella,0.07432560790273557,all,,CS_POS3_CASR,0.623015873015873,0.9867466517857143,0.7677261613691931,0.9417309340188518,0.6479952830188679,1167,1099,6,True,0.0016956990904886697,1,True,False,0.5486902651131375,1,True,CS_MAP
528399,51,bowl,a photo of a bowl,0.32540797579163516,all,,CS_POS3_SAM,0.2850376149345222,0.7954400510204082,0.44362532523850823,0.49865951742627346,0.3995313415348565,8206,4092,2,True,0.00017699115044247788,67,True,False,-0.040370360857112986,0,True,CS_MAP
528399,51,bowl,a photo of a bowl,0.32540797579163516,all,,CS_POS3_SMART,0.2899365512810216,0.8238002232142857,0.4495361434530851,0.620381508850318,0.3524702206600273,5819,3610,0,True,0.0,-1,True,False,-0.03547142451061358,1,True,CS_MAP
528399,51,bowl,a photo of a bowl,0.32540797579163516,all,,CS_POS3_CASR,0.32540797579163516,0.6267936862244898,0.49103065883887803,0.340225988700565,0.8819566490919742,26550,9033,4226,True,0.08832599118942731,67,True,False,0.0,1,False,CS_MAP
528399,67,dining table,a photo of a dining table,0.11279397214399878,all,,CS_POS3_SAM,0.0,0.9128069196428571,0.0,0.0,0.0,1279,0,137,False,0.025772219063862043,47,False,False,-0.11279397214399878,2,True,CS_MAP
528399,67,dining table,a photo of a dining table,0.11279397214399878,all,,CS_POS3_SMART,0.0,0.9052136479591837,0.0,0.0,0.0,1660,0,439,False,0.08076851333706397,47,False,False,-0.11279397214399878,1,True,CS_MAP
528399,67,dining table,a photo of a dining table,0.11279397214399878,all,,CS_POS3_CASR,0.11279397214399878,0.5353555484693877,0.20272211203064086,0.11336342079094316,0.9573643410852714,26146,2964,7853,False,0.13783614759224516,51,False,False,0.0,1,False,CS_MAP
554328,1,person,a photo of a person,0.42428961922318986,all,,CS_POS3_SAM,0.3922541118121148,0.6678691007653061,0.5634806296985095,0.9699702407791505,0.3970761961015948,11089,10756,0,True,0.0023446658851113715,37,True,False,-0.03203550741107508,0,True,CS_MAP
554328,1,person,a photo of a person,0.42428961922318986,all,,CS_POS3_SMART,0.3922541118121148,0.6678691007653061,0.5634806296985095,0.9699702407791505,0.3970761961015948,11089,10756,0,True,0.0023446658851113715,37,True,False,-0.03203550741107508,0,True,CS_MAP
554328,1,person,a photo of a person,0.42428961922318986,all,,CS_POS3_CASR,0.3922541118121148,0.6678691007653061,0.5634806296985095,0.9699702407791505,0.3970761961015948,11089,10756,0,True,0.0023446658851113715,37,True,False,-0.03203550741107508,0,True,CS_MAP
554328,40,baseball glove,a photo of a baseball glove,0.11956643200357582,all,,CS_POS3_SAM,0.5990650845019777,0.9777782206632653,0.7492691702271194,0.8923406534547402,0.6457364341085271,1867,1666,31,True,0.0014179982015632565,1,True,False,0.4794986524984019,1,True,CS_MAP
554328,40,baseball glove,a photo of a baseball glove,0.11956643200357582,all,,CS_POS3_SMART,0.5990650845019777,0.9777782206632653,0.7492691702271194,0.8923406534547402,0.6457364341085271,1867,1666,31,True,0.0014179982015632565,1,True,False,0.4794986524984019,1,True,CS_MAP
554328,40,baseball glove,a photo of a baseball glove,0.11956643200357582,all,,CS_POS3_CASR,0.5990650845019777,0.9777782206632653,0.7492691702271194,0.8923406534547402,0.6457364341085271,1867,1666,31,True,0.0014179982015632565,1,True,False,0.4794986524984019,1,True,CS_MAP
97337,63,couch,a photo of a couch,0.2741388308977035,all,,CS_POS3_SAM,0.47050958252859904,0.9289700255102041,0.6399272580319256,0.9875272840661053,0.4733223733373188,3207,3167,0,True,0.0,-1,True,False,0.1963707516308955,2,True,CS_MAP
97337,63,couch,a photo of a couch,0.2741388308977035,all,,CS_POS3_SMART,0.47050958252859904,0.9289700255102041,0.6399272580319256,0.9875272840661053,0.4733223733373188,3207,3167,0,True,0.0,-1,True,False,0.1963707516308955,2,True,CS_MAP
97337,63,couch,a photo of a couch,0.2741388308977035,all,,CS_POS3_CASR,0.2741388308977035,0.6673907844387755,0.4303123399897593,0.2788444523093258,0.9420116574503064,22604,6303,5176,True,0.18023076923076922,67,True,False,0.0,2,False,CS_MAP
97337,1,person,a photo of a person,0.02973475865591594,all,,CS_POS3_SAM,0.26223776223776224,0.9243064413265306,0.4155124653739612,0.2779493514515133,0.8226691042047533,4857,1350,1963,False,0.22547988430186694,72,True,False,0.2325030035818463,1,True,CS_MAP
97337,1,person,a photo of a person,0.02973475865591594,all,,CS_POS3_SMART,0.21056149732620322,0.8823142538265306,0.34787410270568747,0.21243593202050176,0.9597806215722121,7414,1575,4095,False,0.4524333577891905,72,False,False,0.18082673867028728,0,True,CS_MAP
97337,1,person,a photo of a person,0.02973475865591594,all,,CS_POS3_CASR,0.02973475865591594,0.4699856505102041,0.05775226757369614,0.0306586916450363,0.49664838513101767,26583,815,9883,False,0.15526699534754532,63,False,False,0.0,0,False,CS_MAP
512564,6,bus,a photo of a bus,0.05720206255120235,all,,CS_POS3_SAM,0.9477611940298507,0.9987444196428571,0.9731800766283525,0.9836488812392427,0.9629317607413648,1162,1143,0,True,0.014370245139475908,1,True,False,0.8905591314786484,1,True,CS_MAP
512564,6,bus,a photo of a bus,0.05720206255120235,all,,CS_POS3_SMART,0.1478249544152123,0.8695990114795918,0.2575740383524339,0.14883293994230265,0.9561920808761584,7626,1135,673,True,0.07875528236650019,8,True,False,0.09062289186400993,0,True,CS_MAP
512564,6,bus,a photo of a bus,0.05720206255120235,all,,CS_POS3_CASR,0.1478249544152123,0.8695990114795918,0.2575740383524339,0.14883293994230265,0.9561920808761584,7626,1135,673,True,0.07875528236650019,8,True,False,0.09062289186400993,0,True,CS_MAP
512564,8,truck,a photo of a truck,0.04256465517241379,all,,CS_POS3_SAM,0.0200827530527803,0.8064811862244898,0.039374752671151564,0.02137486573576799,0.24937343358395989,9310,199,1251,False,0.11138168343038644,6,False,False,-0.022481902119633492,0,True,CS_MAP
512564,8,truck,a photo of a truck,0.04256465517241379,all,,CS_POS3_SMART,0.0200827530527803,0.8064811862244898,0.039374752671151564,0.02137486573576799,0.24937343358395989,9310,199,1251,False,0.11138168343038644,6,False,False,-0.022481902119633492,0,True,CS_MAP
512564,8,truck,a photo of a truck,0.04256465517241379,all,,CS_POS3_CASR,0.0200827530527803,0.8064811862244898,0.039374752671151564,0.02137486573576799,0.24937343358395989,9310,199,1251,False,0.11138168343038644,6,False,False,-0.022481902119633492,0,True,CS_MAP
292082,1,person,a photo of a person,0.54317998385795,all,,CS_POS3_SAM,0.35469596398870834,0.8314333545918368,0.5236539761207479,0.7183250927070457,0.4119992910315491,6472,4649,413,True,0.046408137317228225,62,True,False,-0.18848401986924163,1,True,CS_MAP
292082,1,person,a photo of a person,0.54317998385795,all,,CS_POS3_SMART,0.35469596398870834,0.8314333545918368,0.5236539761207479,0.7183250927070457,0.4119992910315491,6472,4649,413,True,0.046408137317228225,62,True,False,-0.18848401986924163,1,True,CS_MAP
292082,1,person,a photo of a person,0.54317998385795,all,,CS_POS3_CASR,0.35469596398870834,0.8314333545918368,0.5236539761207479,0.7183250927070457,0.4119992910315491,6472,4649,413,True,0.046408137317228225,62,True,False,-0.18848401986924163,1,True,CS_MAP
292082,62,chair,a photo of a chair,0.12122625508819539,all,,CS_POS3_SAM,0.3154145948125252,0.8984773596938775,0.47956681651001226,0.3676378446115288,0.6894829612220916,6384,2347,1662,True,0.10425,1,True,False,0.1941883397243298,1,True,CS_MAP
292082,62,chair,a photo of a chair,0.12122625508819539,all,,CS_POS3_SMART,0.3154145948125252,0.8984773596938775,0.47956681651001226,0.3676378446115288,0.6894829612220916,6384,2347,1662,True,0.10425,1,True,False,0.1941883397243298,1,True,CS_MAP
292082,62,chair,a photo of a chair,0.12122625508819539,all,,CS_POS3_CASR,0.12122625508819539,0.5869539221938775,0.21623870211398102,0.12409392768783367,0.8398942420681551,23039,2859,1200,True,0.03745012694958288,1,True,False,0.0,1,False,CS_MAP
535094,21,cow,a photo of a cow,0.579667917298635,all,,CS_POS3_SAM,0.8448005783829377,0.9486607142857143,0.9158719790986284,0.9953151618398637,0.8481732397774014,14088,14022,0,True,0.0,-1,True,False,0.26513266108430267,1,True,CS_MAP
535094,21,cow,a photo of a cow,0.579667917298635,all,,CS_POS3_SMART,0.8448005783829377,0.9486607142857143,0.9158719790986284,0.9953151618398637,0.8481732397774014,14088,14022,0,True,0.0,-1,True,False,0.26513266108430267,1,True,CS_MAP
535094,21,cow,a photo of a cow,0.579667917298635,all,,CS_POS3_CASR,0.8448005783829377,0.9486607142857143,0.9158719790986284,0.9953151618398637,0.8481732397774014,14088,14022,0,True,0.0,-1,True,False,0.26513266108430267,1,True,CS_MAP
535094,1,person,a photo of a person,0.13279687881004634,all,,CS_POS3_SAM,0.6714778788829621,0.979133450255102,0.8034541017458232,0.9562109025915997,0.6927808352217546,2238,2140,0,True,0.0,-1,True,False,0.5386810000729157,2,True,CS_MAP
535094,1,person,a photo of a person,0.13279687881004634,all,,CS_POS3_SMART,0.6714778788829621,0.979133450255102,0.8034541017458232,0.9562109025915997,0.6927808352217546,2238,2140,0,True,0.0,-1,True,False,0.5386810000729157,2,True,CS_MAP
535094,1,person,a photo of a person,0.13279687881004634,all,,CS_POS3_CASR,0.6714778788829621,0.979133450255102,0.8034541017458232,0.9562109025915997,0.6927808352217546,2238,2140,0,True,0.0,-1,True,False,0.5386810000729157,2,True,CS_MAP
323799,1,person,a photo of a person,0.618472598037236,all,,CS_POS3_SAM,0.28689006466784245,0.7099011479591837,0.4458656920968479,0.9800836820083682,0.28857241413295226,5975,5856,0,True,0.021403610949330226,34,True,False,-0.33158253336939353,0,True,CS_MAP
323799,1,person,a photo of a person,0.618472598037236,all,,CS_POS3_SMART,0.28689006466784245,0.7099011479591837,0.4458656920968479,0.9800836820083682,0.28857241413295226,5975,5856,0,True,0.021403610949330226,34,True,False,-0.33158253336939353,0,True,CS_MAP
323799,1,person,a photo of a person,0.618472598037236,all,,CS_POS3_CASR,0.618472598037236,0.8117227359693877,0.7642669993761697,0.7741381053482964,0.7546444586803331,19782,15314,9,True,0.020736310603460956,34,True,False,0.0,0,False,CS_MAP
323799,34,frisbee,a photo of a frisbee,0.03672128235868745,all,,CS_POS3_SAM,0.13804923652228107,0.9448740433673469,0.24260679079956188,0.16960183767228176,0.42596153846153845,2612,443,2148,False,0.12754750418430638,1,True,False,0.10132795416359362,1,True,CS_MAP
323799,34,frisbee,a photo of a frisbee,0.03672128235868745,all,,CS_POS3_SMART,0.4325581395348837,0.9878427933673469,0.6038961038961039,0.93,0.44711538461538464,500,465,32,True,0.018765311121999022,1,True,False,0.39583685717619627,2,True,CS_MAP
323799,34,frisbee,a photo of a frisbee,0.03672128235868745,all,,CS_POS3_CASR,0.4325581395348837,0.9878427933673469,0.6038961038961039,0.93,0.44711538461538464,500,465,32,True,0.018765311121999022,1,True,False,0.39583685717619627,2,True,CS_MAP
290163,1,person,a photo of a person,0.5635942067945832,all,,CS_POS3_SAM,0.3503445305770887,0.6993582589285714,0.5188965077340137,0.9751858067609686,0.3534958501716421,8342,8135,55,True,0.0026646364674533687,67,True,False,-0.21324967621749447,1,True,CS_MAP
290163,1,person,a photo of a person,0.5635942067945832,all,,CS_POS3_SMART,0.7522012578616353,0.8665098852040817,0.8585786073223259,0.8350240256273358,0.8835006300786512,24349,20332,197,True,0.0034368911019701234,67,True,False,0.1886070510670521,0,True,CS_MAP
290163,1,person,a photo of a person,0.5635942067945832,all,,CS_POS3_CASR,0.5635942067945832,0.7411710778061225,0.7208957469214072,0.713155880602092,0.7288054577847304,23518,16772,2972,True,0.0965009348647308,62,True,False,0.0,0,False,CS_MAP
290163,51,bowl,a photo of a bowl,0.11588591372634564,all,,CS_POS3_SAM,0.30094130675526026,0.9496771364795918,0.4626516280059587,0.4222999222999223,0.5115294117647059,2574,1087,1481,False,0.19534484105287822,67,True,False,0.1850553930289146,1,True,CS_MAP
290163,51,bowl,a photo of a bowl,0.11588591372634564,all,,CS_POS3_SMART,0.3065724684221794,0.9354472257653061,0.46927740455513683,0.3599798893916541,0.6738823529411765,3978,1432,2526,False,0.30185444911952625,67,True,False,0.19068655469583373,0,True,CS_MAP
290163,51,bowl,a photo of a bowl,0.11588591372634564,all,,CS_POS3_CASR,0.3065724684221794,0.9354472257653061,0.46927740455513683,0.3599798893916541,0.6738823529411765,3978,1432,2526,False,0.30185444911952625,67,True,False,0.19068655469583373,0,True,CS_MAP
288430,1,person,a photo of a person,0.07190792040577448,all,,CS_POS3_SAM,0.0006865661882499101,0.39082429846938777,0.0013721902770517512,0.0007307143602769755,0.011235955056179775,28739,21,74,False,0.0022895622895622897,38,False,False,-0.07122135421752457,0,True,CS_MAP
288430,1,person,a photo of a person,0.07190792040577448,all,,CS_POS3_SMART,0.0006865661882499101,0.39082429846938777,0.0013721902770517512,0.0007307143602769755,0.011235955056179775,28739,21,74,False,0.0022895622895622897,38,False,False,-0.07122135421752457,0,True,CS_MAP
288430,1,person,a photo of a person,0.07190792040577448,all,,CS_POS3_CASR,0.07190792040577448,0.5259287308673469,0.1341680923088123,0.0719809404780503,0.9860888175494917,25604,1843,719,True,0.02826145708659897,38,True,False,0.0,0,False,CS_MAP
288430,38,kite,a photo of a kite,0.061086375779162955,all,,CS_POS3_SAM,0.010087424344317418,0.413265306122449,0.019973368841544607,0.010340905173899555,0.2915451895043732,29011,300,66,True,0.0020768431983385254,1,True,False,-0.050998951434845535,0,True,CS_MAP
288430,38,kite,a photo of a kite,0.061086375779162955,all,,CS_POS3_SMART,0.2832228810603418,0.9590441645408163,0.4414243000815439,0.30641509433962266,0.7891156462585034,2650,812,12,True,0.002662524961171511,1,True,False,0.22213650528117887,1,True,CS_MAP
288430,38,kite,a photo of a kite,0.061086375779162955,all,,CS_POS3_CASR,0.2832228810603418,0.9590441645408163,0.4414243000815439,0.30641509433962266,0.7891156462585034,2650,812,12,True,0.002662524961171511,1,True,False,0.22213650528117887,1,True,CS_MAP
21503,76,keyboard,a photo of a keyboard,0.08281662471606606,all,,CS_POS3_SAM,0.27276815830897233,0.935546875,0.42862190812720846,0.28460816518066634,0.8676680972818311,4262,1213,2152,False,0.36985345429169575,75,False,False,0.18995153359290629,0,True,CS_MAP
21503,76,keyboard,a photo of a keyboard,0.08281662471606606,all,,CS_POS3_SMART,0.27276815830897233,0.935546875,0.42862190812720846,0.28460816518066634,0.8676680972818311,4262,1213,2152,False,0.36985345429169575,75,False,False,0.18995153359290629,0,True,CS_MAP
21503,76,keyboard,a photo of a keyboard,0.08281662471606606,all,,CS_POS3_CASR,0.27276815830897233,0.935546875,0.42862190812720846,0.28460816518066634,0.8676680972818311,4262,1213,2152,False,0.36985345429169575,75,False,False,0.18995153359290629,0,True,CS_MAP
21503,54,sandwich,a photo of a sandwich,0.5670243107429037,all,,CS_POS3_SAM,0.2363217634479355,0.5373883928571429,0.38229815317472987,0.8575692454632283,0.24597630299294568,8376,7183,18,True,0.0063488759367194,74,True,False,-0.3307025472949682,1,True,CS_MAP
21503,54,sandwich,a photo of a sandwich,0.5670243107429037,all,,CS_POS3_SMART,0.2363217634479355,0.5373883928571429,0.38229815317472987,0.8575692454632283,0.24597630299294568,8376,7183,18,True,0.0063488759367194,74,True,False,-0.3307025472949682,1,True,CS_MAP
21503,54,sandwich,a photo of a sandwich,0.5670243107429037,all,,CS_POS3_CASR,0.5670243107429037,0.6823182397959183,0.7236956144912463,0.7327646728447066,0.7148482980617766,28488,20875,204,True,0.006262626262626263,76,True,False,0.0,1,False,CS_MAP
256407,85,clock,a photo of a clock,0.5360894900259453,all,,CS_POS3_SAM,0.11022734137451924,0.11935985331632654,0.19856715335086605,0.1294028651127606,0.4265565339359464,42302,5474,0,True,0.00033192449824080017,47,True,False,-0.4258621486514261,0,True,CS_MAP
256407,85,clock,a photo of a clock,0.5360894900259453,all,,CS_POS3_SMART,0.11022734137451924,0.11935985331632654,0.19856715335086605,0.1294028651127606,0.4265565339359464,42302,5474,0,True,0.00033192449824080017,47,True,False,-0.4258621486514261,0,True,CS_MAP
256407,85,clock,a photo of a clock,0.5360894900259453,all,,CS_POS3_CASR,0.5360894900259453,0.7826251594387755,0.6979925238820435,0.5413624259084271,0.9821553806592379,23282,12604,1,True,0.12179240029130789,47,True,False,0.0,0,False,CS_MAP
256407,47,cup,a photo of a cup,0.18087758663674894,all,,CS_POS3_SAM,0.22944853232059498,0.8059032206632653,0.3732543921745286,0.2295211713494262,0.9986225895316805,12635,2900,9700,False,0.979173142679515,85,False,True,0.04857094568384604,0,True,CS_MAP
256407,47,cup,a photo of a cup,0.18087758663674894,all,,CS_POS3_SMART,0.22944853232059498,0.8059032206632653,0.3732543921745286,0.2295211713494262,0.9986225895316805,12635,2900,9700,False,0.979173142679515,85,False,True,0.04857094568384604,0,True,CS_MAP
256407,47,cup,a photo of a cup,0.18087758663674894,all,,CS_POS3_CASR,0.22944853232059498,0.8059032206632653,0.3732543921745286,0.2295211713494262,0.9986225895316805,12635,2900,9700,False,0.979173142679515,85,False,True,0.04857094568384604,0,True,CS_MAP
14226,73,laptop,a photo of a laptop,0.20803768045020798,all,,CS_POS3_SAM,0.3103241895261845,0.8622050382653061,0.47366017052375153,0.31956856702619413,0.9147309614819171,9735,3111,6477,False,0.595646676300578,67,False,True,0.10228650907597653,1,True,CS_MAP
14226,73,laptop,a photo of a laptop,0.20803768045020798,all,,CS_POS3_SMART,0.3103241895261845,0.8622050382653061,0.47366017052375153,0.31956856702619413,0.9147309614819171,9735,3111,6477,False,0.595646676300578,67,False,True,0.10228650907597653,1,True,CS_MAP
14226,73,laptop,a photo of a laptop,0.20803768045020798,all,,CS_POS3_CASR,0.3103241895261845,0.8622050382653061,0.47366017052375153,0.31956856702619413,0.9147309614819171,9735,3111,6477,False,0.595646676300578,67,False,True,0.10228650907597653,1,True,CS_MAP
14226,62,chair,a photo of a chair,0.20259223177601762,all,,CS_POS3_SAM,0.47084367245657566,0.9489995216836735,0.6402361872627583,0.9844357976653697,0.474375,2313,2277,13,True,0.0018942051354005893,1,True,False,0.26825144068055806,2,True,CS_MAP
14226,62,chair,a photo of a chair,0.20259223177601762,all,,CS_POS3_SMART,0.7,0.970344387755102,0.8235294117647058,0.9559471365638766,0.7233333333333334,3632,3472,10,True,0.0020554984583761563,1,True,False,0.49740776822398236,1,True,CS_MAP
14226,62,chair,a photo of a chair,0.20259223177601762,all,,CS_POS3_CASR,0.7,0.970344387755102,0.8235294117647058,0.9559471365638766,0.7233333333333334,3632,3472,10,True,0.0020554984583761563,1,True,False,0.49740776822398236,1,True,CS_MAP
187243,1,person,a photo of a person,0.6471086377933705,all,,CS_POS3_SAM,0.013120489831620381,0.7301698022959183,0.025901143967191884,0.05832793259883344,0.016646629057615832,3086,180,100,True,0.011123470522803115,70,True,False,-0.6339881479617501,1,True,CS_MAP
187243,1,person,a photo of a person,0.6471086377933705,all,,CS_POS3_SMART,0.043273119439201944,0.7171157525510204,0.08295645432226385,0.13762057877813505,0.059372976972163136,4665,642,64,True,0.006034889203206035,70,True,False,-0.6038355183541685,0,True,CS_MAP
187243,1,person,a photo of a person,0.6471086377933705,all,,CS_POS3_CASR,0.6471086377933705,0.8837292729591837,0.7857510099155344,0.6516415910336846,0.9893646536576344,16417,10698,1416,True,0.06792093355560848,70,True,False,0.0,0,False,CS_MAP
187243,70,toilet,a photo of a toilet,0.29163261136085,all,,CS_POS3_SAM,0.8603122432210353,0.9830596301020408,0.9249116607773852,0.9847629796839729,0.8719187208527648,5316,5235,2,True,0.0005583126550868486,1,True,False,0.5686796318601852,1,True,CS_MAP
187243,70,toilet,a photo of a toilet,0.29163261136085,all,,CS_POS3_SMART,0.8603122432210353,0.9830596301020408,0.9249116607773852,0.9847629796839729,0.8719187208527648,5316,5235,2,True,0.0005583126550868486,1,True,False,0.5686796318601852,1,True,CS_MAP
187243,70,toilet,a photo of a toilet,0.29163261136085,all,,CS_POS3_CASR,0.8603122432210353,0.9830596301020408,0.9249116607773852,0.9847629796839729,0.8719187208527648,5316,5235,2,True,0.0005583126550868486,1,True,False,0.5686796318601852,1,True,CS_MAP
311180,87,scissors,a photo of a scissors,0.5466080527525228,all,,CS_POS3_SAM,0.02295918367346939,0.46568080357142855,0.04488778054862843,0.028109941102980547,0.11134676564156946,22412,630,21454,False,0.9472346657477602,1,False,True,-0.5236488690790534,1,True,CS_MAP
311180,87,scissors,a photo of a scissors,0.5466080527525228,all,,CS_POS3_SMART,0.13097300418651653,0.5201092155612245,0.2316111944346938,0.14132170255851084,0.6413927182750089,25679,3629,21553,False,0.8462065813528337,1,False,True,-0.41563504856600625,0,True,CS_MAP
311180,87,scissors,a photo of a scissors,0.5466080527525228,all,,CS_POS3_CASR,0.5466080527525228,0.9095583545918368,0.7068475452196382,0.5570148645896966,0.9669494521032167,9822,5471,2265,True,0.0978827964589855,1,True,False,0.0,0,False,CS_MAP
311180,1,person,a photo of a person,0.7966636266909864,all,,CS_POS3_SAM,0.9471153846153846,0.9754464285714286,0.9728395061728395,0.9777974739641037,0.9679315639394604,22565,22064,118,True,0.024465497840211986,87,True,False,0.15045175792439813,1,True,CS_MAP
311180,1,person,a photo of a person,0.7966636266909864,all,,CS_POS3_SMART,0.9471153846153846,0.9754464285714286,0.9728395061728395,0.9777974739641037,0.9679315639394604,22565,22064,118,True,0.024465497840211986,87,True,False,0.15045175792439813,1,True,CS_MAP
311180,1,person,a photo of a person,0.7966636266909864,all,,CS_POS3_CASR,0.9471153846153846,0.9754464285714286,0.9728395061728395,0.9777974739641037,0.9679315639394604,22565,22064,118,True,0.024465497840211986,87,True,False,0.15045175792439813,1,True,CS_MAP
450303,67,dining table,a photo of a dining table,0.2511587633066775,all,,CS_POS3_SAM,0.2793077311773623,0.8863002232142857,0.4366544880023699,0.48905109489051096,0.3943988583660364,4521,2211,8,True,0.0014267879436418763,62,True,False,0.02814896787068477,1,True,CS_MAP
450303,67,dining table,a photo of a dining table,0.2511587633066775,all,,CS_POS3_SMART,0.26714801444043323,0.8664899553571429,0.42165242165242167,0.40856617031955833,0.4356047092400999,5977,2442,15,True,0.0021258503401360546,62,True,False,0.01598925113375571,0,True,CS_MAP
450303,67,dining table,a photo of a dining table,0.2511587633066775,all,,CS_POS3_CASR,0.26714801444043323,0.8664899553571429,0.42165242165242167,0.40856617031955833,0.4356047092400999,5977,2442,15,True,0.0021258503401360546,62,True,False,0.01598925113375571,0,True,CS_MAP
450303,62,chair,a photo of a chair,0.06349014391099286,all,,CS_POS3_SAM,0.12235228539576366,0.9372409119897959,0.21802830891482494,0.1496760995567678,0.4012797074954296,2933,439,2,True,0.00023427433524657375,67,True,False,0.0588621414847708,1,True,CS_MAP
450303,62,chair,a photo of a chair,0.06349014391099286,all,,CS_POS3_SMART,0.12235228539576366,0.9372409119897959,0.21802830891482494,0.1496760995567678,0.4012797074954296,2933,439,2,True,0.00023427433524657375,67,True,False,0.0588621414847708,1,True,CS_MAP
450303,62,chair,a photo of a chair,0.06349014391099286,all,,CS_POS3_CASR,0.12235228539576366,0.9372409119897959,0.21802830891482494,0.1496760995567678,0.4012797074954296,2933,439,2,True,0.00023427433524657375,67,True,False,0.0588621414847708,1,True,CS_MAP
365886,1,person,a photo of a person,0.5823554462004353,all,,CS_POS3_SAM,0.768061777590773,0.8132374043367347,0.8688178063974242,0.9678445560303153,0.7881743370923499,32063,31032,0,True,0.003064935064935065,77,True,False,0.18570633139033765,0,True,CS_MAP
365886,1,person,a photo of a person,0.5823554462004353,all,,CS_POS3_SMART,0.768061777590773,0.8132374043367347,0.8688178063974242,0.9678445560303153,0.7881743370923499,32063,31032,0,True,0.003064935064935065,77,True,False,0.18570633139033765,0,True,CS_MAP
365886,1,person,a photo of a person,0.5823554462004353,all,,CS_POS3_CASR,0.768061777590773,0.8132374043367347,0.8688178063974242,0.9678445560303153,0.7881743370923499,32063,31032,0,True,0.003064935064935065,77,True,False,0.18570633139033765,0,True,CS_MAP
365886,77,cell phone,a photo of a cell phone,0.7149600989097449,all,,CS_POS3_SAM,0.960012026458208,0.9946986607142857,0.9795980978677711,0.9850377911460744,0.9742181540808543,6483,6386,65,True,0.1637143437214496,1,True,False,0.24505192754846317,1,True,CS_MAP
365886,77,cell phone,a photo of a cell phone,0.7149600989097449,all,,CS_POS3_SMART,0.960012026458208,0.9946986607142857,0.9795980978677711,0.9850377911460744,0.9742181540808543,6483,6386,65,True,0.1637143437214496,1,True,False,0.24505192754846317,1,True,CS_MAP
365886,77,cell phone,a photo of a cell phone,0.7149600989097449,all,,CS_POS3_CASR,0.960012026458208,0.9946986607142857,0.9795980978677711,0.9850377911460744,0.9742181540808543,6483,6386,65,True,0.1637143437214496,1,True,False,0.24505192754846317,1,True,CS_MAP
498807,1,person,a photo of a person,0.5671227309672175,all,,CS_POS3_SAM,0.9363129762310929,0.9888392857142857,0.9671091272171972,0.9517919075144509,0.98292741165234,8650,8233,0,True,0.00044033465433729633,42,True,False,0.36919024526387534,0,True,CS_MAP
498807,1,person,a photo of a person,0.5671227309672175,all,,CS_POS3_SMART,0.9363129762310929,0.9888392857142857,0.9671091272171972,0.9517919075144509,0.98292741165234,8650,8233,0,True,0.00044033465433729633,42,True,False,0.36919024526387534,0,True,CS_MAP
498807,1,person,a photo of a person,0.5671227309672175,all,,CS_POS3_CASR,0.9363129762310929,0.9888392857142857,0.9671091272171972,0.9517919075144509,0.98292741165234,8650,8233,0,True,0.00044033465433729633,42,True,False,0.36919024526387534,0,True,CS_MAP
498807,42,surfboard,a photo of a surfboard,0.11583913925390246,all,,CS_POS3_SAM,0.8463508322663252,0.9904336734693877,0.9167822468793343,0.8646173969914978,0.9756457564575646,3058,2644,0,True,0.0,-1,True,False,0.7305116930124228,1,True,CS_MAP
498807,42,surfboard,a photo of a surfboard,0.11583913925390246,all,,CS_POS3_SMART,0.8463508322663252,0.9904336734693877,0.9167822468793343,0.8646173969914978,0.9756457564575646,3058,2644,0,True,0.0,-1,True,False,0.7305116930124228,1,True,CS_MAP
498807,42,surfboard,a photo of a surfboard,0.11583913925390246,all,,CS_POS3_CASR,0.8463508322663252,0.9904336734693877,0.9167822468793343,0.8646173969914978,0.9756457564575646,3058,2644,0,True,0.0,-1,True,False,0.7305116930124228,1,True,CS_MAP
173004,49,knife,a photo of a knife,0.03527359373670326,all,,CS_POS3_SAM,0.5096439169139466,0.9868263711734694,0.6751842751842752,0.6367006487488415,0.7186192468619247,1079,687,392,True,0.2778229082047116,48,True,False,0.47437032317724337,2,True,CS_MAP
173004,49,knife,a photo of a knife,0.03527359373670326,all,,CS_POS3_SMART,0.0782663580896276,0.8253746811224489,0.14517073170731706,0.08005164622336991,0.7782426778242678,9294,744,8550,False,0.2574729201872732,67,False,False,0.042992764352924345,0,True,CS_MAP
173004,49,knife,a photo of a knife,0.03527359373670326,all,,CS_POS3_CASR,0.0782663580896276,0.8253746811224489,0.14517073170731706,0.08005164622336991,0.7782426778242678,9294,744,8550,False,0.2574729201872732,67,False,False,0.042992764352924345,0,True,CS_MAP
173004,62,chair,a photo of a chair,0.040175678594571246,all,,CS_POS3_SAM,0.2772914521112255,0.9440569196428571,0.4341866559161459,0.2830486202365309,0.9316608996539792,3805,1077,44,True,0.0036732552037782055,47,True,False,0.23711577351665428,0,True,CS_MAP
173004,62,chair,a photo of a chair,0.040175678594571246,all,,CS_POS3_SMART,0.2772914521112255,0.9440569196428571,0.4341866559161459,0.2830486202365309,0.9316608996539792,3805,1077,44,True,0.0036732552037782055,47,True,False,0.23711577351665428,0,True,CS_MAP
173004,62,chair,a photo of a chair,0.040175678594571246,all,,CS_POS3_CASR,0.2772914521112255,0.9440569196428571,0.4341866559161459,0.2830486202365309,0.9316608996539792,3805,1077,44,True,0.0036732552037782055,47,True,False,0.23711577351665428,0,True,CS_MAP
185950,1,person,a photo of a person,0.5118910625239739,all,,CS_POS3_SAM,0.3460113608298345,0.8944515306122449,0.5141284403669725,0.9685447632215693,0.34994379917572127,2893,2802,0,True,0.0,-1,True,False,-0.16587970169413935,1,True,CS_MAP
185950,1,person,a photo of a person,0.5118910625239739,all,,CS_POS3_SMART,0.846937620287558,0.9730548469387755,0.9171263945077848,0.9005657878897315,0.9343074809541652,8307,7481,423,True,0.05022559962004274,41,True,False,0.33504655776358416,0,True,CS_MAP
185950,1,person,a photo of a person,0.5118910625239739,all,,CS_POS3_CASR,0.846937620287558,0.9730548469387755,0.9171263945077848,0.9005657878897315,0.9343074809541652,8307,7481,423,True,0.05022559962004274,41,True,False,0.33504655776358416,0,True,CS_MAP
185950,41,skateboard,a photo of a skateboard,0.018524257135970803,all,,CS_POS3_SAM,0.0,0.9044363839285714,0.0,0.0,0.0,4257,0,2,False,0.00016310552927744252,1,False,False,-0.018524257135970803,2,True,CS_MAP
185950,41,skateboard,a photo of a skateboard,0.018524257135970803,all,,CS_POS3_SMART,0.0,0.42201450892857145,0.0,0.0,0.0,28463,0,6,False,0.0001645458534444932,1,False,False,-0.018524257135970803,0,True,CS_MAP
185950,41,skateboard,a photo of a skateboard,0.018524257135970803,all,,CS_POS3_CASR,0.0,0.42201450892857145,0.0,0.0,0.0,28463,0,6,False,0.0001645458534444932,1,False,False,-0.018524257135970803,0,True,CS_MAP
511999,7,train,a photo of a train,0.6323834610472542,all,,CS_POS3_SAM,0.9151980553560577,0.9694076849489796,0.9557215796001961,0.9973509933774835,0.9174281442100016,16610,16566,7,True,0.0002615199539724881,1,True,False,0.2828145943088035,0,True,CS_MAP
511999,7,train,a photo of a train,0.6323834610472542,all,,CS_POS3_SMART,0.9151980553560577,0.9694076849489796,0.9557215796001961,0.9973509933774835,0.9174281442100016,16610,16566,7,True,0.0002615199539724881,1,True,False,0.2828145943088035,0,True,CS_MAP
511999,7,train,a photo of a train,0.6323834610472542,all,,CS_POS3_CASR,0.9151980553560577,0.9694076849489796,0.9557215796001961,0.9973509933774835,0.9174281442100016,16610,16566,7,True,0.0002615199539724881,1,True,False,0.2828145943088035,0,True,CS_MAP
511999,1,person,a photo of a person,0.10351642921847978,all,,CS_POS3_SAM,0.6761830269847477,0.9834980867346939,0.8068128791413905,0.9757336343115124,0.6877486077963405,1772,1729,3,True,0.0005550509637703098,7,True,False,0.5726665977662679,0,True,CS_MAP
511999,1,person,a photo of a person,0.10351642921847978,all,,CS_POS3_SMART,0.36158415841584157,0.9678730867346939,0.5311227457824317,0.9880952380952381,0.3631662688941925,924,913,0,True,5.2687038988408854e-05,7,True,False,0.25806772919736176,1,True,CS_MAP
511999,1,person,a photo of a person,0.10351642921847978,all,,CS_POS3_CASR,0.36158415841584157,0.9678730867346939,0.5311227457824317,0.9880952380952381,0.3631662688941925,924,913,0,True,5.2687038988408854e-05,7,True,False,0.25806772919736176,1,True,CS_MAP
80153,18,dog,a photo of a dog,0.2088839194958325,all,,CS_POS3_SAM,0.9074513526340768,0.9961136798469388,0.9514804677780543,0.9735234215885947,0.9304136253041363,1964,1912,1,True,0.0007352941176470588,35,True,False,0.6985674331382443,1,True,CS_MAP
80153,18,dog,a photo of a dog,0.2088839194958325,all,,CS_POS3_SMART,0.9074513526340768,0.9961136798469388,0.9514804677780543,0.9735234215885947,0.9304136253041363,1964,1912,1,True,0.0007352941176470588,35,True,False,0.6985674331382443,1,True,CS_MAP
80153,18,dog,a photo of a dog,0.2088839194958325,all,,CS_POS3_CASR,0.9074513526340768,0.9961136798469388,0.9514804677780543,0.9735234215885947,0.9304136253041363,1964,1912,1,True,0.0007352941176470588,35,True,False,0.6985674331382443,1,True,CS_MAP
80153,1,person,a photo of a person,0.37182186234817816,all,,CS_POS3_SAM,0.016668482405490796,0.6402264030612245,0.03279039862837548,0.021771611526147278,0.06639184204816663,14055,306,0,True,0.0,-1,True,False,-0.35515337994268736,1,True,CS_MAP
80153,1,person,a photo of a person,0.37182186234817816,all,,CS_POS3_SMART,0.0010694307337940111,0.515983737244898,0.002136576546963596,0.001317856961832835,0.0056411369060533735,19729,26,15,True,0.0006890532408470761,18,True,False,-0.37075243161438415,2,True,CS_MAP
80153,1,person,a photo of a person,0.37182186234817816,all,,CS_POS3_CASR,0.37182186234817816,0.8453842474489796,0.5420847597686224,0.3723343874158761,0.9963115643306574,12333,4592,1196,True,0.05833026848105921,18,True,False,0.0,2,False,CS_MAP
364126,1,person,a photo of a person,0.23830286768405165,all,,CS_POS3_SAM,4.37885886937864e-05,0.0897640306122449,8.757334267448988e-05,4.6691880282018954e-05,0.0007037297677691766,42834,2,295,False,0.0067842605156037995,42,False,False,-0.23825907909535787,0,True,CS_MAP
364126,1,person,a photo of a person,0.23830286768405165,all,,CS_POS3_SMART,2.7168745075664954e-05,0.26646205357142855,5.433601391001956e-05,2.9441205911794148e-05,0.0003518648838845883,33966,1,3,False,8.594264760649726e-05,42,False,False,-0.238275698938976,2,True,CS_MAP
364126,1,person,a photo of a person,0.23830286768405165,all,,CS_POS3_CASR,0.23830286768405165,0.8189572704081632,0.38488624052004333,0.23830286768405165,1.0,11926,2842,906,True,0.07617693787105945,42,True,False,0.0,2,False,CS_MAP
364126,42,surfboard,a photo of a surfboard,0.03953429935505486,all,,CS_POS3_SAM,0.642578125,0.9927056760204082,0.7824019024970273,0.8915989159891599,0.6970338983050848,738,658,4,True,0.0016787912702853946,1,True,False,0.6030438256449452,2,True,CS_MAP
364126,42,surfboard,a photo of a surfboard,0.03953429935505486,all,,CS_POS3_SMART,0.0201406569030274,0.22528698979591838,0.03948603904126514,0.020214542326569853,0.8463983050847458,39526,799,1,True,2.36032761347275e-05,1,True,False,-0.019393642452027463,0,True,CS_MAP
364126,42,surfboard,a photo of a surfboard,0.03953429935505486,all,,CS_POS3_CASR,0.03953429935505486,0.5429288903061225,0.07606155829506084,0.03953429935505486,1.0,23878,944,65,True,0.002626641651031895,1,True,False,0.0,0,False,CS_MAP
354072,81,sink,a photo of a sink,0.11416151910318005,all,,CS_POS3_SAM,0.166680675800622,0.8024154974489796,0.2857348703170029,0.1668630090878492,0.9934869739478958,11884,1983,860,True,0.046130712636270874,64,True,False,0.05251915669744196,0,True,CS_MAP
354072,81,sink,a photo of a sink,0.11416151910318005,all,,CS_POS3_SMART,0.166680675800622,0.8024154974489796,0.2857348703170029,0.1668630090878492,0.9934869739478958,11884,1983,860,True,0.046130712636270874,64,True,False,0.05251915669744196,0,True,CS_MAP
354072,81,sink,a photo of a sink,0.11416151910318005,all,,CS_POS3_CASR,0.166680675800622,0.8024154974489796,0.2857348703170029,0.1668630090878492,0.9934869739478958,11884,1983,860,True,0.046130712636270874,64,True,False,0.05251915669744196,0,True,CS_MAP
354072,64,potted plant,a photo of a potted plant,0.4634146341463415,all,,CS_POS3_SAM,0.6444842590222677,0.9446348852040817,0.7838132295719844,0.9585078035782261,0.6629805160610848,5254,5036,0,True,0.0,-1,True,False,0.1810696248759262,0,True,CS_MAP
354072,64,potted plant,a photo of a potted plant,0.4634146341463415,all,,CS_POS3_SMART,0.6431459501760793,0.9454719387755102,0.7828226702651214,0.9858056777289085,0.6491574512901527,5002,4931,0,True,0.0,-1,True,False,0.17973131602973785,1,True,CS_MAP
354072,64,potted plant,a photo of a potted plant,0.4634146341463415,all,,CS_POS3_CASR,0.6431459501760793,0.9454719387755102,0.7828226702651214,0.9858056777289085,0.6491574512901527,5002,4931,0,True,0.0,-1,True,False,0.17973131602973785,1,True,CS_MAP
276018,88,teddy bear,a photo of a teddy bear,0.10639028859367843,all,,CS_POS3_SAM,0.8548228346456693,0.9941206951530612,0.9217299018307243,0.9099004714510215,0.9338709677419355,1909,1737,171,True,0.04920881971465629,1,True,False,0.7484325460519909,1,True,CS_MAP
276018,88,teddy bear,a photo of a teddy bear,0.10639028859367843,all,,CS_POS3_SMART,0.8548228346456693,0.9941206951530612,0.9217299018307243,0.9099004714510215,0.9338709677419355,1909,1737,171,True,0.04920881971465629,1,True,False,0.7484325460519909,1,True,CS_MAP
276018,88,teddy bear,a photo of a teddy bear,0.10639028859367843,all,,CS_POS3_CASR,0.8548228346456693,0.9941206951530612,0.9217299018307243,0.9099004714510215,0.9338709677419355,1909,1737,171,True,0.04920881971465629,1,True,False,0.7484325460519909,1,True,CS_MAP
276018,1,person,a photo of a person,0.420400334431712,all,,CS_POS3_SAM,0.156117488881994,0.3495296556122449,0.2700720132397012,0.9776554404145078,0.15667652706419638,6176,6038,0,True,0.0,-1,True,False,-0.264282845549718,1,True,CS_MAP
276018,1,person,a photo of a person,0.420400334431712,all,,CS_POS3_SMART,0.15262123875504086,0.34669961734693877,0.26482461648874134,0.9758677685950413,0.15319943951424567,6050,5904,0,True,0.0,-1,True,False,-0.26777909567667113,2,True,CS_MAP
276018,1,person,a photo of a person,0.420400334431712,all,,CS_POS3_CASR,0.15262123875504086,0.34669961734693877,0.26482461648874134,0.9758677685950413,0.15319943951424567,6050,5904,0,True,0.0,-1,True,False,-0.26777909567667113,2,True,CS_MAP
56288,72,tv,a photo of a tv,0.44177949709864606,all,,CS_POS3_SAM,0.7067740407389863,0.9506536989795918,0.8281987232861504,1.0,0.7067740407389863,5968,5968,0,True,0.0,-1,True,False,0.26499454364034025,1,True,CS_MAP
56288,72,tv,a photo of a tv,0.44177949709864606,all,,CS_POS3_SMART,0.8721080446271285,0.9782963966836735,0.9316855906153942,0.9905295451513939,0.879441023211748,7497,7426,0,True,0.0,-1,True,False,0.4303285475284825,0,True,CS_MAP
56288,72,tv,a photo of a tv,0.44177949709864606,all,,CS_POS3_CASR,0.8721080446271285,0.9782963966836735,0.9316855906153942,0.9905295451513939,0.879441023211748,7497,7426,0,True,0.0,-1,True,False,0.4303285475284825,0,True,CS_MAP
56288,76,keyboard,a photo of a keyboard,0.05983119724914036,all,,CS_POS3_SAM,0.2418745275888133,0.9400310905612245,0.38953134510042603,0.24242424242424243,0.9907120743034056,3960,960,1368,False,0.1239579557810801,72,True,False,0.18204333033967296,1,True,CS_MAP
56288,76,keyboard,a photo of a keyboard,0.05983119724914036,all,,CS_POS3_SMART,0.09265525477707007,0.8182995854591837,0.1695965024136989,0.09300699300699301,0.9607843137254902,10010,931,7536,False,0.690236307015937,72,False,True,0.03282405752792971,0,True,CS_MAP
56288,76,keyboard,a photo of a keyboard,0.05983119724914036,all,,CS_POS3_CASR,0.09265525477707007,0.8182995854591837,0.1695965024136989,0.09300699300699301,0.9607843137254902,10010,931,7536,False,0.690236307015937,72,False,True,0.03282405752792971,0,True,CS_MAP
564091,1,person,a photo of a person,0.7251586647933724,all,,CS_POS3_SAM,0.6318327974276527,0.8767737563775511,0.774384236453202,0.9893706293706294,0.6361510791366907,10725,10611,0,True,0.0,-1,True,False,-0.09332586736571968,2,True,CS_MAP
564091,1,person,a photo of a person,0.7251586647933724,all,,CS_POS3_SMART,0.7672485453034081,0.921875,0.8682972718720602,0.9876184653011312,0.7747002398081535,13084,12922,0,True,0.0,-1,True,False,0.042089880510035704,1,True,CS_MAP
564091,1,person,a photo of a person,0.7251586647933724,all,,CS_POS3_CASR,0.7672485453034081,0.921875,0.8682972718720602,0.9876184653011312,0.7747002398081535,13084,12922,0,True,0.0,-1,True,False,0.042089880510035704,1,True,CS_MAP
564091,31,handbag,a photo of a handbag,0.07741565094506271,all,,CS_POS3_SAM,0.4617246596066566,0.9645448022959183,0.6317532601945767,0.49577647823261856,0.8705077010838562,3078,1526,6,True,0.00030376670716889426,1,True,False,0.3843090086615939,1,True,CS_MAP
564091,31,handbag,a photo of a handbag,0.07741565094506271,all,,CS_POS3_SMART,0.4617246596066566,0.9645448022959183,0.6317532601945767,0.49577647823261856,0.8705077010838562,3078,1526,6,True,0.00030376670716889426,1,True,False,0.3843090086615939,1,True,CS_MAP
564091,31,handbag,a photo of a handbag,0.07741565094506271,all,,CS_POS3_CASR,0.4617246596066566,0.9645448022959183,0.6317532601945767,0.49577647823261856,0.8705077010838562,3078,1526,6,True,0.00030376670716889426,1,True,False,0.3843090086615939,1,True,CS_MAP
6763,32,tie,a photo of a tie,0.11480680061823802,all,,CS_POS3_SAM,0.8657171922685656,0.9947385204081632,0.9280261723009815,0.9481894150417828,0.9087026161238655,1795,1702,93,True,0.06059276262489873,1,True,False,0.7509103916503276,2,True,CS_MAP
6763,32,tie,a photo of a tie,0.11480680061823802,all,,CS_POS3_SMART,0.13894849785407726,0.7760881696428571,0.24399434762129063,0.1395903911302741,0.9679658302189001,12988,1813,10878,False,0.42415026235754155,1,False,False,0.02414169723583924,0,True,CS_MAP
6763,32,tie,a photo of a tie,0.11480680061823802,all,,CS_POS3_CASR,0.13894849785407726,0.7760881696428571,0.24399434762129063,0.1395903911302741,0.9679658302189001,12988,1813,10878,False,0.42415026235754155,1,False,False,0.02414169723583924,0,True,CS_MAP
6763,1,person,a photo of a person,0.7155491186983853,all,,CS_POS3_SAM,0.37050855433430807,0.6267538265306123,0.5406876931377839,0.9886098654708521,0.37209694842019986,11150,11023,0,True,0.028104523565169338,32,True,False,-0.34504056436407726,1,True,CS_MAP
6763,1,person,a photo of a person,0.7155491186983853,all,,CS_POS3_SMART,0.37050855433430807,0.6267538265306123,0.5406876931377839,0.9886098654708521,0.37209694842019986,11150,11023,0,True,0.028104523565169338,32,True,False,-0.34504056436407726,1,True,CS_MAP
6763,1,person,a photo of a person,0.7155491186983853,all,,CS_POS3_CASR,0.7155491186983853,0.8160275829081632,0.8341925170190218,0.8914353717993013,0.7838576829597623,26049,23221,211,True,0.016787444011507228,32,True,False,0.0,1,False,CS_MAP
186873,9,boat,a photo of a boat,0.07723637440758294,all,,CS_POS3_SAM,0.7424242424242424,0.9881417410714286,0.8521739130434782,0.9064482029598309,0.804031879981247,1892,1715,2,True,0.006477732793522267,1,True,False,0.6651878680166595,2,True,CS_MAP
186873,9,boat,a photo of a boat,0.07723637440758294,all,,CS_POS3_SMART,0.7570093457943925,0.9886001275510204,0.8617021276595744,0.8896655017473789,0.8354430379746836,2003,1782,2,True,0.006199147617202635,1,True,False,0.6797729713868096,1,True,CS_MAP
186873,9,boat,a photo of a boat,0.07723637440758294,all,,CS_POS3_CASR,0.7570093457943925,0.9886001275510204,0.8617021276595744,0.8896655017473789,0.8354430379746836,2003,1782,2,True,0.006199147617202635,1,True,False,0.6797729713868096,1,True,CS_MAP
186873,1,person,a photo of a person,0.01948627103631532,all,,CS_POS3_SAM,0.24129353233830847,0.9878427933673469,0.38877755511022044,0.4801980198019802,0.3265993265993266,404,194,9,True,0.003957261574990107,9,True,False,0.22180726130199316,1,True,CS_MAP
186873,1,person,a photo of a person,0.01948627103631532,all,,CS_POS3_SMART,0.3993212669683258,0.9894172512755102,0.570735650767987,0.5489891135303266,0.5942760942760943,643,353,10,True,0.003978300180831827,9,True,False,0.3798349959320105,0,True,CS_MAP
186873,1,person,a photo of a person,0.01948627103631532,all,,CS_POS3_CASR,0.3993212669683258,0.9894172512755102,0.570735650767987,0.5489891135303266,0.5942760942760943,643,353,10,True,0.003978300180831827,9,True,False,0.3798349959320105,0,True,CS_MAP
380913,1,person,a photo of a person,0.5558699233579256,all,,CS_POS3_SAM,0.33744318948836793,0.7065529336734694,0.5046093802570486,0.9488801720865494,0.3436912782437325,7903,7499,0,True,0.004112662013958126,77,True,False,-0.2184267338695577,0,True,CS_MAP
380913,1,person,a photo of a person,0.5558699233579256,all,,CS_POS3_SMART,0.3295767028805842,0.7036033163265306,0.4957618498677697,0.9525732899022802,0.33507493468994914,7675,7311,0,True,0.00038333759263991824,77,True,False,-0.2262932204773414,1,True,CS_MAP
380913,1,person,a photo of a person,0.5558699233579256,all,,CS_POS3_CASR,0.5558699233579256,0.7528499681122449,0.7145454963975785,0.7177672955974843,0.7113524909482561,21624,15521,32,True,0.04867909346922355,31,True,False,0.0,1,False,CS_MAP
380913,31,handbag,a photo of a handbag,0.08257882524227672,all,,CS_POS3_SAM,0.5508337816030123,0.9833585778061225,0.7103711411723899,0.9780324737344794,0.5577342047930284,1047,1024,21,True,0.04769759450171821,1,True,False,0.4682549563607356,2,True,CS_MAP
380913,31,handbag,a photo of a handbag,0.08257882524227672,all,,CS_POS3_SMART,0.5508337816030123,0.9833585778061225,0.7103711411723899,0.9780324737344794,0.5577342047930284,1047,1024,21,True,0.04769759450171821,1,True,False,0.4682549563607356,2,True,CS_MAP
380913,31,handbag,a photo of a handbag,0.08257882524227672,all,,CS_POS3_CASR,0.5508337816030123,0.9833585778061225,0.7103711411723899,0.9780324737344794,0.5577342047930284,1047,1024,21,True,0.04769759450171821,1,True,False,0.4682549563607356,2,True,CS_MAP
128372,6,bus,a photo of a bus,0.6986496090973703,all,,CS_POS3_SAM,0.2644153457385711,0.7447385204081632,0.41824127906976744,0.9907467183128901,0.2650699522137141,4647,4604,0,True,0.008177318700236712,3,True,False,-0.43423426335879917,1,True,CS_MAP
128372,6,bus,a photo of a bus,0.6986496090973703,all,,CS_POS3_SMART,0.9421601191157943,0.9798708545918368,0.9702187887008316,0.9943789664551224,0.9472047901433589,16545,16452,1,True,0.009736033737699797,1,True,False,0.24351051001842405,0,True,CS_MAP
128372,6,bus,a photo of a bus,0.6986496090973703,all,,CS_POS3_CASR,0.9421601191157943,0.9798708545918368,0.9702187887008316,0.9943789664551224,0.9472047901433589,16545,16452,1,True,0.009736033737699797,1,True,False,0.24351051001842405,0,True,CS_MAP
128372,1,person,a photo of a person,0.1299429874572406,all,,CS_POS3_SAM,0.7563451776649747,0.9856505102040817,0.861271676300578,0.954720205040581,0.7844857844857844,2341,2235,2,True,0.0012557555462536626,31,True,False,0.6264021902077341,0,True,CS_MAP
128372,1,person,a photo of a person,0.1299429874572406,all,,CS_POS3_SMART,0.7563451776649747,0.9856505102040817,0.861271676300578,0.954720205040581,0.7844857844857844,2341,2235,2,True,0.0012557555462536626,31,True,False,0.6264021902077341,0,True,CS_MAP
128372,1,person,a photo of a person,0.1299429874572406,all,,CS_POS3_CASR,0.7563451776649747,0.9856505102040817,0.861271676300578,0.954720205040581,0.7844857844857844,2341,2235,2,True,0.0012557555462536626,31,True,False,0.6264021902077341,0,True,CS_MAP
356424,44,bottle,a photo of a bottle,0.03634974838245866,all,,CS_POS3_SAM,0.2332375478927203,0.9680923150510204,0.378252427184466,0.2757644394110985,0.6019777503090235,1766,487,1263,False,0.36037574722459437,47,False,False,0.19688779951026164,1,True,CS_MAP
356424,44,bottle,a photo of a bottle,0.03634974838245866,all,,CS_POS3_SMART,0.2191780821917808,0.9500159438775511,0.3595505617977528,0.22658513035082073,0.8702101359703337,3107,704,2356,False,0.6280925778132482,47,False,True,0.18282833380932215,0,True,CS_MAP
356424,44,bottle,a photo of a bottle,0.03634974838245866,all,,CS_POS3_CASR,0.03634974838245866,0.5725645727040817,0.07014957728159549,0.03634974838245866,1.0,22256,809,13477,False,0.2147247461250668,67,False,False,0.0,0,False,CS_MAP
356424,47,cup,a photo of a cup,0.13836680299618584,all,,CS_POS3_SAM,0.5591309130913091,0.9680524553571429,0.717234080084671,0.7654367469879518,0.6747427812811152,2656,2033,37,True,0.0045823514008902855,67,True,False,0.42076411009512327,2,True,CS_MAP
356424,47,cup,a photo of a cup,0.13836680299618584,all,,CS_POS3_SMART,0.541697236488139,0.9626514668367347,0.7027284263959391,0.6730477058644789,0.7351476933289081,3291,2215,109,True,0.0050810549237841765,67,True,False,0.4033304334919531,1,True,CS_MAP
356424,47,cup,a photo of a cup,0.13836680299618584,all,,CS_POS3_CASR,0.13836680299618584,0.6263153698979592,0.24309704505086388,0.1383795211176984,0.9993362097577165,21759,3011,11805,False,0.13332419214772157,62,True,False,0.0,1,False,CS_MAP
61584,19,horse,a photo of a horse,0.06993646759847522,all,,CS_POS3_SAM,0.7826887661141805,0.9929448341836735,0.878099173553719,0.8438120450033091,0.9152907394113424,1511,1275,52,True,0.035859820700896494,1,True,False,0.7127522985157053,1,True,CS_MAP
61584,19,horse,a photo of a horse,0.06993646759847522,all,,CS_POS3_SMART,0.7826887661141805,0.9929448341836735,0.878099173553719,0.8438120450033091,0.9152907394113424,1511,1275,52,True,0.035859820700896494,1,True,False,0.7127522985157053,1,True,CS_MAP
61584,19,horse,a photo of a horse,0.06993646759847522,all,,CS_POS3_CASR,0.7826887661141805,0.9929448341836735,0.878099173553719,0.8438120450033091,0.9152907394113424,1511,1275,52,True,0.035859820700896494,1,True,False,0.7127522985157053,1,True,CS_MAP
61584,1,person,a photo of a person,0.10922733532791945,all,,CS_POS3_SAM,0.00010190217391304347,0.4133250956632653,0.00020378358183609007,0.00011053387863380126,0.0013032145960034753,27141,3,0,True,0.0,-1,True,False,-0.10912543315400641,0,True,CS_MAP
61584,1,person,a photo of a person,0.10922733532791945,all,,CS_POS3_SMART,3.669320808718306e-05,0.4568718112244898,7.338372349012989e-05,4.007694773966015e-05,0.0004344048653344917,24952,1,0,True,0.0,-1,True,False,-0.10919064211983227,1,True,CS_MAP
61584,1,person,a photo of a person,0.10922733532791945,all,,CS_POS3_CASR,0.10922733532791945,0.6261758609693877,0.19694310056942244,0.10923771075753978,0.9991311902693311,21055,2300,1238,True,0.04892294752581655,19,True,False,0.0,1,False,CS_MAP
250137,28,umbrella,a photo of a umbrella,0.424665223318098,all,,CS_POS3_SAM,0.7402446126965637,0.9644451530612245,0.8507362784471219,0.7839629915188897,0.9299432961404792,6485,5084,0,True,0.0,-1,True,False,0.31557938937846575,1,True,CS_MAP
250137,28,umbrella,a photo of a umbrella,0.424665223318098,all,,CS_POS3_SMART,0.7402446126965637,0.9644451530612245,0.8507362784471219,0.7839629915188897,0.9299432961404792,6485,5084,0,True,0.0,-1,True,False,0.31557938937846575,1,True,CS_MAP
250137,28,umbrella,a photo of a umbrella,0.424665223318098,all,,CS_POS3_CASR,0.7402446126965637,0.9644451530612245,0.8507362784471219,0.7839629915188897,0.9299432961404792,6485,5084,0,True,0.0,-1,True,False,0.31557938937846575,1,True,CS_MAP
250137,31,handbag,a photo of a handbag,0.30391531692386176,all,,CS_POS3_SAM,0.6197325769854133,0.9625916772959183,0.765228267667292,0.9986940907606922,0.620235198702352,3063,3059,3,True,0.002242233553940183,1,True,False,0.31581726006155153,1,True,CS_MAP
250137,31,handbag,a photo of a handbag,0.30391531692386176,all,,CS_POS3_SMART,0.30271095283087435,0.8087930484693877,0.4647400133898683,0.32058189655172414,0.8444849959448499,12992,4165,8763,False,0.3447413546727636,1,False,False,-0.0012043640929874089,0,True,CS_MAP
250137,31,handbag,a photo of a handbag,0.30391531692386176,all,,CS_POS3_CASR,0.30391531692386176,0.7824457908163265,0.4661580594679186,0.3071667955658675,0.9663422546634225,15516,4766,8802,False,0.23934709494276282,1,True,False,0.0,0,False,CS_MAP
184611,1,person,a photo of a person,0.26994527649769584,all,,CS_POS3_SAM,0.5803422982885086,0.9144810267857143,0.734451389318646,0.7352248791971255,0.733679525222552,8071,5934,2035,True,0.18787624980369574,2,True,False,0.31039702179081274,0,True,CS_MAP
184611,1,person,a photo of a person,0.26994527649769584,all,,CS_POS3_SMART,0.5803422982885086,0.9144810267857143,0.734451389318646,0.7352248791971255,0.733679525222552,8071,5934,2035,True,0.18787624980369574,2,True,False,0.31039702179081274,0,True,CS_MAP
184611,1,person,a photo of a person,0.26994527649769584,all,,CS_POS3_CASR,0.26994527649769584,0.5958625637755102,0.4251289901910756,0.27580372250423013,0.9270524233432246,27186,7498,10365,False,0.41297147492226577,2,False,False,0.0,0,False,CS_MAP
184611,2,bicycle,a photo of a bicycle,0.5441540441540441,all,,CS_POS3_SAM,0.6836797822321208,0.8980986926020408,0.8121256659930186,0.8774813403207877,0.7558306545379933,12594,11051,319,True,0.20467974474119593,33,True,False,0.13952573807807667,0,True,CS_MAP
184611,2,bicycle,a photo of a bicycle,0.5441540441540441,all,,CS_POS3_SMART,0.6836797822321208,0.8980986926020408,0.8121256659930186,0.8774813403207877,0.7558306545379933,12594,11051,319,True,0.20467974474119593,33,True,False,0.13952573807807667,0,True,CS_MAP
184611,2,bicycle,a photo of a bicycle,0.5441540441540441,all,,CS_POS3_CASR,0.6836797822321208,0.8980986926020408,0.8121256659930186,0.8774813403207877,0.7558306545379933,12594,11051,319,True,0.20467974474119593,33,True,False,0.13952573807807667,0,True,CS_MAP
4134,32,tie,a photo of a tie,0.05551654964894684,all,,CS_POS3_SAM,0.01726167124362495,0.9500757334183674,0.03393752410335519,0.029609690444145357,0.03974706413730804,1486,44,1442,False,0.04723007977624511,1,False,False,-0.03825487840532189,2,True,CS_MAP
4134,32,tie,a photo of a tie,0.05551654964894684,all,,CS_POS3_SMART,0.048286604361370715,0.6590401785714286,0.09212481426448738,0.04893724981676721,0.7841011743450768,17737,868,15053,False,0.4773443833888839,1,False,False,-0.007229945287576124,0,True,CS_MAP
4134,32,tie,a photo of a tie,0.05551654964894684,all,,CS_POS3_CASR,0.048286604361370715,0.6590401785714286,0.09212481426448738,0.04893724981676721,0.7841011743450768,17737,868,15053,False,0.4773443833888839,1,False,False,-0.007229945287576124,0,True,CS_MAP
4134,1,person,a photo of a person,0.755299800232565,all,,CS_POS3_SAM,0.3431889516635279,0.5829480229591837,0.5110062158246483,0.9649633748124614,0.3475193083939866,11331,10934,20,True,0.012048192771084338,67,True,False,-0.4121108485690371,0,True,CS_MAP
4134,1,person,a photo of a person,0.755299800232565,all,,CS_POS3_SMART,0.3431889516635279,0.5829480229591837,0.5110062158246483,0.9649633748124614,0.3475193083939866,11331,10934,20,True,0.012048192771084338,67,True,False,-0.4121108485690371,0,True,CS_MAP
4134,1,person,a photo of a person,0.755299800232565,all,,CS_POS3_CASR,0.755299800232565,0.8364357461734694,0.8605935010446569,0.9242556917688266,0.8051361917172551,27408,25332,8,True,0.017484388938447816,32,True,False,0.0,0,False,CS_MAP
213605,6,bus,a photo of a bus,0.6423370219597501,all,,CS_POS3_SAM,0.8288266919671095,0.9568518813775511,0.9064026630928191,0.9933668151236615,0.8334393385275879,10553,10483,0,True,0.010518336018193878,1,True,False,0.1864896700073594,1,True,CS_MAP
213605,6,bus,a photo of a bus,0.6423370219597501,all,,CS_POS3_SMART,0.8866724259797377,0.9712412308673469,0.9399325646255672,0.9864569681083443,0.8975989823501351,11445,11290,37,True,0.009698558322411533,1,True,False,0.24433540401998766,0,True,CS_MAP
213605,6,bus,a photo of a bus,0.6423370219597501,all,,CS_POS3_CASR,0.8866724259797377,0.9712412308673469,0.9399325646255672,0.9864569681083443,0.8975989823501351,11445,11290,37,True,0.009698558322411533,1,True,False,0.24433540401998766,0,True,CS_MAP
213605,3,car,a photo of a car,0.1657142857142857,all,,CS_POS3_SAM,0.9938628158844766,0.9996611926020408,0.9969219627014304,0.9981870920957215,0.9956600361663652,2758,2753,3,True,0.001960015680125441,6,True,False,0.8281485301701909,1,True,CS_MAP
213605,3,car,a photo of a car,0.1657142857142857,all,,CS_POS3_SMART,0.9938628158844766,0.9996611926020408,0.9969219627014304,0.9981870920957215,0.9956600361663652,2758,2753,3,True,0.001960015680125441,6,True,False,0.8281485301701909,1,True,CS_MAP
213605,3,car,a photo of a car,0.1657142857142857,all,,CS_POS3_CASR,0.9938628158844766,0.9996611926020408,0.9969219627014304,0.9981870920957215,0.9956600361663652,2758,2753,3,True,0.001960015680125441,6,True,False,0.8281485301701909,1,True,CS_MAP
375430,51,bowl,a photo of a bowl,0.0299356172752479,all,,CS_POS3_SAM,0.00383075047884381,0.8859813456632653,0.007632263660017346,0.004310344827586207,0.03328290468986384,5104,22,4730,False,0.19527429628107665,67,False,False,-0.02610486679640409,2,True,CS_MAP
375430,51,bowl,a photo of a bowl,0.0299356172752479,all,,CS_POS3_SMART,0.00383075047884381,0.8859813456632653,0.007632263660017346,0.004310344827586207,0.03328290468986384,5104,22,4730,False,0.19527429628107665,67,False,False,-0.02610486679640409,2,True,CS_MAP
375430,51,bowl,a photo of a bowl,0.0299356172752479,all,,CS_POS3_CASR,0.0299356172752479,0.5886080994897959,0.05813104581127943,0.02996941896024465,0.9636913767019667,21255,637,11621,False,0.2538687811740632,62,False,False,0.0,2,False,CS_MAP
375430,67,dining table,a photo of a dining table,0.15549569534674906,all,,CS_POS3_SAM,0.0005595786701777485,0.39487005739795916,0.0011185314340230945,0.0026504521359526035,0.000708835425092774,6414,17,60,False,0.004134794293983874,62,False,False,-0.1549361166765713,2,True,CS_MAP
375430,67,dining table,a photo of a dining table,0.15549569534674906,all,,CS_POS3_SMART,0.0007612203885268863,0.3459622130102041,0.0015212827456110992,0.0028140477262494374,0.0010424050369011383,8884,25,2541,False,0.17564677474991378,62,False,False,-0.15473447495822218,1,True,CS_MAP
375430,67,dining table,a photo of a dining table,0.15549569534674906,all,,CS_POS3_CASR,0.15549569534674906,0.36268335459183676,0.26914110709877953,0.2978099236255121,0.24550723429095608,19771,5888,7399,False,0.3559914546513886,62,False,False,0.0,1,False,CS_MAP
419408,15,bench,a photo of a bench,0.0702015734835436,all,,CS_POS3_SAM,0.5364727608494921,0.9799904336734694,0.6983173076923077,0.6448390677025527,0.7614678899082569,1802,1162,202,True,0.09682539682539683,41,True,False,0.4662711873659485,1,True,CS_MAP
419408,15,bench,a photo of a bench,0.0702015734835436,all,,CS_POS3_SMART,0.5364727608494921,0.9799904336734694,0.6983173076923077,0.6448390677025527,0.7614678899082569,1802,1162,202,True,0.09682539682539683,41,True,False,0.4662711873659485,1,True,CS_MAP
419408,15,bench,a photo of a bench,0.0702015734835436,all,,CS_POS3_CASR,0.5364727608494921,0.9799904336734694,0.6983173076923077,0.6448390677025527,0.7614678899082569,1802,1162,202,True,0.09682539682539683,41,True,False,0.4662711873659485,1,True,CS_MAP
419408,1,person,a photo of a person,0.1967504880009186,all,,CS_POS3_SAM,0.7186000564493367,0.9801299426020408,0.8362621120052554,0.9564237415477085,0.7429238400933761,2662,2546,11,True,0.005485087418580734,41,True,False,0.5218495684484181,0,True,CS_MAP
419408,1,person,a photo of a person,0.1967504880009186,all,,CS_POS3_SMART,0.7186000564493367,0.9801299426020408,0.8362621120052554,0.9564237415477085,0.7429238400933761,2662,2546,11,True,0.005485087418580734,41,True,False,0.5218495684484181,0,True,CS_MAP
419408,1,person,a photo of a person,0.1967504880009186,all,,CS_POS3_CASR,0.7186000564493367,0.9801299426020408,0.8362621120052554,0.9564237415477085,0.7429238400933761,2662,2546,11,True,0.005485087418580734,41,True,False,0.5218495684484181,0,True,CS_MAP
7281,1,person,a photo of a person,0.11202099262543547,all,,CS_POS3_SAM,0.0014611025979116923,0.4415656887755102,0.0029179417835029533,0.001600312256049961,0.016518936341659952,25620,41,10,True,0.0003428297164798245,19,True,False,-0.11055989002752377,0,True,CS_MAP
7281,1,person,a photo of a person,0.11202099262543547,all,,CS_POS3_SMART,3.9872408293460924e-05,0.5001793686224489,7.974163709580957e-05,4.424974556396301e-05,0.00040290088638195,22599,1,0,True,0.0,-1,True,False,-0.111981120217142,2,True,CS_MAP
7281,1,person,a photo of a person,0.11202099262543547,all,,CS_POS3_CASR,0.11202099262543547,0.6088368941326531,0.2014728019854347,0.11205140969362357,0.9975825946817083,22097,2476,1815,True,0.0766712828905955,19,True,False,0.0,2,False,CS_MAP
7281,19,horse,a photo of a horse,0.32410558263588707,all,,CS_POS3_SAM,0.7373993095512082,0.9772600446428571,0.8488541528679295,0.8030075187969925,0.9002528800224783,3990,3204,260,True,0.042861746696745084,1,True,False,0.4132937269153212,0,True,CS_MAP
7281,19,horse,a photo of a horse,0.32410558263588707,all,,CS_POS3_SMART,0.7373993095512082,0.9772600446428571,0.8488541528679295,0.8030075187969925,0.9002528800224783,3990,3204,260,True,0.042861746696745084,1,True,False,0.4132937269153212,0,True,CS_MAP
7281,19,horse,a photo of a horse,0.32410558263588707,all,,CS_POS3_CASR,0.7373993095512082,0.9772600446428571,0.8488541528679295,0.8030075187969925,0.9002528800224783,3990,3204,260,True,0.042861746696745084,1,True,False,0.4132937269153212,0,True,CS_MAP
367095,1,person,a photo of a person,0.5176325247079964,all,,CS_POS3_SAM,0.4778196275371417,0.9005301339285714,0.6466548672566371,0.9969438987120716,0.4785205364626991,4581,4567,0,True,0.0007323861139592793,62,True,False,-0.03981289717085468,2,True,CS_MAP
367095,1,person,a photo of a person,0.5176325247079964,all,,CS_POS3_SMART,0.8136208147610656,0.9641661352040817,0.8972336534064929,0.9870472837022133,0.8224015088013411,7952,7849,27,True,0.0055948174322732625,72,True,False,0.29598829005306926,0,True,CS_MAP
367095,1,person,a photo of a person,0.5176325247079964,all,,CS_POS3_CASR,0.8136208147610656,0.9641661352040817,0.8972336534064929,0.9870472837022133,0.8224015088013411,7952,7849,27,True,0.0055948174322732625,72,True,False,0.29598829005306926,0,True,CS_MAP
367095,72,tv,a photo of a tv,0.08769093307237374,all,,CS_POS3_SAM,0.4240924092409241,0.9513113839285714,0.5955967555040557,0.4799893276414087,0.7845617095508068,3748,1799,816,True,0.16930970149253732,73,True,False,0.3364014761685504,1,True,CS_MAP
367095,72,tv,a photo of a tv,0.08769093307237374,all,,CS_POS3_SMART,0.4240924092409241,0.9513113839285714,0.5955967555040557,0.4799893276414087,0.7845617095508068,3748,1799,816,True,0.16930970149253732,73,True,False,0.3364014761685504,1,True,CS_MAP
367095,72,tv,a photo of a tv,0.08769093307237374,all,,CS_POS3_CASR,0.4240924092409241,0.9513113839285714,0.5955967555040557,0.4799893276414087,0.7845617095508068,3748,1799,816,True,0.16930970149253732,73,True,False,0.3364014761685504,1,True,CS_MAP
434297,57,carrot,a photo of a carrot,0.16013884871275672,all,,CS_POS3_SAM,0.6654917166020444,0.981086575255102,0.7991534391534392,0.9647419519672968,0.6820809248554913,1957,1888,5,True,0.0015532774153463808,56,True,False,0.5053528678892877,2,True,CS_MAP
434297,57,carrot,a photo of a carrot,0.16013884871275672,all,,CS_POS3_SMART,0.8431778929188256,0.9909518494897959,0.9149175412293853,0.9505451713395638,0.881864161849711,2568,2441,8,True,0.0020904102430101905,56,True,False,0.6830390442060689,1,True,CS_MAP
434297,57,carrot,a photo of a carrot,0.16013884871275672,all,,CS_POS3_CASR,0.8431778929188256,0.9909518494897959,0.9149175412293853,0.9505451713395638,0.881864161849711,2568,2441,8,True,0.0020904102430101905,56,True,False,0.6830390442060689,1,True,CS_MAP
434297,54,sandwich,a photo of a sandwich,0.41324884792626726,all,,CS_POS3_SAM,0.24815549385164618,0.8111248405612245,0.3976355431259137,0.9475916388973038,0.2516087516087516,3301,3128,0,True,0.0,-1,True,False,-0.16509335407462108,2,True,CS_MAP
434297,54,sandwich,a photo of a sandwich,0.41324884792626726,all,,CS_POS3_SMART,0.3323313029032513,0.8317920918367347,0.4988718679491747,0.9526077097505669,0.3379182754182754,4410,4201,0,True,0.0,-1,True,False,-0.08091754502301596,1,True,CS_MAP
434297,54,sandwich,a photo of a sandwich,0.41324884792626726,all,,CS_POS3_CASR,0.3323313029032513,0.8317920918367347,0.4988718679491747,0.9526077097505669,0.3379182754182754,4410,4201,0,True,0.0,-1,True,False,-0.08091754502301596,1,True,CS_MAP
400573,60,donut,a photo of a donut,0.32867448151487827,all,,CS_POS3_SAM,0.9225840896956754,0.9942203443877551,0.959733407386837,0.9716052853528254,0.9481481481481482,3557,3456,15,True,0.003681297464281117,1,True,False,0.5939096081807971,1,True,CS_MAP
400573,60,donut,a photo of a donut,0.32867448151487827,all,,CS_POS3_SMART,0.9225840896956754,0.9942203443877551,0.959733407386837,0.9716052853528254,0.9481481481481482,3557,3456,15,True,0.003681297464281117,1,True,False,0.5939096081807971,1,True,CS_MAP
400573,60,donut,a photo of a donut,0.32867448151487827,all,,CS_POS3_CASR,0.9225840896956754,0.9942203443877551,0.959733407386837,0.9716052853528254,0.9481481481481482,3557,3456,15,True,0.003681297464281117,1,True,False,0.5939096081807971,1,True,CS_MAP
400573,1,person,a photo of a person,0.7030306357746788,all,,CS_POS3_SAM,0.451492011609231,0.6120455994897959,0.6221074701040534,0.9963932591256762,0.45223109706189496,16081,16023,0,True,0.00203190084323885,60,True,False,-0.2515386241654478,2,True,CS_MAP
400573,1,person,a photo of a person,0.7030306357746788,all,,CS_POS3_SMART,0.451492011609231,0.6120455994897959,0.6221074701040534,0.9963932591256762,0.45223109706189496,16081,16023,0,True,0.00203190084323885,60,True,False,-0.2515386241654478,2,True,CS_MAP
400573,1,person,a photo of a person,0.7030306357746788,all,,CS_POS3_CASR,0.451492011609231,0.6120455994897959,0.6221074701040534,0.9963932591256762,0.45223109706189496,16081,16023,0,True,0.00203190084323885,60,True,False,-0.2515386241654478,2,True,CS_MAP
368900,72,tv,a photo of a tv,0.17752053288495118,all,,CS_POS3_SAM,0.4766355140186916,0.9698660714285714,0.6455696202531646,1.0,0.4766355140186916,1377,1377,0,True,0.0,-1,True,False,0.2991149811337404,2,True,CS_MAP
368900,72,tv,a photo of a tv,0.17752053288495118,all,,CS_POS3_SMART,0.9142471303173532,0.9949378188775511,0.9552028218694886,0.9737504494786048,0.9373485635167879,2781,2708,0,True,0.0,-1,True,False,0.736726597432402,0,True,CS_MAP
368900,72,tv,a photo of a tv,0.17752053288495118,all,,CS_POS3_CASR,0.9142471303173532,0.9949378188775511,0.9552028218694886,0.9737504494786048,0.9373485635167879,2781,2708,0,True,0.0,-1,True,False,0.736726597432402,0,True,CS_MAP
368900,82,refrigerator,a photo of a refrigerator,0.03758650698271932,all,,CS_POS3_SAM,0.0,0.9094188456632653,0.0,0.0,0.0,3367,0,214,False,0.04024313561098302,62,False,False,-0.03758650698271932,2,True,CS_MAP
368900,82,refrigerator,a photo of a refrigerator,0.03758650698271932,all,,CS_POS3_SMART,0.0,0.8823142538265306,0.0,0.0,0.0,4727,0,1536,False,0.2236503856041131,72,False,False,-0.03758650698271932,1,True,CS_MAP
368900,82,refrigerator,a photo of a refrigerator,0.03758650698271932,all,,CS_POS3_CASR,0.03758650698271932,0.5371492346938775,0.07244987618819394,0.03801341156747695,0.7699490662139219,23860,907,2660,False,0.10725225598145542,72,False,False,0.0,1,False,CS_MAP
434204,15,bench,a photo of a bench,0.017914060923945936,all,,CS_POS3_SAM,0.0015313935681470138,0.7401147959183674,0.0030581039755351682,0.00164446637066272,0.02178649237472767,12162,20,3,True,0.00012997140629061605,1,True,False,-0.01638266735579892,1,True,CS_MAP
434204,15,bench,a photo of a bench,0.017914060923945936,all,,CS_POS3_SMART,0.0015313935681470138,0.7401147959183674,0.0030581039755351682,0.00164446637066272,0.02178649237472767,12162,20,3,True,0.00012997140629061605,1,True,False,-0.01638266735579892,1,True,CS_MAP
434204,15,bench,a photo of a bench,0.017914060923945936,all,,CS_POS3_CASR,0.0015313935681470138,0.7401147959183674,0.0030581039755351682,0.00164446637066272,0.02178649237472767,12162,20,3,True,0.00012997140629061605,1,True,False,-0.01638266735579892,1,True,CS_MAP
434204,1,person,a photo of a person,0.412215411558669,all,,CS_POS3_SAM,0.025940181220431402,0.5158043686224489,0.05056860369690101,0.04411564162007364,0.05923281149867252,14666,647,2,True,0.00013266118333775536,41,True,False,-0.3862752303382376,0,True,CS_MAP
434204,1,person,a photo of a person,0.412215411558669,all,,CS_POS3_SMART,0.025940181220431402,0.5158043686224489,0.05056860369690101,0.04411564162007364,0.05923281149867252,14666,647,2,True,0.00013266118333775536,41,True,False,-0.3862752303382376,0,True,CS_MAP
434204,1,person,a photo of a person,0.412215411558669,all,,CS_POS3_CASR,0.412215411558669,0.7324418048469388,0.5837854596186638,0.4413557097318582,0.8619426897372516,21332,9415,620,True,0.019027087824538384,41,True,False,0.0,0,False,CS_MAP
213593,3,car,a photo of a car,0.2161252314425181,all,,CS_POS3_SAM,0.4764505119453925,0.9694276147959183,0.6453999075358299,0.7940841865756542,0.543613707165109,1758,1396,0,True,0.0,-1,True,False,0.2603252805028744,1,True,CS_MAP
213593,3,car,a photo of a car,0.2161252314425181,all,,CS_POS3_SMART,0.5256827048114434,0.9709223533163265,0.6891114425740464,0.7609411764705882,0.6296728971962616,2125,1617,0,True,0.0,-1,True,False,0.3095574733689253,0,True,CS_MAP
213593,3,car,a photo of a car,0.2161252314425181,all,,CS_POS3_CASR,0.5256827048114434,0.9709223533163265,0.6891114425740464,0.7609411764705882,0.6296728971962616,2125,1617,0,True,0.0,-1,True,False,0.3095574733689253,0,True,CS_MAP
213593,13,stop sign,a photo of a stop sign,0.19648755780665053,all,,CS_POS3_SAM,0.9579261672095548,0.9969108737244898,0.9785110217662554,0.9716409691629956,0.9854789165037698,3632,3529,0,True,0.0,-1,True,False,0.7614386094029043,2,True,CS_MAP
213593,13,stop sign,a photo of a stop sign,0.19648755780665053,all,,CS_POS3_SMART,0.9549014312719417,0.9966717155612245,0.9769305152645393,0.9666484417714598,0.987433677743647,3658,3536,0,True,0.0,-1,True,False,0.7584138734652912,1,True,CS_MAP
213593,13,stop sign,a photo of a stop sign,0.19648755780665053,all,,CS_POS3_CASR,0.9549014312719417,0.9966717155612245,0.9769305152645393,0.9666484417714598,0.987433677743647,3658,3536,0,True,0.0,-1,True,False,0.7584138734652912,1,True,CS_MAP
60449,73,laptop,a photo of a laptop,0.2685127078757452,all,,CS_POS3_SAM,0.9588405797101449,0.9971699617346939,0.9789878662326132,0.9933933933933934,0.9649941656942824,3330,3308,4,True,0.0018072289156626507,67,True,False,0.6903278718343997,1,True,CS_MAP
60449,73,laptop,a photo of a laptop,0.2685127078757452,all,,CS_POS3_SMART,0.9588405797101449,0.9971699617346939,0.9789878662326132,0.9933933933933934,0.9649941656942824,3330,3308,4,True,0.0018072289156626507,67,True,False,0.6903278718343997,1,True,CS_MAP
60449,73,laptop,a photo of a laptop,0.2685127078757452,all,,CS_POS3_CASR,0.9588405797101449,0.9971699617346939,0.9789878662326132,0.9933933933933934,0.9649941656942824,3330,3308,4,True,0.0018072289156626507,67,True,False,0.6903278718343997,1,True,CS_MAP
60449,62,chair,a photo of a chair,0.06538436713354417,all,,CS_POS3_SAM,0.02099988068249612,0.8364756058673469,0.0411359121187332,0.023394922238468695,0.1702127659574468,7523,176,4623,False,0.4420595206742165,73,False,False,-0.044384486451048054,0,True,CS_MAP
60449,62,chair,a photo of a chair,0.06538436713354417,all,,CS_POS3_SMART,0.02099988068249612,0.8364756058673469,0.0411359121187332,0.023394922238468695,0.1702127659574468,7523,176,4623,False,0.4420595206742165,73,False,False,-0.044384486451048054,0,True,CS_MAP
60449,62,chair,a photo of a chair,0.06538436713354417,all,,CS_POS3_CASR,0.02099988068249612,0.8364756058673469,0.0411359121187332,0.023394922238468695,0.1702127659574468,7523,176,4623,False,0.4420595206742165,73,False,False,-0.044384486451048054,0,True,CS_MAP
119677,61,cake,a photo of a cake,0.2665760392913524,all,,CS_POS3_SAM,0.9587493861515797,0.9949776785714286,0.9789403309376566,0.9979553586641676,0.9606363785468263,5869,5857,0,True,0.0,-1,True,False,0.6921733468602274,1,True,CS_MAP
119677,61,cake,a photo of a cake,0.2665760392913524,all,,CS_POS3_SMART,0.2017925132248391,0.5278619260204082,0.3358192217113379,0.2025295052585303,0.9822863703460718,29571,5989,114,True,0.0037163814180929096,48,True,False,-0.06478352606651328,0,True,CS_MAP
119677,61,cake,a photo of a cake,0.2665760392913524,all,,CS_POS3_CASR,0.2665760392913524,0.6666733099489796,0.4209396530831285,0.26678662336522424,0.997047728391012,22786,6079,0,True,0.0,-1,True,False,0.0,0,False,CS_MAP
119677,48,fork,a photo of a fork,0.053409340057005046,all,,CS_POS3_SAM,0.7688603531300161,0.9942602040816326,0.8693284936479129,0.9716024340770791,0.7865353037766831,986,958,0,True,0.0,-1,True,False,0.7154510130730111,2,True,CS_MAP
119677,48,fork,a photo of a fork,0.053409340057005046,all,,CS_POS3_SMART,0.7932917316692668,0.9947185905612245,0.8847324923879948,0.940795559666975,0.8349753694581281,1081,1017,0,True,0.0,-1,True,False,0.7398823916122618,1,True,CS_MAP
119677,48,fork,a photo of a fork,0.053409340057005046,all,,CS_POS3_CASR,0.7932917316692668,0.9947185905612245,0.8847324923879948,0.940795559666975,0.8349753694581281,1081,1017,0,True,0.0,-1,True,False,0.7398823916122618,1,True,CS_MAP
16451,42,surfboard,a photo of a surfboard,0.12926829268292683,all,,CS_POS3_SAM,0.8765486725663717,0.9944395727040817,0.9342136288611177,0.889937106918239,0.9831265508684863,2226,1981,0,True,0.0,-1,True,False,0.7472803798834449,2,True,CS_MAP
16451,42,surfboard,a photo of a surfboard,0.12926829268292683,all,,CS_POS3_SMART,0.5097736625514403,0.9620137117346939,0.6752981260647359,0.5141374837872892,0.9836228287841191,3855,1982,0,True,0.0,-1,True,False,0.38050536986851347,1,True,CS_MAP
16451,42,surfboard,a photo of a surfboard,0.12926829268292683,all,,CS_POS3_CASR,0.5097736625514403,0.9620137117346939,0.6752981260647359,0.5141374837872892,0.9836228287841191,3855,1982,0,True,0.0,-1,True,False,0.38050536986851347,1,True,CS_MAP
16451,62,chair,a photo of a chair,0.06677753613918383,all,,CS_POS3_SAM,0.04316076294277929,0.8250358737244898,0.08274997387942744,0.04644071772018295,0.3793103448275862,8527,396,2,True,0.0001168907071887785,1,True,False,-0.02361677319640454,0,True,CS_MAP
16451,62,chair,a photo of a chair,0.06677753613918383,all,,CS_POS3_SMART,0.34044332915098285,0.9685706313775511,0.5079563182527301,0.3766774641369736,0.7796934865900383,2161,814,416,True,0.08597775969622999,31,True,False,0.27366579301179905,1,True,CS_MAP
16451,62,chair,a photo of a chair,0.06677753613918383,all,,CS_POS3_CASR,0.34044332915098285,0.9685706313775511,0.5079563182527301,0.3766774641369736,0.7796934865900383,2161,814,416,True,0.08597775969622999,31,True,False,0.27366579301179905,1,True,CS_MAP
578545,62,chair,a photo of a chair,0.12742553454455569,all,,CS_POS3_SAM,0.09149898407288458,0.7237523915816326,0.16765747913288898,0.0977727973105477,0.5877894736842105,14278,1396,75,True,0.002570131787608684,65,True,False,-0.035926550471671106,1,True,CS_MAP
578545,62,chair,a photo of a chair,0.12742553454455569,all,,CS_POS3_SMART,0.1216376582278481,0.7344746492346939,0.21689296420384413,0.1260418089902992,0.7768421052631579,14638,1845,226,True,0.006824917747505235,65,True,False,-0.005787876316707588,0,True,CS_MAP
578545,62,chair,a photo of a chair,0.12742553454455569,all,,CS_POS3_CASR,0.12742553454455569,0.7185905612244898,0.22604691953518966,0.12993887453525743,0.8682105263157894,15869,2062,9864,False,0.25176678445229683,65,False,False,0.0,0,False,CS_MAP
578545,1,person,a photo of a person,0.4562303082720702,all,,CS_POS3_SAM,0.0013157894736842105,0.6369579081632653,0.002628120893561104,0.0022837567799029405,0.003094777562862669,10509,24,1445,False,0.04653899987275735,65,False,False,-0.45491451879838596,2,True,CS_MAP
578545,1,person,a photo of a person,0.4562303082720702,all,,CS_POS3_SMART,0.0010188015189404463,0.5700733418367347,0.0020355292376017763,0.0015871870716398528,0.0028368794326241137,13861,22,1949,False,0.05390004942291479,65,False,False,-0.4552115067531297,1,True,CS_MAP
578545,1,person,a photo of a person,0.4562303082720702,all,,CS_POS3_CASR,0.4562303082720702,0.824577487244898,0.6265908705243509,0.4669026996269836,0.9522888459058672,15817,7385,6561,True,0.18773315095747325,65,True,False,0.0,1,False,CS_MAP
496954,55,orange,a photo of a orange,0.22565687789799072,all,,CS_POS3_SAM,0.6658889407372842,0.9857302295918368,0.7994397759103642,0.6763033175355451,0.9773972602739726,2110,1427,683,True,0.44012605042016806,51,True,False,0.4402320628392935,1,True,CS_MAP
496954,55,orange,a photo of a orange,0.22565687789799072,all,,CS_POS3_SMART,0.6658889407372842,0.9857302295918368,0.7994397759103642,0.6763033175355451,0.9773972602739726,2110,1427,683,True,0.44012605042016806,51,True,False,0.4402320628392935,1,True,CS_MAP
496954,55,orange,a photo of a orange,0.22565687789799072,all,,CS_POS3_CASR,0.6658889407372842,0.9857302295918368,0.7994397759103642,0.6763033175355451,0.9773972602739726,2110,1427,683,True,0.44012605042016806,51,True,False,0.4402320628392935,1,True,CS_MAP
496954,48,fork,a photo of a fork,0.06749193701384937,all,,CS_POS3_SAM,0.7046035805626598,0.9907924107142857,0.8267066766691673,0.8865647626709574,0.7744202389318342,1243,1102,0,True,0.00012925741614425127,61,True,False,0.6371116435488104,2,True,CS_MAP
496954,48,fork,a photo of a fork,0.06749193701384937,all,,CS_POS3_SMART,0.0899579866545844,0.7798349808673469,0.16506688836822614,0.09247967479674797,0.7673928320449754,11808,1092,12,True,0.0004610419548178884,61,True,False,0.022466049640735036,0,True,CS_MAP
496954,48,fork,a photo of a fork,0.06749193701384937,all,,CS_POS3_CASR,0.06749193701384937,0.6081592793367347,0.12644954902919092,0.06749193701384937,1.0,21084,1423,1984,False,0.05793541429512911,61,True,False,0.0,0,False,CS_MAP
397133,67,dining table,a photo of a dining table,0.3076923076923077,all,,CS_POS3_SAM,0.5975006742785219,0.910774075255102,0.7480443468962801,0.9834270494229062,0.6035782399418763,6758,6646,0,True,0.002955665024630542,51,True,False,0.2898083665862142,0,True,CS_MAP
397133,67,dining table,a photo of a dining table,0.3076923076923077,all,,CS_POS3_SMART,0.5975006742785219,0.910774075255102,0.7480443468962801,0.9834270494229062,0.6035782399418763,6758,6646,0,True,0.002955665024630542,51,True,False,0.2898083665862142,0,True,CS_MAP
397133,67,dining table,a photo of a dining table,0.3076923076923077,all,,CS_POS3_CASR,0.3076923076923077,0.6093351403061225,0.47058823529411764,0.33488372093023255,0.7912087912087912,26015,8712,2235,True,0.05616907844630617,79,True,False,0.0,0,False,CS_MAP
397133,1,person,a photo of a person,0.30699282786885246,all,,CS_POS3_SAM,0.9290992610345516,0.9929249043367347,0.9632467129102391,0.9568078979843686,0.9697727746508235,4862,4652,0,True,0.0,-1,True,False,0.6221064331656991,0,True,CS_MAP
397133,1,person,a photo of a person,0.30699282786885246,all,,CS_POS3_SMART,0.9290992610345516,0.9929249043367347,0.9632467129102391,0.9568078979843686,0.9697727746508235,4862,4652,0,True,0.0,-1,True,False,0.6221064331656991,0,True,CS_MAP
397133,1,person,a photo of a person,0.30699282786885246,all,,CS_POS3_CASR,0.9290992610345516,0.9929249043367347,0.9632467129102391,0.9568078979843686,0.9697727746508235,4862,4652,0,True,0.0,-1,True,False,0.6221064331656991,0,True,CS_MAP
121586,84,book,a photo of a book,0.2818255100142618,all,,CS_POS3_SAM,0.2877785515320334,0.9184669961734694,0.44693794781668245,0.5882562277580071,0.3603662524525834,2810,1653,0,True,0.0,-1,True,False,0.005953041517771596,0,True,CS_MAP
121586,84,book,a photo of a book,0.2818255100142618,all,,CS_POS3_SMART,0.2877785515320334,0.9184669961734694,0.44693794781668245,0.5882562277580071,0.3603662524525834,2810,1653,0,True,0.0,-1,True,False,0.005953041517771596,0,True,CS_MAP
121586,84,book,a photo of a book,0.2818255100142618,all,,CS_POS3_CASR,0.2877785515320334,0.9184669961734694,0.44693794781668245,0.5882562277580071,0.3603662524525834,2810,1653,0,True,0.0,-1,True,False,0.005953041517771596,0,True,CS_MAP
121586,72,tv,a photo of a tv,0.3243302914336179,all,,CS_POS3_SAM,0.916204024982651,0.9903738839285714,0.9562698053417836,0.9943513462624741,0.9209975584234391,5311,5281,0,True,0.050406203840472674,17,True,False,0.591873733549033,1,True,CS_MAP
121586,72,tv,a photo of a tv,0.3243302914336179,all,,CS_POS3_SMART,0.950727117194183,0.9942602040816326,0.9747412734607963,0.9804163726182075,0.9691314963376352,5668,5557,0,True,0.06669019054340156,17,True,False,0.6263968257605651,0,True,CS_MAP
121586,72,tv,a photo of a tv,0.3243302914336179,all,,CS_POS3_CASR,0.950727117194183,0.9942602040816326,0.9747412734607963,0.9804163726182075,0.9691314963376352,5668,5557,0,True,0.06669019054340156,17,True,False,0.6263968257605651,0,True,CS_MAP
27768,1,person,a photo of a person,0.02971497877501516,all,,CS_POS3_SAM,0.15585911784068465,0.8977798150510204,0.26968531966396125,0.15614179719703214,0.988517745302714,6065,947,5118,False,0.2177737881508079,6,False,False,0.12614413906566949,2,True,CS_MAP
27768,1,person,a photo of a person,0.02971497877501516,all,,CS_POS3_SMART,0.034181325150747496,0.4605189732142857,0.06610315680524409,0.034181325150747496,1.0,28027,958,26196,False,0.943953520734762,6,False,True,0.004466346375732337,0,True,CS_MAP
27768,1,person,a photo of a person,0.02971497877501516,all,,CS_POS3_CASR,0.02971497877501516,0.45790816326530615,0.05771495877502945,0.029848072237351298,0.8695198329853863,27908,833,18127,False,0.5035189429688554,6,False,True,0.0,0,False,CS_MAP
27768,6,bus,a photo of a bus,0.7782846715328468,all,,CS_POS3_SAM,0.7266413425558453,0.8078164859693877,0.8416818532564974,0.7753713058471218,0.9203949730700179,33059,25633,0,True,0.02841853856153823,1,True,False,-0.05164332897700141,0,True,CS_MAP
27768,6,bus,a photo of a bus,0.7782846715328468,all,,CS_POS3_SMART,0.9137232194557036,0.9495176977040817,0.9549167927382753,0.9467443091582848,0.9632315978456014,28335,26826,0,True,0.033809775895535556,1,True,False,0.1354385479228568,1,True,CS_MAP
27768,6,bus,a photo of a bus,0.7782846715328468,all,,CS_POS3_CASR,0.9137232194557036,0.9495176977040817,0.9549167927382753,0.9467443091582848,0.9632315978456014,28335,26826,0,True,0.033809775895535556,1,True,False,0.1354385479228568,1,True,CS_MAP
492905,76,keyboard,a photo of a keyboard,0.03180332666699186,all,,CS_POS3_SAM,0.39598278335724535,0.9832190688775511,0.5673175745118191,0.4265842349304482,0.8466257668711656,1294,552,102,True,0.07418856259659969,74,True,False,0.3641794566902535,2,True,CS_MAP
492905,76,keyboard,a photo of a keyboard,0.03180332666699186,all,,CS_POS3_SMART,0.33762434172030426,0.9774394132653061,0.5048118985126859,0.35312117503059975,0.8849693251533742,1634,577,259,True,0.0587515299877601,74,True,False,0.3058210150533124,1,True,CS_MAP
492905,76,keyboard,a photo of a keyboard,0.03180332666699186,all,,CS_POS3_CASR,0.33762434172030426,0.9774394132653061,0.5048118985126859,0.35312117503059975,0.8849693251533742,1634,577,259,True,0.0587515299877601,74,True,False,0.3058210150533124,1,True,CS_MAP
492905,72,tv,a photo of a tv,0.10738789783542119,all,,CS_POS3_SAM,0.002769699487605595,0.8564851721938775,0.005524098881369977,0.00555247084952804,0.005496015388843089,3602,20,565,False,0.13956603268148943,76,False,False,-0.10461819834781559,1,True,CS_MAP
492905,72,tv,a photo of a tv,0.10738789783542119,all,,CS_POS3_SMART,0.0056510477984459614,0.7475087691326531,0.011238585811285413,0.007848266841072597,0.01978565539983512,9174,72,657,False,0.06181110870974714,76,False,False,-0.10173685003697522,0,True,CS_MAP
492905,72,tv,a photo of a tv,0.10738789783542119,all,,CS_POS3_CASR,0.10738789783542119,0.5981146364795918,0.19394811528160852,0.11348114884460661,0.6666666666666666,21378,2426,737,True,0.030498643465244644,76,True,False,0.0,0,False,CS_MAP
178028,81,sink,a photo of a sink,0.1422767343809889,all,,CS_POS3_SAM,0.172807881773399,0.6653380102040817,0.29469086021505375,0.17456210191082802,0.9450431034482759,20096,3508,71,True,0.003460038986354776,46,True,False,0.030531147392410113,0,True,CS_MAP
178028,81,sink,a photo of a sink,0.1422767343809889,all,,CS_POS3_SMART,0.172807881773399,0.6653380102040817,0.29469086021505375,0.17456210191082802,0.9450431034482759,20096,3508,71,True,0.003460038986354776,46,True,False,0.030531147392410113,0,True,CS_MAP
178028,81,sink,a photo of a sink,0.1422767343809889,all,,CS_POS3_CASR,0.1422767343809889,0.5540098852040817,0.24911079793302462,0.1422767343809889,1.0,26090,3712,808,True,0.01862551315189296,47,True,False,0.0,0,False,CS_MAP
178028,47,cup,a photo of a cup,0.031479258370014675,all,,CS_POS3_SAM,0.0,0.8785275829081632,0.0,0.0,0.0,5387,0,95,False,0.017275868339698127,89,False,False,-0.031479258370014675,1,True,CS_MAP
178028,47,cup,a photo of a cup,0.031479258370014675,all,,CS_POS3_SMART,0.0,0.8785275829081632,0.0,0.0,0.0,5387,0,95,False,0.017275868339698127,89,False,False,-0.031479258370014675,1,True,CS_MAP
178028,47,cup,a photo of a cup,0.031479258370014675,all,,CS_POS3_CASR,0.031479258370014675,0.5658681441326531,0.06103711366869262,0.031479258370014675,1.0,22491,708,4187,False,0.16494020361890366,81,False,False,0.0,1,False,CS_MAP
521717,62,chair,a photo of a chair,0.024582627631260585,all,,CS_POS3_SAM,0.010832932113625422,0.6724330357142857,0.021433674684448678,0.011051080550098232,0.3543307086614173,16288,180,63,True,0.0030215827338129497,1,True,False,-0.013749695517635163,0,True,CS_MAP
521717,62,chair,a photo of a chair,0.024582627631260585,all,,CS_POS3_SMART,0.26878980891719745,0.9771205357142857,0.42369477911646586,0.284366576819407,0.8307086614173228,1484,422,49,True,0.008085808580858085,1,True,False,0.24420718128593685,1,True,CS_MAP
521717,62,chair,a photo of a chair,0.024582627631260585,all,,CS_POS3_CASR,0.26878980891719745,0.9771205357142857,0.42369477911646586,0.284366576819407,0.8307086614173228,1484,422,49,True,0.008085808580858085,1,True,False,0.24420718128593685,1,True,CS_MAP
521717,1,person,a photo of a person,0.23870633893919793,all,,CS_POS3_SAM,0.001011999421714616,0.4491390306122449,0.002021952628538417,0.0012136448355077804,0.006054054054054054,23071,28,0,True,0.0,-1,True,False,-0.2376943395174833,0,True,CS_MAP
521717,1,person,a photo of a person,0.23870633893919793,all,,CS_POS3_SMART,0.0011214041930765481,0.5916972257653061,0.002240296108703063,0.0014458134272064371,0.004972972972972973,15908,23,0,True,0.0,-1,True,False,-0.23758493474612138,2,True,CS_MAP
521717,1,person,a photo of a person,0.23870633893919793,all,,CS_POS3_CASR,0.23870633893919793,0.7067920918367347,0.38541231514746427,0.23885465748459586,0.9974054054054055,19313,4613,536,True,0.023124967738605274,62,True,False,0.0,2,False,CS_MAP
11511,15,bench,a photo of a bench,0.27461261176911195,all,,CS_POS3_SAM,0.6823229291716687,0.9578085140306123,0.8111676032468111,0.8920933882676084,0.7437029767746156,5097,4547,0,True,0.0,-1,True,False,0.40771031740255675,2,True,CS_MAP
11511,15,bench,a photo of a bench,0.27461261176911195,all,,CS_POS3_SMART,0.8503832547169812,0.9797712053571429,0.9191428343822194,0.8959465755552104,0.9435721295387635,6439,5769,0,True,0.0,-1,True,False,0.5757706429478693,1,True,CS_MAP
11511,15,bench,a photo of a bench,0.27461261176911195,all,,CS_POS3_CASR,0.8503832547169812,0.9797712053571429,0.9191428343822194,0.8959465755552104,0.9435721295387635,6439,5769,0,True,0.0,-1,True,False,0.5757706429478693,1,True,CS_MAP
11511,31,handbag,a photo of a handbag,0.10333668605413915,all,,CS_POS3_SAM,0.8241388241388241,0.9864676339285714,0.9035922192247622,0.8514851485148515,0.9624924379915305,3737,3182,0,True,0.0,-1,True,False,0.720802138084685,1,True,CS_MAP
11511,31,handbag,a photo of a handbag,0.10333668605413915,all,,CS_POS3_SMART,0.8241388241388241,0.9864676339285714,0.9035922192247622,0.8514851485148515,0.9624924379915305,3737,3182,0,True,0.0,-1,True,False,0.720802138084685,1,True,CS_MAP
11511,31,handbag,a photo of a handbag,0.10333668605413915,all,,CS_POS3_CASR,0.8241388241388241,0.9864676339285714,0.9035922192247622,0.8514851485148515,0.9624924379915305,3737,3182,0,True,0.0,-1,True,False,0.720802138084685,1,True,CS_MAP
572462,27,backpack,a photo of a backpack,0.05391017470195696,all,,CS_POS3_SAM,0.31499840102334503,0.9573102678571429,0.4790856031128405,0.3745247148288973,0.664642375168691,2630,985,581,True,0.15953369530501438,1,True,False,0.26108822632138806,0,True,CS_MAP
572462,27,backpack,a photo of a backpack,0.05391017470195696,all,,CS_POS3_SMART,0.32158273381294966,0.9624123086734694,0.48666303756124113,0.40784671532846717,0.6032388663967612,2192,894,370,True,0.11395918367346938,1,True,False,0.2676725591109927,1,True,CS_MAP
572462,27,backpack,a photo of a backpack,0.05391017470195696,all,,CS_POS3_CASR,0.05391017470195696,0.49705038265306123,0.10230506545247581,0.05399924896733008,0.970310391363023,26630,1438,10858,False,0.2416842391674036,7,False,False,0.0,1,False,CS_MAP
572462,15,bench,a photo of a bench,0.02607123333753837,all,,CS_POS3_SAM,0.002705749718151071,0.9118502869897959,0.005396896784348999,0.0032423669278573357,0.0160857908847185,3701,12,1962,False,0.21666666666666667,27,False,False,-0.0233654836193873,1,True,CS_MAP
572462,15,bench,a photo of a bench,0.02607123333753837,all,,CS_POS3_SMART,0.013359555133595552,0.7100406568877551,0.02636686073746905,0.01387617102204691,0.2640750670241287,14197,197,483,False,0.02142895893234959,1,False,False,-0.01271167820394282,0,True,CS_MAP
572462,15,bench,a photo of a bench,0.02607123333753837,all,,CS_POS3_CASR,0.02607123333753837,0.5384048150510204,0.05081758944305561,0.02621010357218347,0.8310991957104558,23655,620,8427,False,0.22615913412315344,7,False,False,0.0,0,False,CS_MAP
414510,3,car,a photo of a car,0.16993307839388144,all,,CS_POS3_SAM,0.6349163518618457,0.9730349170918368,0.7766958243934643,0.961585615038823,0.6514396456256921,2447,2353,52,True,0.006480814730994754,8,True,False,0.46498327346796425,0,True,CS_MAP
414510,3,car,a photo of a car,0.16993307839388144,all,,CS_POS3_SMART,0.6349163518618457,0.9730349170918368,0.7766958243934643,0.961585615038823,0.6514396456256921,2447,2353,52,True,0.006480814730994754,8,True,False,0.46498327346796425,0,True,CS_MAP
414510,3,car,a photo of a car,0.16993307839388144,all,,CS_POS3_CASR,0.6349163518618457,0.9730349170918368,0.7766958243934643,0.961585615038823,0.6514396456256921,2447,2353,52,True,0.006480814730994754,8,True,False,0.46498327346796425,0,True,CS_MAP
414510,8,truck,a photo of a truck,0.2527921975774737,all,,CS_POS3_SAM,0.9113045844102843,0.9870057397959183,0.9535943060498221,0.9979144942648592,0.9130434782608695,6713,6699,0,True,0.0,-1,True,False,0.6585123868328107,1,True,CS_MAP
414510,8,truck,a photo of a truck,0.2527921975774737,all,,CS_POS3_SMART,0.9309281115879828,0.9897361288265306,0.9642286587483504,0.9831444759206799,0.9460269865067467,7060,6941,106,True,0.010414694186707063,3,True,False,0.6781359140105092,0,True,CS_MAP
414510,8,truck,a photo of a truck,0.2527921975774737,all,,CS_POS3_CASR,0.9309281115879828,0.9897361288265306,0.9642286587483504,0.9831444759206799,0.9460269865067467,7060,6941,106,True,0.010414694186707063,3,True,False,0.6781359140105092,0,True,CS_MAP
60823,1,person,a photo of a person,0.10107926718664974,all,,CS_POS3_SAM,0.23009791400595997,0.9279137436224489,0.3741131683682298,0.3312902237205026,0.4296502384737679,3263,1081,74,True,0.016396642592231114,16,True,False,0.12901864681931025,0,True,CS_MAP
60823,1,person,a photo of a person,0.10107926718664974,all,,CS_POS3_SMART,0.23009791400595997,0.9279137436224489,0.3741131683682298,0.3312902237205026,0.4296502384737679,3263,1081,74,True,0.016396642592231114,16,True,False,0.12901864681931025,0,True,CS_MAP
60823,1,person,a photo of a person,0.10107926718664974,all,,CS_POS3_CASR,0.10107926718664974,0.6049306441326531,0.18360034594950786,0.10241212956581668,0.8859300476947536,21765,2229,4035,False,0.1271196085125754,21,False,False,0.0,0,False,CS_MAP
60823,21,cow,a photo of a cow,0.5361646615451515,all,,CS_POS3_SAM,0.816529534569569,0.9702248086734694,0.8989994591671173,0.9713659605551498,0.8366679250031458,6845,6649,0,True,0.0003414523104939677,16,True,False,0.2803648730244175,0,True,CS_MAP
60823,21,cow,a photo of a cow,0.5361646615451515,all,,CS_POS3_SMART,0.816529534569569,0.9702248086734694,0.8989994591671173,0.9713659605551498,0.8366679250031458,6845,6649,0,True,0.0003414523104939677,16,True,False,0.2803648730244175,0,True,CS_MAP
60823,21,cow,a photo of a cow,0.5361646615451515,all,,CS_POS3_CASR,0.816529534569569,0.9702248086734694,0.8989994591671173,0.9713659605551498,0.8366679250031458,6845,6649,0,True,0.0003414523104939677,16,True,False,0.2803648730244175,0,True,CS_MAP
424162,18,dog,a photo of a dog,0.31308198955257777,all,,CS_POS3_SAM,0.9024040186580553,0.9945790816326531,0.9486986043002641,0.9882121807465619,0.9122234312658687,2545,2515,0,True,0.0,-1,True,False,0.5893220291054775,1,True,CS_MAP
424162,18,dog,a photo of a dog,0.31308198955257777,all,,CS_POS3_SMART,0.9024040186580553,0.9945790816326531,0.9486986043002641,0.9882121807465619,0.9122234312658687,2545,2515,0,True,0.0,-1,True,False,0.5893220291054775,1,True,CS_MAP
424162,18,dog,a photo of a dog,0.31308198955257777,all,,CS_POS3_CASR,0.9024040186580553,0.9945790816326531,0.9486986043002641,0.9882121807465619,0.9122234312658687,2545,2515,0,True,0.0,-1,True,False,0.5893220291054775,1,True,CS_MAP
424162,1,person,a photo of a person,0.2259141830479814,all,,CS_POS3_SAM,0.30962017434620176,0.9116111288265306,0.4728396529181029,0.9866071428571429,0.31092699702985777,2016,1989,2,True,0.012968967114404817,27,True,False,0.08370599129822037,1,True,CS_MAP
424162,1,person,a photo of a person,0.2259141830479814,all,,CS_POS3_SMART,0.7771067011791775,0.969108737244898,0.8745751739763716,0.906559302130515,0.8447709863998749,5961,5404,121,True,0.025881470367591898,2,True,False,0.5511925181311961,0,True,CS_MAP
424162,1,person,a photo of a person,0.2259141830479814,all,,CS_POS3_CASR,0.2259141830479814,0.6350645727040817,0.36856443325631916,0.23643925316343686,0.8353915898077223,22602,5344,5249,True,0.08076201841118309,18,True,False,0.0,0,False,CS_MAP
555597,14,parking meter,a photo of a parking meter,0.023532089212562585,all,,CS_POS3_SAM,0.0,0.9586854272959183,0.0,0.0,0.0,1503,0,1481,False,0.4857142857142857,8,False,False,-0.023532089212562585,1,True,CS_MAP
555597,14,parking meter,a photo of a parking meter,0.023532089212562585,all,,CS_POS3_SMART,0.0,0.9586854272959183,0.0,0.0,0.0,1503,0,1481,False,0.4857142857142857,8,False,False,-0.023532089212562585,1,True,CS_MAP
555597,14,parking meter,a photo of a parking meter,0.023532089212562585,all,,CS_POS3_CASR,0.0,0.9586854272959183,0.0,0.0,0.0,1503,0,1481,False,0.4857142857142857,8,False,False,-0.023532089212562585,1,True,CS_MAP
555597,8,truck,a photo of a truck,0.10393865458347856,all,,CS_POS3_SAM,0.24698640677096692,0.9414859693877551,0.39613327848621965,0.29676425269645607,0.5955473098330241,3245,963,2278,False,0.2962335462009644,3,False,False,0.14304775218748836,1,True,CS_MAP
555597,8,truck,a photo of a truck,0.10393865458347856,all,,CS_POS3_SMART,0.2591093117408907,0.9234095982142857,0.4115755627009646,0.27350427350427353,0.8311688311688312,4914,1344,3229,False,0.3096177697598376,3,False,False,0.15517065715741213,0,True,CS_MAP
555597,8,truck,a photo of a truck,0.10393865458347856,all,,CS_POS3_CASR,0.2591093117408907,0.9234095982142857,0.4115755627009646,0.27350427350427353,0.8311688311688312,4914,1344,3229,False,0.3096177697598376,3,False,False,0.15517065715741213,0,True,CS_MAP
193245,1,person,a photo of a person,0.26968523988998677,all,,CS_POS3_SAM,0.6360935759376161,0.9609375,0.7775760326827054,0.9833524684270953,0.6430180180180181,3484,3426,0,True,0.0,-1,True,False,0.3664083360476293,0,True,CS_MAP
193245,1,person,a photo of a person,0.26968523988998677,all,,CS_POS3_SMART,0.6360935759376161,0.9609375,0.7775760326827054,0.9833524684270953,0.6430180180180181,3484,3426,0,True,0.0,-1,True,False,0.3664083360476293,0,True,CS_MAP
193245,1,person,a photo of a person,0.26968523988998677,all,,CS_POS3_CASR,0.6360935759376161,0.9609375,0.7775760326827054,0.9833524684270953,0.6430180180180181,3484,3426,0,True,0.0,-1,True,False,0.3664083360476293,0,True,CS_MAP
193245,38,kite,a photo of a kite,0.043459029083268826,all,,CS_POS3_SAM,0.01628068091844814,0.6038145727040817,0.032039733164532305,0.016657384436231076,0.41857506361323155,19751,329,0,True,0.0,-1,True,False,-0.027178348164820686,0,True,CS_MAP
193245,38,kite,a photo of a kite,0.043459029083268826,all,,CS_POS3_SMART,0.01628068091844814,0.6038145727040817,0.032039733164532305,0.016657384436231076,0.41857506361323155,19751,329,0,True,0.0,-1,True,False,-0.027178348164820686,0,True,CS_MAP
193245,38,kite,a photo of a kite,0.043459029083268826,all,,CS_POS3_CASR,0.01628068091844814,0.6038145727040817,0.032039733164532305,0.016657384436231076,0.41857506361323155,19751,329,0,True,0.0,-1,True,False,-0.027178348164820686,0,True,CS_MAP
457078,72,tv,a photo of a tv,0.12119482496194825,all,,CS_POS3_SAM,0.7902516979624451,0.9895368303571429,0.8828386520865878,0.8014586709886548,0.9826130153999006,2468,1978,5,True,0.0017117425539198905,75,True,False,0.6690568730004969,1,True,CS_MAP
457078,72,tv,a photo of a tv,0.12119482496194825,all,,CS_POS3_SMART,0.7902516979624451,0.9895368303571429,0.8828386520865878,0.8014586709886548,0.9826130153999006,2468,1978,5,True,0.0017117425539198905,75,True,False,0.6690568730004969,1,True,CS_MAP
457078,72,tv,a photo of a tv,0.12119482496194825,all,,CS_POS3_CASR,0.12119482496194825,0.7238321109693877,0.216188698455795,0.12198391420911528,0.9493293591654247,15666,1911,866,True,0.02031259887363159,75,True,False,0.0,1,False,CS_MAP
457078,1,person,a photo of a person,0.11474424475566508,all,,CS_POS3_SAM,0.18007662835249041,0.8294005102040817,0.3051948051948052,0.18068236424795772,0.9817232375979112,10405,1880,0,True,0.0,-1,True,False,0.06533238359682533,0,True,CS_MAP
457078,1,person,a photo of a person,0.11474424475566508,all,,CS_POS3_SMART,0.18007662835249041,0.8294005102040817,0.3051948051948052,0.18068236424795772,0.9817232375979112,10405,1880,0,True,0.0,-1,True,False,0.06533238359682533,0,True,CS_MAP
457078,1,person,a photo of a person,0.11474424475566508,all,,CS_POS3_CASR,0.11474424475566508,0.7064732142857143,0.20586649412272187,0.11478564127232277,0.9968668407310705,16631,1909,791,True,0.019589872837667544,84,True,False,0.0,0,False,CS_MAP
154718,1,person,a photo of a person,0.3419479974837492,all,,CS_POS3_SAM,0.7514320168827253,0.9671356823979592,0.8580772872019967,0.9975985591354813,0.7527937179099969,4997,4985,0,True,9.267411148695612e-05,70,True,False,0.4094840193989761,1,True,CS_MAP
154718,1,person,a photo of a person,0.3419479974837492,all,,CS_POS3_SMART,0.8158012868472243,0.9754663584183674,0.8985578903996704,0.9889352439688011,0.8233162186650559,5513,5452,0,True,0.00022630578437584864,70,True,False,0.4738532893634751,0,True,CS_MAP
154718,1,person,a photo of a person,0.3419479974837492,all,,CS_POS3_CASR,0.3419479974837492,0.7498206313775511,0.5096292823938435,0.3437318859672235,0.9850498338870431,18977,6523,6866,False,0.23964723926380369,70,True,False,0.0,0,False,CS_MAP
154718,70,toilet,a photo of a toilet,0.4286409623474603,all,,CS_POS3_SAM,0.2114924659172447,0.7371851084183674,0.34914367504071864,0.9624489795918367,0.2132521403593392,3675,3537,0,True,0.0003886136209074128,1,True,False,-0.2171484964302156,2,True,CS_MAP
154718,70,toilet,a photo of a toilet,0.4286409623474603,all,,CS_POS3_SMART,0.7604667526679958,0.918586575255102,0.8639376478033508,0.9651707970529136,0.7819245146509104,13437,12969,0,True,9.971580994166626e-05,1,True,False,0.3318257903205355,0,True,CS_MAP
154718,70,toilet,a photo of a toilet,0.4286409623474603,all,,CS_POS3_CASR,0.7604667526679958,0.918586575255102,0.8639376478033508,0.9651707970529136,0.7819245146509104,13437,12969,0,True,9.971580994166626e-05,1,True,False,0.3318257903205355,0,True,CS_MAP
263068,1,person,a photo of a person,0.11058790619609306,all,,CS_POS3_SAM,0.8390756302521009,0.9923668686224489,0.9124971441626685,0.9960099750623441,0.8419055649241147,2005,1997,0,True,0.0011857707509881424,41,True,False,0.7284877240560078,1,True,CS_MAP
263068,1,person,a photo of a person,0.11058790619609306,all,,CS_POS3_SMART,0.8390756302521009,0.9923668686224489,0.9124971441626685,0.9960099750623441,0.8419055649241147,2005,1997,0,True,0.0011857707509881424,41,True,False,0.7284877240560078,1,True,CS_MAP
263068,1,person,a photo of a person,0.11058790619609306,all,,CS_POS3_CASR,0.8390756302521009,0.9923668686224489,0.9124971441626685,0.9960099750623441,0.8419055649241147,2005,1997,0,True,0.0011857707509881424,41,True,False,0.7284877240560078,1,True,CS_MAP
263068,41,skateboard,a photo of a skateboard,0.020257826887661142,all,,CS_POS3_SAM,0.0,0.6687260841836735,0.0,0.0,0.0,16094,0,0,False,0.0,-1,False,False,-0.020257826887661142,2,True,CS_MAP
263068,41,skateboard,a photo of a skateboard,0.020257826887661142,all,,CS_POS3_SMART,0.0,0.5644132653061225,0.0,0.0,0.0,21328,0,0,False,0.0,-1,False,False,-0.020257826887661142,0,True,CS_MAP
263068,41,skateboard,a photo of a skateboard,0.020257826887661142,all,,CS_POS3_CASR,0.020257826887661142,0.49107142857142855,0.039711191335740074,0.020257826887661142,1.0,26064,528,1937,False,0.07394818339753757,1,False,False,0.0,0,False,CS_MAP
214224,44,bottle,a photo of a bottle,0.2725046333068573,all,,CS_POS3_SAM,0.28142011834319525,0.9394929846938775,0.43923162172146285,0.926734216679657,0.2878237714839022,1283,1189,0,True,0.0,-1,True,False,0.008915485036337933,1,True,CS_MAP
214224,44,bottle,a photo of a bottle,0.2725046333068573,all,,CS_POS3_SMART,0.28142011834319525,0.9394929846938775,0.43923162172146285,0.926734216679657,0.2878237714839022,1283,1189,0,True,0.0,-1,True,False,0.008915485036337933,1,True,CS_MAP
214224,44,bottle,a photo of a bottle,0.2725046333068573,all,,CS_POS3_CASR,0.28142011834319525,0.9394929846938775,0.43923162172146285,0.926734216679657,0.2878237714839022,1283,1189,0,True,0.0,-1,True,False,0.008915485036337933,1,True,CS_MAP
214224,84,book,a photo of a book,0.051703723194316535,all,,CS_POS3_SAM,0.2284941388638413,0.9147401147959183,0.3719906048150323,0.2286178274990978,0.9976377952755906,5542,1267,1235,True,0.13479587048334116,44,True,False,0.17679041566952475,1,True,CS_MAP
214224,84,book,a photo of a book,0.051703723194316535,all,,CS_POS3_SMART,0.2284941388638413,0.9147401147959183,0.3719906048150323,0.2286178274990978,0.9976377952755906,5542,1267,1235,True,0.13479587048334116,44,True,False,0.17679041566952475,1,True,CS_MAP
214224,84,book,a photo of a book,0.051703723194316535,all,,CS_POS3_CASR,0.2284941388638413,0.9147401147959183,0.3719906048150323,0.2286178274990978,0.9976377952755906,5542,1267,1235,True,0.13479587048334116,44,True,False,0.17679041566952475,1,True,CS_MAP
567825,54,sandwich,a photo of a sandwich,0.637323436148746,all,,CS_POS3_SAM,0.8192805617923852,0.9246053890306123,0.900664338418717,0.8482120777486523,0.9600313479623824,20219,17150,2935,True,0.11817634063064872,44,True,False,0.1819571256436392,0,True,CS_MAP
567825,54,sandwich,a photo of a sandwich,0.637323436148746,all,,CS_POS3_SMART,0.8192805617923852,0.9246053890306123,0.900664338418717,0.8482120777486523,0.9600313479623824,20219,17150,2935,True,0.11817634063064872,44,True,False,0.1819571256436392,0,True,CS_MAP
567825,54,sandwich,a photo of a sandwich,0.637323436148746,all,,CS_POS3_CASR,0.8192805617923852,0.9246053890306123,0.900664338418717,0.8482120777486523,0.9600313479623824,20219,17150,2935,True,0.11817634063064872,44,True,False,0.1819571256436392,0,True,CS_MAP
567825,46,wine glass,a photo of a wine glass,0.38839936608557846,all,,CS_POS3_SAM,0.8722267206477733,0.9842753507653061,0.9317533085373237,0.9953797819257069,0.8757723577235772,5411,5386,0,True,0.0,-1,True,False,0.48382735456219483,1,True,CS_MAP
567825,46,wine glass,a photo of a wine glass,0.38839936608557846,all,,CS_POS3_SMART,0.8722267206477733,0.9842753507653061,0.9317533085373237,0.9953797819257069,0.8757723577235772,5411,5386,0,True,0.0,-1,True,False,0.48382735456219483,1,True,CS_MAP
567825,46,wine glass,a photo of a wine glass,0.38839936608557846,all,,CS_POS3_CASR,0.8722267206477733,0.9842753507653061,0.9317533085373237,0.9953797819257069,0.8757723577235772,5411,5386,0,True,0.0,-1,True,False,0.48382735456219483,1,True,CS_MAP
546976,4,motorcycle,a photo of a motorcycle,0.6188417190775681,all,,CS_POS3_SAM,0.7419879460441978,0.9462492028061225,0.8518864297874678,0.9536456412148039,0.7697499007542675,8133,7756,47,True,0.0947639951124587,1,True,False,0.12314622696662969,1,True,CS_MAP
546976,4,motorcycle,a photo of a motorcycle,0.6188417190775681,all,,CS_POS3_SMART,0.7419879460441978,0.9462492028061225,0.8518864297874678,0.9536456412148039,0.7697499007542675,8133,7756,47,True,0.0947639951124587,1,True,False,0.12314622696662969,1,True,CS_MAP
546976,4,motorcycle,a photo of a motorcycle,0.6188417190775681,all,,CS_POS3_CASR,0.7419879460441978,0.9462492028061225,0.8518864297874678,0.9536456412148039,0.7697499007542675,8133,7756,47,True,0.0947639951124587,1,True,False,0.12314622696662969,1,True,CS_MAP
546976,1,person,a photo of a person,0.7197883702531646,all,,CS_POS3_SAM,0.6182357301704967,0.8768335459183674,0.7640861200183234,0.9871769579798777,0.6232407522730103,10138,10008,6,True,0.0032259665492083973,4,True,False,-0.10155264008266784,1,True,CS_MAP
546976,1,person,a photo of a person,0.7197883702531646,all,,CS_POS3_SMART,0.7404393018238871,0.8944913903061225,0.8508648374556314,0.7768518518518519,0.9404658114335533,19440,15102,3915,True,0.23565119102440657,4,True,False,0.02065093157072251,0,True,CS_MAP
546976,1,person,a photo of a person,0.7197883702531646,all,,CS_POS3_CASR,0.7404393018238871,0.8944913903061225,0.8508648374556314,0.7768518518518519,0.9404658114335533,19440,15102,3915,True,0.23565119102440657,4,True,False,0.02065093157072251,0,True,CS_MAP
107851,1,person,a photo of a person,0.05356006183504592,all,,CS_POS3_SAM,0.23707403055229143,0.9482421875,0.3832818807884113,0.2667768595041322,0.6804384485666105,3025,807,1991,False,0.5239958268127283,22,False,True,0.1835139687172455,0,True,CS_MAP
107851,1,person,a photo of a person,0.05356006183504592,all,,CS_POS3_SMART,0.23707403055229143,0.9482421875,0.3832818807884113,0.2667768595041322,0.6804384485666105,3025,807,1991,False,0.5239958268127283,22,False,True,0.1835139687172455,0,True,CS_MAP
107851,1,person,a photo of a person,0.05356006183504592,all,,CS_POS3_CASR,0.23707403055229143,0.9482421875,0.3832818807884113,0.2667768595041322,0.6804384485666105,3025,807,1991,False,0.5239958268127283,22,False,True,0.1835139687172455,0,True,CS_MAP
107851,22,elephant,a photo of a elephant,0.07458137485311399,all,,CS_POS3_SAM,0.6276933945602261,0.9789939413265306,0.7712673611111112,0.9927374301675977,0.6305890702625976,1790,1777,1,True,0.0003361344537815126,1,True,False,0.5531120197071121,2,True,CS_MAP
107851,22,elephant,a photo of a elephant,0.07458137485311399,all,,CS_POS3_SMART,0.6276933945602261,0.9789939413265306,0.7712673611111112,0.9927374301675977,0.6305890702625976,1790,1777,1,True,0.0003361344537815126,1,True,False,0.5531120197071121,2,True,CS_MAP
107851,22,elephant,a photo of a elephant,0.07458137485311399,all,,CS_POS3_CASR,0.6276933945602261,0.9789939413265306,0.7712673611111112,0.9927374301675977,0.6305890702625976,1790,1777,1,True,0.0003361344537815126,1,True,False,0.5531120197071121,2,True,CS_MAP
499768,11,fire hydrant,a photo of a fire hydrant,0.0740044807400448,all,,CS_POS3_SAM,0.4673820954532618,0.9624123086734694,0.6370284834488068,0.9816132858837485,0.47150997150997154,1686,1655,0,True,0.0,-1,True,False,0.393377614713217,1,True,CS_MAP
499768,11,fire hydrant,a photo of a fire hydrant,0.0740044807400448,all,,CS_POS3_SMART,0.4673820954532618,0.9624123086734694,0.6370284834488068,0.9816132858837485,0.47150997150997154,1686,1655,0,True,0.0,-1,True,False,0.393377614713217,1,True,CS_MAP
499768,11,fire hydrant,a photo of a fire hydrant,0.0740044807400448,all,,CS_POS3_CASR,0.4673820954532618,0.9624123086734694,0.6370284834488068,0.9816132858837485,0.47150997150997154,1686,1655,0,True,0.0,-1,True,False,0.393377614713217,1,True,CS_MAP
499768,3,car,a photo of a car,0.07444363473288862,all,,CS_POS3_SAM,0.9597915115413254,0.9989237882653061,0.979483282674772,0.9969064191802011,0.9626587005227782,1293,1289,0,True,0.0,-1,True,False,0.8853478768084367,1,True,CS_MAP
499768,3,car,a photo of a car,0.07444363473288862,all,,CS_POS3_SMART,0.9524517087667161,0.9987244897959183,0.9756468797564688,0.9945694336695112,0.9574309185959672,1289,1282,0,True,0.0,-1,True,False,0.8780080740338275,2,True,CS_MAP
499768,3,car,a photo of a car,0.07444363473288862,all,,CS_POS3_CASR,0.9524517087667161,0.9987244897959183,0.9756468797564688,0.9945694336695112,0.9574309185959672,1289,1282,0,True,0.0,-1,True,False,0.8780080740338275,2,True,CS_MAP
368684,73,laptop,a photo of a laptop,0.39272219961634597,all,,CS_POS3_SAM,0.961986600640839,0.9947983099489796,0.9806250463959617,0.99848828420257,0.963389731621937,6615,6605,10,True,0.5545201184462637,72,True,False,0.5692644010244929,1,True,CS_MAP
368684,73,laptop,a photo of a laptop,0.39272219961634597,all,,CS_POS3_SMART,0.961986600640839,0.9947983099489796,0.9806250463959617,0.99848828420257,0.963389731621937,6615,6605,10,True,0.5545201184462637,72,True,False,0.5692644010244929,1,True,CS_MAP
368684,73,laptop,a photo of a laptop,0.39272219961634597,all,,CS_POS3_CASR,0.961986600640839,0.9947983099489796,0.9806250463959617,0.99848828420257,0.963389731621937,6615,6605,10,True,0.5545201184462637,72,True,False,0.5692644010244929,1,True,CS_MAP
368684,65,bed,a photo of a bed,0.31689703808180536,all,,CS_POS3_SAM,0.9835058782242498,0.9981265943877551,0.9916843595187544,0.9888849682427664,0.9944996451383961,5668,5605,0,True,0.0,-1,True,False,0.6666088401424445,2,True,CS_MAP
368684,65,bed,a photo of a bed,0.31689703808180536,all,,CS_POS3_SMART,0.826189078097475,0.9764030612244898,0.9048231511254019,0.8271604938271605,0.9985805535841022,6804,5628,3,True,0.0001464343242055938,73,True,False,0.5092920400156696,1,True,CS_MAP
368684,65,bed,a photo of a bed,0.31689703808180536,all,,CS_POS3_CASR,0.826189078097475,0.9764030612244898,0.9048231511254019,0.8271604938271605,0.9985805535841022,6804,5628,3,True,0.0001464343242055938,73,True,False,0.5092920400156696,1,True,CS_MAP
456292,17,cat,a photo of a cat,0.15799602283661557,all,,CS_POS3_SAM,0.07272622078222633,0.3611686862244898,0.13559139205005125,0.07274726546675155,0.9960380348652932,34558,2514,0,True,0.0,-1,True,False,-0.08526980205438923,0,True,CS_MAP
456292,17,cat,a photo of a cat,0.15799602283661557,all,,CS_POS3_SMART,0.07272622078222633,0.3611686862244898,0.13559139205005125,0.07274726546675155,0.9960380348652932,34558,2514,0,True,0.0,-1,True,False,-0.08526980205438923,0,True,CS_MAP
456292,17,cat,a photo of a cat,0.15799602283661557,all,,CS_POS3_CASR,0.07272622078222633,0.3611686862244898,0.13559139205005125,0.07274726546675155,0.9960380348652932,34558,2514,0,True,0.0,-1,True,False,-0.08526980205438923,0,True,CS_MAP
456292,44,bottle,a photo of a bottle,0.023851426454242312,all,,CS_POS3_SAM,0.01489971346704871,0.9314811862244898,0.029361942405420668,0.017178724810042945,0.10097087378640776,3027,52,2316,False,0.715919629057187,17,False,True,-0.008951712987193602,2,True,CS_MAP
456292,44,bottle,a photo of a bottle,0.023851426454242312,all,,CS_POS3_SMART,0.016933327674744304,0.5383450255102041,0.03330272932142559,0.017017102401160063,0.7747572815533981,23447,399,2395,False,0.10158635900916185,17,False,False,-0.006918098779498009,0,True,CS_MAP
456292,44,bottle,a photo of a bottle,0.023851426454242312,all,,CS_POS3_CASR,0.023851426454242312,0.5799386160714286,0.046591577328448,0.023851426454242312,1.0,21592,515,2377,False,0.10934265605593634,17,False,False,0.0,0,False,CS_MAP
333745,6,bus,a photo of a bus,0.4071345995045417,all,,CS_POS3_SAM,0.6333358913360448,0.8095503826530612,0.77551212178162,0.9117322138753866,0.6747056899934598,18104,16506,1511,True,0.07934257508926697,28,True,False,0.22620129183150312,0,True,CS_MAP
333745,6,bus,a photo of a bus,0.4071345995045417,all,,CS_POS3_SMART,0.5058448459086079,0.7497807716836735,0.6718419195483416,0.9316418992388547,0.525343361674297,13795,12852,867,True,0.05555194594243389,28,True,False,0.09871024640406617,1,True,CS_MAP
333745,6,bus,a photo of a bus,0.4071345995045417,all,,CS_POS3_CASR,0.4071345995045417,0.6422791772959183,0.57867186216286,0.6796052268842697,0.5038423806409418,18137,12326,1792,True,0.0525562372188139,28,True,False,0.0,1,False,CS_MAP
333745,1,person,a photo of a person,0.31823222573623033,all,,CS_POS3_SAM,0.8650811291398088,0.9758051658163265,0.927660588726016,0.9073318568597739,0.9489211264171644,8579,7784,472,True,0.014616022353916541,6,True,False,0.5468489034035785,0,True,CS_MAP
333745,1,person,a photo of a person,0.31823222573623033,all,,CS_POS3_SMART,0.8650811291398088,0.9758051658163265,0.927660588726016,0.9073318568597739,0.9489211264171644,8579,7784,472,True,0.014616022353916541,6,True,False,0.5468489034035785,0,True,CS_MAP
333745,1,person,a photo of a person,0.31823222573623033,all,,CS_POS3_CASR,0.8650811291398088,0.9758051658163265,0.927660588726016,0.9073318568597739,0.9489211264171644,8579,7784,472,True,0.014616022353916541,6,True,False,0.5468489034035785,0,True,CS_MAP
34257,56,broccoli,a photo of a broccoli,0.25141988640908725,all,,CS_POS3_SAM,0.28585236196689623,0.882194674744898,0.44461148172507753,0.6255949233209942,0.344847689841131,3782,2366,0,True,0.0,-1,True,False,0.034432475557808984,1,True,CS_MAP
34257,56,broccoli,a photo of a broccoli,0.25141988640908725,all,,CS_POS3_SMART,0.28585236196689623,0.882194674744898,0.44461148172507753,0.6255949233209942,0.344847689841131,3782,2366,0,True,0.0,-1,True,False,0.034432475557808984,1,True,CS_MAP
34257,56,broccoli,a photo of a broccoli,0.25141988640908725,all,,CS_POS3_CASR,0.28585236196689623,0.882194674744898,0.44461148172507753,0.6255949233209942,0.344847689841131,3782,2366,0,True,0.0,-1,True,False,0.034432475557808984,1,True,CS_MAP
34257,57,carrot,a photo of a carrot,0.6196095128033574,all,,CS_POS3_SAM,0.8729920564872021,0.971320950255102,0.9321898119787003,0.9542691751085384,0.9111090641120118,10365,9891,0,True,0.0,-1,True,False,0.2533825436838447,0,True,CS_MAP
34257,57,carrot,a photo of a carrot,0.6196095128033574,all,,CS_POS3_SMART,0.8729920564872021,0.971320950255102,0.9321898119787003,0.9542691751085384,0.9111090641120118,10365,9891,0,True,0.0,-1,True,False,0.2533825436838447,0,True,CS_MAP
34257,57,carrot,a photo of a carrot,0.6196095128033574,all,,CS_POS3_CASR,0.8729920564872021,0.971320950255102,0.9321898119787003,0.9542691751085384,0.9111090641120118,10365,9891,0,True,0.0,-1,True,False,0.2533825436838447,0,True,CS_MAP
100428,32,tie,a photo of a tie,0.05665623913799096,all,,CS_POS3_SAM,0.07449560269011898,0.9643455038265306,0.1386615310544054,0.13102820746132848,0.147239263803681,1099,144,902,False,0.04333845267805721,1,True,False,0.01783936355212802,2,True,CS_MAP
100428,32,tie,a photo of a tie,0.05665623913799096,all,,CS_POS3_SMART,0.07449560269011898,0.9643455038265306,0.1386615310544054,0.13102820746132848,0.147239263803681,1099,144,902,False,0.04333845267805721,1,True,False,0.01783936355212802,2,True,CS_MAP
100428,32,tie,a photo of a tie,0.05665623913799096,all,,CS_POS3_CASR,0.07449560269011898,0.9643455038265306,0.1386615310544054,0.13102820746132848,0.147239263803681,1099,144,902,False,0.04333845267805721,1,True,False,0.01783936355212802,2,True,CS_MAP
100428,1,person,a photo of a person,0.4748465074415764,all,,CS_POS3_SAM,0.14545754872811364,0.48447464923469385,0.2539728318864823,0.3137604218627521,0.21332364341085272,14033,4403,1,True,0.0009335200373408015,32,True,False,-0.32938895871346274,1,True,CS_MAP
100428,1,person,a photo of a person,0.4748465074415764,all,,CS_POS3_SMART,0.24698232224904604,0.6145766900510204,0.396128024980484,0.5571365832235398,0.3073158914728682,11385,6343,1,True,0.0019450522732798443,32,True,False,-0.22786418519253038,0,True,CS_MAP
100428,1,person,a photo of a person,0.4748465074415764,all,,CS_POS3_CASR,0.4748465074415764,0.6744060905612245,0.6439266798892788,0.5852383027613803,0.7156976744186047,25241,14772,166,True,0.007299550501363864,32,True,False,0.0,0,False,CS_MAP
26926,11,fire hydrant,a photo of a fire hydrant,0.8353944372516631,all,,CS_POS3_SAM,0.9617570265704193,0.9851124043367347,0.9805057543255304,0.999361634216406,0.9623482403565391,18798,18786,0,True,0.0004407875404055245,3,True,False,0.1263625893187562,0,True,CS_MAP
26926,11,fire hydrant,a photo of a fire hydrant,0.8353944372516631,all,,CS_POS3_SMART,0.9617570265704193,0.9851124043367347,0.9805057543255304,0.999361634216406,0.9623482403565391,18798,18786,0,True,0.0004407875404055245,3,True,False,0.1263625893187562,0,True,CS_MAP
26926,11,fire hydrant,a photo of a fire hydrant,0.8353944372516631,all,,CS_POS3_CASR,0.9617570265704193,0.9851124043367347,0.9805057543255304,0.999361634216406,0.9623482403565391,18798,18786,0,True,0.0004407875404055245,3,True,False,0.1263625893187562,0,True,CS_MAP
26926,3,car,a photo of a car,0.09266808640097353,all,,CS_POS3_SAM,0.8685282140779523,0.9954958545918368,0.9296388542963886,0.9431459254579911,0.9165131982811541,1583,1493,9,True,0.0006638217164532954,11,True,False,0.7758601276769788,0,True,CS_MAP
26926,3,car,a photo of a car,0.09266808640097353,all,,CS_POS3_SMART,0.8685282140779523,0.9954958545918368,0.9296388542963886,0.9431459254579911,0.9165131982811541,1583,1493,9,True,0.0006638217164532954,11,True,False,0.7758601276769788,0,True,CS_MAP
26926,3,car,a photo of a car,0.09266808640097353,all,,CS_POS3_CASR,0.8685282140779523,0.9954958545918368,0.9296388542963886,0.9431459254579911,0.9165131982811541,1583,1493,9,True,0.0006638217164532954,11,True,False,0.7758601276769788,0,True,CS_MAP
91654,50,spoon,a photo of a spoon,0.13189867742658598,all,,CS_POS3_SAM,0.7923053802224226,0.9862284757653061,0.8841187321817877,0.9777448071216617,0.8068564432200795,2696,2636,60,True,0.05751078748651564,51,True,False,0.6604067027958366,2,True,CS_MAP
91654,50,spoon,a photo of a spoon,0.13189867742658598,all,,CS_POS3_SMART,0.7923053802224226,0.9862284757653061,0.8841187321817877,0.9777448071216617,0.8068564432200795,2696,2636,60,True,0.05751078748651564,51,True,False,0.6604067027958366,2,True,CS_MAP
91654,50,spoon,a photo of a spoon,0.13189867742658598,all,,CS_POS3_CASR,0.13189867742658598,0.6140983737244898,0.23305739295757913,0.13384895359417653,0.9005203550658096,21980,2942,18328,False,0.4475963951382373,51,False,False,0.0,2,False,CS_MAP
91654,67,dining table,a photo of a dining table,0.10272272019526155,all,,CS_POS3_SAM,0.19203329369797859,0.7833227040816326,0.32219451371571073,0.2119248749282375,0.6716922277099038,12193,2584,8695,False,0.18649270913277052,50,True,False,0.08931057350271704,2,True,CS_MAP
91654,67,dining table,a photo of a dining table,0.10272272019526155,all,,CS_POS3_SMART,0.08924458774758176,0.5271245216836735,0.16386510201924093,0.09478189971463515,0.6043670392513647,24530,2325,21326,False,0.44922688545282424,51,False,False,-0.013478132447679786,0,True,CS_MAP
91654,67,dining table,a photo of a dining table,0.10272272019526155,all,,CS_POS3_CASR,0.10272272019526155,0.5750558035714286,0.1863074339795451,0.10918280627991234,0.6345204055107876,22357,2441,18551,False,0.3867099000228638,51,False,False,0.0,0,False,CS_MAP
199771,47,cup,a photo of a cup,0.1676326102555611,all,,CS_POS3_SAM,0.9302769818529131,0.9956353635204082,0.9638792676892627,0.9656311962987442,0.9621336845571288,3026,2922,0,True,0.0,-1,True,False,0.762644371597352,1,True,CS_MAP
199771,47,cup,a photo of a cup,0.1676326102555611,all,,CS_POS3_SMART,0.9302769818529131,0.9956353635204082,0.9638792676892627,0.9656311962987442,0.9621336845571288,3026,2922,0,True,0.0,-1,True,False,0.762644371597352,1,True,CS_MAP
199771,47,cup,a photo of a cup,0.1676326102555611,all,,CS_POS3_CASR,0.9302769818529131,0.9956353635204082,0.9638792676892627,0.9656311962987442,0.9621336845571288,3026,2922,0,True,0.0,-1,True,False,0.762644371597352,1,True,CS_MAP
199771,51,bowl,a photo of a bowl,0.10237493683678625,all,,CS_POS3_SAM,0.5744157441574416,0.9793128188775511,0.7296875,0.7723263506063948,0.6915103652517275,1814,1401,4,True,0.0010317787866281469,47,True,False,0.47204080732065534,2,True,CS_MAP
199771,51,bowl,a photo of a bowl,0.10237493683678625,all,,CS_POS3_SMART,0.7244,0.9862683354591837,0.8401762932034331,0.7925601750547046,0.8938795656465943,2285,1811,7,True,0.0015054572826496049,47,True,False,0.6220250631632138,1,True,CS_MAP
199771,51,bowl,a photo of a bowl,0.10237493683678625,all,,CS_POS3_CASR,0.7244,0.9862683354591837,0.8401762932034331,0.7925601750547046,0.8938795656465943,2285,1811,7,True,0.0015054572826496049,47,True,False,0.6220250631632138,1,True,CS_MAP
329542,61,cake,a photo of a cake,0.2704746879495151,all,,CS_POS3_SAM,0.565745618750672,0.9195033482142857,0.7226532994575293,0.6248664054150338,0.8567241940735917,8421,5262,3026,True,0.36990524032423794,1,True,False,0.29527093080115685,0,True,CS_MAP
329542,61,cake,a photo of a cake,0.2704746879495151,all,,CS_POS3_SMART,0.565745618750672,0.9195033482142857,0.7226532994575293,0.6248664054150338,0.8567241940735917,8421,5262,3026,True,0.36990524032423794,1,True,False,0.29527093080115685,0,True,CS_MAP
329542,61,cake,a photo of a cake,0.2704746879495151,all,,CS_POS3_CASR,0.2704746879495151,0.6866629464285714,0.4257852447041636,0.27446087202184766,0.9490394008466297,21238,5829,432,True,0.017162471395881007,47,True,False,0.0,0,False,CS_MAP
329542,47,cup,a photo of a cup,0.009899086977414704,all,,CS_POS3_SAM,0.000772115596735054,0.8194555165816326,0.0015430397883831148,0.0008656937917388078,0.0070921985815602835,8086,7,6174,False,0.43847942574057225,61,False,False,-0.00912697138067965,0,True,CS_MAP
329542,47,cup,a photo of a cup,0.009899086977414704,all,,CS_POS3_SMART,0.0,0.9182079081632653,0.0,0.0,0.0,3117,0,2907,False,0.4567337948395217,61,False,False,-0.009899086977414704,1,True,CS_MAP
329542,47,cup,a photo of a cup,0.009899086977414704,all,,CS_POS3_CASR,0.009899086977414704,0.5893654336734694,0.019604111153406927,0.010285086624394629,0.20871327254305977,20029,206,5891,False,0.28339544919576304,61,False,False,0.0,1,False,CS_MAP
413689,28,umbrella,a photo of a umbrella,0.08208858293284842,all,,CS_POS3_SAM,0.9400311526479751,0.9984654017857143,0.9690887193898033,0.9885339885339886,0.9503937007874016,1221,1207,0,True,0.002258355916892502,1,True,False,0.8579425697151267,2,True,CS_MAP
413689,28,umbrella,a photo of a umbrella,0.08208858293284842,all,,CS_POS3_SMART,0.9400311526479751,0.9984654017857143,0.9690887193898033,0.9885339885339886,0.9503937007874016,1221,1207,0,True,0.002258355916892502,1,True,False,0.8579425697151267,2,True,CS_MAP
413689,28,umbrella,a photo of a umbrella,0.08208858293284842,all,,CS_POS3_CASR,0.9400311526479751,0.9984654017857143,0.9690887193898033,0.9885339885339886,0.9503937007874016,1221,1207,0,True,0.002258355916892502,1,True,False,0.8579425697151267,2,True,CS_MAP
413689,1,person,a photo of a person,0.1373300801673057,all,,CS_POS3_SAM,0.14835984095427435,0.9317004145408163,0.2583856308158407,0.4252136752136752,0.18557662418402238,1404,597,0,True,0.003857280617164899,31,True,False,0.011029760786968656,1,True,CS_MAP
413689,1,person,a photo of a person,0.1373300801673057,all,,CS_POS3_SMART,0.418121546961326,0.9475247130102041,0.5896836527972573,0.59125,0.5881255828411563,3200,1892,846,True,0.19710765934654526,28,True,False,0.2807914667940203,0,True,CS_MAP
413689,1,person,a photo of a person,0.1373300801673057,all,,CS_POS3_CASR,0.418121546961326,0.9475247130102041,0.5896836527972573,0.59125,0.5881255828411563,3200,1892,846,True,0.19710765934654526,28,True,False,0.2807914667940203,0,True,CS_MAP
98853,62,chair,a photo of a chair,0.05781292609762749,all,,CS_POS3_SAM,0.24798512089274644,0.9516501913265306,0.39741679085941384,0.291970802919708,0.6220839813374806,2740,800,486,True,0.05648604269293925,1,True,False,0.19017219479511893,0,True,CS_MAP
98853,62,chair,a photo of a chair,0.05781292609762749,all,,CS_POS3_SMART,0.24798512089274644,0.9516501913265306,0.39741679085941384,0.291970802919708,0.6220839813374806,2740,800,486,True,0.05648604269293925,1,True,False,0.19017219479511893,0,True,CS_MAP
98853,62,chair,a photo of a chair,0.05781292609762749,all,,CS_POS3_CASR,0.24798512089274644,0.9516501913265306,0.39741679085941384,0.291970802919708,0.6220839813374806,2740,800,486,True,0.05648604269293925,1,True,False,0.19017219479511893,0,True,CS_MAP
98853,43,tennis racket,a photo of a tennis racket,0.0,all,,CS_POS3_SAM,0.0,0.6156329719387755,0.0,0.0,0.0,18613,0,0,False,0.0,-1,False,False,0.0,0,True,CS_MAP
98853,43,tennis racket,a photo of a tennis racket,0.0,all,,CS_POS3_SMART,0.0,0.6156329719387755,0.0,0.0,0.0,18613,0,0,False,0.0,-1,False,False,0.0,0,True,CS_MAP
98853,43,tennis racket,a photo of a tennis racket,0.0,all,,CS_POS3_CASR,0.0,0.5376076211734694,0.0,0.0,0.0,22528,0,4146,False,0.12996503606639997,1,False,False,0.0,0,False,CS_MAP
405249,67,dining table,a photo of a dining table,0.7771278284133678,all,,CS_POS3_SAM,0.12253701139631484,0.6716159119897959,0.2183215522557996,0.9289463060153411,0.12369637673368455,2477,2301,136,True,0.010095865787896945,1,True,False,-0.6545908170170529,1,True,CS_MAP
405249,67,dining table,a photo of a dining table,0.7771278284133678,all,,CS_POS3_SMART,0.5575299176293841,0.8297791772959183,0.7159155163811741,0.9388467242432174,0.5785399419417266,11463,10762,117,True,0.01884323475529966,53,True,False,-0.21959791078398372,0,True,CS_MAP
405249,67,dining table,a photo of a dining table,0.7771278284133678,all,,CS_POS3_CASR,0.5575299176293841,0.8297791772959183,0.7159155163811741,0.9388467242432174,0.5785399419417266,11463,10762,117,True,0.01884323475529966,53,True,False,-0.21959791078398372,0,True,CS_MAP
405249,1,person,a photo of a person,0.6677743902439024,all,,CS_POS3_SAM,0.20499904355034113,0.5030293367346939,0.34024764525346596,0.9807809640024405,0.20582586427656852,6556,6430,115,True,0.02489102537988349,67,True,False,-0.46277534669356124,2,True,CS_MAP
405249,1,person,a photo of a person,0.6677743902439024,all,,CS_POS3_SMART,0.3221270814243736,0.5724250637755102,0.4872861103145015,0.9614296491889853,0.3263444302176697,10604,10195,128,True,0.027114471601899066,67,True,False,-0.3456473088195288,0,True,CS_MAP
405249,1,person,a photo of a person,0.6677743902439024,all,,CS_POS3_CASR,0.3221270814243736,0.5724250637755102,0.4872861103145015,0.9614296491889853,0.3263444302176697,10604,10195,128,True,0.027114471601899066,67,True,False,-0.3456473088195288,0,True,CS_MAP
223182,62,chair,a photo of a chair,0.037907127537533045,all,,CS_POS3_SAM,0.018435719973050775,0.6806042729591837,0.036203993264373346,0.019079614604462475,0.3532863849765258,15776,301,6645,False,0.3920704845814978,15,False,False,-0.01947140756448227,0,True,CS_MAP
223182,62,chair,a photo of a chair,0.037907127537533045,all,,CS_POS3_SMART,0.018435719973050775,0.6806042729591837,0.036203993264373346,0.019079614604462475,0.3532863849765258,15776,301,6645,False,0.3920704845814978,15,False,False,-0.01947140756448227,0,True,CS_MAP
223182,62,chair,a photo of a chair,0.037907127537533045,all,,CS_POS3_CASR,0.037907127537533045,0.6155731823979592,0.07304531693017445,0.03808187603347196,0.892018779342723,19957,760,5479,False,0.12385548131650581,15,False,False,0.0,0,False,CS_MAP
223182,43,tennis racket,a photo of a tennis racket,0.0897535823490617,all,,CS_POS3_SAM,0.8665254237288136,0.9949776785714286,0.9284903518728718,0.9873264936632469,0.8762720942688805,1657,1636,4,True,0.006636670416197975,15,True,False,0.7767718413797519,2,True,CS_MAP
223182,43,tennis racket,a photo of a tennis racket,0.0897535823490617,all,,CS_POS3_SMART,0.8665254237288136,0.9949776785714286,0.9284903518728718,0.9873264936632469,0.8762720942688805,1657,1636,4,True,0.006636670416197975,15,True,False,0.7767718413797519,2,True,CS_MAP
223182,43,tennis racket,a photo of a tennis racket,0.0897535823490617,all,,CS_POS3_CASR,0.8665254237288136,0.9949776785714286,0.9284903518728718,0.9873264936632469,0.8762720942688805,1657,1636,4,True,0.006636670416197975,15,True,False,0.7767718413797519,2,True,CS_MAP
351530,62,chair,a photo of a chair,0.6405553049666717,all,,CS_POS3_SAM,0.138472942920682,0.7683753188775511,0.24326084125537178,0.9326010983524713,0.13987270685136652,2003,1868,36,True,0.10680707032719067,15,True,False,-0.5020823620459897,1,True,CS_MAP
351530,62,chair,a photo of a chair,0.6405553049666717,all,,CS_POS3_SMART,0.138472942920682,0.7683753188775511,0.24326084125537178,0.9326010983524713,0.13987270685136652,2003,1868,36,True,0.10680707032719067,15,True,False,-0.5020823620459897,1,True,CS_MAP
351530,62,chair,a photo of a chair,0.6405553049666717,all,,CS_POS3_CASR,0.138472942920682,0.7683753188775511,0.24326084125537178,0.9326010983524713,0.13987270685136652,2003,1868,36,True,0.10680707032719067,15,True,False,-0.5020823620459897,1,True,CS_MAP
351530,15,bench,a photo of a bench,0.2022353437368199,all,,CS_POS3_SAM,0.04978177850518276,0.8611487563775511,0.09484214629076264,0.09570005243838489,0.09399948493432912,3814,365,3068,False,0.24992719860221316,62,False,False,-0.15245356523163714,1,True,CS_MAP
351530,15,bench,a photo of a bench,0.2022353437368199,all,,CS_POS3_SMART,0.10297676669893514,0.8522600446428571,0.18672517827756446,0.16265290519877676,0.21916044295647696,5232,851,4110,False,0.3630830155470813,62,False,False,-0.09925857703788475,0,True,CS_MAP
351530,15,bench,a photo of a bench,0.2022353437368199,all,,CS_POS3_CASR,0.10297676669893514,0.8522600446428571,0.18672517827756446,0.16265290519877676,0.21916044295647696,5232,851,4110,False,0.3630830155470813,62,False,False,-0.09925857703788475,0,True,CS_MAP
443969,28,umbrella,a photo of a umbrella,0.18520254435888853,all,,CS_POS3_SAM,0.8971250432975407,0.9940808354591837,0.945773233522001,0.958904109589041,0.9329971181556196,2701,2590,25,True,0.0024281350356387564,1,True,False,0.7119224989386522,1,True,CS_MAP
443969,28,umbrella,a photo of a umbrella,0.18520254435888853,all,,CS_POS3_SMART,0.8971250432975407,0.9940808354591837,0.945773233522001,0.958904109589041,0.9329971181556196,2701,2590,25,True,0.0024281350356387564,1,True,False,0.7119224989386522,1,True,CS_MAP
443969,28,umbrella,a photo of a umbrella,0.18520254435888853,all,,CS_POS3_CASR,0.8971250432975407,0.9940808354591837,0.945773233522001,0.958904109589041,0.9329971181556196,2701,2590,25,True,0.0024281350356387564,1,True,False,0.7119224989386522,1,True,CS_MAP
443969,1,person,a photo of a person,0.3883737205843758,all,,CS_POS3_SAM,0.16125551741049535,0.8295798788265306,0.27772615930399525,0.9437428243398392,0.16282063979399822,1742,1644,35,True,0.011190689346463742,28,True,False,-0.22711820317388046,2,True,CS_MAP
443969,1,person,a photo of a person,0.3883737205843758,all,,CS_POS3_SMART,0.1643835616438356,0.8200733418367347,0.2823529411764706,0.7152637937978252,0.17589382985045063,2483,1776,617,True,0.1365895828830776,28,True,False,-0.2239901589405402,1,True,CS_MAP
443969,1,person,a photo of a person,0.3883737205843758,all,,CS_POS3_CASR,0.3883737205843758,0.721320950255102,0.5594656753095366,0.4102291628164849,0.8793701099336436,21644,8879,952,True,0.04220903930690111,28,True,False,0.0,1,False,CS_MAP
181542,1,person,a photo of a person,0.24008890832240198,all,,CS_POS3_SAM,0.2986434108527132,0.8557477678571429,0.45993135352932396,0.9586314152410575,0.30254245607146363,3215,3082,36,True,0.08188716099466607,4,True,False,0.05855450253031119,0,True,CS_MAP
181542,1,person,a photo of a person,0.24008890832240198,all,,CS_POS3_SMART,0.2986434108527132,0.8557477678571429,0.45993135352932396,0.9586314152410575,0.30254245607146363,3215,3082,36,True,0.08188716099466607,4,True,False,0.05855450253031119,0,True,CS_MAP
181542,1,person,a photo of a person,0.24008890832240198,all,,CS_POS3_CASR,0.2986434108527132,0.8557477678571429,0.45993135352932396,0.9586314152410575,0.30254245607146363,3215,3082,36,True,0.08188716099466607,4,True,False,0.05855450253031119,0,True,CS_MAP
181542,8,truck,a photo of a truck,0.08602773752846202,all,,CS_POS3_SAM,0.7832272557094722,0.9884606186224489,0.8784379592693681,0.7993886129155522,0.9748369058713886,2617,2092,467,True,0.03478521628307969,4,True,False,0.6971995181810101,1,True,CS_MAP
181542,8,truck,a photo of a truck,0.08602773752846202,all,,CS_POS3_SMART,0.7832272557094722,0.9884606186224489,0.8784379592693681,0.7993886129155522,0.9748369058713886,2617,2092,467,True,0.03478521628307969,4,True,False,0.6971995181810101,1,True,CS_MAP
181542,8,truck,a photo of a truck,0.08602773752846202,all,,CS_POS3_CASR,0.7832272557094722,0.9884606186224489,0.8784379592693681,0.7993886129155522,0.9748369058713886,2617,2092,467,True,0.03478521628307969,4,True,False,0.6971995181810101,1,True,CS_MAP
359833,1,person,a photo of a person,0.390224032586558,all,,CS_POS3_SAM,0.7666001994017946,0.9533442283163265,0.8678819346464247,0.9623279098873592,0.7903176071538699,7990,7689,0,True,0.0,-1,True,False,0.37637616681523656,1,True,CS_MAP
359833,1,person,a photo of a person,0.390224032586558,all,,CS_POS3_SMART,0.7666001994017946,0.9533442283163265,0.8678819346464247,0.9623279098873592,0.7903176071538699,7990,7689,0,True,0.0,-1,True,False,0.37637616681523656,1,True,CS_MAP
359833,1,person,a photo of a person,0.390224032586558,all,,CS_POS3_CASR,0.7666001994017946,0.9533442283163265,0.8678819346464247,0.9623279098873592,0.7903176071538699,7990,7689,0,True,0.0,-1,True,False,0.37637616681523656,1,True,CS_MAP
359833,53,apple,a photo of a apple,0.7245400133008202,all,,CS_POS3_SAM,0.649614576033637,0.8206313775510204,0.7875955819881053,0.6585365853658537,0.9795702712222614,25338,16686,272,True,0.009274607309179887,55,True,False,-0.07492543726718315,0,True,CS_MAP
359833,53,apple,a photo of a apple,0.7245400133008202,all,,CS_POS3_SMART,0.649614576033637,0.8206313775510204,0.7875955819881053,0.6585365853658537,0.9795702712222614,25338,16686,272,True,0.009274607309179887,55,True,False,-0.07492543726718315,0,True,CS_MAP
359833,53,apple,a photo of a apple,0.7245400133008202,all,,CS_POS3_CASR,0.649614576033637,0.8206313775510204,0.7875955819881053,0.6585365853658537,0.9795702712222614,25338,16686,272,True,0.009274607309179887,55,True,False,-0.07492543726718315,0,True,CS_MAP
23034,1,person,a photo of a person,0.5612601285275216,all,,CS_POS3_SAM,0.7770491803278688,0.9579878826530612,0.8745387453874539,0.8677217432384552,0.8814637072585483,8467,7347,0,True,0.005432856974134877,27,True,False,0.21578905180034724,0,True,CS_MAP
23034,1,person,a photo of a person,0.5612601285275216,all,,CS_POS3_SMART,0.8415830160378447,0.9726363201530612,0.9139778209385376,0.9564647259375819,0.8751049790041991,7626,7294,0,True,0.006031995803829006,27,True,False,0.2803228875103231,1,True,CS_MAP
23034,1,person,a photo of a person,0.5612601285275216,all,,CS_POS3_CASR,0.5612601285275216,0.8748206313775511,0.7189834906715583,0.573273401826484,0.9640071985602879,14016,8035,236,True,0.014950902755780805,19,True,False,0.0,1,False,CS_MAP
23034,19,horse,a photo of a horse,0.25635103926096997,all,,CS_POS3_SAM,0.7717842323651453,0.9901347257653061,0.8711943793911007,0.9107725788900979,0.8349127182044888,1838,1674,102,True,0.010730253353204173,1,True,False,0.5154331931041753,0,True,CS_MAP
23034,19,horse,a photo of a horse,0.25635103926096997,all,,CS_POS3_SMART,0.7717842323651453,0.9901347257653061,0.8711943793911007,0.9107725788900979,0.8349127182044888,1838,1674,102,True,0.010730253353204173,1,True,False,0.5154331931041753,0,True,CS_MAP
23034,19,horse,a photo of a horse,0.25635103926096997,all,,CS_POS3_CASR,0.7717842323651453,0.9901347257653061,0.8711943793911007,0.9107725788900979,0.8349127182044888,1838,1674,102,True,0.010730253353204173,1,True,False,0.5154331931041753,0,True,CS_MAP
36936,72,tv,a photo of a tv,0.09683118659523537,all,,CS_POS3_SAM,0.3164048227986847,0.9627112563775511,0.4807105190119345,0.4688684353004873,0.49316628701594534,1847,866,0,True,0.0,-1,True,False,0.21957363620344933,2,True,CS_MAP
36936,72,tv,a photo of a tv,0.09683118659523537,all,,CS_POS3_SMART,0.4312453206887946,0.9545798788265306,0.602615518744551,0.4342799698416688,0.9840546697038725,3979,1728,0,True,0.0,-1,True,False,0.33441413409355925,1,True,CS_MAP
36936,72,tv,a photo of a tv,0.09683118659523537,all,,CS_POS3_CASR,0.4312453206887946,0.9545798788265306,0.602615518744551,0.4342799698416688,0.9840546697038725,3979,1728,0,True,0.0,-1,True,False,0.33441413409355925,1,True,CS_MAP
36936,63,couch,a photo of a couch,0.1919090123812266,all,,CS_POS3_SAM,0.10923265592151367,0.5946667729591837,0.19695174919055516,0.12288741069228874,0.49572649572649574,20295,2494,8477,False,0.37496688741721856,1,False,False,-0.08267635645971293,0,True,CS_MAP
36936,63,couch,a photo of a couch,0.1919090123812266,all,,CS_POS3_SMART,0.10923265592151367,0.5946667729591837,0.19695174919055516,0.12288741069228874,0.49572649572649574,20295,2494,8477,False,0.37496688741721856,1,False,False,-0.08267635645971293,0,True,CS_MAP
36936,63,couch,a photo of a couch,0.1919090123812266,all,,CS_POS3_CASR,0.1919090123812266,0.6644013073979592,0.32201956758062567,0.2019085125719479,0.7948717948717948,19806,3999,3646,True,0.09283422459893048,1,True,False,0.0,0,False,CS_MAP
184384,67,dining table,a photo of a dining table,0.13426697209496044,all,,CS_POS3_SAM,0.41624790619765495,0.9305444834183674,0.5878178592548787,0.42675596771423663,0.9441489361702128,5823,2485,1119,True,0.16124469589816123,1,True,False,0.28198093410269454,1,True,CS_MAP
184384,67,dining table,a photo of a dining table,0.13426697209496044,all,,CS_POS3_SMART,0.7738095238095238,0.9856106505102041,0.87248322147651,0.8151815181518152,0.9384498480243161,3030,2470,7,True,0.011414077362079899,47,True,False,0.6395425517145634,2,True,CS_MAP
184384,67,dining table,a photo of a dining table,0.13426697209496044,all,,CS_POS3_CASR,0.13426697209496044,0.668586575255102,0.2367466838022674,0.13463847559383973,0.9798632218844985,19155,2579,5895,False,0.17624090975645468,47,False,False,0.0,2,False,CS_MAP
184384,1,person,a photo of a person,0.06732043466737345,all,,CS_POS3_SAM,0.3266106442577031,0.9520886479591837,0.49239864864864863,0.36782334384858045,0.7445721583652618,3170,1166,55,True,0.004083147735708983,47,True,False,0.25929020959032967,2,True,CS_MAP
184384,1,person,a photo of a person,0.06732043466737345,all,,CS_POS3_SMART,0.36945676274944567,0.9546595982142857,0.5395668892936653,0.39496296296296296,0.851213282247765,3375,1333,53,True,0.0039821407023048145,47,True,False,0.30213632808207225,1,True,CS_MAP
184384,1,person,a photo of a person,0.06732043466737345,all,,CS_POS3_CASR,0.06732043466737345,0.5792012117346939,0.12614849764092376,0.06744556558682953,0.9731800766283525,22596,1524,10333,False,0.13448679371447678,61,False,False,0.0,1,False,CS_MAP
520832,28,umbrella,a photo of a umbrella,0.04896159209980777,all,,CS_POS3_SAM,0.17063732011125893,0.8633211096938775,0.29152892561983473,0.17565044192705093,0.856709168184578,8033,1411,0,True,0.0,-1,True,False,0.12167572801145116,1,True,CS_MAP
520832,28,umbrella,a photo of a umbrella,0.04896159209980777,all,,CS_POS3_SMART,0.17063732011125893,0.8633211096938775,0.29152892561983473,0.17565044192705093,0.856709168184578,8033,1411,0,True,0.0,-1,True,False,0.12167572801145116,1,True,CS_MAP
520832,28,umbrella,a photo of a umbrella,0.04896159209980777,all,,CS_POS3_CASR,0.04896159209980777,0.4971301020408163,0.09335249730506648,0.04961234388725509,0.7887067395264117,26183,1299,450,True,0.01319185546314884,1,True,False,0.0,1,False,CS_MAP
520832,31,handbag,a photo of a handbag,0.026982899372690557,all,,CS_POS3_SAM,0.0612304120719675,0.8065808354591837,0.11539513262236806,0.062223532881156,0.793233082706767,10173,633,1080,False,0.14953095684803003,1,False,False,0.03424751269927694,0,True,CS_MAP
520832,31,handbag,a photo of a handbag,0.026982899372690557,all,,CS_POS3_SMART,0.0612304120719675,0.8065808354591837,0.11539513262236806,0.062223532881156,0.793233082706767,10173,633,1080,False,0.14953095684803003,1,False,False,0.03424751269927694,0,True,CS_MAP
520832,31,handbag,a photo of a handbag,0.026982899372690557,all,,CS_POS3_CASR,0.026982899372690557,0.5486686862244898,0.052547903941092794,0.027181440443213297,0.7869674185463659,23104,628,1673,False,0.046758104738154616,1,False,False,0.0,0,False,CS_MAP
289059,43,tennis racket,a photo of a tennis racket,0.20317087492660013,all,,CS_POS3_SAM,0.06502604634453027,0.7925302933673469,0.12211165457918705,0.08628292217852461,0.20882607441592155,8391,724,523,True,0.016388305706138563,1,True,False,-0.13814482858206986,0,True,CS_MAP
289059,43,tennis racket,a photo of a tennis racket,0.20317087492660013,all,,CS_POS3_SMART,0.3013024602026049,0.9037786989795918,0.46307829181494664,0.3768325791855204,0.6005191808479954,5525,2082,6,True,0.000270617684865706,1,True,False,0.0981315852760048,2,True,CS_MAP
289059,43,tennis racket,a photo of a tennis racket,0.20317087492660013,all,,CS_POS3_CASR,0.3013024602026049,0.9037786989795918,0.46307829181494664,0.3768325791855204,0.6005191808479954,5525,2082,6,True,0.000270617684865706,1,True,False,0.0981315852760048,2,True,CS_MAP
289059,1,person,a photo of a person,0.7730304732481393,all,,CS_POS3_SAM,0.6614802008726435,0.8360969387755102,0.7962540878010108,0.984741712114713,0.6683302141817425,16319,16070,0,True,0.0,-1,True,False,-0.11155027237549586,0,True,CS_MAP
289059,1,person,a photo of a person,0.7730304732481393,all,,CS_POS3_SMART,0.6614802008726435,0.8360969387755102,0.7962540878010108,0.984741712114713,0.6683302141817425,16319,16070,0,True,0.0,-1,True,False,-0.11155027237549586,0,True,CS_MAP
289059,1,person,a photo of a person,0.7730304732481393,all,,CS_POS3_CASR,0.6614802008726435,0.8360969387755102,0.7962540878010108,0.984741712114713,0.6683302141817425,16319,16070,0,True,0.0,-1,True,False,-0.11155027237549586,0,True,CS_MAP
315492,1,person,a photo of a person,0.15630876484887402,all,,CS_POS3_SAM,0.010635240011497557,0.45121173469387754,0.02104664391353811,0.011975563377432536,0.08677807094693639,24717,296,0,True,0.0,-1,True,False,-0.14567352483737644,0,True,CS_MAP
315492,1,person,a photo of a person,0.15630876484887402,all,,CS_POS3_SMART,0.8758099352051836,0.9908322704081632,0.9337938975244675,0.9171614362454057,0.951040750513046,3537,3244,0,True,0.0,-1,True,False,0.7195011703563096,2,True,CS_MAP
315492,1,person,a photo of a person,0.15630876484887402,all,,CS_POS3_CASR,0.15630876484887402,0.6333904655612245,0.27035817698623615,0.1563302752293578,0.9991204925241864,21800,3408,1766,True,0.06878165822447348,70,True,False,0.0,2,False,CS_MAP
315492,70,toilet,a photo of a toilet,0.10158153757943524,all,,CS_POS3_SAM,0.0,0.8940927933673469,0.0,0.0,0.0,3060,0,10,False,0.001547748026621266,1,False,False,-0.10158153757943524,2,True,CS_MAP
315492,70,toilet,a photo of a toilet,0.10158153757943524,all,,CS_POS3_SMART,0.0,0.8600127551020408,0.0,0.0,0.0,4770,0,18,False,0.002205071664829107,1,False,False,-0.10158153757943524,1,True,CS_MAP
315492,70,toilet,a photo of a toilet,0.10158153757943524,all,,CS_POS3_CASR,0.10158153757943524,0.6252590880102041,0.18442854044675774,0.1022066246815057,0.9432120674356699,20801,2126,1232,True,0.05556046676096181,88,True,False,0.0,1,False,CS_MAP
394275,1,person,a photo of a person,0.061255347396371146,all,,CS_POS3_SAM,0.05699864977817784,0.41539779974489793,0.10784999543781745,0.05699864977817784,1.0,31106,1773,29309,False,0.9808760414036859,6,False,True,-0.004256697618193306,0,True,CS_MAP
394275,1,person,a photo of a person,0.061255347396371146,all,,CS_POS3_SMART,0.05699864977817784,0.41539779974489793,0.10784999543781745,0.05699864977817784,1.0,31106,1773,29309,False,0.9808760414036859,6,False,True,-0.004256697618193306,0,True,CS_MAP
394275,1,person,a photo of a person,0.061255347396371146,all,,CS_POS3_CASR,0.061255347396371146,0.4926857461734694,0.11543941342043994,0.061509406013923865,0.9368302312464749,27004,1661,17986,False,0.5034981163988621,6,False,True,0.0,0,False,CS_MAP
394275,6,bus,a photo of a bus,0.6983897545604348,all,,CS_POS3_SAM,0.24538908539666499,0.523796237244898,0.3940761779175331,1.0,0.24538908539666499,7770,7770,0,True,0.14892848543221768,1,True,False,-0.45300066916376985,1,True,CS_MAP
394275,6,bus,a photo of a bus,0.6983897545604348,all,,CS_POS3_SMART,0.9625,0.9763233418367347,0.9808917197452229,0.999475547397404,0.9629863567458312,30508,30492,0,True,0.05811590402517373,1,True,False,0.2641102454395652,0,True,CS_MAP
394275,6,bus,a photo of a bus,0.6983897545604348,all,,CS_POS3_CASR,0.9625,0.9763233418367347,0.9808917197452229,0.999475547397404,0.9629863567458312,30508,30492,0,True,0.05811590402517373,1,True,False,0.2641102454395652,0,True,CS_MAP
415716,63,couch,a photo of a couch,0.08122833085685983,all,,CS_POS3_SAM,0.0,0.8799625318877551,0.0,0.0,0.0,4264,0,4251,False,0.7998118532455315,62,False,True,-0.08122833085685983,1,True,CS_MAP
415716,63,couch,a photo of a couch,0.08122833085685983,all,,CS_POS3_SMART,0.0,0.8799625318877551,0.0,0.0,0.0,4264,0,4251,False,0.7998118532455315,62,False,True,-0.08122833085685983,1,True,CS_MAP
415716,63,couch,a photo of a couch,0.08122833085685983,all,,CS_POS3_CASR,0.0,0.8799625318877551,0.0,0.0,0.0,4264,0,4251,False,0.7998118532455315,62,False,True,-0.08122833085685983,1,True,CS_MAP
415716,62,chair,a photo of a chair,0.2764021961459791,all,,CS_POS3_SAM,0.0038246141237535856,0.7093032525510204,0.007620084365219758,0.005959982971477224,0.010562052055827989,9396,56,0,True,0.0,-1,True,False,-0.27257758202222554,2,True,CS_MAP
415716,62,chair,a photo of a chair,0.2764021961459791,all,,CS_POS3_SMART,0.02961195705564522,0.7243901466836735,0.05752061609759422,0.04503254722014726,0.07959260656356092,9371,422,0,True,0.0,-1,True,False,-0.24679023909033387,1,True,CS_MAP
415716,62,chair,a photo of a chair,0.2764021961459791,all,,CS_POS3_CASR,0.2764021961459791,0.7320830676020408,0.43309577025260404,0.278909347672587,0.9685024519049416,18411,5135,1477,True,0.07693950557958247,63,True,False,0.0,1,False,CS_MAP
455267,57,carrot,a photo of a carrot,0.028242424242424242,all,,CS_POS3_SAM,0.14333194848358954,0.9589046556122449,0.2507267441860465,0.16804676083779835,0.49356223175965663,2053,345,1708,False,0.10975609756097561,56,True,False,0.11508952424116531,1,True,CS_MAP
455267,57,carrot,a photo of a carrot,0.028242424242424242,all,,CS_POS3_SMART,0.07305768996219052,0.8485331632653061,0.13616731075244373,0.07395974811705149,0.8569384835479256,8099,599,7500,False,0.5379534700315457,56,False,True,0.044815265719766274,0,True,CS_MAP
455267,57,carrot,a photo of a carrot,0.028242424242424242,all,,CS_POS3_CASR,0.028242424242424242,0.5206672512755102,0.05493339620417305,0.028242424242424242,1.0,24750,699,23111,False,0.5715863260994815,79,False,True,0.0,0,False,CS_MAP
455267,79,oven,a photo of a oven,0.44758815665475904,all,,CS_POS3_SAM,0.8510210585668407,0.8788863201530612,0.9195152638898086,0.9978441461381471,0.8525886629334906,34789,34714,0,True,0.17221021120904706,56,True,False,0.4034329019120817,0,True,CS_MAP
455267,79,oven,a photo of a oven,0.44758815665475904,all,,CS_POS3_SMART,0.6150927693738679,0.6866031568877551,0.7616810390555143,0.9945383306288835,0.6171775223499362,25267,25129,0,True,0.0073780319099880105,56,True,False,0.16750461271910888,1,True,CS_MAP
455267,79,oven,a photo of a oven,0.44758815665475904,all,,CS_POS3_CASR,0.44758815665475904,0.49764827806122447,0.6183915702779628,0.8060862014524787,0.5015964240102171,25336,20423,0,True,0.0015554945557690548,56,True,False,0.0,1,False,CS_MAP
194875,4,motorcycle,a photo of a motorcycle,0.7535568115377119,all,,CS_POS3_SAM,0.6711304721953318,0.8781289859693877,0.8032053551314646,0.9152181884855152,0.715621057460718,13635,12479,16,True,0.000911854103343465,1,True,False,-0.08242633934238008,0,True,CS_MAP
194875,4,motorcycle,a photo of a motorcycle,0.7535568115377119,all,,CS_POS3_SMART,0.6711304721953318,0.8781289859693877,0.8032053551314646,0.9152181884855152,0.715621057460718,13635,12479,16,True,0.000911854103343465,1,True,False,-0.08242633934238008,0,True,CS_MAP
194875,4,motorcycle,a photo of a motorcycle,0.7535568115377119,all,,CS_POS3_CASR,0.6711304721953318,0.8781289859693877,0.8032053551314646,0.9152181884855152,0.715621057460718,13635,12479,16,True,0.000911854103343465,1,True,False,-0.08242633934238008,0,True,CS_MAP
194875,1,person,a photo of a person,0.2431941138281757,all,,CS_POS3_SAM,0.047397918334667735,0.8814373405612245,0.09050603883198288,0.7081339712918661,0.04834231585823943,418,296,102,True,0.006284916201117319,62,True,False,-0.19579619549350796,2,True,CS_MAP
194875,1,person,a photo of a person,0.2431941138281757,all,,CS_POS3_SMART,0.047397918334667735,0.8814373405612245,0.09050603883198288,0.7081339712918661,0.04834231585823943,418,296,102,True,0.006284916201117319,62,True,False,-0.19579619549350796,2,True,CS_MAP
194875,1,person,a photo of a person,0.2431941138281757,all,,CS_POS3_CASR,0.2431941138281757,0.6515066964285714,0.39124077426542264,0.24861731781779567,0.917687408133268,22601,5619,2086,True,0.03161393383489643,4,True,False,0.0,2,False,CS_MAP
381360,42,surfboard,a photo of a surfboard,0.03407516453065466,all,,CS_POS3_SAM,0.011225055432372505,0.8578005420918368,0.022200904481293682,0.012442396313364055,0.10292249047013977,6510,81,0,True,0.0,-1,True,False,-0.022850109098282154,1,True,CS_MAP
381360,42,surfboard,a photo of a surfboard,0.03407516453065466,all,,CS_POS3_SMART,0.018300916482316774,0.31899713010204084,0.03594402437648121,0.01838012522722682,0.8094027954256671,34657,637,11,True,0.00029373280995487194,1,True,False,-0.015774248048337883,0,True,CS_MAP
381360,42,surfboard,a photo of a surfboard,0.03407516453065466,all,,CS_POS3_CASR,0.03407516453065466,0.5553850446428571,0.06590461834777875,0.03407516453065466,1.0,23096,787,72,True,0.0038372093023255815,1,True,False,0.0,0,False,CS_MAP
381360,1,person,a photo of a person,0.3119991095280499,all,,CS_POS3_SAM,0.8597348220516399,0.9919882015306123,0.924577861163227,0.9750692520775623,0.8790581519800214,2527,2464,2,True,0.005156202608431908,42,True,False,0.54773571252359,1,True,CS_MAP
381360,1,person,a photo of a person,0.3119991095280499,all,,CS_POS3_SMART,0.8597348220516399,0.9919882015306123,0.924577861163227,0.9750692520775623,0.8790581519800214,2527,2464,2,True,0.005156202608431908,42,True,False,0.54773571252359,1,True,CS_MAP
381360,1,person,a photo of a person,0.3119991095280499,all,,CS_POS3_CASR,0.8597348220516399,0.9919882015306123,0.924577861163227,0.9750692520775623,0.8790581519800214,2527,2464,2,True,0.005156202608431908,42,True,False,0.54773571252359,1,True,CS_MAP
10583,67,dining table,a photo of a dining table,0.44882263186110766,all,,CS_POS3_SAM,0.19970417372290938,0.25595902423469385,0.33292236219065485,0.9784686482512341,0.2005856515373353,9521,9316,0,True,0.0035380877275246175,54,True,False,-0.24911845813819827,1,True,CS_MAP
10583,67,dining table,a photo of a dining table,0.44882263186110766,all,,CS_POS3_SMART,0.19970417372290938,0.25595902423469385,0.33292236219065485,0.9784686482512341,0.2005856515373353,9521,9316,0,True,0.0035380877275246175,54,True,False,-0.24911845813819827,1,True,CS_MAP
10583,67,dining table,a photo of a dining table,0.44882263186110766,all,,CS_POS3_CASR,0.44882263186110766,0.46725526147959184,0.619568775350459,0.9137735611435288,0.46867194901386616,23821,21767,0,True,0.027541395933766505,49,True,False,0.0,1,False,CS_MAP
10583,54,sandwich,a photo of a sandwich,0.33704463655016986,all,,CS_POS3_SAM,0.062137164223162455,0.6200773278061225,0.11700402983000602,0.16688689217758984,0.09007916696383995,7568,1263,5837,False,0.15134720327421555,67,False,False,-0.2749074723270074,1,True,CS_MAP
10583,54,sandwich,a photo of a sandwich,0.33704463655016986,all,,CS_POS3_SMART,0.15059697822463866,0.38040098852040816,0.2617718994134828,0.19621244482414923,0.3931245988160616,28092,5512,22088,False,0.5880347707516619,67,False,True,-0.1864476583255312,0,True,CS_MAP
10583,54,sandwich,a photo of a sandwich,0.33704463655016986,all,,CS_POS3_CASR,0.33704463655016986,0.6072026466836735,0.5041636267579058,0.3894589552238806,0.7146423222309393,25728,10020,13422,False,0.4810588959573158,67,False,False,0.0,0,False,CS_MAP
329456,31,handbag,a photo of a handbag,0.01659235122620477,all,,CS_POS3_SAM,0.5406643757159221,0.9920081313775511,0.7018587360594796,0.5679903730445247,0.9182879377431906,831,472,358,True,0.028311390558238093,1,True,False,0.5240720244897173,2,True,CS_MAP
329456,31,handbag,a photo of a handbag,0.01659235122620477,all,,CS_POS3_SMART,0.5406643757159221,0.9920081313775511,0.7018587360594796,0.5679903730445247,0.9182879377431906,831,472,358,True,0.028311390558238093,1,True,False,0.5240720244897173,2,True,CS_MAP
329456,31,handbag,a photo of a handbag,0.01659235122620477,all,,CS_POS3_CASR,0.5406643757159221,0.9920081313775511,0.7018587360594796,0.5679903730445247,0.9182879377431906,831,472,358,True,0.028311390558238093,1,True,False,0.5240720244897173,2,True,CS_MAP
329456,1,person,a photo of a person,0.7234475207257939,all,,CS_POS3_SAM,0.09359366314619233,0.4800302933673469,0.17116716436876547,0.995197635759143,0.09363595286920857,2707,2694,0,True,0.0,-1,True,False,-0.6298538575796016,2,True,CS_MAP
329456,1,person,a photo of a person,0.7234475207257939,all,,CS_POS3_SMART,0.6061169663153544,0.7720822704081632,0.7547606793618117,0.9852751805609988,0.611657571860554,17861,17598,0,True,0.00011031439602868175,54,True,False,-0.11733055441043949,0,True,CS_MAP
329456,1,person,a photo of a person,0.7234475207257939,all,,CS_POS3_CASR,0.6061169663153544,0.7720822704081632,0.7547606793618117,0.9852751805609988,0.611657571860554,17861,17598,0,True,0.00011031439602868175,54,True,False,-0.11733055441043949,0,True,CS_MAP
335529,15,bench,a photo of a bench,0.6297440065014221,all,,CS_POS3_SAM,0.7103297269448737,0.9551777742346939,0.8306348369606145,1.0,0.7103297269448737,5515,5515,0,True,0.0,-1,True,False,0.08058572044345158,1,True,CS_MAP
335529,15,bench,a photo of a bench,0.6297440065014221,all,,CS_POS3_SMART,0.7103297269448737,0.9551777742346939,0.8306348369606145,1.0,0.7103297269448737,5515,5515,0,True,0.0,-1,True,False,0.08058572044345158,1,True,CS_MAP
335529,15,bench,a photo of a bench,0.6297440065014221,all,,CS_POS3_CASR,0.7103297269448737,0.9551777742346939,0.8306348369606145,1.0,0.7103297269448737,5515,5515,0,True,0.0,-1,True,False,0.08058572044345158,1,True,CS_MAP
335529,9,boat,a photo of a boat,0.062072892938496584,all,,CS_POS3_SAM,0.4065934065934066,0.9817044005102041,0.578125,0.5263598326359833,0.6411824668705403,1195,629,0,True,0.0,-1,True,False,0.34452051365491,1,True,CS_MAP
335529,9,boat,a photo of a boat,0.062072892938496584,all,,CS_POS3_SMART,0.009703561526978034,0.8149115114795918,0.0192206146372373,0.010721017907634307,0.09276248725790011,8488,91,115,False,0.007126479519117556,15,True,False,-0.05236933141151855,0,True,CS_MAP
335529,9,boat,a photo of a boat,0.062072892938496584,all,,CS_POS3_CASR,0.009703561526978034,0.8149115114795918,0.0192206146372373,0.010721017907634307,0.09276248725790011,8488,91,115,False,0.007126479519117556,15,True,False,-0.05236933141151855,0,True,CS_MAP
451084,1,person,a photo of a person,0.25963934906905145,all,,CS_POS3_SAM,0.8081019731098307,0.9780970982142857,0.8938676967648479,0.9204455051710422,0.8687816782429134,5028,4628,4,True,0.0006470397929472663,41,True,False,0.5484626240407793,0,True,CS_MAP
451084,1,person,a photo of a person,0.25963934906905145,all,,CS_POS3_SMART,0.8081019731098307,0.9780970982142857,0.8938676967648479,0.9204455051710422,0.8687816782429134,5028,4628,4,True,0.0006470397929472663,41,True,False,0.5484626240407793,0,True,CS_MAP
451084,1,person,a photo of a person,0.25963934906905145,all,,CS_POS3_CASR,0.8081019731098307,0.9780970982142857,0.8938676967648479,0.9204455051710422,0.8687816782429134,5028,4628,4,True,0.0006470397929472663,41,True,False,0.5484626240407793,0,True,CS_MAP
451084,41,skateboard,a photo of a skateboard,0.044612243325499866,all,,CS_POS3_SAM,0.6569435637285986,0.9892179528061225,0.7929582854955989,0.7120274914089347,0.8946459412780656,1455,1036,351,True,0.05507156191661481,1,True,False,0.6123313204030988,1,True,CS_MAP
451084,41,skateboard,a photo of a skateboard,0.044612243325499866,all,,CS_POS3_SMART,0.6569435637285986,0.9892179528061225,0.7929582854955989,0.7120274914089347,0.8946459412780656,1455,1036,351,True,0.05507156191661481,1,True,False,0.6123313204030988,1,True,CS_MAP
451084,41,skateboard,a photo of a skateboard,0.044612243325499866,all,,CS_POS3_CASR,0.6569435637285986,0.9892179528061225,0.7929582854955989,0.7120274914089347,0.8946459412780656,1455,1036,351,True,0.05507156191661481,1,True,False,0.6123313204030988,1,True,CS_MAP
458702,14,parking meter,a photo of a parking meter,0.16123244130011277,all,,CS_POS3_SAM,0.74096829687884,0.9789939413265306,0.8512140033879164,0.7654226961157654,0.958664546899841,3939,3015,0,True,0.0,-1,True,False,0.5797358555787273,1,True,CS_MAP
458702,14,parking meter,a photo of a parking meter,0.16123244130011277,all,,CS_POS3_SMART,0.5635656041512231,0.9530652104591837,0.7208723479909921,0.5746409674981103,0.9669316375198728,5292,3041,0,True,0.0,-1,True,False,0.40233316285111037,0,True,CS_MAP
458702,14,parking meter,a photo of a parking meter,0.16123244130011277,all,,CS_POS3_CASR,0.5635656041512231,0.9530652104591837,0.7208723479909921,0.5746409674981103,0.9669316375198728,5292,3041,0,True,0.0,-1,True,False,0.40233316285111037,0,True,CS_MAP
458702,3,car,a photo of a car,0.08153549475714114,all,,CS_POS3_SAM,0.79375,0.9940808354591837,0.8850174216027874,0.9777587681779298,0.8083451202263083,1169,1143,0,True,0.0,-1,True,False,0.7122145052428588,1,True,CS_MAP
458702,3,car,a photo of a car,0.08153549475714114,all,,CS_POS3_SMART,0.79375,0.9940808354591837,0.8850174216027874,0.9777587681779298,0.8083451202263083,1169,1143,0,True,0.0,-1,True,False,0.7122145052428588,1,True,CS_MAP
458702,3,car,a photo of a car,0.08153549475714114,all,,CS_POS3_CASR,0.79375,0.9940808354591837,0.8850174216027874,0.9777587681779298,0.8083451202263083,1169,1143,0,True,0.0,-1,True,False,0.7122145052428588,1,True,CS_MAP
499622,1,person,a photo of a person,0.1169532938633587,all,,CS_POS3_SAM,0.4773470340962167,0.9553970025510204,0.6462219411950679,0.6642833929151771,0.6291166512773161,3077,2044,947,True,0.08501920614596671,4,True,False,0.360393740232858,1,True,CS_MAP
499622,1,person,a photo of a person,0.1169532938633587,all,,CS_POS3_SMART,0.4773470340962167,0.9553970025510204,0.6462219411950679,0.6642833929151771,0.6291166512773161,3077,2044,947,True,0.08501920614596671,4,True,False,0.360393740232858,1,True,CS_MAP
499622,1,person,a photo of a person,0.1169532938633587,all,,CS_POS3_CASR,0.4773470340962167,0.9553970025510204,0.6462219411950679,0.6642833929151771,0.6291166512773161,3077,2044,947,True,0.08501920614596671,4,True,False,0.360393740232858,1,True,CS_MAP
499622,4,motorcycle,a photo of a motorcycle,0.564982362911723,all,,CS_POS3_SAM,0.09990087793826112,0.7466318558673469,0.18165432893466366,0.8479567307692307,0.10172301924879244,1664,1411,0,True,0.0,-1,True,False,-0.46508148497346186,2,True,CS_MAP
499622,4,motorcycle,a photo of a motorcycle,0.564982362911723,all,,CS_POS3_SMART,0.7524484387602258,0.9143614477040817,0.8587396035372629,0.7892796712593667,0.9416047869656117,16548,13061,2297,True,0.15927856180828015,1,True,False,0.18746607584850283,0,True,CS_MAP
499622,4,motorcycle,a photo of a motorcycle,0.564982362911723,all,,CS_POS3_CASR,0.7524484387602258,0.9143614477040817,0.8587396035372629,0.7892796712593667,0.9416047869656117,16548,13061,2297,True,0.15927856180828015,1,True,False,0.18746607584850283,0,True,CS_MAP
458109,1,person,a photo of a person,0.023236889692585895,all,,CS_POS3_SAM,0.0240531561461794,0.560905612244898,0.04697638203996886,0.0240531561461794,1.0,22575,543,21588,False,0.9167771333885667,7,False,True,0.000816266453593506,0,True,CS_MAP
458109,1,person,a photo of a person,0.023236889692585895,all,,CS_POS3_SMART,0.0240531561461794,0.560905612244898,0.04697638203996886,0.0240531561461794,1.0,22575,543,21588,False,0.9167771333885667,7,False,True,0.000816266453593506,0,True,CS_MAP
458109,1,person,a photo of a person,0.023236889692585895,all,,CS_POS3_CASR,0.023236889692585895,0.5693957270408163,0.0454183971017054,0.023267393961341722,0.9465930018416207,22091,514,10462,False,0.31530263422481397,7,False,False,0.0,0,False,CS_MAP
458109,7,train,a photo of a train,0.43484921302414997,all,,CS_POS3_SAM,0.9101939709463431,0.9573700573979592,0.9529859111589775,0.9944039264253933,0.9148801485482781,21801,21679,0,True,0.024907114352552634,1,True,False,0.47534475792219316,0,True,CS_MAP
458109,7,train,a photo of a train,0.43484921302414997,all,,CS_POS3_SMART,0.9101939709463431,0.9573700573979592,0.9529859111589775,0.9944039264253933,0.9148801485482781,21801,21679,0,True,0.024907114352552634,1,True,False,0.47534475792219316,0,True,CS_MAP
458109,7,train,a photo of a train,0.43484921302414997,all,,CS_POS3_CASR,0.43484921302414997,0.6250199298469388,0.6061253113944189,0.6013791384538695,0.6109469952734639,24073,14477,0,True,0.0013423910832689257,1,True,False,0.0,0,False,CS_MAP
192191,59,pizza,a photo of a pizza,0.264435249799296,all,,CS_POS3_SAM,0.5757534433383336,0.9379982461734694,0.7307659022068369,0.5805032311288326,0.9859878561419897,7273,4222,3051,True,0.20000549994500055,79,True,False,0.31131819353903756,1,True,CS_MAP
192191,59,pizza,a photo of a pizza,0.264435249799296,all,,CS_POS3_SMART,0.5757534433383336,0.9379982461734694,0.7307659022068369,0.5805032311288326,0.9859878561419897,7273,4222,3051,True,0.20000549994500055,79,True,False,0.31131819353903756,1,True,CS_MAP
192191,59,pizza,a photo of a pizza,0.264435249799296,all,,CS_POS3_CASR,0.5757534433383336,0.9379982461734694,0.7307659022068369,0.5805032311288326,0.9859878561419897,7273,4222,3051,True,0.20000549994500055,79,True,False,0.31131819353903756,1,True,CS_MAP
192191,79,oven,a photo of a oven,0.5336059421827687,all,,CS_POS3_SAM,0.5160323396766032,0.6492546237244898,0.6807669284768452,1.0,0.5160323396766032,18765,18765,0,True,0.22805989236425642,59,True,False,-0.017573602506165464,0,True,CS_MAP
192191,79,oven,a photo of a oven,0.5336059421827687,all,,CS_POS3_SMART,0.31104938950610495,0.5006975446428571,0.4745044572627163,1.0,0.31104938950610495,11311,11311,0,True,0.3059463986599665,59,True,False,-0.22255655267666374,1,True,CS_MAP
192191,79,oven,a photo of a oven,0.5336059421827687,all,,CS_POS3_CASR,0.31104938950610495,0.5006975446428571,0.4745044572627163,1.0,0.31104938950610495,11311,11311,0,True,0.3059463986599665,59,True,False,-0.22255655267666374,1,True,CS_MAP
78565,1,person,a photo of a person,0.028307022318998367,all,,CS_POS3_SAM,0.31388206388206386,0.9777383609693877,0.4777933613838242,0.5900692840646651,0.401413982717989,866,511,39,True,0.028931750741839762,9,True,False,0.2855750415630655,1,True,CS_MAP
78565,1,person,a photo of a person,0.028307022318998367,all,,CS_POS3_SMART,0.006806537267661468,0.47072305484693877,0.013521043051892575,0.007096069868995633,0.1429693637077769,25648,182,62,True,0.0028751319285220366,9,True,False,-0.0215004850513369,0,True,CS_MAP
78565,1,person,a photo of a person,0.028307022318998367,all,,CS_POS3_CASR,0.028307022318998367,0.4663783482142857,0.05505558496559026,0.028822703421772226,0.612725844461901,27062,780,136,True,0.004159445407279029,9,True,False,0.0,0,False,CS_MAP
78565,9,boat,a photo of a boat,0.14078137741863742,all,,CS_POS3_SAM,0.008423300510143552,0.8334263392857143,0.016705882352941178,0.010770631067961165,0.037211740041928724,6592,71,20,True,0.004854989140155871,1,True,False,-0.13235807690849385,0,True,CS_MAP
78565,9,boat,a photo of a boat,0.14078137741863742,all,,CS_POS3_SMART,0.5102244389027432,0.9804288903061225,0.6756935270805813,0.9133928571428571,0.5361635220125787,1120,1023,40,True,0.04818221638195357,1,True,False,0.3694430614841058,1,True,CS_MAP
78565,9,boat,a photo of a boat,0.14078137741863742,all,,CS_POS3_CASR,0.5102244389027432,0.9804288903061225,0.6756935270805813,0.9133928571428571,0.5361635220125787,1120,1023,40,True,0.04818221638195357,1,True,False,0.3694430614841058,1,True,CS_MAP
118515,15,bench,a photo of a bench,0.8096862210095498,all,,CS_POS3_SAM,0.43143052080964295,0.9003507653061225,0.6027963139497935,0.9978958442924777,0.4318233553380378,3802,3794,0,True,0.00010295480284155256,17,True,False,-0.37825570019990684,1,True,CS_MAP
118515,15,bench,a photo of a bench,0.8096862210095498,all,,CS_POS3_SMART,0.8199217050891692,0.9669961734693877,0.9010516252390057,0.9484276729559749,0.858183473708172,7950,7540,37,True,0.0027488425925925927,17,True,False,0.010235484079619384,0,True,CS_MAP
118515,15,bench,a photo of a bench,0.8096862210095498,all,,CS_POS3_CASR,0.8199217050891692,0.9669961734693877,0.9010516252390057,0.9484276729559749,0.858183473708172,7950,7540,37,True,0.0027488425925925927,17,True,False,0.010235484079619384,0,True,CS_MAP
118515,17,cat,a photo of a cat,0.5161966297040077,all,,CS_POS3_SAM,0.9111889224892568,0.9888791454081632,0.953530979347102,0.9391404199475065,0.9683694181326117,6096,5725,57,True,0.01583617747440273,15,True,False,0.39499229278524906,1,True,CS_MAP
118515,17,cat,a photo of a cat,0.5161966297040077,all,,CS_POS3_SMART,0.9111889224892568,0.9888791454081632,0.953530979347102,0.9391404199475065,0.9683694181326117,6096,5725,57,True,0.01583617747440273,15,True,False,0.39499229278524906,1,True,CS_MAP
118515,17,cat,a photo of a cat,0.5161966297040077,all,,CS_POS3_CASR,0.9111889224892568,0.9888791454081632,0.953530979347102,0.9391404199475065,0.9683694181326117,6096,5725,57,True,0.01583617747440273,15,True,False,0.39499229278524906,1,True,CS_MAP
511076,15,bench,a photo of a bench,0.08586574292762295,all,,CS_POS3_SAM,0.6483050847457628,0.9834582270408163,0.7866323907455013,0.6790945406125166,0.9346365302382407,2253,1530,686,True,0.308411214953271,31,True,False,0.5624393418181398,1,True,CS_MAP
511076,15,bench,a photo of a bench,0.08586574292762295,all,,CS_POS3_SMART,0.48184121621621623,0.9755460778061225,0.6503277286976347,0.6095085470085471,0.6970067196090409,1872,1141,687,True,0.35356068204613844,31,True,False,0.3959754732885933,2,True,CS_MAP
511076,15,bench,a photo of a bench,0.08586574292762295,all,,CS_POS3_CASR,0.48184121621621623,0.9755460778061225,0.6503277286976347,0.6095085470085471,0.6970067196090409,1872,1141,687,True,0.35356068204613844,31,True,False,0.3959754732885933,2,True,CS_MAP
511076,31,handbag,a photo of a handbag,0.03631652907078869,all,,CS_POS3_SAM,0.20835768556399767,0.9460100446428571,0.34486094316807736,0.21553808948004838,0.8621523579201935,3308,713,2525,False,0.42915254237288136,1,False,False,0.17204115649320897,0,True,CS_MAP
511076,31,handbag,a photo of a handbag,0.03631652907078869,all,,CS_POS3_SMART,0.20835768556399767,0.9460100446428571,0.34486094316807736,0.21553808948004838,0.8621523579201935,3308,713,2525,False,0.42915254237288136,1,False,False,0.17204115649320897,0,True,CS_MAP
511076,31,handbag,a photo of a handbag,0.03631652907078869,all,,CS_POS3_CASR,0.20835768556399767,0.9460100446428571,0.34486094316807736,0.21553808948004838,0.8621523579201935,3308,713,2525,False,0.42915254237288136,1,False,False,0.17204115649320897,0,True,CS_MAP
452084,67,dining table,a photo of a dining table,0.40047139490036426,all,,CS_POS3_SAM,0.7368943482846331,0.9154775191326531,0.8485194842304533,0.8492778492778493,0.8477624723431589,13986,11878,798,True,0.03739452626334963,51,True,False,0.3364229533842688,1,True,CS_MAP
452084,67,dining table,a photo of a dining table,0.40047139490036426,all,,CS_POS3_SMART,0.5819806862543662,0.8378109056122449,0.735762062471589,0.6749270268660272,0.8086503461565913,16787,11330,4589,True,0.12998807969574844,48,True,False,0.1815092913540019,0,True,CS_MAP
452084,67,dining table,a photo of a dining table,0.40047139490036426,all,,CS_POS3_CASR,0.40047139490036426,0.6654177295918368,0.5719094247246022,0.44491172386431266,0.8003711369638141,25205,11214,10842,True,0.24697614514503305,51,True,False,0.0,0,False,CS_MAP
452084,58,hot dog,a photo of a hot dog,0.058590831172256164,all,,CS_POS3_SAM,0.5847766636280766,0.9818439094387755,0.7379925222893299,0.5984141791044776,0.9624906226556639,2144,1283,861,True,0.11090420028967515,51,True,False,0.5261858324558204,2,True,CS_MAP
452084,58,hot dog,a photo of a hot dog,0.058590831172256164,all,,CS_POS3_SMART,0.5847766636280766,0.9818439094387755,0.7379925222893299,0.5984141791044776,0.9624906226556639,2144,1283,861,True,0.11090420028967515,51,True,False,0.5261858324558204,2,True,CS_MAP
452084,58,hot dog,a photo of a hot dog,0.058590831172256164,all,,CS_POS3_CASR,0.058590831172256164,0.5731425382653061,0.11069589769141339,0.058590831172256164,1.0,22751,1333,14275,False,0.4136042996305005,51,False,False,0.0,2,False,CS_MAP
447465,36,snowboard,a photo of a snowboard,0.04359167071930678,all,,CS_POS3_SAM,0.0,0.9068279655612245,0.0,0.0,0.0,3129,0,2082,False,0.11745989659286755,1,False,False,-0.04359167071930678,1,True,CS_MAP
447465,36,snowboard,a photo of a snowboard,0.04359167071930678,all,,CS_POS3_SMART,0.0,0.7822464923469388,0.0,0.0,0.0,9380,0,8673,False,0.5713994288045695,1,False,True,-0.04359167071930678,0,True,CS_MAP
447465,36,snowboard,a photo of a snowboard,0.04359167071930678,all,,CS_POS3_CASR,0.0,0.7822464923469388,0.0,0.0,0.0,9380,0,8673,False,0.5713994288045695,1,False,True,-0.04359167071930678,0,True,CS_MAP
447465,1,person,a photo of a person,0.4513653483992467,all,,CS_POS3_SAM,0.2270903133168882,0.5816127232142857,0.37012811665516515,0.3146938775510204,0.44926797290407167,19600,6168,0,True,0.0,-1,True,False,-0.2242750350823585,0,True,CS_MAP
447465,1,person,a photo of a person,0.4513653483992467,all,,CS_POS3_SMART,0.2270903133168882,0.5816127232142857,0.37012811665516515,0.3146938775510204,0.44926797290407167,19600,6168,0,True,0.0,-1,True,False,-0.2242750350823585,0,True,CS_MAP
447465,1,person,a photo of a person,0.4513653483992467,all,,CS_POS3_CASR,0.2270903133168882,0.5816127232142857,0.37012811665516515,0.3146938775510204,0.44926797290407167,19600,6168,0,True,0.0,-1,True,False,-0.2242750350823585,0,True,CS_MAP
26204,8,truck,a photo of a truck,0.06913404718532012,all,,CS_POS3_SAM,0.15706091231903851,0.9384964923469388,0.27148253068932954,0.22781299524564183,0.3358644859813084,2524,575,1886,False,0.41872659176029964,6,False,False,0.08792686513371839,1,True,CS_MAP
26204,8,truck,a photo of a truck,0.06913404718532012,all,,CS_POS3_SMART,0.27480586712683347,0.9329958545918368,0.4311336717428088,0.303477846593616,0.7441588785046729,4198,1274,2811,False,0.6110381077529566,6,False,True,0.20567181994151335,0,True,CS_MAP
26204,8,truck,a photo of a truck,0.06913404718532012,all,,CS_POS3_CASR,0.27480586712683347,0.9329958545918368,0.4311336717428088,0.303477846593616,0.7441588785046729,4198,1274,2811,False,0.6110381077529566,6,False,True,0.20567181994151335,0,True,CS_MAP
26204,6,bus,a photo of a bus,0.13300774375219993,all,,CS_POS3_SAM,0.730014360938248,0.9775191326530612,0.843940232429441,0.7493857493857494,0.9658011399620012,4070,3050,807,True,0.1584852734922861,8,True,False,0.5970066171860481,0,True,CS_MAP
26204,6,bus,a photo of a bus,0.13300774375219993,all,,CS_POS3_SMART,0.730014360938248,0.9775191326530612,0.843940232429441,0.7493857493857494,0.9658011399620012,4070,3050,807,True,0.1584852734922861,8,True,False,0.5970066171860481,0,True,CS_MAP
26204,6,bus,a photo of a bus,0.13300774375219993,all,,CS_POS3_CASR,0.730014360938248,0.9775191326530612,0.843940232429441,0.7493857493857494,0.9658011399620012,4070,3050,807,True,0.1584852734922861,8,True,False,0.5970066171860481,0,True,CS_MAP
353970,17,cat,a photo of a cat,0.8277108912464736,all,,CS_POS3_SAM,0.1926016370460815,0.644172512755102,0.32299408463521917,0.9513066785794059,0.1945192966430692,4477,4259,1,True,0.00013167423793534794,62,True,False,-0.6351092542003921,2,True,CS_MAP
353970,17,cat,a photo of a cat,0.8277108912464736,all,,CS_POS3_SMART,0.9121004066996108,0.9599410076530612,0.9540298234379289,0.9554720784277796,0.9525919159625486,21829,20857,176,True,0.005391971018155778,62,True,False,0.08438951545313722,0,True,CS_MAP
353970,17,cat,a photo of a cat,0.8277108912464736,all,,CS_POS3_CASR,0.9121004066996108,0.9599410076530612,0.9540298234379289,0.9554720784277796,0.9525919159625486,21829,20857,176,True,0.005391971018155778,62,True,False,0.08438951545313722,0,True,CS_MAP
353970,62,chair,a photo of a chair,0.714250151143355,all,,CS_POS3_SAM,0.22089137536139375,0.5864556760204082,0.3618526263993111,0.8898805021933142,0.22709901563404747,6611,5883,602,True,0.0222333787563652,17,True,False,-0.49335877578196125,1,True,CS_MAP
353970,62,chair,a photo of a chair,0.714250151143355,all,,CS_POS3_SMART,0.22089137536139375,0.5864556760204082,0.3618526263993111,0.8898805021933142,0.22709901563404747,6611,5883,602,True,0.0222333787563652,17,True,False,-0.49335877578196125,1,True,CS_MAP
353970,62,chair,a photo of a chair,0.714250151143355,all,,CS_POS3_CASR,0.714250151143355,0.8398636798469388,0.8333091301371284,0.9007085837294825,0.7752943447210963,22298,20084,1030,True,0.02521690715909618,17,True,False,0.0,1,False,CS_MAP
248631,73,laptop,a photo of a laptop,0.5901927784577723,all,,CS_POS3_SAM,0.9758668242710796,0.990234375,0.9877860312079366,0.9975833249421004,0.9781793048973144,19862,19814,0,True,0.0,-1,True,False,0.38567404581330733,0,True,CS_MAP
248631,73,laptop,a photo of a laptop,0.5901927784577723,all,,CS_POS3_SMART,0.9758668242710796,0.990234375,0.9877860312079366,0.9975833249421004,0.9781793048973144,19862,19814,0,True,0.0,-1,True,False,0.38567404581330733,0,True,CS_MAP
248631,73,laptop,a photo of a laptop,0.5901927784577723,all,,CS_POS3_CASR,0.9758668242710796,0.990234375,0.9877860312079366,0.9975833249421004,0.9781793048973144,19862,19814,0,True,0.0,-1,True,False,0.38567404581330733,0,True,CS_MAP
248631,74,mouse,a photo of a mouse,0.1251621271076524,all,,CS_POS3_SAM,0.9541518084564442,0.9982063137755102,0.9765380604796663,0.9826862539349422,0.9704663212435233,1906,1873,0,True,0.0,-1,True,False,0.8289896813487918,1,True,CS_MAP
248631,74,mouse,a photo of a mouse,0.1251621271076524,all,,CS_POS3_SMART,0.9541518084564442,0.9982063137755102,0.9765380604796663,0.9826862539349422,0.9704663212435233,1906,1873,0,True,0.0,-1,True,False,0.8289896813487918,1,True,CS_MAP
248631,74,mouse,a photo of a mouse,0.1251621271076524,all,,CS_POS3_CASR,0.9541518084564442,0.9982063137755102,0.9765380604796663,0.9826862539349422,0.9704663212435233,1906,1873,0,True,0.0,-1,True,False,0.8289896813487918,1,True,CS_MAP
349594,1,person,a photo of a person,0.790919713854134,all,,CS_POS3_SAM,0.924338282763073,0.9532844387755102,0.9606816961889426,0.9998603351955307,0.9244576446280992,28640,28636,0,True,0.048654497225227744,60,True,False,0.133418568908939,0,True,CS_MAP
349594,1,person,a photo of a person,0.790919713854134,all,,CS_POS3_SMART,0.924338282763073,0.9532844387755102,0.9606816961889426,0.9998603351955307,0.9244576446280992,28640,28636,0,True,0.048654497225227744,60,True,False,0.133418568908939,0,True,CS_MAP
349594,1,person,a photo of a person,0.790919713854134,all,,CS_POS3_CASR,0.790919713854134,0.8537946428571429,0.883255355039944,0.8709748289498462,0.8958871384297521,31862,27751,0,True,0.0003307673803223479,60,True,False,0.0,0,False,CS_MAP
349594,60,donut,a photo of a donut,0.10459316608352565,all,,CS_POS3_SAM,0.9048611111111111,0.9972696109693877,0.9500546846518411,0.9738415545590433,0.9274021352313168,1338,1303,35,True,0.04319473140495868,1,True,False,0.8002679450275855,2,True,CS_MAP
349594,60,donut,a photo of a donut,0.10459316608352565,all,,CS_POS3_SMART,0.3736871199557767,0.9548389668367347,0.5440643863179074,0.37924263674614306,0.9622775800711744,3565,1352,2213,False,0.11508910123966942,1,True,False,0.26909395387225105,1,True,CS_MAP
349594,60,donut,a photo of a donut,0.10459316608352565,all,,CS_POS3_CASR,0.3736871199557767,0.9548389668367347,0.5440643863179074,0.37924263674614306,0.9622775800711744,3565,1352,2213,False,0.11508910123966942,1,True,False,0.26909395387225105,1,True,CS_MAP
252219,1,person,a photo of a person,0.11448179394151331,all,,CS_POS3_SAM,0.019095145791231904,0.5259885204081632,0.03747470659651963,0.02106556258246508,0.16953496887586963,21979,463,11,True,0.0004813372423751805,10,True,False,-0.0953866481502814,0,True,CS_MAP
252219,1,person,a photo of a person,0.11448179394151331,all,,CS_POS3_SMART,0.019095145791231904,0.5259885204081632,0.03747470659651963,0.02106556258246508,0.16953496887586963,21979,463,11,True,0.0004813372423751805,10,True,False,-0.0953866481502814,0,True,CS_MAP
252219,1,person,a photo of a person,0.11448179394151331,all,,CS_POS3_CASR,0.11448179394151331,0.5962611607142857,0.20544399121430812,0.1150450252580716,0.9589893811790553,22765,2619,0,True,0.001185510428100988,47,True,False,0.0,0,False,CS_MAP
252219,10,traffic light,a photo of a traffic light,0.02815768302493966,all,,CS_POS3_SAM,0.0015640273704789834,0.8982182716836735,0.0031231700175678315,0.0018876828692779614,0.00903954802259887,4238,8,29,False,0.004178674351585014,1,False,False,-0.026593655654460677,1,True,CS_MAP
252219,10,traffic light,a photo of a traffic light,0.02815768302493966,all,,CS_POS3_SMART,0.0015640273704789834,0.8982182716836735,0.0031231700175678315,0.0018876828692779614,0.00903954802259887,4238,8,29,False,0.004178674351585014,1,False,False,-0.026593655654460677,1,True,CS_MAP
252219,10,traffic light,a photo of a traffic light,0.02815768302493966,all,,CS_POS3_CASR,0.0015640273704789834,0.8982182716836735,0.0031231700175678315,0.0018876828692779614,0.00903954802259887,4238,8,29,False,0.004178674351585014,1,False,False,-0.026593655654460677,1,True,CS_MAP
132329,82,refrigerator,a photo of a refrigerator,0.5290732952524428,all,,CS_POS3_SAM,0.2760044432335003,0.31154336734693877,0.43260733878650504,0.9944872375774052,0.2764273719563392,13242,13169,0,True,5.3307745615437925e-05,44,True,False,-0.2530688520189425,0,True,CS_MAP
132329,82,refrigerator,a photo of a refrigerator,0.5290732952524428,all,,CS_POS3_SMART,0.2760044432335003,0.31154336734693877,0.43260733878650504,0.9944872375774052,0.2764273719563392,13242,13169,0,True,5.3307745615437925e-05,44,True,False,-0.2530688520189425,0,True,CS_MAP
132329,82,refrigerator,a photo of a refrigerator,0.5290732952524428,all,,CS_POS3_CASR,0.5290732952524428,0.5514389349489796,0.6920182268503948,0.9939856126420064,0.5307724601175483,25439,25286,0,True,0.019697618498633024,44,True,False,0.0,0,False,CS_MAP
132329,44,bottle,a photo of a bottle,0.3004157377839369,all,,CS_POS3_SAM,0.4832142857142857,0.9423230229591837,0.6515771731278593,0.9705882352941176,0.4903950706777818,2788,2706,82,True,0.05852225020990764,82,True,False,0.18279854793034883,0,True,CS_MAP
132329,44,bottle,a photo of a bottle,0.3004157377839369,all,,CS_POS3_SMART,0.3261926192619262,0.9254025829081632,0.4919234423781729,0.9799891833423472,0.3283798477709315,1849,1812,37,True,0.038811922753988246,82,True,False,0.025776881477989344,2,True,CS_MAP
132329,44,bottle,a photo of a bottle,0.3004157377839369,all,,CS_POS3_CASR,0.3261926192619262,0.9254025829081632,0.4919234423781729,0.9799891833423472,0.3283798477709315,1849,1812,37,True,0.038811922753988246,82,True,False,0.025776881477989344,2,True,CS_MAP
435003,72,tv,a photo of a tv,0.2201480049087055,all,,CS_POS3_SAM,0.6506195147134745,0.9460499043367347,0.7883337242943155,0.9901787468080927,0.6548454143933489,5091,5041,7,True,0.0008631319358816276,73,True,False,0.43047150980476895,1,True,CS_MAP
435003,72,tv,a photo of a tv,0.2201480049087055,all,,CS_POS3_SMART,0.8047086067155539,0.9697464923469388,0.8917878528656972,0.9881516587677726,0.8125487139516757,6330,6255,24,True,0.002571795970852979,73,True,False,0.5845606018068483,0,True,CS_MAP
435003,72,tv,a photo of a tv,0.2201480049087055,all,,CS_POS3_CASR,0.8047086067155539,0.9697464923469388,0.8917878528656972,0.9881516587677726,0.8125487139516757,6330,6255,24,True,0.002571795970852979,73,True,False,0.5845606018068483,0,True,CS_MAP
435003,62,chair,a photo of a chair,0.3740824943163365,all,,CS_POS3_SAM,0.15384615384615385,0.8759167729591837,0.26666666666666666,0.5603960396039604,0.1749613601236476,2020,1132,0,True,0.0,-1,True,False,-0.22023634047018265,2,True,CS_MAP
435003,62,chair,a photo of a chair,0.3740824943163365,all,,CS_POS3_SMART,0.7167723486261345,0.9545998086734694,0.8350231749710313,0.7856364131916054,0.8910355486862442,7338,5765,0,True,0.0,-1,True,False,0.342689854309798,0,True,CS_MAP
435003,62,chair,a photo of a chair,0.3740824943163365,all,,CS_POS3_CASR,0.7167723486261345,0.9545998086734694,0.8350231749710313,0.7856364131916054,0.8910355486862442,7338,5765,0,True,0.0,-1,True,False,0.342689854309798,0,True,CS_MAP
163290,24,zebra,a photo of a zebra,0.3000392618767177,all,,CS_POS3_SAM,0.7629456154046318,0.9818439094387755,0.8655350553505535,0.9935615045747205,0.7667364016736402,2951,2932,0,True,0.0,-1,True,False,0.4629063535279141,1,True,CS_MAP
163290,24,zebra,a photo of a zebra,0.3000392618767177,all,,CS_POS3_SMART,0.7629456154046318,0.9818439094387755,0.8655350553505535,0.9935615045747205,0.7667364016736402,2951,2932,0,True,0.0,-1,True,False,0.4629063535279141,1,True,CS_MAP
163290,24,zebra,a photo of a zebra,0.3000392618767177,all,,CS_POS3_CASR,0.7629456154046318,0.9818439094387755,0.8655350553505535,0.9935615045747205,0.7667364016736402,2951,2932,0,True,0.0,-1,True,False,0.4629063535279141,1,True,CS_MAP
163290,25,giraffe,a photo of a giraffe,0.0779281819890957,all,,CS_POS3_SAM,0.31808235528148,0.9316804846938775,0.4826441291880471,0.3257946210268949,0.9307334109429569,4908,1599,5,True,0.0005729345708720064,24,True,False,0.2401541732923843,0,True,CS_MAP
163290,25,giraffe,a photo of a giraffe,0.0779281819890957,all,,CS_POS3_SMART,0.36030254412101764,0.9443757971938775,0.5297388374052232,0.37277685558453877,0.9150174621653085,4217,1572,3,True,0.0003732271709380443,24,True,False,0.28237436213192196,1,True,CS_MAP
163290,25,giraffe,a photo of a giraffe,0.0779281819890957,all,,CS_POS3_CASR,0.36030254412101764,0.9443757971938775,0.5297388374052232,0.37277685558453877,0.9150174621653085,4217,1572,3,True,0.0003732271709380443,24,True,False,0.28237436213192196,1,True,CS_MAP
239347,1,person,a photo of a person,0.17180984153461218,all,,CS_POS3_SAM,0.2340120903595291,0.9040377869897959,0.3792703364702849,0.4862809917355372,0.31086221470836856,3025,1471,204,True,0.10984326841104335,65,True,False,0.06220224882491693,1,True,CS_MAP
239347,1,person,a photo of a person,0.17180984153461218,all,,CS_POS3_SMART,0.2049991750536215,0.8079360650510204,0.3402478263846101,0.25164556962025314,0.5251479289940828,9875,2485,1132,True,0.17938287528524655,65,True,False,0.03318933351900932,0,True,CS_MAP
239347,1,person,a photo of a person,0.17180984153461218,all,,CS_POS3_CASR,0.17180984153461218,0.5844029017857143,0.29323843416370104,0.17462560045210512,0.9142011834319527,24773,4326,6175,False,0.3719799907758896,65,False,False,0.0,0,False,CS_MAP
239347,65,bed,a photo of a bed,0.43585204509456815,all,,CS_POS3_SAM,0.18774277082434182,0.6624282525510204,0.31613372093023256,0.36019873033397737,0.28167494064321175,10869,3915,13,True,0.10527807297201558,1,True,False,-0.24810927427022633,2,True,CS_MAP
239347,65,bed,a photo of a bed,0.43585204509456815,all,,CS_POS3_SMART,0.5407062285434037,0.7760283801020408,0.7018939996816808,0.5559057103239632,0.9518670407943017,23799,13230,16,True,0.19511582122062582,1,True,False,0.10485418344883551,0,True,CS_MAP
239347,65,bed,a photo of a bed,0.43585204509456815,all,,CS_POS3_CASR,0.5407062285434037,0.7760283801020408,0.7018939996816808,0.5559057103239632,0.9518670407943017,23799,13230,16,True,0.19511582122062582,1,True,False,0.10485418344883551,0,True,CS_MAP
9590,1,person,a photo of a person,0.3334264506345279,all,,CS_POS3_SAM,0.4232102794207628,0.8872767857142857,0.5947262826024649,0.9140969162995595,0.4407391673746814,4540,4150,0,True,0.0,-1,True,False,0.08978382878623486,0,True,CS_MAP
9590,1,person,a photo of a person,0.3334264506345279,all,,CS_POS3_SMART,0.2742935182267045,0.8623246173469388,0.43050288540807913,0.9620486366985999,0.27729396771452847,2714,2611,0,True,0.0,-1,True,False,-0.05913293240782341,2,True,CS_MAP
9590,1,person,a photo of a person,0.3334264506345279,all,,CS_POS3_CASR,0.3334264506345279,0.6671117665816326,0.5001047496483405,0.34816852106513313,0.8873194562446899,23997,8355,1710,True,0.055902560899437855,67,True,False,0.0,2,False,CS_MAP
9590,51,bowl,a photo of a bowl,0.056280067234683824,all,,CS_POS3_SAM,0.45635673624288425,0.9885801977040817,0.6267100977198697,0.8528368794326241,0.49536560247167866,564,481,83,True,0.1691860465116279,47,True,False,0.40007666900820044,1,True,CS_MAP
9590,51,bowl,a photo of a bowl,0.056280067234683824,all,,CS_POS3_SMART,0.45635673624288425,0.9885801977040817,0.6267100977198697,0.8528368794326241,0.49536560247167866,564,481,83,True,0.1691860465116279,47,True,False,0.40007666900820044,1,True,CS_MAP
9590,51,bowl,a photo of a bowl,0.056280067234683824,all,,CS_POS3_CASR,0.45635673624288425,0.9885801977040817,0.6267100977198697,0.8528368794326241,0.49536560247167866,564,481,83,True,0.1691860465116279,47,True,False,0.40007666900820044,1,True,CS_MAP
162581,43,tennis racket,a photo of a tennis racket,0.028341156673456734,all,,CS_POS3_SAM,0.012784220619121541,0.13815369897959184,0.02524569470742043,0.01280761138047754,0.875,43724,560,363,True,0.007364726409543712,1,True,False,-0.015556936054335193,0,True,CS_MAP
162581,43,tennis racket,a photo of a tennis racket,0.028341156673456734,all,,CS_POS3_SMART,0.00922371008521397,0.15652901785714285,0.018278821619113896,0.009277136802448788,0.615625,42470,394,381,True,0.007934689797363434,1,True,False,-0.019117446588242763,1,True,CS_MAP
162581,43,tennis racket,a photo of a tennis racket,0.028341156673456734,all,,CS_POS3_CASR,0.028341156673456734,0.5626992984693877,0.05512014469037981,0.028341156673456734,1.0,22582,640,4425,False,0.18377345955821292,1,False,False,0.0,1,False,CS_MAP
162581,1,person,a photo of a person,0.2957345971563981,all,,CS_POS3_SAM,0.008207316822947657,0.03665098852040816,0.016281010236685187,0.009257330648707445,0.06747638326585695,43209,400,45,True,0.0010273034426079811,43,True,False,-0.28752728033345043,0,True,CS_MAP
162581,1,person,a photo of a person,0.2957345971563981,all,,CS_POS3_SMART,0.006523658946528787,0.30496651785714285,0.012962753311445715,0.007788056046796354,0.0386302294197031,29404,229,12,True,0.00039957378795950983,43,True,False,-0.2892109382098693,2,True,CS_MAP
162581,1,person,a photo of a person,0.2957345971563981,all,,CS_POS3_CASR,0.2957345971563981,0.7186503507653061,0.4564740307242136,0.2957345971563981,1.0,20045,5928,618,True,0.030848200936908203,43,True,False,0.0,2,False,CS_MAP
490125,16,bird,a photo of a bird,0.2856206088992974,all,,CS_POS3_SAM,0.4916417910447761,0.9660594706632653,0.6591955173103863,0.9336734693877551,0.5094339622641509,1764,1647,0,True,0.0,-1,True,False,0.2060211821454787,1,True,CS_MAP
490125,16,bird,a photo of a bird,0.2856206088992974,all,,CS_POS3_SMART,0.4916417910447761,0.9660594706632653,0.6591955173103863,0.9336734693877551,0.5094339622641509,1764,1647,0,True,0.0,-1,True,False,0.2060211821454787,1,True,CS_MAP
490125,16,bird,a photo of a bird,0.2856206088992974,all,,CS_POS3_CASR,0.4916417910447761,0.9660594706632653,0.6591955173103863,0.9336734693877551,0.5094339622641509,1764,1647,0,True,0.0,-1,True,False,0.2060211821454787,1,True,CS_MAP
490125,8,truck,a photo of a truck,0.2818985486692195,all,,CS_POS3_SAM,0.9373393316195373,0.9922273596938775,0.9676563277492122,0.96159551672985,0.9737940243698882,6067,5834,0,True,0.0,-1,True,False,0.6554407829503178,0,True,CS_MAP
490125,8,truck,a photo of a truck,0.2818985486692195,all,,CS_POS3_SMART,0.9373393316195373,0.9922273596938775,0.9676563277492122,0.96159551672985,0.9737940243698882,6067,5834,0,True,0.0,-1,True,False,0.6554407829503178,0,True,CS_MAP
490125,8,truck,a photo of a truck,0.2818985486692195,all,,CS_POS3_CASR,0.9373393316195373,0.9922273596938775,0.9676563277492122,0.96159551672985,0.9737940243698882,6067,5834,0,True,0.0,-1,True,False,0.6554407829503178,0,True,CS_MAP
313562,1,person,a photo of a person,0.8177171262427312,all,,CS_POS3_SAM,0.8690260914492379,0.9494778380102041,0.9299239806496199,0.9392450301541211,0.9207861170416598,17908,16820,0,True,0.0,-1,True,False,0.05130896520650674,0,True,CS_MAP
313562,1,person,a photo of a person,0.8177171262427312,all,,CS_POS3_SMART,0.8690260914492379,0.9494778380102041,0.9299239806496199,0.9392450301541211,0.9207861170416598,17908,16820,0,True,0.0,-1,True,False,0.05130896520650674,0,True,CS_MAP
313562,1,person,a photo of a person,0.8177171262427312,all,,CS_POS3_CASR,0.8690260914492379,0.9494778380102041,0.9299239806496199,0.9392450301541211,0.9207861170416598,17908,16820,0,True,0.0,-1,True,False,0.05130896520650674,0,True,CS_MAP
313562,57,carrot,a photo of a carrot,0.20352997296867548,all,,CS_POS3_SAM,0.8759385055416518,0.9930843431122449,0.9338669716028206,0.9117975437290659,0.95703125,2687,2450,31,True,0.005036212767998465,1,True,False,0.6724085325729763,0,True,CS_MAP
313562,57,carrot,a photo of a carrot,0.20352997296867548,all,,CS_POS3_SMART,0.7298136645962733,0.9861288265306123,0.8438061041292639,0.9915611814345991,0.734375,1896,1880,0,True,0.0003969238402381543,1,True,False,0.5262836916275978,1,True,CS_MAP
313562,57,carrot,a photo of a carrot,0.20352997296867548,all,,CS_POS3_CASR,0.7298136645962733,0.9861288265306123,0.8438061041292639,0.9915611814345991,0.734375,1896,1880,0,True,0.0003969238402381543,1,True,False,0.5262836916275978,1,True,CS_MAP
402720,1,person,a photo of a person,0.33227097276815754,all,,CS_POS3_SAM,0.38964435146443516,0.8371930803571429,0.5607828377869778,0.9819243080399171,0.39245936183022273,5311,5215,0,True,0.0030610825100876584,46,True,False,0.05737337869627762,0,True,CS_MAP
402720,1,person,a photo of a person,0.33227097276815754,all,,CS_POS3_SMART,0.38964435146443516,0.8371930803571429,0.5607828377869778,0.9819243080399171,0.39245936183022273,5311,5215,0,True,0.0030610825100876584,46,True,False,0.05737337869627762,0,True,CS_MAP
402720,1,person,a photo of a person,0.33227097276815754,all,,CS_POS3_CASR,0.33227097276815754,0.6242028061224489,0.4988038913401733,0.38559217555683406,0.7061258278145696,24334,9383,3,True,0.00012289541600098315,77,True,False,0.0,0,False,CS_MAP
402720,44,bottle,a photo of a bottle,0.03458789899952358,all,,CS_POS3_SAM,0.002488446498400284,0.8881536989795918,0.004964539007092199,0.002849002849002849,0.01928374655647383,4914,14,63,False,0.003639170710189678,1,False,False,-0.032099452501123296,0,True,CS_MAP
402720,44,bottle,a photo of a bottle,0.03458789899952358,all,,CS_POS3_SMART,0.25129533678756477,0.9827208227040817,0.40165631469979296,0.4024896265560166,0.40082644628099173,723,291,279,True,0.0719836400817996,46,True,False,0.2167074377880412,2,True,CS_MAP
402720,44,bottle,a photo of a bottle,0.03458789899952358,all,,CS_POS3_CASR,0.25129533678756477,0.9827208227040817,0.40165631469979296,0.4024896265560166,0.40082644628099173,723,291,279,True,0.0719836400817996,46,True,False,0.2167074377880412,2,True,CS_MAP
261888,2,bicycle,a photo of a bicycle,0.23277200525498626,all,,CS_POS3_SAM,0.07701245884707249,0.7150430484693877,0.14301126828098779,0.0934659981197117,0.30433673469387756,12764,1193,3,True,0.0011933965391500365,1,True,False,-0.15575954640791378,0,True,CS_MAP
261888,2,bicycle,a photo of a bicycle,0.23277200525498626,all,,CS_POS3_SMART,0.07701245884707249,0.7150430484693877,0.14301126828098779,0.0934659981197117,0.30433673469387756,12764,1193,3,True,0.0011933965391500365,1,True,False,-0.15575954640791378,0,True,CS_MAP
261888,2,bicycle,a photo of a bicycle,0.23277200525498626,all,,CS_POS3_CASR,0.23277200525498626,0.7439413265306123,0.377639992249564,0.23307821095431716,0.9943877551020408,16724,3898,1816,True,0.09382531848961322,1,True,False,0.0,0,False,CS_MAP
261888,1,person,a photo of a person,0.12265292168516279,all,,CS_POS3_SAM,0.012780656303972366,0.9430404974489796,0.0252387448840382,0.06218487394957983,0.015832263585793753,595,37,7,True,0.0019286403085824494,27,True,False,-0.10987226538119042,2,True,CS_MAP
261888,1,person,a photo of a person,0.12265292168516279,all,,CS_POS3_SMART,0.5968141592920354,0.9772999043367347,0.7475060962092662,0.7755289788408464,0.7214377406931964,2174,1686,347,True,0.1998166819431714,27,True,False,0.4741612376068726,0,True,CS_MAP
261888,1,person,a photo of a person,0.12265292168516279,all,,CS_POS3_CASR,0.5968141592920354,0.9772999043367347,0.7475060962092662,0.7755289788408464,0.7214377406931964,2174,1686,347,True,0.1998166819431714,27,True,False,0.4741612376068726,0,True,CS_MAP
229849,1,person,a photo of a person,0.6043016410694906,all,,CS_POS3_SAM,0.18022810777709736,0.5731226084183674,0.3054123293446185,0.9872117400419287,0.1806498638124832,4770,4709,0,True,0.0017041151224438274,62,True,False,-0.4240735332923932,0,True,CS_MAP
229849,1,person,a photo of a person,0.6043016410694906,all,,CS_POS3_SMART,0.18022810777709736,0.5731226084183674,0.3054123293446185,0.9872117400419287,0.1806498638124832,4770,4709,0,True,0.0017041151224438274,62,True,False,-0.4240735332923932,0,True,CS_MAP
229849,1,person,a photo of a person,0.6043016410694906,all,,CS_POS3_CASR,0.18022810777709736,0.5731226084183674,0.3054123293446185,0.9872117400419287,0.1806498638124832,4770,4709,0,True,0.0017041151224438274,62,True,False,-0.4240735332923932,0,True,CS_MAP
229849,43,tennis racket,a photo of a tennis racket,5.3033517182859566e-05,all,,CS_POS3_SAM,0.0,0.7566167091836735,0.0,0.0,0.0,11468,0,457,False,0.012325368142834026,1,False,False,-5.3033517182859566e-05,0,True,CS_MAP
229849,43,tennis racket,a photo of a tennis racket,5.3033517182859566e-05,all,,CS_POS3_SMART,0.0,0.7640505420918368,0.0,0.0,0.0,11095,0,221,False,0.005982512655315232,1,False,False,-5.3033517182859566e-05,1,True,CS_MAP
229849,43,tennis racket,a photo of a tennis racket,5.3033517182859566e-05,all,,CS_POS3_CASR,5.3033517182859566e-05,0.6242227359693877,0.000106061409556133,5.520896593606802e-05,0.0013440860215053765,18113,1,8522,False,0.2334236019989391,1,False,False,0.0,1,False,CS_MAP
475064,60,donut,a photo of a donut,0.1723124300111982,all,,CS_POS3_SAM,0.9576237623762376,0.9978675063775511,0.978353226785353,0.9865361077111383,0.9703049759229535,2451,2418,4,True,0.0014831905075807514,1,True,False,0.7853113323650394,1,True,CS_MAP
475064,60,donut,a photo of a donut,0.1723124300111982,all,,CS_POS3_SMART,0.9576237623762376,0.9978675063775511,0.978353226785353,0.9865361077111383,0.9703049759229535,2451,2418,4,True,0.0014831905075807514,1,True,False,0.7853113323650394,1,True,CS_MAP
475064,60,donut,a photo of a donut,0.1723124300111982,all,,CS_POS3_CASR,0.9576237623762376,0.9978675063775511,0.978353226785353,0.9865361077111383,0.9703049759229535,2451,2418,4,True,0.0014831905075807514,1,True,False,0.7853113323650394,1,True,CS_MAP
475064,1,person,a photo of a person,0.16833302186507196,all,,CS_POS3_SAM,0.7289251844046365,0.9794921875,0.8432119457565138,0.9421178072863466,0.7630998345284059,2937,2767,16,True,0.0036975411351451285,60,True,False,0.5605921625395646,2,True,CS_MAP
475064,1,person,a photo of a person,0.16833302186507196,all,,CS_POS3_SMART,0.5079306528956105,0.9468271683673469,0.673679060665362,0.6052747252747253,0.7595146166574738,4550,2754,8,True,0.0017069701280227596,60,True,False,0.3395976310305385,1,True,CS_MAP
475064,1,person,a photo of a person,0.16833302186507196,all,,CS_POS3_CASR,0.5079306528956105,0.9468271683673469,0.673679060665362,0.6052747252747253,0.7595146166574738,4550,2754,8,True,0.0017069701280227596,60,True,False,0.3395976310305385,1,True,CS_MAP
181859,81,sink,a photo of a sink,0.14404611919215057,all,,CS_POS3_SAM,0.12718137764961204,0.4148796237244898,0.22566266649083477,0.1341486359360301,0.7100414937759336,31890,4278,16,True,0.00047414712785377305,17,True,False,-0.01686474154253853,0,True,CS_MAP
181859,81,sink,a photo of a sink,0.14404611919215057,all,,CS_POS3_SMART,0.1269656377402446,0.46225286989795916,0.22532299741602066,0.1362263495920847,0.6512863070539419,28805,3924,20,True,0.0006395333964339618,17,True,False,-0.017080481451905966,1,True,CS_MAP
181859,81,sink,a photo of a sink,0.14404611919215057,all,,CS_POS3_CASR,0.14404611919215057,0.5531728316326531,0.25181872789161047,0.15759575623407543,0.6262240663900415,23941,3773,0,True,0.0,-1,True,False,0.0,1,False,CS_MAP
181859,17,cat,a photo of a cat,0.7037264537264537,all,,CS_POS3_SAM,0.893035043257887,0.9756058673469388,0.943495522112455,0.9002731036913048,0.9910774900591601,11351,10219,287,True,0.020197275716298733,81,True,False,0.18930858953143326,1,True,CS_MAP
181859,17,cat,a photo of a cat,0.7037264537264537,all,,CS_POS3_SMART,0.893035043257887,0.9756058673469388,0.943495522112455,0.9002731036913048,0.9910774900591601,11351,10219,287,True,0.020197275716298733,81,True,False,0.18930858953143326,1,True,CS_MAP
181859,17,cat,a photo of a cat,0.7037264537264537,all,,CS_POS3_CASR,0.893035043257887,0.9756058673469388,0.943495522112455,0.9002731036913048,0.9910774900591601,11351,10219,287,True,0.020197275716298733,81,True,False,0.18930858953143326,1,True,CS_MAP
461009,53,apple,a photo of a apple,0.11884057971014493,all,,CS_POS3_SAM,0.875177304964539,0.9964923469387755,0.9334341906202723,0.93202416918429,0.9348484848484848,1324,1234,90,True,0.04010298349235196,1,True,False,0.7563367252543941,2,True,CS_MAP
461009,53,apple,a photo of a apple,0.11884057971014493,all,,CS_POS3_SMART,0.875177304964539,0.9964923469387755,0.9334341906202723,0.93202416918429,0.9348484848484848,1324,1234,90,True,0.04010298349235196,1,True,False,0.7563367252543941,2,True,CS_MAP
461009,53,apple,a photo of a apple,0.11884057971014493,all,,CS_POS3_CASR,0.875177304964539,0.9964923469387755,0.9334341906202723,0.93202416918429,0.9348484848484848,1324,1234,90,True,0.04010298349235196,1,True,False,0.7563367252543941,2,True,CS_MAP
461009,62,chair,a photo of a chair,0.10489272886127561,all,,CS_POS3_SAM,0.019962595543990894,0.5195910395408163,0.03914377964682904,0.022022875084099575,0.1758595988538682,22295,491,21607,False,0.6515377724693938,1,False,True,-0.08493013331728472,0,True,CS_MAP
461009,62,chair,a photo of a chair,0.10489272886127561,all,,CS_POS3_SMART,0.023503770028275212,0.6696229272959183,0.04592805755395683,0.027360625385723102,0.14290830945558738,14583,399,14061,False,0.42756883210365304,1,False,False,-0.0813889588330004,1,True,CS_MAP
461009,62,chair,a photo of a chair,0.10489272886127561,all,,CS_POS3_CASR,0.10489272886127561,0.6324736926020408,0.18986952510653254,0.10820690000500727,0.7739971346704871,19971,2161,13189,False,0.34543700167589253,1,False,False,0.0,1,False,CS_MAP
507975,1,person,a photo of a person,0.2885082014947103,all,,CS_POS3_SAM,0.6098081023454158,0.9525868941326531,0.7576158940397351,0.9692387904066736,0.6218431175781903,3836,3718,41,True,0.0021125830729281283,19,True,False,0.32129990085070553,1,True,CS_MAP
507975,1,person,a photo of a person,0.2885082014947103,all,,CS_POS3_SMART,0.6098081023454158,0.9525868941326531,0.7576158940397351,0.9692387904066736,0.6218431175781903,3836,3718,41,True,0.0021125830729281283,19,True,False,0.32129990085070553,1,True,CS_MAP
507975,1,person,a photo of a person,0.2885082014947103,all,,CS_POS3_CASR,0.6098081023454158,0.9525868941326531,0.7576158940397351,0.9692387904066736,0.6218431175781903,3836,3718,41,True,0.0021125830729281283,19,True,False,0.32129990085070553,1,True,CS_MAP
507975,19,horse,a photo of a horse,0.6752698644590537,all,,CS_POS3_SAM,0.22543923484769726,0.7030253507653061,0.367932131495228,0.9342955622576475,0.2290709343474357,4642,4337,57,True,0.007302731411229135,1,True,False,-0.44983062961135645,1,True,CS_MAP
507975,19,horse,a photo of a horse,0.6752698644590537,all,,CS_POS3_SMART,0.7396178343949045,0.8981584821428571,0.8503222026947862,0.9544946406260275,0.7666508213172767,15207,14515,19,True,0.0045418950665622555,3,True,False,0.06434796993585079,0,True,CS_MAP
507975,19,horse,a photo of a horse,0.6752698644590537,all,,CS_POS3_CASR,0.7396178343949045,0.8981584821428571,0.8503222026947862,0.9544946406260275,0.7666508213172767,15207,14515,19,True,0.0045418950665622555,3,True,False,0.06434796993585079,0,True,CS_MAP
187144,1,person,a photo of a person,0.04870954526833265,all,,CS_POS3_SAM,0.5756605284227382,0.9894371811224489,0.7306910569105691,0.9374185136897001,0.5986677768526228,767,719,0,True,0.10211706102117062,31,True,False,0.5269509831544056,0,True,CS_MAP
187144,1,person,a photo of a person,0.04870954526833265,all,,CS_POS3_SMART,0.43352135374697826,0.9859893176020408,0.6048341765036538,0.9307958477508651,0.4479600333055787,578,538,1,True,0.00723589001447178,31,True,False,0.3848118084786456,1,True,CS_MAP
187144,1,person,a photo of a person,0.04870954526833265,all,,CS_POS3_CASR,0.43352135374697826,0.9859893176020408,0.6048341765036538,0.9307958477508651,0.4479600333055787,578,538,1,True,0.00723589001447178,31,True,False,0.3848118084786456,1,True,CS_MAP
187144,6,bus,a photo of a bus,0.7506382473431099,all,,CS_POS3_SAM,0.925777331995988,0.9793526785714286,0.9614583333333333,0.9850586979722519,0.9389623601220752,13118,12922,0,True,0.0,-1,True,False,0.17513908465287809,1,True,CS_MAP
187144,6,bus,a photo of a bus,0.7506382473431099,all,,CS_POS3_SMART,0.925777331995988,0.9793526785714286,0.9614583333333333,0.9850586979722519,0.9389623601220752,13118,12922,0,True,0.0,-1,True,False,0.17513908465287809,1,True,CS_MAP
187144,6,bus,a photo of a bus,0.7506382473431099,all,,CS_POS3_CASR,0.925777331995988,0.9793526785714286,0.9614583333333333,0.9850586979722519,0.9389623601220752,13118,12922,0,True,0.0,-1,True,False,0.17513908465287809,1,True,CS_MAP
152686,43,tennis racket,a photo of a tennis racket,0.026655964852990877,all,,CS_POS3_SAM,0.06355757325629385,0.8191167091836735,0.11951882033372138,0.06365609176397644,0.9762282091917591,9677,616,7605,False,0.7662481165243596,1,False,True,0.03690160840330298,0,True,CS_MAP
152686,43,tennis racket,a photo of a tennis racket,0.026655964852990877,all,,CS_POS3_SMART,0.06355757325629385,0.8191167091836735,0.11951882033372138,0.06365609176397644,0.9762282091917591,9677,616,7605,False,0.7662481165243596,1,False,True,0.03690160840330298,0,True,CS_MAP
152686,43,tennis racket,a photo of a tennis racket,0.026655964852990877,all,,CS_POS3_CASR,0.026655964852990877,0.5407963966836735,0.05192774554581739,0.026655964852990877,1.0,23672,631,3204,False,0.11382314556805756,1,False,False,0.0,0,False,CS_MAP
152686,1,person,a photo of a person,0.4315297261189045,all,,CS_POS3_SAM,0.038129609289188765,0.14481026785714285,0.07345828295042321,0.04428995469457897,0.21515304831773338,38406,1701,80,True,0.0020535462176245606,43,True,False,-0.39340011682971576,0,True,CS_MAP
152686,1,person,a photo of a person,0.4315297261189045,all,,CS_POS3_SMART,0.0038533395609528258,0.31991390306122447,0.007677096661626148,0.0049845177856657355,0.016696180116367317,26482,132,0,True,0.0,-1,True,False,-0.42767638655795165,1,True,CS_MAP
152686,1,person,a photo of a person,0.4315297261189045,all,,CS_POS3_CASR,0.4315297261189045,0.7964764030612245,0.6028931404573028,0.4352610892756878,0.9805211231975715,17810,7752,178,True,0.009857072449482503,43,True,False,0.0,1,False,CS_MAP
115870,1,person,a photo of a person,0.31720287157670835,all,,CS_POS3_SAM,0.3296320088097642,0.8544124681122449,0.4958244185243978,0.980349344978166,0.331824480369515,3664,3592,13,True,0.002508312430729744,63,True,False,0.012429137233055831,0,True,CS_MAP
115870,1,person,a photo of a person,0.31720287157670835,all,,CS_POS3_SMART,0.3108803528763095,0.8505460778061225,0.4743077462320365,0.9834302325581395,0.3125173210161663,3440,3383,9,True,0.002600780234070221,63,True,False,-0.006322518700398849,1,True,CS_MAP
115870,1,person,a photo of a person,0.31720287157670835,all,,CS_POS3_CASR,0.3108803528763095,0.8505460778061225,0.4743077462320365,0.9834302325581395,0.3125173210161663,3440,3383,9,True,0.002600780234070221,63,True,False,-0.006322518700398849,1,True,CS_MAP
115870,63,couch,a photo of a couch,0.6291093272171254,all,,CS_POS3_SAM,0.7063675560832344,0.9063496492346939,0.8279195810598016,0.8200217627856365,0.8359710102055908,13785,11304,1575,True,0.0703257513156178,1,True,False,0.077258228866109,0,True,CS_MAP
115870,63,couch,a photo of a couch,0.6291093272171254,all,,CS_POS3_SMART,0.7063675560832344,0.9063496492346939,0.8279195810598016,0.8200217627856365,0.8359710102055908,13785,11304,1575,True,0.0703257513156178,1,True,False,0.077258228866109,0,True,CS_MAP
115870,63,couch,a photo of a couch,0.6291093272171254,all,,CS_POS3_CASR,0.7063675560832344,0.9063496492346939,0.8279195810598016,0.8200217627856365,0.8359710102055908,13785,11304,1575,True,0.0703257513156178,1,True,False,0.077258228866109,0,True,CS_MAP
32610,73,laptop,a photo of a laptop,0.759664570230608,all,,CS_POS3_SAM,0.3837523079108081,0.7405731823979592,0.5546546238324951,0.9815936062000484,0.38653378475036954,8258,8106,16,True,0.0022495500899820035,27,True,False,-0.37591226231979985,0,True,CS_MAP
32610,73,laptop,a photo of a laptop,0.759664570230608,all,,CS_POS3_SMART,0.3837523079108081,0.7405731823979592,0.5546546238324951,0.9815936062000484,0.38653378475036954,8258,8106,16,True,0.0022495500899820035,27,True,False,-0.37591226231979985,0,True,CS_MAP
32610,73,laptop,a photo of a laptop,0.759664570230608,all,,CS_POS3_CASR,0.3837523079108081,0.7405731823979592,0.5546546238324951,0.9815936062000484,0.38653378475036954,8258,8106,16,True,0.0022495500899820035,27,True,False,-0.37591226231979985,0,True,CS_MAP
32610,27,backpack,a photo of a backpack,0.791311149032992,all,,CS_POS3_SAM,0.7147824611992197,0.932975924744898,0.8336712992729611,1.0,0.7147824611992197,8428,8428,0,True,0.0012601321435869492,73,True,False,-0.07652868783377231,1,True,CS_MAP
32610,27,backpack,a photo of a backpack,0.791311149032992,all,,CS_POS3_SMART,0.868334039847393,0.9690489477040817,0.9295276126514498,0.999609603747804,0.8686286150453736,10246,10242,0,True,0.0012829970811816403,73,True,False,0.07702289081440095,0,True,CS_MAP
32610,27,backpack,a photo of a backpack,0.791311149032992,all,,CS_POS3_CASR,0.868334039847393,0.9690489477040817,0.9295276126514498,0.999609603747804,0.8686286150453736,10246,10242,0,True,0.0012829970811816403,73,True,False,0.07702289081440095,0,True,CS_MAP
530061,67,dining table,a photo of a dining table,0.30755032836845947,all,,CS_POS3_SAM,0.8851477740366629,0.9816446109693877,0.9390752133359793,0.9004186223518965,0.9811998894111141,7883,7098,619,True,0.06267374273439474,62,True,False,0.5775974456682034,2,True,CS_MAP
530061,67,dining table,a photo of a dining table,0.30755032836845947,all,,CS_POS3_SMART,0.8540101768839351,0.9759845344387755,0.9212572698163759,0.8735902838022059,0.9744263201548244,8069,7049,862,True,0.061496665843418126,62,True,False,0.5464598485154757,1,True,CS_MAP
530061,67,dining table,a photo of a dining table,0.30755032836845947,all,,CS_POS3_CASR,0.8540101768839351,0.9759845344387755,0.9212572698163759,0.8735902838022059,0.9744263201548244,8069,7049,862,True,0.061496665843418126,62,True,False,0.5464598485154757,1,True,CS_MAP
530061,51,bowl,a photo of a bowl,0.3705867789056697,all,,CS_POS3_SAM,0.5939513477975017,0.9384566326530612,0.745256558323709,0.9975706713780919,0.5948116934421912,4528,4517,4,True,0.001191692202928158,67,True,False,0.22336456889183198,2,True,CS_MAP
530061,51,bowl,a photo of a bowl,0.3705867789056697,all,,CS_POS3_SMART,0.8434742220157919,0.9731345663265306,0.9150919627110103,0.8770828302342429,0.9565446405056623,8282,7264,955,True,0.03482724172379345,1,True,False,0.4728874431101222,1,True,CS_MAP
530061,51,bowl,a photo of a bowl,0.3705867789056697,all,,CS_POS3_CASR,0.8434742220157919,0.9731345663265306,0.9150919627110103,0.8770828302342429,0.9565446405056623,8282,7264,955,True,0.03482724172379345,1,True,False,0.4728874431101222,1,True,CS_MAP
321214,1,person,a photo of a person,0.6915160901738083,all,,CS_POS3_SAM,0.7970038990355017,0.9014269770408163,0.88703636031427,0.9928929338378157,0.8015768182943944,19558,19419,19,True,0.006472612990122718,61,True,False,0.1054878088616934,1,True,CS_MAP
321214,1,person,a photo of a person,0.6915160901738083,all,,CS_POS3_SMART,0.7970038990355017,0.9014269770408163,0.88703636031427,0.9928929338378157,0.8015768182943944,19558,19419,19,True,0.006472612990122718,61,True,False,0.1054878088616934,1,True,CS_MAP
321214,1,person,a photo of a person,0.6915160901738083,all,,CS_POS3_CASR,0.7970038990355017,0.9014269770408163,0.88703636031427,0.9928929338378157,0.8015768182943944,19558,19419,19,True,0.006472612990122718,61,True,False,0.1054878088616934,1,True,CS_MAP
321214,62,chair,a photo of a chair,0.09623452110184483,all,,CS_POS3_SAM,0.7106215060835251,0.9824617346938775,0.8308342945021145,0.7234683629059256,0.9756207674943567,2987,2161,30,True,0.006174665384899801,1,True,False,0.6143869849816803,1,True,CS_MAP
321214,62,chair,a photo of a chair,0.09623452110184483,all,,CS_POS3_SMART,0.7106215060835251,0.9824617346938775,0.8308342945021145,0.7234683629059256,0.9756207674943567,2987,2161,30,True,0.006174665384899801,1,True,False,0.6143869849816803,1,True,CS_MAP
321214,62,chair,a photo of a chair,0.09623452110184483,all,,CS_POS3_CASR,0.09623452110184483,0.6436344068877551,0.17557287104061967,0.09777138749101366,0.8595936794582393,19474,1904,2688,False,0.04380643003869488,1,True,False,0.0,1,False,CS_MAP
291490,65,bed,a photo of a bed,0.7316079944274768,all,,CS_POS3_SAM,0.29071473485642424,0.5279017857142857,0.45047093212081846,0.9598615916955018,0.2942923827710588,10115,9709,0,True,5.299136240792751e-05,17,True,False,-0.4408932595710526,2,True,CS_MAP
291490,65,bed,a photo of a bed,0.7316079944274768,all,,CS_POS3_SMART,0.6666962070187876,0.7751315369897959,0.8000212686765567,0.9632522407170294,0.6840956624533964,23430,22569,69,True,0.002398006851448147,17,True,False,-0.06491178740868919,0,True,CS_MAP
291490,65,bed,a photo of a bed,0.7316079944274768,all,,CS_POS3_CASR,0.7316079944274768,0.8003427933673469,0.8450041773679488,0.8630028758335176,0.8277408990330696,31643,27308,22,True,0.0011151034568207161,17,True,False,0.0,0,False,CS_MAP
291490,17,cat,a photo of a cat,0.6308003175290466,all,,CS_POS3_SAM,0.6985286334286017,0.9432397959183674,0.8225102829365574,0.9053368088901084,0.7535685737124586,7289,6599,640,True,0.016196579040314848,65,True,False,0.06772831589955508,1,True,CS_MAP
291490,17,cat,a photo of a cat,0.6308003175290466,all,,CS_POS3_SMART,0.6985286334286017,0.9432397959183674,0.8225102829365574,0.9053368088901084,0.7535685737124586,7289,6599,640,True,0.016196579040314848,65,True,False,0.06772831589955508,1,True,CS_MAP
291490,17,cat,a photo of a cat,0.6308003175290466,all,,CS_POS3_CASR,0.6985286334286017,0.9432397959183674,0.8225102829365574,0.9053368088901084,0.7535685737124586,7289,6599,640,True,0.016196579040314848,65,True,False,0.06772831589955508,1,True,CS_MAP
21465,62,chair,a photo of a chair,0.12084190672153636,all,,CS_POS3_SAM,0.43265656276808695,0.9604591836734694,0.6039920159680638,0.9856677524429968,0.4353956834532374,1535,1513,0,True,0.0,-1,True,False,0.31181465604655056,1,True,CS_MAP
21465,62,chair,a photo of a chair,0.12084190672153636,all,,CS_POS3_SMART,0.43265656276808695,0.9604591836734694,0.6039920159680638,0.9856677524429968,0.4353956834532374,1535,1513,0,True,0.0,-1,True,False,0.31181465604655056,1,True,CS_MAP
21465,62,chair,a photo of a chair,0.12084190672153636,all,,CS_POS3_CASR,0.43265656276808695,0.9604591836734694,0.6039920159680638,0.9856677524429968,0.4353956834532374,1535,1513,0,True,0.0,-1,True,False,0.31181465604655056,1,True,CS_MAP
21465,86,vase,a photo of a vase,0.06925602183285211,all,,CS_POS3_SAM,0.04830917874396135,0.9371811224489796,0.09216589861751152,0.09296920395119117,0.09137635636778983,1721,160,0,True,0.0,-1,True,False,-0.020946843088890756,1,True,CS_MAP
21465,86,vase,a photo of a vase,0.06925602183285211,all,,CS_POS3_SMART,0.005866134803777791,0.6622488839285714,0.01166384790342334,0.006495193556767992,0.05711022272986865,15396,100,0,True,0.0,-1,True,False,-0.06338988702907432,0,True,CS_MAP
21465,86,vase,a photo of a vase,0.06925602183285211,all,,CS_POS3_CASR,0.005866134803777791,0.6622488839285714,0.01166384790342334,0.006495193556767992,0.05711022272986865,15396,100,0,True,0.0,-1,True,False,-0.06338988702907432,0,True,CS_MAP
316666,44,bottle,a photo of a bottle,0.0350966142752521,all,,CS_POS3_SAM,0.2525709584533114,0.9637874681122449,0.4032840722495895,0.2535094962840628,0.985553772070626,2422,614,906,False,0.1976254308693987,47,True,False,0.2174743441780593,2,True,CS_MAP
316666,44,bottle,a photo of a bottle,0.0350966142752521,all,,CS_POS3_SMART,0.15266036797613128,0.9320790816326531,0.26488352027610007,0.1530027410914528,0.985553772070626,4013,614,1597,False,0.1440349175557711,47,True,False,0.11756375370087918,1,True,CS_MAP
316666,44,bottle,a photo of a bottle,0.0350966142752521,all,,CS_POS3_CASR,0.15266036797613128,0.9320790816326531,0.26488352027610007,0.1530027410914528,0.985553772070626,4013,614,1597,False,0.1440349175557711,47,True,False,0.11756375370087918,1,True,CS_MAP
316666,67,dining table,a photo of a dining table,0.023025768911055695,all,,CS_POS3_SAM,0.0,0.896843112244898,0.0,0.0,0.0,3318,0,1,False,0.00025043826696719256,86,False,False,-0.023025768911055695,1,True,CS_MAP
316666,67,dining table,a photo of a dining table,0.023025768911055695,all,,CS_POS3_SMART,0.0,0.6163305165816326,0.0,0.0,0.0,17393,0,111,False,0.006324383372621169,85,False,False,-0.023025768911055695,0,True,CS_MAP
316666,67,dining table,a photo of a dining table,0.023025768911055695,all,,CS_POS3_CASR,0.023025768911055695,0.5315290178571429,0.04501503209555537,0.024345227632272808,0.2981700753498385,22756,554,2037,False,0.030980840217964493,47,False,False,0.0,0,False,CS_MAP
49269,19,horse,a photo of a horse,0.8270388615216201,all,,CS_POS3_SAM,0.9259785633919583,0.9750876913265306,0.961566842946747,0.986810551558753,0.9375824439381221,15846,15637,0,True,0.0,-1,True,False,0.09893970187033818,1,True,CS_MAP
49269,19,horse,a photo of a horse,0.8270388615216201,all,,CS_POS3_SMART,0.5799433386604678,0.7695113201530612,0.7341318191222787,0.5953171022706089,0.9573689890874205,26821,15967,10450,True,0.36806142575373346,18,True,False,-0.24709552286115233,0,True,CS_MAP
49269,19,horse,a photo of a horse,0.8270388615216201,all,,CS_POS3_CASR,0.5799433386604678,0.7695113201530612,0.7341318191222787,0.5953171022706089,0.9573689890874205,26821,15967,10450,True,0.36806142575373346,18,True,False,-0.24709552286115233,0,True,CS_MAP
49269,18,dog,a photo of a dog,0.8429879165140974,all,,CS_POS3_SAM,0.928500166278683,0.9828603316326531,0.9629246421796862,0.9993736017897091,0.9290408451875883,11175,11168,0,True,0.0,-1,True,False,0.0855122497645856,1,True,CS_MAP
49269,18,dog,a photo of a dog,0.8429879165140974,all,,CS_POS3_SMART,0.928500166278683,0.9828603316326531,0.9629246421796862,0.9993736017897091,0.9290408451875883,11175,11168,0,True,0.0,-1,True,False,0.0855122497645856,1,True,CS_MAP
49269,18,dog,a photo of a dog,0.8429879165140974,all,,CS_POS3_CASR,0.928500166278683,0.9828603316326531,0.9629246421796862,0.9993736017897091,0.9290408451875883,11175,11168,0,True,0.0,-1,True,False,0.0855122497645856,1,True,CS_MAP
89556,11,fire hydrant,a photo of a fire hydrant,0.04440054963929921,all,,CS_POS3_SAM,0.5232876712328767,0.9861288265306123,0.6870503597122302,0.6447257383966245,0.7353224254090471,1185,764,47,True,0.01583667239076512,3,True,False,0.4788871215935775,1,True,CS_MAP
89556,11,fire hydrant,a photo of a fire hydrant,0.04440054963929921,all,,CS_POS3_SMART,0.5232876712328767,0.9861288265306123,0.6870503597122302,0.6447257383966245,0.7353224254090471,1185,764,47,True,0.01583667239076512,3,True,False,0.4788871215935775,1,True,CS_MAP
89556,11,fire hydrant,a photo of a fire hydrant,0.04440054963929921,all,,CS_POS3_CASR,0.5232876712328767,0.9861288265306123,0.6870503597122302,0.6447257383966245,0.7353224254090471,1185,764,47,True,0.01583667239076512,3,True,False,0.4788871215935775,1,True,CS_MAP
89556,3,car,a photo of a car,0.40192492781520694,all,,CS_POS3_SAM,0.34790856492459454,0.8629823022959183,0.5162198297093801,0.7725358045492839,0.3876149212723238,4748,3668,1075,True,0.08600204579431898,8,True,False,-0.0540163628906124,2,True,CS_MAP
89556,3,car,a photo of a car,0.40192492781520694,all,,CS_POS3_SMART,0.42205934930282446,0.8067004145408163,0.5935889377749843,0.4918066935147896,0.748494135052309,14402,7083,7168,False,0.4483482556344551,8,False,False,0.020134421487617515,0,True,CS_MAP
89556,3,car,a photo of a car,0.40192492781520694,all,,CS_POS3_CASR,0.42205934930282446,0.8067004145408163,0.5935889377749843,0.4918066935147896,0.748494135052309,14402,7083,7168,False,0.4483482556344551,8,False,False,0.020134421487617515,0,True,CS_MAP
179898,84,book,a photo of a book,0.020658224065149985,all,,CS_POS3_SAM,0.18717586044318718,0.9656409438775511,0.3153296266878475,0.2020356234096692,0.7179023508137432,1965,397,9,True,0.0017889087656529517,27,True,False,0.16651763637803718,1,True,CS_MAP
179898,84,book,a photo of a book,0.020658224065149985,all,,CS_POS3_SMART,0.18717586044318718,0.9656409438775511,0.3153296266878475,0.2020356234096692,0.7179023508137432,1965,397,9,True,0.0017889087656529517,27,True,False,0.16651763637803718,1,True,CS_MAP
179898,84,book,a photo of a book,0.020658224065149985,all,,CS_POS3_CASR,0.020658224065149985,0.47751913265306123,0.040480199106946786,0.020658224065149985,1.0,26769,553,16477,False,0.30017228107474064,58,False,False,0.0,1,False,CS_MAP
179898,67,dining table,a photo of a dining table,0.041236650812169075,all,,CS_POS3_SAM,0.26447515875980576,0.9607581313775511,0.41831610044313144,0.2871046228710462,0.7704026115342764,2466,708,21,True,0.007123775601068566,62,True,False,0.2232385079476367,2,True,CS_MAP
179898,67,dining table,a photo of a dining table,0.041236650812169075,all,,CS_POS3_SMART,0.26447515875980576,0.9607581313775511,0.41831610044313144,0.2871046228710462,0.7704026115342764,2466,708,21,True,0.007123775601068566,62,True,False,0.2232385079476367,2,True,CS_MAP
179898,67,dining table,a photo of a dining table,0.041236650812169075,all,,CS_POS3_CASR,0.26447515875980576,0.9607581313775511,0.41831610044313144,0.2871046228710462,0.7704026115342764,2466,708,21,True,0.007123775601068566,62,True,False,0.2232385079476367,2,True,CS_MAP
491497,62,chair,a photo of a chair,0.36607908527870414,all,,CS_POS3_SAM,0.8951643609595127,0.9835379464285714,0.9446825609429413,0.9898947368421053,0.9034200076854105,7125,7053,71,True,0.8994682198024816,63,False,True,0.5290852756808085,1,True,CS_MAP
491497,62,chair,a photo of a chair,0.36607908527870414,all,,CS_POS3_SMART,0.8951643609595127,0.9835379464285714,0.9446825609429413,0.9898947368421053,0.9034200076854105,7125,7053,71,True,0.8994682198024816,63,False,True,0.5290852756808085,1,True,CS_MAP
491497,62,chair,a photo of a chair,0.36607908527870414,all,,CS_POS3_CASR,0.36607908527870414,0.7348134566326531,0.53595591825347,0.36823692912253797,0.9842449084155245,20867,7684,250,True,0.36732946437065933,63,False,False,0.0,1,False,CS_MAP
491497,84,book,a photo of a book,0.25879805089334057,all,,CS_POS3_SAM,0.5443633796187338,0.9614158163265306,0.704967997561719,0.5544103547459253,0.9677824267782427,4172,2313,2,True,0.0001660164356271271,63,True,False,0.28556532872539325,1,True,CS_MAP
491497,84,book,a photo of a book,0.25879805089334057,all,,CS_POS3_SMART,0.3429514786103933,0.9087810905612245,0.5107429182255478,0.34300071787508973,0.999581589958159,6965,2389,12,True,0.0004718570947084597,63,True,False,0.08415342771705275,0,True,CS_MAP
491497,84,book,a photo of a book,0.25879805089334057,all,,CS_POS3_CASR,0.3429514786103933,0.9087810905612245,0.5107429182255478,0.34300071787508973,0.999581589958159,6965,2389,12,True,0.0004718570947084597,63,True,False,0.08415342771705275,0,True,CS_MAP
261161,18,dog,a photo of a dog,0.8341003604103133,all,,CS_POS3_SAM,0.9179949940719273,0.9751873405612245,0.9572444108657577,0.9928052429120957,0.9241429613420861,14038,13937,0,True,0.0,-1,True,False,0.08389463366161398,0,True,CS_MAP
261161,18,dog,a photo of a dog,0.8341003604103133,all,,CS_POS3_SMART,0.9179949940719273,0.9751873405612245,0.9572444108657577,0.9928052429120957,0.9241429613420861,14038,13937,0,True,0.0,-1,True,False,0.08389463366161398,0,True,CS_MAP
261161,18,dog,a photo of a dog,0.8341003604103133,all,,CS_POS3_CASR,0.9179949940719273,0.9751873405612245,0.9572444108657577,0.9928052429120957,0.9241429613420861,14038,13937,0,True,0.0,-1,True,False,0.08389463366161398,0,True,CS_MAP
261161,15,bench,a photo of a bench,0.4787035247116438,all,,CS_POS3_SAM,0.3588810837932765,0.8981385522959183,0.5282008677190068,1.0,0.3588810837932765,2861,2861,0,True,0.0,-1,True,False,-0.1198224409183673,2,True,CS_MAP
261161,15,bench,a photo of a bench,0.4787035247116438,all,,CS_POS3_SMART,0.7935871743486974,0.967155612244898,0.8849162011173184,0.998109640831758,0.7947817360762669,6348,6336,0,True,0.0,-1,True,False,0.3148836496370536,0,True,CS_MAP
261161,15,bench,a photo of a bench,0.4787035247116438,all,,CS_POS3_CASR,0.7935871743486974,0.967155612244898,0.8849162011173184,0.998109640831758,0.7947817360762669,6348,6336,0,True,0.0,-1,True,False,0.3148836496370536,0,True,CS_MAP
492110,77,cell phone,a photo of a cell phone,0.024453336566832382,all,,CS_POS3_SAM,0.01468189233278956,0.8675860969387755,0.028938906752411574,0.015873015873015872,0.16363636363636364,6237,99,4058,False,0.19670622426737708,1,False,False,-0.009771444234042822,1,True,CS_MAP
492110,77,cell phone,a photo of a cell phone,0.024453336566832382,all,,CS_POS3_SMART,0.01468189233278956,0.8675860969387755,0.028938906752411574,0.015873015873015872,0.16363636363636364,6237,99,4058,False,0.19670622426737708,1,False,False,-0.009771444234042822,1,True,CS_MAP
492110,77,cell phone,a photo of a cell phone,0.024453336566832382,all,,CS_POS3_CASR,0.024453336566832382,0.5189732142857143,0.047739288250611536,0.024453336566832382,1.0,24741,605,11160,False,0.24392112585184886,73,False,False,0.0,1,False,CS_MAP
492110,1,person,a photo of a person,0.7666068222621185,all,,CS_POS3_SAM,0.5857322967009876,0.8428332270408163,0.7387530643344596,0.9516087735768541,0.6037143321240999,11717,11150,9,True,0.0006463195691202873,62,True,False,-0.18087452556113093,2,True,CS_MAP
492110,1,person,a photo of a person,0.7666068222621185,all,,CS_POS3_SMART,0.8757438583998779,0.9513113839285714,0.933756338295507,0.9352525801195003,0.9322648762791705,18410,17218,254,True,0.015008365318374175,62,True,False,0.10913703613775938,0,True,CS_MAP
492110,1,person,a photo of a person,0.7666068222621185,all,,CS_POS3_CASR,0.8757438583998779,0.9513113839285714,0.933756338295507,0.9352525801195003,0.9322648762791705,18410,17218,254,True,0.015008365318374175,62,True,False,0.10913703613775938,0,True,CS_MAP
281687,31,handbag,a photo of a handbag,0.3170206740300198,all,,CS_POS3_SAM,0.46831703341483294,0.8959861288265306,0.6378963435787136,0.5241733181299886,0.8146376041112883,8770,4597,3970,True,0.2291460428281144,1,True,False,0.15129635938481312,0,True,CS_MAP
281687,31,handbag,a photo of a handbag,0.3170206740300198,all,,CS_POS3_SMART,0.5549799248801969,0.9315210459183674,0.7138097617857738,0.6734244853056734,0.7593478646110225,6363,4285,1879,True,0.10529061880413232,1,True,False,0.23795925085017705,1,True,CS_MAP
281687,31,handbag,a photo of a handbag,0.3170206740300198,all,,CS_POS3_CASR,0.5549799248801969,0.9315210459183674,0.7138097617857738,0.6734244853056734,0.7593478646110225,6363,4285,1879,True,0.10529061880413232,1,True,False,0.23795925085017705,1,True,CS_MAP
281687,1,person,a photo of a person,0.504833106781453,all,,CS_POS3_SAM,0.0780373831775701,0.7247488839285714,0.1447767663632423,0.8802710843373494,0.0788745698670805,1328,1169,12,True,0.0018683529749928141,31,True,False,-0.4267957236038829,1,True,CS_MAP
281687,1,person,a photo of a person,0.504833106781453,all,,CS_POS3_SMART,0.06680500317021154,0.6773357780612245,0.1252431381024422,0.3143477081638188,0.07819985156197287,3687,1159,2349,False,0.3543329946291189,31,False,False,-0.43802810361124145,0,True,CS_MAP
281687,1,person,a photo of a person,0.504833106781453,all,,CS_POS3_CASR,0.504833106781453,0.738639987244898,0.6709489637175692,0.5340949946071186,0.9020983739288847,25033,13370,4264,True,0.2195761936945891,31,True,False,0.0,0,False,CS_MAP
498463,78,microwave,a photo of a microwave,0.009538024682369216,all,,CS_POS3_SAM,0.0,0.7691127232142857,0.0,0.0,0.0,10651,0,8272,False,0.28391968422859104,82,False,False,-0.009538024682369216,2,True,CS_MAP
498463,78,microwave,a photo of a microwave,0.009538024682369216,all,,CS_POS3_SMART,0.0,0.47720025510204084,0.0,0.0,0.0,25298,0,22823,False,0.7807806780472786,82,False,True,-0.009538024682369216,0,True,CS_MAP
498463,78,microwave,a photo of a microwave,0.009538024682369216,all,,CS_POS3_CASR,0.009538024682369216,0.4577686543367347,0.018895820561826114,0.009777213867223944,0.28051391862955033,26797,262,17820,False,0.4986986818906893,82,False,False,0.0,0,False,CS_MAP
498463,82,refrigerator,a photo of a refrigerator,0.575066946093841,all,,CS_POS3_SAM,0.5731905225576112,0.737922512755102,0.7286981638126676,0.8133001750023027,0.6600388697862162,21714,17660,0,True,0.0,-1,True,False,-0.0018764235362298542,1,True,CS_MAP
498463,82,refrigerator,a photo of a refrigerator,0.575066946093841,all,,CS_POS3_SMART,0.8383262622664119,0.9005102040816326,0.9120538388358409,0.8626608011730987,0.9674465540439527,30006,25885,4,True,0.00012929919834497026,78,True,False,0.2632593161725709,0,True,CS_MAP
498463,82,refrigerator,a photo of a refrigerator,0.575066946093841,all,,CS_POS3_CASR,0.8383262622664119,0.9005102040816326,0.9120538388358409,0.8626608011730987,0.9674465540439527,30006,25885,4,True,0.00012929919834497026,78,True,False,0.2632593161725709,0,True,CS_MAP
187236,63,couch,a photo of a couch,0.43570371284075493,all,,CS_POS3_SAM,0.19205111718373252,0.5993104272959183,0.32221960017530255,0.7172444844664565,0.20778260869565218,6663,4779,0,True,0.003065956386770398,17,True,False,-0.2436525956570224,1,True,CS_MAP
187236,63,couch,a photo of a couch,0.43570371284075493,all,,CS_POS3_SMART,0.19205111718373252,0.5993104272959183,0.32221960017530255,0.7172444844664565,0.20778260869565218,6663,4779,0,True,0.003065956386770398,17,True,False,-0.2436525956570224,1,True,CS_MAP
187236,63,couch,a photo of a couch,0.43570371284075493,all,,CS_POS3_CASR,0.19205111718373252,0.5993104272959183,0.32221960017530255,0.7172444844664565,0.20778260869565218,6663,4779,0,True,0.003065956386770398,17,True,False,-0.2436525956570224,1,True,CS_MAP
187236,17,cat,a photo of a cat,0.7585650771510767,all,,CS_POS3_SAM,0.2808545104788904,0.7168765943877551,0.4385424077148051,0.9578729281767956,0.2843669912865197,5792,5548,244,True,0.2516628265878364,63,True,False,-0.4777105666721863,1,True,CS_MAP
187236,17,cat,a photo of a cat,0.7585650771510767,all,,CS_POS3_SMART,0.2808545104788904,0.7168765943877551,0.4385424077148051,0.9578729281767956,0.2843669912865197,5792,5548,244,True,0.2516628265878364,63,True,False,-0.4777105666721863,1,True,CS_MAP
187236,17,cat,a photo of a cat,0.7585650771510767,all,,CS_POS3_CASR,0.2808545104788904,0.7168765943877551,0.4385424077148051,0.9578729281767956,0.2843669912865197,5792,5548,244,True,0.2516628265878364,63,True,False,-0.4777105666721863,1,True,CS_MAP
470952,1,person,a photo of a person,0.695777842821601,all,,CS_POS3_SAM,0.5899501963801271,0.7981704400510204,0.742098963506252,0.9589942736786679,0.6052172468222979,15193,14570,2,True,0.0008842849924204143,35,True,False,-0.10582764644147391,0,True,CS_MAP
470952,1,person,a photo of a person,0.695777842821601,all,,CS_POS3_SMART,0.5899501963801271,0.7981704400510204,0.742098963506252,0.9589942736786679,0.6052172468222979,15193,14570,2,True,0.0008842849924204143,35,True,False,-0.10582764644147391,0,True,CS_MAP
470952,1,person,a photo of a person,0.695777842821601,all,,CS_POS3_CASR,0.5899501963801271,0.7981704400510204,0.742098963506252,0.9589942736786679,0.6052172468222979,15193,14570,2,True,0.0008842849924204143,35,True,False,-0.10582764644147391,0,True,CS_MAP
470952,35,skis,a photo of a skis,0.025624762146390968,all,,CS_POS3_SAM,0.4592220828105395,0.9914102359693877,0.6294067067927773,0.7176470588235294,0.5604900459418071,510,366,62,True,0.004946245350120591,1,True,False,0.4335973206641485,2,True,CS_MAP
470952,35,skis,a photo of a skis,0.025624762146390968,all,,CS_POS3_SMART,0.006657580205493814,0.6223493303571429,0.013227099932302245,0.006846361185983828,0.19448698315467075,18550,127,270,False,0.006517427033153868,1,True,False,-0.01896718194089715,0,True,CS_MAP
470952,35,skis,a photo of a skis,0.025624762146390968,all,,CS_POS3_CASR,0.025624762146390968,0.5407565369897959,0.04996907854050711,0.025675790187272264,0.9280245022970903,23602,606,3581,False,0.08406284817753928,1,False,False,0.0,0,False,CS_MAP
167159,65,bed,a photo of a bed,0.4199579151829071,all,,CS_POS3_SAM,0.5802538493549729,0.5979551977040817,0.7343805548606265,0.99921172381669,0.5805195886589783,27909,27887,0,True,0.0017889630078835657,84,True,False,0.16029593417206583,0,True,CS_MAP
167159,65,bed,a photo of a bed,0.4199579151829071,all,,CS_POS3_SMART,0.2986407443641889,0.32848373724489793,0.4599281913188434,0.9997909407665505,0.29865939464590535,14350,14347,0,True,0.0,-1,True,False,-0.12131717081871818,2,True,CS_MAP
167159,65,bed,a photo of a bed,0.4199579151829071,all,,CS_POS3_CASR,0.2986407443641889,0.32848373724489793,0.4599281913188434,0.9997909407665505,0.29865939464590535,14350,14347,0,True,0.0,-1,True,False,-0.12131717081871818,2,True,CS_MAP
167159,84,book,a photo of a book,0.45286612073890686,all,,CS_POS3_SAM,0.9292397660818713,0.9927654655612245,0.9633222188541982,1.0,0.9292397660818713,4767,4767,0,True,0.09923393979766018,65,True,False,0.47637364534296445,1,True,CS_MAP
167159,84,book,a photo of a book,0.45286612073890686,all,,CS_POS3_SMART,0.9292397660818713,0.9927654655612245,0.9633222188541982,1.0,0.9292397660818713,4767,4767,0,True,0.09923393979766018,65,True,False,0.47637364534296445,1,True,CS_MAP
167159,84,book,a photo of a book,0.45286612073890686,all,,CS_POS3_CASR,0.9292397660818713,0.9927654655612245,0.9633222188541982,1.0,0.9292397660818713,4767,4767,0,True,0.09923393979766018,65,True,False,0.47637364534296445,1,True,CS_MAP
133244,1,person,a photo of a person,0.5917347865576749,all,,CS_POS3_SAM,0.002501016037765342,0.3640983737244898,0.004989553123148408,0.00448556209700028,0.005621135469364812,17835,80,18,True,0.0008498984843477029,62,True,False,-0.5892337705199095,0,True,CS_MAP
133244,1,person,a photo of a person,0.5917347865576749,all,,CS_POS3_SMART,0.002920410783055199,0.3807995854591837,0.005823813637963585,0.005346965156589694,0.006394041596402473,17019,91,0,True,0.0,-1,True,False,-0.5888143757746197,1,True,CS_MAP
133244,1,person,a photo of a person,0.5917347865576749,all,,CS_POS3_CASR,0.5917347865576749,0.8208306760204082,0.743509272467903,0.6259006628878855,0.9155424395727937,20818,13030,438,True,0.021459952686718485,62,True,False,0.0,1,False,CS_MAP
133244,62,chair,a photo of a chair,0.1539527107714354,all,,CS_POS3_SAM,0.014302169322326742,0.7953404017857143,0.028201003122929877,0.020680083275503122,0.044318857822724565,7205,149,95,True,0.004451316652609877,1,True,False,-0.13965054144910866,0,True,CS_MAP
133244,62,chair,a photo of a chair,0.1539527107714354,all,,CS_POS3_SMART,0.02941622441243366,0.872429049744898,0.057151274119899835,0.05660927925299095,0.05770374776918501,3427,194,5,True,0.0002832219327064688,1,True,False,-0.12453648635900175,1,True,CS_MAP
133244,62,chair,a photo of a chair,0.1539527107714354,all,,CS_POS3_CASR,0.1539527107714354,0.6470025510204082,0.2668267240665618,0.1549817272552414,0.9586555621653777,20796,3223,8971,False,0.35962426736016767,1,False,False,0.0,1,False,CS_MAP
540414,28,umbrella,a photo of a umbrella,0.08822843822843823,all,,CS_POS3_SAM,0.5877192982456141,0.9850127551020408,0.7403314917127072,0.7865003668378576,0.6992824527071102,1363,1072,0,True,0.00010122482032594392,1,True,False,0.49949086001717585,1,True,CS_MAP
540414,28,umbrella,a photo of a umbrella,0.08822843822843823,all,,CS_POS3_SMART,0.6854934601664685,0.9894571109693877,0.8134038800705468,0.8855606758832565,0.7521200260926288,1302,1153,0,True,0.0,-1,True,False,0.5972650219380302,2,True,CS_MAP
540414,28,umbrella,a photo of a umbrella,0.08822843822843823,all,,CS_POS3_CASR,0.6854934601664685,0.9894571109693877,0.8134038800705468,0.8855606758832565,0.7521200260926288,1302,1153,0,True,0.0,-1,True,False,0.5972650219380302,2,True,CS_MAP
540414,1,person,a photo of a person,0.2900420757363254,all,,CS_POS3_SAM,0.1318361647661159,0.8513034119897959,0.23295980261128818,0.9363636363636364,0.1330280615240108,1210,1133,1,True,0.01652892561983471,31,True,False,-0.1582059109702095,0,True,CS_MAP
540414,1,person,a photo of a person,0.2900420757363254,all,,CS_POS3_SMART,0.1318361647661159,0.8513034119897959,0.23295980261128818,0.9363636363636364,0.1330280615240108,1210,1133,1,True,0.01652892561983471,31,True,False,-0.1582059109702095,0,True,CS_MAP
540414,1,person,a photo of a person,0.2900420757363254,all,,CS_POS3_CASR,0.1318361647661159,0.8513034119897959,0.23295980261128818,0.9363636363636364,0.1330280615240108,1210,1133,1,True,0.01652892561983471,31,True,False,-0.1582059109702095,0,True,CS_MAP
572555,10,traffic light,a photo of a traffic light,0.023243505491112777,all,,CS_POS3_SAM,0.1604135893648449,0.943359375,0.27647657841140527,0.16155905980362986,0.9576719576719577,3361,543,10,True,0.00039485114111979786,7,True,False,0.1371700838737321,1,True,CS_MAP
572555,10,traffic light,a photo of a traffic light,0.023243505491112777,all,,CS_POS3_SMART,0.1604135893648449,0.943359375,0.27647657841140527,0.16155905980362986,0.9576719576719577,3361,543,10,True,0.00039485114111979786,7,True,False,0.1371700838737321,1,True,CS_MAP
572555,10,traffic light,a photo of a traffic light,0.023243505491112777,all,,CS_POS3_CASR,0.1604135893648449,0.943359375,0.27647657841140527,0.16155905980362986,0.9576719576719577,3361,543,10,True,0.00039485114111979786,7,True,False,0.1371700838737321,1,True,CS_MAP
572555,7,train,a photo of a train,0.47549752674565743,all,,CS_POS3_SAM,0.9508522855721843,0.9783362563775511,0.9748070549516769,0.9932930285282449,0.9569965870307168,21172,21030,11,True,0.0005523081879688866,10,True,False,0.47535475882652684,0,True,CS_MAP
572555,7,train,a photo of a train,0.47549752674565743,all,,CS_POS3_SMART,0.9508522855721843,0.9783362563775511,0.9748070549516769,0.9932930285282449,0.9569965870307168,21172,21030,11,True,0.0005523081879688866,10,True,False,0.47535475882652684,0,True,CS_MAP
572555,7,train,a photo of a train,0.47549752674565743,all,,CS_POS3_CASR,0.9508522855721843,0.9783362563775511,0.9748070549516769,0.9932930285282449,0.9569965870307168,21172,21030,11,True,0.0005523081879688866,10,True,False,0.47535475882652684,0,True,CS_MAP
463802,88,teddy bear,a photo of a teddy bear,0.7822105951602355,all,,CS_POS3_SAM,0.8926178275803818,0.9619937818877551,0.9432626223557764,0.901603913092936,0.9889575145049597,17582,15852,4,True,0.0012321909896033886,43,True,False,0.11040723242014627,0,True,CS_MAP
463802,88,teddy bear,a photo of a teddy bear,0.7822105951602355,all,,CS_POS3_SMART,0.8926178275803818,0.9619937818877551,0.9432626223557764,0.901603913092936,0.9889575145049597,17582,15852,4,True,0.0012321909896033886,43,True,False,0.11040723242014627,0,True,CS_MAP
463802,88,teddy bear,a photo of a teddy bear,0.7822105951602355,all,,CS_POS3_CASR,0.8926178275803818,0.9619937818877551,0.9432626223557764,0.901603913092936,0.9889575145049597,17582,15852,4,True,0.0012321909896033886,43,True,False,0.11040723242014627,0,True,CS_MAP
463802,43,tennis racket,a photo of a tennis racket,0.396806774127729,all,,CS_POS3_SAM,0.7225202482381403,0.9474250637755102,0.8389106008793357,0.8633735545500252,0.8157957244655581,7956,6869,74,True,0.008365716753022452,1,True,False,0.3257134741104113,2,True,CS_MAP
463802,43,tennis racket,a photo of a tennis racket,0.396806774127729,all,,CS_POS3_SMART,0.7670195101701951,0.9552574936224489,0.8681505843660069,0.8587196467991169,0.877790973871734,8607,7391,121,True,0.011509888040179973,1,True,False,0.3702127360424661,1,True,CS_MAP
463802,43,tennis racket,a photo of a tennis racket,0.396806774127729,all,,CS_POS3_CASR,0.7670195101701951,0.9552574936224489,0.8681505843660069,0.8587196467991169,0.877790973871734,8607,7391,121,True,0.011509888040179973,1,True,False,0.3702127360424661,1,True,CS_MAP
3501,51,bowl,a photo of a bowl,0.408495752123938,all,,CS_POS3_SAM,0.4747101187331424,0.6235052614795918,0.6438012633166776,0.9992975883867946,0.47486857111067843,17084,17072,0,True,0.002829387909082335,56,True,False,0.06621436660920438,2,True,CS_MAP
3501,51,bowl,a photo of a bowl,0.408495752123938,all,,CS_POS3_SMART,0.47764182424916574,0.6256377551020408,0.6464920204757603,0.9994762874599942,0.47776139745765067,17185,17176,0,True,0.0028159759703383865,56,True,False,0.06914607212522772,1,True,CS_MAP
3501,51,bowl,a photo of a bowl,0.408495752123938,all,,CS_POS3_CASR,0.47764182424916574,0.6256377551020408,0.6464920204757603,0.9994762874599942,0.47776139745765067,17185,17176,0,True,0.0028159759703383865,56,True,False,0.06914607212522772,1,True,CS_MAP
3501,56,broccoli,a photo of a broccoli,0.1884018759018759,all,,CS_POS3_SAM,0.32645887040074995,0.9427216198979592,0.492226148409894,0.942489851150203,0.3330942132950741,1478,1393,85,True,0.04111151289254819,51,True,False,0.13805699449887404,2,True,CS_MAP
3501,56,broccoli,a photo of a broccoli,0.1884018759018759,all,,CS_POS3_SMART,0.6522753792298717,0.9703045280612245,0.78954802259887,0.9644582470669427,0.6683405069344811,2898,2795,103,True,0.0806097187839003,51,True,False,0.46387350332799576,1,True,CS_MAP
3501,56,broccoli,a photo of a broccoli,0.1884018759018759,all,,CS_POS3_CASR,0.6522753792298717,0.9703045280612245,0.78954802259887,0.9644582470669427,0.6683405069344811,2898,2795,103,True,0.0806097187839003,51,True,False,0.46387350332799576,1,True,CS_MAP
348708,67,dining table,a photo of a dining table,0.5163764469048817,all,,CS_POS3_SAM,0.4876373626373626,0.49449936224489793,0.6555863342566943,1.0,0.4876373626373626,24140,24140,0,True,0.8846167943407983,51,False,True,-0.02873908426751909,1,True,CS_MAP
348708,67,dining table,a photo of a dining table,0.5163764469048817,all,,CS_POS3_SMART,0.4876373626373626,0.49449936224489793,0.6555863342566943,1.0,0.4876373626373626,24140,24140,0,True,0.8846167943407983,51,False,True,-0.02873908426751909,1,True,CS_MAP
348708,67,dining table,a photo of a dining table,0.5163764469048817,all,,CS_POS3_CASR,0.4876373626373626,0.49449936224489793,0.6555863342566943,1.0,0.4876373626373626,24140,24140,0,True,0.8846167943407983,51,False,True,-0.02873908426751909,1,True,CS_MAP
348708,51,bowl,a photo of a bowl,0.5845885680457804,all,,CS_POS3_SAM,0.6293812861932337,0.7334183673469388,0.7725402169846615,0.7204706927175843,0.8327223403475328,31528,22715,8813,True,0.6285547762123922,67,True,False,0.044792718147453336,0,True,CS_MAP
348708,51,bowl,a photo of a bowl,0.5845885680457804,all,,CS_POS3_SMART,0.6293812861932337,0.7334183673469388,0.7725402169846615,0.7204706927175843,0.8327223403475328,31528,22715,8813,True,0.6285547762123922,67,True,False,0.044792718147453336,0,True,CS_MAP
348708,51,bowl,a photo of a bowl,0.5845885680457804,all,,CS_POS3_CASR,0.6293812861932337,0.7334183673469388,0.7725402169846615,0.7204706927175843,0.8327223403475328,31528,22715,8813,True,0.6285547762123922,67,True,False,0.044792718147453336,0,True,CS_MAP
332901,20,sheep,a photo of a sheep,0.6134799947412244,all,,CS_POS3_SAM,0.08776546912295734,0.7029456313775511,0.1613683677488325,0.6660473757547608,0.09180537772087068,2153,1434,0,True,0.0,-1,True,False,-0.525714525618267,2,True,CS_MAP
332901,20,sheep,a photo of a sheep,0.6134799947412244,all,,CS_POS3_SMART,0.6852461013645225,0.8970224808673469,0.8132297126332911,0.9339144873391448,0.7201664532650448,12045,11249,0,True,0.0,-1,True,False,0.07176610662329808,0,True,CS_MAP
332901,20,sheep,a photo of a sheep,0.6134799947412244,all,,CS_POS3_CASR,0.6852461013645225,0.8970224808673469,0.8132297126332911,0.9339144873391448,0.7201664532650448,12045,11249,0,True,0.0,-1,True,False,0.07176610662329808,0,True,CS_MAP
332901,1,person,a photo of a person,0.03481192801156019,all,,CS_POS3_SAM,0.061202383101642895,0.7927295918367347,0.1153453555631167,0.062196128795523345,0.7929824561403509,10901,678,0,True,0.0,-1,True,False,0.026390455090082705,0,True,CS_MAP
332901,1,person,a photo of a person,0.03481192801156019,all,,CS_POS3_SMART,0.061202383101642895,0.7927295918367347,0.1153453555631167,0.062196128795523345,0.7929824561403509,10901,678,0,True,0.0,-1,True,False,0.026390455090082705,0,True,CS_MAP
332901,1,person,a photo of a person,0.03481192801156019,all,,CS_POS3_CASR,0.03481192801156019,0.5607063137755102,0.0672816519972918,0.034903630855687755,0.9298245614035088,22777,795,8404,False,0.28019871303304106,20,False,False,0.0,0,False,CS_MAP
409358,70,toilet,a photo of a toilet,0.14096203060531676,all,,CS_POS3_SAM,0.5872079301392494,0.9651426977040817,0.7399256505576208,0.6368057332992065,0.8828956706884316,3907,2488,0,True,0.0,-1,True,False,0.4462458995339327,1,True,CS_MAP
409358,70,toilet,a photo of a toilet,0.14096203060531676,all,,CS_POS3_SMART,0.5872079301392494,0.9651426977040817,0.7399256505576208,0.6368057332992065,0.8828956706884316,3907,2488,0,True,0.0,-1,True,False,0.4462458995339327,1,True,CS_MAP
409358,70,toilet,a photo of a toilet,0.14096203060531676,all,,CS_POS3_CASR,0.5872079301392494,0.9651426977040817,0.7399256505576208,0.6368057332992065,0.8828956706884316,3907,2488,0,True,0.0,-1,True,False,0.4462458995339327,1,True,CS_MAP
409358,81,sink,a photo of a sink,0.09004166918292167,all,,CS_POS3_SAM,0.14410134600158353,0.8276466836734694,0.2519031141868512,0.14460224451286124,0.9765258215962441,10069,1456,31,True,0.0024113254511512134,70,True,False,0.05405967681866186,0,True,CS_MAP
409358,81,sink,a photo of a sink,0.09004166918292167,all,,CS_POS3_SMART,0.7687467226009439,0.9912109375,0.8692558553216722,0.7789585547290117,0.9832327297116029,1882,1466,0,True,0.0,-1,True,False,0.6787050534180222,1,True,CS_MAP
409358,81,sink,a photo of a sink,0.09004166918292167,all,,CS_POS3_CASR,0.7687467226009439,0.9912109375,0.8692558553216722,0.7789585547290117,0.9832327297116029,1882,1466,0,True,0.0,-1,True,False,0.6787050534180222,1,True,CS_MAP
46497,1,person,a photo of a person,0.6929635528904713,all,,CS_POS3_SAM,0.0016620201586961185,0.25777264030612246,0.003318524862174169,0.0027631696229610484,0.004153269024651661,22438,62,190,False,0.006677209629239149,9,False,False,-0.6913015327317752,0,True,CS_MAP
46497,1,person,a photo of a person,0.6929635528904713,all,,CS_POS3_SMART,0.0008063170772396152,0.28378109056122447,0.0016113349076260592,0.0013765604974604832,0.001942658092175777,21067,29,110,False,0.004049477249300545,9,False,False,-0.6921572358132316,2,True,CS_MAP
46497,1,person,a photo of a person,0.6929635528904713,all,,CS_POS3_CASR,0.6929635528904713,0.8693797831632653,0.8186396590846201,0.6974068835454974,0.9908896034297964,21210,14792,548,True,0.041086007214733246,9,True,False,0.0,2,False,CS_MAP
46497,9,boat,a photo of a boat,0.20983213429256595,all,,CS_POS3_SAM,0.11123177164132796,0.8858219068877551,0.2001954488342873,0.75,0.11551474142097631,956,717,0,True,0.0,-1,True,False,-0.09860036265123799,2,True,CS_MAP
46497,9,boat,a photo of a boat,0.20983213429256595,all,,CS_POS3_SMART,0.7720894371626831,0.9705436862244898,0.8713887922032718,0.9473982970671713,0.8066698888351861,5285,5007,0,True,4.947555907381753e-05,1,True,False,0.5622573028701171,0,True,CS_MAP
46497,9,boat,a photo of a boat,0.20983213429256595,all,,CS_POS3_CASR,0.20983213429256595,0.5928531568877551,0.3468780971258672,0.21637683471601787,0.8740132108909296,25072,5425,91,True,0.003688555441246581,1,True,False,0.0,0,False,CS_MAP
131138,76,keyboard,a photo of a keyboard,0.06149584487534626,all,,CS_POS3_SAM,0.6358303249097473,0.9839166135204082,0.7773793103448275,0.645737855178735,0.9764379764379765,2182,1409,434,True,0.17301122498779892,73,True,False,0.574334480034401,1,True,CS_MAP
131138,76,keyboard,a photo of a keyboard,0.06149584487534626,all,,CS_POS3_SMART,0.6358303249097473,0.9839166135204082,0.7773793103448275,0.645737855178735,0.9764379764379765,2182,1409,434,True,0.17301122498779892,73,True,False,0.574334480034401,1,True,CS_MAP
131138,76,keyboard,a photo of a keyboard,0.06149584487534626,all,,CS_POS3_CASR,0.6358303249097473,0.9839166135204082,0.7773793103448275,0.645737855178735,0.9764379764379765,2182,1409,434,True,0.17301122498779892,73,True,False,0.574334480034401,1,True,CS_MAP
131138,72,tv,a photo of a tv,0.22878376574251258,all,,CS_POS3_SAM,0.34469466423209577,0.8712531887755102,0.5126735063367531,0.42347956131605186,0.6494648318042814,8024,3398,1274,True,0.13589333333333334,73,True,False,0.11591089848958319,0,True,CS_MAP
131138,72,tv,a photo of a tv,0.22878376574251258,all,,CS_POS3_SMART,0.34469466423209577,0.8712531887755102,0.5126735063367531,0.42347956131605186,0.6494648318042814,8024,3398,1274,True,0.13589333333333334,73,True,False,0.11591089848958319,0,True,CS_MAP
131138,72,tv,a photo of a tv,0.22878376574251258,all,,CS_POS3_CASR,0.22878376574251258,0.6546157525510204,0.37237433000144865,0.22971403038427168,0.9826070336391437,22380,5141,3664,True,0.08439221128409731,73,True,False,0.0,0,False,CS_MAP
476215,19,horse,a photo of a horse,0.3652788688138256,all,,CS_POS3_SAM,0.4349937343358396,0.9281130420918368,0.6062656915183932,0.48540464953679424,0.8072674418604651,5721,2777,0,True,0.0,-1,True,False,0.069714865522014,0,True,CS_MAP
476215,19,horse,a photo of a horse,0.3652788688138256,all,,CS_POS3_SMART,0.7486195109124375,0.9809470663265306,0.8562406015037594,0.8869158878504673,0.8276162790697674,3210,2847,0,True,0.0,-1,True,False,0.3833406420986119,1,True,CS_MAP
476215,19,horse,a photo of a horse,0.3652788688138256,all,,CS_POS3_CASR,0.7486195109124375,0.9809470663265306,0.8562406015037594,0.8869158878504673,0.8276162790697674,3210,2847,0,True,0.0,-1,True,False,0.3833406420986119,1,True,CS_MAP
476215,1,person,a photo of a person,0.03776751993285774,all,,CS_POS3_SAM,4.63725103758492e-05,0.14048549107142858,9.274072013169182e-05,4.716091303527636e-05,0.0027662517289073307,42408,2,56,False,0.001222921034241789,19,False,False,-0.03772114742248189,1,True,CS_MAP
476215,1,person,a photo of a person,0.03776751993285774,all,,CS_POS3_SMART,4.63725103758492e-05,0.14048549107142858,9.274072013169182e-05,4.716091303527636e-05,0.0027662517289073307,42408,2,56,False,0.001222921034241789,19,False,False,-0.03772114742248189,1,True,CS_MAP
476215,1,person,a photo of a person,0.03776751993285774,all,,CS_POS3_CASR,0.03776751993285774,0.634406887755102,0.07278608976951072,0.03777346414144064,0.995850622406639,19061,720,961,False,0.044614670380687095,19,False,False,0.0,1,False,CS_MAP
280891,44,bottle,a photo of a bottle,0.030162818106421057,all,,CS_POS3_SAM,0.19469026548672566,0.9764229910714286,0.32592592592592595,0.27793974732750243,0.3939393939393939,1029,286,125,True,0.010681399631675874,55,True,False,0.16452744738030461,2,True,CS_MAP
280891,44,bottle,a photo of a bottle,0.030162818106421057,all,,CS_POS3_SMART,0.19469026548672566,0.9764229910714286,0.32592592592592595,0.27793974732750243,0.3939393939393939,1029,286,125,True,0.010681399631675874,55,True,False,0.16452744738030461,2,True,CS_MAP
280891,44,bottle,a photo of a bottle,0.030162818106421057,all,,CS_POS3_CASR,0.19469026548672566,0.9764229910714286,0.32592592592592595,0.27793974732750243,0.3939393939393939,1029,286,125,True,0.010681399631675874,55,True,False,0.16452744738030461,2,True,CS_MAP
280891,55,orange,a photo of a orange,0.4404990998820535,all,,CS_POS3_SAM,0.008448928121059268,0.8432916135204082,0.016756283606352382,0.08438287153652393,0.009301679855615716,794,67,122,False,0.04391424619640387,53,False,False,-0.43205017176099425,2,True,CS_MAP
280891,55,orange,a photo of a orange,0.4404990998820535,all,,CS_POS3_SMART,0.0649217346676931,0.8547512755102041,0.12192771084337349,0.4612579762989973,0.07024850756629182,1097,506,105,True,0.03585905830994699,53,True,False,-0.37557736521436036,1,True,CS_MAP
280891,55,orange,a photo of a orange,0.4404990998820535,all,,CS_POS3_CASR,0.0649217346676931,0.8547512755102041,0.12192771084337349,0.4612579762989973,0.07024850756629182,1097,506,105,True,0.03585905830994699,53,True,False,-0.37557736521436036,1,True,CS_MAP
532855,1,person,a photo of a person,0.25477320941509246,all,,CS_POS3_SAM,0.45848801889976376,0.9360451211734694,0.6287168807127155,0.9963329666299964,0.459263015551048,2727,2717,0,True,0.0,-1,True,False,0.2037148094846713,2,True,CS_MAP
532855,1,person,a photo of a person,0.25477320941509246,all,,CS_POS3_SMART,0.680732744520772,0.9610969387755102,0.8100428182172051,0.9545871559633028,0.7035158891142664,4360,4162,0,True,0.0,-1,True,False,0.4259595351056796,1,True,CS_MAP
532855,1,person,a photo of a person,0.25477320941509246,all,,CS_POS3_CASR,0.680732744520772,0.9610969387755102,0.8100428182172051,0.9545871559633028,0.7035158891142664,4360,4162,0,True,0.0,-1,True,False,0.4259595351056796,1,True,CS_MAP
532855,41,skateboard,a photo of a skateboard,0.036685902720527616,all,,CS_POS3_SAM,0.010283789594381539,0.4495176977040816,0.02035821954247207,0.01044281919732198,0.40308988764044945,27483,287,3,True,0.001199076710932582,1,True,False,-0.026402113126146078,0,True,CS_MAP
532855,41,skateboard,a photo of a skateboard,0.036685902720527616,all,,CS_POS3_SMART,0.021305654192843484,0.7143654336734694,0.04172238566461621,0.02190395956192081,0.43820224719101125,14244,312,0,True,0.0018386920439298316,1,True,False,-0.015380248527684132,1,True,CS_MAP
532855,41,skateboard,a photo of a skateboard,0.036685902720527616,all,,CS_POS3_CASR,0.036685902720527616,0.6273915816326531,0.07077534791252485,0.036685902720527616,1.0,19408,712,1393,False,0.06109109192994218,1,False,False,0.0,1,False,CS_MAP
296231,84,book,a photo of a book,0.052360729452910315,all,,CS_POS3_SAM,0.038657208369160215,0.46522241709183676,0.07443689420854747,0.03867383512544803,0.9890009165902841,27900,1079,373,True,0.00791944384720132,64,True,False,-0.0137035210837501,0,True,CS_MAP
296231,84,book,a photo of a book,0.052360729452910315,all,,CS_POS3_SMART,0.06499429874572406,0.6894929846938775,0.12205567451820129,0.06502551786250375,0.9926672777268561,16655,1083,487,True,0.012231682455929968,64,True,False,0.012633569292813743,1,True,CS_MAP
296231,84,book,a photo of a book,0.052360729452910315,all,,CS_POS3_CASR,0.052360729452910315,0.6219905931122449,0.09951099083701277,0.05247346284798718,0.9605866177818515,19972,1048,3254,False,0.1370642122172535,72,False,False,0.0,1,False,CS_MAP
296231,72,tv,a photo of a tv,0.3565993177643663,all,,CS_POS3_SAM,0.8250719539494723,0.9781967474489796,0.9041527948133871,0.9930715935334873,0.829848825989064,5196,5160,0,True,0.0,-1,True,False,0.468472636185106,1,True,CS_MAP
296231,72,tv,a photo of a tv,0.3565993177643663,all,,CS_POS3_SMART,0.8250719539494723,0.9781967474489796,0.9041527948133871,0.9930715935334873,0.829848825989064,5196,5160,0,True,0.0,-1,True,False,0.468472636185106,1,True,CS_MAP
296231,72,tv,a photo of a tv,0.3565993177643663,all,,CS_POS3_CASR,0.8250719539494723,0.9781967474489796,0.9041527948133871,0.9930715935334873,0.829848825989064,5196,5160,0,True,0.0,-1,True,False,0.468472636185106,1,True,CS_MAP
463522,19,horse,a photo of a horse,0.7451767959438994,all,,CS_POS3_SAM,0.9176193678547411,0.98046875,0.9570401543047519,0.9611693228845646,0.9529463116542994,11357,10916,0,True,0.0009849790691947797,1,True,False,0.17244257191084167,1,True,CS_MAP
463522,19,horse,a photo of a horse,0.7451767959438994,all,,CS_POS3_SMART,0.9176193678547411,0.98046875,0.9570401543047519,0.9611693228845646,0.9529463116542994,11357,10916,0,True,0.0009849790691947797,1,True,False,0.17244257191084167,1,True,CS_MAP
463522,19,horse,a photo of a horse,0.7451767959438994,all,,CS_POS3_CASR,0.9176193678547411,0.98046875,0.9570401543047519,0.9611693228845646,0.9529463116542994,11357,10916,0,True,0.0009849790691947797,1,True,False,0.17244257191084167,1,True,CS_MAP
463522,1,person,a photo of a person,0.03152073732718894,all,,CS_POS3_SAM,0.0014948800358771208,0.733757174744898,0.0029852974102544966,0.0015922299180001593,0.02386634844868735,12561,20,63,False,0.002588294230608667,19,False,False,-0.03002585729131182,0,True,CS_MAP
463522,1,person,a photo of a person,0.03152073732718894,all,,CS_POS3_SMART,0.0014948800358771208,0.733757174744898,0.0029852974102544966,0.0015922299180001593,0.02386634844868735,12561,20,63,False,0.002588294230608667,19,False,False,-0.03002585729131182,0,True,CS_MAP
463522,1,person,a photo of a person,0.03152073732718894,all,,CS_POS3_CASR,0.03152073732718894,0.5811543367346939,0.06111508220157255,0.031746031746031744,0.8162291169451074,21546,684,4123,False,0.13522531819745442,19,False,False,0.0,0,False,CS_MAP
115946,3,car,a photo of a car,0.07515673981191223,all,,CS_POS3_SAM,0.8060301507537688,0.9961535395408163,0.89259877573734,0.9570405727923628,0.8362877997914494,838,802,1,True,0.04716981132075472,1,True,False,0.7308734109418566,0,True,CS_MAP
115946,3,car,a photo of a car,0.07515673981191223,all,,CS_POS3_SMART,0.8060301507537688,0.9961535395408163,0.89259877573734,0.9570405727923628,0.8362877997914494,838,802,1,True,0.04716981132075472,1,True,False,0.7308734109418566,0,True,CS_MAP
115946,3,car,a photo of a car,0.07515673981191223,all,,CS_POS3_CASR,0.8060301507537688,0.9961535395408163,0.89259877573734,0.9570405727923628,0.8362877997914494,838,802,1,True,0.04716981132075472,1,True,False,0.7308734109418566,0,True,CS_MAP
115946,10,traffic light,a photo of a traffic light,0.03993744065240463,all,,CS_POS3_SAM,0.6785714285714286,0.9944395727040817,0.8085106382978723,0.793800539083558,0.8237762237762237,742,589,0,True,0.0,-1,True,False,0.6386339879190239,2,True,CS_MAP
115946,10,traffic light,a photo of a traffic light,0.03993744065240463,all,,CS_POS3_SMART,0.6785714285714286,0.9944395727040817,0.8085106382978723,0.793800539083558,0.8237762237762237,742,589,0,True,0.0,-1,True,False,0.6386339879190239,2,True,CS_MAP
115946,10,traffic light,a photo of a traffic light,0.03993744065240463,all,,CS_POS3_CASR,0.6785714285714286,0.9944395727040817,0.8085106382978723,0.793800539083558,0.8237762237762237,742,589,0,True,0.0,-1,True,False,0.6386339879190239,2,True,CS_MAP
427256,1,person,a photo of a person,0.5712648508232417,all,,CS_POS3_SAM,0.03769790108813367,0.6281090561224489,0.07265679355928834,0.9481193255512321,0.03777582553873185,771,731,0,True,0.0,-1,True,False,-0.5335669497351081,1,True,CS_MAP
427256,1,person,a photo of a person,0.5712648508232417,all,,CS_POS3_SMART,0.03769790108813367,0.6281090561224489,0.07265679355928834,0.9481193255512321,0.03777582553873185,771,731,0,True,0.0,-1,True,False,-0.5335669497351081,1,True,CS_MAP
427256,1,person,a photo of a person,0.5712648508232417,all,,CS_POS3_CASR,0.03769790108813367,0.6281090561224489,0.07265679355928834,0.9481193255512321,0.03777582553873185,771,731,0,True,0.0,-1,True,False,-0.5335669497351081,1,True,CS_MAP
427256,40,baseball glove,a photo of a baseball glove,0.02181266261925412,all,,CS_POS3_SAM,0.06337371854613234,0.9399115114795918,0.11919368974583698,0.06986301369863014,0.40556660039761433,2920,204,2680,False,0.14875947800072215,1,False,False,0.041561055926878226,0,True,CS_MAP
427256,40,baseball glove,a photo of a baseball glove,0.02181266261925412,all,,CS_POS3_SMART,0.06337371854613234,0.9399115114795918,0.11919368974583698,0.06986301369863014,0.40556660039761433,2920,204,2680,False,0.14875947800072215,1,False,False,0.041561055926878226,0,True,CS_MAP
427256,40,baseball glove,a photo of a baseball glove,0.02181266261925412,all,,CS_POS3_CASR,0.06337371854613234,0.9399115114795918,0.11919368974583698,0.06986301369863014,0.40556660039761433,2920,204,2680,False,0.14875947800072215,1,False,False,0.041561055926878226,0,True,CS_MAP
12748,19,horse,a photo of a horse,0.6786953170167662,all,,CS_POS3_SAM,0.9381436359965,0.9816844706632653,0.9680847369334954,0.9726448011165387,0.9635672312478396,14330,13938,2,True,0.0013679890560875513,1,True,False,0.25944831897973375,1,True,CS_MAP
12748,19,horse,a photo of a horse,0.6786953170167662,all,,CS_POS3_SMART,0.9381436359965,0.9816844706632653,0.9680847369334954,0.9726448011165387,0.9635672312478396,14330,13938,2,True,0.0013679890560875513,1,True,False,0.25944831897973375,1,True,CS_MAP
12748,19,horse,a photo of a horse,0.6786953170167662,all,,CS_POS3_CASR,0.9381436359965,0.9816844706632653,0.9680847369334954,0.9726448011165387,0.9635672312478396,14330,13938,2,True,0.0013679890560875513,1,True,False,0.25944831897973375,1,True,CS_MAP
12748,1,person,a photo of a person,0.7925261441043845,all,,CS_POS3_SAM,0.18740342089838546,0.6960698341836735,0.31565248608867347,0.957267283614589,0.18898441698011822,3674,3517,2,True,0.0001102718200363897,19,True,False,-0.605122723205999,1,True,CS_MAP
12748,1,person,a photo of a person,0.7925261441043845,all,,CS_POS3_SMART,0.41905721406225144,0.7816485969387755,0.5906135565353859,0.9694553483807654,0.4246641590542719,8152,7903,1,True,0.0012395413696932136,19,True,False,-0.37346893004213305,0,True,CS_MAP
12748,1,person,a photo of a person,0.7925261441043845,all,,CS_POS3_CASR,0.7925261441043845,0.9138034119897959,0.8842561618540423,0.8807911712960494,0.8877485222998388,18757,16521,473,True,0.016833986287952987,19,True,False,0.0,0,False,CS_MAP
100283,3,car,a photo of a car,0.044665238594412286,all,,CS_POS3_SAM,0.43202146690518783,0.9873445471938775,0.603372891942536,0.8370883882149047,0.4716796875,577,483,0,True,0.0,-1,True,False,0.38735622831077554,1,True,CS_MAP
100283,3,car,a photo of a car,0.044665238594412286,all,,CS_POS3_SMART,0.43202146690518783,0.9873445471938775,0.603372891942536,0.8370883882149047,0.4716796875,577,483,0,True,0.0,-1,True,False,0.38735622831077554,1,True,CS_MAP
100283,3,car,a photo of a car,0.044665238594412286,all,,CS_POS3_CASR,0.43202146690518783,0.9873445471938775,0.603372891942536,0.8370883882149047,0.4716796875,577,483,0,True,0.0,-1,True,False,0.38735622831077554,1,True,CS_MAP
100283,13,stop sign,a photo of a stop sign,0.5444197799083739,all,,CS_POS3_SAM,0.9804261645193261,0.9952766262755102,0.9901163518078319,0.9978984532616005,0.9824546884051973,11896,11871,0,True,0.0,-1,True,False,0.4360063846109522,1,True,CS_MAP
100283,13,stop sign,a photo of a stop sign,0.5444197799083739,all,,CS_POS3_SMART,0.9804261645193261,0.9952766262755102,0.9901163518078319,0.9978984532616005,0.9824546884051973,11896,11871,0,True,0.0,-1,True,False,0.4360063846109522,1,True,CS_MAP
100283,13,stop sign,a photo of a stop sign,0.5444197799083739,all,,CS_POS3_CASR,0.9804261645193261,0.9952766262755102,0.9901163518078319,0.9978984532616005,0.9824546884051973,11896,11871,0,True,0.0,-1,True,False,0.4360063846109522,1,True,CS_MAP
67213,1,person,a photo of a person,0.06620224519678751,all,,CS_POS3_SAM,0.0054690234511725585,0.5469746492346939,0.010878551847178104,0.005870749577306031,0.07400828892835998,21292,125,2274,False,0.092946246314357,18,False,False,-0.06073322174561495,0,True,CS_MAP
67213,1,person,a photo of a person,0.06620224519678751,all,,CS_POS3_SMART,0.08711433756805807,0.8897281568877551,0.16026711185308848,0.10775510204081633,0.31261101243339257,4900,528,2743,False,0.5506341856251258,18,False,True,0.020912092371270563,1,True,CS_MAP
67213,1,person,a photo of a person,0.06620224519678751,all,,CS_POS3_CASR,0.06620224519678751,0.5805763711734694,0.12418327853843272,0.06678603401969561,0.8833629366489046,22340,1492,8864,False,0.2825265747166828,3,False,False,0.0,1,False,CS_MAP
67213,3,car,a photo of a car,0.6004480286738352,all,,CS_POS3_SAM,0.2446394569086845,0.8181600765306123,0.3931089530397765,0.36142367906066536,0.4308836395450569,8176,2955,27,True,0.040502056745069084,1,True,False,-0.3558085717651507,0,True,CS_MAP
67213,3,car,a photo of a car,0.6004480286738352,all,,CS_POS3_SMART,0.30710549258936354,0.8732860331632653,0.4699016174754044,0.5486760124610592,0.4109069699620881,5136,2818,0,True,0.054705609643022714,1,True,False,-0.29334253608447164,1,True,CS_MAP
67213,3,car,a photo of a car,0.6004480286738352,all,,CS_POS3_CASR,0.30710549258936354,0.8732860331632653,0.4699016174754044,0.5486760124610592,0.4109069699620881,5136,2818,0,True,0.054705609643022714,1,True,False,-0.29334253608447164,1,True,CS_MAP
223955,1,person,a photo of a person,0.48096360303744434,all,,CS_POS3_SAM,0.009317473803455111,0.30283402423469385,0.018462919835012206,0.012628588975894365,0.03431730468342547,26052,329,0,True,0.0,-1,True,False,-0.47164612923398924,0,True,CS_MAP
223955,1,person,a photo of a person,0.48096360303744434,all,,CS_POS3_SMART,0.009317473803455111,0.30283402423469385,0.018462919835012206,0.012628588975894365,0.03431730468342547,26052,329,0,True,0.0,-1,True,False,-0.47164612923398924,0,True,CS_MAP
223955,1,person,a photo of a person,0.48096360303744434,all,,CS_POS3_CASR,0.48096360303744434,0.8024752869897959,0.6495279182432193,0.49133319066980524,0.9579639094607281,18692,9184,516,True,0.028033383265568156,34,True,False,0.0,0,False,CS_MAP
223955,34,frisbee,a photo of a frisbee,0.018605972375102083,all,,CS_POS3_SAM,0.016860916860916862,0.4956552933673469,0.03316268052265607,0.01692007797270955,0.8282442748091603,25650,434,233,True,0.0066563821277568274,1,True,False,-0.001745055514185221,1,True,CS_MAP
223955,34,frisbee,a photo of a frisbee,0.018605972375102083,all,,CS_POS3_SMART,0.009513283069514072,0.4999202806122449,0.01884726675529835,0.009620758483033932,0.4599236641221374,25050,241,158,True,0.0045824994924446765,1,True,False,-0.00909268930558801,2,True,CS_MAP
223955,34,frisbee,a photo of a frisbee,0.018605972375102083,all,,CS_POS3_CASR,0.018605972375102083,0.4491589604591837,0.03653222714121379,0.018605972375102083,1.0,28163,524,5300,False,0.1636150668886012,1,False,False,0.0,2,False,CS_MAP
332318,8,truck,a photo of a truck,0.054402819623671196,all,,CS_POS3_SAM,0.7650822669104205,0.9948780293367347,0.8669083376488866,0.8593429158110883,0.8746081504702194,974,837,0,True,0.0,-1,True,False,0.7106794472867493,1,True,CS_MAP
332318,8,truck,a photo of a truck,0.054402819623671196,all,,CS_POS3_SMART,0.7650822669104205,0.9948780293367347,0.8669083376488866,0.8593429158110883,0.8746081504702194,974,837,0,True,0.0,-1,True,False,0.7106794472867493,1,True,CS_MAP
332318,8,truck,a photo of a truck,0.054402819623671196,all,,CS_POS3_CASR,0.7650822669104205,0.9948780293367347,0.8669083376488866,0.8593429158110883,0.8746081504702194,974,837,0,True,0.0,-1,True,False,0.7106794472867493,1,True,CS_MAP
332318,21,cow,a photo of a cow,0.04496038326884098,all,,CS_POS3_SAM,0.03327495621716287,0.8459821428571429,0.06440677966101695,0.035334750265674814,0.3633879781420765,7528,266,52,True,0.006166251630499229,8,True,False,-0.011685427051678104,1,True,CS_MAP
332318,21,cow,a photo of a cow,0.04496038326884098,all,,CS_POS3_SMART,0.03327495621716287,0.8459821428571429,0.06440677966101695,0.035334750265674814,0.3633879781420765,7528,266,52,True,0.006166251630499229,8,True,False,-0.011685427051678104,1,True,CS_MAP
332318,21,cow,a photo of a cow,0.04496038326884098,all,,CS_POS3_CASR,0.03327495621716287,0.8459821428571429,0.06440677966101695,0.035334750265674814,0.3633879781420765,7528,266,52,True,0.006166251630499229,8,True,False,-0.011685427051678104,1,True,CS_MAP
473219,84,book,a photo of a book,0.06111346615797655,all,,CS_POS3_SAM,0.48486799742434,0.9840561224489796,0.6530789245446661,0.524008350730689,0.8665132336018412,1437,753,629,True,0.02718249492443041,1,True,False,0.4237545312663635,1,True,CS_MAP
473219,84,book,a photo of a book,0.06111346615797655,all,,CS_POS3_SMART,0.48486799742434,0.9840561224489796,0.6530789245446661,0.524008350730689,0.8665132336018412,1437,753,629,True,0.02718249492443041,1,True,False,0.4237545312663635,1,True,CS_MAP
473219,84,book,a photo of a book,0.06111346615797655,all,,CS_POS3_CASR,0.48486799742434,0.9840561224489796,0.6530789245446661,0.524008350730689,0.8665132336018412,1437,753,629,True,0.02718249492443041,1,True,False,0.4237545312663635,1,True,CS_MAP
473219,62,chair,a photo of a chair,0.23314140724114374,all,,CS_POS3_SAM,0.714576802507837,0.9637077487244898,0.8335314014078069,0.8790975703817971,0.7924561098557275,5186,4559,25,True,0.0019671708213744397,1,True,False,0.4814353952666932,1,True,CS_MAP
473219,62,chair,a photo of a chair,0.23314140724114374,all,,CS_POS3_SMART,0.714576802507837,0.9637077487244898,0.8335314014078069,0.8790975703817971,0.7924561098557275,5186,4559,25,True,0.0019671708213744397,1,True,False,0.4814353952666932,1,True,CS_MAP
473219,62,chair,a photo of a chair,0.23314140724114374,all,,CS_POS3_CASR,0.714576802507837,0.9637077487244898,0.8335314014078069,0.8790975703817971,0.7924561098557275,5186,4559,25,True,0.0019671708213744397,1,True,False,0.4814353952666932,1,True,CS_MAP
334483,1,person,a photo of a person,0.7089557841002928,all,,CS_POS3_SAM,0.6194934381008108,0.8185586734693877,0.765045937854857,0.9858330562021949,0.6250579850714798,15035,14822,1,True,0.004459631646009499,31,True,False,-0.089462345999482,0,True,CS_MAP
334483,1,person,a photo of a person,0.7089557841002928,all,,CS_POS3_SMART,0.6194934381008108,0.8185586734693877,0.765045937854857,0.9858330562021949,0.6250579850714798,15035,14822,1,True,0.004459631646009499,31,True,False,-0.089462345999482,0,True,CS_MAP
334483,1,person,a photo of a person,0.7089557841002928,all,,CS_POS3_CASR,0.6194934381008108,0.8185586734693877,0.765045937854857,0.9858330562021949,0.6250579850714798,15035,14822,1,True,0.004459631646009499,31,True,False,-0.089462345999482,0,True,CS_MAP
334483,61,cake,a photo of a cake,0.21047210300429184,all,,CS_POS3_SAM,0.5187533016376122,0.9636878188775511,0.6831304347826087,0.9501693275278181,0.5332609285908227,2067,1964,0,True,0.0,-1,True,False,0.3082811986333204,2,True,CS_MAP
334483,61,cake,a photo of a cake,0.21047210300429184,all,,CS_POS3_SMART,0.43329658213891953,0.9487802933673469,0.6046153846153847,0.6975505857294995,0.5335324463752376,2817,1965,0,True,0.0,-1,True,False,0.2228244791346277,1,True,CS_MAP
334483,61,cake,a photo of a cake,0.21047210300429184,all,,CS_POS3_CASR,0.43329658213891953,0.9487802933673469,0.6046153846153847,0.6975505857294995,0.5335324463752376,2817,1965,0,True,0.0,-1,True,False,0.2228244791346277,1,True,CS_MAP
303566,53,apple,a photo of a apple,0.5116179001721171,all,,CS_POS3_SAM,0.2436491935483871,0.8504663584183674,0.3918294561076437,0.97696038803557,0.24505728480178446,2474,2417,0,True,0.0,-1,True,False,-0.26796870662372996,1,True,CS_MAP
303566,53,apple,a photo of a apple,0.5116179001721171,all,,CS_POS3_SMART,0.5040820390282756,0.9007294323979592,0.6702852982061296,0.9654843630816171,0.5133326574064686,5244,5063,0,True,0.0,-1,True,False,-0.007535861143841416,0,True,CS_MAP
303566,53,apple,a photo of a apple,0.5116179001721171,all,,CS_POS3_CASR,0.5040820390282756,0.9007294323979592,0.6702852982061296,0.9654843630816171,0.5133326574064686,5244,5063,0,True,0.0,-1,True,False,-0.007535861143841416,0,True,CS_MAP
303566,55,orange,a photo of a orange,0.10450441934111641,all,,CS_POS3_SAM,0.11950160468189541,0.9070471938775511,0.21349072512647554,0.1802905155226431,0.26167837949565936,3511,633,20,True,0.0011977840994160803,53,True,False,0.014997185340778998,0,True,CS_MAP
303566,55,orange,a photo of a orange,0.10450441934111641,all,,CS_POS3_SMART,0.16649159663865545,0.9367426658163265,0.2854570013507429,0.3133959466139397,0.2620917734601075,2023,634,0,True,0.0,-1,True,False,0.06198717729753904,1,True,CS_MAP
303566,55,orange,a photo of a orange,0.10450441934111641,all,,CS_POS3_CASR,0.16649159663865545,0.9367426658163265,0.2854570013507429,0.3133959466139397,0.2620917734601075,2023,634,0,True,0.0,-1,True,False,0.06198717729753904,1,True,CS_MAP
530624,65,bed,a photo of a bed,0.6295636457526466,all,,CS_POS3_SAM,0.526194865218669,0.6465441645408163,0.6895513504997637,0.9598440545808967,0.5380391728357964,20520,19696,4,True,0.002270577105014191,18,True,False,-0.10336878053397758,1,True,CS_MAP
530624,65,bed,a photo of a bed,0.6295636457526466,all,,CS_POS3_SMART,0.526194865218669,0.6465441645408163,0.6895513504997637,0.9598440545808967,0.5380391728357964,20520,19696,4,True,0.002270577105014191,18,True,False,-0.10336878053397758,1,True,CS_MAP
530624,65,bed,a photo of a bed,0.6295636457526466,all,,CS_POS3_CASR,0.6295636457526466,0.7140664859693877,0.7726775783119167,0.9199049271862975,0.6660747944382222,26506,24383,812,True,0.027253440678888102,18,True,False,0.0,1,False,CS_MAP
530624,18,dog,a photo of a dog,0.8871074380165289,all,,CS_POS3_SAM,0.47217298830202054,0.8812978316326531,0.6414640019263184,0.9958878504672897,0.4730953649440597,5350,5328,10,True,0.0011453387100622777,65,True,False,-0.4149344497145084,2,True,CS_MAP
530624,18,dog,a photo of a dog,0.8871074380165289,all,,CS_POS3_SMART,0.9219889308618114,0.9823022959183674,0.9594112807386416,0.9886021100226073,0.9318948676966791,10616,10495,68,True,0.003250478011472275,65,True,False,0.034881492845282525,1,True,CS_MAP
530624,18,dog,a photo of a dog,0.8871074380165289,all,,CS_POS3_CASR,0.9219889308618114,0.9823022959183674,0.9594112807386416,0.9886021100226073,0.9318948676966791,10616,10495,68,True,0.003250478011472275,65,True,False,0.034881492845282525,1,True,CS_MAP
382696,82,refrigerator,a photo of a refrigerator,0.13534834655781314,all,,CS_POS3_SAM,0.6817260940032415,0.9686902104591837,0.810745693289965,0.8643719496532237,0.7633847549909256,3893,3365,9,True,0.0010963576562309661,79,True,False,0.5463777474454283,2,True,CS_MAP
382696,82,refrigerator,a photo of a refrigerator,0.13534834655781314,all,,CS_POS3_SMART,0.3501384112071135,0.8456034757653061,0.5186703945324636,0.3571489689398477,0.9469147005444646,11687,4174,3357,True,0.2592010066058509,79,True,False,0.21479006464930034,0,True,CS_MAP
382696,82,refrigerator,a photo of a refrigerator,0.13534834655781314,all,,CS_POS3_CASR,0.3501384112071135,0.8456034757653061,0.5186703945324636,0.3571489689398477,0.9469147005444646,11687,4174,3357,True,0.2592010066058509,79,True,False,0.21479006464930034,0,True,CS_MAP
382696,79,oven,a photo of a oven,0.2303205377479029,all,,CS_POS3_SAM,0.005514142755029102,0.8059032206632653,0.010967807454046918,0.009779065555957986,0.012485549132947978,5522,54,73,False,0.007176175098672408,81,False,False,-0.2248063949928738,1,True,CS_MAP
382696,79,oven,a photo of a oven,0.2303205377479029,all,,CS_POS3_SMART,0.005514142755029102,0.8059032206632653,0.010967807454046918,0.009779065555957986,0.012485549132947978,5522,54,73,False,0.007176175098672408,81,False,False,-0.2248063949928738,1,True,CS_MAP
382696,79,oven,a photo of a oven,0.2303205377479029,all,,CS_POS3_CASR,0.2303205377479029,0.7238719706632653,0.374407368943875,0.2326338233643811,0.9586127167630057,17822,4146,2667,True,0.1327388535031847,82,True,False,0.0,1,False,CS_MAP
175251,90,toothbrush,a photo of a toothbrush,0.026791150801704893,all,,CS_POS3_SAM,0.7614035087719299,0.9972895408163265,0.8645418326693227,0.9117647058823529,0.821969696969697,476,434,42,True,0.01791291912843864,1,True,False,0.734612357970225,2,True,CS_MAP
175251,90,toothbrush,a photo of a toothbrush,0.026791150801704893,all,,CS_POS3_SMART,0.7614035087719299,0.9972895408163265,0.8645418326693227,0.9117647058823529,0.821969696969697,476,434,42,True,0.01791291912843864,1,True,False,0.734612357970225,2,True,CS_MAP
175251,90,toothbrush,a photo of a toothbrush,0.026791150801704893,all,,CS_POS3_CASR,0.7614035087719299,0.9972895408163265,0.8645418326693227,0.9117647058823529,0.821969696969697,476,434,42,True,0.01791291912843864,1,True,False,0.734612357970225,2,True,CS_MAP
175251,1,person,a photo of a person,0.682570281124498,all,,CS_POS3_SAM,0.1806724232959765,0.5556042729591837,0.3060500435702726,0.8845116028062601,0.1850374440221277,5559,4917,0,True,0.0,-1,True,False,-0.5018978578285216,2,True,CS_MAP
175251,1,person,a photo of a person,0.682570281124498,all,,CS_POS3_SMART,0.8305389441244451,0.9079440369897959,0.9074255937468684,0.9706714689992282,0.8519173597260377,23322,22638,0,True,0.0035344609946983086,90,True,False,0.14796866299994704,0,True,CS_MAP
175251,1,person,a photo of a person,0.682570281124498,all,,CS_POS3_CASR,0.682570281124498,0.803093112244898,0.8113423715867863,0.8235453734930418,0.7994957287472246,25797,21245,0,True,0.0,-1,True,False,0.0,0,False,CS_MAP
514508,1,person,a photo of a person,0.3778928375303993,all,,CS_POS3_SAM,0.40930232558139534,0.8810387436224489,0.5808580858085809,0.9708920187793427,0.41438733593828275,4260,4136,0,True,0.000473260766682442,72,True,False,0.031409488050996026,1,True,CS_MAP
514508,1,person,a photo of a person,0.3778928375303993,all,,CS_POS3_SMART,0.40930232558139534,0.8810387436224489,0.5808580858085809,0.9708920187793427,0.41438733593828275,4260,4136,0,True,0.000473260766682442,72,True,False,0.031409488050996026,1,True,CS_MAP
514508,1,person,a photo of a person,0.3778928375303993,all,,CS_POS3_CASR,0.40930232558139534,0.8810387436224489,0.5808580858085809,0.9708920187793427,0.41438733593828275,4260,4136,0,True,0.000473260766682442,72,True,False,0.031409488050996026,1,True,CS_MAP
514508,72,tv,a photo of a tv,0.4739811028063743,all,,CS_POS3_SAM,0.3614181783824641,0.4611965880102041,0.5309436646598539,0.4188726765035999,0.7248910365738109,36529,15301,0,True,0.02098608245159591,1,True,False,-0.1125629244239102,0,True,CS_MAP
514508,72,tv,a photo of a tv,0.4739811028063743,all,,CS_POS3_SMART,0.3614181783824641,0.4611965880102041,0.5309436646598539,0.4188726765035999,0.7248910365738109,36529,15301,0,True,0.02098608245159591,1,True,False,-0.1125629244239102,0,True,CS_MAP
514508,72,tv,a photo of a tv,0.4739811028063743,all,,CS_POS3_CASR,0.4739811028063743,0.7026466836734694,0.6431305013394566,0.6494685990338164,0.6369149137767671,20700,13444,224,True,0.09731759656652361,1,True,False,0.0,0,False,CS_MAP
157138,61,cake,a photo of a cake,0.4070428591905968,all,,CS_POS3_SAM,0.257276681164269,0.8672672193877551,0.4092602448110697,0.9892795883361921,0.2579959740550212,2332,2307,0,True,0.0,-1,True,False,-0.1497661780263278,2,True,CS_MAP
157138,61,cake,a photo of a cake,0.4070428591905968,all,,CS_POS3_SMART,0.7742616033755274,0.9573501275510204,0.8727705112960761,0.9317085554709317,0.8208454484455379,7878,7340,175,True,0.01728395061728395,48,True,False,0.3672187441849306,0,True,CS_MAP
157138,61,cake,a photo of a cake,0.4070428591905968,all,,CS_POS3_CASR,0.7742616033755274,0.9573501275510204,0.8727705112960761,0.9317085554709317,0.8208454484455379,7878,7340,175,True,0.01728395061728395,48,True,False,0.3672187441849306,0,True,CS_MAP
157138,48,fork,a photo of a fork,0.09249587072005715,all,,CS_POS3_SAM,0.5053674649050371,0.9761240433673469,0.6714207350521119,1.0,0.5053674649050371,1224,1224,0,True,0.0,-1,True,False,0.41287159418498,2,True,CS_MAP
157138,48,fork,a photo of a fork,0.09249587072005715,all,,CS_POS3_SMART,0.5053674649050371,0.9761240433673469,0.6714207350521119,1.0,0.5053674649050371,1224,1224,0,True,0.0,-1,True,False,0.41287159418498,2,True,CS_MAP
157138,48,fork,a photo of a fork,0.09249587072005715,all,,CS_POS3_CASR,0.5053674649050371,0.9761240433673469,0.6714207350521119,1.0,0.5053674649050371,1224,1224,0,True,0.0,-1,True,False,0.41287159418498,2,True,CS_MAP
116479,65,bed,a photo of a bed,0.5128873351342762,all,,CS_POS3_SAM,0.1647588169125918,0.49685108418367346,0.2829063227858888,1.0,0.1647588169125918,4980,4980,0,True,0.00017129153819801302,63,True,False,-0.3481285182216844,2,True,CS_MAP
116479,65,bed,a photo of a bed,0.5128873351342762,all,,CS_POS3_SMART,0.1647588169125918,0.49685108418367346,0.2829063227858888,1.0,0.1647588169125918,4980,4980,0,True,0.00017129153819801302,63,True,False,-0.3481285182216844,2,True,CS_MAP
116479,65,bed,a photo of a bed,0.5128873351342762,all,,CS_POS3_CASR,0.1647588169125918,0.49685108418367346,0.2829063227858888,1.0,0.1647588169125918,4980,4980,0,True,0.00017129153819801302,63,True,False,-0.3481285182216844,2,True,CS_MAP
116479,63,couch,a photo of a couch,0.03368257346320701,all,,CS_POS3_SAM,0.00017126220243192326,0.8836495535714286,0.00034246575342465754,0.0002007628990162618,0.0011641443538998836,4981,1,4980,False,0.16479190101237345,65,False,False,-0.033511311260775084,2,True,CS_MAP
116479,63,couch,a photo of a couch,0.03368257346320701,all,,CS_POS3_SMART,0.00017126220243192326,0.8836495535714286,0.00034246575342465754,0.0002007628990162618,0.0011641443538998836,4981,1,4980,False,0.16479190101237345,65,False,False,-0.033511311260775084,2,True,CS_MAP
116479,63,couch,a photo of a couch,0.03368257346320701,all,,CS_POS3_CASR,0.00017126220243192326,0.8836495535714286,0.00034246575342465754,0.0002007628990162618,0.0011641443538998836,4981,1,4980,False,0.16479190101237345,65,False,False,-0.033511311260775084,2,True,CS_MAP
283785,84,book,a photo of a book,0.05131751850058787,all,,CS_POS3_SAM,0.18351063829787234,0.9755261479591837,0.3101123595505618,0.26692456479690524,0.3699731903485255,1034,276,44,True,0.002819247773434997,1,True,False,0.1321931197972845,1,True,CS_MAP
283785,84,book,a photo of a book,0.05131751850058787,all,,CS_POS3_SMART,0.18351063829787234,0.9755261479591837,0.3101123595505618,0.26692456479690524,0.3699731903485255,1034,276,44,True,0.002819247773434997,1,True,False,0.1321931197972845,1,True,CS_MAP
283785,84,book,a photo of a book,0.05131751850058787,all,,CS_POS3_CASR,0.18351063829787234,0.9755261479591837,0.3101123595505618,0.26692456479690524,0.3699731903485255,1034,276,44,True,0.002819247773434997,1,True,False,0.1321931197972845,1,True,CS_MAP
283785,1,person,a photo of a person,0.3863892288861689,all,,CS_POS3_SAM,0.29234172685275556,0.7832429846938775,0.4524217097976035,0.8566253574833175,0.30738181569405487,5245,4493,0,True,0.00015607928827844546,88,True,False,-0.09404750203341333,0,True,CS_MAP
283785,1,person,a photo of a person,0.3863892288861689,all,,CS_POS3_SMART,0.29234172685275556,0.7832429846938775,0.4524217097976035,0.8566253574833175,0.30738181569405487,5245,4493,0,True,0.00015607928827844546,88,True,False,-0.09404750203341333,0,True,CS_MAP
283785,1,person,a photo of a person,0.3863892288861689,all,,CS_POS3_CASR,0.29234172685275556,0.7832429846938775,0.4524217097976035,0.8566253574833175,0.30738181569405487,5245,4493,0,True,0.00015607928827844546,88,True,False,-0.09404750203341333,0,True,CS_MAP
400803,1,person,a photo of a person,0.026459073932412366,all,,CS_POS3_SAM,0.03291109269563158,0.6743861607142857,0.06372492836676218,0.032973549994069505,0.9455782312925171,16862,556,15573,False,0.9436026443573393,9,False,True,0.006452018763219217,0,True,CS_MAP
400803,1,person,a photo of a person,0.026459073932412366,all,,CS_POS3_SMART,0.03291109269563158,0.6743861607142857,0.06372492836676218,0.032973549994069505,0.9455782312925171,16862,556,15573,False,0.9436026443573393,9,False,True,0.006452018763219217,0,True,CS_MAP
400803,1,person,a photo of a person,0.026459073932412366,all,,CS_POS3_CASR,0.03291109269563158,0.6743861607142857,0.06372492836676218,0.032973549994069505,0.9455782312925171,16862,556,15573,False,0.9436026443573393,9,False,True,0.006452018763219217,0,True,CS_MAP
400803,9,boat,a photo of a boat,0.41587288026995856,all,,CS_POS3_SAM,0.08789003102001094,0.7011320153061225,0.1615788885161579,0.9469200524246396,0.08832518337408313,1526,1445,0,True,0.0,-1,True,False,-0.3279828492499476,2,True,CS_MAP
400803,9,boat,a photo of a boat,0.41587288026995856,all,,CS_POS3_SMART,0.9457803198319131,0.9814851721938775,0.9721347370946939,0.9544142764591554,0.9905256723716381,16979,16205,0,True,0.034082882034377204,1,True,False,0.5299074395619545,0,True,CS_MAP
400803,9,boat,a photo of a boat,0.41587288026995856,all,,CS_POS3_CASR,0.9457803198319131,0.9814851721938775,0.9721347370946939,0.9544142764591554,0.9905256723716381,16979,16205,0,True,0.034082882034377204,1,True,False,0.5299074395619545,0,True,CS_MAP
396200,8,truck,a photo of a truck,0.027011890401516456,all,,CS_POS3_SAM,0.05779109589041096,0.8684032206632653,0.10926750303520842,0.05968169761273209,0.645933014354067,6786,405,23,True,0.0012858979854264896,3,True,False,0.030779205488894505,1,True,CS_MAP
396200,8,truck,a photo of a truck,0.027011890401516456,all,,CS_POS3_SMART,0.013137129451908723,0.5388831313775511,0.025933566286363827,0.01331834299057338,0.49122807017543857,23126,308,17,True,0.00046063490844881197,1,True,False,-0.013874760949607733,0,True,CS_MAP
396200,8,truck,a photo of a truck,0.027011890401516456,all,,CS_POS3_CASR,0.027011890401516456,0.5498844068877551,0.05260287763748479,0.027011890401516456,1.0,23212,627,797,False,0.011761158021712907,10,True,False,0.0,0,False,CS_MAP
396200,1,person,a photo of a person,0.09155987976585983,all,,CS_POS3_SAM,0.7118590751808744,0.9817442602040817,0.8316795295847115,0.9033932135728543,0.7705141300646918,2505,2263,48,True,0.011614401858304297,41,True,False,0.6202991954150145,0,True,CS_MAP
396200,1,person,a photo of a person,0.09155987976585983,all,,CS_POS3_SMART,0.7118590751808744,0.9817442602040817,0.8316795295847115,0.9033932135728543,0.7705141300646918,2505,2263,48,True,0.011614401858304297,41,True,False,0.6202991954150145,0,True,CS_MAP
396200,1,person,a photo of a person,0.09155987976585983,all,,CS_POS3_CASR,0.09155987976585983,0.5422313456632653,0.16775970143845792,0.09386911037223258,0.7882192713653388,24662,2315,882,True,0.023804704262985303,8,True,False,0.0,0,False,CS_MAP
398377,63,couch,a photo of a couch,0.09018805806355065,all,,CS_POS3_SAM,0.41291676381440895,0.9498166454081632,0.5844884488448845,0.4335373317013464,0.8967088607594936,4085,1771,385,True,0.01548008053602667,1,True,False,0.3227287057508583,1,True,CS_MAP
398377,63,couch,a photo of a couch,0.09018805806355065,all,,CS_POS3_SMART,0.41291676381440895,0.9498166454081632,0.5844884488448845,0.4335373317013464,0.8967088607594936,4085,1771,385,True,0.01548008053602667,1,True,False,0.3227287057508583,1,True,CS_MAP
398377,63,couch,a photo of a couch,0.09018805806355065,all,,CS_POS3_CASR,0.09018805806355065,0.6364995216836735,0.16545412948981927,0.0909456740442656,0.9154430379746835,19880,1808,13086,False,0.368073103367221,1,False,False,0.0,1,False,CS_MAP
398377,1,person,a photo of a person,0.5740746336304577,all,,CS_POS3_SAM,0.5543616364758412,0.7553411989795918,0.7132981456396843,0.9463345107516886,0.5723548592631461,16137,15271,612,True,0.1500852472169291,31,True,False,-0.019712997154616496,0,True,CS_MAP
398377,1,person,a photo of a person,0.5740746336304577,all,,CS_POS3_SMART,0.5543616364758412,0.7553411989795918,0.7132981456396843,0.9463345107516886,0.5723548592631461,16137,15271,612,True,0.1500852472169291,31,True,False,-0.019712997154616496,0,True,CS_MAP
398377,1,person,a photo of a person,0.5740746336304577,all,,CS_POS3_CASR,0.5740746336304577,0.7190688775510204,0.7294122163780857,0.7476094912052886,0.7120797571305423,25413,18999,893,True,0.09699281408575418,31,True,False,0.0,0,False,CS_MAP
63740,73,laptop,a photo of a laptop,0.16874381800197824,all,,CS_POS3_SAM,0.2843838990225506,0.8146922831632653,0.44283317353787155,0.33288288288288287,0.6612383679312813,11100,3695,7125,False,0.6114452655095377,72,False,True,0.11564008102057238,1,True,CS_MAP
63740,73,laptop,a photo of a laptop,0.16874381800197824,all,,CS_POS3_SMART,0.2720615159282314,0.8018973214285714,0.42774899251583187,0.3153114921066033,0.6648174659985684,11782,3715,7526,False,0.6305369127516779,72,False,True,0.10331769792625317,0,True,CS_MAP
63740,73,laptop,a photo of a laptop,0.16874381800197824,all,,CS_POS3_CASR,0.16874381800197824,0.5812739158163265,0.2887610020311442,0.17806446225784903,0.763242662848962,23952,4265,10098,False,0.2577268195413759,76,False,False,0.0,0,False,CS_MAP
63740,76,keyboard,a photo of a keyboard,0.31760499546782156,all,,CS_POS3_SAM,0.733270351125807,0.9662388392857143,0.8461119186046512,0.9942356959863364,0.7364010120177104,4684,4657,0,True,0.0,-1,True,False,0.4156653556579854,1,True,CS_MAP
63740,76,keyboard,a photo of a keyboard,0.31760499546782156,all,,CS_POS3_SMART,0.6556598797341492,0.9349489795918368,0.7920224289537403,0.6632870864461046,0.982764073371284,9370,6215,870,True,0.1205333732863885,73,True,False,0.3380548842663276,0,True,CS_MAP
63740,76,keyboard,a photo of a keyboard,0.31760499546782156,all,,CS_POS3_CASR,0.6556598797341492,0.9349489795918368,0.7920224289537403,0.6632870864461046,0.982764073371284,9370,6215,870,True,0.1205333732863885,73,True,False,0.3380548842663276,0,True,CS_MAP
200421,65,bed,a photo of a bed,0.372569428017221,all,,CS_POS3_SAM,0.7157007961488613,0.9387954400510204,0.8342955808557708,0.9971623887527409,0.7171614100185528,7753,7731,0,True,0.004497310020174849,1,True,False,0.3431313681316403,0,True,CS_MAP
200421,65,bed,a photo of a bed,0.372569428017221,all,,CS_POS3_SMART,0.7157007961488613,0.9387954400510204,0.8342955808557708,0.9971623887527409,0.7171614100185528,7753,7731,0,True,0.004497310020174849,1,True,False,0.3431313681316403,0,True,CS_MAP
200421,65,bed,a photo of a bed,0.372569428017221,all,,CS_POS3_CASR,0.372569428017221,0.7356903698979592,0.5428788087687854,0.43193286529179464,0.7305194805194806,18232,7875,4876,True,0.2234183633668773,43,True,False,0.0,0,False,CS_MAP
200421,1,person,a photo of a person,0.6966002979818502,all,,CS_POS3_SAM,0.34025381961557416,0.7865712691326531,0.5077453458974949,0.9846674986628633,0.3420661464139725,5609,5523,10,True,0.006633499170812604,65,True,False,-0.35634647836627603,1,True,CS_MAP
200421,1,person,a photo of a person,0.6966002979818502,all,,CS_POS3_SMART,0.8741092636579573,0.9566924426020408,0.9328263624841572,0.9311855829167438,0.9344729344729344,16203,15088,43,True,0.008182633388133314,65,True,False,0.17750896567610708,0,True,CS_MAP
200421,1,person,a photo of a person,0.6966002979818502,all,,CS_POS3_CASR,0.8741092636579573,0.9566924426020408,0.9328263624841572,0.9311855829167438,0.9344729344729344,16203,15088,43,True,0.008182633388133314,65,True,False,0.17750896567610708,0,True,CS_MAP
79031,1,person,a photo of a person,0.44773140811175677,all,,CS_POS3_SAM,0.0,0.17809311224489796,0.0,0.0,0.0,30658,0,1787,False,0.0472951513868304,42,False,False,-0.44773140811175677,0,True,CS_MAP
79031,1,person,a photo of a person,0.44773140811175677,all,,CS_POS3_SMART,0.0,0.24940210459183673,0.0,0.0,0.0,27080,0,766,False,0.02174468447497658,42,False,False,-0.44773140811175677,1,True,CS_MAP
79031,1,person,a photo of a person,0.44773140811175677,all,,CS_POS3_CASR,0.44773140811175677,0.8124800701530612,0.6185282789377661,0.5416459561173046,0.7208467208467209,14083,7628,703,True,0.03548270893371758,42,True,False,0.0,1,False,CS_MAP
79031,42,surfboard,a photo of a surfboard,0.37408028914418484,all,,CS_POS3_SAM,0.5968166965320966,0.9237683354591837,0.7475080863423328,0.9079538165490699,0.6352518792774599,6236,5662,1,True,0.0005949547834364588,1,True,False,0.22273640738791173,1,True,CS_MAP
79031,42,surfboard,a photo of a surfboard,0.37408028914418484,all,,CS_POS3_SMART,0.5968166965320966,0.9237683354591837,0.7475080863423328,0.9079538165490699,0.6352518792774599,6236,5662,1,True,0.0005949547834364588,1,True,False,0.22273640738791173,1,True,CS_MAP
79031,42,surfboard,a photo of a surfboard,0.37408028914418484,all,,CS_POS3_CASR,0.5968166965320966,0.9237683354591837,0.7475080863423328,0.9079538165490699,0.6352518792774599,6236,5662,1,True,0.0005949547834364588,1,True,False,0.22273640738791173,1,True,CS_MAP
195165,81,sink,a photo of a sink,0.04099249555372403,all,,CS_POS3_SAM,0.0027314941272876263,0.9272361288265306,0.005448106782892944,0.003672420124862284,0.010548523206751054,2723,10,18,False,0.004353083434099154,44,False,False,-0.0382610014264364,1,True,CS_MAP
195165,81,sink,a photo of a sink,0.04099249555372403,all,,CS_POS3_SMART,0.0027314941272876263,0.9272361288265306,0.005448106782892944,0.003672420124862284,0.010548523206751054,2723,10,18,False,0.004353083434099154,44,False,False,-0.0382610014264364,1,True,CS_MAP
195165,81,sink,a photo of a sink,0.04099249555372403,all,,CS_POS3_CASR,0.0027314941272876263,0.9272361288265306,0.005448106782892944,0.003672420124862284,0.010548523206751054,2723,10,18,False,0.004353083434099154,44,False,False,-0.0382610014264364,1,True,CS_MAP
195165,44,bottle,a photo of a bottle,0.08501372151294595,all,,CS_POS3_SAM,0.22433460076045628,0.9674744897959183,0.36645962732919257,0.4118673647469459,0.3300699300699301,1146,472,0,True,0.0,-1,True,False,0.13932087924751033,0,True,CS_MAP
195165,44,bottle,a photo of a bottle,0.08501372151294595,all,,CS_POS3_SMART,0.22433460076045628,0.9674744897959183,0.36645962732919257,0.4118673647469459,0.3300699300699301,1146,472,0,True,0.0,-1,True,False,0.13932087924751033,0,True,CS_MAP
195165,44,bottle,a photo of a bottle,0.08501372151294595,all,,CS_POS3_CASR,0.22433460076045628,0.9674744897959183,0.36645962732919257,0.4118673647469459,0.3300699300699301,1146,472,0,True,0.0,-1,True,False,0.13932087924751033,0,True,CS_MAP
441543,1,person,a photo of a person,0.2979642820971608,all,,CS_POS3_SAM,0.17893127024109393,0.8181002869897959,0.30354826402136587,0.8808680248007086,0.18336867336590762,2258,1989,42,True,0.0017050298380221654,28,True,False,-0.11903301185606688,1,True,CS_MAP
441543,1,person,a photo of a person,0.2979642820971608,all,,CS_POS3_SMART,0.17893127024109393,0.8181002869897959,0.30354826402136587,0.8808680248007086,0.18336867336590762,2258,1989,42,True,0.0017050298380221654,28,True,False,-0.11903301185606688,1,True,CS_MAP
441543,1,person,a photo of a person,0.2979642820971608,all,,CS_POS3_CASR,0.17893127024109393,0.8181002869897959,0.30354826402136587,0.8808680248007086,0.18336867336590762,2258,1989,42,True,0.0017050298380221654,28,True,False,-0.11903301185606688,1,True,CS_MAP
441543,28,umbrella,a photo of a umbrella,0.897378885705734,all,,CS_POS3_SAM,0.899049828255342,0.9548987563775511,0.9468417467289939,1.0,0.899049828255342,20154,20154,0,True,0.0,-1,True,False,0.0016709425496079788,1,True,CS_MAP
441543,28,umbrella,a photo of a umbrella,0.897378885705734,all,,CS_POS3_SMART,0.8901366762427092,0.9496970663265306,0.9418754605747973,0.9734850287999238,0.9122540928759424,21007,20450,0,True,0.0,-1,True,False,-0.007242209463024785,0,True,CS_MAP
441543,28,umbrella,a photo of a umbrella,0.897378885705734,all,,CS_POS3_CASR,0.8901366762427092,0.9496970663265306,0.9418754605747973,0.9734850287999238,0.9122540928759424,21007,20450,0,True,0.0,-1,True,False,-0.007242209463024785,0,True,CS_MAP
270474,39,baseball bat,a photo of a baseball bat,0.036075853732245394,all,,CS_POS3_SAM,0.8754863813229572,0.9974489795918368,0.9336099585062241,0.9249743062692704,0.9424083769633508,973,900,1,True,0.006119326874043855,1,True,False,0.8394105275907118,1,True,CS_MAP
270474,39,baseball bat,a photo of a baseball bat,0.036075853732245394,all,,CS_POS3_SMART,0.8666666666666667,0.9972895408163265,0.9285714285714286,0.9315068493150684,0.9256544502617801,949,884,0,True,0.005703583893760109,1,True,False,0.8305908129344213,2,True,CS_MAP
270474,39,baseball bat,a photo of a baseball bat,0.036075853732245394,all,,CS_POS3_CASR,0.8666666666666667,0.9972895408163265,0.9285714285714286,0.9315068493150684,0.9256544502617801,949,884,0,True,0.005703583893760109,1,True,False,0.8305908129344213,2,True,CS_MAP
270474,1,person,a photo of a person,0.5924309423993568,all,,CS_POS3_SAM,0.004407699778369898,0.2032047193877551,0.008776714434472158,0.006006311717397943,0.016290842153704556,29469,177,0,True,0.0,-1,True,False,-0.5880232426209869,1,True,CS_MAP
270474,1,person,a photo of a person,0.5924309423993568,all,,CS_POS3_SMART,0.004407699778369898,0.2032047193877551,0.008776714434472158,0.006006311717397943,0.016290842153704556,29469,177,0,True,0.0,-1,True,False,-0.5880232426209869,1,True,CS_MAP
270474,1,person,a photo of a person,0.5924309423993568,all,,CS_POS3_CASR,0.5924309423993568,0.8585578762755102,0.744058566843377,0.6117172675521821,0.9494707777266452,16864,10316,46,True,0.003661146783823364,39,True,False,0.0,1,False,CS_MAP
571598,32,tie,a photo of a tie,0.08383200957458384,all,,CS_POS3_SAM,0.511196067722556,0.9821627869897959,0.6765449945789664,0.9369369369369369,0.5294117647058824,999,936,63,True,0.033963418780172706,1,True,False,0.4273640581479722,2,True,CS_MAP
571598,32,tie,a photo of a tie,0.08383200957458384,all,,CS_POS3_SMART,0.11216169921205893,0.7417490433673469,0.20170034499753572,0.11317754424778761,0.9259049773755657,14464,1637,12771,False,0.48885344915340506,1,False,False,0.02832968963747509,0,True,CS_MAP
571598,32,tie,a photo of a tie,0.08383200957458384,all,,CS_POS3_CASR,0.11216169921205893,0.7417490433673469,0.20170034499753572,0.11317754424778761,0.9259049773755657,14464,1637,12771,False,0.48885344915340506,1,False,False,0.02832968963747509,0,True,CS_MAP
571598,1,person,a photo of a person,0.6546543691166683,all,,CS_POS3_SAM,0.6491891891891892,0.7930484693877551,0.7872828580793183,0.9904133594474797,0.6532943496294281,19402,19216,0,True,0.02617547261269995,32,True,False,-0.00546517992747908,0,True,CS_MAP
571598,1,person,a photo of a person,0.6546543691166683,all,,CS_POS3_SMART,0.6491891891891892,0.7930484693877551,0.7872828580793183,0.9904133594474797,0.6532943496294281,19402,19216,0,True,0.02617547261269995,32,True,False,-0.00546517992747908,0,True,CS_MAP
571598,1,person,a photo of a person,0.6546543691166683,all,,CS_POS3_CASR,0.6546543691166683,0.782844387755102,0.791288357660039,0.9062390312390313,0.7022166315360032,22792,20655,0,True,0.04943810622569756,32,True,False,0.0,0,False,CS_MAP
31248,84,book,a photo of a book,0.32635157363746026,all,,CS_POS3_SAM,0.5896603396603397,0.9672552614795918,0.7418695993715633,0.6966656830923577,0.7933467741935484,3389,2361,0,True,0.0,-1,True,False,0.26330876602287945,1,True,CS_MAP
31248,84,book,a photo of a book,0.32635157363746026,all,,CS_POS3_SMART,0.5004649432769203,0.9464684311224489,0.6670798215171047,0.5284760408483896,0.9042338709677419,5092,2691,0,True,0.0,-1,True,False,0.17411336963946,0,True,CS_MAP
31248,84,book,a photo of a book,0.32635157363746026,all,,CS_POS3_CASR,0.5004649432769203,0.9464684311224489,0.6670798215171047,0.5284760408483896,0.9042338709677419,5092,2691,0,True,0.0,-1,True,False,0.17411336963946,0,True,CS_MAP
31248,62,chair,a photo of a chair,0.4122764620589657,all,,CS_POS3_SAM,0.008466063997704118,0.8622847576530612,0.016789982925441094,0.0659217877094972,0.009620088048263493,895,59,0,True,0.0,-1,True,False,-0.40381039806126157,2,True,CS_MAP
31248,62,chair,a photo of a chair,0.4122764620589657,all,,CS_POS3_SMART,0.838259815067455,0.9787348533163265,0.912014513070009,0.9225892559225892,0.9016794390999511,5994,5530,0,True,0.0,-1,True,False,0.4259833530084893,1,True,CS_MAP
31248,62,chair,a photo of a chair,0.4122764620589657,all,,CS_POS3_CASR,0.838259815067455,0.9787348533163265,0.912014513070009,0.9225892559225892,0.9016794390999511,5994,5530,0,True,0.0,-1,True,False,0.4259833530084893,1,True,CS_MAP
574702,1,person,a photo of a person,0.11241138360299854,all,,CS_POS3_SAM,0.4254246779914131,0.9386559311224489,0.5969093766369827,0.6906060606060606,0.5255996309963099,3300,2279,367,True,0.0272766323024055,4,True,False,0.3130132943884145,0,True,CS_MAP
574702,1,person,a photo of a person,0.11241138360299854,all,,CS_POS3_SMART,0.3039453383292925,0.9370615433673469,0.4661933739012846,0.8727848101265823,0.3180350553505535,1580,1379,5,True,0.00039607097591888465,4,True,False,0.19153395472629395,1,True,CS_MAP
574702,1,person,a photo of a person,0.11241138360299854,all,,CS_POS3_CASR,0.3039453383292925,0.9370615433673469,0.4661933739012846,0.8727848101265823,0.3180350553505535,1580,1379,5,True,0.00039607097591888465,4,True,False,0.19153395472629395,1,True,CS_MAP
574702,4,motorcycle,a photo of a motorcycle,0.5632561449608584,all,,CS_POS3_SAM,0.6419763513513513,0.9155173788265306,0.7819556607170413,0.905743565300286,0.6879355597791655,8392,7601,39,True,0.009838146620120596,1,True,False,0.07872020639049293,0,True,CS_MAP
574702,4,motorcycle,a photo of a motorcycle,0.5632561449608584,all,,CS_POS3_SMART,0.6419763513513513,0.9155173788265306,0.7819556607170413,0.905743565300286,0.6879355597791655,8392,7601,39,True,0.009838146620120596,1,True,False,0.07872020639049293,0,True,CS_MAP
574702,4,motorcycle,a photo of a motorcycle,0.5632561449608584,all,,CS_POS3_CASR,0.6419763513513513,0.9155173788265306,0.7819556607170413,0.905743565300286,0.6879355597791655,8392,7601,39,True,0.009838146620120596,1,True,False,0.07872020639049293,0,True,CS_MAP
185599,55,orange,a photo of a orange,0.6873425896028414,all,,CS_POS3_SAM,0.7001274072622139,0.7560786033163265,0.8236175762728963,0.7262860919072793,0.9510733899151274,39344,28575,8745,True,0.37594069922484125,53,True,False,0.01278481765937245,0,True,CS_MAP
185599,55,orange,a photo of a orange,0.6873425896028414,all,,CS_POS3_SMART,0.7001274072622139,0.7560786033163265,0.8236175762728963,0.7262860919072793,0.9510733899151274,39344,28575,8745,True,0.37594069922484125,53,True,False,0.01278481765937245,0,True,CS_MAP
185599,55,orange,a photo of a orange,0.6873425896028414,all,,CS_POS3_CASR,0.6873425896028414,0.8070192920918368,0.8147042501483055,0.9583558436880966,0.7085039108004659,22212,21287,536,True,0.15370619413021122,53,True,False,0.0,0,False,CS_MAP
185599,53,apple,a photo of a apple,0.2482372571182518,all,,CS_POS3_SAM,0.38694022126641675,0.46878985969387754,0.5579767827529022,0.4340299277605779,0.7810120705663881,38760,16823,19778,False,0.6693354683746997,55,False,True,0.13870296414816496,0,True,CS_MAP
185599,53,apple,a photo of a apple,0.2482372571182518,all,,CS_POS3_SMART,0.38694022126641675,0.46878985969387754,0.5579767827529022,0.4340299277605779,0.7810120705663881,38760,16823,19778,False,0.6693354683746997,55,False,True,0.13870296414816496,0,True,CS_MAP
185599,53,apple,a photo of a apple,0.2482372571182518,all,,CS_POS3_CASR,0.2482372571182518,0.4432796556122449,0.39774050278125134,0.37130665807905966,0.42822655524605385,24842,9224,14523,False,0.554740390335099,55,False,True,0.0,0,False,CS_MAP
192699,1,person,a photo of a person,0.6558236715965423,all,,CS_POS3_SAM,0.1347829439432493,0.552734375,0.23754841339947,0.42029333974513106,0.16556165940519038,8318,3496,197,True,0.0234189253447456,27,True,False,-0.521040727653293,1,True,CS_MAP
192699,1,person,a photo of a person,0.6558236715965423,all,,CS_POS3_SMART,0.4180630284396618,0.6982222576530612,0.5896254539541439,0.6892662526929413,0.5151543853002463,15782,10878,250,True,0.015607228611146214,27,True,False,-0.2377606431568805,0,True,CS_MAP
192699,1,person,a photo of a person,0.6558236715965423,all,,CS_POS3_CASR,0.4180630284396618,0.6982222576530612,0.5896254539541439,0.6892662526929413,0.5151543853002463,15782,10878,250,True,0.015607228611146214,27,True,False,-0.2377606431568805,0,True,CS_MAP
192699,4,motorcycle,a photo of a motorcycle,0.17934915586004405,all,,CS_POS3_SAM,0.18553846153846154,0.9472456951530612,0.31300285491824553,0.6626373626373626,0.20489296636085627,910,603,301,True,0.014695720274565808,1,True,False,0.006189305678417495,1,True,CS_MAP
192699,4,motorcycle,a photo of a motorcycle,0.17934915586004405,all,,CS_POS3_SMART,0.3348663409025582,0.9538823341836735,0.5017226528854436,0.6848912404467961,0.3958545701664968,1701,1165,469,True,0.022633560415919685,1,True,False,0.15551718504251413,0,True,CS_MAP
192699,4,motorcycle,a photo of a motorcycle,0.17934915586004405,all,,CS_POS3_CASR,0.3348663409025582,0.9538823341836735,0.5017226528854436,0.6848912404467961,0.3958545701664968,1701,1165,469,True,0.022633560415919685,1,True,False,0.15551718504251413,0,True,CS_MAP
13201,41,skateboard,a photo of a skateboard,0.06979295214589332,all,,CS_POS3_SAM,0.0,0.664421237244898,0.0,0.0,0.0,15820,0,790,False,0.032265969612808365,1,False,False,-0.06979295214589332,1,True,CS_MAP
13201,41,skateboard,a photo of a skateboard,0.06979295214589332,all,,CS_POS3_SMART,0.0,0.5948461415816326,0.0,0.0,0.0,19311,0,4302,False,0.17585741732412213,1,False,False,-0.06979295214589332,0,True,CS_MAP
13201,41,skateboard,a photo of a skateboard,0.06979295214589332,all,,CS_POS3_CASR,0.0,0.5948461415816326,0.0,0.0,0.0,19311,0,4302,False,0.17585741732412213,1,False,False,-0.06979295214589332,0,True,CS_MAP
13201,1,person,a photo of a person,0.5850944803580308,all,,CS_POS3_SAM,0.5391588489511964,0.9128667091836735,0.7005889604163813,0.9935897435897436,0.5410408292786122,5148,5115,0,True,0.0,-1,True,False,-0.04593563140683443,1,True,CS_MAP
13201,1,person,a photo of a person,0.5850944803580308,all,,CS_POS3_SMART,0.8088683408637175,0.9637476084183674,0.8943363345919256,0.9918824893699265,0.814258514914322,7761,7698,4,True,0.0004558404558404558,41,True,False,0.2237738605056867,0,True,CS_MAP
13201,1,person,a photo of a person,0.5850944803580308,all,,CS_POS3_CASR,0.8088683408637175,0.9637476084183674,0.8943363345919256,0.9918824893699265,0.814258514914322,7761,7698,4,True,0.0004558404558404558,41,True,False,0.2237738605056867,0,True,CS_MAP
27982,81,sink,a photo of a sink,0.02841288598879926,all,,CS_POS3_SAM,0.056405548755609956,0.8156289859693877,0.10678767983006662,0.056405548755609956,1.0,9804,553,4349,False,0.38709390298175345,70,False,False,0.027992662766810696,1,True,CS_MAP
27982,81,sink,a photo of a sink,0.02841288598879926,all,,CS_POS3_SMART,0.056405548755609956,0.8156289859693877,0.10678767983006662,0.056405548755609956,1.0,9804,553,4349,False,0.38709390298175345,70,False,False,0.027992662766810696,1,True,CS_MAP
27982,81,sink,a photo of a sink,0.02841288598879926,all,,CS_POS3_CASR,0.02841288598879926,0.6231265943877551,0.05525579536370903,0.02841288598879926,1.0,19463,553,4563,False,0.22064796905222436,70,False,False,0.0,1,False,CS_MAP
27982,70,toilet,a photo of a toilet,0.21848852297641952,all,,CS_POS3_SAM,0.9545845518665061,0.9947385204081632,0.9767646541101919,0.9940881404514511,0.9600346020761246,5582,5549,0,True,0.0,-1,True,False,0.7360960288900866,0,True,CS_MAP
27982,70,toilet,a photo of a toilet,0.21848852297641952,all,,CS_POS3_SMART,0.9545845518665061,0.9947385204081632,0.9767646541101919,0.9940881404514511,0.9600346020761246,5582,5549,0,True,0.0,-1,True,False,0.7360960288900866,0,True,CS_MAP
27982,70,toilet,a photo of a toilet,0.21848852297641952,all,,CS_POS3_CASR,0.9545845518665061,0.9947385204081632,0.9767646541101919,0.9940881404514511,0.9600346020761246,5582,5549,0,True,0.0,-1,True,False,0.7360960288900866,0,True,CS_MAP
489339,42,surfboard,a photo of a surfboard,0.7070520402128918,all,,CS_POS3_SAM,0.8797063407431712,0.9415457589285714,0.9360040147498419,0.8924069065945496,0.9840796476417691,24035,21449,1882,True,0.06193947029005069,1,True,False,0.17265430053027941,0,True,CS_MAP
489339,42,surfboard,a photo of a surfboard,0.7070520402128918,all,,CS_POS3_SMART,0.9374860260251308,0.9721380739795918,0.9677344903988183,0.973667100130039,0.9618737383006056,21532,20965,35,True,0.004856148066703317,1,True,False,0.23043398581223895,1,True,CS_MAP
489339,42,surfboard,a photo of a surfboard,0.7070520402128918,all,,CS_POS3_CASR,0.9374860260251308,0.9721380739795918,0.9677344903988183,0.973667100130039,0.9618737383006056,21532,20965,35,True,0.004856148066703317,1,True,False,0.23043398581223895,1,True,CS_MAP
489339,1,person,a photo of a person,0.5953332175322795,all,,CS_POS3_SAM,0.006236215681800898,0.47915338010204084,0.012395132643035297,0.010865964354336448,0.01442519130970182,15093,164,0,True,0.0,-1,True,False,-0.5890970018504786,0,True,CS_MAP
489339,1,person,a photo of a person,0.5953332175322795,all,,CS_POS3_SMART,0.007167317034323485,0.5030691964285714,0.014232624337787618,0.012926391382405745,0.015832527047233706,13925,180,0,True,0.0,-1,True,False,-0.588165900497956,1,True,CS_MAP
489339,1,person,a photo of a person,0.5953332175322795,all,,CS_POS3_CASR,0.5953332175322795,0.860710299744898,0.7463434108808478,0.6353188334157193,0.9043891283314276,16184,10282,1445,True,0.04896843151876709,42,True,False,0.0,1,False,CS_MAP
135872,62,chair,a photo of a chair,0.17057305110996387,all,,CS_POS3_SAM,0.8450184501845018,0.98828125,0.916,0.8702497285559175,0.9668275030156815,3684,3206,2,True,0.0004765308553728854,76,True,False,0.6744453990745379,1,True,CS_MAP
135872,62,chair,a photo of a chair,0.17057305110996387,all,,CS_POS3_SMART,0.8450184501845018,0.98828125,0.916,0.8702497285559175,0.9668275030156815,3684,3206,2,True,0.0004765308553728854,76,True,False,0.6744453990745379,1,True,CS_MAP
135872,62,chair,a photo of a chair,0.17057305110996387,all,,CS_POS3_CASR,0.8450184501845018,0.98828125,0.916,0.8702497285559175,0.9668275030156815,3684,3206,2,True,0.0004765308553728854,76,True,False,0.6744453990745379,1,True,CS_MAP
135872,76,keyboard,a photo of a keyboard,0.018488868557487038,all,,CS_POS3_SAM,0.10303282093892813,0.9569714604591837,0.18681732580037666,0.11588785046728972,0.4815533980582524,2140,248,1244,False,0.38894052044609667,73,False,False,0.08454395238144109,0,True,CS_MAP
135872,76,keyboard,a photo of a keyboard,0.018488868557487038,all,,CS_POS3_SMART,0.12046511627906976,0.9623126594387755,0.21502698215026983,0.13674762407602956,0.5029126213592233,1894,259,1165,False,0.42567567567567566,73,False,False,0.10197624772158273,1,True,CS_MAP
135872,76,keyboard,a photo of a keyboard,0.018488868557487038,all,,CS_POS3_CASR,0.12046511627906976,0.9623126594387755,0.21502698215026983,0.13674762407602956,0.5029126213592233,1894,259,1165,False,0.42567567567567566,73,False,False,0.10197624772158273,1,True,CS_MAP
357978,1,person,a photo of a person,0.5494404340874958,all,,CS_POS3_SAM,0.40810720825703345,0.8582788584183674,0.5796536028846723,0.9823682628731717,0.41111856448096595,4991,4903,0,True,0.006990500089621796,62,True,False,-0.14133322583046232,0,True,CS_MAP
357978,1,person,a photo of a person,0.5494404340874958,all,,CS_POS3_SMART,0.40810720825703345,0.8582788584183674,0.5796536028846723,0.9823682628731717,0.41111856448096595,4991,4903,0,True,0.006990500089621796,62,True,False,-0.14133322583046232,0,True,CS_MAP
357978,1,person,a photo of a person,0.5494404340874958,all,,CS_POS3_CASR,0.40810720825703345,0.8582788584183674,0.5796536028846723,0.9823682628731717,0.41111856448096595,4991,4903,0,True,0.006990500089621796,62,True,False,-0.14133322583046232,0,True,CS_MAP
357978,62,chair,a photo of a chair,0.02663889012011879,all,,CS_POS3_SAM,0.24723247232472326,0.9837372448979592,0.39644970414201186,0.3696551724137931,0.4274322169059011,725,268,384,False,0.49548387096774194,63,False,False,0.22059358220460445,1,True,CS_MAP
357978,62,chair,a photo of a chair,0.02663889012011879,all,,CS_POS3_SMART,0.3742911153119093,0.9868064413265306,0.5447042640990372,0.4788391777509069,0.631578947368421,827,396,223,True,0.2078544061302682,63,True,False,0.3476522251917905,2,True,CS_MAP
357978,62,chair,a photo of a chair,0.02663889012011879,all,,CS_POS3_CASR,0.3742911153119093,0.9868064413265306,0.5447042640990372,0.4788391777509069,0.631578947368421,827,396,223,True,0.2078544061302682,63,True,False,0.3476522251917905,2,True,CS_MAP
366711,55,orange,a photo of a orange,0.5968241042345277,all,,CS_POS3_SAM,0.20427030596522122,0.7118144132653061,0.33924328276366295,0.928464232116058,0.20753662082075366,3998,3712,0,True,0.0,-1,True,False,-0.3925537982693065,2,True,CS_MAP
366711,55,orange,a photo of a orange,0.5968241042345277,all,,CS_POS3_SMART,0.49417078038021217,0.8080357142857143,0.6614649233797273,0.8905924664016657,0.526109806552611,10566,9410,0,True,0.0,-1,True,False,-0.10265332385431553,0,True,CS_MAP
366711,55,orange,a photo of a orange,0.5968241042345277,all,,CS_POS3_CASR,0.49417078038021217,0.8080357142857143,0.6614649233797273,0.8905924664016657,0.526109806552611,10566,9410,0,True,0.0,-1,True,False,-0.10265332385431553,0,True,CS_MAP
366711,1,person,a photo of a person,0.2572093945099594,all,,CS_POS3_SAM,0.6620456466610313,0.9601602359693877,0.7966636150951073,0.8476190476190476,0.7514872385338707,4620,3916,109,True,0.008333333333333333,55,True,False,0.4048362521510719,1,True,CS_MAP
366711,1,person,a photo of a person,0.2572093945099594,all,,CS_POS3_SMART,0.6620456466610313,0.9601602359693877,0.7966636150951073,0.8476190476190476,0.7514872385338707,4620,3916,109,True,0.008333333333333333,55,True,False,0.4048362521510719,1,True,CS_MAP
366711,1,person,a photo of a person,0.2572093945099594,all,,CS_POS3_CASR,0.6620456466610313,0.9601602359693877,0.7966636150951073,0.8476190476190476,0.7514872385338707,4620,3916,109,True,0.008333333333333333,55,True,False,0.4048362521510719,1,True,CS_MAP
185802,52,banana,a photo of a banana,0.3161801640899704,all,,CS_POS3_SAM,0.8645747316267548,0.9836575255102041,0.9273693534100974,0.9716035634743875,0.8869874618773297,5388,5235,33,True,0.002683431725829947,62,True,False,0.5483945675367844,2,True,CS_MAP
185802,52,banana,a photo of a banana,0.3161801640899704,all,,CS_POS3_SMART,0.8947113834247017,0.9869858099489796,0.9444302612543614,0.9487091810565909,0.9401897661809556,5849,5549,94,True,0.007141263110912743,62,True,False,0.5785312193347313,1,True,CS_MAP
185802,52,banana,a photo of a banana,0.3161801640899704,all,,CS_POS3_CASR,0.8947113834247017,0.9869858099489796,0.9444302612543614,0.9487091810565909,0.9401897661809556,5849,5549,94,True,0.007141263110912743,62,True,False,0.5785312193347313,1,True,CS_MAP
185802,62,chair,a photo of a chair,0.4223588596981554,all,,CS_POS3_SAM,0.2823924557550704,0.889289700255102,0.44041502971693364,0.9772016092981672,0.28426527958387515,2237,2186,2,True,0.001107011070110701,52,True,False,-0.13996640394308502,1,True,CS_MAP
185802,62,chair,a photo of a chair,0.4223588596981554,all,,CS_POS3_SMART,0.2823924557550704,0.889289700255102,0.44041502971693364,0.9772016092981672,0.28426527958387515,2237,2186,2,True,0.001107011070110701,52,True,False,-0.13996640394308502,1,True,CS_MAP
185802,62,chair,a photo of a chair,0.4223588596981554,all,,CS_POS3_CASR,0.2823924557550704,0.889289700255102,0.44041502971693364,0.9772016092981672,0.28426527958387515,2237,2186,2,True,0.001107011070110701,52,True,False,-0.13996640394308502,1,True,CS_MAP
126592,13,stop sign,a photo of a stop sign,0.22309784116765635,all,,CS_POS3_SAM,0.966780654616512,0.9972895408163265,0.9831097863884749,0.9823777612310747,0.9838429033059906,4029,3958,2,True,0.00026346989856408903,3,True,False,0.7436828134488556,1,True,CS_MAP
126592,13,stop sign,a photo of a stop sign,0.22309784116765635,all,,CS_POS3_SMART,0.966780654616512,0.9972895408163265,0.9831097863884749,0.9823777612310747,0.9838429033059906,4029,3958,2,True,0.00026346989856408903,3,True,False,0.7436828134488556,1,True,CS_MAP
126592,13,stop sign,a photo of a stop sign,0.22309784116765635,all,,CS_POS3_CASR,0.966780654616512,0.9972895408163265,0.9831097863884749,0.9823777612310747,0.9838429033059906,4029,3958,2,True,0.00026346989856408903,3,True,False,0.7436828134488556,1,True,CS_MAP
126592,3,car,a photo of a car,0.15551824688521693,all,,CS_POS3_SAM,0.3690939410783769,0.9547592474489796,0.5391798619569631,0.9750367107195301,0.372615039281706,1362,1328,0,True,0.0,-1,True,False,0.21357569419315997,1,True,CS_MAP
126592,3,car,a photo of a car,0.15551824688521693,all,,CS_POS3_SMART,0.3690939410783769,0.9547592474489796,0.5391798619569631,0.9750367107195301,0.372615039281706,1362,1328,0,True,0.0,-1,True,False,0.21357569419315997,1,True,CS_MAP
126592,3,car,a photo of a car,0.15551824688521693,all,,CS_POS3_CASR,0.3690939410783769,0.9547592474489796,0.5391798619569631,0.9750367107195301,0.372615039281706,1362,1328,0,True,0.0,-1,True,False,0.21357569419315997,1,True,CS_MAP
433243,25,giraffe,a photo of a giraffe,0.38555538929622424,all,,CS_POS3_SAM,0.8057487250811312,0.9665975765306123,0.892426187419769,0.9634146341463414,0.8311812529890005,7216,6952,7,True,0.0015398434492493263,24,True,False,0.4201933357849069,1,True,CS_MAP
433243,25,giraffe,a photo of a giraffe,0.38555538929622424,all,,CS_POS3_SMART,0.49590430373163435,0.8454639668367347,0.6630160799652325,0.520824798579817,0.9120038259206121,14646,7628,6382,True,0.3865318649575736,24,True,False,0.11034891443541012,0,True,CS_MAP
433243,25,giraffe,a photo of a giraffe,0.38555538929622424,all,,CS_POS3_CASR,0.49590430373163435,0.8454639668367347,0.6630160799652325,0.520824798579817,0.9120038259206121,14646,7628,6382,True,0.3865318649575736,24,True,False,0.11034891443541012,0,True,CS_MAP
433243,24,zebra,a photo of a zebra,0.4069164265129683,all,,CS_POS3_SAM,0.8245240629064681,0.9704241071428571,0.9038237200259235,0.9910460488914156,0.8307124136287825,7036,6973,5,True,0.0021474588403722263,25,True,False,0.4176076363934998,1,True,CS_MAP
433243,24,zebra,a photo of a zebra,0.4069164265129683,all,,CS_POS3_SMART,0.4190380886859716,0.8148716517857143,0.5905945612411301,0.46869534802378454,0.7981891827495831,14295,6700,7335,False,0.48243375858684984,25,False,False,0.012121662173003311,0,True,CS_MAP
433243,24,zebra,a photo of a zebra,0.4069164265129683,all,,CS_POS3_CASR,0.4190380886859716,0.8148716517857143,0.5905945612411301,0.46869534802378454,0.7981891827495831,14295,6700,7335,False,0.48243375858684984,25,False,False,0.012121662173003311,0,True,CS_MAP
173371,59,pizza,a photo of a pizza,0.4288091995763353,all,,CS_POS3_SAM,0.044061118585431484,0.6034956951530612,0.08440333195268995,0.099533268207967,0.0732662192393736,9213,917,8144,False,0.18728426448399166,67,False,False,-0.3847480809909038,2,True,CS_MAP
173371,59,pizza,a photo of a pizza,0.4288091995763353,all,,CS_POS3_SMART,0.5454592496765848,0.8249362244897959,0.7058862921047345,0.6075504322766571,0.8422019814637264,17350,10541,6656,True,0.35544210656855857,67,True,False,0.11665005010024948,0,True,CS_MAP
173371,59,pizza,a photo of a pizza,0.4288091995763353,all,,CS_POS3_CASR,0.4288091995763353,0.7742944834183674,0.6002329768082177,0.5376588882564978,0.6792905081495686,15813,8502,7107,True,0.32228026345673405,67,True,False,0.0,0,False,CS_MAP
173371,47,cup,a photo of a cup,0.029635351030529698,all,,CS_POS3_SAM,0.07908104363888248,0.8410196109693877,0.14657109232908955,0.0794847992573683,0.9396433470507545,8618,685,7819,False,0.17416090054735103,67,False,False,0.049445692608352784,1,True,CS_MAP
173371,47,cup,a photo of a cup,0.029635351030529698,all,,CS_POS3_SMART,0.061884918875786864,0.7891222895408163,0.1165567337396677,0.06205547652916074,0.9574759945130316,11248,698,10376,False,0.22683580858085808,67,False,False,0.03224956784525716,0,True,CS_MAP
173371,47,cup,a photo of a cup,0.029635351030529698,all,,CS_POS3_CASR,0.029635351030529698,0.5242745535714286,0.057564750473783954,0.029635351030529698,1.0,24599,729,23306,False,0.48856412876852323,67,False,False,0.0,0,False,CS_MAP
477288,28,umbrella,a photo of a umbrella,0.5169633198937948,all,,CS_POS3_SAM,0.5130543633762518,0.9457310267857143,0.6781704290273017,0.967948717948718,0.5219210478442787,2964,2869,0,True,0.0008200599274562372,1,True,False,-0.003908956517543083,1,True,CS_MAP
477288,28,umbrella,a photo of a umbrella,0.5169633198937948,all,,CS_POS3_SMART,0.7447935051182492,0.9711814413265306,0.8537325510823387,0.9614946457051721,0.7676914680734946,4389,4220,5,True,0.0016615812211111447,1,True,False,0.2278301852244543,0,True,CS_MAP
477288,28,umbrella,a photo of a umbrella,0.5169633198937948,all,,CS_POS3_CASR,0.7447935051182492,0.9711814413265306,0.8537325510823387,0.9614946457051721,0.7676914680734946,4389,4220,5,True,0.0016615812211111447,1,True,False,0.2278301852244543,0,True,CS_MAP
477288,1,person,a photo of a person,0.35876411815812337,all,,CS_POS3_SAM,0.444011449460289,0.6786910076530612,0.6149694306457776,0.9824494467760396,0.4475614419299892,13105,12875,0,True,5.37605505080372e-05,28,True,False,0.08524733130216561,0,True,CS_MAP
477288,1,person,a photo of a person,0.35876411815812337,all,,CS_POS3_SMART,0.3247479629885375,0.6102120535714286,0.49027886369559553,0.9794855774237218,0.32697187749852263,9603,9406,0,True,6.622955162593549e-05,28,True,False,-0.03401615516958589,1,True,CS_MAP
477288,1,person,a photo of a person,0.35876411815812337,all,,CS_POS3_CASR,0.35876411815812337,0.529296875,0.528074171761979,0.6209878283753936,0.459345778148573,21279,13214,401,True,0.02015468434487751,28,True,False,0.0,1,False,CS_MAP
39951,1,person,a photo of a person,0.15853582359922544,all,,CS_POS3_SAM,0.07411078948411912,0.5346380739795918,0.13799468399291198,0.07613034623217922,0.7364066193853428,24550,1869,0,True,0.0,-1,True,False,-0.08442503411510632,0,True,CS_MAP
39951,1,person,a photo of a person,0.15853582359922544,all,,CS_POS3_SMART,0.4540692235734331,0.9418447066326531,0.6245496654657746,0.46369889186090946,0.9562647754137116,5234,2427,9,True,0.0015408320493066256,43,True,False,0.2955333999742077,1,True,CS_MAP
39951,1,person,a photo of a person,0.15853582359922544,all,,CS_POS3_CASR,0.4540692235734331,0.9418447066326531,0.6245496654657746,0.46369889186090946,0.9562647754137116,5234,2427,9,True,0.0015408320493066256,43,True,False,0.2955333999742077,1,True,CS_MAP
39951,43,tennis racket,a photo of a tennis racket,0.03206329377472413,all,,CS_POS3_SAM,0.05663117134559535,0.8057836415816326,0.10719193770041227,0.05680163122633265,0.9496753246753247,10299,585,0,True,0.0,-1,True,False,0.02456787757087122,1,True,CS_MAP
39951,43,tennis racket,a photo of a tennis racket,0.03206329377472413,all,,CS_POS3_SMART,0.013394867176947321,0.6506297831632653,0.02643563256692214,0.013686026451983899,0.38636363636363635,17390,238,5,True,0.000150564617314931,1,True,False,-0.01866842659777681,0,True,CS_MAP
39951,43,tennis racket,a photo of a tennis racket,0.03206329377472413,all,,CS_POS3_CASR,0.03206329377472413,0.6293845663265306,0.062134355456929594,0.03206329377472413,1.0,19212,616,67,True,0.001821778055382053,37,True,False,0.0,0,False,CS_MAP
6471,1,person,a photo of a person,0.4858996374737645,all,,CS_POS3_SAM,0.025406758448060077,0.3792251275510204,0.04955449774197486,0.04387529043064786,0.05692253767963547,18507,812,0,True,0.00010650761529449355,40,True,False,-0.46049287902570446,0,True,CS_MAP
6471,1,person,a photo of a person,0.4858996374737645,all,,CS_POS3_SMART,0.025343289248876796,0.3860610650510204,0.0494337643101799,0.04415169220593099,0.05615141955835962,18142,801,0,True,0.00010861891055232716,40,True,False,-0.4605563482248877,1,True,CS_MAP
6471,1,person,a photo of a person,0.4858996374737645,all,,CS_POS3_CASR,0.4858996374737645,0.7315051020408163,0.654014073655555,0.516070198192356,0.8926042762004908,24673,12733,807,True,0.028003394350830404,15,True,False,0.0,1,False,CS_MAP
6471,15,bench,a photo of a bench,0.031202046035805626,all,,CS_POS3_SAM,0.0003084753605305776,0.7416493941326531,0.0006167604656541516,0.00032776138970829236,0.005215123859191656,12204,4,44,False,0.0016650898770104068,1,False,False,-0.03089357067527505,1,True,CS_MAP
6471,15,bench,a photo of a bench,0.031202046035805626,all,,CS_POS3_SMART,0.0016367829774570344,0.7325613839285714,0.0032682165936269774,0.0017328292375551355,0.028683181225554105,12696,22,58,False,0.002155893394788685,1,False,False,-0.02956526305834859,0,True,CS_MAP
6471,15,bench,a photo of a bench,0.031202046035805626,all,,CS_POS3_CASR,0.031202046035805626,0.5470344387755102,0.060515873015873016,0.031248665955176093,0.954367666232073,23425,732,3618,False,0.10595968191554916,1,False,False,0.0,0,False,CS_MAP
189078,55,orange,a photo of a orange,0.2889721676340204,all,,CS_POS3_SAM,0.8867168528411851,0.9814054528061225,0.9399575262243388,0.991581805838425,0.8934426229508197,7365,7303,0,True,0.001847778266608007,52,True,False,0.5977446852071646,2,True,CS_MAP
189078,55,orange,a photo of a orange,0.2889721676340204,all,,CS_POS3_SMART,0.5975157422582593,0.9070073341836735,0.7480561555075594,0.6695341194664605,0.8474431123073158,10346,6927,0,True,0.0017431320596848418,52,True,False,0.3085435746242389,1,True,CS_MAP
189078,55,orange,a photo of a orange,0.2889721676340204,all,,CS_POS3_CASR,0.5975157422582593,0.9070073341836735,0.7480561555075594,0.6695341194664605,0.8474431123073158,10346,6927,0,True,0.0017431320596848418,52,True,False,0.3085435746242389,1,True,CS_MAP
189078,53,apple,a photo of a apple,0.19533540648600622,all,,CS_POS3_SAM,0.22174881378909655,0.8398238201530612,0.36300229848616944,0.30829294561120085,0.44131817305839277,7428,2290,1815,True,0.13164575324581126,55,True,False,0.02641340730309033,2,True,CS_MAP
189078,53,apple,a photo of a apple,0.19533540648600622,all,,CS_POS3_SMART,0.3284427079180289,0.8321508290816326,0.4944777911164466,0.3590794176619301,0.7937945654268646,11471,4119,3974,True,0.25382946132244066,55,True,False,0.13310730143202265,1,True,CS_MAP
189078,53,apple,a photo of a apple,0.19533540648600622,all,,CS_POS3_CASR,0.19533540648600622,0.6390106823979592,0.32682944958560967,0.2024587899438254,0.8473694353439969,21718,4397,8558,False,0.21443081173316,55,False,False,0.0,1,False,CS_MAP
189451,61,cake,a photo of a cake,0.5566648809233916,all,,CS_POS3_SAM,0.8790228770841412,0.9689094387755102,0.9356170037144036,0.9002462076086093,0.9738809176046052,12591,11335,1097,True,0.08203095790024677,49,True,False,0.32235799616074956,1,True,CS_MAP
189451,61,cake,a photo of a cake,0.5566648809233916,all,,CS_POS3_SMART,0.43185165602930625,0.7001753826530612,0.6032072585324683,0.4352045670789724,0.982472721024143,26275,11435,1655,True,0.062455186988188235,49,True,False,-0.12481322489408536,0,True,CS_MAP
189451,61,cake,a photo of a cake,0.5566648809233916,all,,CS_POS3_CASR,0.43185165602930625,0.7001753826530612,0.6032072585324683,0.4352045670789724,0.982472721024143,26275,11435,1655,True,0.062455186988188235,49,True,False,-0.12481322489408536,0,True,CS_MAP
189451,49,knife,a photo of a knife,0.10291143119828379,all,,CS_POS3_SAM,0.8865503080082136,0.9955955038265306,0.9398639455782313,0.9615812917594655,0.9191059073975519,1796,1727,0,True,0.0,-1,True,False,0.7836388768099297,2,True,CS_MAP
189451,49,knife,a photo of a knife,0.10291143119828379,all,,CS_POS3_SMART,0.8865503080082136,0.9955955038265306,0.9398639455782313,0.9615812917594655,0.9191059073975519,1796,1727,0,True,0.0,-1,True,False,0.7836388768099297,2,True,CS_MAP
189451,49,knife,a photo of a knife,0.10291143119828379,all,,CS_POS3_CASR,0.8865503080082136,0.9955955038265306,0.9398639455782313,0.9615812917594655,0.9191059073975519,1796,1727,0,True,0.0,-1,True,False,0.7836388768099297,2,True,CS_MAP
172396,59,pizza,a photo of a pizza,0.7084644430459408,all,,CS_POS3_SAM,0.8616834854069733,0.9543805803571429,0.9257035281898147,0.8695652173913043,0.9895905621096461,16399,14260,2139,True,0.3327719155844156,79,True,False,0.15321904236103245,0,True,CS_MAP
172396,59,pizza,a photo of a pizza,0.7084644430459408,all,,CS_POS3_SMART,0.8616834854069733,0.9543805803571429,0.9257035281898147,0.8695652173913043,0.9895905621096461,16399,14260,2139,True,0.3327719155844156,79,True,False,0.15321904236103245,0,True,CS_MAP
172396,59,pizza,a photo of a pizza,0.7084644430459408,all,,CS_POS3_CASR,0.8616834854069733,0.9543805803571429,0.9257035281898147,0.8695652173913043,0.9895905621096461,16399,14260,2139,True,0.3327719155844156,79,True,False,0.15321904236103245,0,True,CS_MAP
172396,79,oven,a photo of a oven,0.547604718343765,all,,CS_POS3_SAM,0.23317775974025973,0.24687101403061223,0.37817380000329104,1.0,0.23317775974025973,11491,11491,0,True,0.0012757074377609402,59,True,False,-0.3144269586035053,1,True,CS_MAP
172396,79,oven,a photo of a oven,0.547604718343765,all,,CS_POS3_SMART,0.8270334976768722,0.8300980548469388,0.9053293207031727,0.9998283009149108,0.827150974025974,40769,40762,0,True,0.3370892701366676,59,True,False,0.27942877933310717,0,True,CS_MAP
172396,79,oven,a photo of a oven,0.547604718343765,all,,CS_POS3_CASR,0.547604718343765,0.5505620216836735,0.7076803422127164,0.9796160057419702,0.5539163961038961,27865,27297,0,True,0.06598920772605779,59,True,False,0.0,0,False,CS_MAP
116208,46,wine glass,a photo of a wine glass,0.09296013570822731,all,,CS_POS3_SAM,0.00030232030836671456,0.4727758290816326,0.0006044578768417076,0.0003236638750657442,0.004563605248146035,24717,8,22839,False,0.6944719786504003,59,False,True,-0.0926578153998606,0,True,CS_MAP
116208,46,wine glass,a photo of a wine glass,0.09296013570822731,all,,CS_POS3_SMART,0.0,0.9213368941326531,0.0,0.0,0.0,2194,0,1377,False,0.42292904578818596,47,False,False,-0.09296013570822731,2,True,CS_MAP
116208,46,wine glass,a photo of a wine glass,0.09296013570822731,all,,CS_POS3_CASR,0.09296013570822731,0.680305325255102,0.17010709296911378,0.09353664087391898,0.9378208784940103,17576,1644,9631,False,0.2623754012502112,44,False,False,0.0,2,False,CS_MAP
116208,47,cup,a photo of a cup,0.07706596592968466,all,,CS_POS3_SAM,0.04978731274274089,0.4880221619897959,0.09485218984531905,0.05078478720193178,0.717101758124667,26504,1346,24076,False,0.680955497382199,59,False,True,-0.027278653186943773,0,True,CS_MAP
116208,47,cup,a photo of a cup,0.07706596592968466,all,,CS_POS3_SMART,0.04978731274274089,0.4880221619897959,0.09485218984531905,0.05078478720193178,0.717101758124667,26504,1346,24076,False,0.680955497382199,59,False,True,-0.027278653186943773,0,True,CS_MAP
116208,47,cup,a photo of a cup,0.07706596592968466,all,,CS_POS3_CASR,0.07706596592968466,0.5940090880102041,0.1431035208009086,0.07768542199488492,0.9062333510921684,21896,1701,11357,False,0.21185749252107697,44,False,False,0.0,0,False,CS_MAP
467511,4,motorcycle,a photo of a motorcycle,0.7642387960422383,all,,CS_POS3_SAM,0.8327498249474843,0.9333545918367347,0.9087435869446567,0.9741399485139246,0.8515752864157119,17092,16650,72,True,0.004189629056688904,1,True,False,0.06851102890524596,0,True,CS_MAP
467511,4,motorcycle,a photo of a motorcycle,0.7642387960422383,all,,CS_POS3_SMART,0.8327498249474843,0.9333545918367347,0.9087435869446567,0.9741399485139246,0.8515752864157119,17092,16650,72,True,0.004189629056688904,1,True,False,0.06851102890524596,0,True,CS_MAP
467511,4,motorcycle,a photo of a motorcycle,0.7642387960422383,all,,CS_POS3_CASR,0.8327498249474843,0.9333545918367347,0.9087435869446567,0.9741399485139246,0.8515752864157119,17092,16650,72,True,0.004189629056688904,1,True,False,0.06851102890524596,0,True,CS_MAP
467511,1,person,a photo of a person,0.6707150281744078,all,,CS_POS3_SAM,0.5291495684165841,0.8673668686224489,0.6920834682829778,0.991121123774185,0.5316698656429942,7546,7479,4,True,0.0019967460434846917,4,True,False,-0.14156545975782364,0,True,CS_MAP
467511,1,person,a photo of a person,0.6707150281744078,all,,CS_POS3_SMART,0.5291495684165841,0.8673668686224489,0.6920834682829778,0.991121123774185,0.5316698656429942,7546,7479,4,True,0.0019967460434846917,4,True,False,-0.14156545975782364,0,True,CS_MAP
467511,1,person,a photo of a person,0.6707150281744078,all,,CS_POS3_CASR,0.5291495684165841,0.8673668686224489,0.6920834682829778,0.991121123774185,0.5316698656429942,7546,7479,4,True,0.0019967460434846917,4,True,False,-0.14156545975782364,0,True,CS_MAP
98839,72,tv,a photo of a tv,0.4013509426353463,all,,CS_POS3_SAM,0.4825154874470166,0.7469507334183674,0.6509415807560137,0.9936214855224507,0.4840147179067866,11915,11839,20,True,0.004206879485275922,51,True,False,0.08116454481167029,1,True,CS_MAP
98839,72,tv,a photo of a tv,0.4013509426353463,all,,CS_POS3_SMART,0.9334412300222537,0.9672154017857143,0.9655749712252799,0.9890675241157556,0.9431725265739984,23325,23070,79,True,0.010237738273720282,51,True,False,0.5320902873869073,0,True,CS_MAP
98839,72,tv,a photo of a tv,0.4013509426353463,all,,CS_POS3_CASR,0.9334412300222537,0.9672154017857143,0.9655749712252799,0.9890675241157556,0.9431725265739984,23325,23070,79,True,0.010237738273720282,51,True,False,0.5320902873869073,0,True,CS_MAP
98839,17,cat,a photo of a cat,0.8053346470546836,all,,CS_POS3_SAM,0.9237614443398648,0.9822425063775511,0.9603700573766846,0.978164356256229,0.9432116023064826,11037,10796,2,True,0.00045094557650573547,72,True,False,0.11842679728518124,1,True,CS_MAP
98839,17,cat,a photo of a cat,0.8053346470546836,all,,CS_POS3_SMART,0.9471927422115713,0.9877032844387755,0.9728803129532768,0.9789473684210527,0.9668879958063953,11305,11067,2,True,0.00044756496685221966,72,True,False,0.14185809515688774,0,True,CS_MAP
98839,17,cat,a photo of a cat,0.8053346470546836,all,,CS_POS3_CASR,0.9471927422115713,0.9877032844387755,0.9728803129532768,0.9789473684210527,0.9668879958063953,11305,11067,2,True,0.00044756496685221966,72,True,False,0.14185809515688774,0,True,CS_MAP
209142,56,broccoli,a photo of a broccoli,0.35091869726362274,all,,CS_POS3_SAM,0.1229264550771886,0.8177016900510204,0.21893945862863973,0.8902777777777777,0.12481744718138447,1440,1282,158,True,0.028774678283110863,51,True,False,-0.22799224218643413,2,True,CS_MAP
209142,56,broccoli,a photo of a broccoli,0.35091869726362274,all,,CS_POS3_SMART,0.1701649175412294,0.8235012755102041,0.2908392056374119,0.8191249436175011,0.1768084899230844,2217,1816,401,True,0.0443010151067061,51,True,False,-0.18075377972239334,1,True,CS_MAP
209142,56,broccoli,a photo of a broccoli,0.35091869726362274,all,,CS_POS3_CASR,0.1701649175412294,0.8235012755102041,0.2908392056374119,0.8191249436175011,0.1768084899230844,2217,1816,401,True,0.0443010151067061,51,True,False,-0.18075377972239334,1,True,CS_MAP
209142,48,fork,a photo of a fork,0.09331526288515965,all,,CS_POS3_SAM,0.3839413083350316,0.8795041454081632,0.5548520100132528,0.39356590766659705,0.9401197604790419,9574,3768,5806,False,0.23595896365849417,49,True,False,0.2906260454498719,0,True,CS_MAP
209142,48,fork,a photo of a fork,0.09331526288515965,all,,CS_POS3_SMART,0.57682579829276,0.946647799744898,0.7316290726817043,0.6115300821183174,0.9104291417165669,5967,3649,2318,True,0.12598174485247293,49,True,False,0.48351053540760036,1,True,CS_MAP
209142,48,fork,a photo of a fork,0.09331526288515965,all,,CS_POS3_CASR,0.09331526288515965,0.5466757015306123,0.17070147294735308,0.09995730145175064,0.5840818363273453,23420,2341,21021,False,0.466288770907349,51,False,False,0.0,1,False,CS_MAP
64898,42,surfboard,a photo of a surfboard,0.013413685847589424,all,,CS_POS3_SAM,9.643434026856963e-05,0.17340959821428573,0.00019285008316659836,9.798397961933224e-05,0.006060606060606061,40823,4,64,False,0.001516839286137511,1,False,False,-0.013317251507320854,0,True,CS_MAP
64898,42,surfboard,a photo of a surfboard,0.013413685847589424,all,,CS_POS3_SMART,9.643434026856963e-05,0.17340959821428573,0.00019285008316659836,9.798397961933224e-05,0.006060606060606061,40823,4,64,False,0.001516839286137511,1,False,False,-0.013317251507320854,0,True,CS_MAP
64898,42,surfboard,a photo of a surfboard,0.013413685847589424,all,,CS_POS3_CASR,0.013413685847589424,0.49428013392857145,0.026472280836370612,0.013580003936233025,0.5227272727272727,25405,345,104,True,0.004416002395119943,1,True,False,0.0,0,False,CS_MAP
64898,1,person,a photo of a person,0.06110187907452384,all,,CS_POS3_SAM,0.577502691065662,0.9843550701530612,0.732173319686114,0.7167668670674683,0.7482566248256625,1497,1073,409,True,0.25043478260869567,42,True,False,0.5164008119911382,0,True,CS_MAP
64898,1,person,a photo of a person,0.06110187907452384,all,,CS_POS3_SMART,0.577502691065662,0.9843550701530612,0.732173319686114,0.7167668670674683,0.7482566248256625,1497,1073,409,True,0.25043478260869567,42,True,False,0.5164008119911382,0,True,CS_MAP
64898,1,person,a photo of a person,0.06110187907452384,all,,CS_POS3_CASR,0.577502691065662,0.9843550701530612,0.732173319686114,0.7167668670674683,0.7482566248256625,1497,1073,409,True,0.25043478260869567,42,True,False,0.5164008119911382,0,True,CS_MAP
201418,1,person,a photo of a person,0.32656084656084655,all,,CS_POS3_SAM,0.552857441909148,0.9574298469387755,0.7120517659746562,0.9996214988644966,0.5529731993299832,2642,2641,0,True,0.0003736920777279522,31,True,False,0.22629659534830143,1,True,CS_MAP
201418,1,person,a photo of a person,0.32656084656084655,all,,CS_POS3_SMART,0.645350052246604,0.966179049744898,0.7844531944620856,0.9970939618986115,0.6465661641541038,3097,3088,0,True,0.01032258064516129,31,True,False,0.31878920568575747,0,True,CS_MAP
201418,1,person,a photo of a person,0.32656084656084655,all,,CS_POS3_CASR,0.645350052246604,0.966179049744898,0.7844531944620856,0.9970939618986115,0.6465661641541038,3097,3088,0,True,0.01032258064516129,31,True,False,0.31878920568575747,0,True,CS_MAP
201418,72,tv,a photo of a tv,0.043237351258061586,all,,CS_POS3_SAM,0.010672853828306265,0.9575095663265306,0.021120293847566574,0.019376579612468407,0.02320887991927346,1187,23,105,False,0.01792420621372482,1,False,False,-0.03256449742975532,1,True,CS_MAP
201418,72,tv,a photo of a tv,0.043237351258061586,all,,CS_POS3_SMART,0.010672853828306265,0.9575095663265306,0.021120293847566574,0.019376579612468407,0.02320887991927346,1187,23,105,False,0.01792420621372482,1,False,False,-0.03256449742975532,1,True,CS_MAP
201418,72,tv,a photo of a tv,0.043237351258061586,all,,CS_POS3_CASR,0.043237351258061586,0.5801578443877551,0.08289072703526339,0.043314072523772694,0.9606458123107972,21979,952,6869,False,0.27666727239687444,33,False,False,0.0,1,False,CS_MAP
73946,42,surfboard,a photo of a surfboard,0.5915899657101606,all,,CS_POS3_SAM,0.8947402098797032,0.9672154017857143,0.9444463206240924,0.9832641867660502,0.9085769980506823,14221,13983,110,True,0.013817401117502959,1,True,False,0.3031502441695425,0,True,CS_MAP
73946,42,surfboard,a photo of a surfboard,0.5915899657101606,all,,CS_POS3_SMART,0.8947402098797032,0.9672154017857143,0.9444463206240924,0.9832641867660502,0.9085769980506823,14221,13983,110,True,0.013817401117502959,1,True,False,0.3031502441695425,0,True,CS_MAP
73946,42,surfboard,a photo of a surfboard,0.5915899657101606,all,,CS_POS3_CASR,0.8947402098797032,0.9672154017857143,0.9444463206240924,0.9832641867660502,0.9085769980506823,14221,13983,110,True,0.013817401117502959,1,True,False,0.3031502441695425,0,True,CS_MAP
73946,1,person,a photo of a person,0.5987623179632059,all,,CS_POS3_SAM,0.0029971901342491416,0.36356026785714285,0.005976467658594285,0.010090393104898045,0.004245533345126481,9514,96,19,True,0.0017083258406761373,65,True,False,-0.5957651278289567,0,True,CS_MAP
73946,1,person,a photo of a person,0.5987623179632059,all,,CS_POS3_SMART,0.0006843394323584498,0.44704639668367346,0.0013677428643415039,0.0036743376522916263,0.0008402618078896161,5171,19,2,True,9.728099615740066e-05,42,True,False,-0.5980779785308474,2,True,CS_MAP
73946,1,person,a photo of a person,0.5987623179632059,all,,CS_POS3_CASR,0.5987623179632059,0.7622369260204082,0.7490323123527431,0.7142914459958273,0.7873253139925703,24924,17803,4310,True,0.11741227340761683,42,True,False,0.0,2,False,CS_MAP
579970,72,tv,a photo of a tv,0.02640880630175722,all,,CS_POS3_SAM,0.0,0.9072464923469388,0.0,0.0,0.0,3937,0,2340,False,0.3845639826261276,62,False,False,-0.02640880630175722,0,True,CS_MAP
579970,72,tv,a photo of a tv,0.02640880630175722,all,,CS_POS3_SMART,0.0,0.9416055484693877,0.0,0.0,0.0,2213,0,1193,False,0.24408965305495856,63,False,False,-0.02640880630175722,1,True,CS_MAP
579970,72,tv,a photo of a tv,0.02640880630175722,all,,CS_POS3_CASR,0.0,0.9416055484693877,0.0,0.0,0.0,2213,0,1193,False,0.24408965305495856,63,False,False,-0.02640880630175722,1,True,CS_MAP
579970,63,couch,a photo of a couch,0.08364984212693909,all,,CS_POS3_SAM,0.3998555609051517,0.9503148915816326,0.5712811693895099,0.41775653923541245,0.9032082653616096,3976,1661,1796,False,0.6921357447673238,62,False,True,0.3162057187782126,1,True,CS_MAP
579970,63,couch,a photo of a couch,0.08364984212693909,all,,CS_POS3_SMART,0.17950806320247598,0.8996133609693877,0.3043778483634857,0.20399851906701222,0.5992387166938553,5402,1102,1640,False,0.3814447592067989,62,False,False,0.09585822107553689,0,True,CS_MAP
579970,63,couch,a photo of a couch,0.08364984212693909,all,,CS_POS3_CASR,0.17950806320247598,0.8996133609693877,0.3043778483634857,0.20399851906701222,0.5992387166938553,5402,1102,1640,False,0.3814447592067989,62,False,False,0.09585822107553689,0,True,CS_MAP
61333,17,cat,a photo of a cat,0.9012729201394151,all,,CS_POS3_SAM,0.30616939127577425,0.831672512755102,0.4688050314465409,0.9713317696116758,0.3089612865787947,3837,3727,88,True,0.029823001697244,84,True,False,-0.5951035288636408,2,True,CS_MAP
61333,17,cat,a photo of a cat,0.9012729201394151,all,,CS_POS3_SMART,0.9582094350237081,0.9896364795918368,0.9786587868341131,0.9691132244168089,0.9883942634502196,12303,11923,264,True,0.024256320521329873,84,True,False,0.05693651488429308,0,True,CS_MAP
61333,17,cat,a photo of a cat,0.9012729201394151,all,,CS_POS3_CASR,0.9582094350237081,0.9896364795918368,0.9786587868341131,0.9691132244168089,0.9883942634502196,12303,11923,264,True,0.024256320521329873,84,True,False,0.05693651488429308,0,True,CS_MAP
61333,84,book,a photo of a book,0.8210300036589828,all,,CS_POS3_SAM,0.15093729799612152,0.6335100446428571,0.2622858747542825,0.9966463414634147,0.15101399732064488,3280,3269,0,True,0.0001383062099488267,65,True,False,-0.6700927056628613,0,True,CS_MAP
61333,84,book,a photo of a book,0.8210300036589828,all,,CS_POS3_SMART,0.0836027713625866,0.6045918367346939,0.15430520034100598,0.9983452840595698,0.083614357647711,1813,1810,0,True,0.0,-1,True,False,-0.7374272322963962,1,True,CS_MAP
61333,84,book,a photo of a book,0.8210300036589828,all,,CS_POS3_CASR,0.0836027713625866,0.6045918367346939,0.15430520034100598,0.9983452840595698,0.083614357647711,1813,1810,0,True,0.0,-1,True,False,-0.7374272322963962,1,True,CS_MAP
409198,1,person,a photo of a person,0.4572581881355066,all,,CS_POS3_SAM,0.017502711154825854,0.22359295280612246,0.034403271780889824,0.022132925117999743,0.0772054733563244,31356,694,1,True,3.1185679535957086e-05,34,True,False,-0.43975547698068074,0,True,CS_MAP
409198,1,person,a photo of a person,0.4572581881355066,all,,CS_POS3_SMART,0.01660945339318722,0.25779257015306123,0.03267617340710148,0.021314808539478144,0.06997441317165425,29510,629,1,True,3.309066843150232e-05,34,True,False,-0.4406487347423194,1,True,CS_MAP
409198,1,person,a photo of a person,0.4572581881355066,all,,CS_POS3_CASR,0.4572581881355066,0.7883051658163265,0.6275596072931277,0.4581946648917106,0.9955501168094337,19531,8949,402,True,0.025586461974970866,34,True,False,0.0,1,False,CS_MAP
409198,34,frisbee,a photo of a frisbee,0.02845821325648415,all,,CS_POS3_SAM,0.018101319197638695,0.3502670599489796,0.0355589740555572,0.01816148918167533,0.8452883263009845,33092,601,651,False,0.017456901762615152,1,True,False,-0.010356894058845455,0,True,CS_MAP
409198,34,frisbee,a photo of a frisbee,0.02845821325648415,all,,CS_POS3_SMART,0.021506290377422646,0.5411750637755102,0.042107015061995504,0.0216953222141234,0.7116736990154712,23323,506,509,False,0.018053498849995273,1,True,False,-0.006951922879061503,1,True,CS_MAP
409198,34,frisbee,a photo of a frisbee,0.02845821325648415,all,,CS_POS3_CASR,0.02845821325648415,0.516242825255102,0.0553415061295972,0.02845821325648415,1.0,24984,711,4052,False,0.14037796649994966,1,False,False,0.0,1,False,CS_MAP
211042,17,cat,a photo of a cat,0.3614979882389353,all,,CS_POS3_SAM,0.8906185139061852,0.9894969706632653,0.9421451311889341,0.9681859205776173,0.9174684626897583,4432,4291,13,True,0.006537691794529687,70,True,False,0.5291205256672499,1,True,CS_MAP
211042,17,cat,a photo of a cat,0.3614979882389353,all,,CS_POS3_SMART,0.8906185139061852,0.9894969706632653,0.9421451311889341,0.9681859205776173,0.9174684626897583,4432,4291,13,True,0.006537691794529687,70,True,False,0.5291205256672499,1,True,CS_MAP
211042,17,cat,a photo of a cat,0.3614979882389353,all,,CS_POS3_CASR,0.8906185139061852,0.9894969706632653,0.9421451311889341,0.9681859205776173,0.9174684626897583,4432,4291,13,True,0.006537691794529687,70,True,False,0.5291205256672499,1,True,CS_MAP
211042,70,toilet,a photo of a toilet,0.13192001481207183,all,,CS_POS3_SAM,0.0,0.8835698341836735,0.0,0.0,0.0,2730,0,0,False,0.0,-1,False,False,-0.13192001481207183,1,True,CS_MAP
211042,70,toilet,a photo of a toilet,0.13192001481207183,all,,CS_POS3_SMART,0.0,0.8835698341836735,0.0,0.0,0.0,2730,0,0,False,0.0,-1,False,False,-0.13192001481207183,1,True,CS_MAP
211042,70,toilet,a photo of a toilet,0.13192001481207183,all,,CS_POS3_CASR,0.13192001481207183,0.6262356505102041,0.23309070090782694,0.1335394995782963,0.9158097686375322,21342,2850,15,True,0.0010772959870724481,17,True,False,0.0,1,False,CS_MAP
340894,1,person,a photo of a person,0.0703892109310304,all,,CS_POS3_SAM,0.1889423076923077,0.8991350446428571,0.31783259199353014,0.18927596724995988,0.9907563025210084,6229,1179,5050,False,0.4265853992603753,72,False,False,0.11855309676127729,1,True,CS_MAP
340894,1,person,a photo of a person,0.0703892109310304,all,,CS_POS3_SMART,0.1889423076923077,0.8991350446428571,0.31783259199353014,0.18927596724995988,0.9907563025210084,6229,1179,5050,False,0.4265853992603753,72,False,False,0.11855309676127729,1,True,CS_MAP
340894,1,person,a photo of a person,0.0703892109310304,all,,CS_POS3_CASR,0.1889423076923077,0.8991350446428571,0.31783259199353014,0.18927596724995988,0.9907563025210084,6229,1179,5050,False,0.4265853992603753,72,False,False,0.11855309676127729,1,True,CS_MAP
340894,76,keyboard,a photo of a keyboard,0.36418196051143775,all,,CS_POS3_SAM,0.621046511627907,0.9350486288265306,0.7662291083853382,0.9682741116751269,0.633946587537092,5516,5341,0,True,0.0,-1,True,False,0.2568645511164693,0,True,CS_MAP
340894,76,keyboard,a photo of a keyboard,0.36418196051143775,all,,CS_POS3_SMART,0.621046511627907,0.9350486288265306,0.7662291083853382,0.9682741116751269,0.633946587537092,5516,5341,0,True,0.0,-1,True,False,0.2568645511164693,0,True,CS_MAP
340894,76,keyboard,a photo of a keyboard,0.36418196051143775,all,,CS_POS3_CASR,0.621046511627907,0.9350486288265306,0.7662291083853382,0.9682741116751269,0.633946587537092,5516,5341,0,True,0.0,-1,True,False,0.2568645511164693,0,True,CS_MAP
502136,64,potted plant,a photo of a potted plant,0.18150019432568987,all,,CS_POS3_SAM,0.026573768487959906,0.20643335459183673,0.05177176605067632,0.027091017844681486,0.5819057815845824,40124,1087,26,True,0.006637277725494081,86,True,False,-0.15492642583772998,0,True,CS_MAP
502136,64,potted plant,a photo of a potted plant,0.18150019432568987,all,,CS_POS3_SMART,0.026573768487959906,0.20643335459183673,0.05177176605067632,0.027091017844681486,0.5819057815845824,40124,1087,26,True,0.006637277725494081,86,True,False,-0.15492642583772998,0,True,CS_MAP
502136,64,potted plant,a photo of a potted plant,0.18150019432568987,all,,CS_POS3_CASR,0.18150019432568987,0.8321109693877551,0.30723684210526314,0.18150019432568987,1.0,10292,1868,34,True,0.05071900505246794,86,True,False,0.0,0,False,CS_MAP
502136,86,vase,a photo of a vase,0.045617408022371755,all,,CS_POS3_SAM,0.024683009298393913,0.8850247130102041,0.04817686850354727,0.02635854847445387,0.2796934865900383,5539,146,973,False,0.17720915448188176,64,False,False,-0.020934398723977843,1,True,CS_MAP
502136,86,vase,a photo of a vase,0.045617408022371755,all,,CS_POS3_SMART,0.024683009298393913,0.8850247130102041,0.04817686850354727,0.02635854847445387,0.2796934865900383,5539,146,973,False,0.17720915448188176,64,False,False,-0.020934398723977843,1,True,CS_MAP
502136,86,vase,a photo of a vase,0.045617408022371755,all,,CS_POS3_CASR,0.024683009298393913,0.8850247130102041,0.04817686850354727,0.02635854847445387,0.2796934865900383,5539,146,973,False,0.17720915448188176,64,False,False,-0.020934398723977843,1,True,CS_MAP
91495,1,person,a photo of a person,0.303452058551301,all,,CS_POS3_SAM,0.0020378896520492113,0.20946269132653061,0.004067490207893944,0.0035448577680525163,0.004770879962304159,22850,81,20,True,0.0008460594779813021,40,True,False,-0.30141416889925177,2,True,CS_MAP
91495,1,person,a photo of a person,0.303452058551301,all,,CS_POS3_SMART,0.0019658940245965346,0.12986288265306123,0.003924073736083227,0.0032025024204960155,0.005065378725409353,26854,86,18,True,0.0006511123168746609,40,True,False,-0.30148616452670446,0,True,CS_MAP
91495,1,person,a photo of a person,0.303452058551301,all,,CS_POS3_CASR,0.303452058551301,0.5950454400510204,0.4656129184966994,0.42062247564742217,0.5213806102014371,21045,8852,0,True,0.01816995900111815,40,True,False,0.0,0,False,CS_MAP
91495,40,baseball glove,a photo of a baseball glove,0.02868939987185876,all,,CS_POS3_SAM,0.06532079061409998,0.8237603635204082,0.12263121341402917,0.06666666666666667,0.7639060568603214,9270,618,8594,False,0.540737262268138,1,False,True,0.03663139074224123,0,True,CS_MAP
91495,40,baseball glove,a photo of a baseball glove,0.02868939987185876,all,,CS_POS3_SMART,0.06532079061409998,0.8237603635204082,0.12263121341402917,0.06666666666666667,0.7639060568603214,9270,618,8594,False,0.540737262268138,1,False,True,0.03663139074224123,0,True,CS_MAP
91495,40,baseball glove,a photo of a baseball glove,0.02868939987185876,all,,CS_POS3_CASR,0.06532079061409998,0.8237603635204082,0.12263121341402917,0.06666666666666667,0.7639060568603214,9270,618,8594,False,0.540737262268138,1,False,True,0.03663139074224123,0,True,CS_MAP
12576,47,cup,a photo of a cup,0.2831372041898358,all,,CS_POS3_SAM,0.18767959770114942,0.9098573022959183,0.31604415545138365,0.9849198868991518,0.18822046109510088,1061,1045,16,True,0.025001767325682777,67,True,False,-0.09545760648868637,1,True,CS_MAP
12576,47,cup,a photo of a cup,0.2831372041898358,all,,CS_POS3_SMART,0.18767959770114942,0.9098573022959183,0.31604415545138365,0.9849198868991518,0.18822046109510088,1061,1045,16,True,0.025001767325682777,67,True,False,-0.09545760648868637,1,True,CS_MAP
12576,47,cup,a photo of a cup,0.2831372041898358,all,,CS_POS3_CASR,0.18767959770114942,0.9098573022959183,0.31604415545138365,0.9849198868991518,0.18822046109510088,1061,1045,16,True,0.025001767325682777,67,True,False,-0.09545760648868637,1,True,CS_MAP
12576,67,dining table,a photo of a dining table,0.43064633260711693,all,,CS_POS3_SAM,0.01610115727067883,0.10365513392857142,0.03169203608413891,0.18354114713216957,0.017343356033649882,4010,736,0,True,0.013047138047138047,48,True,False,-0.4145451753364381,1,True,CS_MAP
12576,67,dining table,a photo of a dining table,0.43064633260711693,all,,CS_POS3_SMART,0.01610115727067883,0.10365513392857142,0.03169203608413891,0.18354114713216957,0.017343356033649882,4010,736,0,True,0.013047138047138047,48,True,False,-0.4145451753364381,1,True,CS_MAP
12576,67,dining table,a photo of a dining table,0.43064633260711693,all,,CS_POS3_CASR,0.43064633260711693,0.5,0.6020304568527919,0.9210309178275008,0.447156962084973,20603,18976,41,True,0.1061067410978601,47,True,False,0.0,1,False,CS_MAP
331280,19,horse,a photo of a horse,0.5709461329790179,all,,CS_POS3_SAM,0.8292142793870139,0.9615752551020408,0.9066343825665859,0.9808256496227996,0.8428777237529264,9544,9361,108,True,0.009853652848230424,1,True,False,0.258268146407996,0,True,CS_MAP
331280,19,horse,a photo of a horse,0.5709461329790179,all,,CS_POS3_SMART,0.8292142793870139,0.9615752551020408,0.9066343825665859,0.9808256496227996,0.8428777237529264,9544,9361,108,True,0.009853652848230424,1,True,False,0.258268146407996,0,True,CS_MAP
331280,19,horse,a photo of a horse,0.5709461329790179,all,,CS_POS3_CASR,0.8292142793870139,0.9615752551020408,0.9066343825665859,0.9808256496227996,0.8428777237529264,9544,9361,108,True,0.009853652848230424,1,True,False,0.258268146407996,0,True,CS_MAP
331280,1,person,a photo of a person,0.23913989727518065,all,,CS_POS3_SAM,0.0,0.7354910714285714,0.0,0.0,0.0,5496,0,0,False,0.0,-1,False,False,-0.23913989727518065,1,True,CS_MAP
331280,1,person,a photo of a person,0.23913989727518065,all,,CS_POS3_SMART,0.0,0.7354910714285714,0.0,0.0,0.0,5496,0,0,False,0.0,-1,False,False,-0.23913989727518065,1,True,CS_MAP
331280,1,person,a photo of a person,0.23913989727518065,all,,CS_POS3_CASR,0.0,0.7354910714285714,0.0,0.0,0.0,5496,0,0,False,0.0,-1,False,False,-0.23913989727518065,1,True,CS_MAP
140556,11,fire hydrant,a photo of a fire hydrant,0.17856248434760832,all,,CS_POS3_SAM,0.8642146017699115,0.9902144451530612,0.9271621421154131,0.997446536865624,0.866130820399113,3133,3125,0,True,0.0008198871835235472,1,True,False,0.6856521174223031,1,True,CS_MAP
140556,11,fire hydrant,a photo of a fire hydrant,0.17856248434760832,all,,CS_POS3_SMART,0.8642146017699115,0.9902144451530612,0.9271621421154131,0.997446536865624,0.866130820399113,3133,3125,0,True,0.0008198871835235472,1,True,False,0.6856521174223031,1,True,CS_MAP
140556,11,fire hydrant,a photo of a fire hydrant,0.17856248434760832,all,,CS_POS3_CASR,0.8642146017699115,0.9902144451530612,0.9271621421154131,0.997446536865624,0.866130820399113,3133,3125,0,True,0.0008198871835235472,1,True,False,0.6856521174223031,1,True,CS_MAP
140556,1,person,a photo of a person,0.7449039978958443,all,,CS_POS3_SAM,0.7119090876705497,0.8388273278061225,0.8317136614296119,0.9667650331382129,0.7297692082968157,20671,19984,23,True,0.0009482189973614776,11,True,False,-0.03299491022529455,0,True,CS_MAP
140556,1,person,a photo of a person,0.7449039978958443,all,,CS_POS3_SMART,0.7119090876705497,0.8388273278061225,0.8317136614296119,0.9667650331382129,0.7297692082968157,20671,19984,23,True,0.0009482189973614776,11,True,False,-0.03299491022529455,0,True,CS_MAP
140556,1,person,a photo of a person,0.7449039978958443,all,,CS_POS3_CASR,0.7449039978958443,0.8453643176020408,0.8538051363216701,0.8819728288372455,0.8273809523809523,25689,22657,34,True,0.002189306605548524,11,True,False,0.0,0,False,CS_MAP
397351,57,carrot,a photo of a carrot,0.2819026009496197,all,,CS_POS3_SAM,0.345058887762265,0.832649075255102,0.5130762539866628,0.4335979613839067,0.6282306163021869,10203,4424,5007,False,0.4083522911927202,1,False,False,0.06315628681264529,0,True,CS_MAP
397351,57,carrot,a photo of a carrot,0.2819026009496197,all,,CS_POS3_SMART,0.345058887762265,0.832649075255102,0.5130762539866628,0.4335979613839067,0.6282306163021869,10203,4424,5007,False,0.4083522911927202,1,False,False,0.06315628681264529,0,True,CS_MAP
397351,57,carrot,a photo of a carrot,0.2819026009496197,all,,CS_POS3_CASR,0.2819026009496197,0.6593989158163265,0.43981906385210434,0.2859030086081991,0.9527122976427151,23466,6709,2228,True,0.06210080533185226,1,True,False,0.0,0,False,CS_MAP
397351,1,person,a photo of a person,0.2792323282458535,all,,CS_POS3_SAM,0.4886776628459603,0.9270966198979592,0.6565258215962442,0.9934640522875817,0.4902538213434301,3519,3496,2,True,0.00106320141760189,3,True,False,0.20944533460010684,2,True,CS_MAP
397351,1,person,a photo of a person,0.2792323282458535,all,,CS_POS3_SMART,0.9131156613171002,0.9874840561224489,0.9545849002024877,0.9855159026429745,0.9255363904080774,6697,6600,8,True,0.0015925151786602967,3,True,False,0.6338833330712468,0,True,CS_MAP
397351,1,person,a photo of a person,0.2792323282458535,all,,CS_POS3_CASR,0.9131156613171002,0.9874840561224489,0.9545849002024877,0.9855159026429745,0.9255363904080774,6697,6600,8,True,0.0015925151786602967,3,True,False,0.6338833330712468,0,True,CS_MAP
80932,62,chair,a photo of a chair,0.05986965088667711,all,,CS_POS3_SAM,0.6550772626931567,0.9875438456632653,0.7915971990663555,0.6623883928571429,0.9834299917149959,1792,1187,136,True,0.014441480106716158,1,True,False,0.5952076118064796,2,True,CS_MAP
80932,62,chair,a photo of a chair,0.05986965088667711,all,,CS_POS3_SMART,0.5038265306122449,0.9767418686224489,0.6700593723494487,0.5085836909871244,0.9817729908864954,2330,1185,148,True,0.013605442176870748,1,True,False,0.4439568797255678,1,True,CS_MAP
80932,62,chair,a photo of a chair,0.05986965088667711,all,,CS_POS3_CASR,0.5038265306122449,0.9767418686224489,0.6700593723494487,0.5085836909871244,0.9817729908864954,2330,1185,148,True,0.013605442176870748,1,True,False,0.4439568797255678,1,True,CS_MAP
80932,48,fork,a photo of a fork,0.02343199436222692,all,,CS_POS3_SAM,0.04950741987779025,0.8480947066326531,0.09434410646387832,0.051061093247588424,0.6193447737909517,7775,397,7346,False,0.5280638341403533,67,False,True,0.026075425515563327,1,True,CS_MAP
80932,48,fork,a photo of a fork,0.02343199436222692,all,,CS_POS3_SMART,0.07712082262210797,0.8998325892857143,0.1431980906921241,0.08038277511961722,0.6552262090483619,5225,420,4747,False,0.3517598202736742,67,False,False,0.05368882825988105,2,True,CS_MAP
80932,48,fork,a photo of a fork,0.02343199436222692,all,,CS_POS3_CASR,0.07712082262210797,0.8998325892857143,0.1431980906921241,0.08038277511961722,0.6552262090483619,5225,420,4747,False,0.3517598202736742,67,False,False,0.05368882825988105,2,True,CS_MAP
50828,33,suitcase,a photo of a suitcase,0.026266488243165742,all,,CS_POS3_SAM,0.10458851941296675,0.903938137755102,0.18937100571812984,0.10797851937092444,0.7691256830601093,5214,563,4530,False,0.22576625965611763,65,False,False,0.078322031169801,1,True,CS_MAP
50828,33,suitcase,a photo of a suitcase,0.026266488243165742,all,,CS_POS3_SMART,0.022952529994783515,0.7760283801020408,0.04487506374298827,0.02392604676454595,0.36065573770491804,11034,264,10228,False,0.5042037586547973,65,False,True,-0.0033139582483822268,0,True,CS_MAP
50828,33,suitcase,a photo of a suitcase,0.026266488243165742,all,,CS_POS3_CASR,0.026266488243165742,0.4924266581632653,0.051188436033082485,0.026311757947146686,0.9385245901639344,26110,687,19704,False,0.723927542822495,65,False,True,0.0,0,False,CS_MAP
50828,65,bed,a photo of a bed,0.8659476824231299,all,,CS_POS3_SAM,0.757847533632287,0.9063695790816326,0.8622448979591837,0.9986415811994838,0.7586295856766937,14723,14703,0,True,0.0,-1,True,False,-0.10810014879084295,0,True,CS_MAP
50828,65,bed,a photo of a bed,0.8659476824231299,all,,CS_POS3_SMART,0.757847533632287,0.9063695790816326,0.8622448979591837,0.9986415811994838,0.7586295856766937,14723,14703,0,True,0.0,-1,True,False,-0.10810014879084295,0,True,CS_MAP
50828,65,bed,a photo of a bed,0.8659476824231299,all,,CS_POS3_CASR,0.757847533632287,0.9063695790816326,0.8622448979591837,0.9986415811994838,0.7586295856766937,14723,14703,0,True,0.0,-1,True,False,-0.10810014879084295,0,True,CS_MAP
435205,88,teddy bear,a photo of a teddy bear,0.6597899474868717,all,,CS_POS3_SAM,0.925524426298747,0.9894571109693877,0.9613219273232434,0.9899111579581389,0.9343376918703808,6641,6574,0,True,0.007502942330325618,1,True,False,0.2657344788118753,1,True,CS_MAP
435205,88,teddy bear,a photo of a teddy bear,0.6597899474868717,all,,CS_POS3_SMART,0.925524426298747,0.9894571109693877,0.9613219273232434,0.9899111579581389,0.9343376918703808,6641,6574,0,True,0.007502942330325618,1,True,False,0.2657344788118753,1,True,CS_MAP
435205,88,teddy bear,a photo of a teddy bear,0.6597899474868717,all,,CS_POS3_CASR,0.925524426298747,0.9894571109693877,0.9613219273232434,0.9899111579581389,0.9343376918703808,6641,6574,0,True,0.007502942330325618,1,True,False,0.2657344788118753,1,True,CS_MAP
435205,1,person,a photo of a person,0.3988895656655578,all,,CS_POS3_SAM,0.8629567626854471,0.9053730867346939,0.926437778879524,0.9934540621365675,0.8678916659409562,30095,29898,0,True,0.0007007141894623366,88,True,False,0.4640671970198893,1,True,CS_MAP
435205,1,person,a photo of a person,0.3988895656655578,all,,CS_POS3_SMART,0.8578145872294951,0.8939333545918368,0.9234663061922977,0.9150446008720682,0.9320444715376354,35089,32108,9,True,0.0015692241850733494,88,True,False,0.45892502156393733,0,True,CS_MAP
435205,1,person,a photo of a person,0.3988895656655578,all,,CS_POS3_CASR,0.3988895656655578,0.48862005739795916,0.5702945757205299,0.6739629512349589,0.4942668872826497,25264,17027,1926,True,0.06836900076075811,88,True,False,0.0,0,False,CS_MAP
491464,39,baseball bat,a photo of a baseball bat,0.049378511833815766,all,,CS_POS3_SAM,0.2861292665214234,0.9608179209183674,0.4449463579898362,0.3141945773524721,0.7620889748549323,2508,788,141,True,0.013200075429002452,1,True,False,0.23675075468760765,1,True,CS_MAP
491464,39,baseball bat,a photo of a baseball bat,0.049378511833815766,all,,CS_POS3_SMART,0.2861292665214234,0.9608179209183674,0.4449463579898362,0.3141945773524721,0.7620889748549323,2508,788,141,True,0.013200075429002452,1,True,False,0.23675075468760765,1,True,CS_MAP
491464,39,baseball bat,a photo of a baseball bat,0.049378511833815766,all,,CS_POS3_CASR,0.2861292665214234,0.9608179209183674,0.4449463579898362,0.3141945773524721,0.7620889748549323,2508,788,141,True,0.013200075429002452,1,True,False,0.23675075468760765,1,True,CS_MAP
491464,1,person,a photo of a person,0.2609784283513097,all,,CS_POS3_SAM,0.0012053033346725592,0.5540896045918368,0.002407704654895666,0.0019027484143763213,0.0032774945375091042,14190,27,0,True,0.0,-1,True,False,-0.25977312501663713,1,True,CS_MAP
491464,1,person,a photo of a person,0.2609784283513097,all,,CS_POS3_SMART,0.0022481794633693367,0.593132174744898,0.004486272979958063,0.0037492868204417637,0.005583879582422918,12269,46,3,True,0.0002255639097744361,39,True,False,-0.25873024888794033,2,True,CS_MAP
491464,1,person,a photo of a person,0.2609784283513097,all,,CS_POS3_CASR,0.2609784283513097,0.6941167091836735,0.413930044295097,0.30194986072423396,0.6579266812333091,17950,5420,420,True,0.012646993565564677,3,True,False,0.0,2,False,CS_MAP
412894,1,person,a photo of a person,0.21217442200760903,all,,CS_POS3_SAM,0.07330034817665385,0.8992147640306123,0.13658869728529965,0.6633499170812603,0.07613247049866768,603,400,0,True,0.004709576138147566,31,True,False,-0.13887407383095518,1,True,CS_MAP
412894,1,person,a photo of a person,0.21217442200760903,all,,CS_POS3_SMART,0.07330034817665385,0.8992147640306123,0.13658869728529965,0.6633499170812603,0.07613247049866768,603,400,0,True,0.004709576138147566,31,True,False,-0.13887407383095518,1,True,CS_MAP
412894,1,person,a photo of a person,0.21217442200760903,all,,CS_POS3_CASR,0.21217442200760903,0.6244419642857143,0.3500724287783679,0.21377422072451557,0.9659307194518462,23740,5075,382,True,0.013191674236739209,10,True,False,0.0,1,False,CS_MAP
412894,10,traffic light,a photo of a traffic light,0.12258935458986886,all,,CS_POS3_SAM,0.815,0.9926259566326531,0.8980716253443526,0.9493302271403611,0.8520648196549921,1717,1630,12,True,0.005481032741958748,1,True,False,0.6924106454101311,1,True,CS_MAP
412894,10,traffic light,a photo of a traffic light,0.12258935458986886,all,,CS_POS3_SMART,0.815,0.9926259566326531,0.8980716253443526,0.9493302271403611,0.8520648196549921,1717,1630,12,True,0.005481032741958748,1,True,False,0.6924106454101311,1,True,CS_MAP
412894,10,traffic light,a photo of a traffic light,0.12258935458986886,all,,CS_POS3_CASR,0.815,0.9926259566326531,0.8980716253443526,0.9493302271403611,0.8520648196549921,1717,1630,12,True,0.005481032741958748,1,True,False,0.6924106454101311,1,True,CS_MAP
481573,41,skateboard,a photo of a skateboard,0.5790014448547118,all,,CS_POS3_SAM,0.0,0.49294483418367346,0.0,0.0,0.0,3290,0,111,False,0.012121873976193076,1,False,False,-0.5790014448547118,2,True,CS_MAP
481573,41,skateboard,a photo of a skateboard,0.5790014448547118,all,,CS_POS3_SMART,0.0,0.5071548150510204,0.0,0.0,0.0,2577,0,44,False,0.005169780284337916,1,False,False,-0.5790014448547118,1,True,CS_MAP
481573,41,skateboard,a photo of a skateboard,0.5790014448547118,all,,CS_POS3_CASR,0.5790014448547118,0.7386798469387755,0.7333767131644231,0.6672463553615038,0.8140574214517876,27026,18033,4920,True,0.1773687214611872,1,True,False,0.0,1,False,CS_MAP
481573,1,person,a photo of a person,0.4189870642402982,all,,CS_POS3_SAM,0.010979320075841086,0.5529735331632653,0.02172016748080949,0.014690265486725664,0.041652726664436264,16950,249,38,True,0.0009727626459143969,41,True,False,-0.4080077441644571,1,True,CS_MAP
481573,1,person,a photo of a person,0.4189870642402982,all,,CS_POS3_SMART,0.011795600327177235,0.5425103635204082,0.023316172403522954,0.015634807417974322,0.045834727333556376,17525,274,37,True,0.0009334006054490414,41,True,False,-0.40719146391312094,0,True,CS_MAP
481573,1,person,a photo of a person,0.4189870642402982,all,,CS_POS3_CASR,0.4189870642402982,0.8415577168367347,0.5905438813349815,0.4266259860098229,0.9590163934426229,13438,5733,3458,True,0.108688202859724,41,True,False,0.0,0,False,CS_MAP
58029,70,toilet,a photo of a toilet,0.04817968546355027,all,,CS_POS3_SAM,0.15894955079474776,0.9029815051020408,0.2742993440667859,0.16508164363897362,0.8105726872246696,5573,920,1648,False,0.2947067238912732,81,False,False,0.1107698653311975,0,True,CS_MAP
58029,70,toilet,a photo of a toilet,0.04817968546355027,all,,CS_POS3_SMART,0.1784,0.9385961415816326,0.3027834351663272,0.20371498172959804,0.5894273127753304,3284,669,1628,False,0.4899187481191694,81,False,False,0.13022031453644972,1,True,CS_MAP
58029,70,toilet,a photo of a toilet,0.04817968546355027,all,,CS_POS3_CASR,0.1784,0.9385961415816326,0.3027834351663272,0.20371498172959804,0.5894273127753304,3284,669,1628,False,0.4899187481191694,81,False,False,0.13022031453644972,1,True,CS_MAP
58029,81,sink,a photo of a sink,0.07832207473191932,all,,CS_POS3_SAM,0.3251425201494004,0.9315808354591837,0.4907283785788459,0.3259755616870319,0.9922015596880623,5074,1654,389,True,0.06683848797250859,70,True,False,0.2468204454174811,1,True,CS_MAP
58029,81,sink,a photo of a sink,0.07832207473191932,all,,CS_POS3_SMART,0.3251425201494004,0.9315808354591837,0.4907283785788459,0.3259755616870319,0.9922015596880623,5074,1654,389,True,0.06683848797250859,70,True,False,0.2468204454174811,1,True,CS_MAP
58029,81,sink,a photo of a sink,0.07832207473191932,all,,CS_POS3_CASR,0.3251425201494004,0.9315808354591837,0.4907283785788459,0.3259755616870319,0.9922015596880623,5074,1654,389,True,0.06683848797250859,70,True,False,0.2468204454174811,1,True,CS_MAP
329614,3,car,a photo of a car,0.1151332327802916,all,,CS_POS3_SAM,0.2631009094846254,0.9321787308673469,0.4165952340133722,0.30489335006273527,0.6574675324675324,3985,1215,2240,False,0.5581854043392505,6,False,True,0.1479676767043338,0,True,CS_MAP
329614,3,car,a photo of a car,0.1151332327802916,all,,CS_POS3_SMART,0.2631009094846254,0.9321787308673469,0.4165952340133722,0.30489335006273527,0.6574675324675324,3985,1215,2240,False,0.5581854043392505,6,False,True,0.1479676767043338,0,True,CS_MAP
329614,3,car,a photo of a car,0.1151332327802916,all,,CS_POS3_CASR,0.2631009094846254,0.9321787308673469,0.4165952340133722,0.30489335006273527,0.6574675324675324,3985,1215,2240,False,0.5581854043392505,6,False,True,0.1479676767043338,0,True,CS_MAP
329614,6,bus,a photo of a bus,0.1341260267677638,all,,CS_POS3_SAM,0.7440397350993377,0.9845942283163265,0.8532371368900703,0.7663710777626194,0.9623126338329765,2932,2247,19,True,0.005257623554153523,3,True,False,0.609913708331574,1,True,CS_MAP
329614,6,bus,a photo of a bus,0.1341260267677638,all,,CS_POS3_SMART,0.7440397350993377,0.9845942283163265,0.8532371368900703,0.7663710777626194,0.9623126338329765,2932,2247,19,True,0.005257623554153523,3,True,False,0.609913708331574,1,True,CS_MAP
329614,6,bus,a photo of a bus,0.1341260267677638,all,,CS_POS3_CASR,0.7440397350993377,0.9845942283163265,0.8532371368900703,0.7663710777626194,0.9623126338329765,2932,2247,19,True,0.005257623554153523,3,True,False,0.609913708331574,1,True,CS_MAP
355257,1,person,a photo of a person,0.13391655450874831,all,,CS_POS3_SAM,0.3404303510758777,0.9419642857142857,0.5079418722541399,0.46118441239644065,0.5652500940203083,3259,1503,1737,False,0.32357934684909617,65,True,False,0.2065137965671294,1,True,CS_MAP
355257,1,person,a photo of a person,0.13391655450874831,all,,CS_POS3_SMART,0.4153200419727177,0.9444754464285714,0.5868920521945433,0.4844553243574051,0.7442647611884167,4085,1979,2087,False,0.4060721062618596,65,True,False,0.28140348746396937,0,True,CS_MAP
355257,1,person,a photo of a person,0.13391655450874831,all,,CS_POS3_CASR,0.13391655450874831,0.6665537308673469,0.23620178041543027,0.13441754130728464,0.9729221511846559,19246,2587,4722,False,0.3294534873147222,65,False,False,0.0,0,False,CS_MAP
355257,65,bed,a photo of a bed,0.4343919580108531,all,,CS_POS3_SAM,0.3333333333333333,0.8669483418367347,0.5,0.9940440738534843,0.3340004002401441,3358,3338,0,True,0.28705882352941176,1,True,False,-0.1010586246775198,1,True,CS_MAP
355257,65,bed,a photo of a bed,0.4343919580108531,all,,CS_POS3_SMART,0.3333333333333333,0.8669483418367347,0.5,0.9940440738534843,0.3340004002401441,3358,3338,0,True,0.28705882352941176,1,True,False,-0.1010586246775198,1,True,CS_MAP
355257,65,bed,a photo of a bed,0.4343919580108531,all,,CS_POS3_CASR,0.4343919580108531,0.7465720663265306,0.6056809724634086,0.43884245528893684,0.9771863117870723,22254,9766,525,True,0.11562402042004388,1,True,False,0.0,1,False,CS_MAP
308466,70,toilet,a photo of a toilet,0.09137577002053388,all,,CS_POS3_SAM,0.10127226463104326,0.9296077806122449,0.18391866913123844,0.19134615384615383,0.17704626334519574,2080,398,1149,False,0.5481870229007634,81,False,True,0.009896494610509385,1,True,CS_MAP
308466,70,toilet,a photo of a toilet,0.09137577002053388,all,,CS_POS3_SMART,0.10127226463104326,0.9296077806122449,0.18391866913123844,0.19134615384615383,0.17704626334519574,2080,398,1149,False,0.5481870229007634,81,False,True,0.009896494610509385,1,True,CS_MAP
308466,70,toilet,a photo of a toilet,0.09137577002053388,all,,CS_POS3_CASR,0.10127226463104326,0.9296077806122449,0.18391866913123844,0.19134615384615383,0.17704626334519574,2080,398,1149,False,0.5481870229007634,81,False,True,0.009896494610509385,1,True,CS_MAP
308466,81,sink,a photo of a sink,0.058276224300935424,all,,CS_POS3_SAM,0.0,0.2316844706632653,0.0,0.0,0.0,37386,0,63,False,0.0015920750044224306,70,False,False,-0.058276224300935424,0,True,CS_MAP
308466,81,sink,a photo of a sink,0.058276224300935424,all,,CS_POS3_SMART,0.0,0.2316844706632653,0.0,0.0,0.0,37386,0,63,False,0.0015920750044224306,70,False,False,-0.058276224300935424,0,True,CS_MAP
308466,81,sink,a photo of a sink,0.058276224300935424,all,,CS_POS3_CASR,0.058276224300935424,0.6248007015306123,0.1101342408772925,0.058276224300935424,1.0,19991,1165,2171,False,0.10856886496186631,70,False,False,0.0,0,False,CS_MAP
6614,55,orange,a photo of a orange,0.3707021092169893,all,,CS_POS3_SAM,0.9657907196969697,0.9942402742346939,0.9825976997651593,0.9884904288829658,0.9767748114449898,8254,8159,76,True,0.5517009546860293,53,True,False,0.5950886104799804,2,True,CS_MAP
6614,55,orange,a photo of a orange,0.3707021092169893,all,,CS_POS3_SMART,0.9643741889819512,0.9939811862244898,0.9818640403555129,0.9850584407759971,0.9786902909134443,8299,8175,86,True,0.5518051268286136,53,True,False,0.5936720797649618,1,True,CS_MAP
6614,55,orange,a photo of a orange,0.3707021092169893,all,,CS_POS3_CASR,0.9643741889819512,0.9939811862244898,0.9818640403555129,0.9850584407759971,0.9786902909134443,8299,8175,86,True,0.5518051268286136,53,True,False,0.5936720797649618,1,True,CS_MAP
6614,53,apple,a photo of a apple,0.5361940785183253,all,,CS_POS3_SAM,0.27767539009706355,0.7656648596938775,0.43465717857486297,0.7568653717347622,0.304869823283421,5972,4520,1,True,6.981290142418318e-05,55,True,False,-0.2585186884212618,2,True,CS_MAP
6614,53,apple,a photo of a apple,0.5361940785183253,all,,CS_POS3_SMART,0.6967184801381693,0.8775111607142857,0.8212540716612378,0.7219040801717967,0.9523135033050047,19558,14119,37,True,0.4016471651684829,55,True,False,0.16052440161984394,0,True,CS_MAP
6614,53,apple,a photo of a apple,0.5361940785183253,all,,CS_POS3_CASR,0.6967184801381693,0.8775111607142857,0.8212540716612378,0.7219040801717967,0.9523135033050047,19558,14119,37,True,0.4016471651684829,55,True,False,0.16052440161984394,0,True,CS_MAP
565563,3,car,a photo of a car,0.16552596339830383,all,,CS_POS3_SAM,0.6200150489089541,0.9798708545918368,0.7654435671156525,0.7926887926887927,0.7400089806915132,2079,1648,0,True,0.0,-1,True,False,0.45448908551065026,0,True,CS_MAP
565563,3,car,a photo of a car,0.16552596339830383,all,,CS_POS3_SMART,0.6200150489089541,0.9798708545918368,0.7654435671156525,0.7926887926887927,0.7400089806915132,2079,1648,0,True,0.0,-1,True,False,0.45448908551065026,0,True,CS_MAP
565563,3,car,a photo of a car,0.16552596339830383,all,,CS_POS3_CASR,0.6200150489089541,0.9798708545918368,0.7654435671156525,0.7926887926887927,0.7400089806915132,2079,1648,0,True,0.0,-1,True,False,0.45448908551065026,0,True,CS_MAP
565563,65,bed,a photo of a bed,0.03287790067230536,all,,CS_POS3_SAM,0.5090529247910863,0.9859494579081632,0.6746654360867559,0.5188076650106459,0.9643799472295514,1409,731,0,True,0.0,-1,True,False,0.476175024118781,1,True,CS_MAP
565563,65,bed,a photo of a bed,0.03287790067230536,all,,CS_POS3_SMART,0.5090529247910863,0.9859494579081632,0.6746654360867559,0.5188076650106459,0.9643799472295514,1409,731,0,True,0.0,-1,True,False,0.476175024118781,1,True,CS_MAP
565563,65,bed,a photo of a bed,0.03287790067230536,all,,CS_POS3_CASR,0.5090529247910863,0.9859494579081632,0.6746654360867559,0.5188076650106459,0.9643799472295514,1409,731,0,True,0.0,-1,True,False,0.476175024118781,1,True,CS_MAP
72281,41,skateboard,a photo of a skateboard,0.11170744540910287,all,,CS_POS3_SAM,0.7324990222917481,0.9863679846938775,0.8455981941309255,0.811876896402254,0.8822421102213849,2307,1873,30,True,0.00244926522043387,1,True,False,0.6207915768826453,2,True,CS_MAP
72281,41,skateboard,a photo of a skateboard,0.11170744540910287,all,,CS_POS3_SMART,0.7795031055900621,0.9886798469387755,0.8760907504363001,0.8159284843559529,0.945831370701837,2461,2008,22,True,0.0018682535289233325,1,True,False,0.6677956601809593,1,True,CS_MAP
72281,41,skateboard,a photo of a skateboard,0.11170744540910287,all,,CS_POS3_CASR,0.7795031055900621,0.9886798469387755,0.8760907504363001,0.8159284843559529,0.945831370701837,2461,2008,22,True,0.0018682535289233325,1,True,False,0.6677956601809593,1,True,CS_MAP
72281,1,person,a photo of a person,0.5843631529712964,all,,CS_POS3_SAM,0.37396420285051374,0.8494300063775511,0.54435800012062,0.9890422967346044,0.37552005325345317,4563,4513,0,True,0.0,-1,True,False,-0.21039895012078264,1,True,CS_MAP
72281,1,person,a photo of a person,0.5843631529712964,all,,CS_POS3_SMART,0.8689308965409052,0.9666972257653061,0.9298694758047593,0.9380980608010839,0.9217839906806456,11809,11078,40,True,0.0028793550244745176,41,True,False,0.2845677435696088,0,True,CS_MAP
72281,1,person,a photo of a person,0.5843631529712964,all,,CS_POS3_CASR,0.8689308965409052,0.9666972257653061,0.9298694758047593,0.9380980608010839,0.9217839906806456,11809,11078,40,True,0.0028793550244745176,41,True,False,0.2845677435696088,0,True,CS_MAP
187362,42,surfboard,a photo of a surfboard,0.019581772029493533,all,,CS_POS3_SAM,0.0,0.5529137436224489,0.0,0.0,0.0,21779,0,16,False,0.0006578135920733462,1,False,False,-0.019581772029493533,1,True,CS_MAP
187362,42,surfboard,a photo of a surfboard,0.019581772029493533,all,,CS_POS3_SMART,0.00039807785265432626,0.2993662308673469,0.0007958388994684933,0.0004054562831243303,0.021406727828746176,34529,14,28,False,0.0007555111842637814,1,False,False,-0.019183694176839208,0,True,CS_MAP
187362,42,surfboard,a photo of a surfboard,0.019581772029493533,all,,CS_POS3_CASR,0.019581772029493533,0.3533960459183674,0.038411381149970364,0.01958532309738258,0.9908256880733946,33086,648,1124,False,0.03462688300002902,1,False,False,0.0,0,False,CS_MAP
187362,1,person,a photo of a person,0.20214782059380923,all,,CS_POS3_SAM,0.0009457625724741971,0.5157844387755102,0.001889737901569304,0.0010559177302359747,0.008984375,21782,23,0,True,0.0,-1,True,False,-0.20120205802133503,2,True,CS_MAP
187362,1,person,a photo of a person,0.20214782059380923,all,,CS_POS3_SMART,0.0009457625724741971,0.5157844387755102,0.001889737901569304,0.0010559177302359747,0.008984375,21782,23,0,True,0.0,-1,True,False,-0.20120205802133503,2,True,CS_MAP
187362,1,person,a photo of a person,0.20214782059380923,all,,CS_POS3_CASR,0.20214782059380923,0.7986288265306123,0.33631108775617446,0.20214782059380923,1.0,12664,2560,571,True,0.05097853535353535,42,True,False,0.0,2,False,CS_MAP
60347,15,bench,a photo of a bench,0.4026735910752068,all,,CS_POS3_SAM,0.6652282534635476,0.9706234056122449,0.7989634478996182,0.9915368991198376,0.6690269529465509,2954,2929,1,True,0.003283908846651408,1,True,False,0.26255466238834085,1,True,CS_MAP
60347,15,bench,a photo of a bench,0.4026735910752068,all,,CS_POS3_SMART,0.6652282534635476,0.9706234056122449,0.7989634478996182,0.9915368991198376,0.6690269529465509,2954,2929,1,True,0.003283908846651408,1,True,False,0.26255466238834085,1,True,CS_MAP
60347,15,bench,a photo of a bench,0.4026735910752068,all,,CS_POS3_CASR,0.6652282534635476,0.9706234056122449,0.7989634478996182,0.9915368991198376,0.6690269529465509,2954,2929,1,True,0.003283908846651408,1,True,False,0.26255466238834085,1,True,CS_MAP
60347,1,person,a photo of a person,0.5338779793134463,all,,CS_POS3_SAM,0.9042119565217391,0.9859494579081632,0.949696753478416,0.9663133439814142,0.933641975308642,6887,6655,8,True,0.003295333095831849,15,True,False,0.37033397720829286,0,True,CS_MAP
60347,1,person,a photo of a person,0.5338779793134463,all,,CS_POS3_SMART,0.9042119565217391,0.9859494579081632,0.949696753478416,0.9663133439814142,0.933641975308642,6887,6655,8,True,0.003295333095831849,15,True,False,0.37033397720829286,0,True,CS_MAP
60347,1,person,a photo of a person,0.5338779793134463,all,,CS_POS3_CASR,0.9042119565217391,0.9859494579081632,0.949696753478416,0.9663133439814142,0.933641975308642,6887,6655,8,True,0.003295333095831849,15,True,False,0.37033397720829286,0,True,CS_MAP
489091,81,sink,a photo of a sink,0.07922503183554666,all,,CS_POS3_SAM,0.0,0.9036989795918368,0.0,0.0,0.0,3069,0,0,False,0.0,-1,False,False,-0.07922503183554666,1,True,CS_MAP
489091,81,sink,a photo of a sink,0.07922503183554666,all,,CS_POS3_SMART,0.0,0.9036989795918368,0.0,0.0,0.0,3069,0,0,False,0.0,-1,False,False,-0.07922503183554666,1,True,CS_MAP
489091,81,sink,a photo of a sink,0.07922503183554666,all,,CS_POS3_CASR,0.0,0.9036989795918368,0.0,0.0,0.0,3069,0,0,False,0.0,-1,False,False,-0.07922503183554666,1,True,CS_MAP
489091,70,toilet,a photo of a toilet,0.10521774147155266,all,,CS_POS3_SAM,0.11405818911462252,0.7184111926020408,0.20476163674227502,0.11495923655438287,0.9356995884773662,15823,1819,1758,True,0.11106899166034875,81,True,False,0.008840447643069863,0,True,CS_MAP
489091,70,toilet,a photo of a toilet,0.10521774147155266,all,,CS_POS3_SMART,0.11405818911462252,0.7184111926020408,0.20476163674227502,0.11495923655438287,0.9356995884773662,15823,1819,1758,True,0.11106899166034875,81,True,False,0.008840447643069863,0,True,CS_MAP
489091,70,toilet,a photo of a toilet,0.10521774147155266,all,,CS_POS3_CASR,0.10521774147155266,0.6900111607142857,0.19040183218821569,0.10591846189483438,0.940843621399177,17268,1829,1678,True,0.09669797729499222,81,True,False,0.0,0,False,CS_MAP
319617,67,dining table,a photo of a dining table,0.5254464643228958,all,,CS_POS3_SAM,0.49626141783202654,0.5032087053571429,0.6633351791574938,0.9876528314028314,0.4993594566565671,24864,24557,0,True,0.008393285371702638,58,True,False,-0.029185046490869226,0,True,CS_MAP
319617,67,dining table,a photo of a dining table,0.5254464643228958,all,,CS_POS3_SMART,0.49626141783202654,0.5032087053571429,0.6633351791574938,0.9876528314028314,0.4993594566565671,24864,24557,0,True,0.008393285371702638,58,True,False,-0.029185046490869226,0,True,CS_MAP
319617,67,dining table,a photo of a dining table,0.5254464643228958,all,,CS_POS3_CASR,0.49626141783202654,0.5032087053571429,0.6633351791574938,0.9876528314028314,0.4993594566565671,24864,24557,0,True,0.008393285371702638,58,True,False,-0.029185046490869226,0,True,CS_MAP
319617,58,hot dog,a photo of a hot dog,0.7010336602173337,all,,CS_POS3_SAM,0.32116788321167883,0.8924984056122449,0.4861878453038674,0.9957081545064378,0.32161310649023317,2563,2552,11,True,0.05211785997519165,67,True,False,-0.3798657770056549,1,True,CS_MAP
319617,58,hot dog,a photo of a hot dog,0.7010336602173337,all,,CS_POS3_SMART,0.9700769803824186,0.9951969068877551,0.9848112434612718,0.9849974785678265,0.9846250787649653,7932,7813,119,True,0.16129491428920023,67,True,False,0.2690433201650849,0,True,CS_MAP
319617,58,hot dog,a photo of a hot dog,0.7010336602173337,all,,CS_POS3_CASR,0.9700769803824186,0.9951969068877551,0.9848112434612718,0.9849974785678265,0.9846250787649653,7932,7813,119,True,0.16129491428920023,67,True,False,0.2690433201650849,0,True,CS_MAP
488075,62,chair,a photo of a chair,0.3742580973376293,all,,CS_POS3_SAM,0.7396053558844257,0.9705436862244898,0.8503139558436298,0.7688644688644689,0.9510647938377889,5460,4198,448,True,0.08050314465408805,51,True,False,0.36534725854679634,0,True,CS_MAP
488075,62,chair,a photo of a chair,0.3742580973376293,all,,CS_POS3_SMART,0.7599609375,0.9755062181122449,0.8636111419376318,0.8464215792908418,0.8815133665609425,4597,3891,7,True,0.0013610733035193468,51,True,False,0.3857028401623707,1,True,CS_MAP
488075,62,chair,a photo of a chair,0.3742580973376293,all,,CS_POS3_CASR,0.7599609375,0.9755062181122449,0.8636111419376318,0.8464215792908418,0.8815133665609425,4597,3891,7,True,0.0013610733035193468,51,True,False,0.3857028401623707,1,True,CS_MAP
488075,82,refrigerator,a photo of a refrigerator,0.03809559206125028,all,,CS_POS3_SAM,0.17914198528091904,0.9088608099489796,0.3038514233521084,0.18001443001443002,0.9736585365853658,5544,998,691,True,0.12074247612182375,78,True,False,0.14104639321966878,1,True,CS_MAP
488075,82,refrigerator,a photo of a refrigerator,0.03809559206125028,all,,CS_POS3_SMART,0.17914198528091904,0.9088608099489796,0.3038514233521084,0.18001443001443002,0.9736585365853658,5544,998,691,True,0.12074247612182375,78,True,False,0.14104639321966878,1,True,CS_MAP
488075,82,refrigerator,a photo of a refrigerator,0.03809559206125028,all,,CS_POS3_CASR,0.17914198528091904,0.9088608099489796,0.3038514233521084,0.18001443001443002,0.9736585365853658,5544,998,691,True,0.12074247612182375,78,True,False,0.14104639321966878,1,True,CS_MAP
231879,62,chair,a photo of a chair,0.13938253988844207,all,,CS_POS3_SAM,0.5280898876404494,0.9773995535714286,0.6911764705882353,0.8398411647915288,0.5872281351226284,1511,1269,1,True,2.488428806051859e-05,1,True,False,0.3887073477520073,2,True,CS_MAP
231879,62,chair,a photo of a chair,0.13938253988844207,all,,CS_POS3_SMART,0.5280898876404494,0.9773995535714286,0.6911764705882353,0.8398411647915288,0.5872281351226284,1511,1269,1,True,2.488428806051859e-05,1,True,False,0.3887073477520073,2,True,CS_MAP
231879,62,chair,a photo of a chair,0.13938253988844207,all,,CS_POS3_CASR,0.5280898876404494,0.9773995535714286,0.6911764705882353,0.8398411647915288,0.5872281351226284,1511,1269,1,True,2.488428806051859e-05,1,True,False,0.3887073477520073,2,True,CS_MAP
231879,1,person,a photo of a person,0.6077411900635471,all,,CS_POS3_SAM,0.5706521739130435,0.6630660076530612,0.726643598615917,0.9697885196374623,0.5809804529941048,23170,22470,26,True,0.001177091366643666,61,True,False,-0.03708901615050364,0,True,CS_MAP
231879,1,person,a photo of a person,0.6077411900635471,all,,CS_POS3_SMART,0.5706521739130435,0.6630660076530612,0.726643598615917,0.9697885196374623,0.5809804529941048,23170,22470,26,True,0.001177091366643666,61,True,False,-0.03708901615050364,0,True,CS_MAP
231879,1,person,a photo of a person,0.6077411900635471,all,,CS_POS3_CASR,0.5706521739130435,0.6630660076530612,0.726643598615917,0.9697885196374623,0.5809804529941048,23170,22470,26,True,0.001177091366643666,61,True,False,-0.03708901615050364,0,True,CS_MAP
249550,65,bed,a photo of a bed,0.5433759769802077,all,,CS_POS3_SAM,0.7714232488822653,0.9021843112244898,0.8709643495635714,0.9852486319295741,0.7804372408594045,16812,16564,0,True,0.0,-1,True,False,0.22804727190205765,1,True,CS_MAP
249550,65,bed,a photo of a bed,0.5433759769802077,all,,CS_POS3_SMART,0.9181435380130489,0.9647441007653061,0.9573251634381106,0.9808690493845469,0.9348850358085187,20229,19842,0,True,0.0,-1,True,False,0.37476756103284126,0,True,CS_MAP
249550,65,bed,a photo of a bed,0.5433759769802077,all,,CS_POS3_CASR,0.9181435380130489,0.9647441007653061,0.9573251634381106,0.9808690493845469,0.9348850358085187,20229,19842,0,True,0.0,-1,True,False,0.37476756103284126,0,True,CS_MAP
249550,64,potted plant,a photo of a potted plant,0.13107224871930753,all,,CS_POS3_SAM,0.6151447661469933,0.982780612244898,0.7617209045780474,0.9892550143266475,0.6192825112107623,1396,1381,0,True,0.0,-1,True,False,0.48407251742768576,2,True,CS_MAP
249550,64,potted plant,a photo of a potted plant,0.13107224871930753,all,,CS_POS3_SMART,0.6625441696113075,0.9847735969387755,0.7970244420828906,0.9778357235984355,0.672645739910314,1534,1500,0,True,0.0,-1,True,False,0.5314719208919999,1,True,CS_MAP
249550,64,potted plant,a photo of a potted plant,0.13107224871930753,all,,CS_POS3_CASR,0.6625441696113075,0.9847735969387755,0.7970244420828906,0.9778357235984355,0.672645739910314,1534,1500,0,True,0.0,-1,True,False,0.5314719208919999,1,True,CS_MAP
376322,46,wine glass,a photo of a wine glass,0.05960568546538285,all,,CS_POS3_SAM,0.12096200370001423,0.8768933354591837,0.21581820490034276,0.12730268084469074,0.7083333333333334,6677,850,5578,False,0.29305851693911394,1,False,False,0.06135631823463138,0,True,CS_MAP
376322,46,wine glass,a photo of a wine glass,0.05960568546538285,all,,CS_POS3_SMART,0.2672215843857635,0.9491191007653061,0.4217440543601359,0.2895800933125972,0.7758333333333334,3215,931,2154,False,0.1124568521770726,1,True,False,0.20761589892038063,1,True,CS_MAP
376322,46,wine glass,a photo of a wine glass,0.05960568546538285,all,,CS_POS3_CASR,0.05960568546538285,0.6321149553571429,0.11250540891389009,0.0596969233124139,0.975,19599,1170,15502,False,0.6309052631578947,67,False,True,0.0,1,False,CS_MAP
376322,44,bottle,a photo of a bottle,0.04254427328932202,all,,CS_POS3_SAM,0.00856989823245849,0.9262197066326531,0.016994158258098777,0.010836437521164918,0.03936039360393604,2953,32,2783,False,0.2385923053981509,46,False,False,-0.03397437505686353,1,True,CS_MAP
376322,44,bottle,a photo of a bottle,0.04254427328932202,all,,CS_POS3_SMART,0.05167558434243875,0.8657724808673469,0.0982728611594591,0.05513822115384615,0.45141451414514144,6656,367,6059,False,0.282849076579226,1,False,False,0.00913131105311673,0,True,CS_MAP
376322,44,bottle,a photo of a bottle,0.04254427328932202,all,,CS_POS3_CASR,0.04254427328932202,0.6358019770408163,0.08161624283847622,0.0425465024888656,0.998769987699877,19085,812,13949,False,0.47413892853010375,67,False,False,0.0,0,False,CS_MAP
290081,55,orange,a photo of a orange,0.7212010715880339,all,,CS_POS3_SAM,0.6679010460410781,0.8266302614795918,0.8008880954015885,0.9967525068368277,0.6693576156406627,17552,17495,0,True,3.4163506542311505e-05,51,True,False,-0.05330002554695579,1,True,CS_MAP
290081,55,orange,a photo of a orange,0.7212010715880339,all,,CS_POS3_SMART,0.7471600623076631,0.8673668686224489,0.8552851892926262,0.9907304785894206,0.7524199410796955,19850,19666,96,True,0.029109756495094043,51,True,False,0.02595899071962915,0,True,CS_MAP
290081,55,orange,a photo of a orange,0.7212010715880339,all,,CS_POS3_CASR,0.7471600623076631,0.8673668686224489,0.8552851892926262,0.9907304785894206,0.7524199410796955,19850,19666,96,True,0.029109756495094043,51,True,False,0.02595899071962915,0,True,CS_MAP
290081,51,bowl,a photo of a bowl,0.6378885630498534,all,,CS_POS3_SAM,0.8609685338094175,0.9627511160714286,0.9252908022544669,0.8704218996766188,0.9875426621160409,13297,11574,1572,True,0.26213032902317246,55,True,False,0.2230799707595641,0,True,CS_MAP
290081,51,bowl,a photo of a bowl,0.6378885630498534,all,,CS_POS3_SMART,0.8609685338094175,0.9627511160714286,0.9252908022544669,0.8704218996766188,0.9875426621160409,13297,11574,1572,True,0.26213032902317246,55,True,False,0.2230799707595641,0,True,CS_MAP
290081,51,bowl,a photo of a bowl,0.6378885630498534,all,,CS_POS3_CASR,0.8609685338094175,0.9627511160714286,0.9252908022544669,0.8704218996766188,0.9875426621160409,13297,11574,1572,True,0.26213032902317246,55,True,False,0.2230799707595641,0,True,CS_MAP
458755,1,person,a photo of a person,0.8017083376560501,all,,CS_POS3_SAM,0.2976270931891567,0.6271723533163265,0.4587251526286855,0.9971069182389937,0.29788433354627786,7950,7927,0,True,0.0001223441132090861,20,True,False,-0.5040812444668934,2,True,CS_MAP
458755,1,person,a photo of a person,0.8017083376560501,all,,CS_POS3_SMART,0.6378783360667959,0.8063815369897959,0.7789080812908218,0.9874783612233122,0.6430799293525233,17330,17113,2,True,0.0028692282663353745,20,True,False,-0.1638300015892542,0,True,CS_MAP
458755,1,person,a photo of a person,0.8017083376560501,all,,CS_POS3_CASR,0.6378783360667959,0.8063815369897959,0.7789080812908218,0.9874783612233122,0.6430799293525233,17330,17113,2,True,0.0028692282663353745,20,True,False,-0.1638300015892542,0,True,CS_MAP
458755,20,sheep,a photo of a sheep,0.7257636826474332,all,,CS_POS3_SAM,0.3561088937868589,0.7845782844387755,0.5251921809795739,0.9655952188660959,0.36068541088451794,6191,5978,12,True,0.0008543357539513029,1,True,False,-0.3696547888605743,2,True,CS_MAP
458755,20,sheep,a photo of a sheep,0.7257636826474332,all,,CS_POS3_SMART,0.40926253687315634,0.8004424426020408,0.5808180181688785,0.9485847121564337,0.4185471219983106,7313,6937,167,True,0.006079658352857439,1,True,False,-0.31650114577427685,1,True,CS_MAP
458755,20,sheep,a photo of a sheep,0.7257636826474332,all,,CS_POS3_CASR,0.40926253687315634,0.8004424426020408,0.5808180181688785,0.9485847121564337,0.4185471219983106,7313,6937,167,True,0.006079658352857439,1,True,False,-0.31650114577427685,1,True,CS_MAP
180135,41,skateboard,a photo of a skateboard,0.15328713061892385,all,,CS_POS3_SAM,0.1186703945324635,0.9434590242346939,0.21216328797556233,0.9339853300733496,0.11967418546365914,409,382,2,True,8.679048776254123e-05,1,True,False,-0.03461673608646035,2,True,CS_MAP
180135,41,skateboard,a photo of a skateboard,0.15328713061892385,all,,CS_POS3_SMART,0.1186703945324635,0.9434590242346939,0.21216328797556233,0.9339853300733496,0.11967418546365914,409,382,2,True,8.679048776254123e-05,1,True,False,-0.03461673608646035,2,True,CS_MAP
180135,41,skateboard,a photo of a skateboard,0.15328713061892385,all,,CS_POS3_CASR,0.1186703945324635,0.9434590242346939,0.21216328797556233,0.9339853300733496,0.11967418546365914,409,382,2,True,8.679048776254123e-05,1,True,False,-0.03461673608646035,2,True,CS_MAP
180135,1,person,a photo of a person,0.404035195152609,all,,CS_POS3_SAM,0.009331880900508351,0.45625398596938777,0.018491204086771955,0.0498062015503876,0.01135309449131952,5160,257,0,True,0.0,-1,True,False,-0.39470331425210065,2,True,CS_MAP
180135,1,person,a photo of a person,0.404035195152609,all,,CS_POS3_SMART,0.6939324252609234,0.8275868941326531,0.8193153574636062,0.7770382695507487,0.8664575694659187,25242,19614,260,True,0.00987356158545248,41,True,False,0.28989723010831436,0,True,CS_MAP
180135,1,person,a photo of a person,0.404035195152609,all,,CS_POS3_CASR,0.404035195152609,0.631477200255102,0.5755342836811055,0.5990633661473764,0.5537836285726907,20926,12536,452,True,0.019788583509513742,41,True,False,0.0,0,False,CS_MAP
560911,33,suitcase,a photo of a suitcase,0.6714815691846239,all,,CS_POS3_SAM,0.5088350785340314,0.9102558992346939,0.6744740837128606,0.9837621256853648,0.5131448685513145,4742,4665,8,True,0.0220253770648791,1,True,False,-0.16264649065059245,2,True,CS_MAP
560911,33,suitcase,a photo of a suitcase,0.6714815691846239,all,,CS_POS3_SMART,0.6571459718739779,0.9373206313775511,0.7931057167291625,0.9865793780687397,0.6630733692663073,6110,6028,14,True,0.02135983451749258,1,True,False,-0.014335597310645931,1,True,CS_MAP
560911,33,suitcase,a photo of a suitcase,0.6714815691846239,all,,CS_POS3_CASR,0.6571459718739779,0.9373206313775511,0.7931057167291625,0.9865793780687397,0.6630733692663073,6110,6028,14,True,0.02135983451749258,1,True,False,-0.014335597310645931,1,True,CS_MAP
560911,1,person,a photo of a person,0.7912580275800268,all,,CS_POS3_SAM,0.0030647818258437726,0.4813655931122449,0.006110835274796624,0.008350730688935281,0.004818406312112269,9580,80,4129,False,0.23165201813805072,63,False,False,-0.788193245754183,0,True,CS_MAP
560911,1,person,a photo of a person,0.7912580275800268,all,,CS_POS3_SMART,0.0030647818258437726,0.4813655931122449,0.006110835274796624,0.008350730688935281,0.004818406312112269,9580,80,4129,False,0.23165201813805072,63,False,False,-0.788193245754183,0,True,CS_MAP
560911,1,person,a photo of a person,0.7912580275800268,all,,CS_POS3_CASR,0.7912580275800268,0.9164341517857143,0.883466273866763,0.8202084838476623,0.9572968740589051,19378,15894,1284,True,0.05037325758076237,63,True,False,0.0,0,False,CS_MAP
460494,48,fork,a photo of a fork,0.04589625439116748,all,,CS_POS3_SAM,0.13501381215469613,0.850227200255102,0.23790690599330697,0.13748241912798875,0.8826185101580135,8532,1173,7234,False,0.172540845544888,67,False,False,0.08911755776352864,1,True,CS_MAP
460494,48,fork,a photo of a fork,0.04589625439116748,all,,CS_POS3_SMART,0.13501381215469613,0.850227200255102,0.23790690599330697,0.13748241912798875,0.8826185101580135,8532,1173,7234,False,0.172540845544888,67,False,False,0.08911755776352864,1,True,CS_MAP
460494,48,fork,a photo of a fork,0.04589625439116748,all,,CS_POS3_CASR,0.13501381215469613,0.850227200255102,0.23790690599330697,0.13748241912798875,0.8826185101580135,8532,1173,7234,False,0.172540845544888,67,False,False,0.08911755776352864,1,True,CS_MAP
460494,57,carrot,a photo of a carrot,0.10182512110388021,all,,CS_POS3_SAM,0.8946648426812586,0.9953962053571429,0.9444043321299639,0.9459980713596914,0.9428159538683325,2074,1962,112,True,0.04397887995928667,67,True,False,0.7928397215773784,1,True,CS_MAP
460494,57,carrot,a photo of a carrot,0.10182512110388021,all,,CS_POS3_SMART,0.8946648426812586,0.9953962053571429,0.9444043321299639,0.9459980713596914,0.9428159538683325,2074,1962,112,True,0.04397887995928667,67,True,False,0.7928397215773784,1,True,CS_MAP
460494,57,carrot,a photo of a carrot,0.10182512110388021,all,,CS_POS3_CASR,0.8946648426812586,0.9953962053571429,0.9444043321299639,0.9459980713596914,0.9428159538683325,2074,1962,112,True,0.04397887995928667,67,True,False,0.7928397215773784,1,True,CS_MAP
67616,62,chair,a photo of a chair,0.043933833306739,all,,CS_POS3_SAM,0.19167803547066847,0.9763831313775511,0.32169433314253004,0.30510314875135724,0.34019370460048426,921,281,90,True,0.08481262327416174,2,True,False,0.14774420216392947,1,True,CS_MAP
67616,62,chair,a photo of a chair,0.043933833306739,all,,CS_POS3_SMART,0.19167803547066847,0.9763831313775511,0.32169433314253004,0.30510314875135724,0.34019370460048426,921,281,90,True,0.08481262327416174,2,True,False,0.14774420216392947,1,True,CS_MAP
67616,62,chair,a photo of a chair,0.043933833306739,all,,CS_POS3_CASR,0.19167803547066847,0.9763831313775511,0.32169433314253004,0.30510314875135724,0.34019370460048426,921,281,90,True,0.08481262327416174,2,True,False,0.14774420216392947,1,True,CS_MAP
67616,67,dining table,a photo of a dining table,0.03605679412131025,all,,CS_POS3_SAM,0.5907643312101911,0.9948780293367347,0.7427427427427428,0.8833333333333333,0.6407599309153713,420,371,26,True,0.05325443786982249,62,True,False,0.5547075370888809,1,True,CS_MAP
67616,67,dining table,a photo of a dining table,0.03605679412131025,all,,CS_POS3_SMART,0.5907643312101911,0.9948780293367347,0.7427427427427428,0.8833333333333333,0.6407599309153713,420,371,26,True,0.05325443786982249,62,True,False,0.5547075370888809,1,True,CS_MAP
67616,67,dining table,a photo of a dining table,0.03605679412131025,all,,CS_POS3_CASR,0.5907643312101911,0.9948780293367347,0.7427427427427428,0.8833333333333333,0.6407599309153713,420,371,26,True,0.05325443786982249,62,True,False,0.5547075370888809,1,True,CS_MAP
256868,1,person,a photo of a person,0.28395600135678634,all,,CS_POS3_SAM,0.6670558798999165,0.9602200255102041,0.8002801681008606,0.9883835887296095,0.6723268325487559,4046,3999,0,True,0.0,-1,True,False,0.3830998785431302,0,True,CS_MAP
256868,1,person,a photo of a person,0.28395600135678634,all,,CS_POS3_SMART,0.6670558798999165,0.9602200255102041,0.8002801681008606,0.9883835887296095,0.6723268325487559,4046,3999,0,True,0.0,-1,True,False,0.3830998785431302,0,True,CS_MAP
256868,1,person,a photo of a person,0.28395600135678634,all,,CS_POS3_CASR,0.6670558798999165,0.9602200255102041,0.8002801681008606,0.9883835887296095,0.6723268325487559,4046,3999,0,True,0.0,-1,True,False,0.3830998785431302,0,True,CS_MAP
256868,15,bench,a photo of a bench,0.08155281372253988,all,,CS_POS3_SAM,0.012887043764054662,0.7725406568877551,0.025446161728289642,0.014817024661893398,0.09003021148036254,10056,149,199,False,0.01342451874366768,1,False,False,-0.06866576995848521,0,True,CS_MAP
256868,15,bench,a photo of a bench,0.08155281372253988,all,,CS_POS3_SMART,0.012887043764054662,0.7725406568877551,0.025446161728289642,0.014817024661893398,0.09003021148036254,10056,149,199,False,0.01342451874366768,1,False,False,-0.06866576995848521,0,True,CS_MAP
256868,15,bench,a photo of a bench,0.08155281372253988,all,,CS_POS3_CASR,0.08155281372253988,0.6350446428571429,0.15080690038953812,0.0816716058064192,0.9824773413897281,19909,1626,1381,True,0.05071315372424723,1,True,False,0.0,0,False,CS_MAP
101420,63,couch,a photo of a couch,0.8405252670434129,all,,CS_POS3_SAM,0.6355960938559609,0.7858139349489796,0.7772042208263367,0.9961207354660432,0.6371732553791767,18818,18745,6,True,0.001010611419909045,17,True,False,-0.20492917318745196,2,True,CS_MAP
101420,63,couch,a photo of a couch,0.8405252670434129,all,,CS_POS3_SMART,0.8884489986027014,0.9331752232142857,0.9409298310519176,0.9766310708016384,0.907746694313199,27344,26705,11,True,0.001155802126675913,17,True,False,0.04792373155928853,0,True,CS_MAP
101420,63,couch,a photo of a couch,0.8405252670434129,all,,CS_POS3_CASR,0.8884489986027014,0.9331752232142857,0.9409298310519176,0.9766310708016384,0.907746694313199,27344,26705,11,True,0.001155802126675913,17,True,False,0.04792373155928853,0,True,CS_MAP
101420,17,cat,a photo of a cat,0.3084664868229923,all,,CS_POS3_SAM,0.9032258064516129,0.9940808354591837,0.9491525423728814,0.9665271966527197,0.9323915237134208,2868,2772,3,True,0.0013335814415084976,63,True,False,0.5947593196286205,1,True,CS_MAP
101420,17,cat,a photo of a cat,0.3084664868229923,all,,CS_POS3_SMART,0.9032258064516129,0.9940808354591837,0.9491525423728814,0.9665271966527197,0.9323915237134208,2868,2772,3,True,0.0013335814415084976,63,True,False,0.5947593196286205,1,True,CS_MAP
101420,17,cat,a photo of a cat,0.3084664868229923,all,,CS_POS3_CASR,0.9032258064516129,0.9940808354591837,0.9491525423728814,0.9665271966527197,0.9323915237134208,2868,2772,3,True,0.0013335814415084976,63,True,False,0.5947593196286205,1,True,CS_MAP
465675,8,truck,a photo of a truck,0.26857768851561076,all,,CS_POS3_SAM,0.9285234899328859,0.9957549426020408,0.9629371846180615,0.9864527629233512,0.9405166553365057,2805,2767,0,True,0.0,-1,True,False,0.6599458014172752,1,True,CS_MAP
465675,8,truck,a photo of a truck,0.26857768851561076,all,,CS_POS3_SMART,0.4291038981208262,0.9267378826530612,0.6005216257335362,0.44137380191693293,0.9391570360299116,6260,2763,3413,False,0.5080237741456166,9,False,True,0.16052620960521546,0,True,CS_MAP
465675,8,truck,a photo of a truck,0.26857768851561076,all,,CS_POS3_CASR,0.4291038981208262,0.9267378826530612,0.6005216257335362,0.44137380191693293,0.9391570360299116,6260,2763,3413,False,0.5080237741456166,9,False,True,0.16052620960521546,0,True,CS_MAP
465675,9,boat,a photo of a boat,0.25825685000334964,all,,CS_POS3_SAM,0.8263503281171126,0.9862882653061225,0.9049198452183527,0.9781894233642068,0.8418616610953973,3347,3274,5,True,0.001114294810569882,8,True,False,0.568093478113763,1,True,CS_MAP
465675,9,boat,a photo of a boat,0.25825685000334964,all,,CS_POS3_SMART,0.8263503281171126,0.9862882653061225,0.9049198452183527,0.9781894233642068,0.8418616610953973,3347,3274,5,True,0.001114294810569882,8,True,False,0.568093478113763,1,True,CS_MAP
465675,9,boat,a photo of a boat,0.25825685000334964,all,,CS_POS3_CASR,0.8263503281171126,0.9862882653061225,0.9049198452183527,0.9781894233642068,0.8418616610953973,3347,3274,5,True,0.001114294810569882,8,True,False,0.568093478113763,1,True,CS_MAP
139872,18,dog,a photo of a dog,0.7136531900994411,all,,CS_POS3_SAM,0.9095076739087103,0.9819036989795918,0.9526096033402923,0.9800257731958762,0.9266856214459789,9312,9126,0,True,0.0,-1,True,False,0.1958544838092693,1,True,CS_MAP
139872,18,dog,a photo of a dog,0.7136531900994411,all,,CS_POS3_SMART,0.9095076739087103,0.9819036989795918,0.9526096033402923,0.9800257731958762,0.9266856214459789,9312,9126,0,True,0.0,-1,True,False,0.1958544838092693,1,True,CS_MAP
139872,18,dog,a photo of a dog,0.7136531900994411,all,,CS_POS3_CASR,0.9095076739087103,0.9819036989795918,0.9526096033402923,0.9800257731958762,0.9266856214459789,9312,9126,0,True,0.0,-1,True,False,0.1958544838092693,1,True,CS_MAP
139872,34,frisbee,a photo of a frisbee,0.16320036367769064,all,,CS_POS3_SAM,0.973847662634848,0.998405612244898,0.9867505796621397,0.9989939637826962,0.974803664921466,2982,2979,0,True,0.0,-1,True,False,0.8106472989571574,1,True,CS_MAP
139872,34,frisbee,a photo of a frisbee,0.16320036367769064,all,,CS_POS3_SMART,0.973847662634848,0.998405612244898,0.9867505796621397,0.9989939637826962,0.974803664921466,2982,2979,0,True,0.0,-1,True,False,0.8106472989571574,1,True,CS_MAP
139872,34,frisbee,a photo of a frisbee,0.16320036367769064,all,,CS_POS3_CASR,0.973847662634848,0.998405612244898,0.9867505796621397,0.9989939637826962,0.974803664921466,2982,2979,0,True,0.0,-1,True,False,0.8106472989571574,1,True,CS_MAP
546823,19,horse,a photo of a horse,0.0971883425343433,all,,CS_POS3_SAM,0.7711962833914053,0.9921476403061225,0.8708196721311475,0.8708196721311475,0.8708196721311475,1525,1328,0,True,0.0,-1,True,False,0.6740079408570621,0,True,CS_MAP
546823,19,horse,a photo of a horse,0.0971883425343433,all,,CS_POS3_SMART,0.7711962833914053,0.9921476403061225,0.8708196721311475,0.8708196721311475,0.8708196721311475,1525,1328,0,True,0.0,-1,True,False,0.6740079408570621,0,True,CS_MAP
546823,19,horse,a photo of a horse,0.0971883425343433,all,,CS_POS3_CASR,0.7711962833914053,0.9921476403061225,0.8708196721311475,0.8708196721311475,0.8708196721311475,1525,1328,0,True,0.0,-1,True,False,0.6740079408570621,0,True,CS_MAP
546823,1,person,a photo of a person,0.11536638952311205,all,,CS_POS3_SAM,0.0773067331670823,0.9483816964285714,0.14351851851851852,0.6497005988023952,0.08066914498141264,334,217,7,True,0.018666666666666668,31,True,False,-0.03805965635602976,1,True,CS_MAP
546823,1,person,a photo of a person,0.11536638952311205,all,,CS_POS3_SMART,0.0773067331670823,0.9483816964285714,0.14351851851851852,0.6497005988023952,0.08066914498141264,334,217,7,True,0.018666666666666668,31,True,False,-0.03805965635602976,1,True,CS_MAP
546823,1,person,a photo of a person,0.11536638952311205,all,,CS_POS3_CASR,0.0773067331670823,0.9483816964285714,0.14351851851851852,0.6497005988023952,0.08066914498141264,334,217,7,True,0.018666666666666668,31,True,False,-0.03805965635602976,1,True,CS_MAP
190637,65,bed,a photo of a bed,0.5892434564359985,all,,CS_POS3_SAM,0.24302242693425455,0.7248684630102041,0.3910185716176276,0.9676855895196507,0.2450107800320637,4580,4432,0,True,0.0,-1,True,False,-0.34622102950174394,2,True,CS_MAP
190637,65,bed,a photo of a bed,0.5892434564359985,all,,CS_POS3_SMART,0.3810493690502546,0.7214006696428571,0.5518258471995127,0.6568462830102274,0.4757587484106363,13102,8606,348,True,0.021845767738991557,1,True,False,-0.2081940873857439,0,True,CS_MAP
190637,65,bed,a photo of a bed,0.5892434564359985,all,,CS_POS3_CASR,0.5892434564359985,0.7716836734693877,0.7415395722407725,0.6264150943396226,0.9085079329979545,26235,16434,14,True,0.0006445790898543251,1,True,False,0.0,0,False,CS_MAP
190637,75,remote,a photo of a remote,0.03251825437255901,all,,CS_POS3_SAM,0.0,0.7169961734693877,0.0,0.0,0.0,13248,0,12511,False,0.6400795519966505,65,False,True,-0.03251825437255901,1,True,CS_MAP
190637,75,remote,a photo of a remote,0.03251825437255901,all,,CS_POS3_SMART,0.0,0.7169961734693877,0.0,0.0,0.0,13248,0,12511,False,0.6400795519966505,65,False,True,-0.03251825437255901,1,True,CS_MAP
190637,75,remote,a photo of a remote,0.03251825437255901,all,,CS_POS3_CASR,0.0,0.7169961734693877,0.0,0.0,0.0,13248,0,12511,False,0.6400795519966505,65,False,True,-0.03251825437255901,1,True,CS_MAP
550691,3,car,a photo of a car,0.0419838056680162,all,,CS_POS3_SAM,0.09704376893345869,0.8277264030612245,0.17691868215577986,0.09815108293713681,0.8958534233365477,9465,929,3193,False,0.12955367913148372,6,False,False,0.05505996326544249,0,True,CS_MAP
550691,3,car,a photo of a car,0.0419838056680162,all,,CS_POS3_SMART,0.09704376893345869,0.8277264030612245,0.17691868215577986,0.09815108293713681,0.8958534233365477,9465,929,3193,False,0.12955367913148372,6,False,False,0.05505996326544249,0,True,CS_MAP
550691,3,car,a photo of a car,0.0419838056680162,all,,CS_POS3_CASR,0.09704376893345869,0.8277264030612245,0.17691868215577986,0.09815108293713681,0.8958534233365477,9465,929,3193,False,0.12955367913148372,6,False,False,0.05505996326544249,0,True,CS_MAP
550691,6,bus,a photo of a bus,0.6258899405310328,all,,CS_POS3_SAM,0.06519019442096365,0.44899952168367346,0.12240104117068215,0.14973594283939112,0.10350566382133462,12876,1928,8,True,0.0005753326141675657,3,True,False,-0.5606997461100691,0,True,CS_MAP
550691,6,bus,a photo of a bus,0.6258899405310328,all,,CS_POS3_SMART,0.06519019442096365,0.44899952168367346,0.12240104117068215,0.14973594283939112,0.10350566382133462,12876,1928,8,True,0.0005753326141675657,3,True,False,-0.5606997461100691,0,True,CS_MAP
550691,6,bus,a photo of a bus,0.6258899405310328,all,,CS_POS3_CASR,0.6258899405310328,0.8219666772959183,0.7699044380908224,0.7399980194097842,0.8023299511461857,20196,14945,859,True,0.04513683796022839,3,True,False,0.0,0,False,CS_MAP
273711,55,orange,a photo of a orange,0.034927157265595817,all,,CS_POS3_SAM,0.4208754208754209,0.9862882653061225,0.5924170616113744,0.44483985765124556,0.8865248226950354,1124,500,624,False,0.10664993726474278,53,True,False,0.3859482636098251,1,True,CS_MAP
273711,55,orange,a photo of a orange,0.034927157265595817,all,,CS_POS3_SMART,0.4208754208754209,0.9862882653061225,0.5924170616113744,0.44483985765124556,0.8865248226950354,1124,500,624,False,0.10664993726474278,53,True,False,0.3859482636098251,1,True,CS_MAP
273711,55,orange,a photo of a orange,0.034927157265595817,all,,CS_POS3_CASR,0.4208754208754209,0.9862882653061225,0.5924170616113744,0.44483985765124556,0.8865248226950354,1124,500,624,False,0.10664993726474278,53,True,False,0.3859482636098251,1,True,CS_MAP
273711,47,cup,a photo of a cup,0.030819908848878662,all,,CS_POS3_SAM,0.0,0.8837890625,0.0,0.0,0.0,5001,0,4505,False,0.12254008002395275,67,False,False,-0.030819908848878662,0,True,CS_MAP
273711,47,cup,a photo of a cup,0.030819908848878662,all,,CS_POS3_SMART,0.0,0.9294084821428571,0.0,0.0,0.0,2712,0,2436,False,0.06671048307591193,67,False,False,-0.030819908848878662,1,True,CS_MAP
273711,47,cup,a photo of a cup,0.030819908848878662,all,,CS_POS3_CASR,0.030819908848878662,0.5719467474489796,0.05979688320784451,0.0310257109112383,0.8228915662650602,22014,683,18009,False,0.4441827602449364,67,False,False,0.0,1,False,CS_MAP
570756,1,person,a photo of a person,0.0623301964798992,all,,CS_POS3_SAM,0.1935007385524372,0.9673549107142857,0.32425742574257427,0.8273684210526315,0.2016418676244228,475,393,41,True,0.020256916996047432,38,True,False,0.131170542072538,0,True,CS_MAP
570756,1,person,a photo of a person,0.0623301964798992,all,,CS_POS3_SMART,0.14416243654822336,0.9663982780612245,0.25199645075421473,0.9311475409836065,0.1457157516675218,305,284,3,True,0.0015856236786469344,38,True,False,0.08183224006832415,1,True,CS_MAP
570756,1,person,a photo of a person,0.0623301964798992,all,,CS_POS3_CASR,0.14416243654822336,0.9663982780612245,0.25199645075421473,0.9311475409836065,0.1457157516675218,305,284,3,True,0.0015856236786469344,38,True,False,0.08183224006832415,1,True,CS_MAP
570756,38,kite,a photo of a kite,0.0912031421475192,all,,CS_POS3_SAM,0.02687335218068041,0.38944913903061223,0.05234014910137037,0.027523831213195824,0.5320754716981132,30737,846,0,True,0.0,-1,True,False,-0.0643297899668388,1,True,CS_MAP
570756,38,kite,a photo of a kite,0.0912031421475192,all,,CS_POS3_SMART,0.02687335218068041,0.38944913903061223,0.05234014910137037,0.027523831213195824,0.5320754716981132,30737,846,0,True,0.0,-1,True,False,-0.0643297899668388,1,True,CS_MAP
570756,38,kite,a photo of a kite,0.0912031421475192,all,,CS_POS3_CASR,0.0912031421475192,0.6864237882653061,0.16716070294304466,0.09126112588140099,0.9930817610062893,17302,1579,649,True,0.039583108327033156,1,True,False,0.0,1,False,CS_MAP
25394,46,wine glass,a photo of a wine glass,0.0578523140925637,all,,CS_POS3_SAM,0.8690807799442897,0.9962531887755102,0.9299552906110283,0.9251297257227576,0.9348314606741573,1349,1248,5,True,0.0036874855957593914,47,True,False,0.8112284658517259,1,True,CS_MAP
25394,46,wine glass,a photo of a wine glass,0.0578523140925637,all,,CS_POS3_SMART,0.8690807799442897,0.9962531887755102,0.9299552906110283,0.9251297257227576,0.9348314606741573,1349,1248,5,True,0.0036874855957593914,47,True,False,0.8112284658517259,1,True,CS_MAP
25394,46,wine glass,a photo of a wine glass,0.0578523140925637,all,,CS_POS3_CASR,0.8690807799442897,0.9962531887755102,0.9299552906110283,0.9251297257227576,0.9348314606741573,1349,1248,5,True,0.0036874855957593914,47,True,False,0.8112284658517259,1,True,CS_MAP
25394,44,bottle,a photo of a bottle,0.14832804785034723,all,,CS_POS3_SAM,0.12617142857142857,0.8476163903061225,0.22407144306880455,0.19689673622257892,0.25994819872851427,5607,1104,35,True,0.01008974048023284,1,True,False,-0.022156619278918654,1,True,CS_MAP
25394,44,bottle,a photo of a bottle,0.14832804785034723,all,,CS_POS3_SMART,0.13160433573576982,0.6950334821428571,0.23259779338014042,0.14777289237239533,0.5460324935248411,15693,2319,197,True,0.009801038910124474,1,True,False,-0.016723712114577405,0,True,CS_MAP
25394,44,bottle,a photo of a bottle,0.14832804785034723,all,,CS_POS3_CASR,0.14832804785034723,0.5771683673469388,0.2583374117318045,0.1516893140112484,0.8700259006357429,24359,3695,5732,False,0.12326574172892209,47,True,False,0.0,0,False,CS_MAP
358195,1,person,a photo of a person,0.39492604765817585,all,,CS_POS3_SAM,0.2393199337223543,0.7895607461734694,0.3862117072603616,0.39313609467455624,0.37952701930766597,8450,3322,1,True,0.000871554635581218,41,True,False,-0.15560611393582155,1,True,CS_MAP
358195,1,person,a photo of a person,0.39492604765817585,all,,CS_POS3_SMART,0.759395656279509,0.94921875,0.8632460283383426,0.814050005061241,0.9187707071861076,9879,8042,8,True,0.0021712451618993676,41,True,False,0.36446960862133315,0,True,CS_MAP
358195,1,person,a photo of a person,0.39492604765817585,all,,CS_POS3_CASR,0.759395656279509,0.94921875,0.8632460283383426,0.814050005061241,0.9187707071861076,9879,8042,8,True,0.0021712451618993676,41,True,False,0.36446960862133315,0,True,CS_MAP
358195,41,skateboard,a photo of a skateboard,0.04602510460251046,all,,CS_POS3_SAM,0.00031727326292888545,0.5604272959183674,0.0006343452650657,0.0003281301270332349,0.009497964721845319,21333,7,370,False,0.012451204738188181,1,False,False,-0.045707831339581576,1,True,CS_MAP
358195,41,skateboard,a photo of a skateboard,0.04602510460251046,all,,CS_POS3_SMART,0.0006676458806249165,0.5525350765306123,0.0013344008540165466,0.0006898137502874224,0.0203527815468114,21745,15,385,False,0.012785175837678079,1,False,False,-0.04535745872188555,0,True,CS_MAP
358195,41,skateboard,a photo of a skateboard,0.04602510460251046,all,,CS_POS3_CASR,0.04602510460251046,0.6955516581632653,0.088,0.04602510460251046,1.0,16013,737,1185,False,0.05598430904361915,1,False,False,0.0,0,False,CS_MAP
438907,41,skateboard,a photo of a skateboard,0.06582419813235892,all,,CS_POS3_SAM,0.7448830409356725,0.9930444834183674,0.8537913699204022,0.9348623853211009,0.7856592135697764,1090,1019,36,True,0.011201165649758675,1,True,False,0.6790588428033135,2,True,CS_MAP
438907,41,skateboard,a photo of a skateboard,0.06582419813235892,all,,CS_POS3_SMART,0.8157706093189964,0.9948780293367347,0.8985392814844059,0.9207119741100324,0.8774094063222821,1236,1138,17,True,0.008425959125134457,1,True,False,0.7499464111866374,1,True,CS_MAP
438907,41,skateboard,a photo of a skateboard,0.06582419813235892,all,,CS_POS3_CASR,0.8157706093189964,0.9948780293367347,0.8985392814844059,0.9207119741100324,0.8774094063222821,1236,1138,17,True,0.008425959125134457,1,True,False,0.7499464111866374,1,True,CS_MAP
438907,1,person,a photo of a person,0.44364433312460866,all,,CS_POS3_SAM,0.5787217070495563,0.9157963966836735,0.7331522768900398,0.9974222374978519,0.5795885759936089,5819,5804,0,True,0.0005624296962879641,41,True,False,0.13507737392494762,0,True,CS_MAP
438907,1,person,a photo of a person,0.44364433312460866,all,,CS_POS3_SMART,0.5787217070495563,0.9157963966836735,0.7331522768900398,0.9974222374978519,0.5795885759936089,5819,5804,0,True,0.0005624296962879641,41,True,False,0.13507737392494762,0,True,CS_MAP
438907,1,person,a photo of a person,0.44364433312460866,all,,CS_POS3_CASR,0.5787217070495563,0.9157963966836735,0.7331522768900398,0.9974222374978519,0.5795885759936089,5819,5804,0,True,0.0005624296962879641,41,True,False,0.13507737392494762,0,True,CS_MAP
267300,65,bed,a photo of a bed,0.2500257228109888,all,,CS_POS3_SAM,0.8430786474873903,0.9832589285714286,0.9148591121021691,0.9620549989341292,0.8720772946859904,4691,4513,159,True,0.009647568418980115,18,True,False,0.5930529246764015,1,True,CS_MAP
267300,65,bed,a photo of a bed,0.2500257228109888,all,,CS_POS3_SMART,0.8430786474873903,0.9832589285714286,0.9148591121021691,0.9620549989341292,0.8720772946859904,4691,4513,159,True,0.009647568418980115,18,True,False,0.5930529246764015,1,True,CS_MAP
267300,65,bed,a photo of a bed,0.2500257228109888,all,,CS_POS3_CASR,0.8430786474873903,0.9832589285714286,0.9148591121021691,0.9620549989341292,0.8720772946859904,4691,4513,159,True,0.009647568418980115,18,True,False,0.5930529246764015,1,True,CS_MAP
267300,64,potted plant,a photo of a potted plant,0.23601232811759126,all,,CS_POS3_SAM,0.3910488245931284,0.9463089923469388,0.5622359441013974,0.9982688978649741,0.3913141823116942,1733,1730,3,True,0.005238649592549476,65,True,False,0.15503649647553713,2,True,CS_MAP
267300,64,potted plant,a photo of a potted plant,0.23601232811759126,all,,CS_POS3_SMART,0.780996040841842,0.9790537308673469,0.877032877032877,0.9083858458555502,0.847771997285682,4126,3748,2,True,0.0034523681087495956,65,True,False,0.5449837127242507,0,True,CS_MAP
267300,64,potted plant,a photo of a potted plant,0.23601232811759126,all,,CS_POS3_CASR,0.780996040841842,0.9790537308673469,0.877032877032877,0.9083858458555502,0.847771997285682,4126,3748,2,True,0.0034523681087495956,65,True,False,0.5449837127242507,0,True,CS_MAP
366611,37,sports ball,a photo of a sports ball,0.027148999680181942,all,,CS_POS3_SAM,0.0,0.9239477040816326,0.0,0.0,0.0,3052,0,0,False,0.0,-1,False,False,-0.027148999680181942,2,True,CS_MAP
366611,37,sports ball,a photo of a sports ball,0.027148999680181942,all,,CS_POS3_SMART,0.1174655908875178,0.9258808992346939,0.21023571883627096,0.12547528517110265,0.6479057591623036,3945,495,295,True,0.04973474801061008,18,True,False,0.09031659120733586,0,True,CS_MAP
366611,37,sports ball,a photo of a sports ball,0.027148999680181942,all,,CS_POS3_CASR,0.027148999680181942,0.45438058035714285,0.052862826500605434,0.027148999680181942,1.0,28141,764,2058,False,0.07311586051743532,18,False,False,0.0,0,False,CS_MAP
366611,18,dog,a photo of a dog,0.2971023824855119,all,,CS_POS3_SAM,0.8633768352365416,0.9933235012755102,0.9266797986430291,0.9702108157653528,0.886887306242145,2182,2117,23,True,0.00786862812179268,37,True,False,0.5662744527510297,1,True,CS_MAP
366611,18,dog,a photo of a dog,0.2971023824855119,all,,CS_POS3_SMART,0.8633768352365416,0.9933235012755102,0.9266797986430291,0.9702108157653528,0.886887306242145,2182,2117,23,True,0.00786862812179268,37,True,False,0.5662744527510297,1,True,CS_MAP
366611,18,dog,a photo of a dog,0.2971023824855119,all,,CS_POS3_CASR,0.8633768352365416,0.9933235012755102,0.9266797986430291,0.9702108157653528,0.886887306242145,2182,2117,23,True,0.00786862812179268,37,True,False,0.5662744527510297,1,True,CS_MAP
109976,78,microwave,a photo of a microwave,0.17897643593519882,all,,CS_POS3_SAM,0.28708426851662927,0.9303651147959183,0.4461001902346227,0.988756148981026,0.28802456499488227,1423,1407,0,True,0.0,-1,True,False,0.10810783258143045,2,True,CS_MAP
109976,78,microwave,a photo of a microwave,0.17897643593519882,all,,CS_POS3_SMART,0.7412356547712624,0.9671954719387755,0.8513903936439148,0.7615894039735099,0.9651995905834186,6191,4715,0,True,0.0,-1,True,False,0.5622592188360636,0,True,CS_MAP
109976,78,microwave,a photo of a microwave,0.17897643593519882,all,,CS_POS3_CASR,0.17897643593519882,0.5555843431122449,0.3036132538021923,0.1791347287735849,0.9950870010235414,27136,4861,7021,False,0.24771722071622201,79,False,False,0.0,0,False,CS_MAP
109976,79,oven,a photo of a oven,0.2441797509474824,all,,CS_POS3_SAM,0.005876482980374765,0.8213089923469388,0.011684303350970017,0.04319478402607987,0.0067558954748247295,1227,53,1068,False,0.21173671689135606,78,False,False,-0.23830326796710763,2,True,CS_MAP
109976,79,oven,a photo of a oven,0.2441797509474824,all,,CS_POS3_SMART,0.021897130078270592,0.7907963966836735,0.04285584024801678,0.07527226137091608,0.02995538559592097,3122,235,1096,False,0.1585877586456374,78,False,False,-0.2222826208692118,1,True,CS_MAP
109976,79,oven,a photo of a oven,0.2441797509474824,all,,CS_POS3_CASR,0.2441797509474824,0.5826690051020408,0.39251523063533506,0.2540845070422535,0.8623326959847036,26625,6765,4792,True,0.17917820522415986,78,True,False,0.0,1,False,CS_MAP
378873,1,person,a photo of a person,0.19401135776974704,all,,CS_POS3_SAM,0.6173765730880929,0.9684909119897959,0.7634295974861589,0.9630049075122687,0.6323748140803173,2649,2551,3,True,0.003352329869259135,31,True,False,0.42336521531834587,0,True,CS_MAP
378873,1,person,a photo of a person,0.19401135776974704,all,,CS_POS3_SMART,0.6173765730880929,0.9684909119897959,0.7634295974861589,0.9630049075122687,0.6323748140803173,2649,2551,3,True,0.003352329869259135,31,True,False,0.42336521531834587,0,True,CS_MAP
378873,1,person,a photo of a person,0.19401135776974704,all,,CS_POS3_CASR,0.6173765730880929,0.9684909119897959,0.7634295974861589,0.9630049075122687,0.6323748140803173,2649,2551,3,True,0.003352329869259135,31,True,False,0.42336521531834587,0,True,CS_MAP
378873,57,carrot,a photo of a carrot,0.02083496208271441,all,,CS_POS3_SAM,0.14505644885391722,0.9501953125,0.2533612190020914,0.15229885057471265,0.7531083481349912,2784,424,0,True,0.0,-1,True,False,0.12422148677120282,0,True,CS_MAP
378873,57,carrot,a photo of a carrot,0.02083496208271441,all,,CS_POS3_SMART,0.14505644885391722,0.9501953125,0.2533612190020914,0.15229885057471265,0.7531083481349912,2784,424,0,True,0.0,-1,True,False,0.12422148677120282,0,True,CS_MAP
378873,57,carrot,a photo of a carrot,0.02083496208271441,all,,CS_POS3_CASR,0.02083496208271441,0.5007772640306123,0.04081945242197971,0.02085942391984972,0.9467140319715808,25552,533,310,True,0.010588878262057658,1,True,False,0.0,0,False,CS_MAP
362520,1,person,a photo of a person,0.6813627254509018,all,,CS_POS3_SAM,0.16966909036949102,0.44240274234693877,0.29011468588247236,0.223871245643576,0.41203603603603606,25537,5717,152,True,0.0040339702760084925,41,True,False,-0.5116936350814107,0,True,CS_MAP
362520,1,person,a photo of a person,0.6813627254509018,all,,CS_POS3_SMART,0.6680966680966681,0.9074856505102041,0.8010287183883412,0.9882601797990481,0.6734414414414415,9455,9344,0,True,0.0,-1,True,False,-0.013266057354233696,1,True,CS_MAP
362520,1,person,a photo of a person,0.6813627254509018,all,,CS_POS3_CASR,0.6680966680966681,0.9074856505102041,0.8010287183883412,0.9882601797990481,0.6734414414414415,9455,9344,0,True,0.0,-1,True,False,-0.013266057354233696,1,True,CS_MAP
362520,41,skateboard,a photo of a skateboard,0.41735717400785,all,,CS_POS3_SAM,0.20748271655144368,0.8058035714285714,0.3436615923481072,1.0,0.20748271655144368,2551,2551,0,True,0.0016464418562107445,1,True,False,-0.20987445745640632,1,True,CS_MAP
362520,41,skateboard,a photo of a skateboard,0.41735717400785,all,,CS_POS3_SMART,0.8119899560577527,0.9522480867346939,0.8962411224666551,0.958414374363249,0.8416429442862953,10797,10348,387,True,0.020685090186993216,1,True,False,0.3946327820499027,0,True,CS_MAP
362520,41,skateboard,a photo of a skateboard,0.41735717400785,all,,CS_POS3_CASR,0.8119899560577527,0.9522480867346939,0.8962411224666551,0.958414374363249,0.8416429442862953,10797,10348,387,True,0.020685090186993216,1,True,False,0.3946327820499027,0,True,CS_MAP
227044,81,sink,a photo of a sink,0.36956076793974374,all,,CS_POS3_SAM,0.8540066853374289,0.9677933673469388,0.9212552382808693,0.902865329512894,0.9404098686828491,10470,9453,31,True,0.0037812901762081224,17,True,False,0.4844459173976851,1,True,CS_MAP
227044,81,sink,a photo of a sink,0.36956076793974374,all,,CS_POS3_SMART,0.8540066853374289,0.9677933673469388,0.9212552382808693,0.902865329512894,0.9404098686828491,10470,9453,31,True,0.0037812901762081224,17,True,False,0.4844459173976851,1,True,CS_MAP
227044,81,sink,a photo of a sink,0.36956076793974374,all,,CS_POS3_CASR,0.8540066853374289,0.9677933673469388,0.9212552382808693,0.902865329512894,0.9404098686828491,10470,9453,31,True,0.0037812901762081224,17,True,False,0.4844459173976851,1,True,CS_MAP
227044,17,cat,a photo of a cat,0.7508723292385642,all,,CS_POS3_SAM,0.021946030679655133,0.47773836096938777,0.04294949052262518,0.05201238390092879,0.03657626275192834,11305,588,29,True,0.0021996615905245345,44,True,False,-0.728926298558909,2,True,CS_MAP
227044,17,cat,a photo of a cat,0.7508723292385642,all,,CS_POS3_SMART,0.021946030679655133,0.47773836096938777,0.04294949052262518,0.05201238390092879,0.03657626275192834,11305,588,29,True,0.0021996615905245345,44,True,False,-0.728926298558909,2,True,CS_MAP
227044,17,cat,a photo of a cat,0.7508723292385642,all,,CS_POS3_CASR,0.7508723292385642,0.896125637755102,0.8577122577122577,0.7642794589860854,0.9771709380442897,20554,15709,1010,True,0.04119748256506209,81,True,False,0.0,2,False,CS_MAP
125572,1,person,a photo of a person,0.11973261681630513,all,,CS_POS3_SAM,0.23297665369649806,0.9685706313775511,0.3779092702169625,0.6813655761024182,0.2614628820960699,703,479,95,True,0.1296551724137931,31,True,False,0.11324403688019292,0,True,CS_MAP
125572,1,person,a photo of a person,0.11973261681630513,all,,CS_POS3_SMART,0.23297665369649806,0.9685706313775511,0.3779092702169625,0.6813655761024182,0.2614628820960699,703,479,95,True,0.1296551724137931,31,True,False,0.11324403688019292,0,True,CS_MAP
125572,1,person,a photo of a person,0.11973261681630513,all,,CS_POS3_CASR,0.23297665369649806,0.9685706313775511,0.3779092702169625,0.6813655761024182,0.2614628820960699,703,479,95,True,0.1296551724137931,31,True,False,0.11324403688019292,0,True,CS_MAP
125572,2,bicycle,a photo of a bicycle,0.0812043795620438,all,,CS_POS3_SAM,0.5484084880636605,0.9864277742346939,0.7083511777301927,0.572318339100346,0.9292134831460674,1445,827,455,True,0.17119370979270906,1,True,False,0.4672041085016167,0,True,CS_MAP
125572,2,bicycle,a photo of a bicycle,0.0812043795620438,all,,CS_POS3_SMART,0.5484084880636605,0.9864277742346939,0.7083511777301927,0.572318339100346,0.9292134831460674,1445,827,455,True,0.17119370979270906,1,True,False,0.4672041085016167,0,True,CS_MAP
125572,2,bicycle,a photo of a bicycle,0.0812043795620438,all,,CS_POS3_CASR,0.5484084880636605,0.9864277742346939,0.7083511777301927,0.572318339100346,0.9292134831460674,1445,827,455,True,0.17119370979270906,1,True,False,0.4672041085016167,0,True,CS_MAP
277584,17,cat,a photo of a cat,0.20910455227613806,all,,CS_POS3_SAM,0.847912885662432,0.9916493941326531,0.9176978982518169,0.9676884838442419,0.8726186029137094,2414,2336,78,True,0.09934565208444791,15,True,False,0.638808333386294,1,True,CS_MAP
277584,17,cat,a photo of a cat,0.20910455227613806,all,,CS_POS3_SMART,0.847912885662432,0.9916493941326531,0.9176978982518169,0.9676884838442419,0.8726186029137094,2414,2336,78,True,0.09934565208444791,15,True,False,0.638808333386294,1,True,CS_MAP
277584,17,cat,a photo of a cat,0.20910455227613806,all,,CS_POS3_CASR,0.847912885662432,0.9916493941326531,0.9176978982518169,0.9676884838442419,0.8726186029137094,2414,2336,78,True,0.09934565208444791,15,True,False,0.638808333386294,1,True,CS_MAP
277584,15,bench,a photo of a bench,0.6277013752455796,all,,CS_POS3_SAM,0.7169076010925322,0.8306162308673469,0.8351149481035988,0.789950818468766,0.8857566154985802,27246,21523,7,True,0.014270218968205545,17,True,False,0.08920622584695259,0,True,CS_MAP
277584,15,bench,a photo of a bench,0.6277013752455796,all,,CS_POS3_SMART,0.7169076010925322,0.8306162308673469,0.8351149481035988,0.789950818468766,0.8857566154985802,27246,21523,7,True,0.014270218968205545,17,True,False,0.08920622584695259,0,True,CS_MAP
277584,15,bench,a photo of a bench,0.6277013752455796,all,,CS_POS3_CASR,0.7169076010925322,0.8306162308673469,0.8351149481035988,0.789950818468766,0.8857566154985802,27246,21523,7,True,0.014270218968205545,17,True,False,0.08920622584695259,0,True,CS_MAP
440171,22,elephant,a photo of a elephant,0.8128417122282972,all,,CS_POS3_SAM,0.8885687177144463,0.9368024553571429,0.9409969670468712,0.9957078164993108,0.8919853252434035,25395,25286,1,True,3.628710356339357e-05,1,True,False,0.07572700548614919,1,True,CS_MAP
440171,22,elephant,a photo of a elephant,0.8128417122282972,all,,CS_POS3_SMART,0.8885687177144463,0.9368024553571429,0.9409969670468712,0.9957078164993108,0.8919853252434035,25395,25286,1,True,3.628710356339357e-05,1,True,False,0.07572700548614919,1,True,CS_MAP
440171,22,elephant,a photo of a elephant,0.8128417122282972,all,,CS_POS3_CASR,0.8885687177144463,0.9368024553571429,0.9409969670468712,0.9957078164993108,0.8919853252434035,25395,25286,1,True,3.628710356339357e-05,1,True,False,0.07572700548614919,1,True,CS_MAP
440171,1,person,a photo of a person,0.12559467174119887,all,,CS_POS3_SAM,0.6518729641693811,0.9829599808673469,0.7892531427162929,0.8457474907554147,0.7398336414048059,1893,1601,190,True,0.00649004859215869,22,True,False,0.5262782924281822,0,True,CS_MAP
440171,1,person,a photo of a person,0.12559467174119887,all,,CS_POS3_SMART,0.6518729641693811,0.9829599808673469,0.7892531427162929,0.8457474907554147,0.7398336414048059,1893,1601,190,True,0.00649004859215869,22,True,False,0.5262782924281822,0,True,CS_MAP
440171,1,person,a photo of a person,0.12559467174119887,all,,CS_POS3_CASR,0.6518729641693811,0.9829599808673469,0.7892531427162929,0.8457474907554147,0.7398336414048059,1893,1601,190,True,0.00649004859215869,22,True,False,0.5262782924281822,0,True,CS_MAP
450399,51,bowl,a photo of a bowl,0.05204226462703044,all,,CS_POS3_SAM,0.02364118426866991,0.9119300063775511,0.04619037340815886,0.0334375,0.07466852756454989,3200,107,67,True,0.00857798719342757,60,True,False,-0.02840108035836053,2,True,CS_MAP
450399,51,bowl,a photo of a bowl,0.05204226462703044,all,,CS_POS3_SMART,0.019070996978851965,0.8964644451530612,0.037428200852325365,0.02547931382441978,0.07048150732728542,3964,101,111,False,0.012669482107134918,60,True,False,-0.032971267648178475,1,True,CS_MAP
450399,51,bowl,a photo of a bowl,0.05204226462703044,all,,CS_POS3_CASR,0.019070996978851965,0.8964644451530612,0.037428200852325365,0.02547931382441978,0.07048150732728542,3964,101,111,False,0.012669482107134918,60,True,False,-0.032971267648178475,1,True,CS_MAP
450399,60,donut,a photo of a donut,0.23290470494417864,all,,CS_POS3_SAM,0.44621897248412545,0.9426419005102041,0.6170835550824907,0.9793074324324325,0.45046620046620045,2368,2319,0,True,0.0,-1,True,False,0.2133142675399468,1,True,CS_MAP
450399,60,donut,a photo of a donut,0.23290470494417864,all,,CS_POS3_SMART,0.44621897248412545,0.9426419005102041,0.6170835550824907,0.9793074324324325,0.45046620046620045,2368,2319,0,True,0.0,-1,True,False,0.2133142675399468,1,True,CS_MAP
450399,60,donut,a photo of a donut,0.23290470494417864,all,,CS_POS3_CASR,0.44621897248412545,0.9426419005102041,0.6170835550824907,0.9793074324324325,0.45046620046620045,2368,2319,0,True,0.0,-1,True,False,0.2133142675399468,1,True,CS_MAP
565778,1,person,a photo of a person,0.031095066185318893,all,,CS_POS3_SAM,0.0343301306272266,0.6434550382653061,0.06638137981421563,0.034348671419313026,0.9845201238390093,18516,636,16270,False,0.8647345554731376,7,False,True,0.003235064441907704,0,True,CS_MAP
565778,1,person,a photo of a person,0.031095066185318893,all,,CS_POS3_SMART,0.0343301306272266,0.6434550382653061,0.06638137981421563,0.034348671419313026,0.9845201238390093,18516,636,16270,False,0.8647345554731376,7,False,True,0.003235064441907704,0,True,CS_MAP
565778,1,person,a photo of a person,0.031095066185318893,all,,CS_POS3_CASR,0.031095066185318893,0.5988321109693877,0.06031464450772606,0.031095066185318893,1.0,20775,646,9638,False,0.34692703276153486,7,False,False,0.0,0,False,CS_MAP
565778,7,train,a photo of a train,0.6344970014694785,all,,CS_POS3_SAM,0.9026398112068492,0.9646444515306123,0.9488288911964925,0.91428094946912,0.9860902931830445,17989,16447,598,True,0.03539282142460273,1,True,False,0.2681428097373707,0,True,CS_MAP
565778,7,train,a photo of a train,0.6344970014694785,all,,CS_POS3_SMART,0.9026398112068492,0.9646444515306123,0.9488288911964925,0.91428094946912,0.9860902931830445,17989,16447,598,True,0.03539282142460273,1,True,False,0.2681428097373707,0,True,CS_MAP
565778,7,train,a photo of a train,0.6344970014694785,all,,CS_POS3_CASR,0.9026398112068492,0.9646444515306123,0.9488288911964925,0.91428094946912,0.9860902931830445,17989,16447,598,True,0.03539282142460273,1,True,False,0.2681428097373707,0,True,CS_MAP
366199,17,cat,a photo of a cat,0.1759730348511829,all,,CS_POS3_SAM,0.8072207084468664,0.9887197066326531,0.8933283075763286,0.933806146572104,0.8562138728323699,2538,2370,85,True,0.009094592769348521,65,True,False,0.6312476735956836,1,True,CS_MAP
366199,17,cat,a photo of a cat,0.1759730348511829,all,,CS_POS3_SMART,0.8072207084468664,0.9887197066326531,0.8933283075763286,0.933806146572104,0.8562138728323699,2538,2370,85,True,0.009094592769348521,65,True,False,0.6312476735956836,1,True,CS_MAP
366199,17,cat,a photo of a cat,0.1759730348511829,all,,CS_POS3_CASR,0.8072207084468664,0.9887197066326531,0.8933283075763286,0.933806146572104,0.8562138728323699,2538,2370,85,True,0.009094592769348521,65,True,False,0.6312476735956836,1,True,CS_MAP
366199,65,bed,a photo of a bed,0.5264533798082908,all,,CS_POS3_SAM,0.41118476608680965,0.44413663903061223,0.5827511406986312,0.4146689376197573,0.9799748427672956,46970,19477,291,True,0.007923480657385453,17,True,False,-0.11526861372148112,0,True,CS_MAP
366199,65,bed,a photo of a bed,0.5264533798082908,all,,CS_POS3_SMART,0.41118476608680965,0.44413663903061223,0.5827511406986312,0.4146689376197573,0.9799748427672956,46970,19477,291,True,0.007923480657385453,17,True,False,-0.11526861372148112,0,True,CS_MAP
366199,65,bed,a photo of a bed,0.5264533798082908,all,,CS_POS3_CASR,0.41118476608680965,0.44413663903061223,0.5827511406986312,0.4146689376197573,0.9799748427672956,46970,19477,291,True,0.007923480657385453,17,True,False,-0.11526861372148112,0,True,CS_MAP
165039,3,car,a photo of a car,0.10462316889052108,all,,CS_POS3_SAM,0.9293222181949982,0.9961136798469388,0.9633665226376104,0.9664530719939691,0.9602996254681648,2653,2564,25,True,0.0012993995877766825,6,True,False,0.8246990493044771,1,True,CS_MAP
165039,3,car,a photo of a car,0.10462316889052108,all,,CS_POS3_SMART,0.9293222181949982,0.9961136798469388,0.9633665226376104,0.9664530719939691,0.9602996254681648,2653,2564,25,True,0.0012993995877766825,6,True,False,0.8246990493044771,1,True,CS_MAP
165039,3,car,a photo of a car,0.10462316889052108,all,,CS_POS3_CASR,0.9293222181949982,0.9961136798469388,0.9633665226376104,0.9664530719939691,0.9602996254681648,2653,2564,25,True,0.0012993995877766825,6,True,False,0.8246990493044771,1,True,CS_MAP
165039,10,traffic light,a photo of a traffic light,0.017823716122731342,all,,CS_POS3_SAM,0.3472340425531915,0.9847138073979592,0.5154769425142135,0.38024231127679403,0.8,1073,408,4,True,0.00019265038770890526,6,True,False,0.3294103264304602,1,True,CS_MAP
165039,10,traffic light,a photo of a traffic light,0.017823716122731342,all,,CS_POS3_SMART,0.3472340425531915,0.9847138073979592,0.5154769425142135,0.38024231127679403,0.8,1073,408,4,True,0.00019265038770890526,6,True,False,0.3294103264304602,1,True,CS_MAP
165039,10,traffic light,a photo of a traffic light,0.017823716122731342,all,,CS_POS3_CASR,0.3472340425531915,0.9847138073979592,0.5154769425142135,0.38024231127679403,0.8,1073,408,4,True,0.00019265038770890526,6,True,False,0.3294103264304602,1,True,CS_MAP
297830,44,bottle,a photo of a bottle,0.05271695052716951,all,,CS_POS3_SAM,0.8401191658391262,0.9967912946428571,0.9131138694009714,0.8401191658391262,1.0,1007,846,0,True,0.0,-1,True,False,0.7874022153119566,1,True,CS_MAP
297830,44,bottle,a photo of a bottle,0.05271695052716951,all,,CS_POS3_SMART,0.8401191658391262,0.9967912946428571,0.9131138694009714,0.8401191658391262,1.0,1007,846,0,True,0.0,-1,True,False,0.7874022153119566,1,True,CS_MAP
297830,44,bottle,a photo of a bottle,0.05271695052716951,all,,CS_POS3_CASR,0.8401191658391262,0.9967912946428571,0.9131138694009714,0.8401191658391262,1.0,1007,846,0,True,0.0,-1,True,False,0.7874022153119566,1,True,CS_MAP
297830,18,dog,a photo of a dog,0.6888284085018144,all,,CS_POS3_SAM,0.886393594688278,0.9536232461734694,0.939775874116825,0.9123159640219084,0.9689401216778738,19901,18156,11,True,0.0005304783950617284,44,True,False,0.19756518618646368,0,True,CS_MAP
297830,18,dog,a photo of a dog,0.6888284085018144,all,,CS_POS3_SMART,0.886393594688278,0.9536232461734694,0.939775874116825,0.9123159640219084,0.9689401216778738,19901,18156,11,True,0.0005304783950617284,44,True,False,0.19756518618646368,0,True,CS_MAP
297830,18,dog,a photo of a dog,0.6888284085018144,all,,CS_POS3_CASR,0.886393594688278,0.9536232461734694,0.939775874116825,0.9123159640219084,0.9689401216778738,19901,18156,11,True,0.0005304783950617284,44,True,False,0.19756518618646368,0,True,CS_MAP
261318,1,person,a photo of a person,0.47741817516913515,all,,CS_POS3_SAM,0.8818879855465221,0.9791533801020408,0.93723748949958,0.9309810466086542,0.9435785912770327,8389,7810,534,True,0.2537762331239139,62,True,False,0.404469810377387,0,True,CS_MAP
261318,1,person,a photo of a person,0.47741817516913515,all,,CS_POS3_SMART,0.8648456057007126,0.9773198341836735,0.9275251560310789,0.9807407407407407,0.8797873625709798,7425,7282,112,True,0.2063588909226493,62,True,False,0.3874274305315774,1,True,CS_MAP
261318,1,person,a photo of a person,0.47741817516913515,all,,CS_POS3_CASR,0.8648456057007126,0.9773198341836735,0.9275251560310789,0.9807407407407407,0.8797873625709798,7425,7282,112,True,0.2063588909226493,62,True,False,0.3874274305315774,1,True,CS_MAP
261318,31,handbag,a photo of a handbag,0.08883067396999285,all,,CS_POS3_SAM,0.2848378615249781,0.9349489795918368,0.4433833560709413,0.29734675205855443,0.871313672922252,4372,1300,2785,False,0.3021056613289623,33,False,False,0.19600718755498525,2,True,CS_MAP
261318,31,handbag,a photo of a handbag,0.08883067396999285,all,,CS_POS3_SMART,0.21832205257358728,0.9010283801020408,0.3583979328165375,0.2219910371318822,0.9296246648793566,6248,1387,4502,False,0.2466033302686689,33,False,False,0.12949137860359444,1,True,CS_MAP
261318,31,handbag,a photo of a handbag,0.08883067396999285,all,,CS_POS3_CASR,0.21832205257358728,0.9010283801020408,0.3583979328165375,0.2219910371318822,0.9296246648793566,6248,1387,4502,False,0.2466033302686689,33,False,False,0.12949137860359444,1,True,CS_MAP
308430,51,bowl,a photo of a bowl,0.24913313018808447,all,,CS_POS3_SAM,0.17013924179286513,0.34909119897959184,0.2908017024233475,0.9469664828171405,0.17177599343269798,7071,6696,323,True,0.031768476621417796,79,True,False,-0.07899388839521934,0,True,CS_MAP
308430,51,bowl,a photo of a bowl,0.24913313018808447,all,,CS_POS3_SMART,0.17013924179286513,0.34909119897959184,0.2908017024233475,0.9469664828171405,0.17177599343269798,7071,6696,323,True,0.031768476621417796,79,True,False,-0.07899388839521934,0,True,CS_MAP
308430,51,bowl,a photo of a bowl,0.24913313018808447,all,,CS_POS3_CASR,0.24913313018808447,0.287906568877551,0.39888963660834453,0.5794515860990274,0.3041225212282907,20459,11855,4608,True,0.17148909537335708,79,True,False,0.0,0,False,CS_MAP
308430,57,carrot,a photo of a carrot,0.17982813206693804,all,,CS_POS3_SAM,0.09545365085613068,0.9084024234693877,0.1742723679482573,0.5467869222096956,0.10365462705706348,887,485,402,True,0.022754675354659963,51,True,False,-0.08437448121080736,2,True,CS_MAP
308430,57,carrot,a photo of a carrot,0.17982813206693804,all,,CS_POS3_SMART,0.23460750245032522,0.8288026147959183,0.38005196304849886,0.2869129345101885,0.5627270784355631,9177,2633,6544,False,0.2354223852646161,51,False,False,0.05477937038338718,0,True,CS_MAP
308430,57,carrot,a photo of a carrot,0.17982813206693804,all,,CS_POS3_CASR,0.17982813206693804,0.6385921556122449,0.304837844054282,0.185733638529453,0.8497542209873905,21407,3976,17431,False,0.5491252372890052,51,False,True,0.0,0,False,CS_MAP
384661,79,oven,a photo of a oven,0.5770240397899973,all,,CS_POS3_SAM,0.44609554944646707,0.7028459821428571,0.6169655243282125,0.655709059138317,0.5825449958763886,18313,12008,0,True,0.0,-1,True,False,-0.1309284903435302,1,True,CS_MAP
384661,79,oven,a photo of a oven,0.5770240397899973,all,,CS_POS3_SMART,0.6709683807512047,0.8013193558673469,0.8030892606711834,0.6773172519490904,0.9862222869063213,30014,20329,0,True,0.019523571547559553,85,True,False,0.0939443409612074,0,True,CS_MAP
384661,79,oven,a photo of a oven,0.5770240397899973,all,,CS_POS3_CASR,0.6709683807512047,0.8013193558673469,0.8030892606711834,0.6773172519490904,0.9862222869063213,30014,20329,0,True,0.019523571547559553,85,True,False,0.0939443409612074,0,True,CS_MAP
384661,85,clock,a photo of a clock,0.023075713499488955,all,,CS_POS3_SAM,0.17782490154498637,0.9459103954081632,0.3019547325102881,0.17782490154498637,1.0,3301,587,2304,False,0.13751605384578794,79,True,False,0.15474918804549742,1,True,CS_MAP
384661,85,clock,a photo of a clock,0.023075713499488955,all,,CS_POS3_SMART,0.05469623555721208,0.7978117028061225,0.10371940984185882,0.05469623555721208,1.0,10732,587,9712,False,0.4893566473439133,79,False,False,0.03162052205772312,0,True,CS_MAP
384661,85,clock,a photo of a clock,0.023075713499488955,all,,CS_POS3_CASR,0.023075713499488955,0.5047233737244898,0.0451104707012488,0.023075713499488955,1.0,25438,587,16054,False,0.5466330814441646,79,False,True,0.0,0,False,CS_MAP
180751,82,refrigerator,a photo of a refrigerator,0.057606405394016014,all,,CS_POS3_SAM,0.6755037115588547,0.9878029336734694,0.8063291139240506,0.7234525837592277,0.910650464617584,1761,1274,51,True,0.004184600669536107,44,True,False,0.6178973061648387,1,True,CS_MAP
180751,82,refrigerator,a photo of a refrigerator,0.057606405394016014,all,,CS_POS3_SMART,0.6755037115588547,0.9878029336734694,0.8063291139240506,0.7234525837592277,0.910650464617584,1761,1274,51,True,0.004184600669536107,44,True,False,0.6178973061648387,1,True,CS_MAP
180751,82,refrigerator,a photo of a refrigerator,0.057606405394016014,all,,CS_POS3_CASR,0.6755037115588547,0.9878029336734694,0.8063291139240506,0.7234525837592277,0.910650464617584,1761,1274,51,True,0.004184600669536107,44,True,False,0.6178973061648387,1,True,CS_MAP
180751,1,person,a photo of a person,0.5955394445809781,all,,CS_POS3_SAM,0.4469285201517793,0.8925183354591837,0.6177617123821674,0.9938426453819841,0.4481694775812423,4385,4358,0,True,0.0009073037955542114,46,True,False,-0.14861092442919877,2,True,CS_MAP
180751,1,person,a photo of a person,0.5955394445809781,all,,CS_POS3_SMART,0.9540042739391472,0.9909917091836735,0.9764607853348609,0.9891327284237181,0.9641094199917729,9478,9375,0,True,0.000598035027765912,46,True,False,0.35846482935816915,0,True,CS_MAP
180751,1,person,a photo of a person,0.5955394445809781,all,,CS_POS3_CASR,0.9540042739391472,0.9909917091836735,0.9764607853348609,0.9891327284237181,0.9641094199917729,9478,9375,0,True,0.000598035027765912,46,True,False,0.35846482935816915,0,True,CS_MAP
479596,55,orange,a photo of a orange,0.6592455163883735,all,,CS_POS3_SAM,0.4328643839867591,0.7814692283163265,0.60419449157131,0.985167745732784,0.4357038733860891,8495,8369,120,True,0.005270046844860843,53,True,False,-0.2263811324016144,1,True,CS_MAP
479596,55,orange,a photo of a orange,0.6592455163883735,all,,CS_POS3_SMART,0.4883096774193548,0.8024154974489796,0.656193646830351,0.98265475695887,0.4925551853394419,9628,9461,156,True,0.006974890394579514,53,True,False,-0.17093583896901865,0,True,CS_MAP
479596,55,orange,a photo of a orange,0.6592455163883735,all,,CS_POS3_CASR,0.4883096774193548,0.8024154974489796,0.656193646830351,0.98265475695887,0.4925551853394419,9628,9461,156,True,0.006974890394579514,53,True,False,-0.17093583896901865,0,True,CS_MAP
479596,53,apple,a photo of a apple,0.24238364459687575,all,,CS_POS3_SAM,0.058090083123912624,0.6115672831632653,0.10980177217502513,0.9983388704318937,0.05809569840502658,1204,1202,0,True,0.0,-1,True,False,-0.18429356147296314,2,True,CS_MAP
479596,53,apple,a photo of a apple,0.24238364459687575,all,,CS_POS3_SMART,0.4691008540447174,0.7794762436224489,0.6386230771743036,0.9846913082888509,0.47254712421459644,9929,9777,7,True,0.0002746403927357616,55,True,False,0.22671720944784166,0,True,CS_MAP
479596,53,apple,a photo of a apple,0.24238364459687575,all,,CS_POS3_CASR,0.24238364459687575,0.43648357780612246,0.39019129984687384,0.3522997234879464,0.4372160463992267,25677,9046,15595,False,0.5364208940918738,55,False,True,0.0,0,False,CS_MAP
82986,1,person,a photo of a person,0.07451979615836926,all,,CS_POS3_SAM,0.2723839146856254,0.9347297512755102,0.428147372097084,0.4132119986518369,0.44420289855072465,2967,1226,0,True,0.0,-1,True,False,0.19786411852725613,1,True,CS_MAP
82986,1,person,a photo of a person,0.07451979615836926,all,,CS_POS3_SMART,0.2723839146856254,0.9347297512755102,0.428147372097084,0.4132119986518369,0.44420289855072465,2967,1226,0,True,0.0,-1,True,False,0.19786411852725613,1,True,CS_MAP
82986,1,person,a photo of a person,0.07451979615836926,all,,CS_POS3_CASR,0.07451979615836926,0.5294762436224489,0.1387034402247273,0.07711654699606507,0.688768115942029,24651,1901,69,True,0.001987748975700783,34,True,False,0.0,1,False,CS_MAP
82986,31,handbag,a photo of a handbag,0.0012293035227229072,all,,CS_POS3_SAM,0.0006114026596015693,0.6090760522959183,0.0012220581496002851,0.0006328112640404999,0.01775147928994083,18963,12,1844,False,0.0927612052920167,1,False,False,-0.000617900863121338,0,True,CS_MAP
82986,31,handbag,a photo of a handbag,0.0012293035227229072,all,,CS_POS3_SMART,0.0006114026596015693,0.6090760522959183,0.0012220581496002851,0.0006328112640404999,0.01775147928994083,18963,12,1844,False,0.0927612052920167,1,False,False,-0.000617900863121338,0,True,CS_MAP
82986,31,handbag,a photo of a handbag,0.0012293035227229072,all,,CS_POS3_CASR,0.0012293035227229072,0.48184390943877553,0.002455588381997468,0.0012604876511600426,0.047337278106508875,25387,32,1103,False,0.03890303768501089,1,False,False,0.0,0,False,CS_MAP
223090,57,carrot,a photo of a carrot,0.12181809159926561,all,,CS_POS3_SAM,0.9031758326878389,0.9950175382653061,0.9491249491249492,0.9628406275805119,0.9357945425361156,2422,2332,3,True,0.0022211645248294463,49,True,False,0.7813577410885733,1,True,CS_MAP
223090,57,carrot,a photo of a carrot,0.12181809159926561,all,,CS_POS3_SMART,0.9031758326878389,0.9950175382653061,0.9491249491249492,0.9628406275805119,0.9357945425361156,2422,2332,3,True,0.0022211645248294463,49,True,False,0.7813577410885733,1,True,CS_MAP
223090,57,carrot,a photo of a carrot,0.12181809159926561,all,,CS_POS3_CASR,0.9031758326878389,0.9950175382653061,0.9491249491249492,0.9628406275805119,0.9357945425361156,2422,2332,3,True,0.0022211645248294463,49,True,False,0.7813577410885733,1,True,CS_MAP
223090,49,knife,a photo of a knife,0.2119018188239449,all,,CS_POS3_SAM,0.8583187827388377,0.9886798469387755,0.9237583892617449,0.9679324894514768,0.8834403080872913,3555,3441,1,True,0.00016539861065167054,57,True,False,0.6464169639148928,2,True,CS_MAP
223090,49,knife,a photo of a knife,0.2119018188239449,all,,CS_POS3_SMART,0.8583187827388377,0.9886798469387755,0.9237583892617449,0.9679324894514768,0.8834403080872913,3555,3441,1,True,0.00016539861065167054,57,True,False,0.6464169639148928,2,True,CS_MAP
223090,49,knife,a photo of a knife,0.2119018188239449,all,,CS_POS3_CASR,0.8583187827388377,0.9886798469387755,0.9237583892617449,0.9679324894514768,0.8834403080872913,3555,3441,1,True,0.00016539861065167054,57,True,False,0.6464169639148928,2,True,CS_MAP
38576,74,mouse,a photo of a mouse,0.028348995399677585,all,,CS_POS3_SAM,0.024879020779960147,0.6586415816326531,0.04855016109321186,0.025293743126700238,0.6027586206896551,17277,437,11047,False,0.63201556153098,76,False,True,-0.0034699746197174378,0,True,CS_MAP
38576,74,mouse,a photo of a mouse,0.028348995399677585,all,,CS_POS3_SMART,0.024879020779960147,0.6586415816326531,0.04855016109321186,0.025293743126700238,0.6027586206896551,17277,437,11047,False,0.63201556153098,76,False,True,-0.0034699746197174378,0,True,CS_MAP
38576,74,mouse,a photo of a mouse,0.028348995399677585,all,,CS_POS3_CASR,0.028348995399677585,0.5074936224489796,0.05513496979429533,0.028353454717055332,0.9944827586206897,25429,721,15534,False,0.37057658532939725,76,False,False,0.0,0,False,CS_MAP
38576,76,keyboard,a photo of a keyboard,0.4563809523809524,all,,CS_POS3_SAM,0.33131833940794736,0.8500876913265306,0.49772970085470086,1.0,0.33131833940794736,3727,3727,0,True,0.0,-1,True,False,-0.12506261297300503,1,True,CS_MAP
38576,76,keyboard,a photo of a keyboard,0.4563809523809524,all,,CS_POS3_SMART,0.9140887548470487,0.9801299426020408,0.9551163732949174,0.9675300985041956,0.9430171570806294,10964,10608,261,True,0.022838641932096605,74,True,False,0.45770780246609627,0,True,CS_MAP
38576,76,keyboard,a photo of a keyboard,0.4563809523809524,all,,CS_POS3_CASR,0.9140887548470487,0.9801299426020408,0.9551163732949174,0.9675300985041956,0.9430171570806294,10964,10608,261,True,0.022838641932096605,74,True,False,0.45770780246609627,0,True,CS_MAP
544519,1,person,a photo of a person,0.6871710852944097,all,,CS_POS3_SAM,0.32816097969436886,0.48830117984693877,0.49415844120022856,0.9865481434864695,0.3296359574188461,12712,12541,0,True,0.0010350436196954014,90,True,False,-0.3590101056000409,2,True,CS_MAP
544519,1,person,a photo of a person,0.6871710852944097,all,,CS_POS3_SMART,0.6793822631538442,0.7509167729591837,0.809085909813027,0.9658630876399577,0.696096727559469,27419,26483,0,True,0.0036954127136410476,90,True,False,-0.007788822140565532,0,True,CS_MAP
544519,1,person,a photo of a person,0.6871710852944097,all,,CS_POS3_CASR,0.6871710852944097,0.7488440688775511,0.8145837624694701,0.925169613315063,0.7276120383756078,29921,27682,0,True,0.0,-1,True,False,0.0,0,False,CS_MAP
544519,90,toothbrush,a photo of a toothbrush,0.07577560172050883,all,,CS_POS3_SAM,0.4482758620689655,0.9811862244897959,0.6190476190476191,0.46484848484848484,0.9263285024154589,1650,767,883,False,0.04336969378367722,1,True,False,0.3725002603484567,2,True,CS_MAP
544519,90,toothbrush,a photo of a toothbrush,0.07577560172050883,all,,CS_POS3_SMART,0.07526088331400864,0.8251554528061225,0.1399862758553083,0.07617625093353249,0.8623188405797102,9373,714,7872,False,0.22110630407911,1,False,False,-0.000514718406500192,0,True,CS_MAP
544519,90,toothbrush,a photo of a toothbrush,0.07577560172050883,all,,CS_POS3_CASR,0.07526088331400864,0.8251554528061225,0.1399862758553083,0.07617625093353249,0.8623188405797102,9373,714,7872,False,0.22110630407911,1,False,False,-0.000514718406500192,0,True,CS_MAP
220732,3,car,a photo of a car,0.03879832324173265,all,,CS_POS3_SAM,0.007188800605372683,0.9477040816326531,0.014274981217129978,0.011059371362048894,0.020127118644067795,1718,19,1098,False,0.11194029850746269,8,False,False,-0.031609522636359966,1,True,CS_MAP
220732,3,car,a photo of a car,0.03879832324173265,all,,CS_POS3_SMART,0.007188800605372683,0.9477040816326531,0.014274981217129978,0.011059371362048894,0.020127118644067795,1718,19,1098,False,0.11194029850746269,8,False,False,-0.031609522636359966,1,True,CS_MAP
220732,3,car,a photo of a car,0.03879832324173265,all,,CS_POS3_CASR,0.03879832324173265,0.5887077487244898,0.07469847105770525,0.03899995318132871,0.8824152542372882,21359,833,18599,False,0.6355129650507328,6,False,True,0.0,1,False,CS_MAP
220732,8,truck,a photo of a truck,0.19477271810591698,all,,CS_POS3_SAM,0.739082798560025,0.9667769451530612,0.8499684996849969,0.9872464980137988,0.7462073324905183,4783,4722,40,True,0.001486712506968965,6,True,False,0.544310080454108,1,True,CS_MAP
220732,8,truck,a photo of a truck,0.19477271810591698,all,,CS_POS3_SMART,0.739082798560025,0.9667769451530612,0.8499684996849969,0.9872464980137988,0.7462073324905183,4783,4722,40,True,0.001486712506968965,6,True,False,0.544310080454108,1,True,CS_MAP
220732,8,truck,a photo of a truck,0.19477271810591698,all,,CS_POS3_CASR,0.19477271810591698,0.6021205357142857,0.3260414556748363,0.20730660255859878,0.7631163084702908,23294,4829,16999,False,0.5666919418211898,6,False,True,0.0,1,False,CS_MAP
233567,21,cow,a photo of a cow,0.27818903112347143,all,,CS_POS3_SAM,0.3045139718175304,0.7678571428571429,0.4668619553277188,0.355202674467196,0.6809078771695594,14358,5100,8854,False,0.6782236073237242,20,False,True,0.026324940694058996,0,True,CS_MAP
233567,21,cow,a photo of a cow,0.27818903112347143,all,,CS_POS3_SMART,0.3045139718175304,0.7678571428571429,0.4668619553277188,0.355202674467196,0.6809078771695594,14358,5100,8854,False,0.6782236073237242,20,False,True,0.026324940694058996,0,True,CS_MAP
233567,21,cow,a photo of a cow,0.27818903112347143,all,,CS_POS3_CASR,0.3045139718175304,0.7678571428571429,0.4668619553277188,0.355202674467196,0.6809078771695594,14358,5100,8854,False,0.6782236073237242,20,False,True,0.026324940694058996,0,True,CS_MAP
233567,20,sheep,a photo of a sheep,0.7601833820188251,all,,CS_POS3_SAM,0.42988427501701837,0.7663225446428571,0.6012854082361343,0.9505429523707128,0.43971948672038197,9301,8841,3,True,0.0005362888809438684,21,True,False,-0.3302991070018067,1,True,CS_MAP
233567,20,sheep,a photo of a sheep,0.7601833820188251,all,,CS_POS3_SMART,0.769680436477007,0.9057716836734694,0.8698524554062982,0.9739859450129453,0.7858350741072316,16222,15800,58,True,0.4197952218430034,21,True,False,0.009497054458181942,0,True,CS_MAP
233567,20,sheep,a photo of a sheep,0.7601833820188251,all,,CS_POS3_CASR,0.769680436477007,0.9057716836734694,0.8698524554062982,0.9739859450129453,0.7858350741072316,16222,15800,58,True,0.4197952218430034,21,True,False,0.009497054458181942,0,True,CS_MAP
206487,3,car,a photo of a car,0.31529895330497537,all,,CS_POS3_SAM,0.8586640851887706,0.9796316964285714,0.9239583333333333,0.9905871091257179,0.8657278304517568,6268,6209,7,True,0.0012042389210019267,6,True,False,0.5433651318837952,0,True,CS_MAP
206487,3,car,a photo of a car,0.31529895330497537,all,,CS_POS3_SMART,0.8586640851887706,0.9796316964285714,0.9239583333333333,0.9905871091257179,0.8657278304517568,6268,6209,7,True,0.0012042389210019267,6,True,False,0.5433651318837952,0,True,CS_MAP
206487,3,car,a photo of a car,0.31529895330497537,all,,CS_POS3_CASR,0.8586640851887706,0.9796316964285714,0.9239583333333333,0.9905871091257179,0.8657278304517568,6268,6209,7,True,0.0012042389210019267,6,True,False,0.5433651318837952,0,True,CS_MAP
206487,1,person,a photo of a person,0.07663854370142555,all,,CS_POS3_SAM,0.6761133603238867,0.9856505102040817,0.8067632850241546,0.8115550755939525,0.8020277481323372,1852,1503,122,True,0.046777886817140985,4,True,False,0.5994748166224612,1,True,CS_MAP
206487,1,person,a photo of a person,0.07663854370142555,all,,CS_POS3_SMART,0.6761133603238867,0.9856505102040817,0.8067632850241546,0.8115550755939525,0.8020277481323372,1852,1503,122,True,0.046777886817140985,4,True,False,0.5994748166224612,1,True,CS_MAP
206487,1,person,a photo of a person,0.07663854370142555,all,,CS_POS3_CASR,0.07663854370142555,0.5572185905612245,0.1423663385446825,0.07673421830136075,0.983991462113127,24031,1844,9892,False,0.25864224920333995,3,False,False,0.0,1,False,CS_MAP
277051,49,knife,a photo of a knife,0.13293623308860877,all,,CS_POS3_SAM,0.8090225563909774,0.9873445471938775,0.8944305901911886,0.857780612244898,0.9343522056269538,3136,2690,413,True,0.26007878635487386,67,True,False,0.6760863233023686,2,True,CS_MAP
277051,49,knife,a photo of a knife,0.13293623308860877,all,,CS_POS3_SMART,0.8090225563909774,0.9873445471938775,0.8944305901911886,0.857780612244898,0.9343522056269538,3136,2690,413,True,0.26007878635487386,67,True,False,0.6760863233023686,2,True,CS_MAP
277051,49,knife,a photo of a knife,0.13293623308860877,all,,CS_POS3_CASR,0.8090225563909774,0.9873445471938775,0.8944305901911886,0.857780612244898,0.9343522056269538,3136,2690,413,True,0.26007878635487386,67,True,False,0.6760863233023686,2,True,CS_MAP
277051,44,bottle,a photo of a bottle,0.29177023849512934,all,,CS_POS3_SAM,0.23840068419927304,0.9290098852040817,0.38501381215469616,0.8891547049441786,0.24570295284266197,1254,1115,22,True,0.01424232903969002,16,True,False,-0.0533695542958563,2,True,CS_MAP
277051,44,bottle,a photo of a bottle,0.29177023849512934,all,,CS_POS3_SMART,0.23840068419927304,0.9290098852040817,0.38501381215469616,0.8891547049441786,0.24570295284266197,1254,1115,22,True,0.01424232903969002,16,True,False,-0.0533695542958563,2,True,CS_MAP
277051,44,bottle,a photo of a bottle,0.29177023849512934,all,,CS_POS3_CASR,0.23840068419927304,0.9290098852040817,0.38501381215469616,0.8891547049441786,0.24570295284266197,1254,1115,22,True,0.01424232903969002,16,True,False,-0.0533695542958563,2,True,CS_MAP
520871,44,bottle,a photo of a bottle,0.24641701340730468,all,,CS_POS3_SAM,0.8470394736842105,0.9888791454081632,0.9171861086375779,0.8810949529512404,0.9563602599814299,3507,3090,1,True,0.007551978121018118,67,True,False,0.6006224602769058,1,True,CS_MAP
520871,44,bottle,a photo of a bottle,0.24641701340730468,all,,CS_POS3_SMART,0.8470394736842105,0.9888791454081632,0.9171861086375779,0.8810949529512404,0.9563602599814299,3507,3090,1,True,0.007551978121018118,67,True,False,0.6006224602769058,1,True,CS_MAP
520871,44,bottle,a photo of a bottle,0.24641701340730468,all,,CS_POS3_CASR,0.8470394736842105,0.9888791454081632,0.9171861086375779,0.8810949529512404,0.9563602599814299,3507,3090,1,True,0.007551978121018118,67,True,False,0.6006224602769058,1,True,CS_MAP
520871,47,cup,a photo of a cup,0.04048379735280694,all,,CS_POS3_SAM,0.0001514921981517952,0.8684630102040817,0.0003029385034837928,0.00017497812773403323,0.0011273957158962795,5715,1,16,False,0.0017917133258678612,44,False,False,-0.04033230515465514,2,True,CS_MAP
520871,47,cup,a photo of a cup,0.04048379735280694,all,,CS_POS3_SMART,0.0,0.8113042091836735,0.0,0.0,0.0,8581,0,277,False,0.007009910563210055,67,False,False,-0.04048379735280694,1,True,CS_MAP
520871,47,cup,a photo of a cup,0.04048379735280694,all,,CS_POS3_CASR,0.0,0.8113042091836735,0.0,0.0,0.0,8581,0,277,False,0.007009910563210055,67,False,False,-0.04048379735280694,1,True,CS_MAP
222094,8,truck,a photo of a truck,0.050335934113567404,all,,CS_POS3_SAM,0.35349611542730297,0.9767817283163265,0.5223452234522346,0.4467040673211781,0.6288252714708786,1426,637,671,False,0.5465484483850538,3,False,True,0.30316018131373557,0,True,CS_MAP
222094,8,truck,a photo of a truck,0.050335934113567404,all,,CS_POS3_SMART,0.35349611542730297,0.9767817283163265,0.5223452234522346,0.4467040673211781,0.6288252714708786,1426,637,671,False,0.5465484483850538,3,False,True,0.30316018131373557,0,True,CS_MAP
222094,8,truck,a photo of a truck,0.050335934113567404,all,,CS_POS3_CASR,0.35349611542730297,0.9767817283163265,0.5223452234522346,0.4467040673211781,0.6288252714708786,1426,637,671,False,0.5465484483850538,3,False,True,0.30316018131373557,0,True,CS_MAP
222094,13,stop sign,a photo of a stop sign,0.056417717426446815,all,,CS_POS3_SAM,0.34534534534534533,0.9608976403061225,0.5133928571428571,0.34673366834170855,0.9885386819484241,2985,1035,6,True,0.001501877346683354,3,True,False,0.28892762791889853,1,True,CS_MAP
222094,13,stop sign,a photo of a stop sign,0.056417717426446815,all,,CS_POS3_SMART,0.34534534534534533,0.9608976403061225,0.5133928571428571,0.34673366834170855,0.9885386819484241,2985,1035,6,True,0.001501877346683354,3,True,False,0.28892762791889853,1,True,CS_MAP
222094,13,stop sign,a photo of a stop sign,0.056417717426446815,all,,CS_POS3_CASR,0.34534534534534533,0.9608976403061225,0.5133928571428571,0.34673366834170855,0.9885386819484241,2985,1035,6,True,0.001501877346683354,3,True,False,0.28892762791889853,1,True,CS_MAP
388903,1,person,a photo of a person,0.617404185577408,all,,CS_POS3_SAM,0.359418592635966,0.6293447066326531,0.5287828113915071,0.9830428638718794,0.3616608324957543,10615,10435,0,True,0.011272785417332907,31,True,False,-0.25798559294144197,2,True,CS_MAP
388903,1,person,a photo of a person,0.617404185577408,all,,CS_POS3_SMART,0.6032227294406214,0.7678770727040817,0.7525126962877967,0.9724846221441125,0.6136970159082245,18208,17707,303,True,0.07435911045061303,31,True,False,-0.014181456136786563,0,True,CS_MAP
388903,1,person,a photo of a person,0.617404185577408,all,,CS_POS3_CASR,0.6032227294406214,0.7678770727040817,0.7525126962877967,0.9724846221441125,0.6136970159082245,18208,17707,303,True,0.07435911045061303,31,True,False,-0.014181456136786563,0,True,CS_MAP
388903,53,apple,a photo of a apple,0.5101210350584308,all,,CS_POS3_SAM,0.848586017282011,0.9846340880102041,0.9180920004249442,0.9555506413091552,0.8834594152525046,4522,4321,164,True,0.008247235816566974,1,True,False,0.33846498222358024,0,True,CS_MAP
388903,53,apple,a photo of a apple,0.5101210350584308,all,,CS_POS3_SMART,0.848586017282011,0.9846340880102041,0.9180920004249442,0.9555506413091552,0.8834594152525046,4522,4321,164,True,0.008247235816566974,1,True,False,0.33846498222358024,0,True,CS_MAP
388903,53,apple,a photo of a apple,0.5101210350584308,all,,CS_POS3_CASR,0.848586017282011,0.9846340880102041,0.9180920004249442,0.9555506413091552,0.8834594152525046,4522,4321,164,True,0.008247235816566974,1,True,False,0.33846498222358024,0,True,CS_MAP
471087,1,person,a photo of a person,0.8334142002264273,all,,CS_POS3_SAM,0.9603309218041469,0.9771603954081632,0.9797640909733013,0.9992076355123357,0.9610628052793848,27765,27743,0,True,0.060933448573898014,32,True,False,0.1269167215777196,0,True,CS_MAP
471087,1,person,a photo of a person,0.8334142002264273,all,,CS_POS3_SMART,0.9603309218041469,0.9771603954081632,0.9797640909733013,0.9992076355123357,0.9610628052793848,27765,27743,0,True,0.060933448573898014,32,True,False,0.1269167215777196,0,True,CS_MAP
471087,1,person,a photo of a person,0.8334142002264273,all,,CS_POS3_CASR,0.9603309218041469,0.9771603954081632,0.9797640909733013,0.9992076355123357,0.9610628052793848,27765,27743,0,True,0.060933448573898014,32,True,False,0.1269167215777196,0,True,CS_MAP
471087,32,tie,a photo of a tie,0.11006493506493506,all,,CS_POS3_SAM,0.029619181946403384,0.9588647959183674,0.057534246575342465,0.12727272727272726,0.03716814159292035,495,63,432,False,0.01714760799528874,1,True,False,-0.08044575311853168,2,True,CS_MAP
471087,32,tie,a photo of a tie,0.11006493506493506,all,,CS_POS3_SMART,0.08059642344082825,0.6301020408163265,0.14917025763271294,0.08086883045877032,0.959882005899705,20119,1627,18491,False,0.6968962172647915,1,False,True,-0.02946851162410681,0,True,CS_MAP
471087,32,tie,a photo of a tie,0.11006493506493506,all,,CS_POS3_CASR,0.08059642344082825,0.6301020408163265,0.14917025763271294,0.08086883045877032,0.959882005899705,20119,1627,18491,False,0.6968962172647915,1,False,True,-0.02946851162410681,0,True,CS_MAP
326462,1,person,a photo of a person,0.14487941916888614,all,,CS_POS3_SAM,0.7745454545454545,0.9814652423469388,0.8729508196721312,0.9913124418243873,0.7798389065169636,3223,3195,0,True,0.0,-1,True,False,0.6296660353765684,2,True,CS_MAP
326462,1,person,a photo of a person,0.14487941916888614,all,,CS_POS3_SMART,0.7745454545454545,0.9814652423469388,0.8729508196721312,0.9913124418243873,0.7798389065169636,3223,3195,0,True,0.0,-1,True,False,0.6296660353765684,2,True,CS_MAP
326462,1,person,a photo of a person,0.14487941916888614,all,,CS_POS3_CASR,0.14487941916888614,0.5328842474489796,0.25309114085404716,0.14554851006121028,0.9692457896021479,27283,3971,10,True,0.00026820437173125924,60,True,False,0.0,2,False,CS_MAP
326462,60,donut,a photo of a donut,0.7230447028237164,all,,CS_POS3_SAM,0.00953132766131626,0.32483657525510207,0.018882678328361668,0.013296896031325204,0.032560926887734716,24517,326,7,True,0.0002446953542839165,1,True,False,-0.7135133751624001,0,True,CS_MAP
326462,60,donut,a photo of a donut,0.7230447028237164,all,,CS_POS3_SMART,0.0019263845889232886,0.7108777104591837,0.0038453615326512394,0.0061524939573720065,0.002796644027167399,4551,28,0,True,0.0,-1,True,False,-0.7211183182347931,2,True,CS_MAP
326462,60,donut,a photo of a donut,0.7230447028237164,all,,CS_POS3_CASR,0.7230447028237164,0.9235690369897959,0.8392640093884907,0.7230447028237164,1.0,13847,10012,169,True,0.00950773558368495,1,True,False,0.0,2,False,CS_MAP
183965,67,dining table,a photo of a dining table,0.48530551540669054,all,,CS_POS3_SAM,0.3240037434435328,0.3809789540816326,0.4894302528191472,0.9953864669697781,0.32449104145777935,14956,14887,0,True,0.0037652402581879033,51,True,False,-0.16130177196315776,1,True,CS_MAP
183965,67,dining table,a photo of a dining table,0.48530551540669054,all,,CS_POS3_SMART,0.4756034069847352,0.49814652423469385,0.6446222673836036,0.9142880019216142,0.4977985090893239,24979,22838,0,True,0.003930670460075619,51,True,False,-0.009702108421955347,0,True,CS_MAP
183965,67,dining table,a photo of a dining table,0.48530551540669054,all,,CS_POS3_CASR,0.48530551540669054,0.5103037308673469,0.6534756794110596,0.9256462503495945,0.5049914991935133,25029,23168,0,True,0.06344745695626361,51,True,False,0.0,0,False,CS_MAP
183965,47,cup,a photo of a cup,0.1961011484988918,all,,CS_POS3_SAM,0.015237265999129298,0.8196747448979592,0.030017152658662092,0.02648505486189936,0.034636318654131616,5286,140,5146,False,0.11521862330528794,67,False,False,-0.18086388249976248,1,True,CS_MAP
183965,47,cup,a photo of a cup,0.1961011484988918,all,,CS_POS3_SMART,0.015237265999129298,0.8196747448979592,0.030017152658662092,0.02648505486189936,0.034636318654131616,5286,140,5146,False,0.11521862330528794,67,False,False,-0.18086388249976248,1,True,CS_MAP
183965,47,cup,a photo of a cup,0.1961011484988918,all,,CS_POS3_CASR,0.1961011484988918,0.6819395727040817,0.3279006106548747,0.19758412424503882,0.96313706086096,19703,3893,14977,False,0.4039733681573933,67,False,False,0.0,1,False,CS_MAP
277689,47,cup,a photo of a cup,0.29227039521903364,all,,CS_POS3_SAM,0.0001181753722524226,0.8313735650510204,0.00023632281696797826,0.00031152647975077883,0.00019036740909956216,3210,1,2752,False,0.25059187761792023,61,False,False,-0.2921522198467812,1,True,CS_MAP
277689,47,cup,a photo of a cup,0.29227039521903364,all,,CS_POS3_SMART,0.002320675105485232,0.7172552614795918,0.004630604083350874,0.0036666666666666666,0.006282124500285551,9000,33,8462,False,0.7671976828385229,61,False,True,-0.2899497201135484,0,True,CS_MAP
277689,47,cup,a photo of a cup,0.29227039521903364,all,,CS_POS3_CASR,0.29227039521903364,0.7498206313775511,0.45233628550237776,0.2934118179760018,0.9868646487721302,17668,5184,8350,False,0.35453802911641763,61,False,False,0.0,0,False,CS_MAP
277689,61,cake,a photo of a cake,0.6014149323442544,all,,CS_POS3_SAM,0.5244293529522731,0.8995137117346939,0.688033659200594,0.9861653068463995,0.5283162295705055,5638,5560,15,True,0.002762176595156984,47,True,False,-0.07698557939198125,2,True,CS_MAP
277689,61,cake,a photo of a cake,0.6014149323442544,all,,CS_POS3_SMART,0.765015222806532,0.9492386798469388,0.8668652971616748,0.963401882188916,0.7879133409350056,8607,8292,15,True,0.0021691973969631237,47,True,False,0.16360029046227764,1,True,CS_MAP
277689,61,cake,a photo of a cake,0.6014149323442544,all,,CS_POS3_CASR,0.765015222806532,0.9492386798469388,0.8668652971616748,0.963401882188916,0.7879133409350056,8607,8292,15,True,0.0021691973969631237,47,True,False,0.16360029046227764,1,True,CS_MAP
215114,44,bottle,a photo of a bottle,0.08563806136060471,all,,CS_POS3_SAM,0.009553911356942748,0.7252072704081632,0.01892699587306105,0.010985380358470307,0.06831022085259374,12107,133,11974,False,0.3008473523345675,82,False,False,-0.07608415000366196,0,True,CS_MAP
215114,44,bottle,a photo of a bottle,0.08563806136060471,all,,CS_POS3_SMART,0.12977296181630546,0.9327766262755102,0.22973281571134962,0.20682565789473684,0.2583461736004109,2432,503,1929,False,0.06043287031284944,82,True,False,0.044134900455700746,1,True,CS_MAP
215114,44,bottle,a photo of a bottle,0.08563806136060471,all,,CS_POS3_CASR,0.08563806136060471,0.5901626275510204,0.15776539973787682,0.08571810049401397,0.9892141756548536,22469,1926,18793,False,0.4933917557688186,82,False,False,0.0,1,False,CS_MAP
215114,82,refrigerator,a photo of a refrigerator,0.5670294216786247,all,,CS_POS3_SAM,0.29863827680118843,0.4354272959183674,0.4599252650041943,0.9879597018592842,0.29972914544144325,12209,12062,0,True,0.0003609239653512993,1,True,False,-0.26839114487743626,1,True,CS_MAP
215114,82,refrigerator,a photo of a refrigerator,0.5670294216786247,all,,CS_POS3_SMART,0.35251905374641196,0.478515625,0.5212777635478796,0.9882761012833854,0.35399945332107446,14415,14246,0,True,0.0004248990864669641,1,True,False,-0.21451036793221273,0,True,CS_MAP
215114,82,refrigerator,a photo of a refrigerator,0.5670294216786247,all,,CS_POS3_CASR,0.5670294216786247,0.6416015625,0.7236997772144119,0.9480315594557605,0.5852197897771041,24842,23551,0,True,0.030861584638473084,44,True,False,0.0,0,False,CS_MAP
501523,81,sink,a photo of a sink,0.7071161766114357,all,,CS_POS3_SAM,0.8654220593288283,0.9531648596938775,0.9278565727267145,0.9623025980641875,0.8957913455838767,15704,15112,207,True,0.027411091582214577,17,True,False,0.15830588271739265,1,True,CS_MAP
501523,81,sink,a photo of a sink,0.7071161766114357,all,,CS_POS3_SMART,0.8654220593288283,0.9531648596938775,0.9278565727267145,0.9623025980641875,0.8957913455838767,15704,15112,207,True,0.027411091582214577,17,True,False,0.15830588271739265,1,True,CS_MAP
501523,81,sink,a photo of a sink,0.7071161766114357,all,,CS_POS3_CASR,0.8654220593288283,0.9531648596938775,0.9278565727267145,0.9623025980641875,0.8957913455838767,15704,15112,207,True,0.027411091582214577,17,True,False,0.15830588271739265,1,True,CS_MAP
501523,44,bottle,a photo of a bottle,0.1113474809318736,all,,CS_POS3_SAM,0.4565560821484992,0.9588647959183674,0.6268980477223427,0.5121086828115771,0.8080149114631874,3386,1734,166,True,0.008262817322050772,81,True,False,0.34520860121662555,1,True,CS_MAP
501523,44,bottle,a photo of a bottle,0.1113474809318736,all,,CS_POS3_SMART,0.4565560821484992,0.9588647959183674,0.6268980477223427,0.5121086828115771,0.8080149114631874,3386,1734,166,True,0.008262817322050772,81,True,False,0.34520860121662555,1,True,CS_MAP
501523,44,bottle,a photo of a bottle,0.1113474809318736,all,,CS_POS3_CASR,0.4565560821484992,0.9588647959183674,0.6268980477223427,0.5121086828115771,0.8080149114631874,3386,1734,166,True,0.008262817322050772,81,True,False,0.34520860121662555,1,True,CS_MAP
468505,2,bicycle,a photo of a bicycle,0.03557480375855535,all,,CS_POS3_SAM,0.09653633452993111,0.8144132653061225,0.17607503096797028,0.096686425031581,0.9841740850642928,10291,995,458,True,0.03529031737058871,67,True,False,0.06096153077137576,0,True,CS_MAP
468505,2,bicycle,a photo of a bicycle,0.03557480375855535,all,,CS_POS3_SMART,0.3217873224800831,0.9609773596938775,0.4868972746331237,0.33119429590017824,0.9188921859545005,2805,929,484,True,0.09934047815333882,67,True,False,0.28621251872152775,1,True,CS_MAP
468505,2,bicycle,a photo of a bicycle,0.03557480375855535,all,,CS_POS3_CASR,0.3217873224800831,0.9609773596938775,0.4868972746331237,0.33119429590017824,0.9188921859545005,2805,929,484,True,0.09934047815333882,67,True,False,0.28621251872152775,1,True,CS_MAP
468505,47,cup,a photo of a cup,0.024573442136498515,all,,CS_POS3_SAM,0.1848101265822785,0.9743303571428571,0.31196581196581197,0.21921921921921922,0.5407407407407407,1332,292,736,False,0.1608538785327721,67,True,False,0.16023668444578,1,True,CS_MAP
468505,47,cup,a photo of a cup,0.024573442136498515,all,,CS_POS3_SMART,0.1848101265822785,0.9743303571428571,0.31196581196581197,0.21921921921921922,0.5407407407407407,1332,292,736,False,0.1608538785327721,67,True,False,0.16023668444578,1,True,CS_MAP
468505,47,cup,a photo of a cup,0.024573442136498515,all,,CS_POS3_CASR,0.1848101265822785,0.9743303571428571,0.31196581196581197,0.21921921921921922,0.5407407407407407,1332,292,736,False,0.1608538785327721,67,True,False,0.16023668444578,1,True,CS_MAP
78823,64,potted plant,a photo of a potted plant,0.10396257567418822,all,,CS_POS3_SAM,0.582126603227141,0.9798708545918368,0.7358786610878661,0.7436575052854123,0.7282608695652174,1892,1407,0,True,0.0,-1,True,False,0.47816402755295284,1,True,CS_MAP
78823,64,potted plant,a photo of a potted plant,0.10396257567418822,all,,CS_POS3_SMART,0.7104049205535623,0.9887396364795918,0.8306862451303566,0.9864768683274021,0.717391304347826,1405,1386,0,True,0.0,-1,True,False,0.6064423448793741,2,True,CS_MAP
78823,64,potted plant,a photo of a potted plant,0.10396257567418822,all,,CS_POS3_CASR,0.7104049205535623,0.9887396364795918,0.8306862451303566,0.9864768683274021,0.717391304347826,1405,1386,0,True,0.0,-1,True,False,0.6064423448793741,2,True,CS_MAP
78823,18,dog,a photo of a dog,0.3589887011970019,all,,CS_POS3_SAM,0.8753394894079305,0.990852200255102,0.9335264301230992,0.9862301101591188,0.8861699202639538,3268,3223,0,True,0.0002899511225250601,3,True,False,0.5163507882109286,1,True,CS_MAP
78823,18,dog,a photo of a dog,0.3589887011970019,all,,CS_POS3_SMART,0.8753394894079305,0.990852200255102,0.9335264301230992,0.9862301101591188,0.8861699202639538,3268,3223,0,True,0.0002899511225250601,3,True,False,0.5163507882109286,1,True,CS_MAP
78823,18,dog,a photo of a dog,0.3589887011970019,all,,CS_POS3_CASR,0.8753394894079305,0.990852200255102,0.9335264301230992,0.9862301101591188,0.8861699202639538,3268,3223,0,True,0.0002899511225250601,3,True,False,0.5163507882109286,1,True,CS_MAP
311928,39,baseball bat,a photo of a baseball bat,0.20171719313122746,all,,CS_POS3_SAM,0.830238726790451,0.9923469387755102,0.9072463768115943,0.8395172105498435,0.9868628481345244,2237,1878,0,True,0.0,-1,True,False,0.6285215336592235,1,True,CS_MAP
311928,39,baseball bat,a photo of a baseball bat,0.20171719313122746,all,,CS_POS3_SMART,0.830238726790451,0.9923469387755102,0.9072463768115943,0.8395172105498435,0.9868628481345244,2237,1878,0,True,0.0,-1,True,False,0.6285215336592235,1,True,CS_MAP
311928,39,baseball bat,a photo of a baseball bat,0.20171719313122746,all,,CS_POS3_CASR,0.830238726790451,0.9923469387755102,0.9072463768115943,0.8395172105498435,0.9868628481345244,2237,1878,0,True,0.0,-1,True,False,0.6285215336592235,1,True,CS_MAP
311928,1,person,a photo of a person,0.725116103928706,all,,CS_POS3_SAM,0.9414625964441462,0.9860889668367347,0.9698488120950324,0.9738873948121801,0.9658435859932891,11527,11226,0,True,0.0,-1,True,False,0.21634649251544025,0,True,CS_MAP
311928,1,person,a photo of a person,0.725116103928706,all,,CS_POS3_SMART,0.9414625964441462,0.9860889668367347,0.9698488120950324,0.9738873948121801,0.9658435859932891,11527,11226,0,True,0.0,-1,True,False,0.21634649251544025,0,True,CS_MAP
311928,1,person,a photo of a person,0.725116103928706,all,,CS_POS3_CASR,0.9414625964441462,0.9860889668367347,0.9698488120950324,0.9738873948121801,0.9658435859932891,11527,11226,0,True,0.0,-1,True,False,0.21634649251544025,0,True,CS_MAP
167898,70,toilet,a photo of a toilet,0.20574376271018302,all,,CS_POS3_SAM,0.2144177449168207,0.9237683354591837,0.3531202435312024,0.9802816901408451,0.21534653465346534,1065,1044,0,True,0.0,-1,True,False,0.008673982206637676,2,True,CS_MAP
167898,70,toilet,a photo of a toilet,0.20574376271018302,all,,CS_POS3_SMART,0.8843730948994107,0.9886599170918368,0.9386390596355009,0.9835028248587571,0.8976897689768977,4425,4352,27,True,0.003536345776031434,81,True,False,0.6786293321892277,1,True,CS_MAP
167898,70,toilet,a photo of a toilet,0.20574376271018302,all,,CS_POS3_CASR,0.20574376271018302,0.6808633609693877,0.34127277962894403,0.21314423719233339,0.8556105610561056,19461,4148,3277,True,0.1647765176784523,81,True,False,0.0,1,False,CS_MAP
167898,81,sink,a photo of a sink,0.2065994383456727,all,,CS_POS3_SAM,0.3550107819770741,0.8867386798469388,0.5239969846720831,0.35945759595495286,0.9663268458449181,8702,3128,3718,False,0.3781529698942229,70,False,False,0.14841134363140138,1,True,CS_MAP
167898,81,sink,a photo of a sink,0.2065994383456727,all,,CS_POS3_SMART,0.3550107819770741,0.8867386798469388,0.5239969846720831,0.35945759595495286,0.9663268458449181,8702,3128,3718,False,0.3781529698942229,70,False,False,0.14841134363140138,1,True,CS_MAP
167898,81,sink,a photo of a sink,0.2065994383456727,all,,CS_POS3_CASR,0.3550107819770741,0.8867386798469388,0.5239969846720831,0.35945759595495286,0.9663268458449181,8702,3128,3718,False,0.3781529698942229,70,False,False,0.14841134363140138,1,True,CS_MAP
456303,1,person,a photo of a person,0.4040847699571758,all,,CS_POS3_SAM,0.5356500898741762,0.9227718431122449,0.6976199765899337,0.988500663423264,0.5390088026046063,4522,4470,0,True,0.0,-1,True,False,0.13156531991700038,1,True,CS_MAP
456303,1,person,a photo of a person,0.4040847699571758,all,,CS_POS3_SMART,0.5356500898741762,0.9227718431122449,0.6976199765899337,0.988500663423264,0.5390088026046063,4522,4470,0,True,0.0,-1,True,False,0.13156531991700038,1,True,CS_MAP
456303,1,person,a photo of a person,0.4040847699571758,all,,CS_POS3_CASR,0.5356500898741762,0.9227718431122449,0.6976199765899337,0.988500663423264,0.5390088026046063,4522,4470,0,True,0.0,-1,True,False,0.13156531991700038,1,True,CS_MAP
456303,36,snowboard,a photo of a snowboard,0.06704227812718379,all,,CS_POS3_SAM,0.036550406115623504,0.9196229272959183,0.07052316201889837,0.05672969966629588,0.09317904993909866,2697,153,0,True,0.0,-1,True,False,-0.030491872011560284,2,True,CS_MAP
456303,36,snowboard,a photo of a snowboard,0.06704227812718379,all,,CS_POS3_SMART,0.2349758736657406,0.8957270408163265,0.38053516457494674,0.2361845972957084,0.9786845310596833,6804,1607,1579,True,0.0786582686392266,31,True,False,0.1679335955385568,0,True,CS_MAP
456303,36,snowboard,a photo of a snowboard,0.06704227812718379,all,,CS_POS3_CASR,0.06704227812718379,0.5742785395408163,0.1256600221030658,0.06735705822984774,0.9348355663824605,22789,1535,7095,False,0.26643034673837757,1,False,False,0.0,0,False,CS_MAP
167122,3,car,a photo of a car,0.6502233941258332,all,,CS_POS3_SAM,0.9656895651525322,0.9816645408163265,0.9825453441602793,0.981614162781,0.983478293896464,26379,25894,0,True,0.0,-1,True,False,0.31546617102669905,0,True,CS_MAP
167122,3,car,a photo of a car,0.6502233941258332,all,,CS_POS3_SMART,0.8914411341065879,0.9429209183673469,0.9426052104208417,0.9977514742692292,0.893235595730943,23571,23518,0,True,0.0,-1,True,False,0.2412177399807547,1,True,CS_MAP
167122,3,car,a photo of a car,0.6502233941258332,all,,CS_POS3_CASR,0.8914411341065879,0.9429209183673469,0.9426052104208417,0.9977514742692292,0.893235595730943,23571,23518,0,True,0.0,-1,True,False,0.2412177399807547,1,True,CS_MAP
167122,17,cat,a photo of a cat,0.025922193106228585,all,,CS_POS3_SAM,0.014292646345229167,0.10933514030612244,0.028182490323141827,0.014299900695134062,0.9657228017883756,45315,648,23046,False,0.474065386910273,3,False,False,-0.011629546760999417,0,True,CS_MAP
167122,17,cat,a photo of a cat,0.025922193106228585,all,,CS_POS3_SMART,0.02254350337221001,0.47720025510204084,0.04409299613730778,0.02259908109521497,0.9016393442622951,26771,605,25443,False,0.9199479336153595,3,False,True,-0.0033786897340185758,1,True,CS_MAP
167122,17,cat,a photo of a cat,0.025922193106228585,all,,CS_POS3_CASR,0.025922193106228585,0.5184550382653061,0.05053442313737818,0.025951487266416436,0.9582712369597616,24777,643,15335,False,0.4275418994413408,3,False,False,0.0,1,False,CS_MAP
568195,61,cake,a photo of a cake,0.1583873290136789,all,,CS_POS3_SAM,0.8620971032231742,0.9932637117346939,0.9259421560035057,0.894202285230639,0.9600181735574739,2363,2113,5,True,0.000196649099347125,1,True,False,0.7037097742094953,1,True,CS_MAP
568195,61,cake,a photo of a cake,0.1583873290136789,all,,CS_POS3_SMART,0.6437859086785607,0.9765226403061225,0.7832965415746873,0.6581143740340031,0.9672875965470241,3235,2129,37,True,0.007562277580071174,67,True,False,0.48539857966488176,0,True,CS_MAP
568195,61,cake,a photo of a cake,0.1583873290136789,all,,CS_POS3_CASR,0.6437859086785607,0.9765226403061225,0.7832965415746873,0.6581143740340031,0.9672875965470241,3235,2129,37,True,0.007562277580071174,67,True,False,0.48539857966488176,0,True,CS_MAP
568195,1,person,a photo of a person,0.7280088860224301,all,,CS_POS3_SAM,0.26377852916314454,0.6528419961734694,0.41744423263436004,0.9133616273964583,0.2705479452054795,6833,6241,26,True,0.003775776938716236,49,True,False,-0.46423035685928554,1,True,CS_MAP
568195,1,person,a photo of a person,0.7280088860224301,all,,CS_POS3_SMART,0.44243782953460375,0.7323421556122449,0.6134584388671426,0.9127269612881124,0.461981966360326,11676,10657,36,True,0.003243150977212597,49,True,False,-0.2855710564878263,0,True,CS_MAP
568195,1,person,a photo of a person,0.7280088860224301,all,,CS_POS3_CASR,0.44243782953460375,0.7323421556122449,0.6134584388671426,0.9127269612881124,0.461981966360326,11676,10657,36,True,0.003243150977212597,49,True,False,-0.2855710564878263,0,True,CS_MAP
13177,1,person,a photo of a person,0.7281910513313203,all,,CS_POS3_SAM,0.807433881343817,0.9463089923469388,0.8934588309736613,0.9803853497656657,0.8206916594013368,11522,11296,33,True,0.003751233958538993,2,True,False,0.07924283001249666,0,True,CS_MAP
13177,1,person,a photo of a person,0.7281910513313203,all,,CS_POS3_SMART,0.807433881343817,0.9463089923469388,0.8934588309736613,0.9803853497656657,0.8206916594013368,11522,11296,33,True,0.003751233958538993,2,True,False,0.07924283001249666,0,True,CS_MAP
13177,1,person,a photo of a person,0.7281910513313203,all,,CS_POS3_CASR,0.807433881343817,0.9463089923469388,0.8934588309736613,0.9803853497656657,0.8206916594013368,11522,11296,33,True,0.003751233958538993,2,True,False,0.07924283001249666,0,True,CS_MAP
13177,2,bicycle,a photo of a bicycle,0.1770615929718973,all,,CS_POS3_SAM,0.7449913430620826,0.9794523278061225,0.8538625088589653,0.9058646616541354,0.8075067024128686,3325,3012,0,True,0.0,-1,True,False,0.5679297500901853,2,True,CS_MAP
13177,2,bicycle,a photo of a bicycle,0.1770615929718973,all,,CS_POS3_SMART,0.8574956779451717,0.9885004783163265,0.9232814785267917,0.9158533368504352,0.9308310991957105,3791,3472,0,True,5.696707303178763e-05,1,True,False,0.6804340849732744,1,True,CS_MAP
13177,2,bicycle,a photo of a bicycle,0.1770615929718973,all,,CS_POS3_CASR,0.8574956779451717,0.9885004783163265,0.9232814785267917,0.9158533368504352,0.9308310991957105,3791,3472,0,True,5.696707303178763e-05,1,True,False,0.6804340849732744,1,True,CS_MAP
457262,52,banana,a photo of a banana,0.7336105130299205,all,,CS_POS3_SAM,0.9038772982756978,0.9798907844387755,0.9495121341005754,0.9398712233779098,0.9593528816986855,10095,9488,607,True,0.2165193891557996,67,True,False,0.17026678524577732,1,True,CS_MAP
457262,52,banana,a photo of a banana,0.7336105130299205,all,,CS_POS3_SMART,0.9038772982756978,0.9798907844387755,0.9495121341005754,0.9398712233779098,0.9593528816986855,10095,9488,607,True,0.2165193891557996,67,True,False,0.17026678524577732,1,True,CS_MAP
457262,52,banana,a photo of a banana,0.7336105130299205,all,,CS_POS3_CASR,0.9038772982756978,0.9798907844387755,0.9495121341005754,0.9398712233779098,0.9593528816986855,10095,9488,607,True,0.2165193891557996,67,True,False,0.17026678524577732,1,True,CS_MAP
457262,67,dining table,a photo of a dining table,0.5364154528182394,all,,CS_POS3_SAM,0.6789973850373111,0.6990792410714286,0.8088129154795821,0.9872337794813143,0.6850120109814688,32351,31938,0,True,0.006480974052276681,52,True,False,0.14258193221907167,0,True,CS_MAP
457262,67,dining table,a photo of a dining table,0.5364154528182394,all,,CS_POS3_SMART,0.6789973850373111,0.6990792410714286,0.8088129154795821,0.9872337794813143,0.6850120109814688,32351,31938,0,True,0.006480974052276681,52,True,False,0.14258193221907167,0,True,CS_MAP
457262,67,dining table,a photo of a dining table,0.5364154528182394,all,,CS_POS3_CASR,0.6789973850373111,0.6990792410714286,0.8088129154795821,0.9872337794813143,0.6850120109814688,32351,31938,0,True,0.006480974052276681,52,True,False,0.14258193221907167,0,True,CS_MAP
377486,19,horse,a photo of a horse,0.20576968550484748,all,,CS_POS3_SAM,0.001529285823520416,0.8698780293367347,0.0030539013589861047,0.004549590536851683,0.0022983222247759134,2198,10,2151,False,0.8485452371462734,21,False,True,-0.20424039968132707,2,True,CS_MAP
377486,19,horse,a photo of a horse,0.20576968550484748,all,,CS_POS3_SMART,0.5033956868819254,0.9169323979591837,0.6696782374385798,0.5110681020926575,0.9710411399678235,8267,4225,3328,True,0.22843047269389627,21,True,False,0.2976260013770779,0,True,CS_MAP
377486,19,horse,a photo of a horse,0.20576968550484748,all,,CS_POS3_CASR,0.5033956868819254,0.9169323979591837,0.6696782374385798,0.5110681020926575,0.9710411399678235,8267,4225,3328,True,0.22843047269389627,21,True,False,0.2976260013770779,0,True,CS_MAP
377486,1,person,a photo of a person,0.19971817754814467,all,,CS_POS3_SAM,0.0013827716890300113,0.22277582908163265,0.0027617245435483046,0.0015629522431259044,0.011852502194907815,34550,54,356,False,0.009662626924336719,21,False,False,-0.19833540585911466,0,True,CS_MAP
377486,1,person,a photo of a person,0.19971817754814467,all,,CS_POS3_SMART,0.0013827716890300113,0.22277582908163265,0.0027617245435483046,0.0015629522431259044,0.011852502194907815,34550,54,356,False,0.009662626924336719,21,False,False,-0.19833540585911466,0,True,CS_MAP
377486,1,person,a photo of a person,0.19971817754814467,all,,CS_POS3_CASR,0.19971817754814467,0.6604352678571429,0.3329418213139143,0.20261126465262555,0.9332748024582967,20986,4252,4446,False,0.20732869532068998,19,False,False,0.0,0,False,CS_MAP
538236,58,hot dog,a photo of a hot dog,0.5904282545640676,all,,CS_POS3_SAM,0.20313572114724854,0.5370894451530612,0.33767715075993043,0.7119153540940243,0.22132924641148324,8317,5921,0,True,0.0,-1,True,False,-0.387292533416819,1,True,CS_MAP
538236,58,hot dog,a photo of a hot dog,0.5904282545640676,all,,CS_POS3_SMART,0.41246271130261847,0.6467235331632653,0.5840334162481814,0.784516454419367,0.4651614832535885,15862,12444,0,True,0.0,-1,True,False,-0.1779655432614491,0,True,CS_MAP
538236,58,hot dog,a photo of a hot dog,0.5904282545640676,all,,CS_POS3_CASR,0.5904282545640676,0.7129504145408163,0.7424770691412327,0.7116221681461425,0.7761288875598086,29177,20763,138,True,0.004267695128505042,1,True,False,0.0,0,False,CS_MAP
538236,1,person,a photo of a person,0.09811955490382127,all,,CS_POS3_SAM,0.4592709270927093,0.9521085778061225,0.6294525828835775,0.5241397021058039,0.7877267464299498,3894,2041,206,True,0.05177250701351696,31,True,False,0.36115137218888804,1,True,CS_MAP
538236,1,person,a photo of a person,0.09811955490382127,all,,CS_POS3_SMART,0.4592709270927093,0.9521085778061225,0.6294525828835775,0.5241397021058039,0.7877267464299498,3894,2041,206,True,0.05177250701351696,31,True,False,0.36115137218888804,1,True,CS_MAP
538236,1,person,a photo of a person,0.09811955490382127,all,,CS_POS3_CASR,0.4592709270927093,0.9521085778061225,0.6294525828835775,0.5241397021058039,0.7877267464299498,3894,2041,206,True,0.05177250701351696,31,True,False,0.36115137218888804,1,True,CS_MAP
201646,62,chair,a photo of a chair,0.2538360368259535,all,,CS_POS3_SAM,0.890728476821192,0.9901347257653061,0.9422066549912435,0.895075421472937,0.9945772738476707,4508,4035,229,True,0.9139645482057933,63,False,True,0.6368924399952385,2,True,CS_MAP
201646,62,chair,a photo of a chair,0.2538360368259535,all,,CS_POS3_SMART,0.12320391317639866,0.4284119897959184,0.21937942297223734,0.12330569409172965,0.9933448360857776,32683,4030,234,True,0.12889850919179294,63,False,False,-0.13063212364955484,1,True,CS_MAP
201646,62,chair,a photo of a chair,0.2538360368259535,all,,CS_POS3_CASR,0.12320391317639866,0.4284119897959184,0.21937942297223734,0.12330569409172965,0.9933448360857776,32683,4030,234,True,0.12889850919179294,63,False,False,-0.13063212364955484,1,True,CS_MAP
201646,1,person,a photo of a person,0.5203611571770775,all,,CS_POS3_SAM,0.0006630985648652489,0.15900031887755103,0.0013253183130591186,0.0009508285791904374,0.0021864750898016555,29448,28,34,False,0.0010071090047393365,63,False,False,-0.5196980586122123,1,True,CS_MAP
201646,1,person,a photo of a person,0.5203611571770775,all,,CS_POS3_SMART,0.0006433626420759168,0.1641422193877551,0.0012858979854264896,0.0009250376867205701,0.0021083866937373105,29188,27,6,True,0.00017895490336435218,63,True,False,-0.5197177945350017,2,True,CS_MAP
201646,1,person,a photo of a person,0.5203611571770775,all,,CS_POS3_CASR,0.5203611571770775,0.7924904336734694,0.6845230881105321,0.5592632933953857,0.8820865219428393,20198,11296,1017,True,0.04189837415630174,63,True,False,0.0,2,False,CS_MAP
436738,6,bus,a photo of a bus,0.1701188625307187,all,,CS_POS3_SAM,0.943849493487699,0.9961336096938775,0.9711137581893985,0.9822289156626506,0.9602473498233216,3320,3261,9,True,0.004131418453669093,3,True,False,0.7737306309569802,1,True,CS_MAP
436738,6,bus,a photo of a bus,0.1701188625307187,all,,CS_POS3_SMART,0.8016350084154845,0.9835578762755102,0.8898972374215934,0.8137661703685624,0.9817432273262662,4097,3334,631,True,0.12275677739595266,3,True,False,0.6315161458847658,0,True,CS_MAP
436738,6,bus,a photo of a bus,0.1701188625307187,all,,CS_POS3_CASR,0.8016350084154845,0.9835578762755102,0.8898972374215934,0.8137661703685624,0.9817432273262662,4097,3334,631,True,0.12275677739595266,3,True,False,0.6315161458847658,0,True,CS_MAP
436738,3,car,a photo of a car,0.11001297177095559,all,,CS_POS3_SAM,0.7002610966057441,0.9885602678571429,0.8237100737100738,0.9110054347826086,0.7516816143497758,1472,1341,50,True,0.01079734219269103,6,True,False,0.5902481248347885,0,True,CS_MAP
436738,3,car,a photo of a car,0.11001297177095559,all,,CS_POS3_SMART,0.7002610966057441,0.9885602678571429,0.8237100737100738,0.9110054347826086,0.7516816143497758,1472,1341,50,True,0.01079734219269103,6,True,False,0.5902481248347885,0,True,CS_MAP
436738,3,car,a photo of a car,0.11001297177095559,all,,CS_POS3_CASR,0.7002610966057441,0.9885602678571429,0.8237100737100738,0.9110054347826086,0.7516816143497758,1472,1341,50,True,0.01079734219269103,6,True,False,0.5902481248347885,0,True,CS_MAP
356387,4,motorcycle,a photo of a motorcycle,0.34163457424047927,all,,CS_POS3_SAM,0.18958803033408486,0.9211973852040817,0.31874569262577535,0.5409356725146199,0.22594040058622375,1710,925,195,True,0.10717039321511179,2,True,False,-0.1520465439063944,1,True,CS_MAP
356387,4,motorcycle,a photo of a motorcycle,0.34163457424047927,all,,CS_POS3_SMART,0.3551288704376405,0.9257015306122449,0.5241256063313761,0.5489304812834225,0.5014655593551539,3740,2053,622,True,0.1679771265189421,2,True,False,0.013494296197161249,0,True,CS_MAP
356387,4,motorcycle,a photo of a motorcycle,0.34163457424047927,all,,CS_POS3_CASR,0.3551288704376405,0.9257015306122449,0.5241256063313761,0.5489304812834225,0.5014655593551539,3740,2053,622,True,0.1679771265189421,2,True,False,0.013494296197161249,0,True,CS_MAP
356387,2,bicycle,a photo of a bicycle,0.10285006195786865,all,,CS_POS3_SAM,0.021032132424537487,0.8998126594387755,0.041197787526225445,0.02646410193580005,0.09294320137693632,4081,108,141,False,0.01691752705560393,4,True,False,-0.08181792953333117,0,True,CS_MAP
356387,2,bicycle,a photo of a bicycle,0.10285006195786865,all,,CS_POS3_SMART,0.38648180242634317,0.9717793367346939,0.5575,0.43768400392541706,0.7676419965576592,2038,892,282,True,0.048205128205128206,4,True,False,0.2836317404684745,1,True,CS_MAP
356387,2,bicycle,a photo of a bicycle,0.10285006195786865,all,,CS_POS3_CASR,0.38648180242634317,0.9717793367346939,0.5575,0.43768400392541706,0.7676419965576592,2038,892,282,True,0.048205128205128206,4,True,False,0.2836317404684745,1,True,CS_MAP
14038,65,bed,a photo of a bed,0.027765675129718382,all,,CS_POS3_SAM,0.018791415290277915,0.8022759885204082,0.03688962236676051,0.019793728513386812,0.2706552706552707,9599,190,23,True,0.0022794846382556988,67,True,False,-0.008974259839440467,0,True,CS_MAP
14038,65,bed,a photo of a bed,0.027765675129718382,all,,CS_POS3_SMART,0.018791415290277915,0.8022759885204082,0.03688962236676051,0.019793728513386812,0.2706552706552707,9599,190,23,True,0.0022794846382556988,67,True,False,-0.008974259839440467,0,True,CS_MAP
14038,65,bed,a photo of a bed,0.027765675129718382,all,,CS_POS3_CASR,0.027765675129718382,0.5108019770408163,0.05403113920147988,0.02776677493464311,0.9985754985754985,25246,701,2099,False,0.03798384638829625,82,False,False,0.0,0,False,CS_MAP
14038,82,refrigerator,a photo of a refrigerator,0.07168859104823364,all,,CS_POS3_SAM,0.0,0.9135841836734694,0.0,0.0,0.0,2337,0,0,False,0.0,-1,False,False,-0.07168859104823364,1,True,CS_MAP
14038,82,refrigerator,a photo of a refrigerator,0.07168859104823364,all,,CS_POS3_SMART,0.0,0.9135841836734694,0.0,0.0,0.0,2337,0,0,False,0.0,-1,False,False,-0.07168859104823364,1,True,CS_MAP
14038,82,refrigerator,a photo of a refrigerator,0.07168859104823364,all,,CS_POS3_CASR,0.0,0.9135841836734694,0.0,0.0,0.0,2337,0,0,False,0.0,-1,False,False,-0.07168859104823364,1,True,CS_MAP
60899,62,chair,a photo of a chair,0.45099871914702117,all,,CS_POS3_SAM,0.34267524738772404,0.8106863839285714,0.5104365304334382,0.9434177938654982,0.34986576232867034,5249,4952,10,True,0.004584264512062346,1,True,False,-0.10832347175929713,0,True,CS_MAP
60899,62,chair,a photo of a chair,0.45099871914702117,all,,CS_POS3_SMART,0.34267524738772404,0.8106863839285714,0.5104365304334382,0.9434177938654982,0.34986576232867034,5249,4952,10,True,0.004584264512062346,1,True,False,-0.10832347175929713,0,True,CS_MAP
60899,62,chair,a photo of a chair,0.45099871914702117,all,,CS_POS3_CASR,0.34267524738772404,0.8106863839285714,0.5104365304334382,0.9434177938654982,0.34986576232867034,5249,4952,10,True,0.004584264512062346,1,True,False,-0.10832347175929713,0,True,CS_MAP
60899,1,person,a photo of a person,0.4412749596924222,all,,CS_POS3_SAM,0.9221595487510073,0.9807477678571429,0.9595036471870546,0.9889388178361562,0.9317700700211692,11572,11444,12,True,0.007835148476063621,62,True,False,0.48088458905858505,0,True,CS_MAP
60899,1,person,a photo of a person,0.4412749596924222,all,,CS_POS3_SMART,0.9221595487510073,0.9807477678571429,0.9595036471870546,0.9889388178361562,0.9317700700211692,11572,11444,12,True,0.007835148476063621,62,True,False,0.48088458905858505,0,True,CS_MAP
60899,1,person,a photo of a person,0.4412749596924222,all,,CS_POS3_CASR,0.9221595487510073,0.9807477678571429,0.9595036471870546,0.9889388178361562,0.9317700700211692,11572,11444,12,True,0.007835148476063621,62,True,False,0.48088458905858505,0,True,CS_MAP
421060,35,skis,a photo of a skis,0.014739839901477833,all,,CS_POS3_SAM,0.003218226399673069,0.6111088966836735,0.006415805285401497,0.0032954961552544857,0.1206896551724138,19117,63,34,True,0.0014663388967956182,1,True,False,-0.011521613501804764,2,True,CS_MAP
421060,35,skis,a photo of a skis,0.014739839901477833,all,,CS_POS3_SMART,0.003218226399673069,0.6111088966836735,0.006415805285401497,0.0032954961552544857,0.1206896551724138,19117,63,34,True,0.0014663388967956182,1,True,False,-0.011521613501804764,2,True,CS_MAP
421060,35,skis,a photo of a skis,0.014739839901477833,all,,CS_POS3_CASR,0.014739839901477833,0.48977598852040816,0.02905146584746084,0.014819113948539369,0.7337164750957854,25845,383,346,True,0.011688004594128974,1,True,False,0.0,2,False,CS_MAP
421060,1,person,a photo of a person,0.12633403265529508,all,,CS_POS3_SAM,0.03456567478208596,0.5518973214285714,0.06682161533991865,0.04027013506753377,0.19615009746588694,19990,805,0,True,0.0,-1,True,False,-0.09176835787320911,0,True,CS_MAP
421060,1,person,a photo of a person,0.12633403265529508,all,,CS_POS3_SMART,0.033137097493533135,0.5679408482142857,0.06414849989207856,0.0389801164681811,0.18104288499025342,19061,743,0,True,0.0,-1,True,False,-0.09319693516176195,1,True,CS_MAP
421060,1,person,a photo of a person,0.12633403265529508,all,,CS_POS3_CASR,0.12633403265529508,0.6182238520408163,0.2243278263686427,0.13451825951825952,0.6749512670565302,20592,2770,442,True,0.022222222222222223,35,True,False,0.0,1,False,CS_MAP
537991,1,person,a photo of a person,0.7487739141960854,all,,CS_POS3_SAM,0.8723821668546765,0.9481425382653061,0.9318419949706622,0.9462680214927914,0.9178492182259147,18797,17787,49,True,0.009217776404552243,77,True,False,0.1236082526585911,0,True,CS_MAP
537991,1,person,a photo of a person,0.7487739141960854,all,,CS_POS3_SMART,0.8723821668546765,0.9481425382653061,0.9318419949706622,0.9462680214927914,0.9178492182259147,18797,17787,49,True,0.009217776404552243,77,True,False,0.1236082526585911,0,True,CS_MAP
537991,1,person,a photo of a person,0.7487739141960854,all,,CS_POS3_CASR,0.8723821668546765,0.9481425382653061,0.9318419949706622,0.9462680214927914,0.9178492182259147,18797,17787,49,True,0.009217776404552243,77,True,False,0.1236082526585911,0,True,CS_MAP
537991,77,cell phone,a photo of a cell phone,0.04865455870740448,all,,CS_POS3_SAM,0.048912430970359515,0.8318120216836735,0.09326313527452455,0.051022807430049374,0.5418227215980025,8506,434,7745,False,0.4116843011188174,1,False,False,0.000257872262955032,1,True,CS_MAP
537991,77,cell phone,a photo of a cell phone,0.04865455870740448,all,,CS_POS3_SMART,0.04004841595621513,0.6364596619897959,0.07701259930172545,0.040132897373694756,0.9500624219725343,18962,761,17259,False,0.8821363703303716,1,False,True,-0.008606142751189351,0,True,CS_MAP
537991,77,cell phone,a photo of a cell phone,0.04865455870740448,all,,CS_POS3_CASR,0.04865455870740448,0.687858737244898,0.09279425393883226,0.04865455870740448,1.0,16463,801,6180,False,0.1846636919517435,1,False,False,0.0,0,False,CS_MAP
127660,33,suitcase,a photo of a suitcase,0.6768859329446064,all,,CS_POS3_SAM,0.5293937381888758,0.8163663903061225,0.6922922789206519,0.9999035307736832,0.5294207784247625,10366,10365,0,True,0.0,-1,True,False,-0.1474921947557306,1,True,CS_MAP
127660,33,suitcase,a photo of a suitcase,0.6768859329446064,all,,CS_POS3_SMART,0.7881364409322796,0.9155771683673469,0.8815171179234728,0.974279708173612,0.8048830319746655,16174,15758,364,True,0.018147761469016765,1,True,False,0.11125050798767322,0,True,CS_MAP
127660,33,suitcase,a photo of a suitcase,0.6768859329446064,all,,CS_POS3_CASR,0.7881364409322796,0.9155771683673469,0.8815171179234728,0.974279708173612,0.8048830319746655,16174,15758,364,True,0.018147761469016765,1,True,False,0.11125050798767322,0,True,CS_MAP
127660,1,person,a photo of a person,0.41604733386247206,all,,CS_POS3_SAM,0.7328322820203105,0.8809789540816326,0.8458202096349461,0.7531147993195715,0.9645527880821998,21751,16381,5020,True,0.15013636110647297,33,True,False,0.3167849481578384,0,True,CS_MAP
127660,1,person,a photo of a person,0.41604733386247206,all,,CS_POS3_SMART,0.7328322820203105,0.8809789540816326,0.8458202096349461,0.7531147993195715,0.9645527880821998,21751,16381,5020,True,0.15013636110647297,33,True,False,0.3167849481578384,0,True,CS_MAP
127660,1,person,a photo of a person,0.41604733386247206,all,,CS_POS3_CASR,0.41604733386247206,0.6774154974489796,0.5876178343949044,0.5178964386760677,0.6790319731496202,22267,11532,2801,True,0.07820149446019067,33,True,False,0.0,0,False,CS_MAP
568439,6,bus,a photo of a bus,0.6102768127311442,all,,CS_POS3_SAM,0.5754000323258445,0.8952885841836735,0.7304811736944701,0.9628127112914131,0.5884783866435243,7395,7120,0,True,0.007431786813886824,1,True,False,-0.034876780405299734,0,True,CS_MAP
568439,6,bus,a photo of a bus,0.6102768127311442,all,,CS_POS3_SMART,0.5754000323258445,0.8952885841836735,0.7304811736944701,0.9628127112914131,0.5884783866435243,7395,7120,0,True,0.007431786813886824,1,True,False,-0.034876780405299734,0,True,CS_MAP
568439,6,bus,a photo of a bus,0.6102768127311442,all,,CS_POS3_CASR,0.5754000323258445,0.8952885841836735,0.7304811736944701,0.9628127112914131,0.5884783866435243,7395,7120,0,True,0.007431786813886824,1,True,False,-0.034876780405299734,0,True,CS_MAP
568439,1,person,a photo of a person,0.08748780177351606,all,,CS_POS3_SAM,0.8784222737819025,0.9947783801020408,0.9352766798418972,0.9687819856704196,0.9040114613180515,1954,1893,2,True,0.04708290685772774,27,True,False,0.7909344720083864,0,True,CS_MAP
568439,1,person,a photo of a person,0.08748780177351606,all,,CS_POS3_SMART,0.8784222737819025,0.9947783801020408,0.9352766798418972,0.9687819856704196,0.9040114613180515,1954,1893,2,True,0.04708290685772774,27,True,False,0.7909344720083864,0,True,CS_MAP
568439,1,person,a photo of a person,0.08748780177351606,all,,CS_POS3_CASR,0.8784222737819025,0.9947783801020408,0.9352766798418972,0.9687819856704196,0.9040114613180515,1954,1893,2,True,0.04708290685772774,27,True,False,0.7909344720083864,0,True,CS_MAP
284445,1,person,a photo of a person,0.3699209570604572,all,,CS_POS3_SAM,0.2950886488689627,0.8621253188775511,0.45570416994492524,0.9836956521739131,0.29653901290190454,2944,2896,0,True,0.029202037351443125,27,True,False,-0.0748323081914945,0,True,CS_MAP
284445,1,person,a photo of a person,0.3699209570604572,all,,CS_POS3_SMART,0.2950886488689627,0.8621253188775511,0.45570416994492524,0.9836956521739131,0.29653901290190454,2944,2896,0,True,0.029202037351443125,27,True,False,-0.0748323081914945,0,True,CS_MAP
284445,1,person,a photo of a person,0.3699209570604572,all,,CS_POS3_CASR,0.3699209570604572,0.7060945471938775,0.5400617534229486,0.38830335919630443,0.886545156665984,22297,8658,166,True,0.004392452153646183,3,True,False,0.0,0,False,CS_MAP
284445,10,traffic light,a photo of a traffic light,0.04425641025641026,all,,CS_POS3_SAM,0.2847222222222222,0.9815250318877551,0.44324324324324327,0.4600997506234414,0.4275782155272306,802,369,17,True,0.001611221685148327,1,True,False,0.24046581196581196,2,True,CS_MAP
284445,10,traffic light,a photo of a traffic light,0.04425641025641026,all,,CS_POS3_SMART,0.387434554973822,0.9836774553571429,0.5584905660377358,0.5221774193548387,0.6002317497103129,992,518,17,True,0.0015827204170933806,1,True,False,0.34317814471741176,1,True,CS_MAP
284445,10,traffic light,a photo of a traffic light,0.04425641025641026,all,,CS_POS3_CASR,0.387434554973822,0.9836774553571429,0.5584905660377358,0.5221774193548387,0.6002317497103129,992,518,17,True,0.0015827204170933806,1,True,False,0.34317814471741176,1,True,CS_MAP
422998,44,bottle,a photo of a bottle,0.285205259460002,all,,CS_POS3_SAM,0.7178829190056135,0.9649433992346939,0.8357763047334515,0.9405337255725993,0.7520161290322581,4759,4476,22,True,0.010631048112307483,54,True,False,0.4326776595456115,1,True,CS_MAP
422998,44,bottle,a photo of a bottle,0.285205259460002,all,,CS_POS3_SMART,0.5758587786259542,0.9291294642857143,0.7308507417499243,0.6650137741046832,0.8111559139784946,7260,4828,482,True,0.0589491670226399,54,True,False,0.2906535191659522,0,True,CS_MAP
422998,44,bottle,a photo of a bottle,0.285205259460002,all,,CS_POS3_CASR,0.285205259460002,0.7161391900510204,0.4438283415986567,0.2891082057282393,0.9548051075268817,19657,5683,4922,True,0.09214878983317071,1,True,False,0.0,0,False,CS_MAP
422998,1,person,a photo of a person,0.8963412418704356,all,,CS_POS3_SAM,0.42955093429776975,0.6982222576530612,0.600959257892795,0.9735314207650273,0.4346268201570481,11712,11402,0,True,0.0,-1,True,False,-0.4667903075726659,1,True,CS_MAP
422998,1,person,a photo of a person,0.8963412418704356,all,,CS_POS3_SMART,0.42955093429776975,0.6982222576530612,0.600959257892795,0.9735314207650273,0.4346268201570481,11712,11402,0,True,0.0,-1,True,False,-0.4667903075726659,1,True,CS_MAP
422998,1,person,a photo of a person,0.8963412418704356,all,,CS_POS3_CASR,0.42955093429776975,0.6982222576530612,0.600959257892795,0.9735314207650273,0.4346268201570481,11712,11402,0,True,0.0,-1,True,False,-0.4667903075726659,1,True,CS_MAP
181499,73,laptop,a photo of a laptop,0.4782688093498904,all,,CS_POS3_SAM,0.929456951627624,0.9630301339285714,0.9634389104598222,0.9912398101958876,0.9371549079754601,24657,24441,2,True,0.3000607164541591,76,True,False,0.4511881422777336,0,True,CS_MAP
181499,73,laptop,a photo of a laptop,0.4782688093498904,all,,CS_POS3_SMART,0.929456951627624,0.9630301339285714,0.9634389104598222,0.9912398101958876,0.9371549079754601,24657,24441,2,True,0.3000607164541591,76,True,False,0.4511881422777336,0,True,CS_MAP
181499,73,laptop,a photo of a laptop,0.4782688093498904,all,,CS_POS3_CASR,0.4782688093498904,0.6583625637755102,0.6470660901791229,0.6987105380168964,0.6025306748466258,22490,15714,0,True,0.2837976853836262,76,True,False,0.0,0,False,CS_MAP
181499,76,keyboard,a photo of a keyboard,0.345648090169067,all,,CS_POS3_SAM,0.8804449805656078,0.9822225765306123,0.9364219529579473,1.0,0.8804449805656078,6569,6569,0,True,0.2518788343558282,73,True,False,0.5347968903965408,1,True,CS_MAP
181499,76,keyboard,a photo of a keyboard,0.345648090169067,all,,CS_POS3_SMART,0.6185722674272293,0.9093789859693877,0.7643430940658201,0.6231198242352544,0.9883393646964214,11834,7374,4433,True,0.45219855982840507,73,True,False,0.27292417725816226,0,True,CS_MAP
181499,76,keyboard,a photo of a keyboard,0.345648090169067,all,,CS_POS3_CASR,0.6185722674272293,0.9093789859693877,0.7643430940658201,0.6231198242352544,0.9883393646964214,11834,7374,4433,True,0.45219855982840507,73,True,False,0.27292417725816226,0,True,CS_MAP
27186,63,couch,a photo of a couch,0.7186114819759679,all,,CS_POS3_SAM,0.6557302494802495,0.8943917410714286,0.7920737688836571,0.9695485110470701,0.6695190713101161,10410,10093,11,True,0.0006482748685442628,1,True,False,-0.06288123249571842,2,True,CS_MAP
27186,63,couch,a photo of a couch,0.7186114819759679,all,,CS_POS3_SMART,0.948051948051948,0.9838169642857143,0.9733333333333334,0.9638373983739837,0.9830182421227197,15375,14819,9,True,0.0002748930971288943,1,True,False,0.22944046607598012,1,True,CS_MAP
27186,63,couch,a photo of a couch,0.7186114819759679,all,,CS_POS3_CASR,0.948051948051948,0.9838169642857143,0.9733333333333334,0.9638373983739837,0.9830182421227197,15375,14819,9,True,0.0002748930971288943,1,True,False,0.22944046607598012,1,True,CS_MAP
27186,1,person,a photo of a person,0.5110938267561814,all,,CS_POS3_SAM,0.000356581017304667,0.05018335459183673,0.0007129078252117756,0.0005607230028365987,0.0009784735812133072,30318,17,13743,False,0.434218009478673,63,False,False,-0.5107372457388768,0,True,CS_MAP
27186,1,person,a photo of a person,0.5110938267561814,all,,CS_POS3_SMART,0.00010804503316982519,0.0778061224489796,0.00021606672140356942,0.00017296250172962502,0.0002877863474156786,28908,5,13754,False,0.45499354924079527,63,False,False,-0.5109857817230116,1,True,CS_MAP
27186,1,person,a photo of a person,0.5110938267561814,all,,CS_POS3_CASR,0.5110938267561814,0.7619778380102041,0.6764554492997047,0.6389784533497108,0.7186025094969495,19539,12485,3689,True,0.12139177762659151,63,True,False,0.0,1,False,CS_MAP
150649,41,skateboard,a photo of a skateboard,0.02918321533413918,all,,CS_POS3_SAM,0.012099213551119177,0.4467275191326531,0.023909145248057383,0.012245632991175941,0.5029585798816568,27765,340,43,True,0.0013235471062447359,1,True,False,-0.017084001783020004,0,True,CS_MAP
150649,41,skateboard,a photo of a skateboard,0.02918321533413918,all,,CS_POS3_SMART,0.012099213551119177,0.4467275191326531,0.023909145248057383,0.012245632991175941,0.5029585798816568,27765,340,43,True,0.0013235471062447359,1,True,False,-0.017084001783020004,0,True,CS_MAP
150649,41,skateboard,a photo of a skateboard,0.02918321533413918,all,,CS_POS3_CASR,0.02918321533413918,0.5518176020408163,0.056711409395973154,0.02918321533413918,1.0,23164,676,1927,False,0.07502342139778902,1,False,False,0.0,0,False,CS_MAP
150649,1,person,a photo of a person,0.19556145675265554,all,,CS_POS3_SAM,0.5759116409537167,0.951789700255102,0.7308933140505062,0.9477784189267167,0.594785442694188,3466,3285,73,True,0.03137450199203187,41,True,False,0.38035018420106115,0,True,CS_MAP
150649,1,person,a photo of a person,0.19556145675265554,all,,CS_POS3_SMART,0.5759116409537167,0.951789700255102,0.7308933140505062,0.9477784189267167,0.594785442694188,3466,3285,73,True,0.03137450199203187,41,True,False,0.38035018420106115,0,True,CS_MAP
150649,1,person,a photo of a person,0.19556145675265554,all,,CS_POS3_CASR,0.5759116409537167,0.951789700255102,0.7308933140505062,0.9477784189267167,0.594785442694188,3466,3285,73,True,0.03137450199203187,41,True,False,0.38035018420106115,0,True,CS_MAP
446005,79,oven,a photo of a oven,0.2015920170627666,all,,CS_POS3_SAM,0.696074857212298,0.9501554528061225,0.8208067636311528,0.737004632012352,0.9261115602263541,7772,5728,2014,True,0.2504040780803183,78,True,False,0.49448284014953137,1,True,CS_MAP
446005,79,oven,a photo of a oven,0.2015920170627666,all,,CS_POS3_SMART,0.696074857212298,0.9501554528061225,0.8208067636311528,0.737004632012352,0.9261115602263541,7772,5728,2014,True,0.2504040780803183,78,True,False,0.49448284014953137,1,True,CS_MAP
446005,79,oven,a photo of a oven,0.2015920170627666,all,,CS_POS3_CASR,0.696074857212298,0.9501554528061225,0.8208067636311528,0.737004632012352,0.9261115602263541,7772,5728,2014,True,0.2504040780803183,78,True,False,0.49448284014953137,1,True,CS_MAP
446005,78,microwave,a photo of a microwave,0.08136157688882005,all,,CS_POS3_SAM,0.25115236078235953,0.8802016900510204,0.40147366324803346,0.25986078886310904,0.8822757111597375,7758,2016,5719,False,0.6954036964980544,79,False,True,0.16979078389353947,1,True,CS_MAP
446005,78,microwave,a photo of a microwave,0.08136157688882005,all,,CS_POS3_SMART,0.25115236078235953,0.8802016900510204,0.40147366324803346,0.25986078886310904,0.8822757111597375,7758,2016,5719,False,0.6954036964980544,79,False,True,0.16979078389353947,1,True,CS_MAP
446005,78,microwave,a photo of a microwave,0.08136157688882005,all,,CS_POS3_CASR,0.25115236078235953,0.8802016900510204,0.40147366324803346,0.25986078886310904,0.8822757111597375,7758,2016,5719,False,0.6954036964980544,79,False,True,0.16979078389353947,1,True,CS_MAP
532575,18,dog,a photo of a dog,0.8511472275334608,all,,CS_POS3_SAM,0.7765226820892824,0.9014269770408163,0.8742051986367567,0.830642822619623,0.9225896499892635,20690,17186,3124,True,0.0890882871334722,9,True,False,-0.0746245454441784,0,True,CS_MAP
532575,18,dog,a photo of a dog,0.8511472275334608,all,,CS_POS3_SMART,0.8950446618460229,0.9606584821428571,0.9446159025868358,0.989420477254026,0.9036933648271419,17014,16834,58,True,0.005282977974045678,9,True,False,0.0438974343125621,1,True,CS_MAP
532575,18,dog,a photo of a dog,0.8511472275334608,all,,CS_POS3_CASR,0.8950446618460229,0.9606584821428571,0.9446159025868358,0.989420477254026,0.9036933648271419,17014,16834,58,True,0.005282977974045678,9,True,False,0.0438974343125621,1,True,CS_MAP
532575,9,boat,a photo of a boat,0.46496328029375766,all,,CS_POS3_SAM,0.08638350405391879,0.454280931122449,0.15902948402948403,0.20765158806544753,0.12885725661955008,12468,2589,7,True,0.0002251600244459455,18,True,False,-0.37857977623983885,0,True,CS_MAP
532575,9,boat,a photo of a boat,0.46496328029375766,all,,CS_POS3_SMART,0.08638350405391879,0.454280931122449,0.15902948402948403,0.20765158806544753,0.12885725661955008,12468,2589,7,True,0.0002251600244459455,18,True,False,-0.37857977623983885,0,True,CS_MAP
532575,9,boat,a photo of a boat,0.46496328029375766,all,,CS_POS3_CASR,0.46496328029375766,0.7212213010204082,0.6347780678851175,0.6676186291739895,0.6050169221580729,18208,12156,254,True,0.01028496201420696,18,True,False,0.0,0,False,CS_MAP
169076,1,person,a photo of a person,0.07816388607244908,all,,CS_POS3_SAM,0.05966350444584008,0.4330357142857143,0.11260839727993012,0.05966350444584008,1.0,30253,1805,15029,False,0.26810152529089043,17,False,False,-0.018500381626608997,0,True,CS_MAP
169076,1,person,a photo of a person,0.07816388607244908,all,,CS_POS3_SMART,0.05966350444584008,0.4330357142857143,0.11260839727993012,0.05966350444584008,1.0,30253,1805,15029,False,0.26810152529089043,17,False,False,-0.018500381626608997,0,True,CS_MAP
169076,1,person,a photo of a person,0.07816388607244908,all,,CS_POS3_CASR,0.07816388607244908,0.6013632015306123,0.14499444301957767,0.07855852517485756,0.939612188365651,21589,1696,11775,False,0.4069581332659422,17,False,False,0.0,0,False,CS_MAP
169076,17,cat,a photo of a cat,0.5632512879221523,all,,CS_POS3_SAM,0.2693222491629142,0.3693797831632653,0.42435598893901905,0.27027089657729475,0.9871349978840457,43153,11663,8248,True,0.2665712372728742,18,True,False,-0.2939290387592381,0,True,CS_MAP
169076,17,cat,a photo of a cat,0.5632512879221523,all,,CS_POS3_SMART,0.2693222491629142,0.3693797831632653,0.42435598893901905,0.27027089657729475,0.9871349978840457,43153,11663,8248,True,0.2665712372728742,18,True,False,-0.2939290387592381,0,True,CS_MAP
169076,17,cat,a photo of a cat,0.5632512879221523,all,,CS_POS3_CASR,0.5632512879221523,0.8479352678571429,0.7206151592823141,0.6350435624394967,0.8328396106644097,15495,9840,355,True,0.5546093616048465,18,True,False,0.0,0,False,CS_MAP
