image_id,category_id,category,prompt,baseline_iou,baseline_group,baseline_subtype,method,iou,pacc,dice,precision,recall,predicted_pixels,target_intersection_pixels,distractor_intersection_pixels,target_overlap_preferred,max_distractor_iou,max_distractor_category_id,semantic_success,precise_wrong_object,delta_iou,candidate,use_sam,own_map_baseline
356347,51,bowl,a photo of a bowl,0.31659103486441614,all,,CS_OFFICIAL_SAM,0.08826578807916503,0.2113360969387755,0.16221365965194562,0.5498779962681212,0.09513994089452901,6967,3831,0,True,0.0,-1,True,False,-0.22832524678525112,1,True,CS_MAP
356347,50,spoon,a photo of a spoon,0.12554706037437385,all,,CS_OFFICIAL_SAM,0.42704174228675135,0.9370814732142857,0.5984993005214295,0.4334929992630803,0.9663244353182752,5428,2353,3073,False,0.09109360076408787,51,True,False,0.3014946819123775,1,True,CS_MAP
207585,32,tie,a photo of a tie,0.03800573671497585,all,,CS_OFFICIAL_SAM,0.41042893187552565,0.9860291772959183,0.5819916517590936,0.953125,0.4188841201716738,512,488,24,True,0.01713018943974204,88,True,False,0.3724231951605498,0,True,CS_MAP
207585,88,teddy bear,a photo of a teddy bear,0.8377680511383317,all,,CS_OFFICIAL_SAM,0.7391420642615935,0.8445073341836735,0.8500076899415564,0.9937516856963049,0.7425932146456163,22246,22107,0,True,0.027564412061624896,32,True,False,-0.09862598687673829,1,True,CS_MAP
248752,39,baseball bat,a photo of a baseball bat,0.028928658985045354,all,,CS_OFFICIAL_SAM,0.031127770534550195,0.7630341198979592,0.060376165639323534,0.0319772308722585,0.53954802259887,11946,382,11091,False,0.8750096562379297,1,False,True,0.002199111549504841,1,True,CS_MAP
248752,1,person,a photo of a person,0.4524904379216984,all,,CS_OFFICIAL_SAM,0.0002418220189940204,0.09365035076530612,0.00048352711048594475,0.0003315949718144274,0.0008924225214992698,33173,11,0,True,0.0,-1,True,False,-0.4522486159027044,2,True,CS_MAP
227187,52,banana,a photo of a banana,0.05713718877095526,all,,CS_OFFICIAL_SAM,0.24373956594323873,0.9729153380102041,0.3919463087248322,0.46008403361344535,0.34138737334372565,952,438,412,True,0.21839080459770116,16,True,False,0.18660237717228345,2,True,CS_MAP
227187,16,bird,a photo of a bird,0.08648242150780222,all,,CS_OFFICIAL_SAM,0.23482658959537572,0.9788942920918368,0.38033937975424226,0.9878419452887538,0.23550724637681159,329,325,0,True,0.0,-1,True,False,0.1483441680875735,1,True,CS_MAP
110042,64,potted plant,a photo of a potted plant,0.06876192206376601,all,,CS_OFFICIAL_SAM,0.21324921135646688,0.9751474808673469,0.3515340613624545,0.9883040935672515,0.2137887413029728,342,338,0,True,0.0,-1,True,False,0.14448728929270088,0,True,CS_MAP
110042,70,toilet,a photo of a toilet,0.180153153864372,all,,CS_OFFICIAL_SAM,0.9456048738033073,0.9975087691326531,0.972042048758667,0.999080459770115,0.9464285714285714,2175,2173,0,True,0.0,-1,True,False,0.7654517199389352,1,True,CS_MAP
304404,1,person,a photo of a person,0.3555482193702802,all,,CS_OFFICIAL_SAM,0.1999061473486626,0.7961176658163265,0.33320297223308565,0.9853508095605242,0.20050203953561344,2594,2556,0,True,0.005139500734214391,39,True,False,-0.1556420720216176,1,True,CS_MAP
304404,28,umbrella,a photo of a umbrella,0.03992963940193492,all,,CS_OFFICIAL_SAM,0.9430199430199431,0.9992028061224489,0.9706744868035191,0.9692532942898975,0.9720998531571219,683,662,1,True,0.0011180679785330948,1,True,False,0.9030903036180081,1,True,CS_MAP
339823,1,person,a photo of a person,0.5403726708074534,all,,CS_OFFICIAL_SAM,0.3765990438041091,0.8076969068877551,0.5471441310367485,0.9697221760106471,0.3810800209205021,6011,5829,119,True,0.007141323024054983,28,True,False,-0.16377362700334436,0,True,CS_MAP
339823,28,umbrella,a photo of a umbrella,0.7064419519642962,all,,CS_OFFICIAL_SAM,0.9407355352541579,0.9848732461734694,0.9694628847314424,0.9949624246428277,0.945237721638161,12109,12048,2,True,0.001644736842105263,1,True,False,0.23429358328986172,1,True,CS_MAP
467176,1,person,a photo of a person,0.2819772889105423,all,,CS_OFFICIAL_SAM,0.44244604316546765,0.7961176658163265,0.6134663341645885,0.48172323759791125,0.8443935926773455,16852,8118,4363,True,0.15024769196127,72,True,False,0.16046875425492535,2,True,CS_MAP
467176,84,book,a photo of a book,0.16418152350081036,all,,CS_OFFICIAL_SAM,0.5862728431789205,0.9611965880102041,0.7391828533154722,0.62336195210122,0.907864429088516,4426,2759,0,True,0.0,-1,True,False,0.4220913196781101,2,True,CS_MAP
345027,8,truck,a photo of a truck,0.1022539857064321,all,,CS_OFFICIAL_SAM,0.6557575757575758,0.9886798469387755,0.7920937042459737,0.8839869281045751,0.7175066312997348,1224,1082,0,True,0.004100227790432802,15,True,False,0.5535035900511437,1,True,CS_MAP
345027,4,motorcycle,a photo of a motorcycle,0.09739549135478223,all,,CS_OFFICIAL_SAM,0.9383116883116883,0.9988639987244898,0.9681742043551089,0.9622641509433962,0.9741573033707865,901,867,0,True,0.0,-1,True,False,0.8409161969569061,1,True,CS_MAP
269942,3,car,a photo of a car,0.02699501554557568,all,,CS_OFFICIAL_SAM,0.8081705150976909,0.9978475765306123,0.8939096267190569,0.9660297239915074,0.8318098720292505,471,455,0,True,0.0,-1,True,False,0.7811754995521152,1,True,CS_MAP
269942,10,traffic light,a photo of a traffic light,0.05161893914741295,all,,CS_OFFICIAL_SAM,0.36761133603238866,0.9688695790816326,0.5375962107756068,0.4311490978157645,0.7138364779874213,2106,908,0,True,0.0,-1,True,False,0.3159923968849757,2,True,CS_MAP
125405,34,frisbee,a photo of a frisbee,0.0223635781725076,all,,CS_OFFICIAL_SAM,0.8715753424657534,0.9985052614795918,0.9313815187557182,0.9531835205992509,0.9105545617173524,534,509,25,True,0.06092413006274957,18,True,False,0.8492117642932459,1,True,CS_MAP
125405,18,dog,a photo of a dog,0.591004823697262,all,,CS_OFFICIAL_SAM,0.8361098604232328,0.9709821428571429,0.9107405590975969,0.9842321452232675,0.8474614945807187,7547,7428,0,True,0.04512635379061372,34,True,False,0.24510503672597073,1,True,CS_MAP
319721,1,person,a photo of a person,0.5820575445285042,all,,CS_OFFICIAL_SAM,0.8649733962453569,0.9731943558673469,0.9275986434838779,0.9804278561675012,0.8801716212074778,8788,8616,26,True,0.001141051522864917,19,True,False,0.28291585171685263,2,True,CS_MAP
319721,19,horse,a photo of a horse,0.5911124366239189,all,,CS_OFFICIAL_SAM,0.8608775524623755,0.9607581313775511,0.925238257964081,0.989523268090636,0.8687963491158015,12313,12184,17,True,0.0007697532261716097,1,True,False,0.26976511583845664,2,True,CS_MAP
147338,8,truck,a photo of a truck,0.5813113466823714,all,,CS_OFFICIAL_SAM,0.5431592236073852,0.8846061862244898,0.7039574598629716,0.5779046339825387,0.9003400470834423,11912,6884,4520,True,0.21899749126863102,11,True,False,-0.038152123074986166,2,True,CS_MAP
147338,3,car,a photo of a car,0.1926378772112383,all,,CS_OFFICIAL_SAM,0.34265365338960696,0.9006696428571429,0.5104125736738704,0.3663799182061768,0.8410488831337002,7091,2598,4317,False,0.8604974119429365,8,False,True,0.15001577617836867,2,True,CS_MAP
571804,70,toilet,a photo of a toilet,0.03665602955995969,all,,CS_OFFICIAL_SAM,0.0,0.9042370854591837,0.0,0.0,0.0,2927,0,2,False,0.0002797202797202797,86,False,False,-0.03665602955995969,0,True,CS_MAP
571804,86,vase,a photo of a vase,0.03177011944390053,all,,CS_OFFICIAL_SAM,0.058947167287666,0.8036910076530612,0.11133164922410682,0.05912793483469094,0.9506933744221879,10435,617,8685,False,0.345913707948933,51,False,False,0.02717704784376547,1,True,CS_MAP
151820,62,chair,a photo of a chair,0.491051110154376,all,,CS_OFFICIAL_SAM,0.591976401179941,0.9310825892857143,0.7436999703528017,0.9384586606808829,0.615885096980113,5346,5017,52,True,0.005242536283869543,1,True,False,0.10092529102556497,0,True,CS_MAP
151820,1,person,a photo of a person,0.5324161039752247,all,,CS_OFFICIAL_SAM,0.16766234773838157,0.7861926020408163,0.28717607973421927,0.9912844036697248,0.16790986790986792,2180,2161,11,True,0.0010664081434803685,62,True,False,-0.3647537562368431,0,True,CS_MAP
112997,77,cell phone,a photo of a cell phone,0.612116679132386,all,,CS_OFFICIAL_SAM,0.9599394205872295,0.9836575255102041,0.9795602971234857,0.9987292873843652,0.9611132850714146,19674,19649,3,True,0.0015129633450244138,1,True,False,0.3478227414548435,1,True,CS_MAP
112997,1,person,a photo of a person,0.474972191323693,all,,CS_OFFICIAL_SAM,0.8625663628167886,0.97265625,0.9262127568032699,0.9419164296652811,0.9110241218789674,9142,8611,343,True,0.013184479983562206,77,True,False,0.38759417149309555,1,True,CS_MAP
226903,2,bicycle,a photo of a bicycle,0.061123569662469096,all,,CS_OFFICIAL_SAM,0.20588235294117646,0.9192841198979592,0.34146341463414637,0.20718232044198895,0.9704251386321626,5068,1050,17,True,0.0010350076103500762,67,True,False,0.14475878327870736,2,True,CS_MAP
226903,67,dining table,a photo of a dining table,0.4522952690248398,all,,CS_OFFICIAL_SAM,0.24292494287220953,0.8283242984693877,0.3908923773157969,0.9985549132947977,0.24301037453842095,2768,2764,0,True,0.13533020570191268,54,True,False,-0.20937032615263027,1,True,CS_MAP
139684,17,cat,a photo of a cat,0.10071942446043165,all,,CS_OFFICIAL_SAM,0.9008973858759266,0.9949378188775511,0.9478653530377669,0.9767343485617598,0.9206539074960127,2364,2309,55,True,0.2011572498298162,63,True,False,0.8001779614154949,0,True,CS_MAP
139684,63,couch,a photo of a couch,0.4785650300729429,all,,CS_OFFICIAL_SAM,0.7767716535433071,0.9434988839285714,0.8743629514735209,0.9123277536298899,0.8394315861130021,10813,9865,830,True,0.13553831727900434,17,True,False,0.29820662347036425,1,True,CS_MAP
192871,51,bowl,a photo of a bowl,0.33783272360287625,all,,CS_OFFICIAL_SAM,0.2770314428872268,0.603156887755102,0.4338678494256795,0.9739596630074037,0.27909869046748115,7834,7630,50,True,0.19162097567833544,53,True,False,-0.06080128071564944,1,True,CS_MAP
192871,53,apple,a photo of a apple,0.3096567580883561,all,,CS_OFFICIAL_SAM,0.6704246935201401,0.9399912308673469,0.8026996920254242,0.997069835585219,0.67174819039263,6143,6125,18,True,0.2247055380788646,51,True,False,0.36076793543178404,1,True,CS_MAP
176232,86,vase,a photo of a vase,0.11211911639070828,all,,CS_OFFICIAL_SAM,0.41767441860465115,0.9251434948979592,0.589238845144357,0.4227871939736347,0.9718614718614719,6372,2694,0,True,0.0,-1,True,False,0.3055553022139429,1,True,CS_MAP
176232,84,book,a photo of a book,0.047474205284189185,all,,CS_OFFICIAL_SAM,0.0,0.9826610331632653,0.0,0.0,0.0,74,0,0,False,0.0,-1,False,False,-0.047474205284189185,2,True,CS_MAP
248111,79,oven,a photo of a oven,0.06010683440666966,all,,CS_OFFICIAL_SAM,0.13095694391209914,0.8644371811224489,0.2315860822413014,0.13547449114459423,0.797045101088647,7566,1025,4643,False,0.5095044500604329,82,False,True,0.07085010950542947,1,True,CS_MAP
248111,82,refrigerator,a photo of a refrigerator,0.2606135872314981,all,,CS_OFFICIAL_SAM,0.6999635878140551,0.9507334183673469,0.8235042124803655,0.7361501148838396,0.9343810758263124,7834,5767,913,True,0.11124649689289631,79,True,False,0.439350000582557,1,True,CS_MAP
276434,1,person,a photo of a person,0.26750981247274314,all,,CS_OFFICIAL_SAM,0.45218931101094656,0.9321787308673469,0.6227690943354395,0.9729823346033946,0.45793935441799805,2887,2809,0,True,7.415097137772504e-05,67,True,False,0.18467949853820342,0,True,CS_MAP
276434,55,orange,a photo of a orange,0.08200791893161533,all,,CS_OFFICIAL_SAM,0.35394629780309195,0.9841757015306123,0.5228365384615384,0.9841628959276018,0.35597381342062195,442,435,7,True,0.02916144355743221,61,True,False,0.27193837887147665,1,True,CS_MAP
322944,1,person,a photo of a person,0.499907998843414,all,,CS_OFFICIAL_SAM,0.3913309224265268,0.5236766581632653,0.5625274564357885,0.5188762071992976,0.614197777600128,29614,15366,217,True,0.008968609865470852,88,True,False,-0.10857707641688724,2,True,CS_MAP
322944,88,teddy bear,a photo of a teddy bear,0.6910223393423969,all,,CS_OFFICIAL_SAM,0.7824905287432053,0.9473652742346939,0.8779744028092223,0.9638835345439789,0.8061259120991007,9857,9501,144,True,0.03367023326121106,1,True,False,0.09146818940080848,1,True,CS_MAP
137294,79,oven,a photo of a oven,0.3220789627039627,all,,CS_OFFICIAL_SAM,0.209591393961309,0.6514867665816326,0.34654908262023093,0.2697027860175653,0.48463628762541805,17193,4637,5,True,0.00019198279834126863,1,True,False,-0.1124875687426537,1,True,CS_MAP
137294,1,person,a photo of a person,0.6032674609402868,all,,CS_OFFICIAL_SAM,0.5702348690153568,0.9241470025510204,0.7263051920034518,1.0,0.5702348690153568,5050,5050,0,True,0.0024000548583967634,79,True,False,-0.03303259192493002,1,True,CS_MAP
499266,77,cell phone,a photo of a cell phone,0.4290618882698389,all,,CS_OFFICIAL_SAM,0.9040917296249248,0.9428212691326531,0.949630435927597,1.0,0.9040917296249248,27045,27045,0,True,0.0,-1,True,False,0.4750298413550859,1,True,CS_MAP
499266,1,person,a photo of a person,0.32850142915475705,all,,CS_OFFICIAL_SAM,0.7453369434416366,0.9662587691326531,0.8540894596225114,0.9736686971900177,0.7606693276020878,5089,4955,2,True,0.0002286040862980426,77,True,False,0.41683551428687954,1,True,CS_MAP
345356,67,dining table,a photo of a dining table,0.14061603997706235,all,,CS_OFFICIAL_SAM,0.079265493496557,0.8800821109693877,0.14688784914220898,0.1430939226519337,0.15088843577046315,3620,518,173,True,0.010098136822642583,1,True,False,-0.06135054648050535,1,True,CS_MAP
345356,1,person,a photo of a person,0.5689820409183716,all,,CS_OFFICIAL_SAM,0.3602497846683893,0.7631536989795918,0.5296818109862277,0.8826167238195727,0.3783783783783784,7582,6692,887,True,0.1324251350024546,47,True,False,-0.20873225624998226,2,True,CS_MAP
278848,6,bus,a photo of a bus,0.3234275053304904,all,,CS_OFFICIAL_SAM,0.31946508172362553,0.7079081632653061,0.48423423423423423,0.3915319826997496,0.634452231648838,17572,6880,4,True,0.00016099818877037634,1,True,False,-0.003962423606864884,2,True,CS_MAP
278848,28,umbrella,a photo of a umbrella,0.3600785735871865,all,,CS_OFFICIAL_SAM,0.6652430343705511,0.9671954719387755,0.7989741084513923,0.9822822822822823,0.6733223548785509,3330,3271,23,True,0.0030429552048687283,6,True,False,0.3051644607833646,1,True,CS_MAP
321333,1,person,a photo of a person,0.6673373776202774,all,,CS_OFFICIAL_SAM,0.6693616022006776,0.8035714285714286,0.8019372211727824,0.995311019105103,0.6714790509843513,20047,19953,0,True,0.0009970089730807576,88,True,False,0.0020242245804001913,2,True,CS_MAP
321333,88,teddy bear,a photo of a teddy bear,0.5497917079944455,all,,CS_OFFICIAL_SAM,0.8700876908087041,0.9840561224489796,0.930531434525877,0.981498442938267,0.8845963348192174,5459,5358,55,True,0.00816876379374588,1,True,False,0.32029598281425853,1,True,CS_MAP
117908,44,bottle,a photo of a bottle,0.1677445988716114,all,,CS_OFFICIAL_SAM,0.6115765422696116,0.9796715561224489,0.7589792060491494,0.89520624303233,0.6587366694011485,1794,1606,134,True,0.08416921064108156,82,True,False,0.44383194339800014,2,True,CS_MAP
117908,1,person,a photo of a person,0.7799618222153434,all,,CS_OFFICIAL_SAM,0.897104385128694,0.9655811543367347,0.9457617537137653,0.9063384096791669,0.9887706855791962,16613,15057,1241,True,0.05862413869748833,44,True,False,0.11714256291335057,2,True,CS_MAP
101762,2,bicycle,a photo of a bicycle,0.8065221223338621,all,,CS_OFFICIAL_SAM,0.9726346972782818,0.9852718431122449,0.9861275365583526,0.9981379441383241,0.9744027303754266,26315,26266,2,True,0.019079132638693326,17,True,False,0.16611257494441967,1,True,CS_MAP
101762,17,cat,a photo of a cat,0.21581589958158995,all,,CS_OFFICIAL_SAM,0.5128398791540786,0.9742904974489796,0.6779830254618073,0.9905178701677607,0.5153700189753321,1371,1358,0,True,0.0,-1,True,False,0.2970239795724886,2,True,CS_MAP
82812,27,backpack,a photo of a backpack,0.05217878232539198,all,,CS_OFFICIAL_SAM,0.1687395581956562,0.9107541454081632,0.28875476493011437,0.17258401367002088,0.8833819241982507,5267,909,3814,False,0.521614657887203,1,False,True,0.11656077587026423,2,True,CS_MAP
82812,7,train,a photo of a train,0.2251112775990481,all,,CS_OFFICIAL_SAM,0.8395786565360042,0.9814851721938775,0.912794517976157,0.9218809252938945,0.9038854805725971,5274,4862,1,True,0.00014130281192595732,33,True,False,0.6144673789369561,1,True,CS_MAP
54592,35,skis,a photo of a skis,0.09573533717185517,all,,CS_OFFICIAL_SAM,0.6913809082483782,0.9867267219387755,0.8175342465753425,0.8838862559241706,0.7604485219164119,1688,1492,23,True,0.0023480587560749193,1,True,False,0.5956455710765229,2,True,CS_MAP
54592,1,person,a photo of a person,0.6015446347672261,all,,CS_OFFICIAL_SAM,0.630875673391782,0.860710299744898,0.773664950289841,0.8405460558722117,0.716642668586513,14211,11945,1176,True,0.08764607679465776,27,True,False,0.029331038624555883,1,True,CS_MAP
27696,1,person,a photo of a person,0.09842348227506315,all,,CS_OFFICIAL_SAM,0.5894527927417068,0.9711415816326531,0.741705315733143,0.62152466367713,0.9195046439628483,3345,2079,72,True,0.026364053186611645,49,True,False,0.49102931046664366,1,True,CS_MAP
27696,49,knife,a photo of a knife,0.036308964480360834,all,,CS_OFFICIAL_SAM,0.0371445153801509,0.9669363839285714,0.07162842753217684,0.09770992366412214,0.05653710247349823,655,64,443,False,0.6631736526946108,48,False,True,0.0008355508997900662,2,True,CS_MAP
20553,88,teddy bear,a photo of a teddy bear,0.18067349926793558,all,,CS_OFFICIAL_SAM,0.4988091187478734,0.9706433354591837,0.6656072644721907,0.7679413305395495,0.5873397435897436,1909,1466,0,True,0.0,-1,True,False,0.31813561947993785,2,True,CS_MAP
20553,44,bottle,a photo of a bottle,0.054288368252657655,all,,CS_OFFICIAL_SAM,0.0,0.44521285076530615,0.0,0.0,0.0,27311,0,11,False,0.00020133552565350157,88,False,False,-0.054288368252657655,2,True,CS_MAP
15956,19,horse,a photo of a horse,0.18914464940726172,all,,CS_OFFICIAL_SAM,0.7910376228133238,0.9826211734693877,0.8833288734278834,0.9529445727482679,0.8231920199501247,3464,3301,68,True,0.013787510137875101,1,True,False,0.6018929734060621,0,True,CS_MAP
15956,1,person,a photo of a person,0.08703042665306816,all,,CS_OFFICIAL_SAM,0.6243469174503657,0.9856704400510204,0.7687359279511097,0.7596948506039415,0.7779947916666666,1573,1195,0,True,0.0,-1,True,False,0.5373164907972976,1,True,CS_MAP
20333,32,tie,a photo of a tie,0.18633477778897511,all,,CS_OFFICIAL_SAM,0.8029606942317509,0.9923070790816326,0.890713476783692,0.9391044776119403,0.8470651588583737,1675,1573,98,True,0.07191676461625528,1,True,False,0.6166259164427758,0,True,CS_MAP
20333,1,person,a photo of a person,0.7924105555160396,all,,CS_OFFICIAL_SAM,0.9506890611541774,0.977180325255102,0.9747212716635391,0.9878283438492863,0.9619574690604846,22347,22075,19,True,0.0786096256684492,32,True,False,0.15827850563813783,2,True,CS_MAP
347174,1,person,a photo of a person,0.6073631274314452,all,,CS_OFFICIAL_SAM,0.5706375336725531,0.8856425382653061,0.72663172939495,0.9396254312469197,0.5923566878980892,8116,7626,39,True,0.0036553524804177544,65,True,False,-0.03672559375889206,1,True,CS_MAP
347174,65,bed,a photo of a bed,0.6398391392907505,all,,CS_OFFICIAL_SAM,0.7079896441688242,0.9033402423469388,0.8290327129159617,0.7664580889062703,0.9027329955473669,15342,11759,2971,True,0.15549367295958066,1,True,False,0.06815050487807361,2,True,CS_MAP
116068,38,kite,a photo of a kite,0.31913477537437607,all,,CS_OFFICIAL_SAM,0.9317989507530885,0.9919682716836735,0.9646955759964958,0.9974637681159421,0.9340118744698898,5520,5506,4,True,0.026433026433026433,1,True,False,0.6126641753787124,2,True,CS_MAP
116068,1,person,a photo of a person,0.4819496995326063,all,,CS_OFFICIAL_SAM,0.5199092741935484,0.886100924744898,0.6841319847454816,0.9772619611558503,0.5262755102040816,6333,6189,31,True,0.006668313163744134,38,True,False,0.037959574660942075,2,True,CS_MAP
569700,64,potted plant,a photo of a potted plant,0.8360539389638041,all,,CS_OFFICIAL_SAM,0.7311324436119566,0.8626833545918368,0.8446868941887201,0.9544088431562325,0.7575916865472484,19631,18736,0,True,0.07150421290114646,86,True,False,-0.10492149535184747,2,True,CS_MAP
569700,86,vase,a photo of a vase,0.14518524465138682,all,,CS_OFFICIAL_SAM,0.18637599330823923,0.6898317920918368,0.3141938042568193,0.18711946252361958,0.9791266135677011,19052,3565,14938,False,0.7308954338802135,64,False,True,0.041190748656852405,1,True,CS_MAP
353096,76,keyboard,a photo of a keyboard,0.20451020164658154,all,,CS_OFFICIAL_SAM,0.8013371537726839,0.9792729591836735,0.8897136797454931,0.9783115671641791,0.8158304161804745,4288,4195,56,True,0.001769743703188699,72,True,False,0.5968269521261024,1,True,CS_MAP
353096,72,tv,a photo of a tv,0.36007739609838846,all,,CS_OFFICIAL_SAM,0.16714958348424483,0.5417131696428571,0.2864235841737781,0.9586622351474865,0.1683630659224399,4814,4615,0,True,0.0,-1,True,False,-0.19292781261414363,1,True,CS_MAP
393115,1,person,a photo of a person,0.6198177799342283,all,,CS_OFFICIAL_SAM,0.8891257995735607,0.9730548469387755,0.9413092550790068,0.9489715536105033,0.9337697011454655,11425,10842,25,True,0.0023837385688900447,41,True,False,0.2693080196393325,2,True,CS_MAP
393115,41,skateboard,a photo of a skateboard,0.4112566438876234,all,,CS_OFFICIAL_SAM,0.7307465701540274,0.9362444196428571,0.8444293147886981,0.9799097065462754,0.741861061266342,8860,8682,30,True,0.002252141982864137,1,True,False,0.31948992626640405,2,True,CS_MAP
409424,55,orange,a photo of a orange,0.28107037935879425,all,,CS_OFFICIAL_SAM,0.4767589075782239,0.9423429528061225,0.6456827924066136,0.7118552524979747,0.5907664724338861,3703,2636,1067,True,0.08207367347843433,67,True,False,0.19568852821942967,0,True,CS_MAP
409424,67,dining table,a photo of a dining table,0.2536195200971955,all,,CS_OFFICIAL_SAM,0.10739249690320297,0.19577088647959184,0.19395561592393584,0.9817997977755308,0.10760672015603528,4945,4855,0,True,0.0,-1,True,False,-0.14622702319399256,1,True,CS_MAP
156278,51,bowl,a photo of a bowl,0.05382734985380818,all,,CS_OFFICIAL_SAM,0.10179057999221487,0.816047512755102,0.18477300830242008,0.11280060390380675,0.5104929233772572,9273,1046,331,True,0.03143164693218514,81,True,False,0.04796323013840669,2,True,CS_MAP
156278,49,knife,a photo of a knife,0.03235696429413707,all,,CS_OFFICIAL_SAM,0.16968442834971548,0.9680125956632653,0.2901371074745688,0.21202327084680025,0.45938375350140054,1547,328,312,True,0.09500609013398295,51,True,False,0.1373274640555784,2,True,CS_MAP
456143,57,carrot,a photo of a carrot,0.05432711481366597,all,,CS_OFFICIAL_SAM,0.6400894187779433,0.9903738839285714,0.7805542935029532,0.9817142857142858,0.6478129713423831,875,859,0,True,0.0001756697408871322,59,True,False,0.5857623039642774,2,True,CS_MAP
456143,54,sandwich,a photo of a sandwich,0.5062661347101619,all,,CS_OFFICIAL_SAM,0.392904538618066,0.8632413903061225,0.5641514227642277,0.9801368351357316,0.39605814679389995,4531,4441,0,True,0.0,-1,True,False,-0.1133615960920959,1,True,CS_MAP
31620,62,chair,a photo of a chair,0.04287714385719286,all,,CS_OFFICIAL_SAM,0.7446327683615819,0.9954958545918368,0.8536269430051814,0.8145859085290482,0.8965986394557823,809,659,0,True,0.0,-1,True,False,0.701755624504389,1,True,CS_MAP
31620,1,person,a photo of a person,0.16530854430379746,all,,CS_OFFICIAL_SAM,0.1868937780932103,0.9315011160714286,0.31492924058202115,0.9610705596107056,0.18831942789034564,822,790,0,True,0.0011235955056179776,32,True,False,0.02158523378941285,1,True,CS_MAP
7574,44,bottle,a photo of a bottle,0.04645629852241422,all,,CS_OFFICIAL_SAM,0.001051156271899089,0.9431800063775511,0.0021001050052502626,0.0014184397163120568,0.004043126684636119,2115,3,36,False,0.008379888268156424,79,False,False,-0.04540514225051513,2,True,CS_MAP
7574,79,oven,a photo of a oven,0.03380748621872711,all,,CS_OFFICIAL_SAM,0.031157694140066697,0.7973533163265306,0.06043245241175384,0.03505950466387906,0.21872909698996656,9327,327,3047,False,0.19816106531388714,81,False,False,-0.002649792078660413,2,True,CS_MAP
49060,1,person,a photo of a person,0.06495402131075756,all,,CS_OFFICIAL_SAM,0.0030103995621237,0.9273955676020408,0.006002728512960437,0.005513784461152882,0.006586826347305389,1995,11,0,True,0.0,-1,True,False,-0.06194362174863386,1,True,CS_MAP
49060,7,train,a photo of a train,0.7305147058823529,all,,CS_OFFICIAL_SAM,0.8373677344542687,0.9105548469387755,0.9114862732723257,0.8756015308249024,0.9504380372640151,26391,23108,871,True,0.040028167970053,1,True,False,0.10685302857191581,2,True,CS_MAP
127394,62,chair,a photo of a chair,0.036726039016115354,all,,CS_OFFICIAL_SAM,0.10082304526748971,0.9825813137755102,0.18317757009345795,0.532608695652174,0.11060948081264109,184,98,2,True,0.0018608113137327876,1,True,False,0.06409700625137435,2,True,CS_MAP
127394,50,spoon,a photo of a spoon,0.05551453622519612,all,,CS_OFFICIAL_SAM,0.0,0.9333346619897959,0.0,0.0,0.0,1923,0,1923,False,0.426010101010101,51,False,False,-0.05551453622519612,0,True,CS_MAP
287874,1,person,a photo of a person,0.023358959195742164,all,,CS_OFFICIAL_SAM,0.0029940119760479044,0.9800900829081632,0.005970149253731343,0.006726457399103139,0.005366726296958855,446,3,26,False,0.004947555907381753,7,False,False,-0.02036494721969426,1,True,CS_MAP
287874,7,train,a photo of a train,0.20205787203450754,all,,CS_OFFICIAL_SAM,0.016021110168692867,0.7919124681122449,0.0315369631759577,0.027646771832818346,0.03670120898100173,6149,170,0,True,0.0,-1,True,False,-0.18603676186581466,1,True,CS_MAP
331799,52,banana,a photo of a banana,0.0300928340461041,all,,CS_OFFICIAL_SAM,0.10571923743500866,0.9897161989795918,0.19122257053291536,1.0,0.10571923743500866,61,61,0,True,0.0,-1,True,False,0.07562640338890456,1,True,CS_MAP
331799,53,apple,a photo of a apple,0.05362247412518482,all,,CS_OFFICIAL_SAM,0.001349527665317139,0.9705038265306123,0.0026954177897574125,0.008658008658008658,0.0015961691939345571,231,2,201,False,0.3311367380560132,52,False,False,-0.05227294645986768,1,True,CS_MAP
174482,2,bicycle,a photo of a bicycle,0.8562068698146856,all,,CS_OFFICIAL_SAM,0.6638476065358404,0.8368144132653061,0.7979668377418081,0.9665849722039572,0.6794403126181773,16729,16170,519,True,0.027943450408659157,3,True,False,-0.19235926327884523,1,True,CS_MAP
174482,3,car,a photo of a car,0.066842761758016,all,,CS_OFFICIAL_SAM,0.020176991150442476,0.9448341836734694,0.0395558639833449,0.05717151454363089,0.030238726790450927,997,57,938,False,0.07263427109974424,8,False,False,-0.04666577060757352,1,True,CS_MAP
303713,62,chair,a photo of a chair,0.010499885870805753,all,,CS_OFFICIAL_SAM,0.005520883341334613,0.8348612882653061,0.01098114108379088,0.005909558067831449,0.07744107744107744,7784,46,7194,False,0.17025546583557633,1,False,False,-0.004979002529471139,2,True,CS_MAP
303713,1,person,a photo of a person,0.5425794116969571,all,,CS_OFFICIAL_SAM,0.07352659778032912,0.22803730867346939,0.136981417940377,0.9912931312479846,0.07357411263492976,3101,3074,0,True,0.0,-1,True,False,-0.469052813916628,2,True,CS_MAP
243344,17,cat,a photo of a cat,0.3198439241917503,all,,CS_OFFICIAL_SAM,0.8961949265687583,0.9938018176020408,0.9452561168808309,0.9548364153627311,0.9358661554548623,2812,2685,0,True,0.0005797101449275362,82,True,False,0.576351002377008,1,True,CS_MAP
243344,82,refrigerator,a photo of a refrigerator,0.5501881544502618,all,,CS_OFFICIAL_SAM,0.728114568752019,0.8993542729591837,0.8426693251916008,0.8492840994724944,0.8361567948559416,15924,13524,1148,True,0.06651154872027694,17,True,False,0.17792641430175715,2,True,CS_MAP
113403,65,bed,a photo of a bed,0.40958827522862506,all,,CS_OFFICIAL_SAM,0.43603447929433986,0.440609056122449,0.6072757800475724,0.9622649875842497,0.4436199354021015,22552,21701,0,True,0.0,-1,True,False,0.026446204065714796,2,True,CS_MAP
113403,88,teddy bear,a photo of a teddy bear,0.8149519615692554,all,,CS_OFFICIAL_SAM,0.8979114543674535,0.9625916772959183,0.9462100587476716,0.9902231285988484,0.9059430390166273,16672,16509,163,True,0.340815241833272,65,True,False,0.08295949279819803,2,True,CS_MAP
476258,41,skateboard,a photo of a skateboard,0.16626489888844248,all,,CS_OFFICIAL_SAM,0.002204585537918871,0.7744937818877551,0.004399472063352398,0.0028146813780680026,0.010068465565847765,8882,25,0,True,0.0,-1,True,False,-0.16406031335052362,1,True,CS_MAP
476258,1,person,a photo of a person,0.3857999744756881,all,,CS_OFFICIAL_SAM,0.0010429227911221198,0.38913026147959184,0.0020836724727331924,0.0015096475916403264,0.0033620508510191216,21197,32,0,True,0.0,-1,True,False,-0.384757051684566,2,True,CS_MAP
492992,21,cow,a photo of a cow,0.8523465865794074,all,,CS_OFFICIAL_SAM,0.919379115710254,0.9658402423469388,0.9579963730823898,0.9685347604182152,0.9476848484848485,20181,19546,456,True,0.02207731718677224,16,True,False,0.06703252913084656,1,True,CS_MAP
492992,16,bird,a photo of a bird,0.10293087342363381,all,,CS_OFFICIAL_SAM,0.8578485181119648,0.9948381696428571,0.9234859675036927,0.9636251541307028,0.8865570051049347,1622,1563,3,True,0.0019365880021617727,21,True,False,0.754917644688331,1,True,CS_MAP
214720,63,couch,a photo of a couch,0.41236997469777903,all,,CS_OFFICIAL_SAM,0.5100337770713292,0.9017059948979592,0.6755263157894736,0.6677939646201873,0.6834398296059638,7688,5134,1038,True,0.05665388020064916,62,True,False,0.09766380237355021,2,True,CS_MAP
214720,64,potted plant,a photo of a potted plant,0.13725358272219607,all,,CS_OFFICIAL_SAM,0.3448205546492659,0.9359654017857143,0.5128127369219105,0.40042623727208143,0.7129005059021922,4223,1691,467,True,0.040613638379001504,63,True,False,0.20756697192706985,2,True,CS_MAP
465129,1,person,a photo of a person,0.657275692179585,all,,CS_OFFICIAL_SAM,0.7363037974683544,0.9481026785714286,0.8481278432287414,0.9779421654337592,0.7487385439192669,7435,7271,0,True,0.0,-1,True,False,0.07902810528876936,1,True,CS_MAP
465129,79,oven,a photo of a oven,0.04017116409047245,all,,CS_OFFICIAL_SAM,0.01158161418747738,0.9455715880102041,0.02289803220035778,0.017066666666666667,0.034782608695652174,1875,32,34,False,0.0027696036004846805,1,True,False,-0.028589549902995073,0,True,CS_MAP
528705,88,teddy bear,a photo of a teddy bear,0.48906048906048905,all,,CS_OFFICIAL_SAM,0.8522163546167387,0.9631895727040817,0.9202125361786686,0.9915285794079315,0.8584669944386234,10742,10651,0,True,0.0,-1,True,False,0.3631558655562497,1,True,CS_MAP
528705,1,person,a photo of a person,0.03644420329173449,all,,CS_OFFICIAL_SAM,0.0,0.6981823979591837,0.0,0.0,0.0,14073,0,158,False,0.006002583390319885,88,False,False,-0.03644420329173449,2,True,CS_MAP
132544,1,person,a photo of a person,0.33897983212427363,all,,CS_OFFICIAL_SAM,0.25323206205559146,0.8158083545918368,0.4041263700838169,0.9549055453991468,0.2562970232253844,3282,3134,0,True,0.0,-1,True,False,-0.08574777006868217,2,True,CS_MAP
132544,28,umbrella,a photo of a umbrella,0.17858005312726394,all,,CS_OFFICIAL_SAM,0.7402234636871509,0.9833187181122449,0.8507223113964687,0.9671532846715328,0.7593123209169055,2466,2385,0,True,0.0009536784741144414,1,True,False,0.5616434105598869,1,True,CS_MAP
356094,1,person,a photo of a person,0.5626359286646369,all,,CS_OFFICIAL_SAM,0.7571169772256728,0.9251833545918368,0.8617718535974667,0.9809707435660994,0.7684023901766367,11929,11702,0,True,0.0,-1,True,False,0.19448104856103599,2,True,CS_MAP
356094,39,baseball bat,a photo of a baseball bat,0.033498349834983496,all,,CS_OFFICIAL_SAM,0.8776119402985074,0.9983657525510204,0.9348171701112877,0.9060092449922958,0.9655172413793104,649,588,7,True,0.0007563342997604941,1,True,False,0.844113590463524,1,True,CS_MAP
7816,1,person,a photo of a person,0.18500648718780408,all,,CS_OFFICIAL_SAM,0.28773756203849415,0.8827327806122449,0.44688851287836057,0.4147618216716105,0.48441002649276543,5731,2377,3293,False,0.3325032373742405,4,False,False,0.10273107485069008,2,True,CS_MAP
7816,4,motorcycle,a photo of a motorcycle,0.3507698102547201,all,,CS_OFFICIAL_SAM,0.6467848363307025,0.9455915178571429,0.785512256442489,0.983667847304211,0.6538059115877584,5082,4999,57,True,0.008175211949939443,1,True,False,0.2960150260759824,1,True,CS_MAP
197388,35,skis,a photo of a skis,0.020424628450106157,all,,CS_OFFICIAL_SAM,0.0016237760173202775,0.5956234056122449,0.0032422872863037927,0.0016629711751662971,0.064453125,19844,33,34,False,0.0012596324836988738,1,True,False,-0.01880085243278588,2,True,CS_MAP
197388,1,person,a photo of a person,0.22223053612181526,all,,CS_OFFICIAL_SAM,0.21772746099682452,0.887077487244898,0.35759637188208615,0.9627594627594628,0.21957671957671956,1638,1577,1,True,0.000931098696461825,35,True,False,-0.004503075124990735,1,True,CS_MAP
457848,4,motorcycle,a photo of a motorcycle,0.5211583823571205,all,,CS_OFFICIAL_SAM,0.6262131573446412,0.7505381058673469,0.7701489248397818,0.9585847504114098,0.6436266535710997,21876,20970,0,True,0.0,-1,True,False,0.1050547749875207,1,True,CS_MAP
457848,1,person,a photo of a person,0.04324121075390111,all,,CS_OFFICIAL_SAM,0.0,0.9439174107142857,0.0,0.0,0.0,10,0,0,False,0.0,-1,False,False,-0.04324121075390111,2,True,CS_MAP
212226,8,truck,a photo of a truck,0.5716069199215267,all,,CS_OFFICIAL_SAM,0.6783571758191047,0.7777423469387755,0.8083585372559802,0.8237601569066966,0.7935222672064778,28552,23520,0,True,0.0,-1,True,False,0.10675025589757803,2,True,CS_MAP
212226,1,person,a photo of a person,0.31071448005659247,all,,CS_OFFICIAL_SAM,0.2114682884448306,0.9095583545918368,0.34911072862880094,0.9878246753246753,0.21202090592334494,1232,1217,0,True,0.0,-1,True,False,-0.09924619161176187,0,True,CS_MAP
111086,9,boat,a photo of a boat,0.6481379016812088,all,,CS_OFFICIAL_SAM,0.9527207044479566,0.979133450255102,0.975787988807437,0.9548766689296221,0.9976357102326461,22095,21098,247,True,0.007045668482756654,3,True,False,0.3045828027667479,2,True,CS_MAP
111086,3,car,a photo of a car,0.6817339149400218,all,,CS_OFFICIAL_SAM,0.4495696814132568,0.8546914859693877,0.6202801937399094,0.9938251001335113,0.45082898024074497,5992,5955,0,True,0.02051033591731266,1,True,False,-0.23216423352676496,1,True,CS_MAP
384527,84,book,a photo of a book,0.031684027777777776,all,,CS_OFFICIAL_SAM,0.0,0.9516501913265306,0.0,0.0,0.0,0,0,0,False,0.0,-1,False,False,-0.031684027777777776,1,True,CS_MAP
384527,62,chair,a photo of a chair,0.615122289124527,all,,CS_OFFICIAL_SAM,0.7701709600061886,0.940788424744898,0.8701656251365643,0.9470179777418435,0.8048504446240905,10513,9956,39,True,0.003294197145029141,64,True,False,0.15504867088166152,1,True,CS_MAP
61108,18,dog,a photo of a dog,0.06670677898114721,all,,CS_OFFICIAL_SAM,0.4656685596282912,0.9793726084183674,0.6354350123282846,0.985792349726776,0.4688149688149688,915,902,6,True,0.0015914064054107818,15,True,False,0.39896178064714394,2,True,CS_MAP
61108,2,bicycle,a photo of a bicycle,0.600483879450902,all,,CS_OFFICIAL_SAM,0.3345531315974666,0.8115433673469388,0.5013710187724109,0.9432539682539682,0.34142487790864695,5040,4754,4,True,0.0007184940364994971,18,True,False,-0.2659307478534354,1,True,CS_MAP
245026,61,cake,a photo of a cake,0.48113733506783124,all,,CS_OFFICIAL_SAM,0.8089157450689773,0.9665975765306123,0.8943653094667843,0.8950422606282327,0.8936893815341983,7927,7095,32,True,0.0026125901965663102,47,True,False,0.3277784100011461,1,True,CS_MAP
245026,1,person,a photo of a person,0.6304676667086853,all,,CS_OFFICIAL_SAM,0.28428640076886114,0.8515824298469388,0.44271495921574494,0.9902912621359223,0.28508095605242867,2987,2958,0,True,0.0,-1,True,False,-0.3461812659398241,0,True,CS_MAP
310980,76,keyboard,a photo of a keyboard,0.14600763544797335,all,,CS_OFFICIAL_SAM,0.7257006559332141,0.9724968112244898,0.8410504492052523,0.7375757575757576,0.9782958199356914,4950,3651,1026,True,0.12519741949299998,73,True,False,0.5796930204852407,1,True,CS_MAP
310980,73,laptop,a photo of a laptop,0.6622663146385044,all,,CS_OFFICIAL_SAM,0.1186753761310703,0.34388950892857145,0.21217124943164142,0.9425898362747183,0.11953942401035487,4703,4433,0,True,0.7683438155136268,76,False,True,-0.5435909385074341,1,True,CS_MAP
135561,80,toaster,a photo of a toaster,0.02976921448232056,all,,CS_OFFICIAL_SAM,0.07145001501050735,0.8767139668367347,0.133370692070608,0.07397047397047397,0.6770981507823614,6435,476,41,True,0.0033739302172481897,82,True,False,0.04168080052818679,0,True,CS_MAP
135561,82,refrigerator,a photo of a refrigerator,0.11340319507548,all,,CS_OFFICIAL_SAM,0.03186051396960997,0.7244499362244898,0.06175352877307275,0.050679438627756736,0.07902049322681487,8978,455,0,True,0.0,-1,True,False,-0.08154268110587003,1,True,CS_MAP
547144,73,laptop,a photo of a laptop,0.06618876941457587,all,,CS_OFFICIAL_SAM,0.09068889765110122,0.6782724808673469,0.1662965449568765,0.0911406736484574,0.9481743227326266,17665,1610,8300,False,0.33910904924263596,72,False,False,0.02450012823652535,2,True,CS_MAP
547144,76,keyboard,a photo of a keyboard,0.09140550807217473,all,,CS_OFFICIAL_SAM,0.4312596006144393,0.9409677933673469,0.6026294606922458,0.4403921568627451,0.9541206457094308,5100,2246,2542,False,0.17186691949663851,73,True,False,0.33985409254226456,2,True,CS_MAP
579321,18,dog,a photo of a dog,0.5588346371729161,all,,CS_OFFICIAL_SAM,0.885188604589818,0.9653021364795918,0.9390981914856403,0.9590597313518148,0.919950654513056,13996,13423,289,True,0.015889724310776943,1,True,False,0.3263539674169018,2,True,CS_MAP
579321,1,person,a photo of a person,0.05650510555142708,all,,CS_OFFICIAL_SAM,0.006651818856718634,0.3333266900510204,0.01321572907755391,0.008107716809034313,0.035719980864295967,27628,224,426,False,0.010193094537362717,18,False,False,-0.04985328669470844,2,True,CS_MAP
395388,1,person,a photo of a person,0.7237316917851836,all,,CS_OFFICIAL_SAM,0.7676472633701926,0.9334143813775511,0.868552543573199,0.963344388200384,0.7907443226592162,11458,11038,0,True,0.0,-1,True,False,0.04391557158500903,2,True,CS_MAP
395388,20,sheep,a photo of a sheep,0.08741397564849127,all,,CS_OFFICIAL_SAM,0.6223684210526316,0.9885602678571429,0.7672343876723439,0.8416370106761566,0.7049180327868853,1124,946,0,True,0.0,-1,True,False,0.5349544454041403,0,True,CS_MAP
243204,54,sandwich,a photo of a sandwich,0.06124934748564469,all,,CS_OFFICIAL_SAM,0.6938144329896907,0.9940808354591837,0.8192331101643335,0.7167199148029819,0.9559659090909091,939,673,228,True,0.08968609865470852,79,True,False,0.632565085504046,1,True,CS_MAP
243204,50,spoon,a photo of a spoon,0.12903225806451613,all,,CS_OFFICIAL_SAM,0.47398190045248867,0.9629304846938775,0.6431312356101304,0.48607888631090485,0.9501133786848073,3448,1676,1636,True,0.30981502072172246,79,True,False,0.34494964238797254,0,True,CS_MAP
580410,84,book,a photo of a book,0.07993338884263114,all,,CS_OFFICIAL_SAM,0.14290450928381962,0.8969626913265306,0.2500725268349289,0.1429756178470725,0.9965317919075144,6029,862,41,True,0.005134627426424546,62,True,False,0.06297112044118848,1,True,CS_MAP
580410,31,handbag,a photo of a handbag,0.08041923792731903,all,,CS_OFFICIAL_SAM,0.403003003003003,0.9801897321428571,0.574486301369863,1.0,0.403003003003003,671,671,0,True,0.0,-1,True,False,0.322583765075684,0,True,CS_MAP
89648,62,chair,a photo of a chair,0.3698031480836911,all,,CS_OFFICIAL_SAM,0.33072509128847155,0.8210100446428571,0.4970599764798118,0.8746551044540796,0.34717984823593834,5074,4438,261,True,0.17862165963431786,84,True,False,-0.03907805679521953,1,True,CS_MAP
89648,1,person,a photo of a person,0.5794543835505546,all,,CS_OFFICIAL_SAM,0.6026628168110363,0.8519013073979592,0.752076869182264,0.8676006466014934,0.6637027440819692,12991,11271,915,True,0.04492013297656693,62,True,False,0.02320843326048172,2,True,CS_MAP
375493,17,cat,a photo of a cat,0.04139723595790541,all,,CS_OFFICIAL_SAM,0.11099691675231244,0.9655213647959183,0.1998149861239593,0.14314115308151093,0.33078101071975496,1509,216,1287,False,0.7790556900726392,11,False,True,0.06959968079440702,1,True,CS_MAP
375493,11,fire hydrant,a photo of a fire hydrant,0.06435498089920658,all,,CS_OFFICIAL_SAM,0.8975609756097561,0.9970703125,0.9460154241645244,0.9961330239752514,0.9006993006993007,1293,1288,0,True,0.010252654705236177,1,True,False,0.8332059947105496,1,True,CS_MAP
3553,41,skateboard,a photo of a skateboard,0.18064139941690963,all,,CS_OFFICIAL_SAM,0.7048710601719198,0.9774194834183674,0.826890756302521,0.8123686580606424,0.8419415059116366,3331,2706,569,True,0.11000542789940293,1,True,False,0.5242296607550102,1,True,CS_MAP
3553,1,person,a photo of a person,0.7222137906612031,all,,CS_OFFICIAL_SAM,0.7232250300842359,0.9037388392857143,0.8393854748603352,0.8415122016268836,0.8372694706116492,14998,12621,78,True,0.028113356667043017,41,True,False,0.001011239423032828,2,True,CS_MAP
356612,6,bus,a photo of a bus,0.08243619208902866,all,,CS_OFFICIAL_SAM,0.0,0.8719308035714286,0.0,0.0,0.0,4560,0,4515,False,0.6125441216399674,8,False,True,-0.08243619208902866,1,True,CS_MAP
356612,8,truck,a photo of a truck,0.291268846934808,all,,CS_OFFICIAL_SAM,0.6685721709757049,0.9491589604591837,0.8013703963248462,0.9314027149321267,0.7031975949713036,5525,5146,252,True,0.0767420814479638,1,True,False,0.3773033240408969,1,True,CS_MAP
307172,59,pizza,a photo of a pizza,0.470989654742615,all,,CS_OFFICIAL_SAM,0.20914056809905318,0.5671835140306123,0.3459325964521278,0.9427117531188444,0.21183283538047287,6092,5743,327,True,0.17212902483238857,67,True,False,-0.2618490866435618,1,True,CS_MAP
307172,1,person,a photo of a person,0.5312067446835284,all,,CS_OFFICIAL_SAM,0.9039039039039038,0.9834183673469388,0.9495268138801262,0.9777611194402799,0.9228773584905661,8004,7826,7,True,0.0013148317719706042,67,True,False,0.3726971592203755,2,True,CS_MAP
465806,47,cup,a photo of a cup,0.1967961871979877,all,,CS_OFFICIAL_SAM,0.6575250836120401,0.9795918367346939,0.7933817594834544,0.9914271306101866,0.6612848974100235,1983,1966,2,True,0.6461232604373758,51,True,False,0.4607288964140524,1,True,CS_MAP
465806,51,bowl,a photo of a bowl,0.12169765166340508,all,,CS_OFFICIAL_SAM,0.4150396288420646,0.9396922831632653,0.5866120218579235,0.49527104959630913,0.7192629815745394,4335,2147,2010,True,0.41847826086956524,47,False,False,0.2933419771786595,2,True,CS_MAP
184324,1,person,a photo of a person,0.3087541187995369,all,,CS_OFFICIAL_SAM,0.17321944479336768,0.8688217474489796,0.29528907922912206,0.9842969307637401,0.1736994583700718,1401,1379,19,True,0.018329938900203666,31,True,False,-0.13553467400616923,2,True,CS_MAP
184324,3,car,a photo of a car,0.041590731580317626,all,,CS_OFFICIAL_SAM,0.45544554455445546,0.9923270089285714,0.6258503401360545,0.92,0.4742268041237113,350,322,27,True,0.028785982478097622,8,True,False,0.41385481297413784,1,True,CS_MAP
513524,42,surfboard,a photo of a surfboard,0.05987232274392777,all,,CS_OFFICIAL_SAM,0.0026636568848758466,0.5597297512755102,0.00531316133099194,0.002860744763382467,0.03722397476340694,20624,59,1,True,3.7257824143070045e-05,1,True,False,-0.057208665859051926,2,True,CS_MAP
513524,1,person,a photo of a person,0.3969410999023755,all,,CS_OFFICIAL_SAM,0.937794533459001,0.9921077806122449,0.9678988326848249,0.9756496159503186,0.9602702267974907,6119,5970,18,True,0.0032556322437817422,42,True,False,0.5408534335566255,2,True,CS_MAP
579158,33,suitcase,a photo of a suitcase,0.025153443536544036,all,,CS_OFFICIAL_SAM,0.0,0.6462053571428571,0.0,0.0,0.0,17009,0,16684,False,0.8743318310449638,5,False,True,-0.025153443536544036,1,True,CS_MAP
579158,5,airplane,a photo of a airplane,0.7263050327854892,all,,CS_OFFICIAL_SAM,0.742939784380752,0.9025829081632653,0.8525134270713898,0.9820646506777894,0.7531588207069361,14385,14127,0,True,0.0,-1,True,False,0.016634751595262842,1,True,CS_MAP
2149,53,apple,a photo of a apple,0.27795695155296923,all,,CS_OFFICIAL_SAM,0.26935609548770983,0.5888671875,0.4243980021764,0.30392039323822084,0.703125,25023,7605,17411,False,0.6562778739703028,51,False,True,-0.008600856065259399,1,True,CS_MAP
2149,51,bowl,a photo of a bowl,0.18616475417482975,all,,CS_OFFICIAL_SAM,0.07912588680026927,0.2911750637755102,0.1466481117136139,0.8567423605270535,0.080186822702107,3567,3056,0,True,0.0,-1,True,False,-0.10703886737456048,1,True,CS_MAP
196843,6,bus,a photo of a bus,0.5098173444938856,all,,CS_OFFICIAL_SAM,0.8983294648403021,0.9380181760204082,0.9464421023627472,0.9368586137533668,0.9562236837526533,29331,27479,330,True,0.011424025457438345,2,True,False,0.38851212034641647,2,True,CS_MAP
196843,2,bicycle,a photo of a bicycle,0.17287366106263743,all,,CS_OFFICIAL_SAM,0.8025785656728445,0.990234375,0.8904783191774698,0.9856506679861454,0.8120668569099062,2021,1992,11,True,0.0024770223583860246,6,True,False,0.629704904610207,0,True,CS_MAP
300233,50,spoon,a photo of a spoon,0.0971190336201828,all,,CS_OFFICIAL_SAM,0.07570340432146744,0.8814971301020408,0.1407514450867052,0.11275758277379024,0.18723567858515955,4319,487,3611,False,0.455359394703657,51,False,False,-0.021415629298715363,1,True,CS_MAP
300233,51,bowl,a photo of a bowl,0.2329803328290469,all,,CS_OFFICIAL_SAM,0.4872208770513855,0.9240274234693877,0.6552098408104197,0.9447052686489307,0.5015231237884242,3834,3622,0,True,0.0,-1,True,False,0.2542405442223386,1,True,CS_MAP
378515,1,person,a photo of a person,0.3083995913472216,all,,CS_OFFICIAL_SAM,0.17182662538699692,0.8613879145408163,0.29326287978863935,0.9958592132505176,0.17194947569113442,1449,1443,0,True,0.02446559786239145,52,True,False,-0.1365729659602247,1,True,CS_MAP
378515,2,bicycle,a photo of a bicycle,0.033327352650937475,all,,CS_OFFICIAL_SAM,0.7624602332979852,0.9955357142857143,0.865222623345367,0.7823721436343852,0.9676985195154778,919,719,0,True,0.0,-1,True,False,0.7291328806470477,2,True,CS_MAP
493286,5,airplane,a photo of a airplane,0.6287304532202491,all,,CS_OFFICIAL_SAM,0.7638667577206162,0.9379783163265306,0.8661275058074508,0.9883172982525035,0.7708269525267993,10186,10067,0,True,0.0,-1,True,False,0.13513630450036707,2,True,CS_MAP
493286,3,car,a photo of a car,0.7122783256443899,all,,CS_OFFICIAL_SAM,0.7102493074792243,0.8853435905612245,0.8305798509880142,0.9734916471075521,0.7242565867187098,14486,14102,378,True,0.025189263592567103,1,True,False,-0.0020290181651655415,1,True,CS_MAP
472298,1,person,a photo of a person,0.05013823739554534,all,,CS_OFFICIAL_SAM,0.4576365663322185,0.9806082589285714,0.6279158699808796,0.8242971887550201,0.5071031500926498,996,821,165,True,0.07856502242152466,9,True,False,0.40749832893667315,1,True,CS_MAP
472298,9,boat,a photo of a boat,0.1432797252728571,all,,CS_OFFICIAL_SAM,0.6640449438202247,0.9642458545918368,0.7981093855503039,0.9165158955802533,0.706796890572055,3869,3546,0,True,0.002740727206285401,1,True,False,0.5207652185473677,1,True,CS_MAP
10363,3,car,a photo of a car,0.8158161052479399,all,,CS_OFFICIAL_SAM,0.7364459930313589,0.8115632971938775,0.8482221687133799,0.7467495760316563,0.9816087683447892,35380,26420,4619,True,0.12577956989247313,17,True,False,-0.07937011221658097,2,True,CS_MAP
10363,17,cat,a photo of a cat,0.5082634918148351,all,,CS_OFFICIAL_SAM,0.9290137441474098,0.9906329719387755,0.9632007516442217,0.9805515702215846,0.9464533005077704,6273,6151,4,True,0.0006633299161792197,3,True,False,0.4207502523325747,0,True,CS_MAP
211120,8,truck,a photo of a truck,0.8561827956989247,all,,CS_OFFICIAL_SAM,0.9251132628586657,0.9831991390306123,0.9611000876747727,0.97655663915979,0.9461251930589625,10664,10414,6,True,0.002510800132924713,88,True,False,0.06893046715974094,2,True,CS_MAP
211120,88,teddy bear,a photo of a teddy bear,0.5284731225690635,all,,CS_OFFICIAL_SAM,0.5185876965716696,0.8407605229591837,0.6829868274877003,0.9873809796948492,0.5220476739249106,8717,8607,13,True,0.004021379485874268,8,True,False,-0.009885425997393948,1,True,CS_MAP
296634,56,broccoli,a photo of a broccoli,0.15696150696150696,all,,CS_OFFICIAL_SAM,0.16752222361337174,0.8674864477040817,0.28697050938337804,0.2907431551499348,0.2832945161973322,4602,1338,3264,False,0.11824862531476438,51,True,False,0.010560716651864782,1,True,CS_MAP
296634,51,bowl,a photo of a bowl,0.5048291233283804,all,,CS_OFFICIAL_SAM,0.3725797339633301,0.513054049744898,0.5428897494901873,0.9983485859767426,0.3728094968908988,14533,14509,0,True,0.0008836218098653776,56,True,False,-0.13224938936505026,1,True,CS_MAP
283268,58,hot dog,a photo of a hot dog,0.41401654411764705,all,,CS_OFFICIAL_SAM,0.9181471389645777,0.9850326849489796,0.9573271208591397,0.9848024316109423,0.9313432835820895,8554,8424,2,True,0.0009143847153376004,1,True,False,0.5041305948469306,1,True,CS_MAP
283268,1,person,a photo of a person,0.48553412462908013,all,,CS_OFFICIAL_SAM,0.6535555728639302,0.9113520408163265,0.7904851625058879,0.933785889160917,0.6853152564521399,8986,8391,2,True,0.0015552963394989724,58,True,False,0.16802144823485005,2,True,CS_MAP
9772,72,tv,a photo of a tv,0.03793384752299021,all,,CS_OFFICIAL_SAM,0.04184812732599572,0.5176777742346939,0.08033441003230096,0.04184812732599572,1.0,25258,1057,1049,True,0.029011319559882846,1,True,False,0.003914279803005509,2,True,CS_MAP
9772,1,person,a photo of a person,0.03168802132599536,all,,CS_OFFICIAL_SAM,0.872,0.9980867346938775,0.9316239316239316,0.9864253393665159,0.8825910931174089,663,654,0,True,0.0,-1,True,False,0.8403119786740046,1,True,CS_MAP
189806,17,cat,a photo of a cat,0.1221826809015421,all,,CS_OFFICIAL_SAM,0.3453876136855782,0.9397520727040817,0.513439562208273,0.3493975903614458,0.9678398058252428,4565,1595,2863,False,0.5607128867998433,18,False,True,0.22320493278403608,2,True,CS_MAP
189806,18,dog,a photo of a dog,0.22534645511146817,all,,CS_OFFICIAL_SAM,0.9205890846087208,0.9945192920918368,0.9586528341602767,0.9818293809670465,0.936545240893067,3247,3188,0,True,0.0,-1,True,False,0.6952426294972527,1,True,CS_MAP
180383,72,tv,a photo of a tv,0.3799427774924804,all,,CS_OFFICIAL_SAM,0.8847512038523274,0.9856903698979592,0.9388519843297565,0.9407748762587472,0.9369369369369369,5859,5512,196,True,0.15873827791986359,1,True,False,0.504808426359847,1,True,CS_MAP
180383,21,cow,a photo of a cow,0.6349817803227485,all,,CS_OFFICIAL_SAM,0.8038776554901459,0.9389150191326531,0.8912773580220638,0.9940655166956797,0.8077541310358131,12638,12563,3,True,0.0013516435986159168,72,True,False,0.16889587516739735,1,True,CS_MAP
505789,1,person,a photo of a person,0.2771587105058009,all,,CS_OFFICIAL_SAM,0.7143081761006289,0.9637874681122449,0.833348619645969,0.9454734651404787,0.7449983601180715,4805,4543,0,True,0.0,-1,True,False,0.43714946559482804,2,True,CS_MAP
505789,64,potted plant,a photo of a potted plant,0.0493270883974625,all,,CS_OFFICIAL_SAM,0.8671328671328671,0.9977279974489796,0.9288389513108615,0.9662337662337662,0.8942307692307693,770,744,0,True,0.0,-1,True,False,0.8178057787354046,1,True,CS_MAP
127530,1,person,a photo of a person,0.554785965709095,all,,CS_OFFICIAL_SAM,0.0,0.6705197704081632,0.0,0.0,0.0,381,0,0,False,0.0,-1,False,False,-0.554785965709095,2,True,CS_MAP
127530,43,tennis racket,a photo of a tennis racket,0.03317926708484648,all,,CS_OFFICIAL_SAM,0.003903708523096942,0.7864118303571429,0.007777057679844459,0.004205888243540957,0.051533742331288344,9986,42,9929,False,0.6167883211678832,1,False,True,-0.02927555856174954,2,True,CS_MAP
476415,1,person,a photo of a person,0.3211113930474499,all,,CS_OFFICIAL_SAM,0.14664656003559862,0.31204161352040816,0.2557833689067115,0.998989558773998,0.14666831499567315,5938,5932,0,True,0.803474959848153,32,False,True,-0.17446483301185128,2,True,CS_MAP
476415,32,tie,a photo of a tie,0.18965316347535635,all,,CS_OFFICIAL_SAM,0.9502879660503183,0.9934630102040817,0.9745104134286603,0.9714905484970561,0.9775491113189897,6454,6270,184,True,0.15957473111633083,1,True,False,0.760634802574962,1,True,CS_MAP
513283,49,knife,a photo of a knife,0.022783537057094228,all,,CS_OFFICIAL_SAM,0.07837465564738293,0.8666493941326531,0.145357006003321,0.07859116022099448,0.966044142614601,7240,569,94,True,0.009503695881731784,44,True,False,0.0555911185902887,1,True,CS_MAP
513283,44,bottle,a photo of a bottle,0.15887007218212104,all,,CS_OFFICIAL_SAM,0.8679627379505873,0.9935028698979592,0.9293148308759757,0.9349912739965096,0.9237068965517241,2292,2143,0,True,0.0,-1,True,False,0.7090926657684663,2,True,CS_MAP
236784,18,dog,a photo of a dog,0.845526524148852,all,,CS_OFFICIAL_SAM,0.5332968436416712,0.8980389030612245,0.6956211327939077,0.9787376527708019,0.5395477618827873,5973,5846,0,True,0.0003274930407728836,63,True,False,-0.3122296805071808,1,True,CS_MAP
236784,63,couch,a photo of a couch,0.8499642090193271,all,,CS_OFFICIAL_SAM,0.9199417185161849,0.9594826211734694,0.958301712644857,0.966009180002481,0.9507162624125021,24183,23361,12,True,0.0008288319186029895,18,True,False,0.06997750949685777,2,True,CS_MAP
306700,59,pizza,a photo of a pizza,0.7164141667502759,all,,CS_OFFICIAL_SAM,0.7897010949985203,0.9291892538265306,0.8824949565102358,0.8576754949858576,0.9087936789047067,15556,13342,1863,True,0.07399528982754691,1,True,False,0.07328692824824434,2,True,CS_MAP
306700,1,person,a photo of a person,0.7037927948086821,all,,CS_OFFICIAL_SAM,0.7667130919220055,0.9265585140306123,0.8679542767047694,0.7973533478174996,0.9522723698694764,15189,12111,1870,True,0.07954750804149048,59,True,False,0.06292029711332348,2,True,CS_MAP
162415,40,baseball glove,a photo of a baseball glove,0.40110707204230006,all,,CS_OFFICIAL_SAM,0.9276276868467758,0.9926857461734694,0.9624552429667519,0.9592169657422512,0.9657154588380209,4904,4704,184,True,0.1870305074352292,1,True,False,0.5265206148044757,1,True,CS_MAP
162415,1,person,a photo of a person,0.5570366914386643,all,,CS_OFFICIAL_SAM,0.7057358519483505,0.8469387755102041,0.827485511478503,0.998319783197832,0.7065751112475065,18450,18419,0,True,0.0008153806540211141,40,True,False,0.14869916050968623,2,True,CS_MAP
74209,67,dining table,a photo of a dining table,0.3406104500775996,all,,CS_OFFICIAL_SAM,0.034638774020919486,0.6045320471938775,0.06695819814736446,0.10275653052388511,0.049658250802064444,6929,712,5138,False,0.5557234605213449,62,False,True,-0.30597167605668013,1,True,CS_MAP
74209,82,refrigerator,a photo of a refrigerator,0.018778280542986425,all,,CS_OFFICIAL_SAM,0.0058375222960921035,0.8778101084183674,0.01160728679671127,0.006840205206156184,0.03829787234042553,5263,36,72,False,0.008537886872998933,79,False,False,-0.012940758246894321,1,True,CS_MAP
347335,67,dining table,a photo of a dining table,0.3923302657057872,all,,CS_OFFICIAL_SAM,0.10275027502750275,0.10598692602040816,0.18635275339185953,0.9930407887106127,0.10282431593907004,5173,5137,0,True,0.006732673267326733,47,True,False,-0.28957999067828444,1,True,CS_MAP
347335,47,cup,a photo of a cup,0.12477736501959188,all,,CS_OFFICIAL_SAM,0.8446799836934366,0.9924067283163265,0.9158011049723757,1.0,0.8446799836934366,2072,2072,0,True,0.04147400868712344,67,True,False,0.7199026186738446,1,True,CS_MAP
172330,3,car,a photo of a car,0.9048350747797582,all,,CS_OFFICIAL_SAM,0.8928891338799697,0.9380381058673469,0.9434140836867299,0.9754968383017163,0.9133744493392071,26568,25917,361,True,0.015249080101896406,17,True,False,-0.01194594089978851,2,True,CS_MAP
172330,17,cat,a photo of a cat,0.16459186889379138,all,,CS_OFFICIAL_SAM,0.8114715561824165,0.9920081313775511,0.8959252530495717,1.0,0.8114715561824165,1726,1726,0,True,0.0008645054031587697,3,True,False,0.6468796872886251,1,True,CS_MAP
466125,1,person,a photo of a person,0.6221475732653771,all,,CS_OFFICIAL_SAM,0.5842414458047446,0.8152303890306123,0.7375661675205933,0.9127723674069922,0.6187897786643868,14273,13028,711,True,0.04129793510324484,28,True,False,-0.03790612746063249,2,True,CS_MAP
466125,84,book,a photo of a book,0.024746314378709555,all,,CS_OFFICIAL_SAM,0.0,0.9778380102040817,0.0,0.0,0.0,595,0,595,False,0.9527687296416938,73,False,True,-0.024746314378709555,0,True,CS_MAP
294162,73,laptop,a photo of a laptop,0.7624372181691536,all,,CS_OFFICIAL_SAM,0.7114785034460125,0.8598333864795918,0.8314197368105659,1.0,0.7114785034460125,17343,17343,0,True,0.0,-1,True,False,-0.05095871472314106,1,True,CS_MAP
294162,74,mouse,a photo of a mouse,0.13559322033898305,all,,CS_OFFICIAL_SAM,0.9546495648190564,0.9980269451530612,0.9767986876025311,0.981629769194536,0.9720149253731343,2123,2084,0,True,0.00011322463768115942,73,True,False,0.8190563444800734,1,True,CS_MAP
79229,18,dog,a photo of a dog,0.0520921630577175,all,,CS_OFFICIAL_SAM,0.7816091954022989,0.9969706632653061,0.8774193548387097,0.9645390070921985,0.8047337278106509,564,544,0,True,0.0,-1,True,False,0.7295170323445814,1,True,CS_MAP
79229,19,horse,a photo of a horse,0.3859590191467921,all,,CS_OFFICIAL_SAM,0.7962552848802094,0.9798309948979592,0.8865725173727864,0.9225565663634243,0.8532901833872708,4287,3955,109,True,0.020504138449962378,1,True,False,0.41029626573341726,1,True,CS_MAP
213224,86,vase,a photo of a vase,0.20684391750381598,all,,CS_OFFICIAL_SAM,0.6479365079365079,0.9557955994897959,0.7863610094394143,0.9772564041177879,0.6578565672844481,4177,4082,0,True,0.00024715768660405336,67,True,False,0.44109259043269194,1,True,CS_MAP
213224,62,chair,a photo of a chair,0.07179648488184642,all,,CS_OFFICIAL_SAM,0.49945414847161573,0.9817243303571429,0.6661812886785584,0.9967320261437909,0.5002733734281027,918,915,0,True,0.0,-1,True,False,0.4276576635897693,1,True,CS_MAP
563349,1,person,a photo of a person,0.16681695220919748,all,,CS_OFFICIAL_SAM,0.9135215453194651,0.9942004145408163,0.9548066469948749,0.9887423608877453,0.9231231231231232,3109,3074,2,True,0.0004938271604938272,36,True,False,0.7467045931102676,2,True,CS_MAP
563349,36,snowboard,a photo of a snowboard,0.03616149795201872,all,,CS_OFFICIAL_SAM,0.04043872687202091,0.6268734056122449,0.07773399014778325,0.04076044841659348,0.8366914103923648,19357,789,94,True,0.00416058071083964,1,True,False,0.0042772289200021865,2,True,CS_MAP
363461,72,tv,a photo of a tv,0.11800197011984896,all,,CS_OFFICIAL_SAM,0.26210428305400374,0.9368223852040817,0.4153448911840649,0.4569805194805195,0.38066260987153483,2464,1126,0,True,0.0,-1,True,False,0.14410231293415476,2,True,CS_MAP
363461,73,laptop,a photo of a laptop,0.15753266540468167,all,,CS_OFFICIAL_SAM,0.4828080229226361,0.9280532525510204,0.6512077294685991,0.4947878431948319,0.9522463972873693,6811,3370,1707,True,0.15938760977925467,72,True,False,0.32527535751795444,1,True,CS_MAP
64868,18,dog,a photo of a dog,0.18508067433615513,all,,CS_OFFICIAL_SAM,0.6378012048192772,0.980827487244898,0.7788505747126436,0.9866045428072219,0.643372578807444,1717,1694,1,True,0.00035179061422641245,1,True,False,0.452720530483122,1,True,CS_MAP
64868,79,oven,a photo of a oven,0.6687448046550291,all,,CS_OFFICIAL_SAM,0.7882219705549264,0.9403698979591837,0.8815706143128562,0.9504950495049505,0.8219663418954827,11716,11136,7,True,0.0006197834889678539,1,True,False,0.11947716589989732,2,True,CS_MAP
239773,39,baseball bat,a photo of a baseball bat,0.03581146317914509,all,,CS_OFFICIAL_SAM,0.8199513381995134,0.9970503826530612,0.9010695187165776,0.9911764705882353,0.8259803921568627,680,674,2,True,0.018818343646689835,1,True,False,0.7841398750203683,1,True,CS_MAP
239773,40,baseball glove,a photo of a baseball glove,0.03499644254713625,all,,CS_OFFICIAL_SAM,0.8191244239631337,0.9968710140306123,0.9005699810006333,0.8977272727272727,0.9034307496823379,792,711,70,True,0.06319018404907975,1,True,False,0.7841279814159974,1,True,CS_MAP
393226,8,truck,a photo of a truck,0.4324437030859049,all,,CS_OFFICIAL_SAM,0.19069903480549869,0.8345623405612245,0.3203144190616556,0.9878787878787879,0.19114629141014366,1980,1956,0,True,0.0007840062720501764,3,True,False,-0.24174466828040622,1,True,CS_MAP
393226,3,car,a photo of a car,0.020931326434619004,all,,CS_OFFICIAL_SAM,0.020689655172413793,0.8075573979591837,0.04054054054054054,0.02149404699188705,0.35602094240837695,9491,204,9152,False,0.7963570127504553,8,False,True,-0.00024167126220521126,2,True,CS_MAP
34139,33,suitcase,a photo of a suitcase,0.6160072760345612,all,,CS_OFFICIAL_SAM,0.8091664306617578,0.9194236288265306,0.894518510788176,0.9138059701492537,0.876028412284736,18760,17143,783,True,0.03384841795437822,1,True,False,0.19315915462719657,1,True,CS_MAP
34139,1,person,a photo of a person,0.24025259532124577,all,,CS_OFFICIAL_SAM,0.6388835786656472,0.9623525191326531,0.7796570628718068,0.9692575406032483,0.6520975609756098,3448,3342,0,True,0.0,-1,True,False,0.3986309833444014,2,True,CS_MAP
116439,9,boat,a photo of a boat,0.37479495446575034,all,,CS_OFFICIAL_SAM,0.8070002811357886,0.9726363201530612,0.8931933099961105,0.9664983164983165,0.8302241503976862,5940,5741,4,True,0.00168651839359123,1,True,False,0.43220532667003825,0,True,CS_MAP
116439,62,chair,a photo of a chair,0.0183461210571185,all,,CS_OFFICIAL_SAM,0.0,0.8923788265306123,0.0,0.0,0.0,4862,0,1993,False,0.16490237591155021,31,False,False,-0.0183461210571185,2,True,CS_MAP
121591,41,skateboard,a photo of a skateboard,0.015265836111598525,all,,CS_OFFICIAL_SAM,0.011033075499454278,0.16930404974489796,0.021825350261669523,0.011048542305224892,0.8874045801526718,42087,465,2909,False,0.07220353437248306,1,False,False,-0.004232760612144247,2,True,CS_MAP
121591,1,person,a photo of a person,0.2017922969365705,all,,CS_OFFICIAL_SAM,0.8382352941176471,0.9896962691326531,0.912,0.9922222222222222,0.8437795275590552,2700,2679,7,True,0.009708737864077669,41,True,False,0.6364429971810766,1,True,CS_MAP
156372,9,boat,a photo of a boat,0.20782937046433417,all,,CS_OFFICIAL_SAM,0.1520923356834205,0.7027861926020408,0.26402803138725756,0.999252895031752,0.15210963266234503,2677,2675,0,True,0.035194805194805195,62,True,False,-0.05573703478091366,1,True,CS_MAP
156372,62,chair,a photo of a chair,0.31529061102831596,all,,CS_OFFICIAL_SAM,0.6931306306306306,0.967414700255102,0.8187562354506153,0.9908773812718004,0.6975821684926332,3727,3693,26,True,0.2099347147317627,9,True,False,0.37784001960231467,1,True,CS_MAP
260105,47,cup,a photo of a cup,0.04933365640901381,all,,CS_OFFICIAL_SAM,0.2222222222222222,0.9584263392857143,0.36363636363636365,0.26371681415929205,0.5854616895874263,2260,596,3,True,0.0006756756756756757,48,True,False,0.17288856581320838,2,True,CS_MAP
260105,48,fork,a photo of a fork,0.04038893044128646,all,,CS_OFFICIAL_SAM,0.873485868102288,0.9981265943877551,0.9324712643678161,0.9405797101449276,0.9245014245014245,690,649,0,True,0.0,-1,True,False,0.8330969376610016,1,True,CS_MAP
44195,1,person,a photo of a person,0.6357648882001329,all,,CS_OFFICIAL_SAM,0.8501002673796791,0.9642458545918368,0.9189775088067925,0.9813832352657471,0.8640339702760085,10367,10174,45,True,0.004978839930296241,36,True,False,0.21433537917954626,2,True,CS_MAP
44195,36,snowboard,a photo of a snowboard,0.05371452204932017,all,,CS_OFFICIAL_SAM,0.009856153436334577,0.8518415178571429,0.019519915589554206,0.012675573826652964,0.04243119266055046,5838,74,25,True,0.003303902022215893,1,True,False,-0.04385836861298559,2,True,CS_MAP
280930,79,oven,a photo of a oven,0.2612233312834098,all,,CS_OFFICIAL_SAM,0.7400138937130948,0.9701650191326531,0.8505838906078451,0.9817972350230415,0.7503081528438106,4340,4261,0,True,0.0,-1,True,False,0.478790562429685,1,True,CS_MAP
280930,1,person,a photo of a person,0.6593680975703448,all,,CS_OFFICIAL_SAM,0.8606342393896041,0.9534040178571429,0.9250977125648747,0.935345944545219,0.9150716187095956,15436,14438,71,True,0.0027841052898000505,44,True,False,0.2012661418192594,2,True,CS_MAP
224675,38,kite,a photo of a kite,0.14505436223813312,all,,CS_OFFICIAL_SAM,0.29528061224489793,0.9559550382653061,0.45593303791235845,0.6993957703927492,0.33820306793279764,1324,926,97,True,0.01521079702817954,1,True,False,0.15022625000676482,1,True,CS_MAP
224675,31,handbag,a photo of a handbag,0.14722704524563374,all,,CS_OFFICIAL_SAM,0.908715122287289,0.9947185905612245,0.9521746977079949,1.0,0.908715122287289,2638,2638,0,True,0.007055619739230896,1,True,False,0.7614880770416552,1,True,CS_MAP
402346,51,bowl,a photo of a bowl,0.2899629717166942,all,,CS_OFFICIAL_SAM,0.43839329719073433,0.8183195153061225,0.6095597053280795,0.9743940846227578,0.4435026488002493,7303,7116,0,True,0.0,-1,True,False,0.14843032547404011,1,True,CS_MAP
402346,86,vase,a photo of a vase,0.01725776965265082,all,,CS_OFFICIAL_SAM,6.989829797644427e-05,0.42978714923469385,0.0001397868250917351,7.115665136798663e-05,0.003937007874015748,28107,2,12176,False,0.3807855891918939,51,False,False,-0.017187871354674377,2,True,CS_MAP
66817,50,spoon,a photo of a spoon,0.022449141767323585,all,,CS_OFFICIAL_SAM,0.5054509415262636,0.9900550063775511,0.6714944042132982,0.7402031930333817,0.6144578313253012,689,510,103,True,0.3141426783479349,48,True,False,0.48300179975894,0,True,CS_MAP
66817,67,dining table,a photo of a dining table,0.3606395967074948,all,,CS_OFFICIAL_SAM,0.3940558659217877,0.7297911352040817,0.5653372659656322,0.43900617406891057,0.7937522506301764,20084,8817,76,True,0.002204331991566034,50,True,False,0.033416269214292915,2,True,CS_MAP
536073,44,bottle,a photo of a bottle,0.2580733442802408,all,,CS_OFFICIAL_SAM,0.8106494152774322,0.9848333864795918,0.8954239384361687,0.9590815425375331,0.8396907216494846,3397,3258,0,True,0.0,-1,True,False,0.5525760709971914,1,True,CS_MAP
536073,47,cup,a photo of a cup,0.16054921152800436,all,,CS_OFFICIAL_SAM,0.9339255968906163,0.9952566964285714,0.9658340511053689,0.9850658857979502,0.9473387778090678,3415,3364,0,True,0.0,-1,True,False,0.7733763853626119,1,True,CS_MAP
483999,67,dining table,a photo of a dining table,0.6775295797633619,all,,CS_OFFICIAL_SAM,0.13747804706708816,0.7553013392857143,0.24172430830039526,0.8331204767986378,0.1413710900816297,2349,1957,105,True,0.15824665676077265,47,False,False,-0.5400515326962738,2,True,CS_MAP
483999,1,person,a photo of a person,0.7405802390292856,all,,CS_OFFICIAL_SAM,0.5529437706725469,0.7979711415816326,0.7121233635305143,0.6887118923372699,0.7371825023518345,18205,12538,4102,True,0.17836526087436114,67,True,False,-0.18763646835673875,2,True,CS_MAP
405432,75,remote,a photo of a remote,0.02509727626459144,all,,CS_OFFICIAL_SAM,0.8197343453510436,0.9981066645408163,0.9009384775808134,0.9751693002257337,0.8372093023255814,443,432,11,True,0.00882892219387755,67,True,False,0.7946370690864522,1,True,CS_MAP
405432,60,donut,a photo of a donut,0.14515142868788977,all,,CS_OFFICIAL_SAM,0.19134249780637613,0.7244897959183674,0.3212216439163311,0.2028275562720903,0.7716442557206888,16127,3271,12856,False,0.3214086415816326,67,False,False,0.04619106911848636,2,True,CS_MAP
133645,9,boat,a photo of a boat,0.14444444444444443,all,,CS_OFFICIAL_SAM,0.4608307045215563,0.9591238839285714,0.630915961849919,0.9837261503928171,0.4643708609271523,1782,1753,0,True,0.0,-1,True,False,0.31638626007711185,1,True,CS_MAP
133645,15,bench,a photo of a bench,0.061943411114868674,all,,CS_OFFICIAL_SAM,0.6842532467532467,0.9922472895408163,0.8125301204819277,0.8637295081967213,0.7670609645131938,976,843,0,True,0.0,-1,True,False,0.622309835638378,2,True,CS_MAP
291634,4,motorcycle,a photo of a motorcycle,0.4724462365591398,all,,CS_OFFICIAL_SAM,0.46377423851970767,0.7470304528061225,0.6336690813587694,0.5153506712984697,0.8225069303963437,21302,10978,7327,True,0.3892946205913787,2,True,False,-0.008671998039432138,2,True,CS_MAP
291634,2,bicycle,a photo of a bicycle,0.41446712607809993,all,,CS_OFFICIAL_SAM,0.4579714806475823,0.7984893176020408,0.6282310548957606,0.49378648633026995,0.8632780921584479,17301,8543,7511,True,0.4323503294854419,4,True,False,0.04350435456948237,2,True,CS_MAP
189775,62,chair,a photo of a chair,0.0361051351604153,all,,CS_OFFICIAL_SAM,0.0,0.9384566326530612,0.0,0.0,0.0,2241,0,306,False,0.01752577319587629,1,False,False,-0.0361051351604153,0,True,CS_MAP
189775,1,person,a photo of a person,0.5918730158730159,all,,CS_OFFICIAL_SAM,0.14288462771756558,0.7336375956632653,0.25004208518040516,0.9703832752613241,0.14351046698872785,2296,2228,4,True,0.0014461315979754157,43,True,False,-0.4489883881554503,2,True,CS_MAP
249129,62,chair,a photo of a chair,0.2755985391586636,all,,CS_OFFICIAL_SAM,0.42040673211781204,0.9341119260204082,0.5919526042952358,0.6456650511577814,0.5464904284412033,3714,2398,431,True,0.059658089531194926,88,True,False,0.14480819295914843,1,True,CS_MAP
249129,67,dining table,a photo of a dining table,0.10634011206950827,all,,CS_OFFICIAL_SAM,0.12165875593305021,0.9299266581632653,0.21692650334075725,0.20325542570951585,0.23256924546322827,2396,487,1518,False,0.2567617636161541,62,False,False,0.01531864386354194,1,True,CS_MAP
481582,19,horse,a photo of a horse,0.5180740037950664,all,,CS_OFFICIAL_SAM,0.8376068376068376,0.9602399553571429,0.9116279069767442,0.9049336030252396,0.9184219921456622,11371,10290,700,True,0.03380893300248139,1,True,False,0.3195328338117712,1,True,CS_MAP
481582,1,person,a photo of a person,0.5732315521628498,all,,CS_OFFICIAL_SAM,0.5946730833056754,0.9026426977040817,0.7458244445600708,0.9873260779721724,0.599247491638796,7259,7167,69,True,0.004297214969538729,19,True,False,0.021441531142825543,2,True,CS_MAP
372260,3,car,a photo of a car,0.48659003831417624,all,,CS_OFFICIAL_SAM,0.8817260656883298,0.9865074936224489,0.9371460402933803,0.9822888283378747,0.8959701757500443,5138,5047,0,True,0.0,-1,True,False,0.39513602737415354,2,True,CS_MAP
372260,85,clock,a photo of a clock,0.058982777489775935,all,,CS_OFFICIAL_SAM,0.9639376218323586,0.9992625956632653,0.9816377171215881,0.9979818365287588,0.9658203125,991,989,0,True,0.0,-1,True,False,0.9049548443425827,0,True,CS_MAP
199551,1,person,a photo of a person,0.227838295812152,all,,CS_OFFICIAL_SAM,0.9555461473327689,0.9958147321428571,0.977267806884607,0.9960282436010591,0.9592010199745007,4532,4514,3,True,0.0007615593834995467,65,True,False,0.7277078515206169,2,True,CS_MAP
199551,65,bed,a photo of a bed,0.4911706500228345,all,,CS_OFFICIAL_SAM,0.7053590341029443,0.8613879145408163,0.8272264314991926,0.9685300447908789,0.7219042663891779,17191,16650,0,True,0.0,-1,True,False,0.21418838408010982,1,True,CS_MAP
71877,1,person,a photo of a person,0.215108781563293,all,,CS_OFFICIAL_SAM,0.8916209570644978,0.9885801977040817,0.9427057294270573,0.975983436853002,0.9116225101527751,4830,4714,0,True,0.0,-1,True,False,0.6765121755012049,2,True,CS_MAP
71877,41,skateboard,a photo of a skateboard,0.03335384615384615,all,,CS_OFFICIAL_SAM,0.12929848693259974,0.9621532206632653,0.2289890377588307,0.14679854242581988,0.5202952029520295,1921,282,1303,False,0.22508205216790464,1,False,False,0.09594464077875359,2,True,CS_MAP
500478,62,chair,a photo of a chair,0.05578973468881726,all,,CS_OFFICIAL_SAM,0.16533864541832669,0.9248445471938775,0.28376068376068375,0.18082788671023964,0.6587301587301587,4131,747,442,True,0.01822680412371134,1,True,False,0.10954891072950942,2,True,CS_MAP
500478,1,person,a photo of a person,0.5371224832214765,all,,CS_OFFICIAL_SAM,0.644463835563312,0.8538345025510204,0.7837981251105477,0.9949854052840357,0.6465638830796168,13361,13294,7,True,0.06519790888722928,40,True,False,0.1073413523418355,2,True,CS_MAP
350148,67,dining table,a photo of a dining table,0.7786393625224917,all,,CS_OFFICIAL_SAM,0.4287607335948267,0.7852160395408163,0.6001854943424225,0.9711850162084283,0.4342854074948996,8329,8089,1,True,0.0001631188320691624,54,True,False,-0.34987862892766497,1,True,CS_MAP
350148,3,car,a photo of a car,0.0844391851914462,all,,CS_OFFICIAL_SAM,0.23654871546291809,0.9686104910714286,0.3825950607604861,0.9644268774703557,0.23863080684596577,506,488,18,True,0.0073886068809926675,1,True,False,0.1521095302714719,1,True,CS_MAP
226130,67,dining table,a photo of a dining table,0.38741854235797385,all,,CS_OFFICIAL_SAM,0.06949869136299577,0.07888233418367346,0.1299649862580475,0.9871318272805262,0.0695617128463476,3497,3452,0,True,0.000494247508168813,58,True,False,-0.3179198509949781,1,True,CS_MAP
226130,58,hot dog,a photo of a hot dog,0.7540581133383398,all,,CS_OFFICIAL_SAM,0.6075746099075897,0.7418686224489796,0.7558897809943835,0.9967690625310667,0.6087735276259867,20118,20053,65,True,0.40540050377833753,67,True,False,-0.14648350343075012,1,True,CS_MAP
125778,62,chair,a photo of a chair,0.22052744119743406,all,,CS_OFFICIAL_SAM,0.3762630902076061,0.8646763392857143,0.5467894807101855,0.39778576284354666,0.8742796157950907,10297,4096,6175,False,0.46209332030956496,63,False,False,0.15573564901017206,2,True,CS_MAP
125778,63,couch,a photo of a couch,0.46220915496527604,all,,CS_OFFICIAL_SAM,0.5175533840028954,0.8671675701530612,0.6820891962795135,0.6057781919850885,0.7803972931674307,11803,7150,4210,True,0.3391812865497076,62,True,False,0.055344229037619375,2,True,CS_MAP
403565,1,person,a photo of a person,0.17664110151579202,all,,CS_OFFICIAL_SAM,0.0015186852524814232,0.6331114477040817,0.003032764689953967,0.0018026137899954935,0.009549795361527967,15533,28,6,True,0.0002475860361475613,2,True,False,-0.1751224162633106,2,True,CS_MAP
403565,27,backpack,a photo of a backpack,0.03631871525633107,all,,CS_OFFICIAL_SAM,0.0,0.9384167729591837,0.0,0.0,0.0,2502,0,2445,False,0.71798925071135,1,False,True,-0.03631871525633107,2,True,CS_MAP
84241,1,person,a photo of a person,0.5812789993947952,all,,CS_OFFICIAL_SAM,0.7824881954424143,0.9155373086734694,0.87797293406277,0.9642044017202125,0.8058991436726927,15812,15246,0,True,0.0013871374527112232,48,True,False,0.2012091960476191,2,True,CS_MAP
84241,79,oven,a photo of a oven,0.1581003209962486,all,,CS_OFFICIAL_SAM,0.261664696474515,0.7883848852040817,0.4147927689594356,0.2724442513756154,0.86865189289012,13812,3763,1021,True,0.04726685940966853,51,True,False,0.10356437547826641,2,True,CS_MAP
112298,44,bottle,a photo of a bottle,0.10902070325336839,all,,CS_OFFICIAL_SAM,0.25827455236028213,0.9727558992346939,0.4105217766278568,0.4798387096774194,0.35870384325546345,992,476,0,True,0.0,-1,True,False,0.14925384910691375,2,True,CS_MAP
112298,1,person,a photo of a person,0.615859574843433,all,,CS_OFFICIAL_SAM,0.7857042154236571,0.9697066326530612,0.8799936838780988,0.9804714989444053,0.7981953594958464,5684,5573,1,True,0.0001426533523537803,44,True,False,0.16984464058022408,1,True,CS_MAP
231822,67,dining table,a photo of a dining table,0.46470966963100074,all,,CS_OFFICIAL_SAM,0.18110236220472442,0.19579081632653061,0.30666666666666664,0.9245752175714878,0.18381807695476643,9652,8924,1,True,0.0025247620897261604,47,True,False,-0.2836073074262763,1,True,CS_MAP
231822,56,broccoli,a photo of a broccoli,0.05411576206689365,all,,CS_OFFICIAL_SAM,0.8597603946441156,0.9960339604591837,0.9245926487305798,0.9472049689440993,0.9030347890451518,1288,1220,68,True,0.026530444096564226,67,True,False,0.805644632577222,1,True,CS_MAP
436617,46,wine glass,a photo of a wine glass,0.060667788504118324,all,,CS_OFFICIAL_SAM,0.006447453255963894,0.9692881058673469,0.012812299807815503,0.05235602094240838,0.0072992700729927005,191,10,181,False,0.7937219730941704,47,False,True,-0.05422033524815443,1,True,CS_MAP
436617,31,handbag,a photo of a handbag,0.026824876494759686,all,,CS_OFFICIAL_SAM,0.0,0.8743024553571429,0.0,0.0,0.0,5369,0,4149,False,0.24348591549295776,1,False,False,-0.026824876494759686,2,True,CS_MAP
434479,62,chair,a photo of a chair,0.08311773836963168,all,,CS_OFFICIAL_SAM,0.5467889908256881,0.9753866390306123,0.7069988137603797,0.6263135771332493,0.8115468409586056,2379,1490,47,True,0.030933443871602892,67,True,False,0.46367125245605645,2,True,CS_MAP
434479,59,pizza,a photo of a pizza,0.6529522376833397,all,,CS_OFFICIAL_SAM,0.0027229969469428172,0.5182557397959183,0.0054312047399605,0.015175902506323292,0.0033074417439238287,4349,66,4226,False,0.1143932116554595,67,False,False,-0.6502292407363969,1,True,CS_MAP
16228,1,person,a photo of a person,0.10118983813913603,all,,CS_OFFICIAL_SAM,0.13984433843836305,0.8634406887755102,0.24537444933920705,0.18471231968164484,0.3653656936700558,6031,1114,4801,False,0.6386796632698272,7,False,True,0.038654500299227026,2,True,CS_MAP
16228,28,umbrella,a photo of a umbrella,0.046081825718047496,all,,CS_OFFICIAL_SAM,0.8515546639919759,0.9970503826530612,0.9198266522210184,0.9422863485016648,0.8984126984126984,901,849,0,True,0.0,-1,True,False,0.8054728382739283,2,True,CS_MAP
210388,1,person,a photo of a person,0.44482992684214495,all,,CS_OFFICIAL_SAM,0.593318640528941,0.9301259566326531,0.7447582993593477,0.6649765990639626,0.8462938451356717,7692,5115,61,True,0.008244023083264633,33,True,False,0.14848871368679606,2,True,CS_MAP
210388,33,suitcase,a photo of a suitcase,0.06534112468695454,all,,CS_OFFICIAL_SAM,0.9345372460496614,0.9988440688775511,0.9661610268378062,0.9798816568047337,0.952819332566168,845,828,10,True,0.015627303553000148,1,True,False,0.8691961213627069,1,True,CS_MAP
10707,27,backpack,a photo of a backpack,0.0261643904147281,all,,CS_OFFICIAL_SAM,0.1553966189856957,0.9482222576530612,0.268992684299381,0.16926345609065155,0.6547945205479452,2824,478,49,True,0.009234828496042216,73,True,False,0.1292322285709676,2,True,CS_MAP
10707,67,dining table,a photo of a dining table,0.11559329199549041,all,,CS_OFFICIAL_SAM,0.22807017543859648,0.9184470663265306,0.37142857142857144,0.400066181336863,0.34661697247706424,3022,1209,1343,False,0.37538547799271094,63,False,False,0.11247688344310607,1,True,CS_MAP
88462,6,bus,a photo of a bus,0.6227308091286307,all,,CS_OFFICIAL_SAM,0.6369912416280268,0.9297871492346939,0.7782463649524769,0.9913406029506093,0.6405553828618796,6236,6182,28,True,0.007651841224294596,13,True,False,0.014260432499396125,1,True,CS_MAP
88462,3,car,a photo of a car,0.03871771900440151,all,,CS_OFFICIAL_SAM,0.8204121687929342,0.9963528380102041,0.9013477088948787,0.9709639953542393,0.8410462776659959,861,836,0,True,0.0,-1,True,False,0.7816944497885328,2,True,CS_MAP
451714,1,person,a photo of a person,0.5769107975225082,all,,CS_OFFICIAL_SAM,0.8506903564165685,0.9721978635204082,0.9193221907350645,0.9941213258286429,0.8549913941480206,7995,7948,0,True,0.00021567993098242207,35,True,False,0.27377955889406036,2,True,CS_MAP
451714,35,skis,a photo of a skis,0.04265307491113943,all,,CS_OFFICIAL_SAM,0.06939196152524905,0.9460100446428571,0.12977834885962095,0.11020185488270595,0.1578125,1833,202,1132,False,0.11356814088453072,1,False,False,0.026738886614109628,2,True,CS_MAP
347930,63,couch,a photo of a couch,0.6063335599365511,all,,CS_OFFICIAL_SAM,0.913341151859013,0.9455117984693877,0.9547081041680472,0.9781723131237694,0.9323432343234324,29458,28815,32,True,0.004966535642196962,18,True,False,0.30700759192246185,2,True,CS_MAP
347930,18,dog,a photo of a dog,0.6110314645740587,all,,CS_OFFICIAL_SAM,0.8687263257575758,0.977897799744898,0.9297523278646989,0.9909532811234134,0.8756711609593127,7406,7339,17,True,0.009139997365994995,63,True,False,0.25769486118351714,1,True,CS_MAP
341921,15,bench,a photo of a bench,0.28292096437385306,all,,CS_OFFICIAL_SAM,0.7663687762173992,0.9744698660714286,0.867733608673206,0.8101021785232312,0.9341929746554024,5187,4202,192,True,0.02815214135968853,1,True,False,0.4834478118435461,0,True,CS_MAP
341921,1,person,a photo of a person,0.08828942525109112,all,,CS_OFFICIAL_SAM,0.305361769982061,0.9305444834183674,0.46785768819667123,0.31457905544147846,0.912447885646218,4870,1532,3230,False,0.48227848101265824,15,False,False,0.21707234473096987,2,True,CS_MAP
182611,61,cake,a photo of a cake,0.07021773236903532,all,,CS_OFFICIAL_SAM,0.8884738527214514,0.9958346619897959,0.9409437694263917,0.977112676056338,0.9073569482288828,1704,1665,39,True,0.5627726611730489,54,True,False,0.8182561203524161,1,True,CS_MAP
182611,67,dining table,a photo of a dining table,0.6479662346393755,all,,CS_OFFICIAL_SAM,0.2992317880794702,0.7363879145408163,0.46062879745545,0.9768246281563473,0.3013713249026199,5782,5648,50,True,0.396412789186379,51,False,False,-0.3487344465599053,2,True,CS_MAP
284725,3,car,a photo of a car,0.2328892446680771,all,,CS_OFFICIAL_SAM,0.8382183244864989,0.9860291772959183,0.9119899560577527,0.9573010015814444,0.8707743946295853,3794,3632,140,True,0.009177118384827165,6,True,False,0.6053290798184219,1,True,CS_MAP
284725,6,bus,a photo of a bus,0.5563387690689111,all,,CS_OFFICIAL_SAM,0.8684582743988685,0.9666374362244898,0.9295987887963664,0.997743071228672,0.8701677033304465,11077,11052,0,True,0.0022349365278026105,1,True,False,0.31211950532995736,1,True,CS_MAP
25603,59,pizza,a photo of a pizza,0.07367267413541159,all,,CS_OFFICIAL_SAM,0.23419134057431928,0.8974210778061225,0.37950572634116936,0.24293872511189998,0.8667400881057269,6479,1574,4826,False,0.35491766800178015,67,False,False,0.1605186664389077,2,True,CS_MAP
25603,62,chair,a photo of a chair,0.3446489287063522,all,,CS_OFFICIAL_SAM,0.5043305243445693,0.9155970982142857,0.6705049404808215,0.6945519019987105,0.6480673785531659,6204,4309,1150,True,0.04823053149349236,67,True,False,0.15968159563821704,2,True,CS_MAP
449312,3,car,a photo of a car,0.08880751994753525,all,,CS_OFFICIAL_SAM,0.0,0.9524075255102041,0.0,0.0,0.0,643,0,38,False,0.002959501557632399,1,False,False,-0.08880751994753525,1,True,CS_MAP
449312,1,person,a photo of a person,0.7334840799364419,all,,CS_OFFICIAL_SAM,0.8922430869186276,0.9728954081632653,0.9430533456159451,0.966858418476861,0.9203923171230077,11647,11261,9,True,0.0006724949562878278,3,True,False,0.1587590069821857,2,True,CS_MAP
179112,1,person,a photo of a person,0.6407707787060186,all,,CS_OFFICIAL_SAM,0.9435913955402842,0.9685905612244898,0.9709771279142573,0.9833271167474823,0.9589335079295795,26810,26363,0,True,0.03527652123157741,77,True,False,0.30282061683426553,2,True,CS_MAP
179112,77,cell phone,a photo of a cell phone,0.17072905331882482,all,,CS_OFFICIAL_SAM,0.004468690151471185,0.6581234056122449,0.008897619597873815,0.0048923057373403646,0.049075844486934354,15739,77,15567,False,0.567078696487476,1,False,True,-0.16626036316735363,2,True,CS_MAP
153529,33,suitcase,a photo of a suitcase,0.30593204311920824,all,,CS_OFFICIAL_SAM,0.6414755732801595,0.9641661352040817,0.781584062196307,0.9634621144055107,0.6574698548947476,3339,3217,95,True,0.03792240300375469,27,True,False,0.33554353016095123,0,True,CS_MAP
153529,1,person,a photo of a person,0.5104688021354689,all,,CS_OFFICIAL_SAM,0.5930510178436793,0.8709143813775511,0.7445474265430881,0.9932652846469536,0.5954453696694424,9503,9439,3,True,0.00020755500207555002,27,True,False,0.08258221570821045,2,True,CS_MAP
375278,33,suitcase,a photo of a suitcase,0.6625051636296875,all,,CS_OFFICIAL_SAM,0.5543286441788937,0.8238400829081632,0.7132708340091478,0.9705155367231638,0.563823785835171,11328,10994,6,True,0.018613401649187414,17,True,False,-0.10817651945079376,1,True,CS_MAP
375278,17,cat,a photo of a cat,0.7640160541828672,all,,CS_OFFICIAL_SAM,0.7843379277240623,0.9373206313775511,0.8791360823949886,0.961014955469669,0.8101140307387209,11902,11438,404,True,0.8951619106222598,18,False,True,0.02032187354119508,1,True,CS_MAP
246963,1,person,a photo of a person,0.0460257830869436,all,,CS_OFFICIAL_SAM,0.0001243781094527363,0.5193518813775511,0.0002487252829250093,0.00014186409419775854,0.0010080645161290322,21147,3,36,False,0.001432037869445881,4,False,False,-0.045901404977490866,1,True,CS_MAP
246963,4,motorcycle,a photo of a motorcycle,0.1417006974811174,all,,CS_OFFICIAL_SAM,0.48019182652210174,0.9503148915816326,0.6488237779969009,0.7499185932920873,0.5717477656405164,3071,2303,37,True,0.012728186233461732,1,True,False,0.33849112904098433,1,True,CS_MAP
259640,1,person,a photo of a person,0.22618115374575828,all,,CS_OFFICIAL_SAM,0.49059040590405906,0.9449736926020408,0.6582497833890333,0.9496428571428571,0.503693881416935,2800,2659,111,True,0.18664169787765295,31,True,False,0.2644092521583008,2,True,CS_MAP
259640,8,truck,a photo of a truck,0.43067251348519536,all,,CS_OFFICIAL_SAM,0.8257103484480609,0.9470663265306123,0.9045359787218747,0.9708355836740992,0.8467128726196084,12961,12583,1,True,5.482756730083886e-05,1,True,False,0.39503783496286554,2,True,CS_MAP
177861,1,person,a photo of a person,0.2146240738491437,all,,CS_OFFICIAL_SAM,0.5608776266996292,0.943359375,0.7186695703821026,0.7608467826451477,0.6809229037703995,4771,3630,624,True,0.06295200525969757,28,True,False,0.3462535528504854,1,True,CS_MAP
177861,28,umbrella,a photo of a umbrella,0.07432560790273557,all,,CS_OFFICIAL_SAM,0.47751937984496123,0.979850924744898,0.646379853095488,0.7944969905417025,0.5448113207547169,1163,924,51,True,0.009796299175866895,1,True,False,0.40319377194222566,0,True,CS_MAP
528399,51,bowl,a photo of a bowl,0.32540797579163516,all,,CS_OFFICIAL_SAM,0.2528839221341024,0.7521723533163265,0.4036829233203856,0.396663839411931,0.4109548916227299,10611,4209,404,True,0.027669361583495956,47,True,False,-0.07252405365753278,1,True,CS_MAP
528399,67,dining table,a photo of a dining table,0.11279397214399878,all,,CS_OFFICIAL_SAM,0.0,0.7376833545918368,0.0,0.0,0.0,10066,0,7419,False,0.2942034269048487,47,False,False,-0.11279397214399878,2,True,CS_MAP
554328,1,person,a photo of a person,0.42428961922318986,all,,CS_OFFICIAL_SAM,0.39099612658042826,0.6678491709183674,0.5621814742815111,0.9746766259792312,0.39500886001181335,10978,10700,0,True,0.0020032780914223274,37,True,False,-0.0332934926427616,2,True,CS_MAP
554328,40,baseball glove,a photo of a baseball glove,0.11956643200357582,all,,CS_OFFICIAL_SAM,0.5973931933381608,0.9778380102040817,0.7479601087941976,0.9006550218340611,0.6395348837209303,1832,1650,26,True,0.001177040781001177,1,True,False,0.47782676133458496,1,True,CS_MAP
97337,63,couch,a photo of a couch,0.2741388308977035,all,,CS_OFFICIAL_SAM,0.29109361661766103,0.8510443239795918,0.4509256538348516,0.4434330299089727,0.4586758332087879,6921,3069,5,True,0.004413549597263599,62,True,False,0.01695478571995751,1,True,CS_MAP
97337,1,person,a photo of a person,0.02973475865591594,all,,CS_OFFICIAL_SAM,0.2703383729301656,0.9192044005102041,0.42561632190422216,0.27727524460033226,0.9152955514929921,5417,1502,2388,False,0.2637165877989513,72,True,False,0.24060361427424967,1,True,CS_MAP
512564,6,bus,a photo of a bus,0.05720206255120235,all,,CS_OFFICIAL_SAM,0.3444144953578916,0.9563735650510204,0.5123635553575406,0.3482737734706239,0.9688289806234204,3302,1150,786,True,0.22242098986285033,8,True,False,0.28721243280668923,2,True,CS_MAP
512564,8,truck,a photo of a truck,0.04256465517241379,all,,CS_OFFICIAL_SAM,0.051678506755815576,0.7286352040816326,0.09827814569536424,0.05188085582436023,0.9298245614035088,14302,742,188,True,0.012801101169993117,3,True,False,0.009113851583401784,2,True,CS_MAP
292082,1,person,a photo of a person,0.54317998385795,all,,CS_OFFICIAL_SAM,0.4064894096439838,0.8425143494897959,0.5780198654277475,0.7272238645525396,0.47961715703651187,7442,5412,10,True,0.020307281229124917,32,True,False,-0.1366905742139662,2,True,CS_MAP
292082,62,chair,a photo of a chair,0.12122625508819539,all,,CS_OFFICIAL_SAM,0.40242494226327946,0.9587452168367347,0.5738987237546316,0.9587345254470426,0.4095182138660399,1454,1394,0,True,0.00023557126030624264,1,True,False,0.28119868717508406,1,True,CS_MAP
535094,21,cow,a photo of a cow,0.579667917298635,all,,CS_OFFICIAL_SAM,0.7348122006554071,0.8951690051020408,0.8471374600406858,0.8152477905806018,0.8816235180256472,17878,14575,0,True,0.0,-1,True,False,0.1551442833567721,2,True,CS_MAP
535094,1,person,a photo of a person,0.13279687881004634,all,,CS_OFFICIAL_SAM,0.6672944130571249,0.978874362244898,0.8004518072289156,0.9563652721547459,0.6882486241502104,2223,2126,0,True,0.0,-1,True,False,0.5344975342470786,1,True,CS_MAP
323799,1,person,a photo of a person,0.618472598037236,all,,CS_OFFICIAL_SAM,0.0857255017419893,0.6286670918367347,0.15791376660941878,0.9530823786142935,0.0860887990932834,1833,1747,0,True,0.0,-1,True,False,-0.5327470962952466,2,True,CS_MAP
323799,34,frisbee,a photo of a frisbee,0.03672128235868745,all,,CS_OFFICIAL_SAM,0.09556313993174062,0.9419044961734694,0.17445482866043613,0.12364512244078683,0.29615384615384616,2491,308,2152,False,0.1210391655185987,1,False,False,0.05884185757305317,2,True,CS_MAP
290163,1,person,a photo of a person,0.5635942067945832,all,,CS_OFFICIAL_SAM,0.266925231631114,0.6609733737244898,0.42137487669648627,0.9699342311305982,0.2691522183113892,6386,6194,67,True,0.007218934911242604,51,True,False,-0.2966689751634692,0,True,CS_MAP
290163,51,bowl,a photo of a bowl,0.11588591372634564,all,,CS_OFFICIAL_SAM,0.0002701242571582928,0.8524792729591837,0.0005401026194977045,0.0003787161522438932,0.0009411764705882353,5281,2,5220,False,0.407109375,67,False,False,-0.11561578946918735,1,True,CS_MAP
288430,1,person,a photo of a person,0.07190792040577448,all,,CS_OFFICIAL_SAM,0.2514682327816337,0.9720583545918368,0.40187713310580203,0.991578947368421,0.2520064205457464,475,471,0,True,0.0,-1,True,False,0.17956031237585923,0,True,CS_MAP
288430,38,kite,a photo of a kite,0.061086375779162955,all,,CS_OFFICIAL_SAM,0.002546148949713558,0.5315489477040817,0.005079365079365079,0.0026553372278279343,0.05830903790087463,22596,60,13,True,0.0005316538524456077,1,True,False,-0.0585402268294494,2,True,CS_MAP
21503,76,keyboard,a photo of a keyboard,0.08281662471606606,all,,CS_OFFICIAL_SAM,0.17072736973146008,0.9070671237244898,0.2916603372322649,0.18514946962391515,0.6866952789699571,5185,960,2713,False,0.29407294832826747,75,False,False,0.08791074501539402,2,True,CS_MAP
21503,54,sandwich,a photo of a sandwich,0.5670243107429037,all,,CS_OFFICIAL_SAM,0.220139567811752,0.5389628507653061,0.3608432569833946,0.9340580746674295,0.2236148209026779,6991,6530,132,True,0.010434986516590456,75,True,False,-0.3468847429311517,1,True,CS_MAP
256407,85,clock,a photo of a clock,0.5360894900259453,all,,CS_OFFICIAL_SAM,0.9075153493432813,0.9762834821428571,0.9515156453715776,0.9970967466484502,0.9099197381750175,11711,11677,0,True,0.18292189397005262,47,True,False,0.37142585931733596,1,True,CS_MAP
256407,47,cup,a photo of a cup,0.18087758663674894,all,,CS_OFFICIAL_SAM,0.23587524493794906,0.8134765625,0.38171368170707537,0.23616447314640726,0.9948347107438017,12233,2889,9324,False,0.9502061775460982,85,False,True,0.054997658301200125,2,True,CS_MAP
14226,73,laptop,a photo of a laptop,0.20803768045020798,all,,CS_OFFICIAL_SAM,0.9531431897555297,0.9967912946428571,0.9760095365817315,0.9894259818731118,0.9629520729197295,3310,3275,22,True,0.01812688821752266,53,True,False,0.7451055093053217,1,True,CS_MAP
14226,62,chair,a photo of a chair,0.20259223177601762,all,,CS_OFFICIAL_SAM,0.6351108448172559,0.9635881696428571,0.7768413338219128,0.9388839681133747,0.6625,3387,3180,1,True,0.0008473471516099595,1,True,False,0.4325186130412383,2,True,CS_MAP
187243,1,person,a photo of a person,0.6471086377933705,all,,CS_OFFICIAL_SAM,0.9065471836137527,0.9796316964285714,0.9509832134292566,0.9877453422337352,0.9168593359844631,10037,9914,0,True,6.234413965087281e-05,70,True,False,0.2594385458203823,2,True,CS_MAP
187243,70,toilet,a photo of a toilet,0.29163261136085,all,,CS_OFFICIAL_SAM,0.8755887607601105,0.984733737244898,0.9336681676480776,0.9724025974025974,0.8979013990672885,5544,5391,7,True,0.0007341694707861732,1,True,False,0.5839561493992604,2,True,CS_MAP
311180,87,scissors,a photo of a scissors,0.5466080527525228,all,,CS_OFFICIAL_SAM,0.18994200969673924,0.6603555484693877,0.31924582567707915,0.20623451692815856,0.7062566277836692,19376,3996,15177,False,0.5977494885201182,1,False,True,-0.35666604305578353,2,True,CS_MAP
311180,1,person,a photo of a person,0.7966636266909864,all,,CS_OFFICIAL_SAM,0.9431160984031075,0.9737324617346939,0.9707254231264715,0.9831286273451209,0.9586312787892082,22227,21852,42,True,0.018965139223854417,87,True,False,0.14645247171212106,1,True,CS_MAP
450303,67,dining table,a photo of a dining table,0.2511587633066775,all,,CS_OFFICIAL_SAM,0.24160738799450893,0.8788863201530612,0.38918484269775855,0.44577481003914343,0.3453442739921513,4343,1936,4,True,0.0007362414872078042,62,True,False,-0.009551375312168597,1,True,CS_MAP
450303,62,chair,a photo of a chair,0.06349014391099286,all,,CS_OFFICIAL_SAM,0.1542454579162032,0.9545400191326531,0.26726630260199163,0.2060425953442298,0.3802559414990859,2019,416,56,True,0.007398599550799313,67,True,False,0.09075531400521034,1,True,CS_MAP
365886,1,person,a photo of a person,0.5823554462004353,all,,CS_OFFICIAL_SAM,0.6831181852362451,0.748046875,0.8117293143503902,0.9811707949308756,0.6921924210098547,27776,27253,3,True,0.0005245825197447032,77,True,False,0.10076273903580979,1,True,CS_MAP
365886,77,cell phone,a photo of a cell phone,0.7149600989097449,all,,CS_OFFICIAL_SAM,0.9249046641243767,0.9897959183673469,0.9609875038098141,0.9599634647587152,0.9620137299771166,6569,6306,235,True,0.16601522842639593,1,True,False,0.20994456521463178,2,True,CS_MAP
498807,1,person,a photo of a person,0.5671227309672175,all,,CS_OFFICIAL_SAM,0.871578947368421,0.9781170280612245,0.9313835770528683,0.977183320220299,0.8896848137535817,7626,7452,0,True,0.00038714672861014324,42,True,False,0.30445621640120346,1,True,CS_MAP
498807,42,surfboard,a photo of a surfboard,0.11583913925390246,all,,CS_OFFICIAL_SAM,0.8330188679245283,0.9894172512755102,0.9089037570766856,0.8493106764988778,0.977490774907749,3119,2649,0,True,0.0,-1,True,False,0.7171797286706258,1,True,CS_MAP
173004,49,knife,a photo of a knife,0.03527359373670326,all,,CS_OFFICIAL_SAM,0.4965986394557823,0.9867267219387755,0.6636363636363637,0.6416015625,0.6872384937238494,1024,657,367,True,0.28862478777589134,48,True,False,0.46132504571907906,0,True,CS_MAP
173004,62,chair,a photo of a chair,0.040175678594571246,all,,CS_OFFICIAL_SAM,0.05276907001044932,0.927734375,0.10024813895781638,0.07028531663187196,0.17474048442906576,2874,202,149,True,0.003758613489246189,47,True,False,0.012593391415878077,1,True,CS_MAP
185950,1,person,a photo of a person,0.5118910625239739,all,,CS_OFFICIAL_SAM,0.8852091926929876,0.9805883290816326,0.9391097774443611,0.9401677306296157,0.9380542025727489,7989,7511,1,True,0.0001172882946281961,41,True,False,0.3733181301690137,2,True,CS_MAP
185950,41,skateboard,a photo of a skateboard,0.018524257135970803,all,,CS_OFFICIAL_SAM,0.0,0.43478954081632654,0.0,0.0,0.0,27822,0,13,False,0.00036296627205718114,1,False,False,-0.018524257135970803,2,True,CS_MAP
511999,7,train,a photo of a train,0.6323834610472542,all,,CS_OFFICIAL_SAM,0.7994204298478629,0.9172313456632653,0.8885310143060364,0.8620833333333333,0.9166528216204242,19200,16552,2110,True,0.09994427840534928,1,True,False,0.1670369688006087,2,True,CS_MAP
511999,1,person,a photo of a person,0.10351642921847978,all,,CS_OFFICIAL_SAM,0.7030862007804186,0.9833187181122449,0.8256613205582171,0.8666375163970267,0.7883850437549722,2287,1982,185,True,0.009627791563275435,7,True,False,0.5995697715619388,2,True,CS_MAP
80153,18,dog,a photo of a dog,0.2088839194958325,all,,CS_OFFICIAL_SAM,0.8614718614718615,0.9942602040816326,0.9255813953488372,0.9867768595041322,0.8715328467153285,1815,1791,0,True,0.0,-1,True,False,0.652587941976029,0,True,CS_MAP
80153,1,person,a photo of a person,0.37182186234817816,all,,CS_OFFICIAL_SAM,0.8618547868922681,0.9871452487244898,0.9258023697227654,0.9853085210577864,0.8730744196137991,4084,4024,0,True,0.0,-1,True,False,0.49003292454409,1,True,CS_MAP
364126,1,person,a photo of a person,0.23830286768405165,all,,CS_OFFICIAL_SAM,0.0,0.2574936224489796,0.0,0.0,0.0,34414,0,0,False,0.0,-1,False,False,-0.23830286768405165,2,True,CS_MAP
364126,42,surfboard,a photo of a surfboard,0.03953429935505486,all,,CS_OFFICIAL_SAM,0.004829603428338209,0.12527901785714285,0.009612780936907664,0.00491100249008577,0.225635593220339,43372,213,0,True,0.0,-1,True,False,-0.034704695926716655,2,True,CS_MAP
354072,81,sink,a photo of a sink,0.11416151910318005,all,,CS_OFFICIAL_SAM,0.9231134314190793,0.9967713647959183,0.9600197433366239,0.9460116731517509,0.9744488977955912,2056,1945,8,True,0.0008295313148071339,64,True,False,0.8089519123158992,0,True,CS_MAP
354072,64,potted plant,a photo of a potted plant,0.4634146341463415,all,,CS_OFFICIAL_SAM,0.48933143669985774,0.9212970344387755,0.6571155682903533,0.9650599336903851,0.49815692469720907,3921,3784,48,True,0.008178565343329358,81,True,False,0.02591680255351625,1,True,CS_MAP
276018,88,teddy bear,a photo of a teddy bear,0.10639028859367843,all,,CS_OFFICIAL_SAM,0.8781450419338924,0.9950773278061225,0.9351195166798004,0.9142270159219312,0.956989247311828,1947,1780,166,True,0.05019455252918288,1,True,False,0.771754753340214,1,True,CS_MAP
276018,1,person,a photo of a person,0.420400334431712,all,,CS_OFFICIAL_SAM,0.17137841117393438,0.3603515625,0.2926098168433581,0.9714620225376848,0.1722455757953189,6833,6638,0,True,0.0,-1,True,False,-0.2490219232577776,2,True,CS_MAP
56288,72,tv,a photo of a tv,0.44177949709864606,all,,CS_OFFICIAL_SAM,0.5926342634263426,0.8917610012755102,0.744218904535393,0.6177965439049183,0.9356939838938891,12789,7901,0,True,0.0,-1,True,False,0.15085476632769657,2,True,CS_MAP
56288,76,keyboard,a photo of a keyboard,0.05983119724914036,all,,CS_OFFICIAL_SAM,0.31800158604282314,0.9657206632653061,0.4825511432009627,0.340552016985138,0.8276573787409701,2355,802,159,True,0.01494360902255639,72,True,False,0.25817038879368276,1,True,CS_MAP
564091,1,person,a photo of a person,0.7251586647933724,all,,CS_OFFICIAL_SAM,0.7912297946701616,0.9238081951530612,0.8834486753452638,0.8987655852614602,0.8686450839328537,16121,14489,0,True,0.0009036688957166094,44,True,False,0.0660711298767892,2,True,CS_MAP
564091,31,handbag,a photo of a handbag,0.07741565094506271,all,,CS_OFFICIAL_SAM,0.49304482225656876,0.9673150510204082,0.660455486542443,0.5183620409489763,0.9098687963491158,3077,1595,6,True,0.00030378208698293756,1,True,False,0.41562917131150606,2,True,CS_MAP
6763,32,tie,a photo of a tie,0.11480680061823802,all,,CS_OFFICIAL_SAM,0.08079318256309406,0.7764269770408163,0.14950720242608037,0.08712556331183176,0.5264281900694073,11317,986,10209,False,0.37635312310898944,1,False,False,-0.034013618055143954,2,True,CS_MAP
6763,1,person,a photo of a person,0.7155491186983853,all,,CS_OFFICIAL_SAM,0.47863890432451867,0.6821189413265306,0.6474047219029092,0.9379323597232898,0.4942951660815555,15612,14643,0,True,0.01338819983771879,32,True,False,-0.23691021437386667,2,True,CS_MAP
186873,9,boat,a photo of a boat,0.07723637440758294,all,,CS_OFFICIAL_SAM,0.8153093012906097,0.9917291135204082,0.8982593772983575,0.9414182939362795,0.8588842006563525,1946,1832,0,True,0.0019723865877712033,1,True,False,0.7380729268830268,2,True,CS_MAP
186873,1,person,a photo of a person,0.01948627103631532,all,,CS_OFFICIAL_SAM,0.23901808785529716,0.9882613201530612,0.3858185610010427,0.5068493150684932,0.3114478114478115,365,185,4,True,0.0020056157240272766,9,True,False,0.21953181681898185,1,True,CS_MAP
380913,1,person,a photo of a person,0.5558699233579256,all,,CS_OFFICIAL_SAM,0.6428763200286379,0.8409398915816326,0.7826229061691407,0.9644871106337272,0.6584628076447133,14896,14367,0,True,0.0375147268555838,31,True,False,0.0870063966707123,2,True,CS_MAP
380913,31,handbag,a photo of a handbag,0.08257882524227672,all,,CS_OFFICIAL_SAM,0.782258064516129,0.9919284119897959,0.8778280542986425,0.9837728194726166,0.7924836601307189,1479,1455,23,True,0.06768709041748774,1,True,False,0.6996792392738522,1,True,CS_MAP
128372,6,bus,a photo of a bus,0.6986496090973703,all,,CS_OFFICIAL_SAM,0.6500371449797131,0.8779496173469388,0.7879060746692527,0.9887005649717514,0.654902412343831,11505,11375,93,True,0.01974992895709008,1,True,False,-0.048612464117657184,1,True,CS_MAP
128372,1,person,a photo of a person,0.1299429874572406,all,,CS_OFFICIAL_SAM,0.6705685618729097,0.9803691007653061,0.8028028028028028,0.9342963653308481,0.7037557037557037,2146,2005,4,True,0.01151012891344383,31,True,False,0.5406255744156692,1,True,CS_MAP
356424,44,bottle,a photo of a bottle,0.03634974838245866,all,,CS_OFFICIAL_SAM,0.1918819188191882,0.9869060905612245,0.3219814241486068,0.975,0.19283065512978986,160,156,0,True,0.0,-1,True,False,0.15553217043672954,0,True,CS_MAP
356424,47,cup,a photo of a cup,0.13836680299618584,all,,CS_OFFICIAL_SAM,0.2905672823218997,0.9571308992346939,0.4502938921543573,0.9788888888888889,0.2923996017258546,900,881,2,True,0.0030513646380742497,67,True,False,0.15220047932571387,1,True,CS_MAP
61584,19,horse,a photo of a horse,0.06993646759847522,all,,CS_OFFICIAL_SAM,0.8786373314407381,0.9965919961734694,0.9353985644125425,0.9872408293460925,0.8887293610911702,1254,1238,6,True,0.023014959723820484,1,True,False,0.8087008638422628,0,True,CS_MAP
61584,1,person,a photo of a person,0.10922733532791945,all,,CS_OFFICIAL_SAM,0.5749433473616057,0.9738321109693877,0.7301130524152107,0.6929379633242294,0.7715030408340573,2563,1776,713,True,0.24794952681388013,19,True,False,0.46571601203368623,2,True,CS_MAP
250137,28,umbrella,a photo of a umbrella,0.424665223318098,all,,CS_OFFICIAL_SAM,0.6696794238101963,0.9533840880102041,0.8021652710817897,0.7460667086217747,0.8673861349917688,6356,4742,0,True,0.0,-1,True,False,0.24501420049209832,1,True,CS_MAP
250137,31,handbag,a photo of a handbag,0.30391531692386176,all,,CS_OFFICIAL_SAM,0.5818181818181818,0.9578284438775511,0.735632183908046,0.9583333333333334,0.5969180859691808,3072,2944,81,True,0.009467627995047702,1,True,False,0.27790286489432003,0,True,CS_MAP
184611,1,person,a photo of a person,0.26994527649769584,all,,CS_OFFICIAL_SAM,0.4698320787492762,0.9087611607142857,0.639300346675071,0.8811902693310165,0.5016073194856577,4604,4057,500,True,0.1118500954253658,2,True,False,0.19988680225158034,1,True,CS_MAP
184611,2,bicycle,a photo of a bicycle,0.5441540441540441,all,,CS_OFFICIAL_SAM,0.1885768552435219,0.7615991709183674,0.3173153749571967,0.958290244743192,0.19013747349702484,2901,2780,0,True,0.019104145414077716,1,True,False,-0.3555771889105222,0,True,CS_MAP
4134,32,tie,a photo of a tie,0.05551654964894684,all,,CS_OFFICIAL_SAM,0.8936535162950258,0.9975286989795918,0.9438405797101449,0.9464123524069028,0.941282746160795,1101,1042,53,True,0.03466463317764433,1,True,False,0.838136966646079,1,True,CS_MAP
4134,1,person,a photo of a person,0.755299800232565,all,,CS_OFFICIAL_SAM,0.77745567727564,0.8546516262755102,0.8747961338392075,0.9511685208691107,0.8097765629469535,26786,25478,47,True,0.03977484529933646,32,True,False,0.02215587704307498,2,True,CS_MAP
213605,6,bus,a photo of a bus,0.6423370219597501,all,,CS_OFFICIAL_SAM,0.8108300395256917,0.9523078762755102,0.8955341162090191,0.99302933488237,0.8154714581014469,10329,10257,0,True,0.010746442056346209,1,True,False,0.1684930175659416,2,True,CS_MAP
213605,3,car,a photo of a car,0.1657142857142857,all,,CS_OFFICIAL_SAM,0.9873463485177151,0.9993024553571429,0.9936328906676369,0.9996339677891655,0.9877034358047017,2732,2731,0,True,0.0013735365295310354,6,True,False,0.8216320628034294,1,True,CS_MAP
375430,51,bowl,a photo of a bowl,0.0299356172752479,all,,CS_OFFICIAL_SAM,0.002873047225713773,0.8893295599489796,0.005729632945389436,0.003249390739236393,0.024205748865355523,4924,16,4507,False,0.17728272379245744,67,False,False,-0.027062570049534124,1,True,CS_MAP
375430,67,dining table,a photo of a dining table,0.15549569534674906,all,,CS_OFFICIAL_SAM,0.00882114674907738,0.341617506377551,0.01748802902774886,0.03049792531120332,0.012258683233957386,9640,294,3178,False,0.22307745172153118,62,False,False,-0.14667454859767168,1,True,CS_MAP
419408,15,bench,a photo of a bench,0.0702015734835436,all,,CS_OFFICIAL_SAM,0.7389896373056994,0.9919682716836735,0.8499068901303538,0.9844693701466781,0.7477064220183486,1159,1141,0,True,0.0,-1,True,False,0.6687880638221558,0,True,CS_MAP
419408,1,person,a photo of a person,0.1967504880009186,all,,CS_OFFICIAL_SAM,0.7168367346938775,0.9800900829081632,0.8350668647845468,0.961596958174905,0.7379632331485264,2630,2529,4,True,0.0010351966873706005,41,True,False,0.520086246692959,2,True,CS_MAP
7281,1,person,a photo of a person,0.11202099262543547,all,,CS_OFFICIAL_SAM,0.0,0.5112802933673469,0.0,0.0,0.0,22040,0,0,False,0.0,-1,False,False,-0.11202099262543547,2,True,CS_MAP
7281,19,horse,a photo of a horse,0.32410558263588707,all,,CS_OFFICIAL_SAM,0.7595200834637454,0.9816246811224489,0.8633264156537207,0.9137119548164417,0.8182073616184321,3187,2912,131,True,0.025135623869801085,1,True,False,0.4354145008278584,1,True,CS_MAP
367095,1,person,a photo of a person,0.5176325247079964,all,,CS_OFFICIAL_SAM,0.847448927214865,0.9703842474489796,0.9174260946877084,0.9766919072408897,0.8649413243922883,8452,8255,36,True,0.003924133420536298,72,True,False,0.3298164025068686,2,True,CS_MAP
367095,72,tv,a photo of a tv,0.08769093307237374,all,,CS_OFFICIAL_SAM,0.2917501927525058,0.9084622130102041,0.4517130237555211,0.31097961867192636,0.825119930222416,6084,1892,2640,False,0.1949276540399935,73,True,False,0.20405925968013205,2,True,CS_MAP
434297,57,carrot,a photo of a carrot,0.16013884871275672,all,,CS_OFFICIAL_SAM,0.496584440227704,0.9471261160714286,0.6636236845441866,0.5112326626294198,0.9454479768786127,5119,2617,1292,True,0.21754051477597713,56,True,False,0.33644559151494724,2,True,CS_MAP
434297,54,sandwich,a photo of a sandwich,0.41324884792626726,all,,CS_OFFICIAL_SAM,0.6182838236351866,0.8942323022959183,0.7641228499044402,0.8538790106287871,0.6914414414414415,10067,8596,1150,True,0.09064665127020785,56,True,False,0.20503497570891938,1,True,CS_MAP
400573,60,donut,a photo of a donut,0.32867448151487827,all,,CS_OFFICIAL_SAM,0.924812030075188,0.9944196428571429,0.9609375,0.9775759296054499,0.9448559670781893,3523,3444,5,True,0.003090075706854818,1,True,False,0.5961375485603098,1,True,CS_MAP
400573,1,person,a photo of a person,0.7030306357746788,all,,CS_OFFICIAL_SAM,0.5753049121629182,0.6974250637755102,0.7304045175267252,0.9848201886702103,0.5804521464254466,20883,20566,11,True,0.0022473746577861315,60,True,False,-0.1277257236117606,2,True,CS_MAP
368900,72,tv,a photo of a tv,0.17752053288495118,all,,CS_OFFICIAL_SAM,0.7569996543380574,0.9859893176020408,0.8616958489081251,0.9981768459434822,0.7580477673935618,2194,2190,0,True,0.0,-1,True,False,0.5794791214531062,1,True,CS_MAP
368900,82,refrigerator,a photo of a refrigerator,0.03758650698271932,all,,CS_OFFICIAL_SAM,0.02682163611980331,0.8264508928571429,0.052242054854157595,0.0299625468164794,0.2037351443123939,8010,240,3429,False,0.3262350936967632,72,False,False,-0.010764870862916012,2,True,CS_MAP
434204,15,bench,a photo of a bench,0.017914060923945936,all,,CS_OFFICIAL_SAM,0.00141643059490085,0.7470902423469388,0.002828854314002829,0.001524390243902439,0.0196078431372549,11808,18,3,True,0.00013199577613516366,1,True,False,-0.016497630329045086,1,True,CS_MAP
434204,1,person,a photo of a person,0.412215411558669,all,,CS_OFFICIAL_SAM,0.48383639935702805,0.8848054846938775,0.6521425132402504,0.951695064113824,0.49601757758857457,5693,5418,0,True,0.00032770768474520726,41,True,False,0.07162098779835907,2,True,CS_MAP
213593,3,car,a photo of a car,0.2161252314425181,all,,CS_OFFICIAL_SAM,0.6509853782581055,0.9781170280612245,0.7886022333461686,0.7798933739527799,0.7975077881619937,2626,2048,0,True,0.0,-1,True,False,0.43486014681558743,2,True,CS_MAP
213593,13,stop sign,a photo of a stop sign,0.19648755780665053,all,,CS_OFFICIAL_SAM,0.9576547231270358,0.9968909438775511,0.978369384359401,0.9716331589093914,0.9851996648980732,3631,3528,0,True,0.0,-1,True,False,0.7611671653203853,1,True,CS_MAP
60449,73,laptop,a photo of a laptop,0.2685127078757452,all,,CS_OFFICIAL_SAM,0.8965617715617715,0.9929249043367347,0.9454601321247503,0.9987017202207076,0.8976079346557759,3081,3077,0,True,0.00042211903756859433,67,True,False,0.6280490636860263,1,True,CS_MAP
60449,62,chair,a photo of a chair,0.06538436713354417,all,,CS_OFFICIAL_SAM,0.005200208008320333,0.9237484056122449,0.010346611484738748,0.007062146892655367,0.019342359767891684,2832,20,854,False,0.1488871834228703,67,False,False,-0.06018415912522384,2,True,CS_MAP
119677,61,cake,a photo of a cake,0.2665760392913524,all,,CS_OFFICIAL_SAM,0.9554390563564875,0.9945790816326531,0.9772117962466488,0.9988011645829765,0.9565360013121207,5839,5832,0,True,0.0,-1,True,False,0.6888630170651351,1,True,CS_MAP
119677,48,fork,a photo of a fork,0.053409340057005046,all,,CS_OFFICIAL_SAM,0.7513988808952837,0.9938018176020408,0.8580556823368325,0.9660842754367934,0.7717569786535303,973,940,0,True,0.0,-1,True,False,0.6979895408382787,1,True,CS_MAP
16451,42,surfboard,a photo of a surfboard,0.12926829268292683,all,,CS_OFFICIAL_SAM,0.8382075471698113,0.9931640625,0.9119835771105979,0.9442082890541976,0.8818858560794045,1882,1777,29,True,0.007846320346320346,31,True,False,0.7089392544868844,1,True,CS_MAP
16451,62,chair,a photo of a chair,0.06677753613918383,all,,CS_OFFICIAL_SAM,0.15956873315363881,0.9689293686224489,0.27522082752208277,0.26738934056007224,0.2835249042145594,1107,296,127,True,0.08716540837336993,28,True,False,0.09279119701445498,1,True,CS_MAP
578545,62,chair,a photo of a chair,0.12742553454455569,all,,CS_OFFICIAL_SAM,0.43434764485202165,0.9729551977040817,0.6056378959604766,0.9774859287054409,0.43873684210526315,1066,1042,7,True,0.001494385380641305,65,True,False,0.30692211030746597,0,True,CS_MAP
578545,1,person,a photo of a person,0.4562303082720702,all,,CS_OFFICIAL_SAM,0.587799673653822,0.9345503826530612,0.740395256916996,0.9566905005107252,0.6038684719535783,4895,4683,97,True,0.01362788696026395,84,True,False,0.13156936538175185,1,True,CS_MAP
496954,55,orange,a photo of a orange,0.22565687789799072,all,,CS_OFFICIAL_SAM,0.9159001314060446,0.9974489795918368,0.9561042524005487,0.9574175824175825,0.9547945205479452,1456,1394,62,True,0.4210061782877317,51,True,False,0.6902432535080539,1,True,CS_MAP
496954,48,fork,a photo of a fork,0.06749193701384937,all,,CS_OFFICIAL_SAM,0.745740498034076,0.9922672193877551,0.8543543543543544,0.9170024174053183,0.7997189037245257,1241,1138,3,True,0.0004526057157636105,61,True,False,0.6782485610202267,1,True,CS_MAP
397133,67,dining table,a photo of a dining table,0.3076923076923077,all,,CS_OFFICIAL_SAM,0.20698570891312523,0.6638034119897959,0.34297955209347614,0.30025913802509546,0.39987285441830894,14664,4403,4057,True,0.24216506031786558,1,False,False,-0.10070659877918248,2,True,CS_MAP
397133,1,person,a photo of a person,0.30699282786885246,all,,CS_OFFICIAL_SAM,0.9343301677106486,0.993522799744898,0.9660503499425468,0.9681742043551089,0.9639357932040858,4776,4624,0,True,0.0,-1,True,False,0.6273373398417961,1,True,CS_MAP
121586,84,book,a photo of a book,0.2818255100142618,all,,CS_OFFICIAL_SAM,0.2842349957734573,0.9324976084183674,0.4426526246503209,0.9026845637583892,0.2932199694789623,1490,1345,0,True,0.0,-1,True,False,0.0024094857591954733,2,True,CS_MAP
121586,72,tv,a photo of a tv,0.3243302914336179,all,,CS_OFFICIAL_SAM,0.7801841746248295,0.9743104272959183,0.8765207395344382,0.9723698193411264,0.7978723404255319,4705,4575,0,True,0.008531746031746031,17,True,False,0.45585388319121156,2,True,CS_MAP
27768,1,person,a photo of a person,0.02971497877501516,all,,CS_OFFICIAL_SAM,0.03741602874550851,0.5088089923469388,0.07213312250583541,0.03741602874550851,1.0,25604,958,24032,False,0.873015873015873,6,False,True,0.007701049970493354,2,True,CS_MAP
27768,6,bus,a photo of a bus,0.7782846715328468,all,,CS_OFFICIAL_SAM,0.9504749220146508,0.9718391262755102,0.9746087081528868,0.9755027159250332,0.9737163375224417,27799,27118,94,True,0.034461671283139685,1,True,False,0.17219025048180403,2,True,CS_MAP
492905,76,keyboard,a photo of a keyboard,0.03180332666699186,all,,CS_OFFICIAL_SAM,0.1183913239945775,0.922233737244898,0.21171717171717172,0.12191717077710564,0.803680981595092,4298,524,2379,False,0.40378493102228513,72,False,False,0.08658799732758564,1,True,CS_MAP
492905,72,tv,a photo of a tv,0.10738789783542119,all,,CS_OFFICIAL_SAM,0.15541728019759654,0.6456273915816326,0.2690236382322713,0.15817461084791645,0.8991481176147293,20686,3272,677,True,0.02813915389804375,76,True,False,0.048029382362175355,2,True,CS_MAP
178028,81,sink,a photo of a sink,0.1422767343809889,all,,CS_OFFICIAL_SAM,0.569835111542192,0.9469666772959183,0.7259808464627742,0.5875979329888315,0.9496228448275862,5999,3525,89,True,0.014371064104634264,44,True,False,0.42755837716120315,2,True,CS_MAP
178028,47,cup,a photo of a cup,0.031479258370014675,all,,CS_OFFICIAL_SAM,0.916776750330251,0.9987444196428571,0.9565816678152997,0.9340511440107672,0.980225988700565,743,694,46,True,0.4068181818181818,46,True,False,0.8852974919602363,2,True,CS_MAP
521717,62,chair,a photo of a chair,0.024582627631260585,all,,CS_OFFICIAL_SAM,0.5502846299810247,0.9952766262755102,0.7099143206854345,0.9385113268608414,0.5708661417322834,309,290,0,True,0.0,-1,True,False,0.525702002349764,1,True,CS_MAP
521717,1,person,a photo of a person,0.23870633893919793,all,,CS_OFFICIAL_SAM,0.0013812770128770664,0.5533322704081632,0.002758743436860372,0.0017367919771415765,0.006702702702702703,17849,31,0,True,0.0,-1,True,False,-0.23732506192632086,2,True,CS_MAP
11511,15,bench,a photo of a bench,0.27461261176911195,all,,CS_OFFICIAL_SAM,0.8464223385689355,0.9789540816326531,0.9168241965973535,0.8842297174111212,0.9519136408243376,6582,5820,0,True,0.0,-1,True,False,0.5718097267998234,1,True,CS_MAP
11511,31,handbag,a photo of a handbag,0.10333668605413915,all,,CS_OFFICIAL_SAM,0.5861565420560748,0.9717594068877551,0.7390904069232186,0.9444705882352942,0.6070780399274047,2125,2007,0,True,0.0,-1,True,False,0.48281985600193567,1,True,CS_MAP
572462,27,backpack,a photo of a backpack,0.05391017470195696,all,,CS_OFFICIAL_SAM,0.11989004167775118,0.8021962691326531,0.21411038086942752,0.12128823898806854,0.9122807017543859,11147,1352,5090,False,0.2987077125689357,1,False,False,0.06597986697579422,2,True,CS_MAP
572462,15,bench,a photo of a bench,0.02607123333753837,all,,CS_OFFICIAL_SAM,0.0,0.916374362244898,0.0,0.0,0.0,3450,0,408,False,0.04446167765283702,1,False,False,-0.02607123333753837,2,True,CS_MAP
414510,3,car,a photo of a car,0.16993307839388144,all,,CS_OFFICIAL_SAM,0.5176991150442478,0.9652423469387755,0.6822157434402333,0.997867803837953,0.5182724252491694,1876,1872,0,True,0.0005037783375314861,1,True,False,0.3477660366503664,0,True,CS_MAP
414510,8,truck,a photo of a truck,0.2527921975774737,all,,CS_OFFICIAL_SAM,0.8248789485819691,0.9697265625,0.9040368943079159,0.8425577013659915,0.9751942210712825,8492,7155,1324,True,0.12480252764612954,3,True,False,0.5720867510044954,2,True,CS_MAP
60823,1,person,a photo of a person,0.10107926718664974,all,,CS_OFFICIAL_SAM,0.23826429980276134,0.9615154655612245,0.38483593501115004,0.9695024077046549,0.24006359300476948,623,604,1,True,0.005090054815974941,16,True,False,0.1371850326161116,0,True,CS_MAP
60823,21,cow,a photo of a cow,0.5361646615451515,all,,CS_OFFICIAL_SAM,0.5001864048713807,0.9198421556122449,0.666832339297548,0.9757575757575757,0.5064804328677488,4125,4025,0,True,0.0,-1,True,False,-0.03597825667377086,0,True,CS_MAP
424162,18,dog,a photo of a dog,0.31308198955257777,all,,CS_OFFICIAL_SAM,0.9038047379755922,0.9946588010204082,0.94947209653092,0.9886140557518649,0.9133115705476967,2547,2518,0,True,0.0,-1,True,False,0.5907227484230144,0,True,CS_MAP
424162,1,person,a photo of a person,0.2259141830479814,all,,CS_OFFICIAL_SAM,0.38815180499845725,0.9209582270408163,0.5592353856412536,0.9673202614379085,0.3933093637642645,2601,2516,5,True,0.0029108229690394285,2,True,False,0.16223762195047586,0,True,CS_MAP
555597,14,parking meter,a photo of a parking meter,0.023532089212562585,all,,CS_OFFICIAL_SAM,0.07317729351627657,0.8626833545918368,0.13637503133617448,0.0734341252699784,0.9543859649122807,7408,544,6188,False,0.613748141370239,3,False,True,0.04964520430371398,1,True,CS_MAP
555597,8,truck,a photo of a truck,0.10393865458347856,all,,CS_OFFICIAL_SAM,0.06315042573320719,0.8421157525510204,0.11879866518353727,0.07242642072426421,0.3302411873840445,7373,534,6057,False,0.6489748096074985,3,False,True,-0.04078822885027138,2,True,CS_MAP
193245,1,person,a photo of a person,0.26968523988998677,all,,CS_OFFICIAL_SAM,0.6045081967213115,0.9576889349489796,0.7535121328224776,0.9878234398782344,0.6090465465465466,3285,3245,0,True,0.0,-1,True,False,0.33482295683132474,1,True,CS_MAP
193245,38,kite,a photo of a kite,0.043459029083268826,all,,CS_OFFICIAL_SAM,0.03580512619839562,0.6071428571428571,0.0691348696637703,0.03589995095635115,0.9312977099236641,20390,732,0,True,0.0,-1,True,False,-0.007653902884873207,2,True,CS_MAP
457078,72,tv,a photo of a tv,0.12119482496194825,all,,CS_OFFICIAL_SAM,0.5652298850574713,0.9698461415816326,0.7222324215164311,0.5728013977868375,0.9771485345255837,3434,1967,0,True,0.0,-1,True,False,0.44403506009552307,2,True,CS_MAP
457078,1,person,a photo of a person,0.11474424475566508,all,,CS_OFFICIAL_SAM,0.2484472049689441,0.971061862244898,0.39800995024875624,0.96579476861167,0.2506527415143603,497,480,0,True,0.0,-1,True,False,0.13370296021327902,1,True,CS_MAP
154718,1,person,a photo of a person,0.3419479974837492,all,,CS_OFFICIAL_SAM,0.7409474954737477,0.9657804528061225,0.8512002773203917,0.9987797437461867,0.7416188462700091,4917,4911,0,True,0.00023257977486277793,70,True,False,0.3989994979899985,1,True,CS_MAP
154718,70,toilet,a photo of a toilet,0.4286409623474603,all,,CS_OFFICIAL_SAM,0.8131204401387394,0.9377192283163265,0.8969293182492827,0.9900968470108498,0.819787772820451,13733,13597,0,True,0.00019655053805709793,1,True,False,0.3844794777912791,1,True,CS_MAP
263068,1,person,a photo of a person,0.11058790619609306,all,,CS_OFFICIAL_SAM,0.8810276679841897,0.9940011160714286,0.9367514183652028,0.9338081273565144,0.9397133220910624,2387,2229,139,True,0.055776892430278883,41,True,False,0.7704397617880967,2,True,CS_MAP
263068,41,skateboard,a photo of a skateboard,0.020257826887661142,all,,CS_OFFICIAL_SAM,0.0,0.609016262755102,0.0,0.0,0.0,19090,0,2,False,9.319664492078285e-05,1,False,False,-0.020257826887661142,2,True,CS_MAP
214224,44,bottle,a photo of a bottle,0.2725046333068573,all,,CS_OFFICIAL_SAM,0.546771653543307,0.9426419005102041,0.7069843209122378,0.6100861008610086,0.8404744613894941,5691,3472,932,True,0.14584362139917695,84,True,False,0.2742670202364497,1,True,CS_MAP
214224,84,book,a photo of a book,0.051703723194316535,all,,CS_OFFICIAL_SAM,0.0024521824423737125,0.9594626913265306,0.004892367906066536,0.006459948320413436,0.003937007874015748,774,5,0,True,0.0,-1,True,False,-0.049251540751942824,1,True,CS_MAP
567825,54,sandwich,a photo of a sandwich,0.637323436148746,all,,CS_OFFICIAL_SAM,0.7234351050167779,0.8669483418367347,0.8395269458199125,0.7356559103547056,0.9775526197939991,23738,17463,6162,True,0.1631834987351625,46,True,False,0.0861116688680319,2,True,CS_MAP
567825,46,wine glass,a photo of a wine glass,0.38839936608557846,all,,CS_OFFICIAL_SAM,0.9050270442252625,0.9881018813775511,0.9501461377870564,0.9766523605150215,0.9250406504065041,5825,5689,0,True,0.0,-1,True,False,0.516627678139684,2,True,CS_MAP
546976,4,motorcycle,a photo of a motorcycle,0.6188417190775681,all,,CS_OFFICIAL_SAM,0.5197091465748183,0.8999521683673469,0.6839587005791992,0.9352617079889807,0.5391028185788012,5808,5432,3,True,0.0032576278963064925,1,True,False,-0.09913257250274987,1,True,CS_MAP
546976,1,person,a photo of a person,0.7197883702531646,all,,CS_OFFICIAL_SAM,0.781620847993321,0.9270169005102041,0.8774266970143259,0.9485453755970473,0.8162286710673807,13818,13107,4,True,0.002517412100360829,4,True,False,0.06183247774015643,2,True,CS_MAP
107851,1,person,a photo of a person,0.05356006183504592,all,,CS_OFFICIAL_SAM,0.19589079650999155,0.9430604272959183,0.32760649564603433,0.22722820763956905,0.5868465430016864,3063,696,2213,False,0.6081487558107739,22,False,True,0.14233073467494564,2,True,CS_MAP
107851,22,elephant,a photo of a elephant,0.07458137485311399,all,,CS_OFFICIAL_SAM,0.6441934345217084,0.9799107142857143,0.7835981107771576,0.9918478260869565,0.6476224272533712,1840,1825,2,True,0.0006613756613756613,1,True,False,0.5696120596685944,0,True,CS_MAP
499768,11,fire hydrant,a photo of a fire hydrant,0.0740044807400448,all,,CS_OFFICIAL_SAM,0.39732270008544573,0.9578284438775511,0.5686913982878108,0.9992836676217765,0.3974358974358974,1396,1395,0,True,0.0,-1,True,False,0.32331821934540095,1,True,CS_MAP
499768,3,car,a photo of a car,0.07444363473288862,all,,CS_OFFICIAL_SAM,0.9441964285714286,0.9985052614795918,0.9712973593570609,0.9960753532182104,0.9477221807318895,1274,1269,0,True,0.0,-1,True,False,0.86975279383854,1,True,CS_MAP
368684,73,laptop,a photo of a laptop,0.39272219961634597,all,,CS_OFFICIAL_SAM,0.8408693115519253,0.9782565369897959,0.9135567704619285,1.0,0.8408693115519253,5765,5765,0,True,0.4832039089084722,72,True,False,0.4481471119355794,1,True,CS_MAP
368684,65,bed,a photo of a bed,0.31689703808180536,all,,CS_OFFICIAL_SAM,0.9810093195006154,0.9978475765306123,0.9904136339428369,0.9909413854351687,0.9898864442867282,5630,5579,0,True,0.0,-1,True,False,0.6641122814188101,1,True,CS_MAP
456292,17,cat,a photo of a cat,0.15799602283661557,all,,CS_OFFICIAL_SAM,0.5841559098962288,0.9672552614795918,0.7374980028758588,0.6179384203480589,0.9144215530903328,3735,2308,0,True,0.0,-1,True,False,0.4261598870596132,1,True,CS_MAP
456292,44,bottle,a photo of a bottle,0.023851426454242312,all,,CS_OFFICIAL_SAM,0.814176245210728,0.9980668048469388,0.8975712777191129,0.9837962962962963,0.8252427184466019,432,425,0,True,0.0,-1,True,False,0.7903248187564856,2,True,CS_MAP
333745,6,bus,a photo of a bus,0.4071345995045417,all,,CS_OFFICIAL_SAM,0.7600081366965012,0.8824338329081632,0.8636416171609533,0.993828802468479,0.7636118378024853,18797,18681,5,True,0.050244576775840065,62,True,False,0.3528735371919595,2,True,CS_MAP
333745,1,person,a photo of a person,0.31823222573623033,all,,CS_OFFICIAL_SAM,0.3239957716701903,0.8725486288265306,0.48942115768463074,0.7091624248033318,0.37364378885773497,4322,3065,1077,True,0.03898072619649173,6,True,False,0.005763545933959946,0,True,CS_MAP
34257,56,broccoli,a photo of a broccoli,0.25141988640908725,all,,CS_OFFICIAL_SAM,0.677422994471398,0.9430205676020408,0.8076948947333019,0.7499375468398701,0.875091094592625,8006,6004,0,True,0.0,-1,True,False,0.42600310806231073,2,True,CS_MAP
34257,57,carrot,a photo of a carrot,0.6196095128033574,all,,CS_OFFICIAL_SAM,0.4451387612571219,0.8796635841836735,0.6160498537453898,0.9946611909650924,0.44620486366986,4870,4844,0,True,0.0,-1,True,False,-0.17447075154623554,1,True,CS_MAP
100428,32,tie,a photo of a tie,0.05665623913799096,all,,CS_OFFICIAL_SAM,0.0010013351134846463,0.7613998724489796,0.0020006668889629878,0.0010891268832819024,0.012269938650306749,11018,12,10834,False,0.5211416490486258,1,False,True,-0.05565490402450632,2,True,CS_MAP
100428,1,person,a photo of a person,0.4748465074415764,all,,CS_OFFICIAL_SAM,0.09575124614289106,0.6203762755102041,0.17476821765878173,0.825962325962326,0.09772286821705427,2442,2017,8,True,0.0076605774896876845,32,True,False,-0.37909526129868537,2,True,CS_MAP
26926,11,fire hydrant,a photo of a fire hydrant,0.8353944372516631,all,,CS_OFFICIAL_SAM,0.9561524686620619,0.9829201211734694,0.9775848089346899,0.9987174005985464,0.957328005737411,18712,18688,19,True,0.0015756561130533262,3,True,False,0.12075803141039887,1,True,CS_MAP
26926,3,car,a photo of a car,0.09266808640097353,all,,CS_OFFICIAL_SAM,0.8724870763928777,0.9955755739795918,0.9319018404907975,0.9313304721030042,0.9324739103744628,1631,1519,8,True,0.0005203159737003926,11,True,False,0.7798189899919041,2,True,CS_MAP
91654,50,spoon,a photo of a spoon,0.13189867742658598,all,,CS_OFFICIAL_SAM,0.8125374925014996,0.9875438456632653,0.896574549065034,0.975864553314121,0.8292011019283747,2776,2709,67,True,0.05930870190578928,51,True,False,0.6806388150749136,1,True,CS_MAP
91654,67,dining table,a photo of a dining table,0.10272272019526155,all,,CS_OFFICIAL_SAM,0.0,0.8693199936224489,0.0,0.0,0.0,2710,0,2710,False,0.7922038980509745,50,False,True,-0.10272272019526155,0,True,CS_MAP
199771,47,cup,a photo of a cup,0.1676326102555611,all,,CS_OFFICIAL_SAM,0.7527151211361738,0.9823022959183674,0.8589132507149666,0.8299048203868591,0.8900230490615739,3257,2703,460,True,0.05765765765765766,51,True,False,0.5850825108806127,0,True,CS_MAP
199771,51,bowl,a photo of a bowl,0.10237493683678625,all,,CS_OFFICIAL_SAM,0.653940283896231,0.9859095982142857,0.7907664989641906,0.9874353288987435,0.6594274432379073,1353,1336,1,True,0.000227842333105491,47,True,False,0.5515653470594448,1,True,CS_MAP
329542,61,cake,a photo of a cake,0.2704746879495151,all,,CS_OFFICIAL_SAM,0.7423990319165028,0.9660594706632653,0.8521573053216425,0.9127766412497675,0.7990882448713774,5377,4908,29,True,0.01049424509140149,1,True,False,0.4719243439669877,2,True,CS_MAP
329542,47,cup,a photo of a cup,0.009899086977414704,all,,CS_OFFICIAL_SAM,0.0,0.8715322066326531,0.0,0.0,0.0,5459,0,5411,False,0.861819932595089,61,False,True,-0.009899086977414704,2,True,CS_MAP
413689,28,umbrella,a photo of a umbrella,0.08208858293284842,all,,CS_OFFICIAL_SAM,0.9373040752351097,0.998405612244898,0.9676375404530745,0.9950083194675541,0.9417322834645669,1202,1196,0,True,0.0020408163265306124,1,True,False,0.8552154923022613,1,True,CS_MAP
413689,1,person,a photo of a person,0.1373300801673057,all,,CS_OFFICIAL_SAM,0.27952127659574466,0.9460100446428571,0.4369154022032841,0.6593475533249686,0.32670189617656203,1594,1051,16,True,0.018377409233527566,31,True,False,0.14219119642843897,1,True,CS_MAP
98853,62,chair,a photo of a chair,0.05781292609762749,all,,CS_OFFICIAL_SAM,0.12495119094103865,0.9553372130102041,0.2221450885109337,0.2006269592476489,0.24883359253499224,1595,320,1247,False,0.11193807680857398,1,True,False,0.06713826484341116,2,True,CS_MAP
98853,43,tennis racket,a photo of a tennis racket,0.0,all,,CS_OFFICIAL_SAM,0.0,0.6176658163265306,0.0,0.0,0.0,18511,0,14,False,0.00040426499570468444,62,False,False,0.0,1,True,CS_MAP
405249,67,dining table,a photo of a dining table,0.7771278284133678,all,,CS_OFFICIAL_SAM,0.5267866430874857,0.8186782525510204,0.6900592764188866,0.9419642857142857,0.5444575852058918,10752,10128,146,True,0.01800631149062558,53,True,False,-0.2503411853258821,2,True,CS_MAP
405249,1,person,a photo of a person,0.6677743902439024,all,,CS_OFFICIAL_SAM,0.3153722245033322,0.568000637755102,0.4795178408490611,0.9595425715933116,0.3196222791293214,10406,9985,140,True,0.028470129409679135,67,True,False,-0.3524021657405702,1,True,CS_MAP
223182,62,chair,a photo of a chair,0.037907127537533045,all,,CS_OFFICIAL_SAM,0.02025146367213744,0.7965561224489796,0.039698965192850426,0.021579055021476785,0.2476525821596244,9778,211,5492,False,0.46184807741714484,15,False,False,-0.017655663865395604,1,True,CS_MAP
223182,43,tennis racket,a photo of a tennis racket,0.0897535823490617,all,,CS_OFFICIAL_SAM,0.7025133910177174,0.9856106505102041,0.8252662149080349,0.7527593818984547,0.9132297803963578,2265,1705,65,True,0.012715905478435943,15,True,False,0.6127598086686556,0,True,CS_MAP
351530,62,chair,a photo of a chair,0.6405553049666717,all,,CS_OFFICIAL_SAM,0.5252937804528518,0.8679647640306123,0.6887771879550899,0.9242309631870903,0.5489329839011606,7932,7331,40,True,0.24736064189189189,15,True,False,-0.11526152451381988,2,True,CS_MAP
351530,15,bench,a photo of a bench,0.2022353437368199,all,,CS_OFFICIAL_SAM,0.20038124285169653,0.7909956951530612,0.3338626691227847,0.22158516020236088,0.6767962915271697,11860,2628,8478,False,0.5946749304325828,62,False,True,-0.001854100885123361,2,True,CS_MAP
443969,28,umbrella,a photo of a umbrella,0.18520254435888853,all,,CS_OFFICIAL_SAM,0.9128907622058307,0.9950573979591837,0.9544619904517077,0.9734082397003745,0.9362391930835735,2670,2599,11,True,0.0015689966266572526,1,True,False,0.7276882178469422,1,True,CS_MAP
443969,1,person,a photo of a person,0.3883737205843758,all,,CS_OFFICIAL_SAM,0.16124260355029585,0.8191964285714286,0.27770700636942675,0.7080795777507105,0.172724571654947,2463,1744,615,True,0.1342281879194631,28,True,False,-0.22713111703407995,0,True,CS_MAP
181542,1,person,a photo of a person,0.24008890832240198,all,,CS_OFFICIAL_SAM,0.28412994405731673,0.8546316964285714,0.44252522164475694,0.9993096306523991,0.2841857269068421,2897,2895,0,True,0.07676427861457298,4,True,False,0.044041035734914746,2,True,CS_MAP
181542,8,truck,a photo of a truck,0.08602773752846202,all,,CS_OFFICIAL_SAM,0.9391582799634035,0.9973493303571429,0.968624675631045,0.9808886765408504,0.956663560111836,2093,2053,5,True,0.0004888381945576015,1,True,False,0.8531305424349415,1,True,CS_MAP
359833,1,person,a photo of a person,0.390224032586558,all,,CS_OFFICIAL_SAM,0.8418491484184915,0.9676139987244898,0.9141347424042272,0.9406263592866464,0.8890944598622674,9196,8650,315,True,0.01399412401422607,53,True,False,0.45162511583193343,2,True,CS_MAP
359833,53,apple,a photo of a apple,0.7245400133008202,all,,CS_OFFICIAL_SAM,0.6900022670596236,0.8637396364795918,0.8165696348563303,0.7519146202875636,0.8933896912058237,20239,15218,291,True,0.011461318051575931,55,True,False,-0.03453774624119654,2,True,CS_MAP
23034,1,person,a photo of a person,0.5612601285275216,all,,CS_OFFICIAL_SAM,0.7761401260279824,0.9582270408163265,0.873962717979555,0.8760699216395419,0.8718656268746251,8295,7267,575,True,0.05912596401028278,19,True,False,0.21487999750046083,2,True,CS_MAP
23034,19,horse,a photo of a horse,0.25635103926096997,all,,CS_OFFICIAL_SAM,0.7249879168680522,0.9886599170918368,0.8405715886803026,0.959079283887468,0.7481296758104738,1564,1500,30,True,0.003548256285482563,1,True,False,0.4686368776070822,2,True,CS_MAP
36936,72,tv,a photo of a tv,0.09683118659523537,all,,CS_OFFICIAL_SAM,0.2683915211970075,0.9064492984693877,0.4231998033914967,0.26982137261046696,0.9806378132118451,6382,1722,81,True,0.0075675675675675675,64,True,False,0.1715603346017721,2,True,CS_MAP
36936,63,couch,a photo of a couch,0.1919090123812266,all,,CS_OFFICIAL_SAM,0.47409579667644186,0.9463887117346939,0.6432360742705571,0.9665205261060184,0.48201152852315643,2509,2425,0,True,0.008218745060850324,64,True,False,0.28218678429521526,1,True,CS_MAP
184384,67,dining table,a photo of a dining table,0.13426697209496044,all,,CS_OFFICIAL_SAM,0.4928556636984883,0.9511918048469388,0.6602857539187127,0.5199912606510815,0.9042553191489362,4577,2380,7,True,0.006979695431472081,47,True,False,0.3585886916035279,1,True,CS_MAP
184384,1,person,a photo of a person,0.06732043466737345,all,,CS_OFFICIAL_SAM,0.4428244711263579,0.9611567283163265,0.6138299980186249,0.4449870726802643,0.9891443167305236,3481,1549,40,True,0.0022600214107291543,47,True,False,0.37550403645898445,1,True,CS_MAP
520832,28,umbrella,a photo of a umbrella,0.04896159209980777,all,,CS_OFFICIAL_SAM,0.1000124007936508,0.7107182716836735,0.1818386787666986,0.10022368584565676,0.9793564055859137,16094,1613,0,True,0.0,-1,True,False,0.05105080869384303,2,True,CS_MAP
520832,31,handbag,a photo of a handbag,0.026982899372690557,all,,CS_OFFICIAL_SAM,0.6337349397590362,0.9939413265306123,0.775811209439528,0.942652329749104,0.6591478696741855,558,526,6,True,0.18606741573033708,1,True,False,0.6067520403863456,0,True,CS_MAP
289059,43,tennis racket,a photo of a tennis racket,0.20317087492660013,all,,CS_OFFICIAL_SAM,0.8730512249443207,0.9909119897959183,0.9322235434007135,0.9616681999386691,0.9045284107297376,3261,3136,6,True,0.0007696536558548653,1,True,False,0.6698803500177206,0,True,CS_MAP
289059,1,person,a photo of a person,0.7730304732481393,all,,CS_OFFICIAL_SAM,0.7194670030749822,0.8581792091836735,0.8368488628026413,0.9325021715803996,0.7589935537533791,19571,18250,1155,True,0.052780697344970984,43,True,False,-0.0535634701731571,2,True,CS_MAP
315492,1,person,a photo of a person,0.15630876484887402,all,,CS_OFFICIAL_SAM,0.5350877192982456,0.9514110331632653,0.6971428571428572,0.6048717395990515,0.8226326590442685,4639,2806,644,True,0.09040824975278994,88,True,False,0.3787789544493716,2,True,CS_MAP
315492,70,toilet,a photo of a toilet,0.10158153757943524,all,,CS_OFFICIAL_SAM,0.05747544561658785,0.8967235331632653,0.108703130374957,0.08876404494382023,0.1401952085181899,3560,316,484,False,0.08284409654272668,88,False,False,-0.044106091962847385,2,True,CS_MAP
394275,1,person,a photo of a person,0.061255347396371146,all,,CS_OFFICIAL_SAM,0.08833657733193592,0.6359414859693877,0.16233319576282845,0.0883498053309374,0.9983079526226735,20034,1770,18211,False,0.6299776145284863,6,False,True,0.027081229935564777,2,True,CS_MAP
394275,6,bus,a photo of a bus,0.6983897545604348,all,,CS_OFFICIAL_SAM,0.9685697172220296,0.9801299426020408,0.9840339498758908,0.9981482083103212,0.9703132895401718,30781,30724,0,True,0.057600467821058446,1,True,False,0.2701799626615947,2,True,CS_MAP
415716,63,couch,a photo of a couch,0.08122833085685983,all,,CS_OFFICIAL_SAM,0.3941738734638143,0.9469467474489796,0.5654587006203069,0.39661094572933364,0.984650369528141,4367,1732,2242,False,0.30204686237543765,62,True,False,0.31294554260695445,1,True,CS_MAP
415716,62,chair,a photo of a chair,0.2764021961459791,all,,CS_OFFICIAL_SAM,0.5682761222180309,0.9543805803571429,0.7247143716175586,1.0,0.5682761222180309,3013,3013,0,True,0.0,-1,True,False,0.2918739260720518,2,True,CS_MAP
455267,57,carrot,a photo of a carrot,0.028242424242424242,all,,CS_OFFICIAL_SAM,0.057319635769320566,0.8390664859693877,0.10842442309815613,0.05874611150993061,0.7024320457796852,8358,491,7867,False,0.5387600659745804,56,False,True,0.029077211526896324,2,True,CS_MAP
455267,79,oven,a photo of a oven,0.44758815665475904,all,,CS_OFFICIAL_SAM,0.16890599715588683,0.32443797831632654,0.28899842684845306,0.989941083489007,0.16919638471362608,6959,6889,0,True,6.915629322268326e-05,56,True,False,-0.2786821594988722,1,True,CS_MAP
194875,4,motorcycle,a photo of a motorcycle,0.7535568115377119,all,,CS_OFFICIAL_SAM,0.7456650346797226,0.9006098533163265,0.8543048292383651,0.8707640998153773,0.8384562449822227,16791,14621,738,True,0.03533345382251943,1,True,False,-0.007891776857989363,2,True,CS_MAP
194875,1,person,a photo of a person,0.2431941138281757,all,,CS_OFFICIAL_SAM,0.1363564293641985,0.8914421237244898,0.23998883772847773,0.8237547892720306,0.14045402580434427,1044,860,14,True,0.010195412064570943,47,True,False,-0.1068376844639772,2,True,CS_MAP
381360,42,surfboard,a photo of a surfboard,0.03407516453065466,all,,CS_OFFICIAL_SAM,5.345306820611503e-05,0.6271723533163265,0.00010690042225666791,5.579734404642339e-05,0.0012706480304955528,17922,1,0,True,0.0,-1,True,False,-0.03402171146244854,2,True,CS_MAP
381360,1,person,a photo of a person,0.3119991095280499,all,,CS_OFFICIAL_SAM,0.9367755532139094,0.9964126275510204,0.9673558215451578,0.983769826632239,0.9514805565465573,2711,2667,4,True,0.0054613394653636104,42,True,False,0.6247764436858595,2,True,CS_MAP
10583,67,dining table,a photo of a dining table,0.44882263186110766,all,,CS_OFFICIAL_SAM,0.4400770300631219,0.47847576530612246,0.6111854031083772,0.986048518554032,0.44283438119025065,20858,20567,0,True,0.0008034202748845084,54,True,False,-0.00874560179798578,2,True,CS_MAP
10583,54,sandwich,a photo of a sandwich,0.33704463655016986,all,,CS_OFFICIAL_SAM,0.7384947396816833,0.9034000318877551,0.8495794929087919,0.7520052741456983,0.9762499108480137,18202,13688,3576,True,0.36435777299396394,67,True,False,0.40145010313151347,2,True,CS_MAP
329456,31,handbag,a photo of a handbag,0.01659235122620477,all,,CS_OFFICIAL_SAM,0.013975881088155558,0.5795798788265306,0.027566496104734245,0.01411775815666462,0.5817120622568094,21179,299,20619,False,0.7205152934692752,1,False,True,-0.00261647013804921,2,True,CS_MAP
329456,1,person,a photo of a person,0.7234475207257939,all,,CS_OFFICIAL_SAM,0.6057192075796727,0.7719228316326531,0.7544522164528172,0.9857583403420241,0.6110666991067394,17835,17581,0,True,0.0,-1,True,False,-0.1177283131461212,2,True,CS_MAP
335529,15,bench,a photo of a bench,0.6297440065014221,all,,CS_OFFICIAL_SAM,0.7027270388474401,0.9539421237244898,0.8254136133565008,0.9981728485291431,0.7036321483771252,5473,5463,0,True,0.0,-1,True,False,0.072983032346018,1,True,CS_MAP
335529,9,boat,a photo of a boat,0.062072892938496584,all,,CS_OFFICIAL_SAM,0.2589880159786951,0.9778180803571429,0.4114225277630883,0.42747252747252745,0.3965341488277268,910,389,19,True,0.00219526285384171,15,True,False,0.1969151230401985,0,True,CS_MAP
451084,1,person,a photo of a person,0.25963934906905145,all,,CS_OFFICIAL_SAM,0.506393001345895,0.9415258290816326,0.6723252177797633,0.8298869589192169,0.5650459921156373,3627,3010,296,True,0.06593896190688349,41,True,False,0.2467536522768436,1,True,CS_MAP
451084,41,skateboard,a photo of a skateboard,0.044612243325499866,all,,CS_OFFICIAL_SAM,0.040148154922493025,0.5816525829081632,0.07719699301006726,0.04066885914122933,0.7582037996545768,21589,878,1079,False,0.04188279012154525,1,False,False,-0.004464088403006841,2,True,CS_MAP
458702,14,parking meter,a photo of a parking meter,0.16123244130011277,all,,CS_OFFICIAL_SAM,0.3740486128161061,0.8983777104591837,0.544447422496203,0.37860337972166996,0.968839427662957,8048,3047,478,True,0.053205699020480855,3,True,False,0.2128161715159933,2,True,CS_MAP
458702,3,car,a photo of a car,0.08153549475714114,all,,CS_OFFICIAL_SAM,0.8715083798882681,0.9963329081632653,0.9313432835820895,0.985781990521327,0.8826025459688827,1266,1248,0,True,0.0,-1,True,False,0.789972885131127,2,True,CS_MAP
499622,1,person,a photo of a person,0.1169532938633587,all,,CS_OFFICIAL_SAM,0.45137837019085125,0.9639070471938775,0.6219995825506157,0.9662775616083009,0.45860264696829794,1542,1490,15,True,0.003385196276284096,4,True,False,0.3344250763274925,2,True,CS_MAP
499622,4,motorcycle,a photo of a motorcycle,0.564982362911723,all,,CS_OFFICIAL_SAM,0.5238538370866679,0.847038424744898,0.6875381671619916,0.7897493453049008,0.6087520726695984,10692,8444,1154,True,0.09521564930473722,1,True,False,-0.04112852582505511,2,True,CS_MAP
458109,1,person,a photo of a person,0.023236889692585895,all,,CS_OFFICIAL_SAM,0.04083013760433115,0.7457748724489796,0.07845687039445166,0.04083013760433115,1.0,13299,543,12698,False,0.5574219078891977,7,False,True,0.017593247911745255,2,True,CS_MAP
458109,7,train,a photo of a train,0.43484921302414997,all,,CS_OFFICIAL_SAM,0.8495194270234163,0.9191844706632653,0.9186380144063886,0.8756454882760204,0.9660702228224173,26143,22892,0,True,0.020770378303943696,1,True,False,0.41467021399926635,2,True,CS_MAP
192191,59,pizza,a photo of a pizza,0.264435249799296,all,,CS_OFFICIAL_SAM,0.924277726001864,0.993522799744898,0.9606489889817169,0.9974855418657279,0.9264362447454461,3977,3967,10,True,0.10936640633593664,79,True,False,0.659842476202568,0,True,CS_MAP
192191,79,oven,a photo of a oven,0.5336059421827687,all,,CS_OFFICIAL_SAM,0.39254723198594027,0.5591318558673469,0.5637830056595216,0.9963755488952394,0.39310856891431084,14347,14295,0,True,0.006211515609808794,59,True,False,-0.14105871019682842,2,True,CS_MAP
78565,1,person,a photo of a person,0.028307022318998367,all,,CS_OFFICIAL_SAM,0.0020549601095978727,0.5063974808673469,0.004101491817121718,0.002161383285302594,0.04006284367635507,23596,51,1,True,3.921107320707368e-05,9,True,False,-0.026252062209400493,2,True,CS_MAP
78565,9,boat,a photo of a boat,0.14078137741863742,all,,CS_OFFICIAL_SAM,0.5054945054945055,0.9721978635204082,0.6715328467153284,0.6096622488242839,0.7473794549266247,2339,1426,421,True,0.19326065411298315,1,True,False,0.3647131280758681,1,True,CS_MAP
118515,15,bench,a photo of a bench,0.8096862210095498,all,,CS_OFFICIAL_SAM,0.6298273512039981,0.9350486288265306,0.7728761586173253,0.9967643357900413,0.6311176872296835,5563,5545,0,True,0.0,-1,True,False,-0.17985886980555166,1,True,CS_MAP
118515,17,cat,a photo of a cat,0.5161966297040077,all,,CS_OFFICIAL_SAM,0.10447131608548932,0.6192004145408163,0.18917886696371738,0.12626748994505183,0.3770297699594046,17653,2229,41,True,0.005285171102661597,15,True,False,-0.4117253136185184,2,True,CS_MAP
511076,15,bench,a photo of a bench,0.08586574292762295,all,,CS_OFFICIAL_SAM,0.9190785587714116,0.9972696109693877,0.9578331794398276,0.9652605459057072,0.950519242516799,1612,1556,0,True,0.0012315270935960591,31,True,False,0.8332128158437887,2,True,CS_MAP
511076,31,handbag,a photo of a handbag,0.03631652907078869,all,,CS_OFFICIAL_SAM,0.9153567110036276,0.9986049107142857,0.9558080808080808,1.0,0.9153567110036276,757,757,0,True,0.011834319526627219,15,True,False,0.879040181932839,1,True,CS_MAP
452084,67,dining table,a photo of a dining table,0.40047139490036426,all,,CS_OFFICIAL_SAM,0.7352375225496092,0.9122488839285714,0.8474200367328552,0.823588845480264,0.8726714724145315,14846,12227,97,True,0.008468324924021126,51,True,False,0.3347661276492449,2,True,CS_MAP
452084,58,hot dog,a photo of a hot dog,0.058590831172256164,all,,CS_OFFICIAL_SAM,0.24711363176017825,0.9259207589285714,0.39629689783985705,0.25290215588723053,0.9152288072018004,4824,1220,3515,False,0.24272044449017388,51,True,False,0.1885228005879221,1,True,CS_MAP
447465,36,snowboard,a photo of a snowboard,0.04359167071930678,all,,CS_OFFICIAL_SAM,0.0,0.9318797831632653,0.0,0.0,0.0,1872,0,126,False,0.05834528933524629,35,False,False,-0.04359167071930678,1,True,CS_MAP
447465,1,person,a photo of a person,0.4513653483992467,all,,CS_OFFICIAL_SAM,0.5976609855237823,0.8875558035714286,0.7481699696482771,0.9661095100864553,0.6104596110423192,8675,8381,0,True,0.0,-1,True,False,0.14629563712453564,2,True,CS_MAP
26204,8,truck,a photo of a truck,0.06913404718532012,all,,CS_OFFICIAL_SAM,0.10060292850990525,0.8959462691326531,0.1828142119267491,0.12486636732948471,0.3411214953271028,4677,584,3959,False,0.3138675760159136,3,False,False,0.03146888132458513,2,True,CS_MAP
26204,6,bus,a photo of a bus,0.13300774375219993,all,,CS_OFFICIAL_SAM,0.30747308423052566,0.956413424744898,0.47033179946718334,1.0,0.30747308423052566,971,971,0,True,0.08032955715756952,1,True,False,0.17446534047832574,0,True,CS_MAP
353970,17,cat,a photo of a cat,0.8277108912464736,all,,CS_OFFICIAL_SAM,0.9190326438410772,0.9635682397959183,0.9578082444721414,0.968176939946806,0.9476592829413109,21431,20749,67,True,0.0029876046191333826,62,True,False,0.09132175259460362,1,True,CS_MAP
353970,62,chair,a photo of a chair,0.714250151143355,all,,CS_OFFICIAL_SAM,0.9039583720498049,0.9485012755102041,0.94955686565416,0.9605070889775286,0.9388535031847134,25321,24321,78,True,0.0019097737979034929,17,True,False,0.1897082209064499,2,True,CS_MAP
248631,73,laptop,a photo of a laptop,0.5901927784577723,all,,CS_OFFICIAL_SAM,0.4814375987361769,0.790656887755102,0.649960010663823,1.0,0.4814375987361769,9752,9752,0,True,0.0,-1,True,False,-0.10875517972159537,1,True,CS_MAP
248631,74,mouse,a photo of a mouse,0.1251621271076524,all,,CS_OFFICIAL_SAM,0.8423493044822257,0.9939014668367347,0.9144295302013423,0.9933171324422844,0.8471502590673575,1646,1635,0,True,0.0,-1,True,False,0.7171871773745733,1,True,CS_MAP
349594,1,person,a photo of a person,0.790919713854134,all,,CS_OFFICIAL_SAM,0.8684550326037833,0.9187858737244898,0.9295969316355972,0.9999256643746516,0.8685111053719008,26905,26903,0,True,0.022095458155823526,60,True,False,0.07753531874964936,2,True,CS_MAP
349594,60,donut,a photo of a donut,0.10459316608352565,all,,CS_OFFICIAL_SAM,0.912232204561161,0.9974689094387755,0.9541019154318757,0.9691629955947136,0.9395017793594306,1362,1320,42,True,0.04396952479338843,1,True,False,0.8076390384776354,0,True,CS_MAP
252219,1,person,a photo of a person,0.11448179394151331,all,,CS_OFFICIAL_SAM,0.10677916787896422,0.9388153698979592,0.19295478443743427,0.34203168685927304,0.13438300988648846,1073,367,1,True,0.000510986203372509,10,True,False,-0.007702626062549095,0,True,CS_MAP
252219,10,traffic light,a photo of a traffic light,0.02815768302493966,all,,CS_OFFICIAL_SAM,0.0,0.8687021683673469,0.0,0.0,0.0,5703,0,9,False,0.0010682492581602374,1,False,False,-0.02815768302493966,1,True,CS_MAP
132329,82,refrigerator,a photo of a refrigerator,0.5290732952524428,all,,CS_OFFICIAL_SAM,0.3666275463157012,0.39768016581632654,0.5365434749271584,0.9956744450768356,0.3672124265323258,17570,17494,0,True,0.0007802340702210664,44,True,False,-0.16244574893674163,1,True,CS_MAP
132329,44,bottle,a photo of a bottle,0.3004157377839369,all,,CS_OFFICIAL_SAM,0.6829791034113234,0.9646245216836735,0.8116311153560437,0.979257362355954,0.6930047118521203,3905,3824,81,True,0.08196893366918556,82,True,False,0.3825633656273865,2,True,CS_MAP
435003,72,tv,a photo of a tv,0.2201480049087055,all,,CS_OFFICIAL_SAM,0.5159683794466403,0.8779695471938775,0.6807112687073056,0.5686035368934577,0.8478825669004937,11479,6527,3857,True,0.24838626387813065,73,True,False,0.2958203745379348,2,True,CS_MAP
435003,62,chair,a photo of a chair,0.3740824943163365,all,,CS_OFFICIAL_SAM,0.7940516273849607,0.9707429846938775,0.8852048795746011,0.8958531180753403,0.874806800618238,6318,5660,19,True,0.0013574337358005287,72,True,False,0.4199691330686242,1,True,CS_MAP
163290,24,zebra,a photo of a zebra,0.3000392618767177,all,,CS_OFFICIAL_SAM,0.8220603537981269,0.9863679846938775,0.9023415191319246,0.9937106918238994,0.8263598326359832,3180,3160,0,True,0.0,-1,True,False,0.5220210919214092,1,True,CS_MAP
163290,25,giraffe,a photo of a giraffe,0.0779281819890957,all,,CS_OFFICIAL_SAM,0.22902310498581271,0.924186862244898,0.37269129287598945,0.26000920386562354,0.6577415599534342,4346,1130,3144,False,0.6255471547950656,24,False,True,0.151094922996717,1,True,CS_MAP
239347,1,person,a photo of a person,0.17180984153461218,all,,CS_OFFICIAL_SAM,0.3729310706054892,0.9403499681122449,0.5432626278040592,0.9774848984074684,0.37616229923922234,1821,1780,41,True,0.13101661990071228,65,True,False,0.201121229070877,1,True,CS_MAP
239347,65,bed,a photo of a bed,0.43585204509456815,all,,CS_OFFICIAL_SAM,0.5774647887323944,0.8116629464285714,0.7321428571428571,0.6040409709555212,0.9292035398230089,21381,12915,13,True,0.18179761042722664,1,True,False,0.14161274363782622,2,True,CS_MAP
9590,1,person,a photo of a person,0.3334264506345279,all,,CS_OFFICIAL_SAM,0.4734179828636317,0.8983378507653061,0.6426119246129055,0.9442042413012147,0.4870433305012744,4857,4586,139,True,0.010330578512396695,67,True,False,0.13999153222910377,2,True,CS_MAP
9590,51,bowl,a photo of a bowl,0.056280067234683824,all,,CS_OFFICIAL_SAM,0.2028631284916201,0.9545001594387755,0.33730043541364296,0.23484236054971705,0.5983522142121525,2474,581,1797,False,0.26280193236714977,47,False,False,0.1465830612569363,2,True,CS_MAP
162581,43,tennis racket,a photo of a tennis racket,0.028341156673456734,all,,CS_OFFICIAL_SAM,0.8711048158640227,0.9981863839285714,0.93111279333838,0.9030837004405287,0.9609375,681,615,0,True,0.0,-1,True,False,0.842763659190566,1,True,CS_MAP
162581,1,person,a photo of a person,0.2957345971563981,all,,CS_OFFICIAL_SAM,0.003827037773359841,0.2010921556122449,0.007624894786354409,0.004468171531364243,0.025978407557354925,34466,154,0,True,0.0,-1,True,False,-0.29190755938303825,2,True,CS_MAP
490125,16,bird,a photo of a bird,0.2856206088992974,all,,CS_OFFICIAL_SAM,0.5341448931116389,0.9687300701530612,0.6963421714728082,0.9301964839710445,0.5564491184658212,1934,1799,0,True,0.0,-1,True,False,0.24852428421234152,1,True,CS_MAP
490125,8,truck,a photo of a truck,0.2818985486692195,all,,CS_OFFICIAL_SAM,0.9095679012345679,0.9883211096938775,0.9526426377889122,0.9233902553658154,0.9838090469036889,6383,5894,159,True,0.01681294279369779,16,True,False,0.6276693525653484,2,True,CS_MAP
313562,1,person,a photo of a person,0.8177171262427312,all,,CS_OFFICIAL_SAM,0.8619482893705929,0.9473254145408163,0.9258563132942463,0.949482163406214,0.9033776755898615,17380,16502,0,True,0.0,-1,True,False,0.044231163127861683,2,True,CS_MAP
313562,57,carrot,a photo of a carrot,0.20352997296867548,all,,CS_OFFICIAL_SAM,0.7774566473988439,0.9877232142857143,0.8747967479674796,0.911864406779661,0.840625,2360,2152,12,True,0.003893512434905339,1,True,False,0.5739266744301684,2,True,CS_MAP
402720,1,person,a photo of a person,0.33227097276815754,all,,CS_OFFICIAL_SAM,0.23745894296805017,0.7964166135204082,0.3837847620196658,0.9671632715110976,0.2393889223359422,3289,3181,26,True,0.006793478260869565,46,True,False,-0.09481202980010736,2,True,CS_MAP
402720,44,bottle,a photo of a bottle,0.03458789899952358,all,,CS_OFFICIAL_SAM,0.27116564417177913,0.9763233418367347,0.4266409266409266,0.32838038632986627,0.6088154269972452,1346,442,892,False,0.32246229107215657,46,False,False,0.23657774517225555,2,True,CS_MAP
261888,2,bicycle,a photo of a bicycle,0.23277200525498626,all,,CS_OFFICIAL_SAM,0.7381845461365342,0.979133450255102,0.8493741907639188,0.9739359947212142,0.753061224489796,3031,2952,8,True,0.009022556390977444,1,True,False,0.505412540881548,1,True,CS_MAP
261888,1,person,a photo of a person,0.12265292168516279,all,,CS_OFFICIAL_SAM,0.7059053578412202,0.9850127551020408,0.8276020174232004,0.891358024691358,0.7723577235772358,2025,1805,127,True,0.10124888492417485,27,True,False,0.5832524361560574,2,True,CS_MAP
229849,1,person,a photo of a person,0.6043016410694906,all,,CS_OFFICIAL_SAM,0.19896729776247848,0.5826092155612245,0.33189778926213037,0.9852272727272727,0.19956266543906087,5280,5202,2,True,0.0022025084123585194,62,True,False,-0.4053343433070121,2,True,CS_MAP
229849,43,tennis racket,a photo of a tennis racket,5.3033517182859566e-05,all,,CS_OFFICIAL_SAM,0.0,0.9259207589285714,0.0,0.0,0.0,2973,0,22,False,0.0006398862424457874,62,False,False,-5.3033517182859566e-05,1,True,CS_MAP
475064,60,donut,a photo of a donut,0.1723124300111982,all,,CS_OFFICIAL_SAM,0.9462793473935536,0.9973094706632653,0.9723982825598038,0.9912463526469362,0.9542536115569823,2399,2378,1,True,0.0009968433294567204,1,True,False,0.7739669173823553,0,True,CS_MAP
475064,1,person,a photo of a person,0.16833302186507196,all,,CS_OFFICIAL_SAM,0.7310363247863247,0.9799306441326531,0.8446227434037957,0.9586690017513135,0.7548262548262549,2855,2737,9,True,0.0024371953505811774,60,True,False,0.5627033029212528,1,True,CS_MAP
181859,81,sink,a photo of a sink,0.14404611919215057,all,,CS_OFFICIAL_SAM,0.02638690192338261,0.3896484375,0.05141706674926436,0.031607006854531605,0.13775933609958507,26260,830,5,True,0.0001367390472023191,17,True,False,-0.11765921726876796,2,True,CS_MAP
181859,17,cat,a photo of a cat,0.7037264537264537,all,,CS_OFFICIAL_SAM,0.8216194331983806,0.9560945471938775,0.9020758323332,0.832676842278024,0.9840946561924159,12186,10147,249,True,0.01691981237435783,81,True,False,0.1178929794719269,1,True,CS_MAP
461009,53,apple,a photo of a apple,0.11884057971014493,all,,CS_OFFICIAL_SAM,0.9030837004405287,0.9973692602040817,0.9490740740740741,0.9669811320754716,0.9318181818181818,1272,1230,42,True,0.03852794184461608,1,True,False,0.7842431207303837,0,True,CS_MAP
461009,62,chair,a photo of a chair,0.10489272886127561,all,,CS_OFFICIAL_SAM,0.14127423822714683,0.9505739795918368,0.24757281553398058,0.8095238095238095,0.14613180515759314,504,408,15,True,0.0008360455047624735,1,True,False,0.036381509365871215,0,True,CS_MAP
507975,1,person,a photo of a person,0.2885082014947103,all,,CS_OFFICIAL_SAM,0.5168129865827398,0.9418646364795918,0.6814458883913945,0.9817495280050346,0.5218263923733065,3178,3120,2,True,0.0013132868399601486,19,True,False,0.22830478508802948,1,True,CS_MAP
507975,19,horse,a photo of a horse,0.6752698644590537,all,,CS_OFFICIAL_SAM,0.7127175232699312,0.8868183992346939,0.8322651150426795,0.9440498525864379,0.744150425183542,14924,14089,44,True,0.004343910579011495,3,True,False,0.03744765881087753,1,True,CS_MAP
187144,1,person,a photo of a person,0.04870954526833265,all,,CS_OFFICIAL_SAM,0.49337260677466865,0.9862882653061225,0.6607495069033531,0.8101571946795647,0.5578684429641965,827,670,3,True,0.05116796440489433,31,True,False,0.444663061506336,2,True,CS_MAP
187144,6,bus,a photo of a bus,0.7506382473431099,all,,CS_OFFICIAL_SAM,0.8590007725985063,0.9563536352040817,0.9241532174274434,0.8828745367919534,0.9694811800610377,15112,13342,633,True,0.040834556243220826,1,True,False,0.10836252525539636,2,True,CS_MAP
152686,43,tennis racket,a photo of a tennis racket,0.026655964852990877,all,,CS_OFFICIAL_SAM,0.554675118858954,0.9943997130102041,0.7135575942915392,1.0,0.554675118858954,350,350,0,True,0.0,-1,True,False,0.5280191540059631,0,True,CS_MAP
152686,1,person,a photo of a person,0.4315297261189045,all,,CS_OFFICIAL_SAM,0.0006274312962730581,0.8412786989795918,0.001254075746175069,0.07352941176470588,0.0006324310650139134,68,5,0,True,0.0,-1,True,False,-0.4309022948226314,2,True,CS_MAP
115870,1,person,a photo of a person,0.31720287157670835,all,,CS_OFFICIAL_SAM,0.20143619959491807,0.8271285076530612,0.3353256704980843,0.983370786516854,0.20212471131639723,2225,2188,0,True,0.0014627321292292037,63,True,False,-0.11576667198179028,1,True,CS_MAP
115870,63,couch,a photo of a couch,0.6291093272171254,all,,CS_OFFICIAL_SAM,0.632922483789941,0.8747608418367347,0.7752021177648994,0.7507621951219512,0.8012867918946901,14432,10835,2746,True,0.09162812810649609,1,True,False,0.003813156572815557,2,True,CS_MAP
32610,73,laptop,a photo of a laptop,0.759664570230608,all,,CS_OFFICIAL_SAM,0.35907551305040847,0.6794483418367347,0.5284114232099923,0.6860296916634945,0.42968861761480137,13135,9011,3978,True,0.19080833174087522,27,True,False,-0.4005890571801995,2,True,CS_MAP
32610,27,backpack,a photo of a backpack,0.791311149032992,all,,CS_OFFICIAL_SAM,0.8381855670103093,0.9608976403061225,0.9119705671213209,0.968181385157664,0.861928589602239,10497,10163,25,True,0.0014639424606963274,73,True,False,0.046874417977317284,1,True,CS_MAP
530061,67,dining table,a photo of a dining table,0.30755032836845947,all,,CS_OFFICIAL_SAM,0.9283937688179081,0.9890983737244898,0.9628674224424683,0.9459783913565426,0.9803704727674869,7497,7092,199,True,0.016468203699011908,62,True,False,0.6208434404494487,1,True,CS_MAP
530061,51,bowl,a photo of a bowl,0.3705867789056697,all,,CS_OFFICIAL_SAM,0.9223084001577494,0.9882214604591837,0.9595842166450113,0.9981505192772798,0.9238872794311298,7029,7016,2,True,0.0014080540692762602,50,True,False,0.5517216212520797,1,True,CS_MAP
321214,1,person,a photo of a person,0.6915160901738083,all,,CS_OFFICIAL_SAM,0.713053594351733,0.8574418048469388,0.8324942041542749,0.9620068192888456,0.7337158424832825,18477,17775,575,True,0.02733458003421796,61,True,False,0.02153750417792466,2,True,CS_MAP
321214,62,chair,a photo of a chair,0.09623452110184483,all,,CS_OFFICIAL_SAM,0.11560848330768717,0.7365473533163265,0.20725637181409295,0.11950207468879669,0.7801354401805869,14460,1728,202,True,0.006818655007287113,1,True,False,0.019373962205842338,1,True,CS_MAP
291490,65,bed,a photo of a bed,0.7316079944274768,all,,CS_OFFICIAL_SAM,0.5250342323033875,0.681999362244898,0.6885540287320425,0.96694260183104,0.5346306568458065,18241,17638,11,True,0.0005188259709457457,17,True,False,-0.2065737621240893,2,True,CS_MAP
291490,17,cat,a photo of a cat,0.6308003175290466,all,,CS_OFFICIAL_SAM,0.9670540449057881,0.9941804846938775,0.9832511185040725,0.9877837962429411,0.9787598492634464,8677,8571,19,True,0.002502165335386392,65,True,False,0.3362537273767414,1,True,CS_MAP
21465,62,chair,a photo of a chair,0.12084190672153636,all,,CS_OFFICIAL_SAM,0.39096662830840045,0.9578085140306123,0.5621509824198552,0.9992647058823529,0.3910791366906475,1360,1359,0,True,0.0,-1,True,False,0.27012472158686407,1,True,CS_MAP
21465,86,vase,a photo of a vase,0.06925602183285211,all,,CS_OFFICIAL_SAM,0.0,0.9651028380102041,0.0,0.0,0.0,0,0,0,False,0.0,-1,False,False,-0.06925602183285211,1,True,CS_MAP
316666,44,bottle,a photo of a bottle,0.0350966142752521,all,,CS_OFFICIAL_SAM,0.0,0.9697664221938775,0.0,0.0,0.0,894,0,520,False,0.4819277108433735,47,False,False,-0.0350966142752521,1,True,CS_MAP
316666,67,dining table,a photo of a dining table,0.023025768911055695,all,,CS_OFFICIAL_SAM,0.043423645320197046,0.2259845344387755,0.08323300993791752,0.04352549068016294,0.9488697524219591,40505,1763,2293,False,0.01666419789660791,86,True,False,0.02039787640914135,2,True,CS_MAP
49269,19,horse,a photo of a horse,0.8270388615216201,all,,CS_OFFICIAL_SAM,0.8330142522867475,0.9374202806122449,0.9089010096321225,0.8804946599213042,0.939201343086701,17790,15664,1949,True,0.06995190582154906,18,True,False,0.005975390765127431,1,True,CS_MAP
49269,18,dog,a photo of a dog,0.8429879165140974,all,,CS_OFFICIAL_SAM,0.8995503452705957,0.9750677614795918,0.947119245889166,0.9627878996218632,0.9319524166042759,11636,11203,417,True,0.014947843854177868,19,True,False,0.056562428756498306,1,True,CS_MAP
89556,11,fire hydrant,a photo of a fire hydrant,0.04440054963929921,all,,CS_OFFICIAL_SAM,0.29346153846153844,0.9633888711734694,0.4537615224501933,0.32831325301204817,0.7343599615014437,2324,763,0,True,0.009506680369989723,3,True,False,0.24906098882223923,1,True,CS_MAP
89556,3,car,a photo of a car,0.40192492781520694,all,,CS_OFFICIAL_SAM,0.4158259928153142,0.7634127869897959,0.5873970317333426,0.4376424280091154,0.8929514952974744,19308,8450,8060,True,0.39907261247040254,8,True,False,0.013901065000107238,2,True,CS_MAP
179898,84,book,a photo of a book,0.020658224065149985,all,,CS_OFFICIAL_SAM,0.0,0.9889787946428571,0.0,0.0,0.0,0,0,0,False,0.0,-1,False,False,-0.020658224065149985,0,True,CS_MAP
179898,67,dining table,a photo of a dining table,0.041236650812169075,all,,CS_OFFICIAL_SAM,0.6674737691686844,0.9917889030612245,0.8005808325266215,0.7210113339145597,0.8998911860718172,1147,827,28,True,0.016168544830965213,62,True,False,0.6262371183565153,2,True,CS_MAP
491497,62,chair,a photo of a chair,0.36607908527870414,all,,CS_OFFICIAL_SAM,0.3638803680981595,0.9008091517857143,0.5335957267360135,0.9940642458100558,0.36467272960163954,2864,2847,16,True,0.3634171109418634,63,True,False,-0.0021987171805446515,1,True,CS_MAP
491497,84,book,a photo of a book,0.25879805089334057,all,,CS_OFFICIAL_SAM,0.45393730886850153,0.9430604272959183,0.624424871828579,0.45524247651907224,0.9937238493723849,5217,2375,5,True,0.00038200015280006114,63,True,False,0.19513925797516096,2,True,CS_MAP
261161,18,dog,a photo of a dog,0.8341003604103133,all,,CS_OFFICIAL_SAM,0.8943964094779222,0.9681122448979592,0.9442547557661487,0.994860876587622,0.8985478416550626,13621,13551,0,True,0.0,-1,True,False,0.06029604906760888,1,True,CS_MAP
261161,15,bench,a photo of a bench,0.4787035247116438,all,,CS_OFFICIAL_SAM,0.41131460110386353,0.9064692283163265,0.5828815216425207,1.0,0.41131460110386353,3279,3279,0,True,0.0,-1,True,False,-0.06738892360778026,1,True,CS_MAP
492110,77,cell phone,a photo of a cell phone,0.024453336566832382,all,,CS_OFFICIAL_SAM,0.04390866996646974,0.8806600765306123,0.084123585194249,0.04635091859093207,0.45454545454545453,5933,275,5632,False,0.8713086726764065,73,False,True,0.01945533339963736,2,True,CS_MAP
492110,1,person,a photo of a person,0.7666068222621185,all,,CS_OFFICIAL_SAM,0.8417656169334021,0.9389150191326531,0.9140854940434477,0.9476345460885738,0.8828306892630895,17206,16305,276,True,0.013250560801293755,62,True,False,0.07515879467128361,1,True,CS_MAP
281687,31,handbag,a photo of a handbag,0.3170206740300198,all,,CS_OFFICIAL_SAM,0.8058614263933593,0.9771603954081632,0.8924953095684803,0.9481762009168826,0.8429913166755272,5017,4757,74,True,0.03814956303312575,1,True,False,0.4888407523633395,0,True,CS_MAP
281687,1,person,a photo of a person,0.504833106781453,all,,CS_OFFICIAL_SAM,0.18334108887854816,0.6852080676020408,0.3098702320094377,0.43962310934788,0.2392551109911612,8066,3546,4097,False,0.5626353584862647,31,False,True,-0.3214920179029048,1,True,CS_MAP
498463,78,microwave,a photo of a microwave,0.009538024682369216,all,,CS_OFFICIAL_SAM,0.026378024376932874,0.4666772959183674,0.05140021269053527,0.0265801437160874,0.7762312633832976,27276,725,25966,False,0.9251763699850353,82,False,True,0.016839999694563658,2,True,CS_MAP
498463,82,refrigerator,a photo of a refrigerator,0.575066946093841,all,,CS_OFFICIAL_SAM,0.9374529283075709,0.9652423469387755,0.9677168560956647,0.9586664710628622,0.9769397518313649,27266,26139,656,True,0.02381643915190241,78,True,False,0.36238598221372986,2,True,CS_MAP
187236,63,couch,a photo of a couch,0.43570371284075493,all,,CS_OFFICIAL_SAM,0.18609324758842444,0.5964205994897959,0.3137919349373094,0.7112135176651305,0.20130434782608694,6510,4630,0,True,0.0027361362672935373,17,True,False,-0.2496104652523305,1,True,CS_MAP
187236,17,cat,a photo of a cat,0.7585650771510767,all,,CS_OFFICIAL_SAM,0.7910480833148682,0.9060307716836735,0.8833353952740319,0.8538627122697919,0.9149154279856484,20905,17850,2452,True,0.19834597958403843,63,True,False,0.03248300616379152,2,True,CS_MAP
470952,1,person,a photo of a person,0.695777842821601,all,,CS_OFFICIAL_SAM,0.6078071463534018,0.8083745216836735,0.7560697161123373,0.9711920745616893,0.6189665198969843,15343,14901,0,True,0.0002501250625312656,35,True,False,-0.08797069646819922,2,True,CS_MAP
470952,35,skis,a photo of a skis,0.025624762146390968,all,,CS_OFFICIAL_SAM,0.0007390983000739098,0.7036033163265306,0.0014771048744460858,0.0007724176672986448,0.016845329249617153,14241,11,200,False,0.005247277974550702,1,False,False,-0.024885663846317057,2,True,CS_MAP
167159,65,bed,a photo of a bed,0.4199579151829071,all,,CS_OFFICIAL_SAM,0.2632794457274827,0.29430404974489793,0.41681901279707495,0.9980282356652733,0.263416461967609,12679,12654,0,True,0.0,-1,True,False,-0.1566784694554244,1,True,CS_MAP
167159,84,book,a photo of a book,0.45286612073890686,all,,CS_OFFICIAL_SAM,0.9165692007797271,0.9914700255102041,0.9564686737184703,1.0,0.9165692007797271,4702,4702,0,True,0.09788084433157083,65,True,False,0.4637030800408203,1,True,CS_MAP
133244,1,person,a photo of a person,0.5917347865576749,all,,CS_OFFICIAL_SAM,0.2185620366484823,0.7773238201530612,0.3587212305573093,0.9793168285803823,0.21957560427206296,3191,3125,7,True,0.014557338086749852,43,True,False,-0.3731727499091926,2,True,CS_MAP
133244,62,chair,a photo of a chair,0.1539527107714354,all,,CS_OFFICIAL_SAM,0.44341688975419813,0.9544204400510204,0.6143989209239589,0.709225379525107,0.5419393218322427,2569,1822,4,True,0.00023813776269571946,1,True,False,0.2894641789827627,1,True,CS_MAP
540414,28,umbrella,a photo of a umbrella,0.08822843822843823,all,,CS_OFFICIAL_SAM,0.5567745474492595,0.9838966836734694,0.715292459478506,0.7777777777777778,0.6621004566210046,1305,1015,0,True,0.0,-1,True,False,0.46854610922082124,2,True,CS_MAP
540414,1,person,a photo of a person,0.2900420757363254,all,,CS_OFFICIAL_SAM,0.000666611115740355,0.7609813456632653,0.0013323340827712548,0.002290950744558992,0.0009392978748385582,3492,8,0,True,0.0,-1,True,False,-0.28937546462058505,0,True,CS_MAP
572555,10,traffic light,a photo of a traffic light,0.023243505491112777,all,,CS_OFFICIAL_SAM,0.0,0.8760961415816326,0.0,0.0,0.0,5650,0,71,False,0.0025767583653915948,7,False,False,-0.023243505491112777,1,True,CS_MAP
572555,7,train,a photo of a train,0.47549752674565743,all,,CS_OFFICIAL_SAM,0.8449972228834405,0.9221340880102041,0.9159875282227717,0.8682837342030167,0.9692377701934016,24530,21299,248,True,0.010020927237604636,10,True,False,0.36949969613778305,2,True,CS_MAP
463802,88,teddy bear,a photo of a teddy bear,0.7822105951602355,all,,CS_OFFICIAL_SAM,0.7748637806119394,0.9250637755102041,0.8731529586397679,0.9506354220230662,0.8073491796119533,13613,12941,2,True,0.0013634504385765577,43,True,False,-0.00734681454829611,1,True,CS_MAP
463802,43,tennis racket,a photo of a tennis racket,0.396806774127729,all,,CS_OFFICIAL_SAM,0.7676662017666201,0.9601602359693877,0.8685646656584917,0.9728973339225218,0.7844418052256532,6789,6605,0,True,0.003667201466880587,1,True,False,0.3708594276388911,1,True,CS_MAP
3501,51,bowl,a photo of a bowl,0.408495752123938,all,,CS_OFFICIAL_SAM,0.47258521937385306,0.6219507334183674,0.6418443064025829,0.999118269456854,0.4727823982643042,17012,16997,0,True,0.001464820677597694,56,True,False,0.06408946724991504,1,True,CS_MAP
3501,56,broccoli,a photo of a broccoli,0.1884018759018759,all,,CS_OFFICIAL_SAM,0.7459649122807017,0.9783561862244898,0.8545016077170418,0.9716636197440585,0.7625538020086083,3282,3189,93,True,0.09129092375733637,51,True,False,0.5575630363788258,1,True,CS_MAP
348708,67,dining table,a photo of a dining table,0.5163764469048817,all,,CS_OFFICIAL_SAM,0.4367677012120112,0.44337930484693877,0.6079865253702014,0.9961823283197645,0.4375,21741,21658,83,True,0.7765012865581851,51,False,True,-0.07960874569287052,2,True,CS_MAP
348708,51,bowl,a photo of a bowl,0.5845885680457804,all,,CS_OFFICIAL_SAM,0.7844149189268328,0.8826132015306123,0.8791844437151296,0.9979975784669833,0.7856514407214605,21474,21431,43,True,0.433464606684843,67,True,False,0.19982635088105238,2,True,CS_MAP
332901,20,sheep,a photo of a sheep,0.6134799947412244,all,,CS_OFFICIAL_SAM,0.8850015787811809,0.9637077487244898,0.9389929310864685,0.9848900133530114,0.8971830985915493,14229,14014,0,True,0.0,-1,True,False,0.2715215840399565,1,True,CS_MAP
332901,1,person,a photo of a person,0.03481192801156019,all,,CS_OFFICIAL_SAM,0.42979635584137194,0.9893973214285714,0.6011994002998501,0.837160751565762,0.46900584795321637,479,401,0,True,0.0,-1,True,False,0.39498442782981175,2,True,CS_MAP
409358,70,toilet,a photo of a toilet,0.14096203060531676,all,,CS_OFFICIAL_SAM,0.4718472811415349,0.9454121492346939,0.6411633695794576,0.5082035306334372,0.868346344925479,4815,2447,869,True,0.15983078903807246,81,True,False,0.33088525053621815,2,True,CS_MAP
409358,81,sink,a photo of a sink,0.09004166918292167,all,,CS_OFFICIAL_SAM,0.2350223072020395,0.9043168048469388,0.3805960521223068,0.2356230031948882,0.9892689470154259,6260,1475,878,True,0.10707317073170732,70,True,False,0.14498063801911784,2,True,CS_MAP
46497,1,person,a photo of a person,0.6929635528904713,all,,CS_OFFICIAL_SAM,0.7351520689205064,0.9191246811224489,0.8473632739035583,0.9662034654314634,0.7545551982851019,11658,11264,1,True,0.0019067915428186866,9,True,False,0.04218851603003515,2,True,CS_MAP
46497,9,boat,a photo of a boat,0.20983213429256595,all,,CS_OFFICIAL_SAM,0.8039936102236421,0.9755460778061225,0.8913486230408217,0.9895792371215101,0.8108587079104237,5086,5033,0,True,9.994003597841295e-05,1,True,False,0.5941614759310762,1,True,CS_MAP
131138,76,keyboard,a photo of a keyboard,0.06149584487534626,all,,CS_OFFICIAL_SAM,0.3751668891855808,0.9533641581632653,0.545631067961165,0.3790126787159428,0.9736659736659736,3707,1405,1887,False,0.5199231877100337,73,False,True,0.3136710443102345,2,True,CS_MAP
131138,72,tv,a photo of a tv,0.22878376574251258,all,,CS_OFFICIAL_SAM,0.34964593703989344,0.8151307397959183,0.5181298701298701,0.35575688400627764,0.9531727828746177,14018,4987,3604,True,0.1439274176919376,73,True,False,0.12086217129738086,2,True,CS_MAP
476215,19,horse,a photo of a horse,0.3652788688138256,all,,CS_OFFICIAL_SAM,0.7654698242933538,0.9816446109693877,0.8671570748593682,0.860578299456055,0.8738372093023256,3493,3006,112,True,0.02729044834307992,1,True,False,0.40019095547952815,2,True,CS_MAP
476215,1,person,a photo of a person,0.03776751993285774,all,,CS_OFFICIAL_SAM,0.8455172413793104,0.9977678571428571,0.9162929745889388,0.9967479674796748,0.8478561549100968,615,613,0,True,0.0,-1,True,False,0.8077497214464526,1,True,CS_MAP
280891,44,bottle,a photo of a bottle,0.030162818106421057,all,,CS_OFFICIAL_SAM,0.1349124613800206,0.9665178571428571,0.23774954627949182,0.17726657645466848,0.3608815426997245,1478,262,29,True,0.0026565026565026563,55,True,False,0.10474964327359955,1,True,CS_MAP
280891,55,orange,a photo of a orange,0.4404990998820535,all,,CS_OFFICIAL_SAM,0.5317606209150327,0.9086216517857143,0.6943129541969465,0.6679066187788609,0.7228932389282243,7796,5207,1981,True,0.24763446215139442,53,True,False,0.09126152103297924,2,True,CS_MAP
532855,1,person,a photo of a person,0.25477320941509246,all,,CS_OFFICIAL_SAM,0.5215408008109478,0.9435586734693877,0.6855429713524317,0.9990291262135922,0.5218052738336714,3090,3087,0,True,0.0,-1,True,False,0.2667675913958553,0,True,CS_MAP
532855,41,skateboard,a photo of a skateboard,0.036685902720527616,all,,CS_OFFICIAL_SAM,0.0,0.4098573022959184,0.0,0.0,0.0,28899,0,3,False,8.617718028266115e-05,1,False,False,-0.036685902720527616,2,True,CS_MAP
296231,84,book,a photo of a book,0.052360729452910315,all,,CS_OFFICIAL_SAM,0.5255384615384615,0.9846340880102041,0.6889874949576442,0.6152737752161384,0.7827681026581118,1388,854,0,True,0.0,-1,True,False,0.4731777320855512,2,True,CS_MAP
296231,72,tv,a photo of a tv,0.3565993177643663,all,,CS_OFFICIAL_SAM,0.8340687046958715,0.9790138711734694,0.9095283099922674,0.9763881202730124,0.851238340302348,5421,5293,0,True,0.008469994593620472,85,True,False,0.47746938693150515,2,True,CS_MAP
463522,19,horse,a photo of a horse,0.7451767959438994,all,,CS_OFFICIAL_SAM,0.8589841431357585,0.9668566645408163,0.9241435934862929,0.9677111196025984,0.8843299869052815,10468,10130,0,True,0.0010625110678236232,1,True,False,0.11380734719185914,1,True,CS_MAP
463522,1,person,a photo of a person,0.03152073732718894,all,,CS_OFFICIAL_SAM,0.0009188361408882082,0.9349888392857143,0.0018359853121175031,0.0012345679012345679,0.003579952267303103,2430,3,0,True,0.0,-1,True,False,-0.030601901186300736,1,True,CS_MAP
115946,3,car,a photo of a car,0.07515673981191223,all,,CS_OFFICIAL_SAM,0.37604166666666666,0.9880620216836735,0.546555639666919,0.9972375690607734,0.37643378519290926,362,361,0,True,0.0,-1,True,False,0.30088492685475443,1,True,CS_MAP
115946,10,traffic light,a photo of a traffic light,0.03993744065240463,all,,CS_OFFICIAL_SAM,0.6141649048625792,0.9927256058673469,0.7609692206941716,0.7155172413793104,0.8125874125874126,812,581,0,True,0.0,-1,True,False,0.5742274642101746,1,True,CS_MAP
427256,1,person,a photo of a person,0.5712648508232417,all,,CS_OFFICIAL_SAM,0.16037154880426974,0.6739277742346939,0.2764141347131927,0.9585889570552147,0.1614903622551806,3260,3125,0,True,0.0,-1,True,False,-0.410893302018972,2,True,CS_MAP
427256,40,baseball glove,a photo of a baseball glove,0.02181266261925412,all,,CS_OFFICIAL_SAM,0.04598405885959534,0.8139349489795918,0.08792497069167643,0.04623446008424946,0.8946322067594433,9733,450,8769,False,0.46349318170381926,1,False,False,0.02417139624034122,2,True,CS_MAP
12748,19,horse,a photo of a horse,0.6786953170167662,all,,CS_OFFICIAL_SAM,0.9477566488461798,0.9846141581632653,0.9731776804947536,0.9782077250820702,0.9681991012789491,14317,14005,18,True,0.001307626809390585,1,True,False,0.2690613318294136,1,True,CS_MAP
12748,1,person,a photo of a person,0.7925261441043845,all,,CS_OFFICIAL_SAM,0.5229888105212919,0.8207310267857143,0.6867927156238031,0.9755663270353151,0.5299301450832885,10109,9862,1,True,0.0006107740543181726,19,True,False,-0.2695373335830926,2,True,CS_MAP
100283,3,car,a photo of a car,0.044665238594412286,all,,CS_OFFICIAL_SAM,0.04311414392059553,0.9385164221938775,0.08266428783823966,0.05942710560068405,0.1357421875,2339,139,0,True,0.0,-1,True,False,-0.0015510946738167553,1,True,CS_MAP
100283,13,stop sign,a photo of a stop sign,0.5444197799083739,all,,CS_OFFICIAL_SAM,0.9640743176586649,0.9912906568877551,0.9817085931940899,0.993140243902439,0.9705371182653315,11808,11727,0,True,0.0,-1,True,False,0.41965453775029105,1,True,CS_MAP
67213,1,person,a photo of a person,0.06620224519678751,all,,CS_OFFICIAL_SAM,0.08279973504084787,0.9172114158163265,0.15293637846655792,0.1166407465007776,0.22202486678507993,3215,375,2724,False,0.8167270531400966,18,False,True,0.016597489844060356,1,True,CS_MAP
67213,3,car,a photo of a car,0.6004480286738352,all,,CS_OFFICIAL_SAM,0.7679989050095811,0.9662189094387755,0.8687775799334211,0.926060406007592,0.8181685622630505,6059,5611,0,True,0.04787665674871518,1,True,False,0.16755087633574595,2,True,CS_MAP
223955,1,person,a photo of a person,0.48096360303744434,all,,CS_OFFICIAL_SAM,0.6464615065796291,0.931999362244898,0.7852737570799245,0.9898461050293511,0.6507770939814332,6303,6239,0,True,0.0,-1,True,False,0.16549790354218474,2,True,CS_MAP
223955,34,frisbee,a photo of a frisbee,0.018605972375102083,all,,CS_OFFICIAL_SAM,0.9075785582255084,0.9990035076530612,0.9515503875968992,0.9665354330708661,0.9370229007633588,508,491,0,True,0.0004955401387512388,1,True,False,0.8889725858504063,0,True,CS_MAP
332318,8,truck,a photo of a truck,0.054402819623671196,all,,CS_OFFICIAL_SAM,0.5673864482501861,0.9884207589285714,0.7239904988123516,0.6637630662020906,0.7962382445141066,1148,762,5,True,0.0026666666666666666,21,True,False,0.5129836286265149,2,True,CS_MAP
332318,21,cow,a photo of a cow,0.04496038326884098,all,,CS_OFFICIAL_SAM,0.021633931113008823,0.9315011160714286,0.04235162998049596,0.026601330066503327,0.10382513661202186,2857,76,0,True,0.0,-1,True,False,-0.023326452155832154,2,True,CS_MAP
473219,84,book,a photo of a book,0.06111346615797655,all,,CS_OFFICIAL_SAM,0.7961165048543689,0.9962332589285714,0.8864864864864865,0.9271356783919598,0.8492520138089759,796,738,24,True,0.004253397071554936,1,True,False,0.7350030386963924,1,True,CS_MAP
473219,62,chair,a photo of a chair,0.23314140724114374,all,,CS_OFFICIAL_SAM,0.4727789174688338,0.9334143813775511,0.6420229293903353,0.8368715083798882,0.5207717712497827,3580,2996,52,True,0.0024496461622210124,1,True,False,0.2396375102276901,2,True,CS_MAP
334483,1,person,a photo of a person,0.7089557841002928,all,,CS_OFFICIAL_SAM,0.24876744380379376,0.6416613520408163,0.3984207708779443,0.9642105263157895,0.2510859022477122,6175,5954,1,True,0.008200618017589732,31,True,False,-0.460188340296499,0,True,CS_MAP
334483,61,cake,a photo of a cake,0.21047210300429184,all,,CS_OFFICIAL_SAM,0.3966800228963938,0.9369818239795918,0.5680327868852459,0.5716249656310146,0.5644854737985338,3637,2079,15,True,0.000548747027620267,1,True,False,0.18620791989210198,2,True,CS_MAP
303566,53,apple,a photo of a apple,0.5116179001721171,all,,CS_OFFICIAL_SAM,0.6320407363885625,0.9063895089285714,0.7745403926462824,0.7354603463992707,0.8180066916759606,10970,8068,232,True,0.00834368015892724,1,True,False,0.12042283621644545,2,True,CS_MAP
303566,55,orange,a photo of a orange,0.10450441934111641,all,,CS_OFFICIAL_SAM,0.07590686811181666,0.7476682079081632,0.14110304592632794,0.08440188281123194,0.4299297230260438,12322,1040,7743,False,0.536144578313253,53,False,True,-0.02859755122929976,2,True,CS_MAP
530624,65,bed,a photo of a bed,0.6295636457526466,all,,CS_OFFICIAL_SAM,0.8089029614453344,0.8568638392857143,0.8943574958813838,0.9688944131051407,0.8304695823203212,31377,30401,190,True,0.0067765394786550815,18,True,False,0.1793393156926878,2,True,CS_MAP
530624,18,dog,a photo of a dog,0.8871074380165289,all,,CS_OFFICIAL_SAM,0.9177961626474213,0.9813855229591837,0.95713630105553,0.9905015197568389,0.9259456579648375,10528,10428,51,True,0.0026803378076538536,65,True,False,0.03068872463089234,1,True,CS_MAP
382696,82,refrigerator,a photo of a refrigerator,0.13534834655781314,all,,CS_OFFICIAL_SAM,0.32445545576545887,0.8695790816326531,0.48994544037412313,0.37318926620755166,0.713021778584392,8422,3143,3782,False,0.42122867655256996,79,False,False,0.18910710920764573,2,True,CS_MAP
382696,79,oven,a photo of a oven,0.2303205377479029,all,,CS_OFFICIAL_SAM,0.40718129139072845,0.8858219068877551,0.5787190234576072,0.4243045072244986,0.9098265895953758,9274,3935,526,True,0.039428701663754465,82,True,False,0.17686075364282555,2,True,CS_MAP
175251,90,toothbrush,a photo of a toothbrush,0.026791150801704893,all,,CS_OFFICIAL_SAM,0.026108240413380474,0.9286312181122449,0.0508878876225815,0.029583975346687212,0.18181818181818182,3245,96,3144,False,0.12190533523967191,1,False,False,-0.0006829103883244196,2,True,CS_MAP
175251,1,person,a photo of a person,0.682570281124498,all,,CS_OFFICIAL_SAM,0.7837389991530729,0.8829520089285714,0.8787597283293078,0.9732943113224803,0.8009633838858993,21868,21284,0,True,0.0028658427368798136,90,True,False,0.10116871802857486,2,True,CS_MAP
514508,1,person,a photo of a person,0.3778928375303993,all,,CS_OFFICIAL_SAM,0.3715360253365004,0.8734454719387755,0.5417809207677876,0.9682744389992262,0.37611461777377014,3877,3754,0,True,0.0022463797184002566,72,True,False,-0.006356812193898942,0,True,CS_MAP
514508,72,tv,a photo of a tv,0.4739811028063743,all,,CS_OFFICIAL_SAM,0.4593505140631369,0.5241948341836735,0.6295273268986065,0.46808510638297873,0.9609626681826795,43334,20284,357,True,0.096226997018608,1,True,False,-0.01463058874323736,2,True,CS_MAP
157138,61,cake,a photo of a cake,0.4070428591905968,all,,CS_OFFICIAL_SAM,0.7996923415009339,0.9636678890306123,0.8886989437694609,0.9786204114562324,0.8139118765376874,7437,7278,78,True,0.007974644719353849,48,True,False,0.39264948231033714,1,True,CS_MAP
157138,48,fork,a photo of a fork,0.09249587072005715,all,,CS_OFFICIAL_SAM,0.6844059405940595,0.9847536670918368,0.8126377663482733,0.9987959060806743,0.684971098265896,1661,1659,0,True,0.0,-1,True,False,0.5919100698740023,1,True,CS_MAP
116479,65,bed,a photo of a bed,0.5128873351342762,all,,CS_OFFICIAL_SAM,0.16465956461324688,0.49679129464285715,0.28275999204613245,1.0,0.16465956461324688,4977,4977,0,True,0.0,-1,True,False,-0.3482277705210293,0,True,CS_MAP
116479,63,couch,a photo of a couch,0.03368257346320701,all,,CS_OFFICIAL_SAM,0.031127129750982963,0.8821348852040817,0.06037496027963139,0.034958601655933765,0.22118742724097787,5435,190,5245,False,0.17522409702082783,65,False,False,-0.0025554437122240446,1,True,CS_MAP
283785,84,book,a photo of a book,0.05131751850058787,all,,CS_OFFICIAL_SAM,0.056843679880329095,0.9748684630102041,0.1075725406935598,0.11394302848575712,0.10187667560321716,667,76,0,True,0.0,-1,True,False,0.005526161379741226,2,True,CS_MAP
283785,1,person,a photo of a person,0.3863892288861689,all,,CS_OFFICIAL_SAM,0.2756190997400465,0.7889628507653061,0.4321338553118464,0.9997518610421836,0.2756379558048847,4030,4029,0,True,0.0,-1,True,False,-0.11077012914612239,1,True,CS_MAP
400803,1,person,a photo of a person,0.026459073932412366,all,,CS_OFFICIAL_SAM,0.6683417085427136,0.9960538903061225,0.8012048192771084,0.9779411764705882,0.6785714285714286,408,399,9,True,0.02493887530562347,9,True,False,0.6418826346103013,2,True,CS_MAP
400803,9,boat,a photo of a boat,0.41587288026995856,all,,CS_OFFICIAL_SAM,0.9142537005366516,0.9710220025510204,0.9552064078866297,0.9629192546583851,0.9476161369193155,16100,15503,0,True,0.013359242166626184,1,True,False,0.498380820266693,2,True,CS_MAP
396200,8,truck,a photo of a truck,0.027011890401516456,all,,CS_OFFICIAL_SAM,0.012742207245155856,0.8131576849489796,0.025163772486222313,0.013459399332591769,0.19298245614035087,8990,121,37,True,0.0031118587047939445,1,True,False,-0.0142696831563606,2,True,CS_MAP
396200,1,person,a photo of a person,0.09155987976585983,all,,CS_OFFICIAL_SAM,0.00043784754148605456,0.5450215242346939,0.0008753118298393803,0.000502209722780233,0.0034048348655090228,19912,10,0,True,0.0,-1,True,False,-0.09112203222437378,1,True,CS_MAP
398377,63,couch,a photo of a couch,0.09018805806355065,all,,CS_OFFICIAL_SAM,0.33413333333333334,0.9502351721938775,0.5008994603238057,0.41380449141347425,0.6344303797468355,3028,1253,272,True,0.010029237777928877,1,True,False,0.24394527526978269,1,True,CS_MAP
398377,1,person,a photo of a person,0.5740746336304577,all,,CS_OFFICIAL_SAM,0.6377753835865809,0.8056839923469388,0.7788313220215951,0.9864391196920071,0.6434166635433455,17403,17167,85,True,0.03290653008962868,31,True,False,0.06370074995612318,2,True,CS_MAP
63740,73,laptop,a photo of a laptop,0.16874381800197824,all,,CS_OFFICIAL_SAM,0.4123289708506841,0.8424944196428571,0.5838993313325962,0.41365162252890714,0.9923049391553329,13405,5545,7517,False,0.5419931170828147,72,False,True,0.24358515284870585,2,True,CS_MAP
63740,76,keyboard,a photo of a keyboard,0.31760499546782156,all,,CS_OFFICIAL_SAM,0.6912391475927387,0.9610172193877551,0.8174351316035094,0.9974943052391799,0.6924414927261227,4390,4379,1,True,0.00017937219730941703,47,True,False,0.3736341521249172,1,True,CS_MAP
200421,65,bed,a photo of a bed,0.372569428017221,all,,CS_OFFICIAL_SAM,0.7092106483628606,0.9375199298469388,0.8298692136538774,0.9998692297633058,0.7092764378478664,7647,7646,0,True,0.0034159919028340082,1,True,False,0.33664122034563965,2,True,CS_MAP
200421,1,person,a photo of a person,0.6966002979818502,all,,CS_OFFICIAL_SAM,0.8819647237472258,0.9597217793367347,0.9372808242559663,0.9392921564968588,0.9352780874520005,16077,15101,78,True,0.0068228678537956885,65,True,False,0.1853644257653756,2,True,CS_MAP
79031,1,person,a photo of a person,0.44773140811175677,all,,CS_OFFICIAL_SAM,0.9558104550582925,0.9906329719387755,0.9774060186520527,0.9947162426614481,0.9606879606879607,10220,10166,0,True,0.0028303370197599455,42,True,False,0.5080790469465357,2,True,CS_MAP
79031,42,surfboard,a photo of a surfboard,0.37408028914418484,all,,CS_OFFICIAL_SAM,0.5630791912384162,0.9173110650510204,0.7204742976487233,0.9016863406408094,0.5999102434646023,5930,5347,0,True,0.000242306760358614,1,True,False,0.18899890209423137,1,True,CS_MAP
195165,81,sink,a photo of a sink,0.04099249555372403,all,,CS_OFFICIAL_SAM,0.49436936936936937,0.9821029974489796,0.6616428033157498,0.5146541617819461,0.9261603375527426,1706,878,7,True,0.00352,44,True,False,0.45337687381564534,2,True,CS_MAP
195165,44,bottle,a photo of a bottle,0.08501372151294595,all,,CS_OFFICIAL_SAM,0.1906318082788671,0.9555763711734694,0.3202195791399817,0.28393726338561387,0.36713286713286714,1849,525,0,True,0.0,-1,True,False,0.10561808676592116,2,True,CS_MAP
441543,1,person,a photo of a person,0.2979642820971608,all,,CS_OFFICIAL_SAM,0.6449224534330917,0.9091996173469388,0.7841372121671563,0.8066088312701043,0.7628837466580621,10259,8275,633,True,0.1767774343122102,27,True,False,0.34695817133593093,2,True,CS_MAP
441543,28,umbrella,a photo of a umbrella,0.897378885705734,all,,CS_OFFICIAL_SAM,0.8973341654778887,0.9541015625,0.9458894292897253,0.9992553613979349,0.8979346032029264,20144,20129,10,True,0.0003227784771311449,1,True,False,-4.472022784529628e-05,0,True,CS_MAP
270474,39,baseball bat,a photo of a baseball bat,0.036075853732245394,all,,CS_OFFICIAL_SAM,0.7702970297029703,0.9953762755102041,0.8702460850111857,0.9339735894357744,0.8146596858638744,833,778,0,True,0.0001709986320109439,1,True,False,0.7342211759707249,0,True,CS_MAP
270474,1,person,a photo of a person,0.5924309423993568,all,,CS_OFFICIAL_SAM,0.7653596305862096,0.9402503188775511,0.8670863628302891,0.8364553930373791,0.9000460193281178,11691,9779,14,True,0.0016633663366336633,39,True,False,0.1729286881868528,2,True,CS_MAP
571598,32,tie,a photo of a tie,0.08383200957458384,all,,CS_OFFICIAL_SAM,0.045000587475032314,0.8380102040816326,0.08612547785023611,0.053746842548414255,0.2166289592760181,7126,383,6720,False,0.2412949689166695,1,False,False,-0.038831422099551524,2,True,CS_MAP
571598,1,person,a photo of a person,0.6546543691166683,all,,CS_OFFICIAL_SAM,0.719780402595242,0.8321508290816326,0.8370608264974462,0.9712220526174015,0.7354661045760522,22274,21633,23,True,0.048495420846053204,32,True,False,0.06512603347857371,2,True,CS_MAP
31248,84,book,a photo of a book,0.32635157363746026,all,,CS_OFFICIAL_SAM,0.5439629785443837,0.9567920918367347,0.7046321525885558,0.5925756186984418,0.8689516129032258,4364,2586,0,True,0.0,-1,True,False,0.21761140490692343,1,True,CS_MAP
31248,62,chair,a photo of a chair,0.4122764620589657,all,,CS_OFFICIAL_SAM,0.8786815199145429,0.9841557716836735,0.9354236049061815,0.9320168339268372,0.9388553725745964,6178,5758,0,True,0.0,-1,True,False,0.46640505785557723,1,True,CS_MAP
574702,1,person,a photo of a person,0.11241138360299854,all,,CS_OFFICIAL_SAM,0.14734480179506357,0.8863998724489796,0.25684485006518903,0.2954409118176365,0.22716789667896678,3334,985,1636,False,0.1290525158960672,4,True,False,0.034933418192065024,2,True,CS_MAP
574702,4,motorcycle,a photo of a motorcycle,0.5632561449608584,all,,CS_OFFICIAL_SAM,0.6116473616473617,0.9037786989795918,0.7590337392693153,0.8461110492934238,0.6882070775635805,8987,7604,399,True,0.035037290242386575,1,True,False,0.04839121668650326,2,True,CS_MAP
185599,55,orange,a photo of a orange,0.6873425896028414,all,,CS_OFFICIAL_SAM,0.6800987269420629,0.7546037946428571,0.8095937649805929,0.7560799491652707,0.871259777001165,34622,26177,7431,True,0.3593281053344951,53,True,False,-0.007243862660778588,2,True,CS_MAP
185599,53,apple,a photo of a apple,0.2482372571182518,all,,CS_OFFICIAL_SAM,0.4688972098079478,0.7371053890306123,0.6384343392813091,0.7793615739811283,0.5406685236768802,14943,11646,3070,True,0.29854235820464714,55,True,False,0.22065995268969602,2,True,CS_MAP
192699,1,person,a photo of a person,0.6558236715965423,all,,CS_OFFICIAL_SAM,0.5627583615182262,0.8144929846938775,0.7202116147649393,0.9858459512837393,0.5673422996779693,12152,11980,6,True,0.0005628819556127373,27,True,False,-0.09306531007831609,2,True,CS_MAP
192699,4,motorcycle,a photo of a motorcycle,0.17934915586004405,all,,CS_OFFICIAL_SAM,0.35907859078590787,0.9434390943877551,0.5284147557328016,0.5170731707317073,0.5402650356778798,3075,1590,735,True,0.03129129897258814,1,True,False,0.17972943492586382,1,True,CS_MAP
13201,41,skateboard,a photo of a skateboard,0.06979295214589332,all,,CS_OFFICIAL_SAM,0.2793725954424386,0.9514708227040817,0.43673374971084894,0.2856278366111952,0.9273084479371316,3305,944,212,True,0.07236510337871911,1,True,False,0.20957964329654527,1,True,CS_MAP
13201,1,person,a photo of a person,0.5850944803580308,all,,CS_OFFICIAL_SAM,0.8263510036026763,0.9663783482142857,0.904920250239531,0.9685124864277959,0.8491643748677808,8289,8028,198,True,0.059057806099226215,41,True,False,0.24125652324464553,2,True,CS_MAP
27982,81,sink,a photo of a sink,0.02841288598879926,all,,CS_OFFICIAL_SAM,0.12559580552907532,0.9268773915816326,0.2231632437010375,0.126378896882494,0.9529837251356239,4170,527,3635,False,0.5756136183689627,70,False,True,0.09718291954027605,1,True,CS_MAP
27982,70,toilet,a photo of a toilet,0.21848852297641952,all,,CS_OFFICIAL_SAM,0.5166089965397924,0.9443160076530612,0.6812685375313712,1.0,0.5166089965397924,2986,2986,0,True,0.0,-1,True,False,0.2981204735633729,1,True,CS_MAP
489339,42,surfboard,a photo of a surfboard,0.7070520402128918,all,,CS_OFFICIAL_SAM,0.944070796460177,0.9748086734693877,0.9712308812818645,0.9636856368563685,0.9788952101302991,22140,21336,47,True,0.005642087572401789,1,True,False,0.2370187562472852,2,True,CS_MAP
489339,1,person,a photo of a person,0.5953332175322795,all,,CS_OFFICIAL_SAM,0.8205442295913903,0.9591238839285714,0.9014274042389581,0.9936427209154481,0.8248746591608761,9438,9378,17,True,0.003179701300786896,42,True,False,0.22521101205911076,2,True,CS_MAP
135872,62,chair,a photo of a chair,0.17057305110996387,all,,CS_OFFICIAL_SAM,0.4168823698590739,0.9191844706632653,0.5884502182076525,0.44347560042833106,0.8742460796139928,6537,2899,578,True,0.04602747486191758,73,True,False,0.24630931874911002,2,True,CS_MAP
135872,76,keyboard,a photo of a keyboard,0.018488868557487038,all,,CS_OFFICIAL_SAM,0.0,0.9652822066326531,0.0,0.0,0.0,1227,0,817,False,0.6437054631828979,73,False,True,-0.018488868557487038,1,True,CS_MAP
357978,1,person,a photo of a person,0.5494404340874958,all,,CS_OFFICIAL_SAM,0.6749979378041738,0.9214764030612245,0.8059686792081159,0.976491646778043,0.6861479121247694,8380,8183,0,True,0.0034536541889483067,62,True,False,0.12555750371667806,2,True,CS_MAP
357978,62,chair,a photo of a chair,0.02663889012011879,all,,CS_OFFICIAL_SAM,0.0275049115913556,0.9802694515306123,0.05353728489483748,0.06682577565632458,0.044657097288676235,419,28,377,False,0.7845188284518828,63,False,True,0.0008660214712368115,1,True,CS_MAP
366711,55,orange,a photo of a orange,0.5968241042345277,all,,CS_OFFICIAL_SAM,0.3078971683243655,0.7462133290816326,0.4708277925531915,0.9169634185820654,0.3167281672816728,6178,5665,0,True,0.0,-1,True,False,-0.2889269359101622,2,True,CS_MAP
366711,1,person,a photo of a person,0.2572093945099594,all,,CS_OFFICIAL_SAM,0.7774675644605026,0.9729950573979592,0.8748036588746189,0.8435495367070563,0.9084628670120898,5612,4734,36,True,0.00444558433786441,55,True,False,0.5202581699505432,1,True,CS_MAP
185802,52,banana,a photo of a banana,0.3161801640899704,all,,CS_OFFICIAL_SAM,0.9042308953755329,0.9883609693877551,0.9497071994488461,0.9656742556917688,0.9342595730260929,5710,5514,7,True,0.0006720931969233067,62,True,False,0.5880507312855625,0,True,CS_MAP
185802,62,chair,a photo of a chair,0.4223588596981554,all,,CS_OFFICIAL_SAM,0.47101368643596303,0.9052535076530612,0.6403933434190621,0.7654611211573237,0.5504551365409623,5530,4233,1,True,0.00043756016452262185,52,True,False,0.04865482673780763,2,True,CS_MAP
126592,13,stop sign,a photo of a stop sign,0.22309784116765635,all,,CS_OFFICIAL_SAM,0.9651644336175396,0.9971500318877551,0.9822734597743895,0.9797230464886251,0.984837186179468,4044,3962,3,True,0.0003944773175542406,3,True,False,0.7420665924498833,1,True,CS_MAP
126592,3,car,a photo of a car,0.15551824688521693,all,,CS_OFFICIAL_SAM,0.4042963370972184,0.9568917410714286,0.5757991763090802,0.9563517915309446,0.4118967452300786,1535,1468,0,True,0.0,-1,True,False,0.24877809021200148,1,True,CS_MAP
433243,25,giraffe,a photo of a giraffe,0.38555538929622424,all,,CS_OFFICIAL_SAM,0.8172725317272532,0.9661391900510204,0.8994496064390128,0.8905425993202859,0.9085365853658537,8533,7599,22,True,0.002546789860222696,24,True,False,0.431717142431029,1,True,CS_MAP
433243,24,zebra,a photo of a zebra,0.4069164265129683,all,,CS_OFFICIAL_SAM,0.8615076088238763,0.9766023596938775,0.9256020278833967,0.9887625236934742,0.8700262091970455,7386,7303,18,True,0.003312523888393426,25,True,False,0.45459118231090806,1,True,CS_MAP
173371,59,pizza,a photo of a pizza,0.4288091995763353,all,,CS_OFFICIAL_SAM,0.7695829094608342,0.9368024553571429,0.8697901695889624,0.8947368421052632,0.8461968680089486,11837,10591,1142,True,0.24275339829929862,67,True,False,0.3407737098844989,2,True,CS_MAP
173371,47,cup,a photo of a cup,0.029635351030529698,all,,CS_OFFICIAL_SAM,0.00016485328058028355,0.6373764349489796,0.00032965221691115873,0.00017170329670329672,0.00411522633744856,17472,3,17221,False,0.35530251459455,67,False,False,-0.029470497749949413,2,True,CS_MAP
477288,28,umbrella,a photo of a umbrella,0.5169633198937948,all,,CS_OFFICIAL_SAM,0.5899536872105451,0.9541214923469388,0.7421017252968855,0.9658792650918635,0.602510460251046,3429,3312,12,True,0.0014619428287038477,1,True,False,0.07299036731675024,0,True,CS_MAP
477288,1,person,a photo of a person,0.35876411815812337,all,,CS_OFFICIAL_SAM,0.01052486187845304,0.2861328125,0.020830485771302042,0.04875863834143845,0.013244342475753467,7814,381,5,True,0.00037577032917480833,28,True,False,-0.34823925627967034,1,True,CS_MAP
39951,1,person,a photo of a person,0.15853582359922544,all,,CS_OFFICIAL_SAM,0.8137815126050421,0.9889588647959183,0.8973313565604151,0.8470958712386284,0.9539007092198581,2858,2421,346,True,0.11061381074168798,43,True,False,0.6552456890058166,1,True,CS_MAP
39951,43,tennis racket,a photo of a tennis racket,0.03206329377472413,all,,CS_OFFICIAL_SAM,0.8740279937791602,0.9983856823979592,0.9327800829875519,0.9541595925297114,0.9123376623376623,589,562,1,True,0.0003198976327575176,1,True,False,0.841964700004436,1,True,CS_MAP
6471,1,person,a photo of a person,0.4858996374737645,all,,CS_OFFICIAL_SAM,0.2554831476420713,0.7882453762755102,0.4069877769715912,0.9983570646221248,0.2555906063792499,3652,3646,0,True,0.036988110964332896,40,True,False,-0.23041648983169322,1,True,CS_MAP
6471,15,bench,a photo of a bench,0.031202046035805626,all,,CS_OFFICIAL_SAM,0.041401273885350316,0.7180524553571429,0.07951070336391437,0.04184358307081222,0.7966101694915254,14602,611,45,True,0.001596058429617293,1,True,False,0.01019922784954469,2,True,CS_MAP
189078,55,orange,a photo of a orange,0.2889721676340204,all,,CS_OFFICIAL_SAM,0.6397915930766513,0.9187061543367347,0.7803328127524368,0.696969696969697,0.8863469537558111,10395,7245,3,True,0.0016675931072818232,52,True,False,0.35081942544263095,2,True,CS_MAP
189078,53,apple,a photo of a apple,0.19533540648600622,all,,CS_OFFICIAL_SAM,0.44269521410579343,0.9294483418367347,0.6137058053251855,0.7074213836477987,0.5419155906725766,3975,2812,821,True,0.0724752824858757,55,True,False,0.2473598076197872,0,True,CS_MAP
189451,61,cake,a photo of a cake,0.5566648809233916,all,,CS_OFFICIAL_SAM,0.9200781313583463,0.9804288903061225,0.9583757205832486,0.9457876683677737,0.9713033765787439,11953,11305,321,True,0.023758419065946265,49,True,False,0.36341325043495465,1,True,CS_MAP
189451,49,knife,a photo of a knife,0.10291143119828379,all,,CS_OFFICIAL_SAM,0.8850515463917525,0.9955556441326531,0.9390210555099808,0.9656917885264342,0.9137839276210751,1778,1717,0,True,0.0,-1,True,False,0.7821401151934687,1,True,CS_MAP
172396,59,pizza,a photo of a pizza,0.7084644430459408,all,,CS_OFFICIAL_SAM,0.9321224352505886,0.9798907844387755,0.9648689112496083,0.9682062748934386,0.9615544760582928,14311,13856,455,True,0.2904017857142857,79,True,False,0.22365799220464777,1,True,CS_MAP
172396,79,oven,a photo of a oven,0.547604718343765,all,,CS_OFFICIAL_SAM,0.48222402597402597,0.4914700255102041,0.6506763046930617,1.0,0.48222402597402597,23764,23764,0,True,0.0018633703382935727,59,True,False,-0.06538069236973904,2,True,CS_MAP
116208,46,wine glass,a photo of a wine glass,0.09296013570822731,all,,CS_OFFICIAL_SAM,0.09966243369233242,0.8883729272959183,0.1812600497003362,0.12185534591194969,0.35367940673131776,5088,620,4395,False,0.6933310591847177,44,False,True,0.006702297984105113,2,True,CS_MAP
116208,47,cup,a photo of a cup,0.07706596592968466,all,,CS_OFFICIAL_SAM,0.10641668867177186,0.8651147959183674,0.19236276849642006,0.12394279563278487,0.4294086307938199,6503,806,5254,False,0.5598184818481848,44,False,True,0.029350722742087193,2,True,CS_MAP
467511,4,motorcycle,a photo of a motorcycle,0.7642387960422383,all,,CS_OFFICIAL_SAM,0.7689447835865424,0.8996731505102041,0.8693824597820446,0.882294080471877,0.8568432896890343,18988,16753,1710,True,0.0590478021273869,1,True,False,0.004705987544304069,2,True,CS_MAP
467511,1,person,a photo of a person,0.6707150281744078,all,,CS_OFFICIAL_SAM,0.5176178660049627,0.8643973214285714,0.6821451929365598,0.9948221828587,0.5190161370583636,7339,7301,4,True,0.0024230224409155297,4,True,False,-0.15309716216944502,2,True,CS_MAP
98839,72,tv,a photo of a tv,0.4013509426353463,all,,CS_OFFICIAL_SAM,0.2878021132747662,0.6493941326530612,0.4469663627790003,0.9672108843537415,0.29063777596075224,7350,7109,4,True,0.00021285653469561516,17,True,False,-0.11354882936058014,0,True,CS_MAP
98839,17,cat,a photo of a cat,0.8053346470546836,all,,CS_OFFICIAL_SAM,0.9441931905452684,0.9869658801020408,0.9712956460674157,0.97592167930852,0.9667132622750306,11338,11065,5,True,0.0003912363067292645,72,True,False,0.1388585434905848,0,True,CS_MAP
209142,56,broccoli,a photo of a broccoli,0.35091869726362274,all,,CS_OFFICIAL_SAM,0.43988539301546115,0.7935068558673469,0.611000563168763,0.4972500611097531,0.7922305520397235,16364,8137,8227,False,0.32699224682279593,51,True,False,0.08896669575183841,2,True,CS_MAP
209142,48,fork,a photo of a fork,0.09331526288515965,all,,CS_OFFICIAL_SAM,0.46812470916705445,0.9544403698979592,0.6377179080824089,0.8740225890529973,0.501996007984032,2302,2012,290,True,0.045999520422028616,51,True,False,0.37480944628189483,0,True,CS_MAP
64898,42,surfboard,a photo of a surfboard,0.013413685847589424,all,,CS_OFFICIAL_SAM,0.0,0.48808195153061223,0.0,0.0,0.0,25026,0,29,False,0.0010971964738375392,1,False,False,-0.013413685847589424,1,True,CS_MAP
64898,1,person,a photo of a person,0.06110187907452384,all,,CS_OFFICIAL_SAM,0.8578199052132701,0.9958147321428571,0.923469387755102,0.9671755725190839,0.8835425383542538,1310,1267,13,True,0.02072538860103627,42,True,False,0.7967180261387463,2,True,CS_MAP
201418,1,person,a photo of a person,0.32656084656084655,all,,CS_OFFICIAL_SAM,0.63143574717455,0.9649035395408163,0.7740859525336754,0.999337528983107,0.6317001675041876,3019,3017,0,True,0.00032754667540124465,31,True,False,0.3048749006137034,1,True,CS_MAP
201418,72,tv,a photo of a tv,0.043237351258061586,all,,CS_OFFICIAL_SAM,0.34867924528301886,0.9656010841836735,0.5170677112479015,0.35772357723577236,0.9323915237134208,2583,924,11,True,0.0014970059880239522,1,True,False,0.30544189402495725,1,True,CS_MAP
73946,42,surfboard,a photo of a surfboard,0.5915899657101606,all,,CS_OFFICIAL_SAM,0.9516417529066054,0.9849131058673469,0.9752217603351773,0.9825869006002242,0.967966211825861,15161,14897,134,True,0.02166504381694255,1,True,False,0.3600517871964447,2,True,CS_MAP
73946,1,person,a photo of a person,0.5987623179632059,all,,CS_OFFICIAL_SAM,0.37221201784308583,0.7139070471938775,0.5424992829142365,0.9710211066742727,0.37639306562886965,8765,8511,15,True,0.002448539176626826,42,True,False,-0.22655030012012006,2,True,CS_MAP
579970,72,tv,a photo of a tv,0.02640880630175722,all,,CS_OFFICIAL_SAM,0.0019134047671113055,0.6361407844387755,0.003819501282261145,0.0019875070982396364,0.04881450488145049,17610,35,1108,False,0.045065194632149995,62,False,False,-0.024495401534645914,2,True,CS_MAP
579970,63,couch,a photo of a couch,0.08364984212693909,all,,CS_OFFICIAL_SAM,0.1328888199720887,0.8885522959183674,0.2346016972351492,0.15675873422352296,0.4660141381185427,5467,857,1673,False,0.3432754138733069,62,False,False,0.04923897784514962,2,True,CS_MAP
61333,17,cat,a photo of a cat,0.9012729201394151,all,,CS_OFFICIAL_SAM,0.892511079396079,0.9714803890306123,0.9432030164715222,0.9048126713371916,0.9849954406034983,13132,11882,1179,True,0.04441441441441441,84,True,False,-0.00876184074333608,1,True,CS_MAP
61333,84,book,a photo of a book,0.8210300036589828,all,,CS_OFFICIAL_SAM,0.556786830972963,0.8078962053571429,0.7153025962134861,0.9917280917280917,0.5593846722409572,12210,12109,0,True,0.0003920031360250882,65,True,False,-0.2642431726860198,2,True,CS_MAP
409198,1,person,a photo of a person,0.4572581881355066,all,,CS_OFFICIAL_SAM,0.011584412684234033,0.29430404974489793,0.022903501752255858,0.015229357798165137,0.04616753810212482,27250,415,0,True,0.0,-1,True,False,-0.44567377545127257,2,True,CS_MAP
409198,34,frisbee,a photo of a frisbee,0.02845821325648415,all,,CS_OFFICIAL_SAM,0.9092159559834938,0.9986846301020408,0.952449567723343,0.9763663220088626,0.929676511954993,677,661,9,True,0.017473684210526315,1,True,False,0.8807577427270097,0,True,CS_MAP
211042,17,cat,a photo of a cat,0.3614979882389353,all,,CS_OFFICIAL_SAM,0.8939267886855241,0.9898357780612245,0.9439929716670328,0.9704222172047866,0.9189651485995296,4429,4298,16,True,0.006540309663641218,70,True,False,0.5324288004465888,1,True,CS_MAP
211042,70,toilet,a photo of a toilet,0.13192001481207183,all,,CS_OFFICIAL_SAM,0.14646227644819856,0.6737484056122449,0.2555030016372567,0.14881330790421698,0.9026349614395887,18876,2809,47,True,0.0026819923371647508,17,True,False,0.014542261636126735,2,True,CS_MAP
340894,1,person,a photo of a person,0.0703892109310304,all,,CS_OFFICIAL_SAM,0.184412265758092,0.9236686862244898,0.3113987774181949,0.19807868252516012,0.7277310924369748,4372,866,3506,False,0.2994110395836187,72,False,False,0.1140230548270616,1,True,CS_MAP
340894,76,keyboard,a photo of a keyboard,0.36418196051143775,all,,CS_OFFICIAL_SAM,0.6670207743153919,0.9437779017857143,0.8002549033491467,0.9917514917514918,0.6707418397626113,5698,5651,31,True,0.10985298717547701,73,True,False,0.3028388138039541,1,True,CS_MAP
502136,64,potted plant,a photo of a potted plant,0.18150019432568987,all,,CS_OFFICIAL_SAM,0.041822517299420235,0.18313536352040816,0.08028722091327274,0.04189989929034827,0.9577087794432548,42697,1789,23,True,0.010734331150608045,86,True,False,-0.13967767702626963,2,True,CS_MAP
502136,86,vase,a photo of a vase,0.045617408022371755,all,,CS_OFFICIAL_SAM,0.0170524285463791,0.5531130420918368,0.03353303736907892,0.017152431765069007,0.7452107279693486,22679,389,1303,False,0.07356221298928493,64,False,False,-0.028564979475992656,2,True,CS_MAP
91495,1,person,a photo of a person,0.303452058551301,all,,CS_OFFICIAL_SAM,0.03928227482386335,0.6222496811224489,0.07559500585251658,0.21979580260918888,0.04564730828130522,3526,775,0,True,0.010018639328984157,40,True,False,-0.2641697837274376,0,True,CS_MAP
91495,40,baseball glove,a photo of a baseball glove,0.02868939987185876,all,,CS_OFFICIAL_SAM,0.05065590312815338,0.71875,0.09642719938532462,0.05084745762711865,0.930778739184178,14809,753,13870,False,0.8518496941450626,1,False,True,0.02196650325629462,2,True,CS_MAP
12576,47,cup,a photo of a cup,0.2831372041898358,all,,CS_OFFICIAL_SAM,0.5355475763016158,0.9484414859693877,0.6975330293464281,0.9940019993335555,0.5372838616714697,3001,2983,16,True,0.07031305208112501,67,True,False,0.25241037211177997,0,True,CS_MAP
12576,67,dining table,a photo of a dining table,0.43064633260711693,all,,CS_OFFICIAL_SAM,0.09505873490430565,0.23387675382653061,0.17361394758905346,0.9897058823529412,0.0951528147607041,4080,4038,0,True,0.0122279792746114,48,True,False,-0.33558759770281127,1,True,CS_MAP
331280,19,horse,a photo of a horse,0.5709461329790179,all,,CS_OFFICIAL_SAM,0.8404897245299519,0.9636479591836735,0.9133326998004372,0.9669014084507043,0.8653880785161174,9940,9611,178,True,0.012690065165199497,1,True,False,0.269543591550934,1,True,CS_MAP
331280,1,person,a photo of a person,0.23913989727518065,all,,CS_OFFICIAL_SAM,0.0003715814506539834,0.7319236288265306,0.0007428868583314761,0.0008795074758135445,0.0006430041152263374,5685,5,0,True,0.0,-1,True,False,-0.23876831582452665,1,True,CS_MAP
140556,11,fire hydrant,a photo of a fire hydrant,0.17856248434760832,all,,CS_OFFICIAL_SAM,0.5423111919927207,0.9498764349489796,0.7032448377581121,0.6122868296692008,0.8259423503325942,4867,2980,29,True,0.001459446031548876,1,True,False,0.36374870764511236,1,True,CS_MAP
140556,1,person,a photo of a person,0.7449039978958443,all,,CS_OFFICIAL_SAM,0.49729876660663924,0.7051379145408163,0.6642612385685434,0.877300245759156,0.5344726847794332,16683,14636,1426,True,0.07587486744432662,11,True,False,-0.24760523128920503,2,True,CS_MAP
397351,57,carrot,a photo of a carrot,0.2819026009496197,all,,CS_OFFICIAL_SAM,0.4303838859459813,0.8264110331632653,0.601773957571324,0.4437626432906271,0.9345356432831582,14830,6581,834,True,0.03863980325387817,1,True,False,0.1484812849963616,2,True,CS_MAP
397351,1,person,a photo of a person,0.2792323282458535,all,,CS_OFFICIAL_SAM,0.912819082159297,0.9875438456632653,0.9544228104718151,0.994226678821027,0.9176833543682513,6582,6544,1,True,0.001000450202591166,3,True,False,0.6335867539134434,2,True,CS_MAP
80932,62,chair,a photo of a chair,0.05986965088667711,all,,CS_OFFICIAL_SAM,0.56146408839779,0.9873445471938775,0.7191508182220256,0.7713472485768501,0.6735708367854184,1054,813,92,True,0.010129635212541453,1,True,False,0.501594437511113,0,True,CS_MAP
80932,48,fork,a photo of a fork,0.02343199436222692,all,,CS_OFFICIAL_SAM,0.01033400996493818,0.8931162308673469,0.02045662100456621,0.011584609019445594,0.0873634945397816,4834,56,4704,False,0.3094517322569795,67,False,False,-0.01309798439728874,0,True,CS_MAP
50828,33,suitcase,a photo of a suitcase,0.026266488243165742,all,,CS_OFFICIAL_SAM,0.9316353887399463,0.9989835778061225,0.9646079111727967,0.9802538787023978,0.9494535519125683,709,695,0,True,0.051056338028169015,62,True,False,0.9053689004967806,1,True,CS_MAP
50828,65,bed,a photo of a bed,0.8659476824231299,all,,CS_OFFICIAL_SAM,0.4549685470260318,0.7876076211734694,0.6253998383071461,0.9810322011468902,0.4590062432279036,9068,8896,49,True,0.005025125628140704,33,True,False,-0.4109791353970981,1,True,CS_MAP
435205,88,teddy bear,a photo of a teddy bear,0.6597899474868717,all,,CS_OFFICIAL_SAM,0.9161016949152543,0.9881616709183674,0.9562140645731977,0.9932618683001532,0.9218305855599772,6530,6486,4,True,0.007077732176648399,1,True,False,0.2563117474283826,1,True,CS_MAP
435205,1,person,a photo of a person,0.3988895656655578,all,,CS_OFFICIAL_SAM,0.0209294899706813,0.3278061224489796,0.04100085299971567,1.0,0.0209294899706813,721,721,0,True,0.0,-1,True,False,-0.3779600756948765,1,True,CS_MAP
491464,39,baseball bat,a photo of a baseball bat,0.049378511833815766,all,,CS_OFFICIAL_SAM,0.0,0.7352718431122449,0.0,0.0,0.0,12249,0,43,False,0.0021033065936216003,1,False,False,-0.049378511833815766,2,True,CS_MAP
491464,1,person,a photo of a person,0.2609784283513097,all,,CS_OFFICIAL_SAM,0.2994671833373698,0.8847058354591837,0.4609076507315255,0.9919775371038909,0.3001942218985191,2493,2473,0,True,0.0002836074872376631,39,True,False,0.038488754986060136,1,True,CS_MAP
412894,1,person,a photo of a person,0.21217442200760903,all,,CS_OFFICIAL_SAM,0.24389920424403183,0.8863799426020408,0.3921526815225504,0.44581818181818184,0.35001903311762467,4125,1839,1291,True,0.2738396624472574,10,False,False,0.031724782236422805,2,True,CS_MAP
412894,10,traffic light,a photo of a traffic light,0.12258935458986886,all,,CS_OFFICIAL_SAM,0.8050182958703607,0.9925661670918368,0.8919779901534897,1.0,0.8050182958703607,1540,1540,0,True,0.001474056603773585,1,True,False,0.6824289412804918,1,True,CS_MAP
481573,41,skateboard,a photo of a skateboard,0.5790014448547118,all,,CS_OFFICIAL_SAM,0.7511219761374831,0.8640585140306123,0.8578751067864063,0.7966409968654464,0.9293066088840737,25841,20586,5059,True,0.18949532710280373,1,True,False,0.17212053128277127,2,True,CS_MAP
481573,1,person,a photo of a person,0.4189870642402982,all,,CS_OFFICIAL_SAM,0.8135703800358832,0.9772201849489796,0.8972029858800252,0.9702392530636063,0.8343927735028438,5141,4988,1,True,0.00029320139270661537,41,True,False,0.39458331579558503,2,True,CS_MAP
58029,70,toilet,a photo of a toilet,0.04817968546355027,all,,CS_OFFICIAL_SAM,0.34797297297297297,0.976921237244898,0.5162907268170426,0.4908657664813344,0.5444933920704845,1259,618,1,True,0.0003418803418803419,81,True,False,0.2997932875094227,0,True,CS_MAP
58029,81,sink,a photo of a sink,0.07832207473191932,all,,CS_OFFICIAL_SAM,0.4639321074964639,0.9622329400510204,0.633816425120773,0.467502850627138,0.9838032393521295,3508,1640,301,True,0.06932289267618609,70,True,False,0.3856100327645446,1,True,CS_MAP
329614,3,car,a photo of a car,0.1151332327802916,all,,CS_OFFICIAL_SAM,0.7147335423197492,0.9891183035714286,0.8336380255941499,0.9539748953974896,0.7402597402597403,1434,1368,32,True,0.012899758129535071,6,True,False,0.5996003095394575,0,True,CS_MAP
329614,6,bus,a photo of a bus,0.1341260267677638,all,,CS_OFFICIAL_SAM,0.8604353393085787,0.9934829400510204,0.9249827942188575,0.9960474308300395,0.8633832976445396,2024,2016,6,True,0.0015519917227108122,3,True,False,0.7263093125408149,2,True,CS_MAP
355257,1,person,a photo of a person,0.13391655450874831,all,,CS_OFFICIAL_SAM,0.07971556886227545,0.9509925063775511,0.14766031195840554,0.9424778761061947,0.080105302745393,226,213,13,True,0.02261356814088453,65,True,False,-0.05420098564647287,0,True,CS_MAP
355257,65,bed,a photo of a bed,0.4343919580108531,all,,CS_OFFICIAL_SAM,0.28572855288125437,0.8574617346938775,0.4444617057635544,0.9934027777777777,0.2862717630578347,2880,2861,0,True,0.3622725036891294,1,False,False,-0.14866340512959875,2,True,CS_MAP
308466,70,toilet,a photo of a toilet,0.09137577002053388,all,,CS_OFFICIAL_SAM,0.0031378701706216905,0.29087611607142855,0.0062561094819159335,0.003337604672646542,0.0498220640569395,33557,112,335,False,0.009742053683077907,81,False,False,-0.08823789984991219,2,True,CS_MAP
308466,81,sink,a photo of a sink,0.058276224300935424,all,,CS_OFFICIAL_SAM,0.06457162518637459,0.6749043367346939,0.12131006248653307,0.06471636300936835,0.9665236051502146,17399,1126,1024,True,0.05498577028405735,70,True,False,0.006295400885439166,2,True,CS_MAP
6614,55,orange,a photo of a orange,0.3707021092169893,all,,CS_OFFICIAL_SAM,0.964937218668562,0.9941007653061225,0.9821557752592235,0.9891924711596842,0.9752184843768705,8235,8146,72,True,0.5506320602474448,53,True,False,0.5942351094515727,0,True,CS_MAP
6614,53,apple,a photo of a apple,0.5361940785183253,all,,CS_OFFICIAL_SAM,0.7513267153649248,0.9206194196428571,0.8580086271434173,0.9099432892249527,0.8116821799541346,13225,12034,24,True,0.6044315562495353,55,True,False,0.21513263684659945,0,True,CS_MAP
565563,3,car,a photo of a car,0.16552596339830383,all,,CS_OFFICIAL_SAM,0.6971569839307787,0.9853515625,0.8215586307356154,0.8942917547568711,0.7597665020206555,1892,1692,0,True,0.0,-1,True,False,0.5316310205324749,2,True,CS_MAP
565563,65,bed,a photo of a bed,0.03287790067230536,all,,CS_OFFICIAL_SAM,0.9245773732119635,0.9988440688775511,0.9608108108108108,0.9847645429362881,0.9379947229551451,722,711,0,True,0.0,-1,True,False,0.8916994725396582,1,True,CS_MAP
72281,41,skateboard,a photo of a skateboard,0.11170744540910287,all,,CS_OFFICIAL_SAM,0.8759092854086435,0.9942203443877551,0.9338503649635036,0.9053516143299425,0.9642016015073009,2261,2047,54,True,0.004290336193557462,1,True,False,0.7642018399995407,0,True,CS_MAP
72281,1,person,a photo of a person,0.5843631529712964,all,,CS_OFFICIAL_SAM,0.8986568986568987,0.9751873405612245,0.9466237942122186,0.9763863093658796,0.9186220668996505,11307,11040,16,True,0.0011927836588638736,41,True,False,0.3142937456856023,2,True,CS_MAP
187362,42,surfboard,a photo of a surfboard,0.019581772029493533,all,,CS_OFFICIAL_SAM,0.07105355267763389,0.9471061862244898,0.1326797385620915,0.08437240232751454,0.3103975535168196,2406,203,2128,False,0.7850467289719626,1,False,True,0.051471780648140356,2,True,CS_MAP
187362,1,person,a photo of a person,0.20214782059380923,all,,CS_OFFICIAL_SAM,0.8046020369671822,0.9896763392857143,0.8917224080267558,0.9590827338129496,0.833203125,2224,2133,22,True,0.02492877492877493,42,True,False,0.602454216373373,0,True,CS_MAP
60347,15,bench,a photo of a bench,0.4026735910752068,all,,CS_OFFICIAL_SAM,0.5556567266105167,0.9610969387755102,0.7143693298214808,0.9938925081433225,0.557560529922339,2456,2441,1,True,0.002091175240485153,1,True,False,0.1529831355353099,2,True,CS_MAP
60347,1,person,a photo of a person,0.5338779793134463,all,,CS_OFFICIAL_SAM,0.8839690584155775,0.9826610331632653,0.9384114398980603,0.9471277507859388,0.9298540965207632,6998,6628,23,True,0.004325946852652953,15,True,False,0.3500910791021312,2,True,CS_MAP
489091,81,sink,a photo of a sink,0.07922503183554666,all,,CS_OFFICIAL_SAM,0.15489891135303266,0.8375518176020408,0.26824670078103957,0.15934300341296928,0.8474191718661372,9376,1494,0,True,0.0,-1,True,False,0.075673879517486,1,True,CS_MAP
489091,70,toilet,a photo of a toilet,0.10521774147155266,all,,CS_OFFICIAL_SAM,0.08514866058286724,0.7522520727040817,0.15693455408613088,0.09038356378407937,0.595164609053498,12801,1157,1735,False,0.13524047080832488,81,False,False,-0.02006908088868542,2,True,CS_MAP
319617,67,dining table,a photo of a dining table,0.5254464643228958,all,,CS_OFFICIAL_SAM,0.4894820540692876,0.4945591517857143,0.657251361615288,0.9798517085751128,0.4944587917115725,24816,24316,0,True,0.0005804717096419406,58,True,False,-0.03596441025360819,2,True,CS_MAP
319617,58,hot dog,a photo of a hot dog,0.7010336602173337,all,,CS_OFFICIAL_SAM,0.9332504661280299,0.9892976721938775,0.965472899119141,0.9855605145707534,0.9461877756773787,7618,7508,110,True,0.1549098155641865,67,True,False,0.23221680591069616,1,True,CS_MAP
488075,62,chair,a photo of a chair,0.3742580973376293,all,,CS_OFFICIAL_SAM,0.7615934627170582,0.9767418686224489,0.8646642699756465,0.8857210738892849,0.8445854100589035,4209,3728,185,True,0.039511023793931455,51,True,False,0.38733536537942886,2,True,CS_MAP
488075,82,refrigerator,a photo of a refrigerator,0.03809559206125028,all,,CS_OFFICIAL_SAM,0.0,0.7846181441326531,0.0,0.0,0.0,9782,0,66,False,0.005190810343170239,78,False,False,-0.03809559206125028,2,True,CS_MAP
231879,62,chair,a photo of a chair,0.13938253988844207,all,,CS_OFFICIAL_SAM,0.4685374149659864,0.9750876913265306,0.6381007527504343,0.8522815158546017,0.5099490976399815,1293,1102,0,True,0.0,-1,True,False,0.3291548750775443,0,True,CS_MAP
231879,1,person,a photo of a person,0.6077411900635471,all,,CS_OFFICIAL_SAM,0.746357992629418,0.7956194196428571,0.8547594431147053,0.9450377376217469,0.7802254628193195,31931,30176,8,True,0.0005576262730020838,62,True,False,0.13861680256587094,2,True,CS_MAP
249550,65,bed,a photo of a bed,0.5433759769802077,all,,CS_OFFICIAL_SAM,0.6819213313161876,0.8156289859693877,0.8108837418484371,0.7161737623226087,0.9344609875612514,27693,19833,1050,True,0.03636615523153119,64,True,False,0.13854535433597992,2,True,CS_MAP
249550,64,potted plant,a photo of a potted plant,0.13107224871930753,all,,CS_OFFICIAL_SAM,0.6017857142857143,0.9822225765306123,0.7513935340022296,0.9926362297496318,0.6044843049327354,1358,1348,0,True,0.0,-1,True,False,0.4707134655664067,0,True,CS_MAP
376322,46,wine glass,a photo of a wine glass,0.05960568546538285,all,,CS_OFFICIAL_SAM,0.19129834254143646,0.9299864477040817,0.32115942028985506,0.2090566037735849,0.6925,3975,831,3124,False,0.20189307260245476,67,False,False,0.1316926570760536,2,True,CS_MAP
376322,44,bottle,a photo of a bottle,0.04254427328932202,all,,CS_OFFICIAL_SAM,0.1464383980434118,0.9443558673469388,0.2554666666666667,0.16309159005788218,0.5891758917589176,2937,479,2387,False,0.28336620644312954,47,False,False,0.10389412475408978,2,True,CS_MAP
290081,55,orange,a photo of a orange,0.7212010715880339,all,,CS_OFFICIAL_SAM,0.7275744973100843,0.8577008928571429,0.8423075224170679,0.9962384410427877,0.7295787580824119,19141,19069,0,True,0.013630690402680156,51,True,False,0.006373425722050352,2,True,CS_MAP
290081,51,bowl,a photo of a bowl,0.6378885630498534,all,,CS_OFFICIAL_SAM,0.4107561057209769,0.8595942283163265,0.5823205074998518,0.954148047406256,0.4190273037542662,5147,4911,79,True,0.027963066408175336,55,True,False,-0.2271324573288765,1,True,CS_MAP
458755,1,person,a photo of a person,0.8017083376560501,all,,CS_OFFICIAL_SAM,0.8737370012537797,0.9317602040816326,0.9326143430685665,0.9790504524606422,0.8903836759234903,24201,23694,61,True,0.061848958333333336,20,True,False,0.07202866359772964,2,True,CS_MAP
458755,20,sheep,a photo of a sheep,0.7257636826474332,all,,CS_OFFICIAL_SAM,0.7691989113714354,0.9222536670918368,0.8695448617195599,0.9753920024007803,0.7844213828888621,13329,13001,33,True,0.003366326684419434,1,True,False,0.043435228724002184,2,True,CS_MAP
180135,41,skateboard,a photo of a skateboard,0.15328713061892385,all,,CS_OFFICIAL_SAM,0.7205797101449275,0.9807876275510204,0.8376010781671159,0.9059766763848397,0.7788220551378446,2744,2486,27,True,0.001104405790241786,1,True,False,0.5672925795260036,2,True,CS_MAP
180135,1,person,a photo of a person,0.404035195152609,all,,CS_OFFICIAL_SAM,0.24667483374168708,0.6568478954081632,0.3957324348985751,0.9626088441181492,0.24906127136988115,5857,5638,18,True,0.0019931347580555863,41,True,False,-0.1573603614109219,1,True,CS_MAP
560911,33,suitcase,a photo of a suitcase,0.6714815691846239,all,,CS_OFFICIAL_SAM,0.647052460789616,0.9349689094387755,0.7857095947987128,0.9749022164276402,0.6580134198658013,6136,5982,8,True,0.018179375811579277,1,True,False,-0.024429108395007892,2,True,CS_MAP
560911,1,person,a photo of a person,0.7912580275800268,all,,CS_OFFICIAL_SAM,0.834197199880846,0.9445352359693877,0.9096047032838536,0.9871686407219402,0.8433415647774498,14184,14002,21,True,0.008452732923963308,63,True,False,0.04293917230081912,1,True,CS_MAP
460494,48,fork,a photo of a fork,0.04589625439116748,all,,CS_OFFICIAL_SAM,0.07023745997865528,0.7221978635204082,0.1312558429417264,0.0715547703180212,0.7923250564334086,14716,1053,13663,False,0.3080289193302892,67,False,False,0.024341205587487806,2,True,CS_MAP
460494,57,carrot,a photo of a carrot,0.10182512110388021,all,,CS_OFFICIAL_SAM,0.21788916495624933,0.8557079081632653,0.3578144403051268,0.2194060698357446,0.9692455550216242,9193,2017,7176,False,0.3558246828143022,56,False,False,0.11606404385236911,2,True,CS_MAP
67616,62,chair,a photo of a chair,0.043933833306739,all,,CS_OFFICIAL_SAM,0.09080962800875274,0.9834382971938775,0.16649949849548645,0.4853801169590643,0.10048426150121065,171,83,0,True,0.004016064257028112,67,True,False,0.04687579470201374,1,True,CS_MAP
67616,67,dining table,a photo of a dining table,0.03605679412131025,all,,CS_OFFICIAL_SAM,0.6060606060606061,0.9953364158163265,0.7547169811320755,0.96,0.6217616580310881,375,360,1,True,0.0016680567139282735,62,True,False,0.5700038119392958,1,True,CS_MAP
256868,1,person,a photo of a person,0.28395600135678634,all,,CS_OFFICIAL_SAM,0.6433295692853687,0.9559351084183674,0.7829586728182978,0.9407879216796414,0.6704774714189644,4239,3988,7,True,0.0015614543832255187,41,True,False,0.3593735679285823,2,True,CS_MAP
256868,15,bench,a photo of a bench,0.08155281372253988,all,,CS_OFFICIAL_SAM,0.06607160182400311,0.8081552933673469,0.1239534037131416,0.07296689167470267,0.4114803625377644,9333,681,86,True,0.0067861378310712876,1,True,False,-0.015481211898536767,2,True,CS_MAP
101420,63,couch,a photo of a couch,0.8405252670434129,all,,CS_OFFICIAL_SAM,0.2285572304124565,0.5359135841836735,0.3720742099018445,0.9000652315720808,0.23450831095550495,7665,6899,0,True,0.00028208744710860365,17,True,False,-0.6119680366309563,1,True,CS_MAP
101420,17,cat,a photo of a cat,0.3084664868229923,all,,CS_OFFICIAL_SAM,0.9036891936010447,0.9941206951530612,0.9494083347624764,0.9685094471658502,0.93104608139926,2858,2768,3,True,0.0013339951603896507,63,True,False,0.5952227067780524,1,True,CS_MAP
465675,8,truck,a photo of a truck,0.26857768851561076,all,,CS_OFFICIAL_SAM,0.9122983870967742,0.9947983099489796,0.9541381128096995,0.9876318661331394,0.9228416043507818,2749,2715,0,True,0.0,-1,True,False,0.6437206985811634,1,True,CS_MAP
465675,9,boat,a photo of a boat,0.25825685000334964,all,,CS_OFFICIAL_SAM,0.6825720847154887,0.9752072704081632,0.8113436457385502,0.988909426987061,0.6878374903574184,2705,2675,0,True,0.0005315379163713678,8,True,False,0.42431523471213906,1,True,CS_MAP
139872,18,dog,a photo of a dog,0.7136531900994411,all,,CS_OFFICIAL_SAM,0.9032870416625037,0.9807079081632653,0.9491863517060367,0.9825038035209737,0.9180544272948822,9202,9041,1,True,8.158603247124092e-05,34,True,False,0.18963385156306267,2,True,CS_MAP
139872,34,frisbee,a photo of a frisbee,0.16320036367769064,all,,CS_OFFICIAL_SAM,0.9637017658600392,0.9977877869897959,0.9815154038301416,0.9993218040013564,0.9643324607329843,2949,2947,0,True,0.0,-1,True,False,0.8005014021823486,1,True,CS_MAP
546823,19,horse,a photo of a horse,0.0971883425343433,all,,CS_OFFICIAL_SAM,0.49555837563451777,0.9841557716836735,0.6627068307170132,0.9387019230769231,0.5121311475409837,832,781,0,True,0.0,-1,True,False,0.3983700331001745,1,True,CS_MAP
546823,1,person,a photo of a person,0.11536638952311205,all,,CS_OFFICIAL_SAM,0.11091287540886113,0.8808195153061225,0.19967880085653106,0.15600167294019238,0.27732342007434946,4782,746,1475,False,0.2743988684582744,19,False,False,-0.00445351411425092,2,True,CS_MAP
190637,65,bed,a photo of a bed,0.5892434564359985,all,,CS_OFFICIAL_SAM,0.6539360564161484,0.8259127869897959,0.7907634081490885,0.6976921126046157,0.9124882525291613,23658,16506,1,True,0.0009140446475654772,1,True,False,0.06469259998014987,2,True,CS_MAP
190637,75,remote,a photo of a remote,0.03251825437255901,all,,CS_OFFICIAL_SAM,0.0001749475157452764,0.886100924744898,0.00034983382893125764,0.0002098635886673662,0.0010504201680672268,4765,1,4387,False,0.23675523567292603,65,False,False,-0.03234330685681373,1,True,CS_MAP
550691,3,car,a photo of a car,0.0419838056680162,all,,CS_OFFICIAL_SAM,0.838475499092559,0.996452487244898,0.912142152023692,0.9342770475227502,0.8910318225650916,989,924,20,True,0.002606695629951444,6,True,False,0.7964916934245428,2,True,CS_MAP
550691,6,bus,a photo of a bus,0.6258899405310328,all,,CS_OFFICIAL_SAM,0.5862302248126561,0.8415377869897959,0.7391489780519012,0.9503121309262696,0.6047672733129328,11854,11265,505,True,0.0416969696969697,3,True,False,-0.039659715718376676,1,True,CS_MAP
273711,55,orange,a photo of a orange,0.034927157265595817,all,,CS_OFFICIAL_SAM,0.15186915887850466,0.971061862244898,0.26369168356997974,0.1846590909090909,0.46099290780141844,1408,260,1148,False,0.09730113636363637,57,True,False,0.11694200161290885,2,True,CS_MAP
273711,47,cup,a photo of a cup,0.030819908848878662,all,,CS_OFFICIAL_SAM,0.00019036740909956216,0.8953284438775511,0.00038066235249333843,0.0002260397830018083,0.0012048192771084338,4424,1,4397,False,0.14151234567901236,51,False,False,-0.0306295414397791,1,True,CS_MAP
570756,1,person,a photo of a person,0.0623301964798992,all,,CS_OFFICIAL_SAM,0.0050555486206466105,0.6822983099489796,0.010060237222877725,0.0057227638830012716,0.04155977424320164,14154,81,37,True,0.0023556376138027632,38,True,False,-0.05727464785925259,2,True,CS_MAP
570756,38,kite,a photo of a kite,0.0912031421475192,all,,CS_OFFICIAL_SAM,0.028964495134995813,0.3993343431122449,0.056298337351661086,0.02962401555343197,0.5654088050314465,30347,899,2,True,0.000309731772285201,1,True,False,-0.06223864701252339,1,True,CS_MAP
25394,46,wine glass,a photo of a wine glass,0.0578523140925637,all,,CS_OFFICIAL_SAM,0.03488239972730372,0.8307158801020408,0.06741326306543698,0.03949569020970024,0.2299625468164794,7773,307,607,False,0.04512651073819668,44,False,False,-0.022969914365259983,2,True,CS_MAP
25394,44,bottle,a photo of a bottle,0.14832804785034723,all,,CS_OFFICIAL_SAM,0.016786570743405275,0.7957190688775511,0.0330188679245283,0.027546041240358886,0.041205556863668474,6353,175,28,True,0.0012998468037695558,1,True,False,-0.13154147710694195,1,True,CS_MAP
358195,1,person,a photo of a person,0.39492604765817585,all,,CS_OFFICIAL_SAM,0.8528355284641341,0.9730548469387755,0.9205733756315356,0.9475148143669125,0.8951216725694048,8269,7835,3,True,0.0003332222592469177,41,True,False,0.4579094808059583,2,True,CS_MAP
358195,41,skateboard,a photo of a skateboard,0.04602510460251046,all,,CS_OFFICIAL_SAM,0.04236064311158178,0.8017578125,0.08127828576706382,0.04360753221010902,0.5970149253731343,10090,440,61,True,0.0073777064955894145,1,True,False,-0.0036644614909286805,2,True,CS_MAP
438907,41,skateboard,a photo of a skateboard,0.06582419813235892,all,,CS_OFFICIAL_SAM,0.6561728395061729,0.988899075255102,0.7923965710026091,0.766955266955267,0.8195836545875096,1386,1063,293,True,0.033451183029643734,1,True,False,0.5903486413738139,0,True,CS_MAP
438907,1,person,a photo of a person,0.44364433312460866,all,,CS_OFFICIAL_SAM,0.721332670313277,0.9441565688775511,0.838109544719205,0.9943789415958322,0.7242859996005592,7294,7253,0,True,0.0035042635206167503,41,True,False,0.2776883371886683,2,True,CS_MAP
267300,65,bed,a photo of a bed,0.2500257228109888,all,,CS_OFFICIAL_SAM,0.8404861374857577,0.9832589285714286,0.9133305819232357,0.9798538853221165,0.8552657004830918,4517,4426,80,True,0.005918327086210298,18,True,False,0.590460414674769,1,True,CS_MAP
267300,64,potted plant,a photo of a potted plant,0.23601232811759126,all,,CS_OFFICIAL_SAM,0.7467955925342927,0.9775589923469388,0.8550463439752832,0.9922318494173887,0.7511875141370731,3347,3321,4,True,0.004242281404666509,65,True,False,0.5107832644167014,2,True,CS_MAP
366611,37,sports ball,a photo of a sports ball,0.027148999680181942,all,,CS_OFFICIAL_SAM,0.967948717948718,0.9995017538265306,0.9837133550488599,0.9792477302204928,0.9882198952879581,771,755,4,True,0.007657945118059987,18,True,False,0.940799718268536,2,True,CS_MAP
366611,18,dog,a photo of a dog,0.2971023824855119,all,,CS_OFFICIAL_SAM,0.8445158698272398,0.9922871492346939,0.9157046395120889,0.9537205081669692,0.8806032677000419,2204,2102,0,True,0.0,-1,True,False,0.5474134873417279,1,True,CS_MAP
109976,78,microwave,a photo of a microwave,0.17897643593519882,all,,CS_OFFICIAL_SAM,0.2451764204242618,0.7177535076530612,0.3938019005222156,0.24895816420414568,0.9416581371545547,18477,4600,7407,False,0.38631695370516667,79,False,False,0.06619998448906297,2,True,CS_MAP
109976,79,oven,a photo of a oven,0.2441797509474824,all,,CS_OFFICIAL_SAM,0.37449814504243534,0.7547034438775511,0.5449234637284626,0.38378209468256863,0.9393244104525176,19201,7369,4670,True,0.235940065681445,78,True,False,0.13031839409495294,2,True,CS_MAP
378873,1,person,a photo of a person,0.19401135776974704,all,,CS_OFFICIAL_SAM,0.46029864896895,0.9546197385204082,0.6304171400746632,0.9130230371415139,0.4814080317302925,2127,1942,9,True,0.013535684987694831,31,True,False,0.26628729119920297,2,True,CS_MAP
378873,57,carrot,a photo of a carrot,0.02083496208271441,all,,CS_OFFICIAL_SAM,0.026652397696580545,0.6193399234693877,0.05192097686885734,0.026706837563192566,0.9289520426287744,19583,523,687,False,0.028122415219189414,1,False,False,0.005817435613866134,2,True,CS_MAP
362520,1,person,a photo of a person,0.6813627254509018,all,,CS_OFFICIAL_SAM,0.6722015459490409,0.9087213010204082,0.8039719226159904,0.9897776372642006,0.6769009009009009,9489,9392,0,True,0.0,-1,True,False,-0.009161179501860905,1,True,CS_MAP
362520,41,skateboard,a photo of a skateboard,0.41735717400785,all,,CS_OFFICIAL_SAM,0.7035142932074482,0.9098772321428571,0.8259564313755677,0.7839555782859647,0.8727124847498984,13687,10730,2869,True,0.12131814483319772,1,True,False,0.2861571191995982,2,True,CS_MAP
227044,81,sink,a photo of a sink,0.36956076793974374,all,,CS_OFFICIAL_SAM,0.540324449594438,0.8418765943877551,0.7015722560746257,0.5640498367001331,0.927775567051333,16534,9326,28,True,0.0016586804275709546,17,True,False,0.1707636816546943,2,True,CS_MAP
227044,17,cat,a photo of a cat,0.7508723292385642,all,,CS_OFFICIAL_SAM,0.9060725460655927,0.9676937181122449,0.9507219942240462,0.9297223378322136,0.9726922119930331,16819,15637,97,True,0.009884245339747444,81,True,False,0.15520021682702856,1,True,CS_MAP
125572,1,person,a photo of a person,0.11973261681630513,all,,CS_OFFICIAL_SAM,0.15378844711177794,0.9550382653061225,0.2665799739921977,0.3295819935691318,0.22379912663755458,1244,410,797,False,0.621580547112462,2,False,True,0.03405583029547281,1,True,CS_MAP
125572,2,bicycle,a photo of a bicycle,0.0812043795620438,all,,CS_OFFICIAL_SAM,0.8392461197339246,0.9971101721938775,0.9125979505726342,0.9843953185955787,0.8505617977528089,769,757,0,True,0.001926040061633282,1,True,False,0.7580417401718809,0,True,CS_MAP
277584,17,cat,a photo of a cat,0.20910455227613806,all,,CS_OFFICIAL_SAM,0.8229317851959361,0.9902742346938775,0.9028662420382165,0.9663400085215168,0.8472170339932761,2347,2268,79,True,0.09658833696859953,15,True,False,0.613827232919798,1,True,CS_MAP
277584,15,bench,a photo of a bench,0.6277013752455796,all,,CS_OFFICIAL_SAM,0.47907837893437566,0.7476682079081632,0.6478066149267017,0.9994849785407726,0.4791966747602782,11650,11644,0,True,6.980315510261064e-05,17,True,False,-0.1486229963112039,1,True,CS_MAP
440171,22,elephant,a photo of a elephant,0.8128417122282972,all,,CS_OFFICIAL_SAM,0.9035488711309627,0.9449139030612245,0.9493308890925756,0.9882070070986948,0.9133977705658247,26202,25893,199,True,0.007065005147868073,1,True,False,0.09070715890266556,1,True,CS_MAP
440171,1,person,a photo of a person,0.12559467174119887,all,,CS_OFFICIAL_SAM,0.6684943061999157,0.9843351403061225,0.801314459049545,0.8844866071428571,0.7324399260628466,1792,1585,104,True,0.003495921425004162,22,True,False,0.5428996344587168,1,True,CS_MAP
450399,51,bowl,a photo of a bowl,0.05204226462703044,all,,CS_OFFICIAL_SAM,0.0023734177215189874,0.9497369260204082,0.004735595895816891,0.005449591280653951,0.00418702023726448,1101,6,0,True,0.0,-1,True,False,-0.04966884690551145,2,True,CS_MAP
450399,60,donut,a photo of a donut,0.23290470494417864,all,,CS_OFFICIAL_SAM,0.06362754607177498,0.9037986288265306,0.11964253146087908,0.9791044776119403,0.06371406371406371,335,328,0,True,0.0,-1,True,False,-0.16927715887240366,0,True,CS_MAP
565778,1,person,a photo of a person,0.031095066185318893,all,,CS_OFFICIAL_SAM,0.4807121661721068,0.9930245535714286,0.6492985971943888,0.9204545454545454,0.5015479876160991,352,324,7,True,0.001411183630269889,7,True,False,0.44961709998678795,1,True,CS_MAP
565778,7,train,a photo of a train,0.6344970014694785,all,,CS_OFFICIAL_SAM,0.4144988222978278,0.7770647321428571,0.5860716400236826,0.7654905751570807,0.47478865639426826,10345,7919,140,True,0.01392988929889299,1,True,False,-0.2199981791716507,1,True,CS_MAP
366199,17,cat,a photo of a cat,0.1759730348511829,all,,CS_OFFICIAL_SAM,0.7976064765927491,0.9885403380102041,0.8874094380262385,0.9687900812312954,0.8186416184971098,2339,2266,8,True,0.004431181045396998,65,True,False,0.6216334417415662,1,True,CS_MAP
366199,65,bed,a photo of a bed,0.5264533798082908,all,,CS_OFFICIAL_SAM,0.8994311823946288,0.9570113201530612,0.9470531922727607,0.9246069785276073,0.9706163522012579,20864,19291,0,True,0.0025453928389614798,17,True,False,0.37297780258633806,1,True,CS_MAP
165039,3,car,a photo of a car,0.10462316889052108,all,,CS_OFFICIAL_SAM,0.7412503739156446,0.9827606823979592,0.851400103075073,0.7864170104728657,0.9280898876404494,3151,2478,625,True,0.028174085242360144,6,True,False,0.6366272050251236,1,True,CS_MAP
165039,10,traffic light,a photo of a traffic light,0.017823716122731342,all,,CS_OFFICIAL_SAM,0.0107981220657277,0.9580078125,0.021365536460752437,0.01399878271454656,0.045098039215686274,1643,23,0,True,0.0,-1,True,False,-0.007025594057003643,1,True,CS_MAP
297830,44,bottle,a photo of a bottle,0.05271695052716951,all,,CS_OFFICIAL_SAM,0.863265306122449,0.9973294005102041,0.9266155531215772,0.863265306122449,1.0,980,846,0,True,0.0,-1,True,False,0.8105483555952795,2,True,CS_MAP
297830,18,dog,a photo of a dog,0.6888284085018144,all,,CS_OFFICIAL_SAM,0.8833113166006165,0.9524673150510204,0.9380406827215337,0.9138952164009112,0.9634966378482228,19755,18054,8,True,0.0003884815228475696,44,True,False,0.1944829080988021,1,True,CS_MAP
261318,1,person,a photo of a person,0.47741817516913515,all,,CS_OFFICIAL_SAM,0.9080211335254563,0.984733737244898,0.9517935808684708,0.9933009326152633,0.9136160444605533,7613,7562,31,True,0.2091037450413501,62,True,False,0.4306029583563212,1,True,CS_MAP
261318,31,handbag,a photo of a handbag,0.08883067396999285,all,,CS_OFFICIAL_SAM,0.13944698627411975,0.8275669642857143,0.24476256983240224,0.1407065435568045,0.9396782841823056,9964,1402,8179,False,0.3705553164012053,33,False,False,0.0506163123041269,2,True,CS_MAP
308430,51,bowl,a photo of a bowl,0.24913313018808447,all,,CS_OFFICIAL_SAM,0.2051585480715821,0.3440688775510204,0.3404673159392409,0.7778591704056405,0.21792668222980427,10921,8495,2295,True,0.1970064724919094,79,True,False,-0.043974582116502375,1,True,CS_MAP
308430,57,carrot,a photo of a carrot,0.17982813206693804,all,,CS_OFFICIAL_SAM,0.17238369886924185,0.5653101084183674,0.29407385830339516,0.17327790067892287,0.9709339602479162,26218,4543,21674,False,0.6725411728490073,51,False,True,-0.007444433197696193,2,True,CS_MAP
384661,79,oven,a photo of a oven,0.5770240397899973,all,,CS_OFFICIAL_SAM,0.49254369300911854,0.7870495854591837,0.6600057275591052,0.9590345847974847,0.5031290932906418,10814,10371,0,True,0.011893139256235023,85,True,False,-0.08448034678087873,1,True,CS_MAP
384661,85,clock,a photo of a clock,0.023075713499488955,all,,CS_OFFICIAL_SAM,0.5935288169868554,0.9919882015306123,0.7449238578680203,0.5935288169868554,1.0,989,587,402,True,0.04797943045650803,79,True,False,0.5704531034873664,0,True,CS_MAP
180751,82,refrigerator,a photo of a refrigerator,0.057606405394016014,all,,CS_OFFICIAL_SAM,0.0028422548555187117,0.9580476721938775,0.005668398677373642,0.008356545961002786,0.004288777698355968,718,6,86,False,0.0038499379732215427,67,False,False,-0.0547641505384973,1,True,CS_MAP
180751,1,person,a photo of a person,0.5955394445809781,all,,CS_OFFICIAL_SAM,0.7172275238573581,0.9326769770408163,0.8353319684118163,0.7940685820203892,0.8811188811188811,10790,8568,2157,True,0.14117338920900996,44,True,False,0.12168807927638003,2,True,CS_MAP
479596,55,orange,a photo of a orange,0.6592455163883735,all,,CS_OFFICIAL_SAM,0.5865079777558339,0.841438137755102,0.7393697176177685,0.9970842905106909,0.5875156184922948,11318,11285,25,True,0.0017526289434151227,53,True,False,-0.07273753863253962,2,True,CS_MAP
479596,53,apple,a photo of a apple,0.24238364459687575,all,,CS_OFFICIAL_SAM,0.1263658391624377,0.6191605548469388,0.22437796809676502,0.7002786926779833,0.13359110681488642,3947,2764,1162,True,0.055282107373985964,55,True,False,-0.11601780543443804,1,True,CS_MAP
82986,1,person,a photo of a person,0.07451979615836926,all,,CS_OFFICIAL_SAM,0.31178063642518616,0.9594826211734694,0.47535483870967743,0.8260089686098655,0.33369565217391306,1115,921,0,True,0.0,-1,True,False,0.2372608402668169,1,True,CS_MAP
82986,31,handbag,a photo of a handbag,0.0012293035227229072,all,,CS_OFFICIAL_SAM,0.0,0.6680484693877551,0.0,0.0,0.0,15980,0,0,False,0.0,-1,False,False,-0.0012293035227229072,2,True,CS_MAP
223090,57,carrot,a photo of a carrot,0.12181809159926561,all,,CS_OFFICIAL_SAM,0.7222659323367427,0.9859295280612245,0.8387391502969392,0.9734888653234358,0.7367576243980738,1886,1836,0,True,0.0012123311395912711,49,True,False,0.6004478407374771,0,True,CS_MAP
223090,49,knife,a photo of a knife,0.2119018188239449,all,,CS_OFFICIAL_SAM,0.8709916132215096,0.9895766900510204,0.9310481212920237,0.9569105691056911,0.9065468549422336,3690,3531,1,True,0.00016178611875101117,57,True,False,0.6590897943975648,2,True,CS_MAP
38576,74,mouse,a photo of a mouse,0.028348995399677585,all,,CS_OFFICIAL_SAM,0.5548216644649934,0.9932836415816326,0.713678844519966,0.9292035398230089,0.5793103448275863,452,420,0,True,0.0,-1,True,False,0.5264726690653158,1,True,CS_MAP
38576,76,keyboard,a photo of a keyboard,0.4563809523809524,all,,CS_OFFICIAL_SAM,0.4484843097164192,0.8763552295918368,0.6192463483490855,1.0,0.4484843097164192,5045,5045,0,True,0.0,-1,True,False,-0.00789664266453316,1,True,CS_MAP
544519,1,person,a photo of a person,0.6871710852944097,all,,CS_OFFICIAL_SAM,0.3940242275189032,0.5384048150510204,0.5653047052420187,0.9884484116566028,0.39584702326192667,15236,15060,0,True,0.0014338258213328345,90,True,False,-0.29314685777550653,1,True,CS_MAP
544519,90,toothbrush,a photo of a toothbrush,0.07577560172050883,all,,CS_OFFICIAL_SAM,0.5233002291825821,0.9875637755102041,0.6870611835506519,0.5874785591766724,0.8272946859903382,1166,685,481,True,0.030647916940465238,1,True,False,0.4475246274620733,1,True,CS_MAP
220732,3,car,a photo of a car,0.03879832324173265,all,,CS_OFFICIAL_SAM,0.0005482456140350877,0.9273357780612245,0.001095890410958904,0.0007390983000739098,0.00211864406779661,2706,2,2692,False,0.10167013688920391,6,False,False,-0.03825007762769756,2,True,CS_MAP
220732,8,truck,a photo of a truck,0.19477271810591698,all,,CS_OFFICIAL_SAM,0.6563662007949738,0.9465880102040817,0.7925375445115342,0.776783004552352,0.808944374209861,6590,5119,1421,True,0.047660690861390465,6,True,False,0.46159348268905676,2,True,CS_MAP
233567,21,cow,a photo of a cow,0.27818903112347143,all,,CS_OFFICIAL_SAM,0.5351042215366092,0.8768734056122449,0.697156862745098,0.5508133230054222,0.9493991989319092,12910,7111,5526,True,0.6131333365906093,20,False,True,0.25691519041313776,1,True,CS_MAP
233567,20,sheep,a photo of a sheep,0.7601833820188251,all,,CS_OFFICIAL_SAM,0.7169031881804043,0.8839086415816326,0.8351119540294959,0.9691216083043164,0.7336615935541629,15221,14751,91,True,0.4639035709681578,21,True,False,-0.043280193838420744,2,True,CS_MAP
206487,3,car,a photo of a car,0.31529895330497537,all,,CS_OFFICIAL_SAM,0.49273033363942453,0.8678850446428571,0.6601732711334393,0.5220105391163357,0.8977969882877859,12335,6439,4927,True,0.17566307501036055,6,True,False,0.17743138033444916,2,True,CS_MAP
206487,1,person,a photo of a person,0.07663854370142555,all,,CS_OFFICIAL_SAM,0.6389444222311076,0.9820033482142857,0.7797023664308368,0.7182022471910112,0.8527214514407684,2225,1598,545,True,0.17804154302670624,4,True,False,0.5623058785296821,2,True,CS_MAP
277051,49,knife,a photo of a knife,0.13293623308860877,all,,CS_OFFICIAL_SAM,0.8208409506398537,0.98828125,0.9016064257028112,0.8698740716822732,0.9357415769364362,3097,2694,382,True,0.25807534189109826,67,True,False,0.6879047175512449,1,True,CS_MAP
277051,44,bottle,a photo of a bottle,0.29177023849512934,all,,CS_OFFICIAL_SAM,0.8990404672507301,0.9903539540816326,0.9468365553602812,0.9439334209373631,0.9497576024680476,4566,4310,58,True,0.013806552262090484,16,True,False,0.6072702287556007,2,True,CS_MAP
520871,44,bottle,a photo of a bottle,0.24641701340730468,all,,CS_OFFICIAL_SAM,0.9507085643869377,0.9968112244897959,0.9747315224257739,0.9951628506933248,0.9551222531723924,3101,3086,0,True,0.007585056494507915,67,True,False,0.704291550979633,2,True,CS_MAP
520871,47,cup,a photo of a cup,0.04048379735280694,all,,CS_OFFICIAL_SAM,0.0,0.9213767538265306,0.0,0.0,0.0,3058,0,3037,False,0.9338868388683886,44,False,True,-0.04048379735280694,2,True,CS_MAP
222094,8,truck,a photo of a truck,0.050335934113567404,all,,CS_OFFICIAL_SAM,0.0,0.9561941964285714,0.0,0.0,0.0,1185,0,1,False,0.00045454545454545455,3,False,False,-0.050335934113567404,1,True,CS_MAP
222094,13,stop sign,a photo of a stop sign,0.056417717426446815,all,,CS_OFFICIAL_SAM,0.9316546762589928,0.9984853316326531,0.9646182495344506,0.9409627611262489,0.9894937917860553,1101,1036,0,True,0.0,-1,True,False,0.8752369588325459,1,True,CS_MAP
388903,1,person,a photo of a person,0.617404185577408,all,,CS_OFFICIAL_SAM,0.6107369255150554,0.7650271045918368,0.7583323084491452,0.9280088295790899,0.6411118427893113,19933,18498,781,True,0.028334714167357083,53,True,False,-0.00666726006235252,2,True,CS_MAP
388903,53,apple,a photo of a apple,0.5101210350584308,all,,CS_OFFICIAL_SAM,0.6725024092515258,0.9593630420918368,0.8041870738499952,0.7582397681999276,0.856062154978532,5522,4187,1149,True,0.045523730455237305,31,True,False,0.16238137419309506,2,True,CS_MAP
471087,1,person,a photo of a person,0.8334142002264273,all,,CS_OFFICIAL_SAM,0.7761111303564624,0.8711933992346939,0.8739443350041934,1.0,0.7761111303564624,22404,22404,0,True,0.0753681392235609,32,True,False,-0.05730306986996492,2,True,CS_MAP
471087,32,tie,a photo of a tie,0.11006493506493506,all,,CS_OFFICIAL_SAM,0.05203608632806659,0.6209542410714286,0.09892452740796892,0.05378116628889347,0.6159292035398231,19412,1044,18362,False,0.6721158175458041,1,False,True,-0.05802884873686847,2,True,CS_MAP
326462,1,person,a photo of a person,0.14487941916888614,all,,CS_OFFICIAL_SAM,0.8290205562273277,0.9859095982142857,0.9065185772841465,0.9890363531448355,0.8367097876494997,3466,3428,0,True,0.0,-1,True,False,0.6841411370584416,1,True,CS_MAP
326462,60,donut,a photo of a donut,0.7230447028237164,all,,CS_OFFICIAL_SAM,0.619495427719048,0.8830715880102041,0.7650474550478555,0.6385453573099806,0.9540551338393928,14959,9552,500,True,0.026945462384134512,1,True,False,-0.10354927510466838,2,True,CS_MAP
183965,67,dining table,a photo of a dining table,0.48530551540669054,all,,CS_OFFICIAL_SAM,0.48579290925380775,0.5195910395408163,0.6539173881207736,0.9579354730156059,0.49638170800819564,23773,22773,0,True,0.0016817239626109742,51,True,False,0.00048739384711721234,2,True,CS_MAP
183965,47,cup,a photo of a cup,0.1961011484988918,all,,CS_OFFICIAL_SAM,0.9089784813257482,0.9926658163265306,0.9523192536926665,0.999727965179543,0.909203364670955,3676,3675,1,True,0.08012555037272767,67,True,False,0.7128773328268564,2,True,CS_MAP
277689,47,cup,a photo of a cup,0.29227039521903364,all,,CS_OFFICIAL_SAM,0.5156677443422034,0.9223732461734694,0.6804495856920174,0.5978950403690888,0.7894536455358843,6936,4147,2009,True,0.41820433436532506,46,True,False,0.22339734912316977,2,True,CS_MAP
277689,61,cake,a photo of a cake,0.6014149323442544,all,,CS_OFFICIAL_SAM,0.5178268251273345,0.8981186224489796,0.6823266219239373,0.9859913793103449,0.5216647662485747,5568,5490,10,True,0.0019444444444444444,47,True,False,-0.0835881072169199,1,True,CS_MAP
215114,44,bottle,a photo of a bottle,0.08563806136060471,all,,CS_OFFICIAL_SAM,0.7386210004506535,0.9884406887755102,0.8496630378434422,0.8576661433804291,0.8418079096045198,1911,1639,272,True,0.04748651939467734,82,True,False,0.6529829390900488,2,True,CS_MAP
215114,82,refrigerator,a photo of a refrigerator,0.5670294216786247,all,,CS_OFFICIAL_SAM,0.3438326638581366,0.4660794005102041,0.5117194619618708,0.9599945291663817,0.3488308525706334,14623,14038,0,True,0.007672363617122599,1,True,False,-0.2231967578204881,2,True,CS_MAP
501523,81,sink,a photo of a sink,0.7071161766114357,all,,CS_OFFICIAL_SAM,0.843982683982684,0.9461296237244898,0.915391116536764,0.9698215825429463,0.8667457024303498,15077,14622,172,True,0.02594772240904922,17,True,False,0.13686650737124828,1,True,CS_MAP
501523,44,bottle,a photo of a bottle,0.1113474809318736,all,,CS_OFFICIAL_SAM,0.44331855604813175,0.9474449936224489,0.614304519526108,0.4476657429119591,0.97856477166822,4691,2100,190,True,0.008796144668506995,81,True,False,0.3319710751162581,2,True,CS_MAP
468505,2,bicycle,a photo of a bicycle,0.03557480375855535,all,,CS_OFFICIAL_SAM,0.09867510381649199,0.8183195153061225,0.17962562994960404,0.09880209880209881,0.9871414441147379,10101,998,31,True,0.0019150294347116817,1,True,False,0.06310030005793663,2,True,CS_MAP
468505,47,cup,a photo of a cup,0.024573442136498515,all,,CS_OFFICIAL_SAM,0.4908256880733945,0.9933633609693877,0.6584615384615384,0.7379310344827587,0.5944444444444444,435,321,114,True,0.09437086092715231,58,True,False,0.46625224593689596,1,True,CS_MAP
78823,64,potted plant,a photo of a potted plant,0.10396257567418822,all,,CS_OFFICIAL_SAM,0.6820512820512821,0.9876434948979592,0.8109756097560976,0.9866468842729971,0.6884057971014492,1348,1330,0,True,0.0,-1,True,False,0.5780887063770939,1,True,CS_MAP
78823,18,dog,a photo of a dog,0.3589887011970019,all,,CS_OFFICIAL_SAM,0.8920238741182854,0.9920679209183674,0.9429308861485518,0.9853161522325442,0.9040417926862799,3337,3288,1,True,0.0003717625676401338,3,True,False,0.5330351729212836,1,True,CS_MAP
311928,39,baseball bat,a photo of a baseball bat,0.20171719313122746,all,,CS_OFFICIAL_SAM,0.841255605381166,0.9929448341836735,0.9137847053093034,0.8515660463004994,0.9858118759852864,2203,1876,0,True,0.0,-1,True,False,0.6395384122499385,1,True,CS_MAP
311928,1,person,a photo of a person,0.725116103928706,all,,CS_OFFICIAL_SAM,0.8508805367080887,0.9610172193877551,0.9194332317324326,0.8819438956934018,0.9602512260173793,12655,11161,1046,True,0.07741267021906453,39,True,False,0.12576443277938276,2,True,CS_MAP
167898,70,toilet,a photo of a toilet,0.20574376271018302,all,,CS_OFFICIAL_SAM,0.45450149888792185,0.8875757334183674,0.6249584469117745,0.46110075542038653,0.9694719471947195,10193,4700,2981,True,0.2852904584170734,81,True,False,0.24875773617773883,2,True,CS_MAP
167898,81,sink,a photo of a sink,0.2065994383456727,all,,CS_OFFICIAL_SAM,0.457438591070601,0.9300063775510204,0.6277294890820436,0.4778118444408585,0.9147358665430955,6197,2961,698,True,0.06745916690828259,70,True,False,0.2508391527249283,1,True,CS_MAP
456303,1,person,a photo of a person,0.4040847699571758,all,,CS_OFFICIAL_SAM,0.6280261723009815,0.9320192920918368,0.7715185209993971,0.867842073538276,0.6944410948993127,6636,5759,0,True,0.0,-1,True,False,0.22394140234380566,2,True,CS_MAP
456303,36,snowboard,a photo of a snowboard,0.06704227812718379,all,,CS_OFFICIAL_SAM,0.1275620028076743,0.8142139668367347,0.22626162018592297,0.13098212569671344,0.8300852618757613,10406,1363,7011,False,0.5438408190224571,1,False,True,0.06051972468049051,2,True,CS_MAP
167122,3,car,a photo of a car,0.6502233941258332,all,,CS_OFFICIAL_SAM,0.7470761337055761,0.8663903061224489,0.8552301978059946,0.9911406977326193,0.752098446579817,19979,19802,177,True,0.008645533141210375,17,True,False,0.09685273957974294,1,True,CS_MAP
167122,17,cat,a photo of a cat,0.025922193106228585,all,,CS_OFFICIAL_SAM,0.02173831705765705,0.47891422193877553,0.04255163322103413,0.021811765589218005,0.8658718330849479,26637,581,25478,False,0.9269472841706988,3,False,True,-0.004183876048571535,2,True,CS_MAP
568195,61,cake,a photo of a cake,0.1583873290136789,all,,CS_OFFICIAL_SAM,0.5512557662737058,0.9651028380102041,0.7107219560548488,0.5584112149532711,0.9772830531576556,3852,2151,1022,True,0.03821975394346099,1,True,False,0.39286843726002685,2,True,CS_MAP
568195,1,person,a photo of a person,0.7280088860224301,all,,CS_OFFICIAL_SAM,0.5475120722233886,0.7852359693877551,0.707602973896999,0.9458145945161758,0.5652418935321658,13786,13039,3,True,0.00037544584193730055,61,True,False,-0.18049681379904148,2,True,CS_MAP
13177,1,person,a photo of a person,0.7281910513313203,all,,CS_OFFICIAL_SAM,0.752230857800806,0.9313815369897959,0.8585978890303503,0.987529522909778,0.7594449287997675,10585,10453,30,True,0.0037161688402748564,2,True,False,0.02403980646948567,2,True,CS_MAP
13177,2,bicycle,a photo of a bicycle,0.1770615929718973,all,,CS_OFFICIAL_SAM,0.2800402212166918,0.8573022959183674,0.4375490966221524,0.30944444444444447,0.7466487935656837,9000,2785,5552,False,0.4160047954443279,4,False,False,0.1029786282447945,2,True,CS_MAP
457262,52,banana,a photo of a banana,0.7336105130299205,all,,CS_OFFICIAL_SAM,0.8980489671002295,0.9787547831632653,0.9462864053209715,0.9431498593812776,0.9494438827098078,9956,9390,566,True,0.21353809196980095,67,True,False,0.164438454070309,1,True,CS_MAP
457262,67,dining table,a photo of a dining table,0.5364154528182394,all,,CS_OFFICIAL_SAM,0.6704436946973072,0.6904695471938775,0.8027133112305171,0.9843297298981276,0.6776767330130405,32099,31596,0,True,0.005074562558345501,52,True,False,0.1340282418790678,2,True,CS_MAP
377486,19,horse,a photo of a horse,0.20576968550484748,all,,CS_OFFICIAL_SAM,0.552071973827699,0.9345105229591837,0.7113999648691376,0.5756929637526652,0.930820501034245,7035,4050,2352,True,0.1600146914789422,21,True,False,0.34630228832285154,1,True,CS_MAP
377486,1,person,a photo of a person,0.19971817754814467,all,,CS_OFFICIAL_SAM,0.384994640943194,0.9428212691326531,0.5559510911623587,0.9427821522309712,0.3942054433713784,1905,1796,55,True,0.0177322271026517,19,True,False,0.18527646339504936,1,True,CS_MAP
538236,58,hot dog,a photo of a hot dog,0.5904282545640676,all,,CS_OFFICIAL_SAM,0.0,0.46683673469387754,0.0,0.0,0.0,0,0,0,False,0.0,-1,False,False,-0.5904282545640676,0,True,CS_MAP
538236,1,person,a photo of a person,0.09811955490382127,all,,CS_OFFICIAL_SAM,0.7491277041172366,0.9856704400510204,0.8565729104328745,0.8864574731626754,0.8286375916634504,2422,2147,0,True,0.0882232252769799,31,True,False,0.6510081492134153,2,True,CS_MAP
201646,62,chair,a photo of a chair,0.2538360368259535,all,,CS_OFFICIAL_SAM,0.9132109675957398,0.9923668686224489,0.9546369773777094,0.9188326493388053,0.9933448360857776,4386,4030,161,True,0.9086338797814207,63,True,False,0.6593749307697863,1,True,CS_MAP
201646,1,person,a photo of a person,0.5203611571770775,all,,CS_OFFICIAL_SAM,0.9457490506083857,0.9860491071428571,0.9721182187524895,0.9921138211382113,0.9529126971732,12300,12203,6,True,0.0005409629139868967,63,True,False,0.4253878934313081,2,True,CS_MAP
436738,6,bus,a photo of a bus,0.1701188625307187,all,,CS_OFFICIAL_SAM,0.9170218812162546,0.9941804846938775,0.956715090423955,0.9632835820895522,0.9502355712603062,3350,3227,85,True,0.017036450079239304,3,True,False,0.7469030186855359,1,True,CS_MAP
436738,3,car,a photo of a car,0.11001297177095559,all,,CS_OFFICIAL_SAM,0.8243534482758621,0.9935028698979592,0.9037212049616066,0.9550561797752809,0.8576233183856502,1602,1530,5,True,0.0016032064128256513,6,True,False,0.7143404765049065,2,True,CS_MAP
356387,4,motorcycle,a photo of a motorcycle,0.34163457424047927,all,,CS_OFFICIAL_SAM,0.43816425120772945,0.9304647640306123,0.6093382599932818,0.5625387636965061,0.6646311675622862,4837,2721,1155,True,0.17997639653815892,2,True,False,0.09652967696725018,1,True,CS_MAP
356387,2,bicycle,a photo of a bicycle,0.10285006195786865,all,,CS_OFFICIAL_SAM,0.13690634120456355,0.8703364158163265,0.24084014002333723,0.13930885529157666,0.8881239242685026,7408,1032,5188,False,0.3816216216216216,4,False,False,0.034056279246694895,2,True,CS_MAP
14038,65,bed,a photo of a bed,0.027765675129718382,all,,CS_OFFICIAL_SAM,0.0018656716417910447,0.8400629783163265,0.0037243947858473,0.002039983680130559,0.021367521367521368,7353,15,22,False,0.002804333970681963,67,False,False,-0.02590000348792734,1,True,CS_MAP
14038,82,refrigerator,a photo of a refrigerator,0.07168859104823364,all,,CS_OFFICIAL_SAM,0.15753978958726733,0.8755181760204082,0.27219762293171756,0.17742670514962783,0.5842921460730365,6583,1168,4,True,0.0005493750858398572,65,True,False,0.0858511985390337,2,True,CS_MAP
60899,62,chair,a photo of a chair,0.45099871914702117,all,,CS_OFFICIAL_SAM,0.017612030682276947,0.6120256696428571,0.034614430944706176,0.058060222924638166,0.024657340681079554,6011,349,11,True,0.0014292520247737017,19,True,False,-0.4333866884647442,1,True,CS_MAP
60899,1,person,a photo of a person,0.4412749596924222,all,,CS_OFFICIAL_SAM,0.24571660576532683,0.8148716517857143,0.39449840297242683,0.9892121608368748,0.2463768115942029,3059,3026,0,True,0.0018625225539840521,62,True,False,-0.19555835392709536,0,True,CS_MAP
421060,35,skis,a photo of a skis,0.014739839901477833,all,,CS_OFFICIAL_SAM,0.00019068893186956876,0.26853475765306123,0.00038130515306678285,0.0001934022213626568,0.013409961685823755,36194,7,341,False,0.008534174237305103,1,False,False,-0.014549150969608264,2,True,CS_MAP
421060,1,person,a photo of a person,0.12633403265529508,all,,CS_OFFICIAL_SAM,0.026685333672733444,0.5427694515306123,0.051983471074380165,0.03129976114649682,0.15326510721247563,20096,629,0,True,0.0,-1,True,False,-0.09964869898256164,1,True,CS_MAP
537991,1,person,a photo of a person,0.7487739141960854,all,,CS_OFFICIAL_SAM,0.8250382848392037,0.9271364795918368,0.9041325781413887,0.9191235272165058,0.8896227875535373,18757,17240,43,True,0.0037979880927940875,77,True,False,0.0762643706431183,2,True,CS_MAP
537991,77,cell phone,a photo of a cell phone,0.04865455870740448,all,,CS_OFFICIAL_SAM,0.07116104868913857,0.9851721938775511,0.13286713286713286,1.0,0.07116104868913857,57,57,0,True,0.0029413282419113473,1,True,False,0.022506489981734087,1,True,CS_MAP
127660,33,suitcase,a photo of a suitcase,0.6768859329446064,all,,CS_OFFICIAL_SAM,0.48781858113284643,0.8001434948979592,0.6557500858221764,0.9998953098827471,0.48784349780365716,9552,9551,0,True,0.0,-1,True,False,-0.18906735181176,1,True,CS_MAP
127660,1,person,a photo of a person,0.41604733386247206,all,,CS_OFFICIAL_SAM,0.2541953718424307,0.7475685586734694,0.40535211267605636,1.0,0.2541953718424307,4317,4317,0,True,0.0,-1,True,False,-0.16185196202004137,1,True,CS_MAP
568439,6,bus,a photo of a bus,0.6102768127311442,all,,CS_OFFICIAL_SAM,0.6934294609208586,0.925422512755102,0.8189646831156265,0.9875160424687901,0.6995619472683693,8571,8464,0,True,0.0066068900424728644,1,True,False,0.08315264818971435,1,True,CS_MAP
568439,1,person,a photo of a person,0.08748780177351606,all,,CS_OFFICIAL_SAM,0.8598218471636193,0.9940409757653061,0.9246281825056718,0.9791777896422851,0.8758357211079274,1873,1834,0,True,0.04354753053637812,27,True,False,0.7723340453901033,2,True,CS_MAP
284445,1,person,a photo of a person,0.3699209570604572,all,,CS_OFFICIAL_SAM,0.46169949567037777,0.8872568558673469,0.6317297050973244,0.8672028596961573,0.49682572189227936,5595,4852,442,True,0.07347074468085106,10,True,False,0.09177853860992058,2,True,CS_MAP
284445,10,traffic light,a photo of a traffic light,0.04425641025641026,all,,CS_OFFICIAL_SAM,0.6101694915254238,0.9931242028061225,0.7578947368421053,0.9608540925266904,0.6257242178447276,562,540,0,True,0.0,-1,True,False,0.5659130812690135,1,True,CS_MAP
422998,44,bottle,a photo of a bottle,0.285205259460002,all,,CS_OFFICIAL_SAM,0.2069544767344196,0.9059111926020408,0.3429366736256089,0.9991889699918897,0.20698924731182797,1233,1232,0,True,0.0069124423963133645,49,True,False,-0.07825078272558242,1,True,CS_MAP
422998,1,person,a photo of a person,0.8963412418704356,all,,CS_OFFICIAL_SAM,0.9541578222172569,0.9754663584183674,0.9765412101000477,0.9764109599481727,0.9766714950064801,26241,25622,8,True,0.00024229837313949465,54,True,False,0.057816580346821245,2,True,CS_MAP
181499,73,laptop,a photo of a laptop,0.4782688093498904,all,,CS_OFFICIAL_SAM,0.5219180480971282,0.6735291772959183,0.6858687939862312,0.6860398204626539,0.6856978527607362,26067,17883,10,True,0.2795481433423654,76,True,False,0.04364923874723775,2,True,CS_MAP
181499,76,keyboard,a photo of a keyboard,0.345648090169067,all,,CS_OFFICIAL_SAM,0.8826523777628935,0.9825414540816326,0.9376689910345809,0.9993932959199151,0.8831255863825225,6593,6589,4,True,0.25279907975460125,73,True,False,0.5370042875938266,2,True,CS_MAP
27186,63,couch,a photo of a couch,0.7186114819759679,all,,CS_OFFICIAL_SAM,0.7573925414083934,0.9048349808673469,0.8619503310300963,0.7639130880393563,0.9888557213930348,19514,14907,29,True,0.0008682439765574126,1,True,False,0.03878105943242549,2,True,CS_MAP
27186,1,person,a photo of a person,0.5110938267561814,all,,CS_OFFICIAL_SAM,0.33195235629207664,0.7686144770408163,0.4984447900466563,0.9991340491860062,0.33204788764820997,5774,5769,4,True,0.0008160522273425499,63,True,False,-0.17914147046410478,1,True,CS_MAP
150649,41,skateboard,a photo of a skateboard,0.02918321533413918,all,,CS_OFFICIAL_SAM,0.006738475675123794,0.6122249681122449,0.013386745094062168,0.0069309530060383305,0.1952662721893491,19045,132,5,True,0.0002850046822197793,1,True,False,-0.022444739659015386,1,True,CS_MAP
150649,1,person,a photo of a person,0.19556145675265554,all,,CS_OFFICIAL_SAM,0.42994611239414937,0.8819355867346939,0.6013458950201884,0.4785262932419407,0.8089806264711208,9337,4468,110,True,0.01716781796017879,41,True,False,0.23438465564149383,2,True,CS_MAP
446005,79,oven,a photo of a oven,0.2015920170627666,all,,CS_OFFICIAL_SAM,0.5099263200982399,0.9045559630102041,0.6754320569298543,0.5814469078179697,0.805658852061439,8570,4983,1952,True,0.20906660726219647,78,True,False,0.30833430303547327,2,True,CS_MAP
446005,78,microwave,a photo of a microwave,0.08136157688882005,all,,CS_OFFICIAL_SAM,0.156660993346743,0.7827447385204082,0.2708848906427664,0.1598768356229275,0.8862144420131292,12666,2025,5895,False,0.4396670230639988,79,False,False,0.07529941645792294,2,True,CS_MAP
532575,18,dog,a photo of a dog,0.8511472275334608,all,,CS_OFFICIAL_SAM,0.8809776269748701,0.9552574936224489,0.9367231319935737,0.9861135837635748,0.8920442344857205,16851,16617,166,True,0.007554682812414771,9,True,False,0.029830399441409305,1,True,CS_MAP
532575,9,boat,a photo of a boat,0.46496328029375766,all,,CS_OFFICIAL_SAM,0.20704539634927022,0.5679807079081632,0.34306149043852474,0.4385896939170864,0.2817041608600438,12905,5660,51,True,0.0019063959584405682,18,True,False,-0.25791788394448745,1,True,CS_MAP
169076,1,person,a photo of a person,0.07816388607244908,all,,CS_OFFICIAL_SAM,0.534375,0.9821827168367347,0.6965376782077393,0.8992112182296231,0.5684210526315789,1141,1026,115,True,0.1430721003134796,72,True,False,0.456211113927551,0,True,CS_MAP
169076,17,cat,a photo of a cat,0.5632512879221523,all,,CS_OFFICIAL_SAM,0.8814777242370445,0.9720583545918368,0.9370057512580877,0.9986591322670242,0.8825222175201015,10441,10427,14,True,0.8919357594396036,18,False,True,0.3182264363148922,2,True,CS_MAP
