image_id,category_id,candidate,density_inside,density_outside,density_ratio,log_density_ratio,coverage,area_fraction,sam_score,points_inside,points_fraction,top1_inside,agreement_mean,agreement_min,agreement_max,spread_mean,spread_max,entropy,top10_mass,score_margin
8532,1,0,0.002867825089588291,0.00019706697760755733,14.552540003667122,2.677765549429278,0.8861280081427253,0.34842282863849766,0.9435672760009766,3,1.0,1.0,0.3917637128404905,0.32033347017399816,0.4631939555069829,0.20200555278332713,0.2520394684924496,0.9365456194575306,0.33635557355324436,0.03447967767715454
8532,1,1,0.004226250401344426,0.00052734905692742,8.014142317717182,2.0812077709299195,0.6082289015424664,0.16228359741784038,0.9780469536781311,3,1.0,1.0,0.5744934609822396,0.4631939555069829,0.6857929664574963,0.20200555278332713,0.2520394684924496,0.9365456194575306,0.33635557355324436,0.03447967767715454
8532,1,2,0.004184730105469861,0.000743412856198055,5.629079541672487,1.727945937314299,0.4143291246500254,0.11164539319248826,0.8397283554077148,3,1.0,1.0,0.5030632183157473,0.32033347017399816,0.6857929664574963,0.20200555278332713,0.2520394684924496,0.9365456194575306,0.33635557355324436,0.03447967767715454
8532,32,0,0.005027419973935978,0.0006631222826924447,7.581437236495719,2.0257027909160428,0.8016367435298091,0.34770393192488264,0.9656020402908325,3,1.0,1.0,0.23739754381301142,0.12359467611634922,0.3512004115096736,0.08274265419478789,0.08852804955029799,0.9053348557352114,0.5790669486892066,0.00718158483505249
8532,32,1,0.009222408832240485,0.0011801625883174896,7.814523961121305,2.055984048642412,0.5261169227702677,0.12439847417840376,0.972783625125885,3,1.0,1.0,0.3473924364787921,0.34358446144791055,0.3512004115096736,0.08274265419478789,0.08852804955029799,0.9053348557352114,0.5790669486892066,0.00718158483505249
8532,32,2,0.01952888449270164,0.0014000359394097687,13.94884511820878,2.635396717666352,0.38560425124053743,0.043056778169014084,0.7825078964233398,3,1.0,1.0,0.23358956878212989,0.12359467611634922,0.34358446144791055,0.08274265419478789,0.08852804955029799,0.9053348557352114,0.5790669486892066,0.00718158483505249
61471,70,0,0.0352560391603175,0.009391275248694897,3.7541269127920502,1.3228557449712655,0.5141560069190203,0.21990559895833334,0.8215856552124023,3,1.0,1.0,0.4832348915837019,0.3995707201539486,0.5668990630134553,0.11525532208540042,0.1721138572948368,0.9650571763485621,0.3589030224576667,0.08955878019332886
61471,70,1,0.04800339145125439,0.010389602044870563,4.62033013770087,1.5304661609382628,0.3968940527605631,0.12467447916666667,0.9111444354057312,3,1.0,1.0,0.635705052834979,0.5668990630134553,0.7045110426565029,0.11525532208540042,0.1721138572948368,0.9650571763485621,0.3589030224576667,0.08955878019332886
61471,70,2,0.05702941168535609,0.011037907592693689,5.1666868200580724,1.6422316359234195,0.3323180585444759,0.08786783854166667,0.8147270679473877,3,1.0,1.0,0.5520408814052258,0.3995707201539486,0.7045110426565029,0.11525532208540042,0.1721138572948368,0.9650571763485621,0.3589030224576667,0.08955878019332886
61471,18,0,0.02747289572996532,0.0030732397144596947,8.939392391607152,2.190467621767473,0.5502092475147954,0.12036783854166666,0.9134080410003662,2,0.6666666666666666,1.0,0.7140012175875659,0.7082874708045853,0.7197149643705463,0.10419521922701834,0.12910243408063918,0.9139752748941786,0.5351638578468692,0.006522953510284424
61471,18,1,0.033740241541800074,0.003288227425622564,10.260920904870524,2.328342592554353,0.5017930925148268,0.089384765625,0.9903227686882019,2,0.6666666666666666,1.0,0.8451815899784267,0.7197149643705463,0.9706482155863073,0.10419521922701834,0.12910243408063918,0.9139752748941786,0.5351638578468692,0.006522953510284424
61471,18,2,0.03430282866885029,0.00332204609812745,10.325813563472245,2.3346469312657265,0.495222530874562,0.086767578125,0.9837998151779175,2,0.6666666666666666,1.0,0.8394678431954463,0.7082874708045853,0.9706482155863073,0.10419521922701834,0.12910243408063918,0.9139752748941786,0.5351638578468692,0.006522953510284424
52591,1,0,0.0013586617572038024,0.0002979844012941788,4.559506292086027,1.5172143491213916,0.552653429673291,0.2131876740947075,0.9456348419189453,2,0.6666666666666666,0.0,0.2936397968912145,0.2729183244577748,0.3143612693246542,0.08606903075039636,0.09415885381339113,0.8951176882646392,0.5743362068698974,0.00997847318649292
52591,1,1,0.003250344040888175,0.00032508413771833566,9.998470099780498,2.302432091575588,0.4219382361343106,0.06803621169916435,0.9356563687324524,2,0.6666666666666666,0.0,0.5859485466377621,0.3143612693246542,0.85753582395087,0.08606903075039636,0.09415885381339113,0.8951176882646392,0.5743362068698974,0.00997847318649292
52591,1,2,0.0034063085987726073,0.00034553131437669064,9.858176226542954,2.28830118491758,0.3791890725905316,0.05834348885793872,0.8950735330581665,2,0.6666666666666666,0.0,0.5652270742043224,0.2729183244577748,0.85753582395087,0.08606903075039636,0.09415885381339113,0.8951176882646392,0.5743362068698974,0.00997847318649292
52591,35,0,0.011096064268775737,0.002966146632556928,3.7409021331725656,1.3193267945078326,0.5626445671448324,0.2558931058495822,0.8677216172218323,3,1.0,1.0,0.2341012991571595,0.21084892230912228,0.2573536760051967,0.2697609546144604,0.3106551736661451,0.9215005787014042,0.47473995103882005,0.02612602710723877
52591,35,1,0.024024789888025033,0.003559469460585035,6.749542353799764,1.9094747031905042,0.34592199720179406,0.07266277855153204,0.9306620359420776,3,1.0,1.0,0.5320087755512015,0.2573536760051967,0.8066638750972064,0.2697609546144604,0.3106551736661451,0.9215005787014042,0.47473995103882005,0.02612602710723877
52591,35,2,0.025439079053975223,0.003772833611640463,6.7426983709921355,1.9084601966233836,0.29634147822961826,0.05878743036211699,0.9045360088348389,3,1.0,1.0,0.5087563987031644,0.21084892230912228,0.8066638750972064,0.2697609546144604,0.3106551736661451,0.9215005787014042,0.47473995103882005,0.02612602710723877
386912,76,0,0.006969001680676434,0.0015655495543165881,4.451473067083559,1.4932350678554325,0.2464557678612319,0.06844401041666667,0.8678000569343567,2,0.6666666666666666,1.0,0.9412539043423176,0.9265477935959893,0.9559600150886458,0.1354260348422001,0.1839411245543742,0.9545188230546522,0.3624742825765773,0.00453263521194458
386912,76,1,0.007009158067406709,0.0015734260178696898,4.454710919577849,1.493962169976414,0.24115614136852953,0.06658854166666667,0.9615294337272644,2,0.6666666666666666,1.0,0.9588572605116457,0.9559600150886458,0.9617545059346456,0.1354260348422001,0.1839411245543742,0.9545188230546522,0.3624742825765773,0.00453263521194458
386912,76,2,0.0071211775109989725,0.0015799089448634966,4.507334128111355,1.5057058764707727,0.236039173573294,0.064150390625,0.9569967985153198,2,0.6666666666666666,1.0,0.9441511497653174,0.9265477935959893,0.9617545059346456,0.1354260348422001,0.1839411245543742,0.9545188230546522,0.3624742825765773,0.00453263521194458
386912,1,0,0.004650185172212797,0.0008079910848473025,5.755243162536089,1.7501112938917815,0.4882269385184616,0.14219075520833332,0.8654694557189941,3,1.0,1.0,0.3433660773949888,0.2973572111623055,0.38937494362767205,0.11883699032271818,0.176094587312994,0.9205316167190086,0.48048856211870156,0.02414482831954956
386912,1,1,0.006581847037400467,0.0010301983115120258,6.388912656390743,1.8545640907428238,0.2837318470719872,0.05838216145833333,0.8413246273994446,3,1.0,1.0,0.41125282135790897,0.38937494362767205,0.4331306990881459,0.11883699032271818,0.176094587312994,0.9205316167190086,0.48048856211870156,0.02414482831954956
386912,1,2,0.004054133514450458,0.0012058467624873647,3.3620636031113236,1.212554953290701,0.15603774666790898,0.052125651041666665,0.7978464365005493,2,0.6666666666666666,0.0,0.36524395512522567,0.2973572111623055,0.4331306990881459,0.11883699032271818,0.176094587312994,0.9205316167190086,0.48048856211870156,0.02414482831954956
400082,58,0,0.024039628331902846,0.0023216052801988607,10.354743989679827,2.337444771230532,0.6060018393399521,0.12932862190812722,0.7637726664543152,3,1.0,1.0,0.28562841530054645,0.20508196721311475,0.36617486338797817,0.11107185717529773,0.16646796592828605,0.8939409259040054,0.6325147726107636,0.12392842769622803
400082,58,1,0.05143939681920875,0.0028282967300113796,18.187411616041565,2.9007296853402544,0.47482173327761906,0.047356890459363955,0.8616129159927368,3,1.0,1.0,0.46288752120614785,0.36617486338797817,0.5596001790243175,0.11107185717529773,0.16646796592828605,0.8939409259040054,0.6325147726107636,0.12392842769622803
400082,58,2,0.05698500024463734,0.003717556557138796,15.328616889467588,2.729721466356588,0.294601004002259,0.02652296819787986,0.9855413436889648,3,1.0,1.0,0.3823410731187161,0.20508196721311475,0.5596001790243175,0.11107185717529773,0.16646796592828605,0.8939409259040054,0.6325147726107636,0.12392842769622803
400082,67,0,0.004674068946034119,0.0016135281842853725,2.896800309197854,1.0636067864209644,0.34423695644976926,0.15341342756183746,0.8332845568656921,3,1.0,1.0,0.2119975863302596,0.14355253490080824,0.28044263775971096,0.2759013285544735,0.35181694764222715,0.9659337738422461,0.3007271906777323,0.06908780336380005
400082,67,1,0.009058048859167563,0.0017395795197850366,5.20703351064966,1.6500103099627241,0.20408482120820257,0.04693286219081272,0.9023723602294922,3,1.0,1.0,0.3806971508328746,0.28044263775971096,0.4809516639060383,0.2759013285544735,0.35181694764222715,0.9659337738422461,0.3007271906777323,0.06908780336380005
400082,67,2,0.01042214825254297,0.0018904755788888392,5.512976926766648,1.707104754453789,0.11293660404077402,0.02257243816254417,0.7158969640731812,3,1.0,1.0,0.31225209940342324,0.14355253490080824,0.4809516639060383,0.2759013285544735,0.35181694764222715,0.9659337738422461,0.3007271906777323,0.06908780336380005
562207,1,0,0.0010807466089450745,0.0005175033895247719,2.0883855617818243,0.736391309924631,0.2536566735003625,0.13996323529411764,0.8563963770866394,2,0.6666666666666666,1.0,0.30196330719597386,0.09700104466583433,0.5069255697261134,0.16234922177577735,0.24301404490782783,0.9177496778160519,0.45770273097794356,0.043331682682037354
562207,1,1,0.0014099742347185543,0.0005331853701005023,2.644435333640807,0.972457558782628,0.17029712479599898,0.07202573529411764,0.813064694404602,2,0.6666666666666666,1.0,0.3016937222654571,0.09646187480480078,0.5069255697261134,0.16234922177577735,0.24301404490782783,0.9177496778160519,0.45770273097794356,0.043331682682037354
562207,1,2,0.003320020771435049,0.0005454976772524365,6.086223468578475,1.8060277695669558,0.10201366930768486,0.018323529411764707,0.4693279564380646,2,0.6666666666666666,0.0,0.09673145973531755,0.09646187480480078,0.09700104466583433,0.16234922177577735,0.24301404490782783,0.9177496778160519,0.45770273097794356,0.043331682682037354
562207,22,0,0.041219343981153005,0.002342875624606016,17.593483636371467,2.867528585576238,0.7693399494862178,0.15936764705882353,0.92115318775177,3,1.0,1.0,0.7076920657614052,0.4642478202703326,0.9511363112524778,0.13038721201482711,0.19423120916747394,0.914135204102973,0.4467275331218096,0.05071800947189331
562207,22,1,0.042808727523000405,0.0024027622438292226,17.816464202867085,2.880122985031171,0.7613293544625731,0.15185294117647058,0.9718711972236633,3,1.0,1.0,0.7191414515208943,0.48714659178931063,0.9511363112524778,0.13038721201482711,0.19423120916747394,0.914135204102973,0.4467275331218096,0.05071800947189331
562207,22,2,0.0523920145141773,0.005033096404048579,10.409499500471343,2.34271880276501,0.45417344259386094,0.07401838235294117,0.7566992044448853,3,1.0,1.0,0.47569720602982163,0.4642478202703326,0.48714659178931063,0.13038721201482711,0.19423120916747394,0.914135204102973,0.4467275331218096,0.05071800947189331
130613,57,0,0.021052986546185426,0.000927669008980884,22.69450237064538,3.1221227088878334,0.6340378035750799,0.0709264705882353,0.8978102207183838,3,1.0,1.0,0.5277279450885194,0.3247064828994385,0.7307494072776003,0.09256979593230837,0.111815436757177,0.8174780148139333,0.8337720868030403,0.01960301399230957
130613,57,1,0.028152300689806422,0.0009248444935222121,30.440037061960673,3.41575875056968,0.6279275250490107,0.05252941176470588,0.8748517632484436,3,1.0,1.0,0.585153413005854,0.43955741873410764,0.7307494072776003,0.09256979593230837,0.111815436757177,0.8174780148139333,0.8337720868030403,0.01960301399230957
130613,57,2,0.04920038537838808,0.0011794567373148675,41.71444681276097,3.7308475151755855,0.5114482607593481,0.024481617647058824,0.9174132347106934,2,0.6666666666666666,1.0,0.3821319508167731,0.3247064828994385,0.43955741873410764,0.09256979593230837,0.111815436757177,0.8174780148139333,0.8337720868030403,0.01960301399230957
130613,67,0,0.0025857688259441867,0.001955718161151541,1.322158210720664,0.27926540993609295,0.5815437752951657,0.5124595588235294,0.9563509225845337,2,0.6666666666666666,1.0,0.7303641542224306,0.5372027321818117,0.9235255762630497,0.40773014673326297,0.5859970989660365,0.9709132987730992,0.28686207547362896,0.05529659986495972
130613,67,1,0.0026031485694248697,0.0019855369185072325,1.3110552333979844,0.27083233501659415,0.5420861231181362,0.4745,0.901054322719574,2,0.6666666666666666,1.0,0.7468642071536351,0.5702028380442207,0.9235255762630497,0.40773014673326297,0.5859970989660365,0.9709132987730992,0.28686207547362896,0.05529659986495972
130613,67,2,0.0033437647805232757,0.0018690667510812384,1.7890023332767198,0.581658109059966,0.40751928575747937,0.27770220588235295,0.7970147132873535,2,0.6666666666666666,1.0,0.5537027851130162,0.5372027321818117,0.5702028380442207,0.40773014673326297,0.5859970989660365,0.9709132987730992,0.28686207547362896,0.05529659986495972
45550,54,0,0.005073101306632002,0.0020665667560025554,2.454845114217488,0.8980636695215719,0.5104693276910961,0.29813802083333335,0.8338299989700317,3,1.0,1.0,0.21325231429571218,0.1946151914489415,0.23188943714248286,0.11912000986757292,0.13666806036295717,0.9377516134543027,0.4242529910741969,0.0717734694480896
45550,54,1,0.01607060122010748,0.0019884555368920617,8.081951501487298,2.089633365894674,0.3753289542488069,0.06919921875,0.9874736666679382,3,1.0,1.0,0.5352692081751552,0.23188943714248286,0.8386489792078277,0.11912000986757292,0.13666806036295717,0.9377516134543027,0.4242529910741969,0.0717734694480896
45550,54,2,0.015761056012334625,0.002174445652237027,7.248309926197351,1.980768328126874,0.3087062906470633,0.05803385416666667,0.9157001972198486,3,1.0,1.0,0.5166320853283846,0.1946151914489415,0.8386489792078277,0.11912000986757292,0.13666806036295717,0.9377516134543027,0.4242529910741969,0.0717734694480896
45550,1,0,0.0050756969096046435,0.0007482419978822238,6.783496405156453,1.9144926632007582,0.8207041032685961,0.40290690104166665,0.8168885707855225,3,1.0,1.0,0.09833267747021793,0.07513149827358095,0.12153385666685491,0.15815198586408882,0.2108391055076396,0.9331671986586856,0.3587353634676309,0.004356563091278076
45550,1,1,0.010211285963664296,0.0020888547076715796,4.888461567611004,1.5868776462347691,0.2032967389403293,0.049609375,0.8436664938926697,3,1.0,1.0,0.3699262348430774,0.12153385666685491,0.6183186130192999,0.15815198586408882,0.2108391055076396,0.9331671986586856,0.3587353634676309,0.004356563091278076
45550,1,2,0.010626142535277461,0.002232338729150577,4.760094152270834,1.5602674480306473,0.13182001284329395,0.030911458333333332,0.8393099308013916,3,1.0,1.0,0.3467250556464404,0.07513149827358095,0.6183186130192999,0.15815198586408882,0.2108391055076396,0.9331671986586856,0.3587353634676309,0.004356563091278076
244833,62,0,0.003895371221729939,0.0021028263619370913,1.852445494495864,0.6165066553376669,0.3613327844404578,0.23395882009345795,0.9075444340705872,3,1.0,1.0,0.6547664301554015,0.5681492555908553,0.7413836047199477,0.3273809057119644,0.4569888111697945,0.9656669256799613,0.2661902486138353,0.02156585454940796
244833,62,1,0.004381460381575372,0.0021294057047795685,2.0575977464901802,0.7215391600760163,0.3029933634019732,0.17441953855140188,0.9291102886199951,3,1.0,1.0,0.7528080031502563,0.7413836047199477,0.7642324015805649,0.3273809057119644,0.4569888111697945,0.9656669256799613,0.2661902486138353,0.02156585454940796
244833,62,2,0.004596337147687185,0.0022022506937869136,2.0871089556549873,0.7357798337802717,0.2435472504466577,0.1336448598130841,0.8951877355575562,3,1.0,1.0,0.6661908285857101,0.5681492555908553,0.7642324015805649,0.3273809057119644,0.4569888111697945,0.9656669256799613,0.2661902486138353,0.02156585454940796
244833,4,0,0.021300331469912337,0.004343354866683612,4.90411953865335,1.5900755741287476,0.18697683050298863,0.04479410046728972,0.6354319453239441,3,1.0,1.0,0.33391357684793904,0.29442598399400943,0.37340116970186865,0.2646406327387726,0.39200123903867484,0.9449478537995334,0.3573053547077634,0.10801410675048828
244833,4,1,0.01579856008085314,0.004412320703055106,3.580555707642376,1.2755180140280882,0.18777967423635863,0.060652745327102804,0.7434460520744324,1,0.3333333333333333,0.0,0.3976665494825881,0.37340116970186865,0.4219319292633076,0.2646406327387726,0.39200123903867484,0.9449478537995334,0.3573053547077634,0.10801410675048828
244833,4,2,0.01712803030368221,0.004387185097746235,3.904104777474978,1.36202850674165,0.18855865399488553,0.05617698598130841,0.6350439786911011,2,0.6666666666666666,0.0,0.3581789566286585,0.29442598399400943,0.4219319292633076,0.2646406327387726,0.39200123903867484,0.9449478537995334,0.3573053547077634,0.10801410675048828
464476,7,0,0.011256623558025411,0.0005938677195381383,18.954765798392152,2.9420553933169757,0.7817185863155469,0.158912,0.7956030368804932,3,1.0,1.0,0.4036682071146417,0.30210081213504264,0.5052356020942408,0.1079865144677334,0.13325441192440432,0.8358613434571249,0.7906909096770431,0.15724670886993408
464476,7,1,0.018762279602445323,0.0008501810029908253,22.068570709500108,3.0941544565347425,0.6582969531509718,0.080288,0.9528497457504272,3,1.0,1.0,0.546820890971853,0.5052356020942408,0.5884061798494652,0.1079865144677334,0.13325441192440432,0.8358613434571249,0.7906909096770431,0.15724670886993408
464476,7,2,0.027369327532453164,0.001023127942781684,26.750640229110246,3.286558406890658,0.5743596773032706,0.04802133333333333,0.7101503610610962,3,1.0,1.0,0.44525349599225394,0.30210081213504264,0.5884061798494652,0.1079865144677334,0.13325441192440432,0.8358613434571249,0.7906909096770431,0.15724670886993408
464476,72,0,0.0009844135617123701,0.0004119760038820188,2.3894924705488254,0.8710809889897465,0.8608035774209296,0.721296,0.9438116550445557,3,1.0,1.0,0.43645538963188935,0.22123076013188828,0.6516800191318904,0.5165120380932862,0.7473213574349414,0.893534271238657,0.5476452550275348,0.08105331659317017
464476,72,1,0.001139722346463662,0.00046828326864004695,2.4338310171527735,0.8894665670477551,0.733793975983429,0.5310826666666667,0.8627583384513855,3,1.0,1.0,0.4755164904808271,0.29935296182976373,0.6516800191318904,0.5165120380932862,0.7473213574349414,0.893534271238657,0.5476452550275348,0.08105331659317017
464476,72,2,0.0016193172798115922,0.000673862340470011,2.4030386922633173,0.8767340588915663,0.31355335640088555,0.15972266666666668,0.6378662586212158,3,1.0,1.0,0.260291860980826,0.22123076013188828,0.29935296182976373,0.5165120380932862,0.7473213574349414,0.893534271238657,0.5476452550275348,0.08105331659317017
322574,51,0,0.0026145897593039613,0.0019173030983453967,1.3636809746965055,0.3101876429286294,0.4690547652697761,0.39314127604166665,0.958329975605011,2,0.6666666666666666,1.0,0.789088852017539,0.7283435022349832,0.8498342018000947,0.3883250927142303,0.5736769359502635,0.9378442735524685,0.38907420207569754,0.0004811882972717285
322574,51,1,0.0021712000398202854,0.0022026623558821087,0.9857162324658971,-0.014386762028072275,0.35354744406386296,0.3568424479166667,0.9780375361442566,2,0.6666666666666666,1.0,0.8383794269555458,0.8269246521109969,0.8498342018000947,0.3883250927142303,0.5736769359502635,0.9378442735524685,0.38907420207569754,0.0004811882972717285
322574,51,2,0.002065441471033101,0.0022445621587915575,0.9201979379465746,-0.08316648165439378,0.2795457632824341,0.29659830729166664,0.9785187244415283,2,0.6666666666666666,1.0,0.77763407717299,0.7283435022349832,0.8269246521109969,0.3883250927142303,0.5736769359502635,0.9378442735524685,0.38907420207569754,0.0004811882972717285
322574,58,0,0.009322318085955726,0.004130545605551558,2.2569217178402226,0.8140018131764366,0.530672975333897,0.3337760416666667,0.6809880137443542,3,1.0,1.0,0.18547917540745057,0.18375764194268665,0.18720070887221446,0.11910415351229119,0.13579908741129393,0.9172273115618235,0.5294926019623009,0.19473081827163696
322574,58,1,0.03524269001954037,0.0034402594418776323,10.244195417442512,2.3267112444666505,0.4579747013393414,0.07619466145833333,0.795616090297699,3,1.0,1.0,0.4946617807543646,0.18720070887221446,0.8021228526365147,0.11910415351229119,0.13579908741129393,0.9172273115618235,0.5294926019623009,0.19473081827163696
322574,58,2,0.03850859156062478,0.0037270656950474674,10.332147244268574,2.3352601264422352,0.4033974997715408,0.06142252604166667,0.9903469085693359,3,1.0,1.0,0.4929402472896007,0.18375764194268665,0.8021228526365147,0.11910415351229119,0.13579908741129393,0.9172273115618235,0.5294926019623009,0.19473081827163696
481413,34,0,0.0039811467102530244,0.0021884253182171075,1.8191832617241193,0.5983876433237593,0.5734319062785804,0.4249414519906323,0.8867063522338867,3,1.0,1.0,0.41179506710890257,0.27517974822394187,0.5484103859938633,0.07978552755377127,0.08003542660238781,0.886087776692739,0.6308793241364332,0.025669872760772705
481413,34,1,0.006032729814529708,0.002007026915929166,3.0058041392688613,1.1005451327765767,0.47909378447891526,0.23429449648711945,0.9123762249946594,3,1.0,1.0,0.5242168268561154,0.5000232677183676,0.5484103859938633,0.07978552755377127,0.08003542660238781,0.886087776692739,0.6308793241364332,0.025669872760772705
481413,34,2,0.010998244416489193,0.0018573160383047395,5.921579410150485,1.7786032056592622,0.4457202821049904,0.11956235362997658,0.8718175888061523,3,1.0,1.0,0.3876015079711547,0.27517974822394187,0.5000232677183676,0.07978552755377127,0.08003542660238781,0.886087776692739,0.6308793241364332,0.025669872760772705
481413,1,0,0.0019273422300115641,0.00035612099023490023,5.412043315189679,1.6886267143411273,0.4101603408417251,0.11385758196721311,0.918668806552887,3,1.0,1.0,0.3170011481323537,0.22010520913523224,0.41389708712947515,0.17927784776410263,0.25077875765668994,0.8408082924711552,0.7576174389582416,0.011078119277954102
481413,1,1,0.0034027913197913033,0.00039225617746501025,8.674920897631793,2.1604362076566144,0.30160034141552733,0.04742022833723653,0.9075906872749329,2,0.6666666666666666,1.0,0.47087692287773225,0.41389708712947515,0.5278567586259894,0.17927784776410263,0.25077875765668994,0.8408082924711552,0.7576174389582416,0.011078119277954102
481413,1,2,0.004428280387501148,0.0004338249340710924,10.207528497124008,2.323125536216424,0.20967877263738005,0.02533299180327869,0.882853627204895,2,0.6666666666666666,1.0,0.3739809838806108,0.22010520913523224,0.5278567586259894,0.17927784776410263,0.25077875765668994,0.8408082924711552,0.7576174389582416,0.011078119277954102
420840,62,0,0.001770368272511561,0.000783128707808505,2.2606351326400698,0.8156458065085371,0.6576548907383383,0.45939342570754715,0.9805347919464111,3,1.0,1.0,0.541762398620604,0.46977022498803256,0.6137545722531755,0.2335572541604279,0.34902963934053216,0.9482735342448355,0.38750527989023453,0.012357711791992188
420840,62,1,0.001694750128442418,0.001029653005753021,1.6459429704253088,0.4983134548724711,0.4265357531150614,0.311243366745283,0.9650077223777771,2,0.6666666666666666,1.0,0.6548459625279066,0.6137545722531755,0.6959373528026378,0.2335572541604279,0.34902963934053216,0.9482735342448355,0.38750527989023453,0.012357711791992188
420840,62,2,0.0016811870055149557,0.0011116552383281058,1.512327694808581,0.4136499842404966,0.2983833211630518,0.2194870283018868,0.968177080154419,2,0.6666666666666666,1.0,0.5828537888953351,0.46977022498803256,0.6959373528026378,0.2335572541604279,0.34902963934053216,0.9482735342448355,0.38750527989023453,0.012357711791992188
420840,1,0,0.002026169830233222,0.00018516051007167906,10.942775100943928,2.392679430853895,0.851555386499906,0.34393057193396226,0.9778782725334167,3,1.0,1.0,0.36452228139163606,0.29551372027987016,0.43353084250340196,0.10793530529883101,0.12323516831528876,0.9293695416198366,0.45530748715284347,0.008984386920928955
420840,1,1,0.0033244613982147363,0.00037918606066393107,8.767361816060566,2.1710359422804277,0.6057289773449873,0.14910451061320754,0.959452748298645,3,1.0,1.0,0.5553490688644102,0.43353084250340196,0.6771672952254184,0.10793530529883101,0.12323516831528876,0.9293695416198366,0.45530748715284347,0.008984386920928955
420840,1,2,0.004338112895617124,0.0004201311067080449,10.3256169705761,2.334627892311828,0.5387850732592224,0.10163620283018868,0.9688938856124878,3,1.0,1.0,0.48634050775264426,0.29551372027987016,0.6771672952254184,0.10793530529883101,0.12323516831528876,0.9293695416198366,0.45530748715284347,0.008984386920928955
346232,28,0,0.0568148274156085,0.0043703405331526075,13.00009163396341,2.5649564062207113,0.3524762061917881,0.04018954918032787,0.9415984153747559,3,1.0,1.0,0.954667573943023,0.9405454545454546,0.9687896933405915,0.08709018806374315,0.09090511964712192,0.9280662924662099,0.5056845080830219,0.04453110694885254
346232,28,1,0.05808768909041482,0.004371517298126477,13.287763747846082,2.586843592808782,0.35164501080550375,0.03921618852459016,0.9861295223236084,3,1.0,1.0,0.9676038018941764,0.9664179104477612,0.9687896933405915,0.08709018806374315,0.09090511964712192,0.9280662924662099,0.5056845080830219,0.04453110694885254
346232,28,2,0.05841619599620273,0.004430894241229394,13.183838927920506,2.578991755870564,0.34195259268790706,0.03792081381733021,0.9109477996826172,3,1.0,1.0,0.9534816824966079,0.9405454545454546,0.9664179104477612,0.08709018806374315,0.09090511964712192,0.9280662924662099,0.5056845080830219,0.04453110694885254
346232,8,0,0.0460600362156176,0.0011661885210715408,39.49621810185507,3.6762049230881795,0.4264247017700311,0.018475556206088994,0.8837882280349731,2,0.6666666666666666,0.0,0.5065417922376092,0.276179291446467,0.7369042930287515,0.10574022253920297,0.15857145891307636,0.8458058541093584,0.7442570520446746,0.02414160966873169
346232,8,1,0.04901081167588228,0.0013377856220699183,36.635773946660784,3.601025193290465,0.338891858871238,0.013799033957845434,0.9079298377037048,2,0.6666666666666666,0.0,0.5529650741717276,0.36902585531470355,0.7369042930287515,0.10574022253920297,0.15857145891307636,0.8458058541093584,0.7442570520446746,0.02414160966873169
346232,8,2,0.05012069570114627,0.0017351798235960088,28.8850152535721,3.363322957332394,0.1351893475068154,0.0053827576112412175,0.8463925123214722,2,0.6666666666666666,0.0,0.3226025733805853,0.276179291446467,0.36902585531470355,0.10574022253920297,0.15857145891307636,0.8458058541093584,0.7442570520446746,0.02414160966873169
122046,62,0,0.0048117010394051795,0.0008239875023872902,5.839531570108759,1.7646505832331054,0.5476484161310454,0.17172131147540984,0.7429162859916687,1,0.3333333333333333,0.0,0.22776246242131906,0.16886549114127447,0.28665943370136365,0.1067665132348734,0.16010458601265615,0.8817945930403088,0.6425860211286847,0.02401810884475708
122046,62,1,0.006537132714181856,0.0012463535753430665,5.2450065842170535,1.657276497332581,0.2148948153544525,0.04959748243559719,0.817775547504425,1,0.3333333333333333,0.0,0.4176247200311186,0.28665943370136365,0.5485900063608735,0.1067665132348734,0.16010458601265615,0.8817945930403088,0.6425860211286847,0.02401810884475708
122046,62,2,0.011126420152531525,0.0012053737588011166,9.230680576925247,2.2225327811978337,0.22551581949440394,0.030580357142857142,0.8417936563491821,1,0.3333333333333333,0.0,0.358727748751074,0.16886549114127447,0.5485900063608735,0.1067665132348734,0.16010458601265615,0.8817945930403088,0.6425860211286847,0.02401810884475708
122046,28,0,0.04577512217925211,0.0034213389775588454,13.379300462807034,2.593708771053744,0.5645291102127341,0.08833430913348946,0.9353193044662476,3,1.0,1.0,0.6385353644151543,0.3088838268792711,0.9681869019510376,0.1519813036991744,0.22170803864033378,0.8966039756857439,0.5770464515616234,0.01490473747253418
122046,28,1,0.04558769955944208,0.003568689638399069,12.774352539975592,2.547439453025036,0.5443776427164413,0.0855313231850117,0.9016863703727722,3,1.0,1.0,0.6435391547520896,0.31889140755314144,0.9681869019510376,0.1519813036991744,0.22170803864033378,0.8966039756857439,0.5770464515616234,0.01490473747253418
122046,28,2,0.05226979311293561,0.005896215728393287,8.864972977899182,2.1821078913623357,0.19928921031861516,0.02730898711943794,0.9502240419387817,3,1.0,1.0,0.3138876172162063,0.3088838268792711,0.31889140755314144,0.1519813036991744,0.22170803864033378,0.8966039756857439,0.5770464515616234,0.01490473747253418
322610,15,0,0.0035357270379496567,0.0009396039269203604,3.7629972937377296,1.3252157927170762,0.26228196797954423,0.08632486979166666,0.8807057738304138,3,1.0,1.0,0.4679715905691777,0.3258070025619129,0.6101361785764425,0.3314529785329002,0.4698365890103816,0.9437483106279629,0.3698022303012331,0.07289248704910278
322610,15,1,0.003925957017956255,0.0009779573070553787,4.014446219296457,1.389899410194418,0.21257694007352146,0.06301106770833333,0.807813286781311,3,1.0,1.0,0.5715846058047378,0.5330330330330331,0.6101361785764425,0.3314529785329002,0.4698365890103816,0.9437483106279629,0.3698022303012331,0.07289248704910278
322610,15,2,0.004988325552703234,0.0010042740425301182,4.967095968316375,1.6028353573221135,0.17154598524674547,0.04001953125,0.702051043510437,3,1.0,1.0,0.42942001779747296,0.3258070025619129,0.5330330330330331,0.3314529785329002,0.4698365890103816,0.9437483106279629,0.3698022303012331,0.07289248704910278
322610,1,0,0.004598931106702667,0.0005029055087841459,9.144722054599468,2.213176888443602,0.488719655048097,0.09463541666666667,0.9362379312515259,3,1.0,1.0,0.5360219314854853,0.3043216483810543,0.7677222145899162,0.128628054569102,0.17413076821357965,0.8851091194052361,0.5787283620473149,0.02807629108428955
322610,1,1,0.004394880292069866,0.0006149517195383759,7.146707855735814,1.9666518111412903,0.3598030927626172,0.07290690104166667,0.9081616401672363,3,1.0,1.0,0.5395785232988536,0.31143483200779093,0.7677222145899162,0.128628054569102,0.17413076821357965,0.8851091194052361,0.5787283620473149,0.02807629108428955
322610,1,2,0.004746475357631171,0.0007618380774317655,6.2302941950627275,1.8294235542165709,0.17214659821238695,0.03229817708333333,0.7671469449996948,3,1.0,1.0,0.3078782401944226,0.3043216483810543,0.31143483200779093,0.128628054569102,0.17413076821357965,0.8851091194052361,0.5787283620473149,0.02807629108428955
525155,20,0,0.017809263197115836,0.0041523761387807405,4.2889330343893715,1.4560379921300841,0.7412425997667292,0.4004474765258216,0.9171313047409058,3,1.0,1.0,0.41065537354625736,0.3741102511855703,0.4472004959069445,0.21426755248701726,0.318250422138799,0.9340533856178767,0.4341563842061674,0.007890284061431885
525155,20,1,0.030268459821645624,0.00503228241866363,6.014857135873713,1.7942325978681724,0.572070891352283,0.1818405223004695,0.9508716464042664,3,1.0,1.0,0.6376825710434074,0.4472004959069445,0.8281646461798703,0.21426755248701726,0.318250422138799,0.9340533856178767,0.4341563842061674,0.007890284061431885
525155,20,2,0.03172047077263701,0.005686553086732329,5.578154337654557,1.7188579578491232,0.4982867814866074,0.15113703051643193,0.9429813623428345,3,1.0,1.0,0.6011374486827203,0.3741102511855703,0.8281646461798703,0.21426755248701726,0.318250422138799,0.9340533856178767,0.4341563842061674,0.007890284061431885
525155,1,0,0.0028661349996996666,0.00039690599782598083,7.2211934517933365,1.9770202376257404,0.7483451527989092,0.2916850058685446,0.9396809339523315,3,1.0,1.0,0.29319346523572565,0.11174118593773576,0.47464574453371555,0.10916257457003214,0.1608031247916755,0.9286474175362723,0.44506742998645943,0.004766345024108887
525155,1,1,0.004163001415795518,0.000627512028012675,6.634138029745133,1.8922287469618164,0.5160801681475213,0.13849031690140845,0.9349145889282227,3,1.0,1.0,0.31849688063839454,0.16234801674307356,0.47464574453371555,0.10916257457003214,0.1608031247916755,0.9286474175362723,0.44506742998645943,0.004766345024108887
525155,1,2,0.006326519685393278,0.0009414733172802335,6.719807733850363,1.9050595432496473,0.18474113968461467,0.03262177230046948,0.8279120922088623,3,1.0,1.0,0.13704460134040466,0.11174118593773576,0.16234801674307356,0.10916257457003214,0.1608031247916755,0.9286474175362723,0.44506742998645943,0.004766345024108887
496571,77,0,0.003763433866833517,0.001463160401243663,2.5721266520489015,0.9447330480604749,0.5740508112734247,0.34381586651053864,0.7209554314613342,2,0.6666666666666666,1.0,0.1629141008821309,0.12129380053908356,0.20453440122517824,0.27841724754321856,0.41220940418643087,0.8764207768829811,0.6414383934432304,0.01355820894241333
496571,77,1,0.013771095532984072,0.0012233708774478087,11.256680844370429,2.420961805295157,0.5018328422802294,0.08213919789227166,0.9107196927070618,3,1.0,1.0,0.36497569942116737,0.20453440122517824,0.5254169976171564,0.27841724754321856,0.41220940418643087,0.8764207768829811,0.6414383934432304,0.01355820894241333
496571,77,2,0.021995383693777716,0.0013377094616890395,16.44257165495637,2.7998738041406264,0.43285068039443475,0.044357435597189694,0.9242779016494751,2,0.6666666666666666,1.0,0.32335539907812,0.12129380053908356,0.5254169976171564,0.27841724754321856,0.41220940418643087,0.8764207768829811,0.6414383934432304,0.01355820894241333
496571,47,0,0.005550288486687267,0.0013264441180215927,4.18433645797401,1.4313481390954064,0.38197859189028793,0.12869950234192037,0.8440449833869934,2,0.6666666666666666,1.0,0.46609195973134193,0.1883607725186006,0.7438231469440832,0.2891285820605262,0.33324361075392606,0.917573502888906,0.503062074157564,0.005085408687591553
496571,47,1,0.006404707343758519,0.0012995712567235322,4.928323326400499,1.594998834300144,0.3827177727179872,0.1117461943793911,0.8646653294563293,3,1.0,1.0,0.40538993478422397,0.0669567226243647,0.7438231469440832,0.2891285820605262,0.33324361075392606,0.917573502888906,0.503062074157564,0.005085408687591553
496571,47,2,0.0034551283687174277,0.0017112597003821188,2.019055533141377,0.70262984451248,0.16823762543238316,0.09105679156908665,0.8697507381439209,1,0.3333333333333333,1.0,0.12765874757148266,0.0669567226243647,0.1883607725186006,0.2891285820605262,0.33324361075392606,0.917573502888906,0.503062074157564,0.005085408687591553
497599,1,0,0.0015138592522434577,0.00022111618633789953,6.846442453939603,1.9237291682360442,0.8799027748483443,0.5169386709601873,0.9717304110527039,3,1.0,1.0,0.21790265601643205,0.11386786910079352,0.3219374429320706,0.10192731165276026,0.14097786659441527,0.9478510190641816,0.3714960210158821,0.01497882604598999
497599,1,1,0.0027363822096465196,0.0005205078240478358,5.257139428009636,1.6595870442040295,0.5121812221595663,0.1664702868852459,0.9562045335769653,3,1.0,1.0,0.3375718067734673,0.3219374429320706,0.353206170614864,0.10192731165276026,0.14097786659441527,0.9478510190641816,0.3714960210158821,0.01497882604598999
497599,1,2,0.003973910117224266,0.0006964658329283107,5.705822057070659,1.7414870673254603,0.26300767443462497,0.058862704918032784,0.9567515850067139,3,1.0,1.0,0.23353701985782876,0.11386786910079352,0.353206170614864,0.10192731165276026,0.14097786659441527,0.9478510190641816,0.3714960210158821,0.01497882604598999
497599,62,0,0.0034020148493023616,0.0004615928772604655,7.3701632098896654,1.9974398514181924,0.5266541905914544,0.13116217798594848,0.7700039744377136,3,1.0,1.0,0.5931223690483625,0.37778148642634624,0.8084632516703786,0.16091604614482002,0.2043411416525878,0.9109794442595006,0.5243324539600067,0.11886221170425415
497599,62,1,0.003512480173927186,0.0005294442011088684,6.6342782864301215,1.8922498884419736,0.4416909113763476,0.1065427400468384,0.9331164956092834,3,1.0,1.0,0.6362584402547802,0.4640536288391819,0.8084632516703786,0.16091604614482002,0.2043411416525878,0.9109794442595006,0.5243324539600067,0.11886221170425415
497599,62,2,0.005707430896247064,0.0005909544192533897,9.657988333177759,2.2677853796301544,0.3374558650623926,0.05009514051522248,0.8142542839050293,3,1.0,1.0,0.42091755763276406,0.37778148642634624,0.4640536288391819,0.16091604614482002,0.2043411416525878,0.9109794442595006,0.5243324539600067,0.11886221170425415
105264,1,0,0.002520548240521936,0.0003330706509451862,7.56760833114995,2.0238770775234998,0.5140150436526354,0.12262514637002342,0.9412136673927307,3,1.0,1.0,0.7741842203390956,0.6461378799110452,0.9022305607671461,0.22837655489297679,0.2954930832106654,0.8963970127664743,0.5315453632566323,0.026199698448181152
105264,1,1,0.002664006152710337,0.00034347768847548237,7.755980182522147,2.0484641826367533,0.492252164405301,0.11110948477751756,0.9150139689445496,3,1.0,1.0,0.8078538204483573,0.7134770801295685,0.9022305607671461,0.22837655489297679,0.2954930832106654,0.8963970127664743,0.5315453632566323,0.026199698448181152
105264,1,2,0.003185814167739871,0.000374976691805755,8.496032497118915,2.1395992897966156,0.4266141344794856,0.08052180913348946,0.8071510791778564,3,1.0,1.0,0.6798074800203069,0.6461378799110452,0.7134770801295685,0.22837655489297679,0.2954930832106654,0.8963970127664743,0.5315453632566323,0.026199698448181152
105264,21,0,0.03529544700733231,0.00176802418225589,19.963215063231928,2.993891333252636,0.73759059010645,0.12342286299765808,0.9653828144073486,2,0.6666666666666666,1.0,0.8113795319064043,0.6829615145320416,0.9397975492807672,0.08562880154739107,0.08880033759281752,0.8760628460787968,0.618547275416544,0.012505710124969482
105264,21,1,0.037060559384377315,0.00180209118087155,20.56530754780583,3.0236055565115185,0.730390644887268,0.1163971018735363,0.9528771042823792,2,0.6666666666666666,1.0,0.8314345797450833,0.7230716102093995,0.9397975492807672,0.08562880154739107,0.08880033759281752,0.8760628460787968,0.618547275416544,0.012505710124969482
105264,21,2,0.04344791074411843,0.002443638409708139,17.78000810337881,2.878074685866759,0.6211874078784062,0.08444086651053864,0.7654831409454346,2,0.6666666666666666,1.0,0.7030165623707205,0.6829615145320416,0.7230716102093995,0.08562880154739107,0.08880033759281752,0.8760628460787968,0.618547275416544,0.012505710124969482
566282,3,0,0.014428793764461446,0.0008268303916757277,17.450729789658606,2.859381469600177,0.3588320035271953,0.03107394366197183,0.8463195562362671,3,1.0,1.0,0.7842874519382355,0.736181199389743,0.8323937044867278,0.305436310506251,0.45780112252631616,0.8746095901358527,0.7229573787123826,0.059129178524017334
566282,3,1,0.016687646999868147,0.0008349809846622211,19.98566109458555,2.995015071215027,0.34921984563542946,0.026148034037558686,0.9054487347602844,3,1.0,1.0,0.8190697210848191,0.8057457376829105,0.8323937044867278,0.305436310506251,0.45780112252631616,0.8746095901358527,0.7229573787123826,0.059129178524017334
566282,3,2,0.016080251493132337,0.0008974366048901253,17.9179803760992,2.885804699030992,0.2984162889193973,0.023188086854460093,0.7913423776626587,3,1.0,1.0,0.7709634685363267,0.736181199389743,0.8057457376829105,0.305436310506251,0.45780112252631616,0.8746095901358527,0.7229573787123826,0.059129178524017334
566282,1,0,0.0019075224297448181,0.0002708189728465232,7.043533186215516,1.9521099178400136,0.4313377959005002,0.09721977699530517,0.9022678136825562,3,1.0,1.0,0.26525951919779867,0.11217602197352658,0.4183430164220707,0.22284992017292046,0.3166284154946111,0.9232081868740735,0.4783227948694332,0.044349849224090576
566282,1,1,0.002378453730785588,0.00031065199876855327,7.656328407857088,2.0355325491392344,0.3191331181583508,0.057687793427230044,0.8579179644584656,3,1.0,1.0,0.3385892437467002,0.2588354710713297,0.4183430164220707,0.22284992017292046,0.3166284154946111,0.9232081868740735,0.4783227948694332,0.044349849224090576
566282,1,2,0.0019837294620570554,0.00036116563604775075,5.492575313289788,1.7033972377103503,0.19556613122502442,0.04238556338028169,0.7695810794830322,3,1.0,1.0,0.18550574652242813,0.11217602197352658,0.2588354710713297,0.22284992017292046,0.3166284154946111,0.9232081868740735,0.4783227948694332,0.044349849224090576
309391,1,0,0.0002957213460854416,0.00022542204715553165,1.3118563534717174,0.27144320122621235,0.3244113965570609,0.26795654296875,0.9005415439605713,2,0.6666666666666666,1.0,0.4747670331234648,0.25597068934322414,0.6935633769037055,0.3367624124696076,0.4223023419137893,0.8764138270439786,0.6179710634305808,0.03967916965484619
309391,1,1,0.00035342577960413265,0.00021835802841531704,1.6185609503368283,0.48153745503826717,0.2774694019398664,0.19176432291666667,0.8608623743057251,2,0.6666666666666666,1.0,0.5266865085154464,0.35980964012718736,0.6935633769037055,0.3367624124696076,0.4223023419137893,0.8764138270439786,0.6179710634305808,0.03967916965484619
309391,1,2,0.0006163217113602055,0.00021582554058289513,2.8556476997116036,1.0492986840483665,0.17913934555987834,0.07099609375,0.6443968415260315,1,0.3333333333333333,0.0,0.30789016473520575,0.25597068934322414,0.35980964012718736,0.3367624124696076,0.4223023419137893,0.8764138270439786,0.6179710634305808,0.03967916965484619
309391,10,0,0.004489231921874034,0.0028260216711230943,1.5885341454233883,0.46281167010688357,0.2876433678483664,0.20267333984375,0.8150018453598022,2,0.6666666666666666,0.0,0.3372690160196695,0.30563857741760775,0.36889945462173124,0.21602608575075596,0.31046456271986206,0.9597827978560471,0.356140602321578,0.006592512130737305
309391,10,1,0.0076007881505304725,0.0027973396396582103,2.717148836721885,0.9995831088773628,0.18297836941943765,0.0761474609375,0.8084093332290649,2,0.6666666666666666,0.0,0.586700377557694,0.36889945462173124,0.8045013004936568,0.21602608575075596,0.31046456271986206,0.9597827978560471,0.356140602321578,0.006592512130737305
309391,10,2,0.007084584843023715,0.002903112145959588,2.4403414282301696,0.8921379592595569,0.13926458243968745,0.062178548177083334,0.7198939323425293,1,0.3333333333333333,0.0,0.5550699389556323,0.30563857741760775,0.8045013004936568,0.21602608575075596,0.31046456271986206,0.9597827978560471,0.356140602321578,0.006592512130737305
181303,1,0,0.004954927947717025,0.00043024355672665785,11.516565114648358,2.4437864438776886,0.3808251550789615,0.05069832402234637,0.9188832640647888,2,0.6666666666666666,1.0,0.5789906814135543,0.23732461048463457,0.920656752342474,0.1639071300983754,0.24411838841479,0.9166949804163428,0.502120955253196,0.01629960536956787
181303,1,1,0.005173437812052246,0.0004379291927537582,11.81341158763031,2.469235461475197,0.36718860419520905,0.046818261173184356,0.9351828694343567,2,0.6666666666666666,1.0,0.5827321424409684,0.24480753253946275,0.920656752342474,0.1639071300983754,0.24411838841479,0.9166949804163428,0.502120955253196,0.01629960536956787
181303,1,2,0.006305874279278583,0.0005908435883262457,10.67266260173752,2.3676855752734363,0.11507242105087502,0.012037360335195531,0.7900965213775635,2,0.6666666666666666,1.0,0.24106607151204867,0.23732461048463457,0.24480753253946275,0.1639071300983754,0.24411838841479,0.9166949804163428,0.502120955253196,0.01629960536956787
181303,38,0,0.010309923457752503,0.0020241203105319325,5.093532928361138,1.6279716819049075,0.37706435307490793,0.10621508379888268,0.7736541628837585,3,1.0,1.0,0.33198283005198753,0.21386707069096128,0.4500985894130138,0.13770062173172867,0.203495725378556,0.9253981761908039,0.503394503754131,0.01487034559249878
181303,38,1,0.014059310285917323,0.0021834127059757722,6.439144666053887,1.8623957155364443,0.29381710827024454,0.06069308659217877,0.8691748976707458,2,0.6666666666666666,0.0,0.43722549738228256,0.4243524053515514,0.4500985894130138,0.13770062173172867,0.203495725378556,0.9253981761908039,0.503394503754131,0.01487034559249878
181303,38,2,0.024194871695671676,0.0023209764529596205,10.424436514379481,2.344152714886901,0.22212850199458886,0.026662884078212292,0.8840452432632446,2,0.6666666666666666,0.0,0.3191097380212563,0.21386707069096128,0.4243524053515514,0.13770062173172867,0.203495725378556,0.9253981761908039,0.503394503754131,0.01487034559249878
366141,63,0,0.02435184315948494,0.005613708490644286,4.337924421214852,1.4673959897985502,0.22026618317376356,0.06113932291666667,0.862905740737915,3,1.0,1.0,0.7332959623810299,0.5974772473255628,0.869114677436497,0.13206950282247798,0.19082536745768727,0.965197113165857,0.30312316147416263,0.05359524488449097
366141,63,1,0.025169854934993394,0.005721665427949661,4.399043468645086,1.4813871238408023,0.198682819728381,0.05335611979166666,0.916500985622406,3,1.0,1.0,0.7766497664709615,0.6841848555054262,0.869114677436497,0.13206950282247798,0.19082536745768727,0.965197113165857,0.30312316147416263,0.05359524488449097
366141,63,2,0.027119184995754435,0.005986617050613008,4.529968221108708,1.5107149242994193,0.1467055502608114,0.036565755208333335,0.8470593690872192,3,1.0,1.0,0.6408310514154945,0.5974772473255628,0.6841848555054262,0.13206950282247798,0.19082536745768727,0.965197113165857,0.30312316147416263,0.05359524488449097
366141,72,0,0.018838365559699623,0.002546519965845297,7.397690104522187,2.0011678034973257,0.2789248955879558,0.04969075520833333,0.7878522276878357,2,0.6666666666666666,1.0,0.5017032427120864,0.4617097936455945,0.5416966917785785,0.12195147791057082,0.18034017895585933,0.9420431055733448,0.42166439285360213,0.056988537311553955
366141,72,1,0.021482959640491985,0.0028546499467456818,7.525602099639953,2.018310820721789,0.17230360137072992,0.026917317708333333,0.9181893467903137,2,0.6666666666666666,1.0,0.6970183785413633,0.5416966917785785,0.8523400653041481,0.12195147791057082,0.18034017895585933,0.9420431055733448,0.42166439285360213,0.056988537311553955
366141,72,2,0.0217859568744254,0.002923313962415414,7.452486167093757,2.008547690471196,0.14893260483637705,0.022942708333333332,0.8612008094787598,2,0.6666666666666666,1.0,0.6570249294748713,0.4617097936455945,0.8523400653041481,0.12195147791057082,0.18034017895585933,0.9420431055733448,0.42166439285360213,0.056988537311553955
373382,1,0,0.004297134864990622,0.001114909345103641,3.854245979736512,1.3491753927176424,0.3011996728026022,0.10058268229166667,0.9756873846054077,3,1.0,1.0,0.540445585783286,0.29582329826340475,0.7850678733031674,0.22976337951663317,0.3436226763638997,0.9433223317318007,0.37538067853174284,0.05998432636260986
373382,1,1,0.0043041026529199765,0.001188198832345115,3.6223757607998257,1.2871300983213074,0.23756019148000065,0.07920247395833334,0.9157030582427979,3,1.0,1.0,0.4794123991370498,0.17375692497093223,0.7850678733031674,0.22976337951663317,0.3436226763638997,0.9433223317318007,0.37538067853174284,0.05998432636260986
373382,1,2,0.005549193573724981,0.001296668309622104,4.2795783071637175,1.4538544785562533,0.12578052040583343,0.032526041666666665,0.8775634765625,3,1.0,1.0,0.2347901116171685,0.17375692497093223,0.29582329826340475,0.22976337951663317,0.3436226763638997,0.9433223317318007,0.37538067853174284,0.05998432636260986
373382,43,0,0.014960450360703767,0.0030640291288197754,4.88260709244097,1.585679317530677,0.44445936084331056,0.14078776041666666,0.9138402938842773,3,1.0,1.0,0.5547536677953061,0.35248010290216253,0.7570272326884497,0.16817185318488628,0.2513106392887405,0.9154682480770485,0.5339347579582502,0.013313114643096924
373382,43,1,0.016399306702481603,0.0033380929606084755,4.91277711288769,1.591839385413518,0.3711441693536995,0.10724934895833334,0.9005271792411804,2,0.6666666666666666,0.0,0.5353189638145487,0.3136106949406477,0.7570272326884497,0.16817185318488628,0.2513106392887405,0.9154682480770485,0.5339347579582502,0.013313114643096924
373382,43,2,0.016973682083439665,0.0036999913639060955,4.587492350504567,1.5233335459732686,0.2803393493311967,0.07826822916666666,0.8808572292327881,2,0.6666666666666666,1.0,0.3330453989214051,0.3136106949406477,0.35248010290216253,0.16817185318488628,0.2513106392887405,0.9154682480770485,0.5339347579582502,0.013313114643096924
80671,35,0,0.006132624873446709,0.009541732707865328,0.6427160622251366,-0.44205223496147317,0.6861370625718625,0.772797131147541,0.9792108535766602,3,1.0,1.0,0.5862111037012769,0.18872238820014586,0.9836998192024081,0.2123717408323723,0.31784009910585653,0.9491078336425735,0.425595363873151,0.042506635189056396
80671,35,1,0.0061170000084860955,0.009421788177435447,0.6492398144214983,-0.431953116621429,0.6738503716121016,0.7608972482435598,0.9367042183876038,3,1.0,1.0,0.5874610077102842,0.19122219621816028,0.9836998192024081,0.2123717408323723,0.31784009910585653,0.9491078336425735,0.425595363873151,0.042506635189056396
80671,35,2,0.014329741370982245,0.005579427579230017,2.5683174779000333,0.9432510067218758,0.31479809639140915,0.15173814402810304,0.796474814414978,3,1.0,1.0,0.18997229220915307,0.18872238820014586,0.19122219621816028,0.2123717408323723,0.31784009910585653,0.9491078336425735,0.425595363873151,0.042506635189056396
80671,1,0,0.0006568084754974876,0.0026103180236641105,0.2516200973565296,-1.3798348776178293,0.466275909825487,0.7763868559718969,0.9953566789627075,2,0.6666666666666666,0.0,0.8428335019119337,0.6962420826421354,0.9894249211817321,0.16593047708754002,0.2488654608299764,0.9380073374937622,0.3639418398499302,0.011779606342315674
80671,1,1,0.0006337430636295499,0.0026191829576941643,0.24196212086898758,-1.4189740888336548,0.44525344532023775,0.7683657786885246,0.9835770726203918,2,0.6666666666666666,0.0,0.8463009599790807,0.7031769987764294,0.9894249211817321,0.16593047708754002,0.2488654608299764,0.9380073374937622,0.3639418398499302,0.011779606342315674
80671,1,2,0.0007837713804682521,0.0014583988745211162,0.5374190789801551,-0.6209770797729315,0.3874883160081442,0.5406835480093677,0.8782665729522705,2,0.6666666666666666,0.0,0.6997095407092824,0.6962420826421354,0.7031769987764294,0.16593047708754002,0.2488654608299764,0.9380073374937622,0.3639418398499302,0.011779606342315674
8844,52,0,0.020815512750035403,0.003652345961508347,5.69921715075967,1.7403288234842853,0.8029885801856271,0.4169637617370892,0.8558367490768433,3,1.0,1.0,0.19129506768601323,0.12941021242908035,0.2531799229429461,0.20058846683466344,0.3008552916258717,0.9497396530852975,0.3404600728281285,0.08925896883010864
8844,52,1,0.03927542002712191,0.0074487800308850275,5.2727318915313255,1.6625486137532053,0.38361118927110394,0.10557144953051643,0.7665777802467346,3,1.0,1.0,0.38146640184354025,0.2531799229429461,0.5097528807441344,0.20058846683466344,0.3008552916258717,0.9497396530852975,0.3404600728281285,0.08925896883010864
8844,52,2,0.04398209007502497,0.008916041659900252,4.932916617909129,1.5959304192142163,0.2196342235766483,0.05397593896713615,0.7522516250610352,3,1.0,1.0,0.31958154658660737,0.12941021242908035,0.5097528807441344,0.20058846683466344,0.3008552916258717,0.9497396530852975,0.3404600728281285,0.08925896883010864
8844,1,0,0.002449054087343812,0.00028519747230796374,8.587222246177681,2.150275313466047,0.49726111286379093,0.10328638497652583,0.9077244400978088,3,1.0,1.0,0.3484627836087986,0.3245296414625488,0.37239592575504843,0.10247070050242325,0.1407207363577913,0.9075177075931796,0.5583419050339569,0.04461461305618286
8844,1,1,0.004852279702637461,0.0003345400429356922,14.504331516050746,2.6744473302679945,0.3677070983364963,0.03854900234741784,0.9362549185752869,3,1.0,1.0,0.6215928249136802,0.37239592575504843,0.870789724072312,0.10247070050242325,0.1407207363577913,0.9075177075931796,0.5583419050339569,0.04461461305618286
8844,1,2,0.005053675777295988,0.0003508288818300638,14.404959296763236,2.6675725430978336,0.33348542507440926,0.033568075117370894,0.9808695316314697,3,1.0,1.0,0.5976596827674304,0.3245296414625488,0.870789724072312,0.10247070050242325,0.1407207363577913,0.9075177075931796,0.5583419050339569,0.04461461305618286
104424,43,0,0.012687223673612682,0.003043191280937334,4.169052319818634,1.427688748627356,0.28906118886481147,0.08885981721698114,0.8177450299263,2,0.6666666666666666,1.0,0.14917202189410972,0.10165580890336591,0.19668823488485354,0.20516004291232257,0.3062630164773085,0.9253361391625174,0.48567872060176565,0.003600180149078369
104424,43,1,0.022270082949824507,0.003176332274018726,7.011257331285725,1.9475170475307957,0.21646242346961134,0.037909050707547166,0.9267948269844055,3,1.0,1.0,0.37717098910018076,0.19668823488485354,0.557653743315508,0.20516004291232257,0.3062630164773085,0.9253361391625174,0.48567872060176565,0.003600180149078369
104424,43,2,0.02730238890400901,0.003156728882670445,8.648949564608639,2.157437875988772,0.2155356158457311,0.030789357311320754,0.9231946468353271,3,1.0,1.0,0.32965477610943694,0.10165580890336591,0.557653743315508,0.20516004291232257,0.3062630164773085,0.9253361391625174,0.48567872060176565,0.003600180149078369
104424,1,0,0.004455636427499475,0.0006288938691926437,7.084878130764126,1.9579626721978447,0.4345777897247028,0.09786630306603773,0.9631326198577881,2,0.6666666666666666,1.0,0.6236636440689325,0.3799077511531106,0.8674195369847544,0.3293924939963527,0.47606072958080753,0.9021978218381458,0.5348333032656432,0.03300124406814575
104424,1,1,0.0050656044355047005,0.0006263010789872757,8.088129810677664,2.090397531573834,0.42884446731570264,0.08494619693396227,0.9301313757896423,2,0.6666666666666666,1.0,0.6517049375745028,0.4359903381642512,0.8674195369847544,0.3293924939963527,0.47606072958080753,0.9021978218381458,0.5348333032656432,0.03300124406814575
104424,1,2,0.007076240553919712,0.0007652283554715609,9.247227306823797,2.2243237561178137,0.2661483153607045,0.037739534198113205,0.926034688949585,2,0.6666666666666666,1.0,0.40794904465868087,0.3799077511531106,0.4359903381642512,0.3293924939963527,0.47606072958080753,0.9021978218381458,0.5348333032656432,0.03300124406814575
536947,82,0,0.028053808117331335,0.0023825373207120577,11.774761243686317,2.4659583631878688,0.5374833104984391,0.08982747395833333,0.8362299799919128,3,1.0,1.0,0.5701945219796984,0.2746476321605855,0.8657414117988114,0.09178927871281962,0.09600303353792108,0.9069433529685436,0.5826739037193357,0.1328054666519165
536947,82,1,0.03138709119967506,0.0024369724808788193,12.879542724863567,2.555640217349847,0.5206505580693085,0.0777734375,0.9690354466438293,3,1.0,1.0,0.5914195384376935,0.31709766507657544,0.8657414117988114,0.09178927871281962,0.09600303353792108,0.9069433529685436,0.5826739037193357,0.1328054666519165
536947,82,2,0.0429740020837143,0.0037194253669782782,11.553935845491408,2.447026144786991,0.22628037392830527,0.0246875,0.786801815032959,3,1.0,1.0,0.2958726486185805,0.2746476321605855,0.31709766507657544,0.09178927871281962,0.09600303353792108,0.9069433529685436,0.5826739037193357,0.1328054666519165
536947,62,0,0.0075483387655976356,0.0010204145856658577,7.397325424621155,2.001118505906113,0.25104967950577106,0.043349609375,0.8426370024681091,3,1.0,1.0,0.2781605534668331,0.2258254716981132,0.330495635235553,0.3742977688508702,0.5251629344611665,0.8968836512669838,0.5700952210797483,0.009735941886901855
536947,62,1,0.012649854067519943,0.0011108937347501886,11.387096407540252,2.4324808203281876,0.16191283377511528,0.016682942708333332,0.8329010605812073,3,1.0,1.0,0.41908847499541135,0.330495635235553,0.5076813147552698,0.3742977688508702,0.5251629344611665,0.8968836512669838,0.5700952210797483,0.009735941886901855
536947,62,2,0.016634980315882657,0.001136149422556401,14.64154271522795,2.6838628797647632,0.13772339273030723,0.010791015625,0.7389938831329346,3,1.0,1.0,0.3667533932266915,0.2258254716981132,0.5076813147552698,0.3742977688508702,0.5251629344611665,0.8968836512669838,0.5700952210797483,0.009735941886901855
38678,1,0,0.0031757389903578955,0.0005873688560969638,5.406720073743439,1.6876426382895924,0.7017143063714262,0.3031868489583333,0.9341498613357544,2,0.6666666666666666,0.0,0.28377567849629676,0.258764410920156,0.3087869460724375,0.22343692252139083,0.3347184328127104,0.938408717433773,0.366941182859975,0.005743920803070068
38678,1,1,0.005258805780949182,0.0009355376689062801,5.621158773303053,1.7265378302625243,0.3870391377717477,0.100986328125,0.949341356754303,2,0.6666666666666666,0.0,0.5460002880705194,0.3087869460724375,0.7832136300686012,0.22343692252139083,0.3347184328127104,0.938408717433773,0.366941182859975,0.005743920803070068
38678,1,2,0.005913995750658889,0.0009812328745859244,6.027107221746378,1.7962671647467585,0.34155205799277344,0.07924479166666666,0.955085277557373,3,1.0,1.0,0.5209890204943786,0.258764410920156,0.7832136300686012,0.22343692252139083,0.3347184328127104,0.938408717433773,0.366941182859975,0.005743920803070068
38678,60,0,0.01827927680046272,0.0019126192551763238,9.557195840957046,2.2572943620150596,0.39131427428601817,0.06302734375,0.8617327213287354,2,0.6666666666666666,1.0,0.4258056449459219,0.4168646080760095,0.4347466818158343,0.3222526760552928,0.46521569338353275,0.8818864824148416,0.6651813940242713,0.006891608238220215
38678,60,1,0.031189777749085146,0.002148266187315974,14.518581504806354,2.6754293121500385,0.29032822221640586,0.027405598958333333,0.9446160793304443,2,0.6666666666666666,1.0,0.6962482518977107,0.4347466818158343,0.957749821979587,0.3222526760552928,0.46521569338353275,0.8818864824148416,0.6651813940242713,0.006891608238220215
38678,60,2,0.03151147162904498,0.002172784113004368,14.502808367357952,2.67434231121206,0.2814072187055993,0.026292317708333332,0.9377244710922241,2,0.6666666666666666,1.0,0.6873072150277982,0.4168646080760095,0.957749821979587,0.3222526760552928,0.46521569338353275,0.8818864824148416,0.6651813940242713,0.006891608238220215
416330,65,0,0.0045257412548350235,0.0036977735015407028,1.2239098072733314,0.20205049472788889,0.5127952362477906,0.4623567708333333,0.9189212322235107,2,0.6666666666666666,1.0,0.3008041567384639,0.28991177413210295,0.31169653934482483,0.43312855310993875,0.6191266547280371,0.9287870399085691,0.3915169735459184,0.04435324668884277
416330,65,1,0.008592826778139216,0.0027173292036690466,3.1622325198487564,1.151278271889084,0.48859316822056303,0.23202473958333333,0.8978188037872314,2,0.6666666666666666,1.0,0.5356678665806363,0.28991177413210295,0.7814239590291695,0.43312855310993875,0.6191266547280371,0.9287870399085691,0.3915169735459184,0.04435324668884277
416330,65,2,0.009274964414093778,0.002904145238579578,3.1936985408610212,1.161179662497327,0.41972569050223274,0.18466145833333333,0.9632744789123535,2,0.6666666666666666,1.0,0.5465602491869972,0.31169653934482483,0.7814239590291695,0.43312855310993875,0.6191266547280371,0.9287870399085691,0.3915169735459184,0.04435324668884277
416330,17,0,0.018015118806100627,0.003262667670750073,5.521591721426362,1.7086661741089675,0.8745989555646272,0.5581315104166666,0.946553111076355,3,1.0,1.0,0.45943904629705234,0.269792019036732,0.6490860735573727,0.09337632059737859,0.09947907447012788,0.9603348759328588,0.3153987769320536,0.08439046144485474
416330,17,1,0.023959126646473358,0.004416755287438001,5.424599073712,1.6909439932740395,0.7549967780042789,0.362275390625,0.8621626496315002,3,1.0,1.0,0.532348489004323,0.4156109044512732,0.6490860735573727,0.09337632059737859,0.09947907447012788,0.9603348759328588,0.3153987769320536,0.08439046144485474
416330,17,2,0.025421006851724305,0.009028030521235736,2.8157865427141853,1.0352416338690735,0.3329612319757462,0.15057942708333333,0.8087700605392456,2,0.6666666666666666,0.0,0.3427014617440026,0.269792019036732,0.4156109044512732,0.09337632059737859,0.09947907447012788,0.9603348759328588,0.3153987769320536,0.08439046144485474
231747,1,0,0.0020728991805717867,0.0005259966580895454,3.940897997640889,1.3714086160058223,0.5127643605971761,0.21076171875,0.7965450286865234,1,0.3333333333333333,0.0,0.32183267051976766,0.1518000925497455,0.49186524848978985,0.3190537075112077,0.45677454618302493,0.9319189098904365,0.41609101344563587,0.042070746421813965
231747,1,1,0.0025849404351558527,0.0006514640842724369,3.967893999981368,1.3782354757382917,0.31470583932779683,0.10373046875,0.8386157751083374,1,0.3333333333333333,0.0,0.36642936372392426,0.24099347895805864,0.49186524848978985,0.3190537075112077,0.45677454618302493,0.9319189098904365,0.41609101344563587,0.042070746421813965
231747,1,2,0.0031266769042888522,0.0007760800124171164,4.028807404177242,1.3934704029980942,0.1185629459966899,0.03230859375,0.6779786348342896,1,0.3333333333333333,0.0,0.19639678575390207,0.1518000925497455,0.24099347895805864,0.3190537075112077,0.45677454618302493,0.9319189098904365,0.41609101344563587,0.042070746421813965
231747,39,0,0.009842755958310918,0.0035103668251390014,2.8039109431582725,1.0310152081270052,0.35314796031828966,0.1629765625,0.6592922806739807,2,0.6666666666666666,1.0,0.15352264224207232,0.12239778694673668,0.18464749753740795,0.10867114298565007,0.1366011980444012,0.9042560985403174,0.5758034188204328,0.08133059740066528
231747,39,1,0.02446068745038733,0.0038342503555599426,6.3795227686522935,1.8530932934481568,0.18487704419676848,0.03433203125,0.7373200058937073,3,1.0,1.0,0.43291324140004606,0.18464749753740795,0.6811789852626842,0.10867114298565007,0.1366011980444012,0.9042560985403174,0.5758034188204328,0.08133059740066528
231747,39,2,0.02380276873596232,0.004067913326582222,5.8513460880715416,1.7666717353417611,0.12598835355959512,0.02404296875,0.8186506032943726,3,1.0,1.0,0.4017883861047104,0.12239778694673668,0.6811789852626842,0.10867114298565007,0.1366011980444012,0.9042560985403174,0.5758034188204328,0.08133059740066528
358923,28,0,0.012496603896407492,0.0019280529804010117,6.481462914637795,1.8689462433963635,0.6752305364000111,0.24287018107476635,0.7528853416442871,3,1.0,1.0,0.3725762584567522,0.2933559658109387,0.45179655110256567,0.1947278417944487,0.2819171984654122,0.8898854286126657,0.6055905135336714,0.05493587255477905
358923,28,1,0.026157061578557014,0.0018184039668549944,14.38462632118655,2.6661600197273825,0.6399335646022125,0.10996641355140187,0.9506983160972595,3,1.0,1.0,0.549617818067444,0.45179655110256567,0.6474390850323223,0.1947278417944487,0.2819171984654122,0.8898854286126657,0.6055905135336714,0.05493587255477905
358923,28,2,0.031778817373383256,0.0023952296143904895,13.267545277993074,2.5853208484452423,0.5051929227558721,0.07145516939252336,0.8957624435424805,3,1.0,1.0,0.4703975254216305,0.2933559658109387,0.6474390850323223,0.1947278417944487,0.2819171984654122,0.8898854286126657,0.6055905135336714,0.05493587255477905
358923,1,0,0.002106083179043924,0.0008384760907421722,2.511798726029192,0.9209991208822099,0.6388349089796919,0.41321553738317757,0.9480925798416138,3,1.0,1.0,0.48474720770250346,0.3272292220348411,0.6422651933701657,0.3112930878083941,0.46179667206578856,0.9453930901991451,0.3980566244094776,0.017764627933502197
358923,1,1,0.0026309792464909517,0.0008971276072462737,2.9326700263232923,1.0759132802356979,0.5181182085570976,0.2682717581775701,0.9303279519081116,3,1.0,1.0,0.5719301260409506,0.5015950587117356,0.6422651933701657,0.3112930878083941,0.46179667206578856,0.9453930901991451,0.3980566244094776,0.017764627933502197
358923,1,2,0.0036768474212989627,0.0009993324765993664,3.679303438763065,1.302723451591715,0.3658586199819293,0.1355505257009346,0.7861214876174927,3,1.0,1.0,0.41441214037328833,0.3272292220348411,0.5015950587117356,0.3112930878083941,0.46179667206578856,0.9453930901991451,0.3980566244094776,0.017764627933502197
209757,1,0,0.0008164184140049319,0.001055956265241614,0.7731555179938926,-0.2572750618324058,0.37446201866105927,0.4363849765258216,0.8550306558609009,2,0.6666666666666666,1.0,0.12812962598229094,0.12784470669280038,0.12841454527178148,0.10556218760439684,0.158333592559247,0.9395157395597711,0.41254338971229565,0.0037971138954162598
209757,1,1,0.0029146270015731677,0.0008081007906157499,3.606761720583818,1.2828103398062427,0.20843109822374034,0.06803843896713616,0.9490514397621155,3,1.0,1.0,0.4855083748517765,0.12784470669280038,0.8431720430107527,0.10556218760439684,0.158333592559247,0.9395157395597711,0.41254338971229565,0.0037971138954162598
209757,1,2,0.002663645670353319,0.0008465690831120575,3.1464008317137426,1.1462592068490627,0.16155619431567647,0.05770613262910798,0.9452543258666992,2,0.6666666666666666,1.0,0.48579329414126704,0.12841454527178148,0.8431720430107527,0.10556218760439684,0.158333592559247,0.9395157395597711,0.41254338971229565,0.0037971138954162598
209757,41,0,0.02576096355905934,0.003652070658532065,7.053796588470185,1.9535659950986817,0.5176129410173362,0.13203491784037558,0.8089309930801392,3,1.0,1.0,0.5705146709462667,0.5054700995311343,0.6355592423613992,0.10974047176463864,0.16261756958672677,0.917275605480032,0.5300677414617159,0.09325933456420898
209757,41,1,0.03271488997337682,0.004145134588885008,7.892358924414172,2.0658950666821374,0.4227646125823874,0.08491784037558685,0.9021903276443481,3,1.0,1.0,0.709485862700374,0.6355592423613992,0.7834124830393487,0.10974047176463864,0.16261756958672677,0.917275605480032,0.5300677414617159,0.09325933456420898
209757,41,2,0.03687799123503429,0.00431276864054725,8.55088559116492,2.1460348555259894,0.38920418389532263,0.06935152582159625,0.7800126075744629,3,1.0,1.0,0.6444412912852415,0.5054700995311343,0.7834124830393487,0.10974047176463864,0.16261756958672677,0.917275605480032,0.5300677414617159,0.09325933456420898
79651,44,0,0.016038334827195785,0.0039688199892789185,4.0410839661359015,1.396512964496615,0.4964473215020883,0.19611990062761506,0.9691622257232666,3,1.0,1.0,0.754900198831477,0.6627996005326232,0.8470007971303308,0.25177436529798647,0.36323915108527877,0.9393553305980377,0.3548496546565053,0.033405959606170654
79651,44,1,0.017954457387665067,0.0039992967221561425,4.489403670327284,1.5017198801447496,0.4744748282781491,0.1674359309623431,0.935756266117096,3,1.0,1.0,0.8130031609961046,0.7790055248618785,0.8470007971303308,0.25177436529798647,0.36323915108527877,0.9393553305980377,0.3548496546565053,0.033405959606170654
79651,44,2,0.020123830075706343,0.004267618404568594,4.715470823128844,1.5508487675928113,0.41429666201988197,0.13043933054393306,0.8495314121246338,3,1.0,1.0,0.7209025626972508,0.6627996005326232,0.7790055248618785,0.25177436529798647,0.36323915108527877,0.9393553305980377,0.3548496546565053,0.033405959606170654
79651,52,0,0.12292975569309231,0.006797192282883886,18.08537268903783,2.8951034728325866,0.7314901092088648,0.13091331066945608,0.9393129348754883,3,1.0,1.0,0.7531478483755254,0.5169036725609002,0.9893920241901505,0.16411495972842194,0.2207155106958983,0.8917450875989607,0.5604960241084251,0.005734622478485107
79651,52,1,0.12282551372369625,0.006739541554929313,18.224609597612293,2.902772856417584,0.7339357177754453,0.13146247384937237,0.9918681979179382,3,1.0,1.0,0.7524890679586567,0.515586111727163,0.9893920241901505,0.16411495972842194,0.2207155106958983,0.8917450875989607,0.5604960241084251,0.005734622478485107
79651,52,2,0.10792825917202817,0.015574164774289391,6.92995487907458,1.9358533022338318,0.34135745781438315,0.06958355125523012,0.9976028203964233,2,0.6666666666666666,1.0,0.5162448921440316,0.515586111727163,0.5169036725609002,0.16411495972842194,0.2207155106958983,0.8917450875989607,0.5604960241084251,0.005734622478485107
458768,63,0,0.011275127479918294,0.0014233552239919698,7.921513394509024,2.0695822728258615,0.37603830291615825,0.07070038056206089,0.7968857288360596,3,1.0,1.0,0.4641638330406448,0.418598633823225,0.5097290322580645,0.09913744861867246,0.1222668327119683,0.9138681108946345,0.5270833475007464,0.05685919523239136
458768,63,1,0.016237869590412065,0.0015875396329465966,10.228323906499893,2.3251607255948623,0.2783295518607554,0.03633635831381733,0.9820186495780945,2,0.6666666666666666,1.0,0.6616774375338828,0.5097290322580645,0.8136258428097011,0.09913744861867246,0.1222668327119683,0.9138681108946345,0.5270833475007464,0.05685919523239136
458768,63,2,0.015225707789035021,0.0017199653828242857,8.852333850569229,2.1806811362483645,0.2126739940917302,0.029610655737704918,0.9251594543457031,1,0.3333333333333333,0.0,0.616112238316463,0.418598633823225,0.8136258428097011,0.09913744861867246,0.1222668327119683,0.9138681108946345,0.5270833475007464,0.05685919523239136
458768,81,0,0.008601829659602047,0.0012767267858698134,6.737408306981161,1.9076753269053164,0.6180021409181634,0.19362924473067916,0.8481436371803284,3,1.0,1.0,0.13658582447910603,0.11228825352060412,0.16088339543760793,0.27327177542729136,0.4047510299440207,0.912818335443435,0.5058004069371564,0.004729211330413818
458768,81,1,0.015451176851752606,0.0021625740078393962,7.14480835735416,1.966385989162996,0.229739506307853,0.040072453161592504,0.8785548806190491,3,1.0,1.0,0.4015995828434501,0.16088339543760793,0.6423157702492923,0.27327177542729136,0.4047510299440207,0.912818335443435,0.5058004069371564,0.004729211330413818
458768,81,2,0.01742056851601771,0.002306045670787073,7.554303338024358,2.0221173794885354,0.1663738356248856,0.02573916861826698,0.8832840919494629,3,1.0,1.0,0.3773020118849482,0.11228825352060412,0.6423157702492923,0.27327177542729136,0.4047510299440207,0.912818335443435,0.5058004069371564,0.004729211330413818
567197,8,0,0.0300607186355928,0.001371411915004142,21.919540208736244,3.087378486014263,0.6935764990322149,0.0935970515970516,0.9097418785095215,3,1.0,1.0,0.6144088290509704,0.45692981541349464,0.7718878426884461,0.1832687210312186,0.27123000694598076,0.8400724725644433,0.7621497583807362,0.02212214469909668
567197,8,1,0.03695456529416038,0.0014361369358141776,25.731923152215355,3.2477323671037404,0.6720985186429662,0.07377886977886979,0.8876197338104248,3,1.0,1.0,0.6795441337853039,0.5872004248821616,0.7718878426884461,0.1832687210312186,0.27123000694598076,0.8400724725644433,0.7621497583807362,0.02212214469909668
567197,8,2,0.04222210605189201,0.0023123857362304734,18.259110222008676,2.904664145745233,0.4548890116529446,0.0437051597051597,0.8360854387283325,3,1.0,1.0,0.5220651201478281,0.45692981541349464,0.5872004248821616,0.1832687210312186,0.27123000694598076,0.8400724725644433,0.7621497583807362,0.02212214469909668
567197,3,0,0.006132144080467107,0.0006099504635997865,10.053511615063131,2.3079219880712953,0.5234796350626215,0.09850614250614251,0.8775838613510132,2,0.6666666666666666,1.0,0.3359816364526017,0.19542629636822684,0.4765369765369765,0.24245741815744928,0.3581715663623195,0.8149756569393904,0.8475100694354087,0.007221043109893799
567197,3,1,0.011546268515990717,0.0006290912397690532,18.353885363076433,2.909841288581633,0.48103139404496464,0.04807371007371007,0.884804904460907,2,0.6666666666666666,1.0,0.43580055200731455,0.39506412747765257,0.4765369765369765,0.24245741815744928,0.3581715663623195,0.8149756569393904,0.8475100694354087,0.007221043109893799
567197,3,2,0.01874864075878696,0.0007492662114607442,25.022669442430313,3.219782191744217,0.3652755476639851,0.02248157248157248,0.7052263021469116,2,0.6666666666666666,1.0,0.29524521192293973,0.19542629636822684,0.39506412747765257,0.24245741815744928,0.3581715663623195,0.8149756569393904,0.8475100694354087,0.007221043109893799
40036,1,0,0.0004972578506094366,0.0005071141428157453,0.98056395522289,-0.019627406309544217,0.20377510792200254,0.20697819086651054,0.9174528121948242,1,0.3333333333333333,1.0,0.5195920773161514,0.1484055484055484,0.8907786062267544,0.40572968074690346,0.5003407962451462,0.9205935598060071,0.4837890633367205,0.024584710597991943
40036,1,1,0.0004038698057818881,0.0005286987955297986,0.7638939381605442,-0.2693263213737631,0.15133415271003575,0.18925644028103045,0.8928681015968323,1,0.3333333333333333,1.0,0.5127100067669631,0.13464140730717186,0.8907786062267544,0.40572968074690346,0.5003407962451462,0.9205935598060071,0.4837890633367205,0.024584710597991943
40036,1,2,0.0009040199323812818,0.0004671116204068684,1.9353402719001356,0.6602831632391024,0.15552035105003656,0.08688890515222482,0.7826685905456543,3,1.0,1.0,0.14152347785636013,0.13464140730717186,0.1484055484055484,0.40572968074690346,0.5003407962451462,0.9205935598060071,0.4837890633367205,0.024584710597991943
40036,19,0,0.03146456469027322,0.004012011282958628,7.84259127487481,2.059569299538917,0.6585765266378901,0.19740193208430915,0.8438193798065186,3,1.0,1.0,0.6853686872492344,0.6519491588230935,0.7187882156753752,0.322725502336687,0.4798809236537907,0.9382420589233245,0.3837457751732256,0.019691526889801025
40036,19,1,0.03455323501004658,0.005272068369563421,6.55401876101882,1.8800784128310393,0.5203984005635509,0.1420411299765808,0.910186231136322,3,1.0,1.0,0.8125782553410996,0.7187882156753752,0.9063682950068241,0.322725502336687,0.4798809236537907,0.9382420589233245,0.3837457751732256,0.019691526889801025
40036,19,2,0.03525984982967735,0.005610827193460236,6.284251609903548,1.838046759388394,0.48173561657929487,0.12885319086651054,0.929877758026123,3,1.0,1.0,0.7791587269149588,0.6519491588230935,0.9063682950068241,0.322725502336687,0.4798809236537907,0.9382420589233245,0.3837457751732256,0.019691526889801025
404922,1,0,0.002903506619716595,0.0006235278444243056,4.656578917884225,1.5382810410777688,0.41379702133093155,0.1316358695652174,0.9051806926727295,2,0.6666666666666666,1.0,0.12692739006126633,0.12015176102210134,0.1337030191004313,0.2677954528542685,0.3838379427279757,0.9102637482070549,0.4638772463027675,0.01750856637954712
404922,1,1,0.000958298708956173,0.0009182608148564621,1.0436018747705873,0.042678071767899624,0.13977592676339032,0.13472282608695652,0.9226892590522766,2,0.6666666666666666,1.0,0.22142889790474496,0.12015176102210134,0.3227060347873886,0.2677954528542685,0.3838379427279757,0.9102637482070549,0.4638772463027675,0.01750856637954712
404922,1,2,0.0025555026682876287,0.0008407209041943516,3.039656385964218,1.1117444784881423,0.13381044514287443,0.04836413043478261,0.8580424785614014,3,1.0,1.0,0.22820452694390994,0.1337030191004313,0.3227060347873886,0.2677954528542685,0.3838379427279757,0.9102637482070549,0.4638772463027675,0.01750856637954712
404922,43,0,0.015884477842011805,0.0014901704250626655,10.659504150798266,2.3664519027843034,0.5282421581204523,0.09505978260869566,0.7698253393173218,2,0.6666666666666666,1.0,0.32847850939507806,0.29069304679060776,0.36626397199954835,0.2722956393040648,0.38312611788938006,0.8694799783194203,0.7090804788598675,0.0770980715751648
404922,43,1,0.03558408112516119,0.0016197136923916944,21.969364876237986,3.0896489773239164,0.4540340984879398,0.036472826086956525,0.9481828808784485,2,0.6666666666666666,1.0,0.5704496400634836,0.36626397199954835,0.7746353081274189,0.2722956393040648,0.38312611788938006,0.8694799783194203,0.7090804788598675,0.0770980715751648
404922,43,2,0.04090634923415965,0.0017495438946589666,23.381150559101723,3.151930166110816,0.40528195794199146,0.028320652173913042,0.8710848093032837,2,0.6666666666666666,1.0,0.5326641774590133,0.29069304679060776,0.7746353081274189,0.2722956393040648,0.38312611788938006,0.8694799783194203,0.7090804788598675,0.0770980715751648
2685,44,0,0.01938145947825691,0.0025817796687847045,7.507015298432936,2.015837956529413,0.2253236672727132,0.03730011261261261,0.8263936042785645,3,1.0,1.0,0.3225433514273032,0.23160841168449006,0.41347829117011636,0.40232054047737087,0.5639374389121928,0.9003267689478319,0.5815238052701359,0.005823910236358643
2685,44,1,0.03321105313270461,0.002602353926321888,12.76192787768975,2.5464663541274137,0.20495593468407053,0.01980011261261261,0.8322175145149231,3,1.0,1.0,0.4237202776605299,0.41347829117011636,0.4339622641509434,0.40232054047737087,0.5639374389121928,0.9003267689478319,0.5815238052701359,0.005823910236358643
2685,44,2,0.03499682267730838,0.0028545002054065774,12.260227762030734,2.506360508017481,0.12010294766909868,0.011010698198198198,0.6926121115684509,2,0.6666666666666666,1.0,0.33278533791771675,0.23160841168449006,0.4339622641509434,0.40232054047737087,0.5639374389121928,0.9003267689478319,0.5815238052701359,0.005823910236358643
2685,1,0,0.0025223226114472197,0.001465975832338355,1.7205758472179769,0.5426590300846893,0.1608679005521775,0.10025056306306307,0.8008623719215393,2,0.6666666666666666,0.0,0.413814211415722,0.2485021711647337,0.5791262516667103,0.422330868083644,0.5906654356232551,0.9329971049603947,0.38105882074458153,0.043248116970062256
2685,1,1,0.002774235962803728,0.0014816605611530072,1.872382942266125,0.627211920672015,0.12318176591748985,0.06979448198198199,0.7511617541313171,2,0.6666666666666666,0.0,0.4740422018558217,0.36895815204493315,0.5791262516667103,0.422330868083644,0.5906654356232551,0.9329971049603947,0.38105882074458153,0.043248116970062256
2685,1,2,0.0046425695057447924,0.0014845769689906599,3.1272002729329693,1.1401381229891094,0.08164595206509181,0.02764358108108108,0.757614254951477,2,0.6666666666666666,0.0,0.3087301616048334,0.2485021711647337,0.36895815204493315,0.422330868083644,0.5906654356232551,0.9329971049603947,0.38105882074458153,0.043248116970062256
300276,67,0,0.007512136622372873,0.001224201364672333,6.136357002221769,1.8142312440932318,0.20987681102551833,0.041491121169916434,0.9175196886062622,3,1.0,1.0,0.48047930114803433,0.3843784159793302,0.5765801863167385,0.15061731782642132,0.21906805683059072,0.9348733833094424,0.38453190781639457,0.000690758228302002
300276,67,1,0.008041332520598854,0.001303089556599023,6.170974568636113,1.8198567783457553,0.1462551536079705,0.027010793871866296,0.9168289303779602,3,1.0,1.0,0.616339445024682,0.5765801863167385,0.6560987037326254,0.15061731782642132,0.21906805683059072,0.9348733833094424,0.38453190781639457,0.000690758228302002
300276,67,2,0.008231226817639938,0.0013534422698360594,6.081697753207662,1.8052838928454695,0.10609408706251036,0.019141713091922006,0.9023315906524658,2,0.6666666666666666,1.0,0.5202385598559778,0.3843784159793302,0.6560987037326254,0.15061731782642132,0.21906805683059072,0.9348733833094424,0.38453190781639457,0.000690758228302002
300276,61,0,0.022770541393187817,0.001702150301987331,13.37751510734672,2.5935753205567655,0.41161422182623925,0.04969533426183844,0.887448251247406,3,1.0,1.0,0.5726293054101605,0.5050663871418588,0.6401922236784622,0.19397712725546903,0.2817012325277012,0.9025150181568856,0.5358450054678974,0.007429540157318115
300276,61,1,0.02465450160965784,0.002024836281514494,12.176046934047054,2.499470655788389,0.2870429137219893,0.03200731197771588,0.8800187110900879,3,1.0,1.0,0.6709426932015162,0.6401922236784622,0.7016931627245703,0.19397712725546903,0.2817012325277012,0.9025150181568856,0.5358450054678974,0.007429540157318115
300276,61,2,0.026270545167174333,0.0021387131581988637,12.2833419966495,2.5082440352953785,0.2417250549324943,0.025295961002785514,0.7751049995422363,3,1.0,1.0,0.6033797749332146,0.5050663871418588,0.7016931627245703,0.19397712725546903,0.2817012325277012,0.9025150181568856,0.5358450054678974,0.007429540157318115
99428,75,0,0.007300663776009426,0.002437624379434646,2.994991285206815,1.096941321919457,0.7599724634378002,0.5138932291666667,0.8978571891784668,3,1.0,1.0,0.3863834505014715,0.31999670648442546,0.4527701945185176,0.21661648554241528,0.30067114093959735,0.9627986250684238,0.2979228349963944,0.04710650444030762
99428,75,1,0.01221705593293835,0.002728563470716413,4.477468110812597,1.499057732912648,0.5759162539067907,0.23271809895833334,0.9449636936187744,3,1.0,1.0,0.5794693766619767,0.4527701945185176,0.7061685588054359,0.21661648554241528,0.30067114093959735,0.9627986250684238,0.2979228349963944,0.04710650444030762
99428,75,2,0.012964086618366732,0.0033559649614543718,3.8629982027242318,1.3514436185072847,0.4320431821958086,0.164521484375,0.8419768810272217,2,0.6666666666666666,1.0,0.5130826326449307,0.31999670648442546,0.7061685588054359,0.21661648554241528,0.30067114093959735,0.9627986250684238,0.2979228349963944,0.04710650444030762
99428,73,0,0.005368816712210474,0.0018220017801010772,2.946658322675171,1.080671756492372,0.9181097083853226,0.791875,0.9366163015365601,2,0.6666666666666666,1.0,0.33539667961035946,0.2199802810158117,0.4508130782049072,0.5220865343692779,0.5871178040249486,0.9623771993583654,0.3567090601857019,0.0022405385971069336
99428,73,1,0.007014235848928292,0.0032969887575301647,2.127467323259943,0.7549322222702372,0.5434495433212099,0.3587727864583333,0.9339075684547424,2,0.6666666666666666,1.0,0.46667743323882926,0.4508130782049072,0.4825417882727514,0.5220865343692779,0.5871178040249486,0.9623771993583654,0.3567090601857019,0.0022405385971069336
99428,73,2,0.009417290857236211,0.0035303628840623776,2.667513557057412,0.9811467865953524,0.38009930519546303,0.18690104166666666,0.938856840133667,3,1.0,1.0,0.35126103464428154,0.2199802810158117,0.4825417882727514,0.5220865343692779,0.5871178040249486,0.9623771993583654,0.3567090601857019,0.0022405385971069336
64462,1,0,0.005464601179525447,0.0011213074912717821,4.873418948137144,1.5837957336994009,0.40978006731232625,0.1246984126984127,0.9853832721710205,1,0.3333333333333333,0.0,0.9140999254542903,0.8698859541272735,0.958313896781307,0.3123648537261913,0.40115034450270537,0.9380400471950233,0.36579946804060404,0.027939975261688232
64462,1,1,0.005510510377732297,0.0011400495906834238,4.833570765632528,1.5755854836573213,0.39644342823586753,0.11963492063492064,0.9574432969093323,1,0.3333333333333333,0.0,0.9327882086125516,0.9072625204437962,0.958313896781307,0.3123648537261913,0.40115034450270537,0.9380400471950233,0.36579946804060404,0.027939975261688232
64462,1,2,0.005407219571104131,0.0012064476660356498,4.4819346241434195,1.5000547891439093,0.3533301004476931,0.10866137566137567,0.8937113285064697,1,0.3333333333333333,0.0,0.8885742372855349,0.8698859541272735,0.9072625204437962,0.3123648537261913,0.40115034450270537,0.9380400471950233,0.36579946804060404,0.027939975261688232
64462,35,0,0.009809841074203017,0.010856575395907056,0.9035852205289114,-0.10138485062981867,0.7785544110313223,0.7955396825396825,0.9618185758590698,3,1.0,1.0,0.47968378645845294,0.2403279494521995,0.7190396234647064,0.40494425527009553,0.5453074967684783,0.9509575083914635,0.3588611790706463,0.0028697848320007324
64462,35,1,0.012154274387619877,0.007077438364342179,1.7173267727965926,0.540768880020602,0.7037128149919916,0.5803650793650794,0.9589487910270691,3,1.0,1.0,0.5183549664524673,0.3176703094402281,0.7190396234647064,0.40494425527009553,0.5453074967684783,0.9509575083914635,0.3588611790706463,0.0028697848320007324
64462,35,2,0.020598792885714135,0.007507743080364225,2.7436731202010107,1.0092975775250275,0.39496871378482035,0.1922010582010582,0.7376339435577393,3,1.0,1.0,0.2789991294462138,0.2403279494521995,0.3176703094402281,0.40494425527009553,0.5453074967684783,0.9509575083914635,0.3588611790706463,0.0028697848320007324
157365,1,0,0.004287253562726738,0.0008587605405550438,4.992373723836191,1.6079114930486846,0.5368787740606182,0.18844774590163935,0.9853110313415527,2,0.6666666666666666,1.0,0.3643690627884526,0.24474005701099497,0.4839980685659102,0.18587348213614105,0.2784642745540068,0.9204688048267724,0.4408919569334851,0.010200083255767822
157365,1,1,0.007957016234120708,0.0008455707369789844,9.410231310911884,2.241797534814245,0.49019561375421716,0.09270711358313817,0.9751109480857849,2,0.6666666666666666,1.0,0.49219631963649046,0.4839980685659102,0.5003945707070707,0.18587348213614105,0.2784642745540068,0.9204688048267724,0.4408919569334851,0.010200083255767822
157365,1,2,0.008642691283189723,0.0011572309176394308,7.468424101000543,2.010684013282974,0.2667123417465242,0.04643954918032787,0.8714144229888916,2,0.6666666666666666,1.0,0.37256731385903286,0.24474005701099497,0.5003945707070707,0.18587348213614105,0.2784642745540068,0.9204688048267724,0.4408919569334851,0.010200083255767822
157365,3,0,0.010675845242564418,0.0012217205143384056,8.738369462190217,2.167723611966424,0.38880032075942583,0.06785714285714285,0.9562631845474243,3,1.0,1.0,0.8733681442137549,0.7755311118300442,0.9712051765974656,0.11490942182036369,0.12354248128587585,0.9153421198023151,0.5039198899908728,0.0034996867179870605
157365,3,1,0.010860350998746162,0.0012284047703950624,8.841019875242251,2.1794022405894826,0.38417290017570754,0.06591042154566745,0.9527634978294373,3,1.0,1.0,0.8832253301805904,0.795245483763715,0.9712051765974656,0.11490942182036369,0.12354248128587585,0.9153421198023151,0.5039198899908728,0.0034996867179870605
157365,3,2,0.012229972973984548,0.0012872435152778345,9.500900815836674,2.2513866169125216,0.3455065538706011,0.052638319672131145,0.8237541913986206,3,1.0,1.0,0.7853882977968796,0.7755311118300442,0.795245483763715,0.11490942182036369,0.12354248128587585,0.9153421198023151,0.5039198899908728,0.0034996867179870605
25096,41,0,0.005129178484327362,0.0023773721796061667,2.1574991606991705,0.7689497551548853,0.5563481696864291,0.367584,0.9558460712432861,3,1.0,1.0,0.42404197284741973,0.24959920550471731,0.5984847401901222,0.3153368542191043,0.4638902240784262,0.9624996509555873,0.30157596752728244,0.03872227668762207
25096,41,1,0.005178647643523764,0.002857906596839426,1.8120422995764858,0.5944545516785517,0.3496347859359712,0.2288,0.9171237945556641,2,0.6666666666666666,1.0,0.44927484238886206,0.30006494458760186,0.5984847401901222,0.3153368542191043,0.4638902240784262,0.9624996509555873,0.30157596752728244,0.03872227668762207
25096,41,2,0.007514447596580242,0.0029194418550709225,2.57393295261356,0.9454350610320787,0.22653894249803422,0.10216533333333333,0.7270112037658691,3,1.0,1.0,0.2748320750461596,0.24959920550471731,0.30006494458760186,0.3153368542191043,0.4638902240784262,0.9624996509555873,0.30157596752728244,0.03872227668762207
25096,67,0,0.011988414949265877,0.0035490084244978303,3.3779618169219265,1.2172725149480408,0.40438671914786023,0.16735466666666668,0.8926942348480225,2,0.6666666666666666,1.0,0.46285899791077045,0.2268196640620193,0.6988983317595215,0.22534710342908906,0.33712267020546266,0.9314079950453891,0.4094454533037497,0.11739146709442139
25096,67,1,0.012116808124244358,0.003980958354002234,3.0436912531423745,1.1130710069293828,0.2943042913024033,0.12050666666666666,0.7753027677536011,2,0.6666666666666666,1.0,0.5002172375385444,0.3015361433175673,0.6988983317595215,0.22534710342908906,0.33712267020546266,0.9314079950453891,0.4094454533037497,0.11739146709442139
25096,67,2,0.018918884219444248,0.004298596095356222,4.401177453141308,1.4818721081644408,0.17286635051601795,0.04533333333333334,0.7050751447677612,2,0.6666666666666666,1.0,0.2641779036897933,0.2268196640620193,0.3015361433175673,0.22534710342908906,0.33712267020546266,0.9314079950453891,0.4094454533037497,0.11739146709442139
190648,62,0,0.0018460034515272938,0.0011476639211116541,1.6084878298959888,0.47529450209003704,0.6752601827544398,0.5638444010416667,0.8394194841384888,2,0.6666666666666666,1.0,0.07836313844195023,0.06233781015251536,0.09438846673138508,0.2871490630313891,0.4286424821028475,0.9207182075778608,0.481923079056567,0.045912206172943115
190648,62,1,0.003606417801852014,0.0013747481962431657,2.623329718914416,0.9644443962412528,0.1747368059441993,0.07468424479166667,0.8853316903114319,3,1.0,1.0,0.33088492483215254,0.09438846673138508,0.56738138293292,0.2871490630313891,0.4286424821028475,0.9207182075778608,0.481923079056567,0.045912206172943115
190648,62,2,0.00560173249789551,0.0013553492062450434,4.133054764005726,1.419016786045132,0.1592420793255912,0.043818359375,0.7172489166259766,3,1.0,1.0,0.31485959654271767,0.06233781015251536,0.56738138293292,0.2871490630313891,0.4286424821028475,0.9207182075778608,0.481923079056567,0.045912206172943115
190648,65,0,0.01865564096975942,0.003060140081828747,6.096335613667211,1.8076878716579268,0.56213051153511,0.17395182291666667,0.7884034514427185,3,1.0,1.0,0.1830261219779536,0.15906274850664842,0.20698949544925876,0.148193452581845,0.2147651006711409,0.9437064601525755,0.3694034889041067,0.07171255350112915
190648,65,1,0.026135010586376243,0.004949516350645067,5.280316040917769,1.663985952199546,0.1759706210133228,0.038870442708333335,0.9111883044242859,3,1.0,1.0,0.48616397079898754,0.20698949544925876,0.7653384461487163,0.148193452581845,0.2147651006711409,0.9437064601525755,0.3694034889041067,0.07171255350112915
190648,65,2,0.02659346170159966,0.005127633530597844,5.18630310409737,1.6460211320518798,0.138495475557213,0.030065104166666665,0.8394757509231567,2,0.6666666666666666,1.0,0.46220059732768237,0.15906274850664842,0.7653384461487163,0.148193452581845,0.2147651006711409,0.9437064601525755,0.3694034889041067,0.07171255350112915
334417,54,0,0.006359482576335539,0.0010192012860040182,6.239672827562341,1.8309277496836096,0.6756110623740266,0.25025487588652484,0.8458119630813599,2,0.6666666666666666,1.0,0.2999635837872472,0.1495705720304651,0.45035659554402924,0.079285966628519,0.07954417230548112,0.8946667281483652,0.589058839249319,0.13056880235671997
334417,54,1,0.009638658590434876,0.0014248428235405337,6.764717079263136,1.911720439604833,0.46367717901995026,0.11332003546099291,0.9763807654380798,1,0.3333333333333333,0.0,0.3862130253733572,0.32206945520268526,0.45035659554402924,0.079285966628519,0.07954417230548112,0.8946667281483652,0.589058839249319,0.13056880235671997
334417,54,2,0.012932346103077202,0.0019379411738649909,6.673239761252376,1.898105463407631,0.20857089079001154,0.03799128250591016,0.6732068061828613,1,0.3333333333333333,0.0,0.23582001361657517,0.1495705720304651,0.32206945520268526,0.079285966628519,0.07954417230548112,0.8946667281483652,0.589058839249319,0.13056880235671997
334417,59,0,0.01040615765304763,0.00137524046692296,7.566791332692645,2.0237691114658745,0.6308413458408398,0.18423093971631205,0.723415195941925,3,1.0,1.0,0.18883232274294115,0.18587160355903123,0.19179304192685104,0.2063753075338007,0.26434393179371257,0.8872757981800341,0.6131753663919054,0.03474956750869751
334417,59,1,0.023159920256111296,0.0021398054996636046,10.823376353097911,2.3817082722060916,0.3260092788155675,0.042778516548463354,0.9375206828117371,3,1.0,1.0,0.5065492939568805,0.19179304192685104,0.8213055459869101,0.2063753075338007,0.26434393179371257,0.8872757981800341,0.6131753663919054,0.03474956750869751
334417,59,2,0.02736353766972555,0.002147821059916898,12.740138444328384,2.544757517023275,0.31822936369011573,0.03534278959810875,0.9722702503204346,3,1.0,1.0,0.5035885747729707,0.18587160355903123,0.8213055459869101,0.2063753075338007,0.26434393179371257,0.8872757981800341,0.6131753663919054,0.03474956750869751
223959,43,0,0.005346697094471798,0.007897768237027923,0.6769883508010955,-0.3901012131193595,0.6819790573825282,0.7600553385416666,0.9597150683403015,2,0.6666666666666666,1.0,0.2949832988085919,0.23496510080325925,0.3550014968139246,0.11456226284888493,0.17183295889706535,0.9301598950407521,0.45851604601925366,0.03511536121368408
223959,43,1,0.006683015672193163,0.005689153461117621,1.174694217108639,0.16100787311864795,0.304300262191742,0.27132486979166665,0.9245997071266174,2,0.6666666666666666,1.0,0.46795410001139304,0.3550014968139246,0.5809067032088615,0.11456226284888493,0.17183295889706535,0.9301598950407521,0.45851604601925366,0.03511536121368408
223959,43,2,0.007576924593874933,0.005605237984295467,1.3517578760709004,0.3014058759686095,0.2280220713232496,0.179326171875,0.6873222589492798,2,0.6666666666666666,1.0,0.4079359020060604,0.23496510080325925,0.5809067032088615,0.11456226284888493,0.17183295889706535,0.9301598950407521,0.45851604601925366,0.03511536121368408
223959,1,0,0.002622060652854288,0.000650544649128204,4.030562164084439,1.3939058614215092,0.4502398551948375,0.168876953125,0.9766600728034973,2,0.6666666666666666,1.0,0.5353625042117215,0.2066161878889467,0.8641088205344963,0.30650584916907647,0.4559470121860103,0.8790318562747375,0.626359684806887,0.09059292078018188
223959,1,1,0.0028153953608778402,0.0006678919459626595,4.2153455715123975,1.438731574572268,0.42069589497452725,0.14695963541666668,0.8860671520233154,2,0.6666666666666666,1.0,0.5490949472274177,0.23408107392033914,0.8641088205344963,0.30650584916907647,0.4559470121860103,0.8790318562747375,0.626359684806887,0.09059292078018188
223959,1,2,0.005555141813161349,0.0008177409184678518,6.793278507789949,1.9159336687817592,0.1976206913965857,0.03498697916666667,0.8388956785202026,2,0.6666666666666666,1.0,0.2203486309046429,0.2066161878889467,0.23408107392033914,0.30650584916907647,0.4559470121860103,0.8790318562747375,0.626359684806887,0.09059292078018188
292330,39,0,0.008472505241591844,0.005162582883543734,1.6411368942778026,0.4953892300006166,0.5410350212854663,0.4180267333984375,0.9576223492622375,3,1.0,1.0,0.5083055754605296,0.189626158733843,0.8269849921872161,0.27145157417041216,0.4068328944199088,0.9493768095784924,0.34849906146037013,0.006334483623504639
292330,39,1,0.008974174095349655,0.005243814917755035,1.7113826926371127,0.5373016360769024,0.4786290302137847,0.3491363525390625,0.9512878656387329,3,1.0,1.0,0.529928165549675,0.23287133891213388,0.8269849921872161,0.27145157417041216,0.4068328944199088,0.9493768095784924,0.34849906146037013,0.006334483623504639
292330,39,2,0.01527116234745738,0.00576180108335576,2.6504147095464825,0.9747161219881627,0.19243217131644202,0.082489013671875,0.9380092620849609,3,1.0,1.0,0.21124874882298844,0.189626158733843,0.23287133891213388,0.27145157417041216,0.4068328944199088,0.9493768095784924,0.34849906146037013,0.006334483623504639
292330,18,0,0.03027566432971027,0.0019703920967080422,15.365299305111346,2.7321116750945666,0.8281071575325186,0.2386962890625,0.9903663396835327,2,0.6666666666666666,1.0,0.9512735405262138,0.9430028632784538,0.9595442177739739,0.12999425143073148,0.15857068305063785,0.8992272964631345,0.4565770981279127,0.0034720897674560547
292330,18,1,0.03110618891443387,0.002063100369794143,15.077399701334095,2.713196914145041,0.8178312685528789,0.2294403076171875,0.9938384294509888,2,0.6666666666666666,1.0,0.9699745735586964,0.9595442177739739,0.9804049293434189,0.12999425143073148,0.15857068305063785,0.8992272964631345,0.4565770981279127,0.0034720897674560547
292330,18,2,0.031488003271838726,0.0021115950616606566,14.91195155200029,2.7021630090426965,0.8125198905049001,0.2251861572265625,0.9886837005615234,2,0.6666666666666666,1.0,0.9617038963109363,0.9430028632784538,0.9804049293434189,0.12999425143073148,0.15857068305063785,0.8992272964631345,0.4565770981279127,0.0034720897674560547
367195,63,0,0.006089624889272145,0.004271020871055504,1.4258007796485912,0.35473360668029,0.2954875628024857,0.22730128205128206,0.853020191192627,3,1.0,1.0,0.5626407821346162,0.3396942274183576,0.7855873368508748,0.3690114756483804,0.5179929421428837,0.9806228332990371,0.24251711119616418,0.11244940757751465
367195,63,1,0.006720356392575978,0.0042226333548656125,1.591508384984646,0.46468223647980034,0.26522211976980986,0.18487179487179486,0.9654695987701416,3,1.0,1.0,0.6013341268623333,0.4170809168737918,0.7855873368508748,0.3690114756483804,0.5179929421428837,0.9806228332990371,0.24251711119616418,0.11244940757751465
367195,63,2,0.009349129772245468,0.004288283338531785,2.1801567275324327,0.7793967676872566,0.15621007206284704,0.07826923076923077,0.7954827547073364,2,0.6666666666666666,1.0,0.37838757214607466,0.3396942274183576,0.4170809168737918,0.3690114756483804,0.5179929421428837,0.9806228332990371,0.24251711119616418,0.11244940757751465
367195,18,0,0.016143030700866402,0.002036577941932791,7.926546959268103,2.0702175006839147,0.6627399991032186,0.19866025641025642,0.8219176530838013,3,1.0,1.0,0.44302506583355783,0.39174459851660753,0.4943055331505081,0.10439501840681413,0.12063604546579577,0.9360861678814199,0.47754064194660834,0.02005058526992798
367195,18,1,0.029935294971550657,0.0021049997579855205,14.221044370084686,2.654722865458805,0.6077242204073516,0.09823717948717949,0.9313976168632507,3,1.0,1.0,0.6425409896080837,0.4943055331505081,0.7907764460656592,0.10439501840681413,0.12063604546579577,0.9360861678814199,0.47754064194660834,0.02005058526992798
367195,18,2,0.03196057643244746,0.0025447213291806383,12.559558507798856,2.530482009800585,0.5151344939772822,0.07799358974358975,0.9514482021331787,3,1.0,1.0,0.5912605222911334,0.39174459851660753,0.7907764460656592,0.10439501840681413,0.12063604546579577,0.9360861678814199,0.47754064194660834,0.02005058526992798
321790,1,0,0.005328442638384779,0.0012467985118078159,4.273699867017821,1.4524799316469146,0.5133059635494943,0.19793618266978924,1.0025498867034912,2,0.6666666666666666,1.0,0.8288848821113814,0.7107691172128727,0.9470006470098901,0.23995505060213304,0.296072030708579,0.9458883017665716,0.365937600378109,0.00925987958908081
321790,1,1,0.005213678827583143,0.0013258668644566245,3.93227929848565,1.3692192321223313,0.4756856859493862,0.18746706674473068,0.9932900071144104,2,0.6666666666666666,1.0,0.814326466610749,0.6816522862116079,0.9470006470098901,0.23995505060213304,0.296072030708579,0.9458883017665716,0.365937600378109,0.00925987958908081
321790,1,2,0.0053624336639224255,0.0015103550134588676,3.550445830673583,1.2670731818937668,0.36880320508340303,0.14131293911007026,0.9601703882217407,2,0.6666666666666666,1.0,0.6962107017122403,0.6816522862116079,0.7107691172128727,0.23995505060213304,0.296072030708579,0.9458883017665716,0.365937600378109,0.00925987958908081
321790,43,0,0.04468788337451317,0.004906868783494017,9.107209778205075,2.2090663831736688,0.31352055945081153,0.04775322014051522,0.8071768283843994,2,0.6666666666666666,1.0,0.6605865731635783,0.5842464178990115,0.7369267284281449,0.11236155270684546,0.14109157647155052,0.9204712393393674,0.535483197648919,0.1296406388282776
321790,43,1,0.05875252419638097,0.00490795170157378,11.970884751284439,2.482477430914243,0.30436103351767885,0.035260538641686184,0.936817467212677,2,0.6666666666666666,1.0,0.763981106484253,0.7369267284281449,0.7910354845403611,0.11236155270684546,0.14109157647155052,0.9204712393393674,0.535483197648919,0.1296406388282776
321790,43,2,0.05887729426322726,0.005311770556869738,11.084306752669628,2.4055303019026835,0.2413850524530432,0.027905444964871195,0.806199312210083,2,0.6666666666666666,1.0,0.6876409512196864,0.5842464178990115,0.7910354845403611,0.11236155270684546,0.14109157647155052,0.9204712393393674,0.535483197648919,0.1296406388282776
3156,1,0,0.0023385778334589686,0.0005397904809991197,4.332380639239916,1.466117192566841,0.6682222000172191,0.3173532731376975,0.876731812953949,3,1.0,1.0,0.19742603601816477,0.10695412295181858,0.28789794908451094,0.15826843581289227,0.2030357565013545,0.9282656649590463,0.4619304857800567,0.02160489559173584
3156,1,1,0.003732447057783527,0.0008331124665892192,4.480123876412657,1.4996506972975012,0.32168431540535175,0.09572164221218962,0.9100171327590942,3,1.0,1.0,0.3031489745422555,0.28789794908451094,0.3184,0.15826843581289227,0.2030357565013545,0.9282656649590463,0.4619304857800567,0.02160489559173584
3156,1,2,0.006343496504585834,0.0009204960513990839,6.891389146159631,1.930272682591076,0.2002632074456921,0.03506278216704289,0.8884122371673584,3,1.0,1.0,0.2126770614759093,0.10695412295181858,0.3184,0.15826843581289227,0.2030357565013545,0.9282656649590463,0.4619304857800567,0.02160489559173584
3156,81,0,0.017747264852165576,0.003043510812824581,5.8311817955605525,1.763219689234567,0.3639378427198616,0.08935524830699774,0.7963372468948364,3,1.0,1.0,0.6151259784546468,0.3745327194742848,0.8557192374350087,0.09203950054719544,0.11331256386004394,0.9274600494966491,0.48246825464527304,0.07883864641189575
3156,81,1,0.02040103643256621,0.003022403513472595,6.749938032720347,1.9095333245535895,0.359651756734762,0.07681645033860045,0.8454594016075134,3,1.0,1.0,0.645287706703968,0.43485617597292725,0.8557192374350087,0.09203950054719544,0.11331256386004394,0.9274600494966491,0.48246825464527304,0.07883864641189575
3156,81,2,0.029604706619823007,0.00347281798554429,8.524692838648269,2.1429669918971443,0.22997905022001627,0.03384946388261851,0.9242980480194092,3,1.0,1.0,0.404694447723606,0.3745327194742848,0.43485617597292725,0.09203950054719544,0.11331256386004394,0.9274600494966491,0.48246825464527304,0.07883864641189575
549930,1,0,0.002586842079018455,0.0006072163071174672,4.260165684677272,1.4493080530282636,0.3098275311336855,0.09532930107526882,0.9645587205886841,3,1.0,1.0,0.7820627003568731,0.720092744775769,0.8440326559379772,0.18184787702761993,0.21052725214559864,0.9209699493144897,0.45895160165106913,0.015835225582122803
549930,1,1,0.0026797523419613127,0.0006310035517671822,4.246810228261973,1.4461681669908566,0.2710359565696943,0.08050235215053764,0.9487234950065613,3,1.0,1.0,0.8464163834551863,0.8440326559379772,0.8488001109723956,0.18184787702761993,0.21052725214559864,0.9209699493144897,0.45895160165106913,0.015835225582122803
549930,1,2,0.0029661738083549944,0.0006356364175818383,4.666462967890974,1.5404013905939575,0.2563229611822426,0.06878080197132616,0.8662418127059937,3,1.0,1.0,0.7844464278740824,0.720092744775769,0.8488001109723956,0.18184787702761993,0.21052725214559864,0.9209699493144897,0.45895160165106913,0.015835225582122803
549930,28,0,0.010998491726471252,0.003770169178148594,2.917240899241293,1.0706382721539343,0.5451611737890626,0.2912130376344086,0.9589709639549255,3,1.0,1.0,0.17651362724660546,0.17589301154814288,0.17713424294506802,0.15702975273146494,0.23554462909719745,0.9432231985058137,0.4089117461637688,0.013101458549499512
549930,28,1,0.03036637450909167,0.004529708287281242,6.703825627723573,1.902678352690011,0.26915511222815686,0.05207493279569893,0.9866013526916504,2,0.6666666666666666,1.0,0.5831630240374638,0.17713424294506802,0.9891918051298596,0.15702975273146494,0.23554462909719745,0.9432231985058137,0.4089117461637688,0.013101458549499512
549930,28,2,0.03044236423831476,0.0045409128752401575,6.704018568072772,1.9027071329093879,0.2669122934043938,0.05151209677419355,0.9734998941421509,2,0.6666666666666666,1.0,0.5825424083390013,0.17589301154814288,0.9891918051298596,0.15702975273146494,0.23554462909719745,0.9432231985058137,0.4089117461637688,0.013101458549499512
339442,54,0,0.013136727569337203,0.0013944378322154735,9.420805471868798,2.2429205915767287,0.8919123581416688,0.4669245936902486,0.8654142618179321,3,1.0,1.0,0.5072850162765385,0.4338489291471559,0.5807211034059213,0.2453219891068764,0.2675059530897411,0.9412954173248762,0.37348663897082324,0.05394768714904785
339442,54,1,0.016484235630309298,0.0033007904491495306,4.994026697321103,1.6082425377832321,0.6502428516505588,0.27128047323135757,0.8648208975791931,3,1.0,1.0,0.663341227818816,0.5807211034059213,0.7459613522317106,0.2453219891068764,0.2675059530897411,0.9412954173248762,0.37348663897082324,0.05394768714904785
339442,54,2,0.01874831783453044,0.0038587111672772787,4.858699450910348,1.5807707994604066,0.5526588614499114,0.2027246653919694,0.91936194896698,3,1.0,1.0,0.5899051406894332,0.4338489291471559,0.7459613522317106,0.2453219891068764,0.2675059530897411,0.9412954173248762,0.37348663897082324,0.05394768714904785
339442,67,0,0.00315986424532992,0.0013080796082669765,2.415651328056898,0.8819689521169697,0.7274155127200078,0.5248745219885277,0.821755588054657,3,1.0,1.0,0.2549374655019747,0.20716214295864716,0.3027127880453023,0.2500816454878066,0.36476422034393413,0.9259218660028379,0.4419864744812715,0.009015440940856934
339442,67,1,0.008177529967084207,0.0011623953036197176,7.035067962322439,1.95090735124218,0.5714079460703335,0.1593182361376673,0.947046160697937,3,1.0,1.0,0.49250208134159335,0.3027127880453023,0.6822913746378844,0.2500816454878066,0.36476422034393413,0.9259218660028379,0.4419864744812715,0.009015440940856934
339442,67,2,0.00954563806503989,0.0013857415058859983,6.8884694711141305,1.929848922734805,0.4588372065088634,0.10959608030592734,0.956061601638794,3,1.0,1.0,0.44472675879826573,0.20716214295864716,0.6822913746378844,0.2500816454878066,0.36476422034393413,0.9259218660028379,0.4419864744812715,0.009015440940856934
150638,44,0,0.007210900236500735,0.0015454093415858841,4.666013099438732,1.5403049811576224,0.27194119650856263,0.07411713752665246,0.8493115901947021,3,1.0,1.0,0.594370238950138,0.37152655645444954,0.8172139214458263,0.1447153566673263,0.21574026999798576,0.929700450022825,0.39781400420674085,0.006671011447906494
150638,44,1,0.0076301166247942625,0.0015959218941000945,4.781008800130354,1.5646515704197141,0.2376690258019698,0.061217350746268655,0.8559826016426086,3,1.0,1.0,0.6200062212551216,0.422798521064417,0.8172139214458263,0.1447153566673263,0.21574026999798576,0.929700450022825,0.39781400420674085,0.006671011447906494
150638,44,2,0.010445246128327925,0.0017047886831955982,6.1270034375295594,1.8127057948852145,0.15842006148391746,0.029807436034115137,0.8222454786300659,3,1.0,1.0,0.3971625387594333,0.37152655645444954,0.422798521064417,0.1447153566673263,0.21574026999798576,0.929700450022825,0.39781400420674085,0.006671011447906494
150638,1,0,0.0009262420497493804,0.00039446698646093816,2.3480850849175328,0.8536001395769767,0.22183317104284225,0.10826226012793178,0.9329894781112671,2,0.6666666666666666,0.0,0.6298393907421751,0.47237651555874094,0.7873022659256093,0.34986544044334944,0.47207558542368455,0.9039302629816434,0.5140218338750413,0.02048403024673462
150638,1,1,0.000990496061071492,0.00040090676341060017,2.4706394329057693,0.9044769978648436,0.190027166655581,0.0867237473347548,0.9125054478645325,2,0.6666666666666666,0.0,0.6916653649213755,0.5960284639171417,0.7873022659256093,0.34986544044334944,0.47207558542368455,0.9039302629816434,0.5140218338750413,0.02048403024673462
150638,1,2,0.0013328490071462685,0.00039978982679007716,3.333874237155741,1.2041350630583925,0.16510836630037365,0.05599680170575693,0.8136955499649048,1,0.3333333333333333,0.0,0.5342024897379414,0.47237651555874094,0.5960284639171417,0.34986544044334944,0.47207558542368455,0.9039302629816434,0.5140218338750413,0.02048403024673462
521405,90,0,0.05896161482910047,0.003809138750098952,15.478988475305556,2.7394835220710214,0.5346598772087512,0.06909844483568076,0.7143973112106323,2,0.6666666666666666,1.0,0.2553830958479955,0.23322567201500313,0.2775405196809879,0.273412004965456,0.4099852206762165,0.9023181936469179,0.6117800297520128,0.04469174146652222
521405,90,1,0.08263611241876581,0.0059349363296114024,13.923672945325908,2.633590481127972,0.23825777348059599,0.021970363849765258,0.9284084439277649,3,1.0,1.0,0.5403194852278004,0.2775405196809879,0.8030984507746127,0.273412004965456,0.4099852206762165,0.9023181936469179,0.6117800297520128,0.04469174146652222
521405,90,2,0.08722508455717988,0.006183188677363017,14.106812697210541,2.646657850721473,0.20295437796915727,0.017730340375586854,0.8837167024612427,3,1.0,1.0,0.5181620613948079,0.23322567201500313,0.8030984507746127,0.273412004965456,0.4099852206762165,0.9023181936469179,0.6117800297520128,0.04469174146652222
521405,81,0,0.003393027059212496,0.002586813856348012,1.3116626268157576,0.2712955135540752,0.5911275919040597,0.5243141138497652,0.9136794805526733,2,0.6666666666666666,1.0,0.23660312459118552,0.08098089171974522,0.3922253574626258,0.3187679397262738,0.43063603781763427,0.9072321918478748,0.5084421384063308,0.02736055850982666
521405,81,1,0.005100610181230368,0.002390118116725716,2.134041051529195,0.7580173897833713,0.38730299004516905,0.22852112676056338,0.8863189220428467,2,0.6666666666666666,1.0,0.25243927052904186,0.1126531835954579,0.3922253574626258,0.3187679397262738,0.43063603781763427,0.9072321918478748,0.5084421384063308,0.02736055850982666
521405,81,2,0.011579300898999166,0.0020766499740489447,5.57595215280623,1.7184630925906639,0.3777133838901953,0.09816974765258216,0.8692331314086914,3,1.0,1.0,0.09681703765760155,0.08098089171974522,0.1126531835954579,0.3187679397262738,0.43063603781763427,0.9072321918478748,0.5084421384063308,0.02736055850982666
82765,73,0,0.01981795472861455,0.0010639917863083138,18.62604107006315,2.9245606591331677,0.6919019550529028,0.10759609741784038,0.7686592936515808,3,1.0,1.0,0.6354836024209609,0.5687063235043464,0.7022608813375754,0.18866363355284102,0.2798713907510071,0.8721768405060906,0.7045104181451753,0.08990174531936646
82765,73,1,0.025794551420337077,0.0011903227342712453,21.670216535399646,3.075938807941341,0.6434560538343728,0.07687793427230047,0.8893335461616516,3,1.0,1.0,0.7491027689130625,0.7022608813375754,0.7959446564885496,0.18866363355284102,0.2798713907510071,0.8721768405060906,0.7045104181451753,0.08990174531936646
82765,73,2,0.029710977651735138,0.0013461869898762481,22.070468555334894,3.094240450495377,0.589916747357084,0.06119058098591549,0.9792352914810181,3,1.0,1.0,0.6823254899964479,0.5687063235043464,0.7959446564885496,0.18866363355284102,0.2798713907510071,0.8721768405060906,0.7045104181451753,0.08990174531936646
82765,65,0,0.0068922514487768155,0.004603714810638424,1.4971065174047826,0.4035342569622727,0.41009262150784903,0.3171031396713615,0.9245017766952515,3,1.0,1.0,0.4802721745475727,0.2856151952000555,0.6749291538950899,0.1483723069781643,0.21342459718026482,0.9604866179631227,0.28486739260351307,0.008281528949737549
82765,65,1,0.008053806945179548,0.004587564233182957,1.7555736626353584,0.5627956769270575,0.3234299586680669,0.21402215375586855,0.9162202477455139,3,1.0,1.0,0.5396920194447141,0.40445488499433846,0.6749291538950899,0.1483723069781643,0.21342459718026482,0.9604866179631227,0.28486739260351307,0.008281528949737549
82765,65,2,0.015703006296070715,0.004293598032911525,3.6573070352757417,1.2967270939444597,0.2675000257167594,0.09078638497652582,0.7802258729934692,3,1.0,1.0,0.345035040097197,0.2856151952000555,0.40445488499433846,0.1483723069781643,0.21342459718026482,0.9604866179631227,0.28486739260351307,0.008281528949737549
47121,17,0,0.036744111513482135,0.0030688521590280624,11.973242631911646,2.482674379478636,0.7668477163296759,0.21550130208333335,0.9889843463897705,3,1.0,1.0,0.9336601789169405,0.9308241617223002,0.9364961961115807,0.2344844991907679,0.33823111440033726,0.8980677851895311,0.5118152841849537,0.0048558712005615234
47121,17,1,0.0387153173829209,0.003134892856289056,12.34980560592445,2.5136403225649584,0.7577636489366121,0.20210611979166668,0.993840217590332,3,1.0,1.0,0.9649546511294058,0.9364961961115807,0.9934131061472308,0.2344844991907679,0.33823111440033726,0.8980677851895311,0.5118152841849537,0.0048558712005615234
47121,17,2,0.03884772920832782,0.0031591564016750684,12.296867978879696,2.5093445941154577,0.7554934027159299,0.20081380208333333,0.9873338937759399,3,1.0,1.0,0.9621186339347655,0.9308241617223002,0.9934131061472308,0.2344844991907679,0.33823111440033726,0.8980677851895311,0.5118152841849537,0.0048558712005615234
47121,44,0,0.0100210261055693,0.0033650885313667583,2.977938324410514,1.0912312237410038,0.2686845959507135,0.10982421875,0.8547105193138123,2,0.6666666666666666,1.0,0.13652097749454806,0.13245063141904914,0.14059132357004697,0.27212645187619616,0.39549795169058816,0.9382391412690946,0.4200089055265797,0.05535900592803955
47121,44,1,0.01958334555723158,0.003233275497994881,6.056813149179337,1.801183778833632,0.2522945877916254,0.05277018229166667,0.9100695252418518,2,0.6666666666666666,1.0,0.29366788845071906,0.13245063141904914,0.45488514548238895,0.27212645187619616,0.39549795169058816,0.9382391412690946,0.4200089055265797,0.05535900592803955
47121,44,2,0.025625342383841176,0.0035543553932461816,7.209561099411635,1.9754080756149808,0.15355086372817472,0.024544270833333333,0.8221089839935303,2,0.6666666666666666,1.0,0.29773823452621795,0.14059132357004697,0.45488514548238895,0.27212645187619616,0.39549795169058816,0.9382391412690946,0.4200089055265797,0.05535900592803955
465180,22,0,0.0397034473646934,0.0030116170981806883,13.183431378276723,2.57896084258051,0.6455730600404469,0.12139084507042254,0.8157528638839722,3,1.0,1.0,0.7298843615609651,0.5983022173886774,0.8614665057332529,0.22007880726285375,0.32340683451770025,0.9146430623333451,0.48562380378093495,0.033477604389190674
465180,22,1,0.03888399488381498,0.003784639985066672,10.274159504462302,2.3296319570098785,0.5462258828603278,0.10487455985915493,0.9235174059867859,3,1.0,1.0,0.7767203893319508,0.6919742729306487,0.8614665057332529,0.22007880726285375,0.32340683451770025,0.9146430623333451,0.48562380378093495,0.033477604389190674
465180,22,2,0.03951776949692072,0.0049541530783454085,7.976695282524898,2.0765242007167046,0.38462764462898413,0.07266358568075118,0.8900398015975952,2,0.6666666666666666,1.0,0.645138245159663,0.5983022173886774,0.6919742729306487,0.22007880726285375,0.32340683451770025,0.9146430623333451,0.48562380378093495,0.033477604389190674
465180,1,0,0.00021667503247737216,0.0004432419314937561,0.4888414578880676,-0.7157170544595692,0.4857368859264388,0.6589568661971831,0.9851703643798828,3,1.0,1.0,0.8678611489349679,0.7895110992630111,0.9462111986069246,0.37249409677359496,0.4315803536712545,0.8504820964554662,0.7218503437901982,0.020192205905914307
465180,1,1,0.0002040082715737055,0.00045138379338156745,0.4519618872299424,-0.7941574180910372,0.4417132894650224,0.6364399941314554,0.9649781584739685,1,0.3333333333333333,0.0,0.8825849595962683,0.8189587205856118,0.9462111986069246,0.37249409677359496,0.4315803536712545,0.8504820964554662,0.7218503437901982,0.020192205905914307
465180,1,2,0.00024015595267912388,0.0003528893043636955,0.680541883896464,-0.38486590591171493,0.4271933760021783,0.5228726525821596,0.9170372486114502,1,0.3333333333333333,0.0,0.8042349099243115,0.7895110992630111,0.8189587205856118,0.37249409677359496,0.4315803536712545,0.8504820964554662,0.7218503437901982,0.020192205905914307
241319,44,0,0.0015273209039112976,0.002621966720654489,0.5825096448773925,-0.5404095352951885,0.30965751090075844,0.43504136029411766,0.9498302936553955,3,1.0,1.0,0.37365510041142164,0.14409458210334855,0.6032156187194947,0.31234076958982454,0.4200381349991645,0.9509057081647112,0.3174677813114733,0.043702900409698486
241319,44,1,0.00179539815392827,0.0022818784448587082,0.7868070962266495,-0.2397721728524893,0.2341334891263314,0.2798220850840336,0.906127393245697,3,1.0,1.0,0.4089328614037617,0.21465010408802873,0.6032156187194947,0.31234076958982454,0.4200381349991645,0.9509057081647112,0.3174677813114733,0.043702900409698486
241319,44,2,0.004971279892473801,0.0019371223016914165,2.5663221602305435,0.9424738080971312,0.15930297849509667,0.06875984768907563,0.7580968141555786,2,0.6666666666666666,1.0,0.17937234309568864,0.14409458210334855,0.21465010408802873,0.31234076958982454,0.4200381349991645,0.9509057081647112,0.3174677813114733,0.043702900409698486
241319,90,0,0.005368456011493076,0.006493515648693045,0.8267410600214459,-0.1902637403925526,0.27192041639365155,0.3111738445378151,0.8188536167144775,2,0.6666666666666666,0.0,0.26552376565667235,0.023959518777434564,0.5070880125359102,0.27460003436533215,0.35236496485249824,0.9567676494439311,0.33418649290012536,0.09522610902786255
241319,90,1,0.004673240130599005,0.006428452657401372,0.7269618956424183,-0.3188812157548551,0.12352714763670022,0.16238839285714285,0.9140797257423401,2,0.6666666666666666,0.0,0.2786993328325861,0.05031065312926201,0.5070880125359102,0.27460003436533215,0.35236496485249824,0.9567676494439311,0.33418649290012536,0.09522610902786255
241319,90,2,0.01799744936251845,0.005906157132680775,3.047235106544188,1.1142346570903932,0.05748695117782676,0.019623161764705882,0.62446528673172,1,0.3333333333333333,1.0,0.03713508595334829,0.023959518777434564,0.05031065312926201,0.27460003436533215,0.35236496485249824,0.9567676494439311,0.33418649290012536,0.09522610902786255
535523,1,0,0.0009997400495569437,0.00032291153512231104,3.096018375689949,1.1301168920104978,0.2865387477934277,0.1148254964953271,0.9149729013442993,3,1.0,1.0,0.23880315349090092,0.13614364244741875,0.34146266453438306,0.3119434467490628,0.44642044642050555,0.9110773342102665,0.5105442962921607,0.041797518730163574
535523,1,1,0.001532041061700954,0.00034804206777570596,4.401884712069881,1.4820327935162319,0.16984486099796414,0.04441442757009346,0.8731753826141357,2,0.6666666666666666,0.0,0.24872430087263162,0.15598593721088017,0.34146266453438306,0.3119434467490628,0.44642044642050555,0.9110773342102665,0.5105442962921607,0.041797518730163574
535523,1,2,0.0030253299956788967,0.0003360675568317655,9.002148303744834,2.197463249598443,0.18128787207032857,0.024007009345794392,0.6717618703842163,3,1.0,1.0,0.14606478982914944,0.13614364244741875,0.15598593721088017,0.3119434467490628,0.44642044642050555,0.9110773342102665,0.5105442962921607,0.041797518730163574
535523,62,0,0.00796023353299307,0.0011497279892382628,6.923579838517664,1.9349329536973934,0.37142899957459397,0.07863609813084112,0.8610132932662964,1,0.3333333333333333,0.0,0.31529385069208077,0.16954844565464033,0.4610392557295212,0.1147728966684645,0.1535098469779148,0.8832809318506395,0.6383252116079994,0.08876347541809082
535523,62,1,0.011884477070889951,0.0012725325773603957,9.339232073887331,2.234224029874843,0.2742818500313202,0.03889456775700935,0.9497767686843872,0,0.0,0.0,0.40747978795208095,0.3539203201746407,0.4610392557295212,0.1147728966684645,0.1535098469779148,0.8832809318506395,0.6383252116079994,0.08876347541809082
535523,62,2,0.01866748719734459,0.0014188552068963084,13.15672458574704,2.5769330033115114,0.1710933729335822,0.015446115654205608,0.6920086145401001,1,0.3333333333333333,1.0,0.2617343829146405,0.16954844565464033,0.3539203201746407,0.1147728966684645,0.1535098469779148,0.8832809318506395,0.6383252116079994,0.08876347541809082
566923,1,0,0.0012234064263147832,0.00031788140737644703,3.8486252862765085,1.3477160168533386,0.6589110105360181,0.33419527582159625,0.9153914451599121,2,0.6666666666666666,1.0,0.12709840902505068,0.12005414185165132,0.13414267619845002,0.1462926366714878,0.20408142511922417,0.9370802821187569,0.3874220894214071,0.0013275742530822754
566923,1,1,0.002284403753880581,0.0005267409444983333,4.336863829181492,1.4671514673301171,0.1963915776192825,0.05334507042253521,0.9612537026405334,3,1.0,1.0,0.4872028539564755,0.13414267619845002,0.840263031714501,0.1462926366714878,0.20408142511922417,0.9370802821187569,0.3874220894214071,0.0013275742530822754
566923,1,2,0.002422765138804054,0.0005351945964832914,4.526886388982453,1.5100343722367564,0.17646502753939963,0.04519512910798122,0.9599261283874512,3,1.0,1.0,0.48015858678307616,0.12005414185165132,0.840263031714501,0.1462926366714878,0.20408142511922417,0.9370802821187569,0.3874220894214071,0.0013275742530822754
566923,11,0,0.011705331330467148,0.0018037531404924004,6.489430876767493,1.8701748346245672,0.4392386979754586,0.1077024647887324,0.6927617192268372,3,1.0,1.0,0.32648681312610883,0.3231108098949509,0.32986281635726683,0.1387085043344535,0.19998763567858216,0.89578911568333,0.6140531468302359,0.12652117013931274
566923,11,1,0.030057788475649848,0.0016996122465981465,17.68508582950425,2.872721675916383,0.43228045855334335,0.04127787558685446,0.943787157535553,3,1.0,1.0,0.5914228225882634,0.32986281635726683,0.85298282881926,0.1387085043344535,0.19998763567858216,0.89578911568333,0.6140531468302359,0.12652117013931274
566923,11,2,0.03178314725013835,0.001805728458298355,17.601288325758684,2.867972099723754,0.3932047801637729,0.03550836267605634,0.8172659873962402,3,1.0,1.0,0.5880468193571055,0.3231108098949509,0.85298282881926,0.1387085043344535,0.19998763567858216,0.89578911568333,0.6140531468302359,0.12652117013931274
292446,72,0,0.008002950249457387,0.0017416690598509377,4.594989042032668,1.5249663711708201,0.29629862497966003,0.08394207356145073,0.877981424331665,3,1.0,1.0,0.6419712769320505,0.6220422423376211,0.6619003115264798,0.2859700793086686,0.4087808724220878,0.9263355623702081,0.46756200980542845,0.009511053562164307
292446,72,1,0.010133481453428697,0.0017785774004252927,5.697520639421182,1.7400311047697414,0.2614198534325737,0.058489790251612626,0.8874924778938293,3,1.0,1.0,0.7785479109304616,0.6619003115264798,0.8951955103344436,0.2859700793086686,0.4087808724220878,0.9263355623702081,0.46756200980542845,0.009511053562164307
292446,72,2,0.010700150564438305,0.0018008374461816452,5.9417636950988015,1.7820060077632771,0.24734729769610153,0.05241039771028237,0.8766316175460815,3,1.0,1.0,0.7586188763360323,0.6220422423376211,0.8951955103344436,0.2859700793086686,0.4087808724220878,0.9263355623702081,0.46756200980542845,0.009511053562164307
292446,1,0,0.0030016721323666514,0.0010736278660219978,2.795821741002881,1.028126067666152,0.22867486440379034,0.09587391601520782,0.7632442712783813,3,1.0,1.0,0.5670241182937625,0.5078357566364061,0.626212479951119,0.29558150695485946,0.4315373561998061,0.9160070275379417,0.4549327167944896,0.032975971698760986
292446,1,1,0.0028792462140309672,0.0010130384977928952,2.842188344729037,1.0445742997225498,0.300895894046434,0.1315172583194498,0.8848195672035217,3,1.0,1.0,0.5581105319924081,0.49000858403369735,0.626212479951119,0.29558150695485946,0.4315373561998061,0.9160070275379417,0.4549327167944896,0.032975971698760986
292446,1,2,0.003923362318568603,0.0010647720880911037,3.6846968086077556,1.304188245335588,0.2112525210330771,0.06776239907727798,0.9177955389022827,3,1.0,1.0,0.4989221703350517,0.49000858403369735,0.5078357566364061,0.29558150695485946,0.4315373561998061,0.9160070275379417,0.4549327167944896,0.032975971698760986
376112,27,0,0.015386344284922172,0.0017468890863767512,8.807854142604649,2.175643839698469,0.4860456765812923,0.0969593603286385,0.8190979957580566,2,0.6666666666666666,1.0,0.3326401612429749,0.2485822306238185,0.41669809186213136,0.17993033564079405,0.21411678697244688,0.9195056591031644,0.5106590389065941,0.0497661828994751
376112,27,1,0.02460564030412361,0.0021525092834130542,11.431142472787554,2.4363414267269814,0.32734763209351236,0.04083406690140845,0.7476995587348938,2,0.6666666666666666,1.0,0.44619250971124885,0.41669809186213136,0.47568692756036635,0.17993033564079405,0.21411678697244688,0.9195056591031644,0.5106590389065941,0.0497661828994751
376112,27,2,0.03187830056733705,0.0023557708624114063,13.532003923834038,2.605057540916833,0.25103998446005416,0.02417106807511737,0.7693318128585815,2,0.6666666666666666,1.0,0.36213457909209246,0.2485822306238185,0.47568692756036635,0.17993033564079405,0.21411678697244688,0.9195056591031644,0.5106590389065941,0.0497661828994751
376112,1,0,0.004911455775191561,0.00027300383300156076,17.990427838326557,2.8898398298914065,0.6960593024261393,0.11292180164319249,0.9330632090568542,3,1.0,1.0,0.7230678257633685,0.647460368812682,0.798675282714055,0.1924151107457804,0.23785580438128867,0.8757936849151897,0.6167128773226298,0.0443875789642334
376112,1,1,0.005385005631326951,0.0003359975252265189,16.02692047112439,2.7742698380037827,0.6167939142018826,0.09126320422535211,0.8886756300926208,2,0.6666666666666666,1.0,0.7764369672347502,0.7541986517554455,0.798675282714055,0.1924151107457804,0.23785580438128867,0.8757936849151897,0.6167128773226298,0.0443875789642334
376112,1,2,0.005823579355733139,0.0003959231975204613,14.708861156647218,2.6884501121175233,0.5397986980884053,0.0738556338028169,0.788744330406189,3,1.0,1.0,0.7008295102840638,0.647460368812682,0.7541986517554455,0.1924151107457804,0.23785580438128867,0.8757936849151897,0.6167128773226298,0.0443875789642334
156643,47,0,0.003418349213814282,0.001377473874630652,2.4816072916440985,0.9089064520117648,0.3392731531561168,0.17144205729166667,0.8591263294219971,2,0.6666666666666666,0.0,0.7494300004491701,0.7463258066332564,0.7525341942650836,0.39920621276698204,0.5035411520131183,0.916132412865292,0.44862049054175057,0.006158649921417236
156643,47,1,0.0038255898750234976,0.0013359241591799362,2.8636280329777306,1.0520893641714952,0.348209027856321,0.1572265625,0.8529676795005798,2,0.6666666666666666,0.0,0.7894511716109254,0.7525341942650836,0.8263681489567671,0.39920621276698204,0.5035411520131183,0.916132412865292,0.44862049054175057,0.006158649921417236
156643,47,2,0.004074994138086495,0.0013721614389512814,2.969762900662168,1.0884821184464302,0.3100285859704474,0.13141927083333332,0.8461790084838867,2,0.6666666666666666,0.0,0.7863469777950118,0.7463258066332564,0.8263681489567671,0.39920621276698204,0.5035411520131183,0.916132412865292,0.44862049054175057,0.006158649921417236
156643,61,0,0.027646304922382174,0.0026835207070238423,10.302251381820358,2.3323624521457256,0.5307018524916642,0.09890950520833333,0.8611769080162048,3,1.0,1.0,0.6725936868566863,0.48296573454115793,0.8622216391722147,0.14663521599288562,0.17774389523675013,0.8667859383744156,0.7275985735146855,0.041033923625946045
156643,61,1,0.024945745406258622,0.003291989657689294,7.577710744143338,2.025211141433366,0.4159957316553198,0.08592447916666666,0.9126766324043274,3,1.0,1.0,0.6771897126204827,0.49215778606875066,0.8622216391722147,0.14663521599288562,0.17774389523675013,0.8667859383744156,0.7275985735146855,0.041033923625946045
156643,61,2,0.041152733148640375,0.003330666734317162,12.35570425352737,2.514117839339934,0.3847299324454642,0.04817057291666667,0.8716427087783813,3,1.0,1.0,0.4875617603049543,0.48296573454115793,0.49215778606875066,0.14663521599288562,0.17774389523675013,0.8667859383744156,0.7275985735146855,0.041033923625946045
202445,17,0,0.028647548808038378,0.003873262887702625,7.396231454259502,2.0009706075887137,0.7457204905454139,0.2839292579777009,0.9106723666191101,3,1.0,1.0,0.5445410101041699,0.44867431365174876,0.640407706556591,0.15368479664761184,0.2216462783447573,0.9040138943765053,0.6000756185659943,0.06654804944992065
202445,17,1,0.04241409003849825,0.0039039003943868544,10.86454205865958,2.3855044645380983,0.7071776584705978,0.1818611431500705,0.871480405330658,3,1.0,1.0,0.6703440120760118,0.640407706556591,0.7002803175954327,0.15368479664761184,0.2216462783447573,0.9040138943765053,0.6000756185659943,0.06654804944992065
202445,17,2,0.056300141406276254,0.004276848986136979,13.163930168122409,2.5774805263234972,0.657870216272838,0.1274536503054381,0.9772204160690308,3,1.0,1.0,0.5744773156235907,0.44867431365174876,0.7002803175954327,0.15368479664761184,0.2216462783447573,0.9040138943765053,0.6000756185659943,0.06654804944992065
202445,65,0,0.012104233278338154,0.008824912133617876,1.371598163664014,0.3159766028607114,0.9044775663438649,0.8734728096031441,0.9762340188026428,3,1.0,1.0,0.7058214015730162,0.5803489018881534,0.8312939012578789,0.4425675059529493,0.5646924393157821,0.9685758451989991,0.2574463986761905,0.028807640075683594
202445,65,1,0.01359096577052411,0.006629992328106708,2.0499217941561763,0.7178016433040871,0.845051961906554,0.7268118031526336,0.9474263787269592,3,1.0,1.0,0.7638481597335633,0.6964024182092478,0.8312939012578789,0.4425675059529493,0.5646924393157821,0.9685758451989991,0.2574463986761905,0.028807640075683594
202445,65,2,0.011696970401256435,0.011681428737896186,1.001330459030966,0.0013295748400837355,0.5074369626517493,0.5071046392413174,0.8643370866775513,3,1.0,1.0,0.6383756600487005,0.5803489018881534,0.6964024182092478,0.4425675059529493,0.5646924393157821,0.9685758451989991,0.2574463986761905,0.028807640075683594
468332,61,0,0.03704222512627242,0.0014400503252259768,25.722868466236957,3.2473804198588407,0.3760320009408517,0.022892099056603773,0.7561364769935608,3,1.0,1.0,0.8064261449098136,0.67904,0.933812289819627,0.12989812503623274,0.19484718755434913,0.8844409515372758,0.6039313940485154,0.11739271879196167
468332,61,1,0.036670880017871256,0.0014185699498429666,25.85059693114186,3.252333692828894,0.3858655877070064,0.023728626179245284,0.9628427624702454,3,1.0,1.0,0.7979914162276429,0.6621705426356589,0.933812289819627,0.12989812503623274,0.19484718755434913,0.8844409515372758,0.6039313940485154,0.11739271879196167
468332,61,2,0.045700186379828055,0.0015585131236530072,29.322939702546876,3.3783701347206008,0.3197870892255405,0.015779775943396225,0.8454500436782837,3,1.0,1.0,0.6706052713178294,0.6621705426356589,0.67904,0.12989812503623274,0.19484718755434913,0.8844409515372758,0.6039313940485154,0.11739271879196167
468332,1,0,0.003790920004046105,0.0005044406626169343,7.515095981486696,2.0169137953747494,0.5528423708958533,0.1412735849056604,0.9220813512802124,3,1.0,1.0,0.39105416696954987,0.2965326581231914,0.48557567581590827,0.14405925287016266,0.1938380408328305,0.9387853317635627,0.3960036436145855,0.047791123390197754
468332,1,1,0.0046453207280584274,0.0006930690710834088,6.702536464503176,1.9024860317615968,0.33446246867456786,0.0697486733490566,0.8742902278900146,3,1.0,1.0,0.49073397567471316,0.48557567581590827,0.49589227553351806,0.14405925287016266,0.1938380408328305,0.9387853317635627,0.3960036436145855,0.047791123390197754
468332,1,2,0.004826246874895415,0.0007926655338135514,6.088629646337066,1.8064230395870493,0.2174675706007384,0.04365050117924528,0.8386846780776978,2,0.6666666666666666,1.0,0.39621246682835476,0.2965326581231914,0.49589227553351806,0.14405925287016266,0.1938380408328305,0.9387853317635627,0.3960036436145855,0.047791123390197754
548339,15,0,0.004330079262314717,0.002608764115258297,1.6598201559615409,0.5067092569480122,0.1490842135540905,0.09547797309027778,0.8137677907943726,3,1.0,1.0,0.4094194400464173,0.3939006777024775,0.424938202390357,0.22856521766292381,0.34086424586934666,0.967916826882511,0.28128300620293045,0.036977946758270264
548339,15,1,0.005034243283195991,0.0026384594379046554,1.9080237539243485,0.6460680227931233,0.10203123748220133,0.05620388454861111,0.7767898440361023,3,1.0,1.0,0.41306555387136745,0.40119290535237795,0.424938202390357,0.22856521766292381,0.34086424586934666,0.967916826882511,0.28128300620293045,0.036977946758270264
548339,15,2,0.005760221047139639,0.0026465073742310565,2.176536933563896,0.7777350512858332,0.08445822960570885,0.040660264756944446,0.547303318977356,3,1.0,1.0,0.3975467915274277,0.3939006777024775,0.40119290535237795,0.22856521766292381,0.34086424586934666,0.967916826882511,0.28128300620293045,0.036977946758270264
548339,1,0,0.003178770983303638,0.0006613298698739939,4.806634515242248,1.56999715455766,0.4068734869529989,0.12489149305555555,0.9099145531654358,3,1.0,1.0,0.17626833927000324,0.1735847419011869,0.17895193663881956,0.14078901953366948,0.21118135125872955,0.9191209701542862,0.508932933860655,0.002756476402282715
548339,1,1,0.006091463444154013,0.000858018407799474,7.099455421565016,1.9600180800817215,0.14042543298361396,0.022493489583333335,0.9464801549911499,3,1.0,1.0,0.5737530767531447,0.17895193663881956,0.9685542168674699,0.14078901953366948,0.21118135125872955,0.9191209701542862,0.508932933860655,0.002756476402282715
548339,1,2,0.006065944802158722,0.0008621436751952442,7.035886209742383,1.9510236543315584,0.1357054505749409,0.02182888454861111,0.9492366313934326,3,1.0,1.0,0.5710694793843284,0.1735847419011869,0.9685542168674699,0.14078901953366948,0.21118135125872955,0.9191209701542862,0.508932933860655,0.002756476402282715
329219,18,0,0.01156952982943636,0.0023462537574980855,4.9310650169580965,1.5955549925909387,0.3591292645713265,0.10204552107728337,0.7664977312088013,3,1.0,1.0,0.3340232341139427,0.322221833572353,0.34582463465553237,0.09701027850198511,0.13169209190891296,0.8632901648634541,0.7110213403479628,0.0007377266883850098
329219,18,1,0.03398679831264788,0.002025266676103759,16.781394122995614,2.820270780036616,0.4082681306677909,0.03949063231850117,0.9402256608009338,3,1.0,1.0,0.629486280184645,0.34582463465553237,0.9131479257137577,0.09701027850198511,0.13169209190891296,0.8632901648634541,0.7110213403479628,0.0007377266883850098
329219,18,2,0.03628099100177709,0.002045457583270435,17.737347027275383,2.875672418221447,0.4003698313054377,0.03627781030444965,0.9409633874893188,3,1.0,1.0,0.6176848796430554,0.322221833572353,0.9131479257137577,0.09701027850198511,0.13169209190891296,0.8632901648634541,0.7110213403479628,0.0007377266883850098
329219,1,0,0.009576229742425058,0.001102105842198043,8.68902909963454,2.1620612069758587,0.36724487394943417,0.06261343676814989,0.9006555676460266,3,1.0,1.0,0.2488078575699747,0.216792199451159,0.2808235156887904,0.07978552755377127,0.08003542660238781,0.909854423744045,0.5136195938336543,0.06706506013870239
329219,1,1,0.01820187487164224,0.0013333275918682738,13.651464928049753,2.6138468366636953,0.1978534637597757,0.017747365339578453,0.9687257409095764,3,1.0,1.0,0.5217555014236022,0.2808235156887904,0.7626874871584138,0.07978552755377127,0.08003542660238781,0.909854423744045,0.5136195938336543,0.06706506013870239
329219,1,2,0.019192431710665953,0.0013897764829794448,13.809725471617503,2.6253730883197055,0.1604014101431102,0.01364534543325527,0.901660680770874,3,1.0,1.0,0.4897398433047864,0.216792199451159,0.7626874871584138,0.07978552755377127,0.08003542660238781,0.909854423744045,0.5136195938336543,0.06706506013870239
493334,77,0,0.005575784289306293,0.002158862008863635,2.5827423262029092,0.9488517517493412,0.27967118126974094,0.13068167202572348,0.763131320476532,0,0.0,0.0,0.1253350823516483,0.04677476835352815,0.20389539634976844,0.11317839602791413,0.1697675940418712,0.8477369652581506,0.7832255764245375,0.06510484218597412
493334,77,1,0.05128082016453341,0.001590167961348239,32.248681509597134,3.4734771590021873,0.40213220424809715,0.020430868167202573,0.9264566898345947,2,0.6666666666666666,1.0,0.23014352955453515,0.04677476835352815,0.41351229075554213,0.11317839602791413,0.1697675940418712,0.8477369652581506,0.7832255764245375,0.06510484218597412
493334,77,2,0.027865877086168275,0.001557100584132186,17.896003220500152,2.884577404180122,0.42616796754551733,0.039845659163987135,0.8613518476486206,2,0.6666666666666666,1.0,0.3087038435526553,0.20389539634976844,0.41351229075554213,0.11317839602791413,0.1697675940418712,0.8477369652581506,0.7832255764245375,0.06510484218597412
493334,61,0,0.013879867923770906,0.004113993565671278,3.373818577699286,1.2160452120623055,0.3930751623761312,0.16104823151125403,0.8195546865463257,2,0.6666666666666666,0.0,0.35977645872282416,0.11392304007664059,0.6056298773690078,0.3406028746579303,0.48265669509478587,0.9583368238075588,0.3102735850960829,0.022021830081939697
493334,61,1,0.01419365214807987,0.00475949257988047,2.9821775970610194,1.092653770998082,0.2453212122005919,0.09828938906752412,0.797532856464386,2,0.6666666666666666,0.0,0.39639730163099085,0.18716472589297398,0.6056298773690078,0.3406028746579303,0.48265669509478587,0.9583368238075588,0.3102735850960829,0.022021830081939697
493334,61,2,0.024677115185361927,0.005330569981302578,4.6293576985743785,1.5324181325054695,0.07989500931569916,0.018411575562700965,0.7226446866989136,2,0.6666666666666666,0.0,0.15054388298480728,0.11392304007664059,0.18716472589297398,0.3406028746579303,0.48265669509478587,0.9583368238075588,0.3102735850960829,0.022021830081939697
439623,3,0,0.007844185014198075,0.0010058835210654043,7.7983035233457505,2.05390621316017,0.5500922199827942,0.135537109375,0.8290114402770996,3,1.0,1.0,0.44975757131839855,0.42053449228035633,0.47898065035644083,0.20440648411085968,0.3030593373229926,0.8986045091551531,0.5422294452557985,0.08893537521362305
439623,3,1,0.012642355565792747,0.001154531783989351,10.950201397798118,2.393357848665448,0.443106707992383,0.06774088541666666,0.92911696434021,3,1.0,1.0,0.6605378984602963,0.47898065035644083,0.8420951465641519,0.20440648411085968,0.3030593373229926,0.8986045091551531,0.5422294452557985,0.08893537521362305
439623,3,2,0.012947571731862704,0.0012663821991179636,10.224063265147471,2.3247440855989288,0.3821464364015174,0.057044270833333334,0.8401815891265869,3,1.0,1.0,0.6313148194222541,0.42053449228035633,0.8420951465641519,0.20440648411085968,0.3030593373229926,0.8986045091551531,0.5422294452557985,0.08893537521362305
439623,11,0,0.02482261131378124,0.004598147988086741,5.398393303716039,1.6861013729889114,0.5147588160498661,0.16423502604166668,0.8979172110557556,3,1.0,1.0,0.6787312292299847,0.6052360583016476,0.7522264001583218,0.12921130691892344,0.1532957510657144,0.9511390119252655,0.3681656264034703,0.05877053737640381
439623,11,1,0.02570875497434567,0.0054020673821168355,4.759058551304569,1.5600498653811454,0.4024640955967575,0.12398111979166666,0.9566877484321594,3,1.0,1.0,0.777464728749939,0.7522264001583218,0.8027030573415562,0.12921130691892344,0.1532957510657144,0.9511390119252655,0.3681656264034703,0.05877053737640381
439623,11,2,0.02693183652958027,0.00581603808139593,4.630615575076433,1.532689812877953,0.3387877393572712,0.09962565104166667,0.8702942132949829,3,1.0,1.0,0.7039695578216019,0.6052360583016476,0.8027030573415562,0.12921130691892344,0.1532957510657144,0.9511390119252655,0.3681656264034703,0.05877053737640381
71711,5,0,0.019642547358719505,0.0028154783029733137,6.9766289198532165,1.9425658373893615,0.391601261705675,0.084466481264637,0.8668426275253296,3,1.0,1.0,0.6265523301469262,0.549815977484304,0.7032886828095484,0.22793059257418555,0.28919203221467427,0.9042420115843168,0.5549571820222812,0.007463037967681885
71711,5,1,0.02106569209284307,0.003149142209786396,6.689342901279329,1.900515648329126,0.3018395466852603,0.060706967213114756,0.8743056654930115,2,0.6666666666666666,1.0,0.7251239502767035,0.7032886828095484,0.7469592177438588,0.22793059257418555,0.28919203221467427,0.9042420115843168,0.5549571820222812,0.007463037967681885
71711,5,2,0.02606781618122186,0.0031719353800783155,8.21826835966626,2.10635952507304,0.28615689998858307,0.04650907494145199,0.7300443649291992,2,0.6666666666666666,1.0,0.6483875976140814,0.549815977484304,0.7469592177438588,0.22793059257418555,0.28919203221467427,0.9042420115843168,0.5549571820222812,0.007463037967681885
71711,1,0,0.0002528006868527609,0.00042268610300026454,0.5980813763695498,-0.5140284494484489,0.27940829272936835,0.39332186768149885,0.9679199457168579,3,1.0,1.0,0.6712510041396049,0.5793605029668347,0.7631415053123751,0.21138686051956043,0.23060792524899495,0.8829830025429728,0.5730564479175905,0.009218096733093262
71711,1,1,0.00029995944352308006,0.00037991269998065633,0.7895483429451147,-0.23629421147121368,0.2535050528103019,0.3007538056206089,0.9587018489837646,3,1.0,1.0,0.7601591166904753,0.7571767280685756,0.7631415053123751,0.21138686051956043,0.23060792524899495,0.8829830025429728,0.5730564479175905,0.009218096733093262
71711,1,2,0.00037877735555347583,0.0003490970448500978,1.085020225911974,0.081598630852272,0.2427611953013698,0.22807742974238876,0.9371594190597534,3,1.0,1.0,0.6682686155177051,0.5793605029668347,0.7571767280685756,0.21138686051956043,0.23060792524899495,0.8829830025429728,0.5730564479175905,0.009218096733093262
170278,65,0,0.006013291252990433,0.003925192691236003,1.5319735168377007,0.42655678467581754,0.5984027809318819,0.49306485615079365,0.7922518253326416,3,1.0,1.0,0.3080018035117228,0.26714626208063924,0.3488573449428063,0.2802754871167966,0.4011266416470675,0.9629236923697804,0.2956922639187615,0.008318066596984863
170278,65,1,0.010048618490185051,0.003738444070952395,2.687914623512658,0.988765660169929,0.3909209599165135,0.1927548363095238,0.905211329460144,3,1.0,1.0,0.5323212098807928,0.3488573449428063,0.7157850748187794,0.2802754871167966,0.4011266416470675,0.9629236923697804,0.2956922639187615,0.008318066596984863
170278,65,2,0.010604814214895652,0.004048748904969374,2.6192817735029648,0.9629001480354118,0.29578147062357074,0.13819444444444445,0.9135293960571289,3,1.0,1.0,0.4914656684497093,0.26714626208063924,0.7157850748187794,0.2802754871167966,0.4011266416470675,0.9629236923697804,0.2956922639187615,0.008318066596984863
170278,18,0,0.008688769449480566,0.000994989644332745,8.73252248426652,2.167054272590646,0.7844846436593814,0.29420262896825394,0.8459956645965576,3,1.0,1.0,0.44729699296299935,0.11625215671421958,0.7783418292117791,0.1158843357997349,0.1632365466055516,0.9169597787692692,0.527751487247541,0.07219237089157104
170278,18,1,0.01056808161295863,0.0010841863664217226,9.747476938019734,2.277008476028481,0.7435585907421043,0.229265873015873,0.9181880354881287,3,1.0,1.0,0.46322276775604254,0.14810370630030606,0.7783418292117791,0.1158843357997349,0.1632365466055516,0.9169597787692692,0.527751487247541,0.07219237089157104
170278,18,2,0.029272681061908983,0.002322412469993384,12.60442812270464,2.5340481905615078,0.31203600891316163,0.03473462301587302,0.8021537065505981,2,0.6666666666666666,1.0,0.1321779315072628,0.11625215671421958,0.14810370630030606,0.1158843357997349,0.1632365466055516,0.9169597787692692,0.527751487247541,0.07219237089157104
259597,62,0,0.006589585255634561,0.002342975477412744,2.8124857969485433,1.0340687176956909,0.4874861158676943,0.25272435897435896,0.8489376902580261,3,1.0,1.0,0.6547223726058031,0.5721172844384731,0.737327460773133,0.2418508824558122,0.2793293864198018,0.9615410391808911,0.3060252643195216,0.011344552040100098
259597,62,1,0.006679265583588729,0.0026519364869800094,2.5186370842072283,0.9237179157662516,0.37103100303434794,0.1897686298076923,0.8806321620941162,3,1.0,1.0,0.7511553660987824,0.737327460773133,0.7649832714244317,0.2418508824558122,0.2793293864198018,0.9615410391808911,0.3060252643195216,0.011344552040100098
259597,62,2,0.006247330951383242,0.0029331438137188384,2.129909525756442,0.7560795028085796,0.2665444801063154,0.14575320512820514,0.8919767141342163,2,0.6666666666666666,1.0,0.6685502779314524,0.5721172844384731,0.7649832714244317,0.2418508824558122,0.2793293864198018,0.9615410391808911,0.3060252643195216,0.011344552040100098
259597,77,0,0.04864760270364339,0.0010087720302196042,48.224575224224346,3.8758687505667,0.39759775793935476,0.013501602564102565,0.7909415364265442,1,0.3333333333333333,1.0,0.4561914837036788,0.3687968582649054,0.5435861091424522,0.08346709470304976,0.12520064205457465,0.8500025253753141,0.7583018401665238,0.0962710976600647
259597,77,1,0.052414755569209895,0.0012264286044082046,42.73771448095355,3.755081773537651,0.2637693008233472,0.008313301282051282,0.9086188673973083,2,0.6666666666666666,1.0,0.6045311498093213,0.5435861091424522,0.6654761904761904,0.08346709470304976,0.12520064205457465,0.8500025253753141,0.7583018401665238,0.0962710976600647
259597,77,2,0.05097030502824221,0.0013692905247638357,37.2238791324502,3.616950467523872,0.17584178751970778,0.0056991185897435894,0.8123477697372437,1,0.3333333333333333,0.0,0.5171365243705479,0.3687968582649054,0.6654761904761904,0.08346709470304976,0.12520064205457465,0.8500025253753141,0.7583018401665238,0.0962710976600647
138241,67,0,0.007353040626527746,0.003404245177389868,2.1599621182413102,0.7700906838270366,0.4274275363617566,0.25684244791666666,0.9124167561531067,3,1.0,1.0,0.9288105480394051,0.9182600382409177,0.9393610578378924,0.3264057375293183,0.4397231063460341,0.9597869697592459,0.29623718029842305,0.0011314153671264648
138241,67,1,0.007657539758138168,0.0033758643563326254,2.2683197390633985,0.819039354482587,0.4220088921404831,0.24350260416666666,0.9576319456100464,3,1.0,1.0,0.9564347912271091,0.9393610578378924,0.9735085246163258,0.3264057375293183,0.4397231063460341,0.9597869697592459,0.29623718029842305,0.0011314153671264648
138241,67,2,0.007731072648908738,0.003374913867006064,2.290746653477216,0.8288778141062615,0.4191581166933031,0.23955729166666667,0.9587633609771729,3,1.0,1.0,0.9458842814286217,0.9182600382409177,0.9735085246163258,0.3264057375293183,0.4397231063460341,0.9597869697592459,0.29623718029842305,0.0011314153671264648
138241,58,0,0.010091631141240068,0.0014728998056108688,6.851539457025821,1.9244733653753128,0.664662448346778,0.22437825520833332,0.8422554731369019,3,1.0,1.0,0.4252121143004054,0.2669035532994924,0.5835206753013185,0.22797994170325261,0.3014989740852339,0.919249812698494,0.484602070702587,0.02080625295639038
138241,58,1,0.013000929326793852,0.0019601721188004925,6.632544762506415,1.8919885560483058,0.5000092963499801,0.13102213541666666,0.8830795884132385,3,1.0,1.0,0.5203040944799033,0.45708751365848815,0.5835206753013185,0.22797994170325261,0.3014989740852339,0.919249812698494,0.484602070702587,0.02080625295639038
138241,58,2,0.017985896198990353,0.0024766019369582165,7.2623282423086755,1.9827004720136787,0.31663127112499123,0.059973958333333334,0.8622733354568481,3,1.0,1.0,0.3619955334789903,0.2669035532994924,0.45708751365848815,0.22797994170325261,0.3014989740852339,0.919249812698494,0.484602070702587,0.02080625295639038
97994,76,0,0.011552028580138842,0.002167383443611518,5.329942243888197,1.6733404021621174,0.43016888663015357,0.1240632318501171,0.8226383924484253,3,1.0,1.0,0.4170064114917056,0.37246987246987245,0.4615429505135388,0.26661665698629605,0.39927451401539116,0.9451676499844803,0.3845661708543743,0.020519793033599854
97994,76,1,0.017049079434865624,0.0024680589840534706,6.90788977820814,1.9326642045423912,0.3030890675797764,0.05922862997658079,0.8924105763435364,3,1.0,1.0,0.6252278305400771,0.4615429505135388,0.7889127105666156,0.26661665698629605,0.39927451401539116,0.9451676499844803,0.3845661708543743,0.020519793033599854
97994,76,2,0.018010995327473578,0.0025974303548190938,6.9341590957859776,1.9364597913565469,0.2575204853111063,0.04763612412177986,0.8718907833099365,3,1.0,1.0,0.5806912915182441,0.37246987246987245,0.7889127105666156,0.26661665698629605,0.39927451401539116,0.9451676499844803,0.3845661708543743,0.020519793033599854
97994,73,0,0.00872546423676242,0.0017914636650874453,4.8705784001853765,1.5832126981619552,0.5599162959702686,0.20711724238875878,0.9192538261413574,3,1.0,1.0,0.41150228573221087,0.3287526974536038,0.49425187401081794,0.28319815349864114,0.36815593104717304,0.9360849439961482,0.39075455084326816,0.06883996725082397
97994,73,1,0.010866931886581015,0.0023097042843233744,4.704901816060652,1.5486049049117643,0.3611540496368947,0.10726727166276347,0.8504138588905334,3,1.0,1.0,0.5299476942220988,0.49425187401081794,0.5656435144333796,0.28319815349864114,0.36815593104717304,0.9360849439961482,0.39075455084326816,0.06883996725082397
97994,73,2,0.013031629176698126,0.0024381007117493425,5.344992152519783,1.676160076361794,0.3009097343545684,0.07452795667447307,0.7363805770874023,3,1.0,1.0,0.4471981059434917,0.3287526974536038,0.5656435144333796,0.28319815349864114,0.36815593104717304,0.9360849439961482,0.39075455084326816,0.06883996725082397
197796,81,0,0.008986097266672067,0.0044033724851541955,2.0407306660809694,0.7133079134875058,0.5109312371032595,0.3385917887029289,0.8774033784866333,3,1.0,1.0,0.48034863975546904,0.3185633342936714,0.6421339452172666,0.21330729855897265,0.30460282725972276,0.9610461345454299,0.32562416810898437,0.019195377826690674
197796,81,1,0.011203613806251128,0.0044499258884962865,2.5177079539001785,0.923348945625084,0.41927895557730777,0.22285891736401672,0.896598756313324,3,1.0,1.0,0.5584785023303047,0.47482305944334285,0.6421339452172666,0.21330729855897265,0.30460282725972276,0.9610461345454299,0.32562416810898437,0.019195377826690674
197796,81,2,0.017898718122337863,0.004475469264850563,3.9992941653988123,1.386117886954804,0.33129626701047304,0.11022489539748954,0.8460017442703247,3,1.0,1.0,0.3966931968685071,0.3185633342936714,0.47482305944334285,0.21330729855897265,0.30460282725972276,0.9610461345454299,0.32562416810898437,0.019195377826690674
197796,44,0,0.017951395662740004,0.001056281450112256,16.994898134240007,2.832913189319391,0.4394003317838143,0.04408668933054393,0.8178876638412476,3,1.0,1.0,0.5081870593509097,0.41715542521994137,0.5992186934818781,0.1943109625351375,0.27971008422388777,0.8786943272883013,0.6818452994904877,0.051852643489837646
197796,44,1,0.020875009273678073,0.00124816371850152,16.724576229482892,2.816879268191592,0.32653546855123,0.028174032426778243,0.8754493594169617,3,1.0,1.0,0.6368213416465776,0.5992186934818781,0.674423989811277,0.1943109625351375,0.27971008422388777,0.8786943272883013,0.6818452994904877,0.051852643489837646
197796,44,2,0.026092202209459257,0.0013281434068395156,19.645621139590126,2.9778544707515064,0.2766899759870128,0.019099764644351463,0.823596715927124,3,1.0,1.0,0.5457897075156092,0.41715542521994137,0.674423989811277,0.1943109625351375,0.27971008422388777,0.8786943272883013,0.6818452994904877,0.051852643489837646
444142,62,0,0.0024573386555880564,0.0016734075025551408,1.4684639876225367,0.3842169485231071,0.23082975695048877,0.1696867681498829,0.973609447479248,3,1.0,1.0,0.2905152193431155,0.1595653109533032,0.4214651277329279,0.1344275302771226,0.18104288157159593,0.9065237694901186,0.5135990633468297,0.0029546618461608887
444142,62,1,0.0037393575193200735,0.001653724481376217,2.2611732239381466,0.8158838044888702,0.15156304739938864,0.07321794496487119,0.9765641093254089,3,1.0,1.0,0.3980952012291013,0.3747252747252747,0.4214651277329279,0.1344275302771226,0.18104288157159593,0.9065237694901186,0.5135990633468297,0.0029546618461608887
444142,62,2,0.00605053254671991,0.001686453196609077,3.587726333169451,1.2775186686461757,0.09208267878430891,0.027491949648711943,0.8579617738723755,2,0.6666666666666666,1.0,0.26714529283928895,0.1595653109533032,0.3747252747252747,0.1344275302771226,0.18104288157159593,0.9065237694901186,0.5135990633468297,0.0029546618461608887
444142,1,0,0.0018336158688581979,0.0012025403011118841,1.524785377785699,0.42185366482229236,0.20728651184410066,0.14638831967213115,0.7504134178161621,2,0.6666666666666666,1.0,0.1668440804448159,0.1308097513169178,0.202878409572714,0.11057051151693714,0.16347291332207026,0.9303805221205351,0.4020855290732942,0.022239983081817627
444142,1,1,0.0027772091967318883,0.0012323902380511587,2.2535144378213476,0.812490970331403,0.08681417824305357,0.0404786299765808,0.812000572681427,1,0.3333333333333333,0.0,0.35949945848614556,0.202878409572714,0.5161205073995772,0.11057051151693714,0.16347291332207026,0.9303805221205351,0.4020855290732942,0.022239983081817627
444142,1,2,0.0036850213321598197,0.0012399054973181553,2.9720178974593567,1.0892411491341047,0.0640313869782787,0.022500731850117094,0.8342405557632446,1,0.3333333333333333,0.0,0.32346512935824745,0.1308097513169178,0.5161205073995772,0.11057051151693714,0.16347291332207026,0.9303805221205351,0.4020855290732942,0.022239983081817627
30785,56,0,0.036580524615359704,0.00617620892103739,5.922812048154068,1.7788113442767337,0.6064665220218945,0.20647135416666668,0.8125391602516174,3,1.0,1.0,0.49605819128212514,0.42576130130508794,0.5663550812591623,0.1270285129456529,0.15476303248312534,0.9302507373511342,0.44276851322513494,0.08682125806808472
30785,56,1,0.056567587515685976,0.00660907329163315,8.559080072351358,2.146992716212957,0.5314000796634286,0.1169921875,0.9487126469612122,3,1.0,1.0,0.6584625003182105,0.5663550812591623,0.7505699193772588,0.1270285129456529,0.15476303248312534,0.9302507373511342,0.44276851322513494,0.08682125806808472
30785,56,2,0.062236210720072474,0.007651357070157058,8.134009449732941,2.0960539692576106,0.43967617999078495,0.08798177083333333,0.8618913888931274,3,1.0,1.0,0.5881656103411734,0.42576130130508794,0.7505699193772588,0.1270285129456529,0.15476303248312534,0.9302507373511342,0.44276851322513494,0.08682125806808472
30785,67,0,0.004951847456505158,0.0037611391674378237,1.3165818212895033,0.27503884884359076,0.7300853150339456,0.6726106770833333,0.981120228767395,3,1.0,1.0,0.6797894231716365,0.48011187973411656,0.8794669666091565,0.3659647726098438,0.4073972622338819,0.969643850730868,0.2695265455120138,0.006589233875274658
30785,67,1,0.004861020278545219,0.004092254071687462,1.1878588651151105,0.17215241368068793,0.6511174961656513,0.6110677083333333,0.9745309948921204,3,1.0,1.0,0.7010154517505502,0.5225639368919441,0.8794669666091565,0.3659647726098438,0.4073972622338819,0.969643850730868,0.2695265455120138,0.006589233875274658
30785,67,2,0.004603253810741005,0.00454219096340425,1.0134434784480186,0.013353916897154594,0.3277041397426689,0.32476888020833333,0.9644874334335327,3,1.0,1.0,0.5013379083130304,0.48011187973411656,0.5225639368919441,0.3659647726098438,0.4073972622338819,0.969643850730868,0.2695265455120138,0.006589233875274658
468925,52,0,0.019629235226091564,0.0036880335772116898,5.3224122855220015,1.6719266377611444,0.47370435821173995,0.1446484375,0.8592488765716553,3,1.0,1.0,0.793052454998108,0.7087841637611068,0.877320746235109,0.27722671450101166,0.41433207493413354,0.9548901087831829,0.3606406120584084,0.0002982020378112793
468925,52,1,0.020685569809322006,0.003852133681276984,5.369899259855082,1.6808091485896257,0.43909425924514983,0.12723307291666666,0.9747344851493835,3,1.0,1.0,0.8416527004832834,0.8059846547314578,0.877320746235109,0.27722671450101166,0.41433207493413354,0.9548901087831829,0.3606406120584084,0.0002982020378112793
468925,52,2,0.022933700424832074,0.004056536189366173,5.653518013544926,1.7322780086959386,0.3926807392421545,0.10263020833333333,0.9744362831115723,3,1.0,1.0,0.7573844092462823,0.7087841637611068,0.8059846547314578,0.27722671450101166,0.41433207493413354,0.9548901087831829,0.3606406120584084,0.0002982020378112793
468925,54,0,0.006497982054272388,0.003843849322664255,1.6904882338306664,0.5250173831243229,0.3755683932730921,0.262421875,0.8336836099624634,3,1.0,1.0,0.7199237230575543,0.717659397906966,0.7221880482081425,0.31577866787355396,0.4687701641295821,0.9794414144943158,0.23124981674598455,0.03609168529510498
468925,54,1,0.005890802449502402,0.004153430184605706,1.4182981743422105,0.3494576842718203,0.288944926398643,0.222705078125,0.9158080816268921,2,0.6666666666666666,1.0,0.7567571065331757,0.717659397906966,0.7958548151593855,0.31577866787355396,0.4687701641295821,0.9794414144943158,0.23124981674598455,0.03609168529510498
468925,54,2,0.005628669373330521,0.0042157955638991865,1.335138122017812,0.28903474886365893,0.2847756364610741,0.22971354166666666,0.8797163963317871,2,0.6666666666666666,1.0,0.759021431683764,0.7221880482081425,0.7958548151593855,0.31577866787355396,0.4687701641295821,0.9794414144943158,0.23124981674598455,0.03609168529510498
322429,51,0,0.00682953941674421,0.0023711815353630815,2.880226297316467,1.0578688666644944,0.29583108265764213,0.127294094279661,0.9036520719528198,3,1.0,1.0,0.49367762267974324,0.46112921291110887,0.5262260324483776,0.32959579454061205,0.47860144390705806,0.9531306818819549,0.3211265061893197,0.021731674671173096
322429,51,1,0.006750110098692101,0.0025528074239602066,2.6441908749921947,0.9723651112838513,0.21118147054787056,0.09193922139830508,0.8819203972816467,3,1.0,1.0,0.4530182112978768,0.3798103901473759,0.5262260324483776,0.32959579454061205,0.47860144390705806,0.9531306818819549,0.3211265061893197,0.021731674671173096
322429,51,2,0.008025168087643912,0.002598341842472916,3.0885728557246175,1.1277091253557507,0.1712749421597074,0.06271848516949152,0.7769293785095215,2,0.6666666666666666,0.0,0.4204698015292424,0.3798103901473759,0.46112921291110887,0.32959579454061205,0.47860144390705806,0.9531306818819549,0.3211265061893197,0.021731674671173096
322429,47,0,0.001779618131675405,0.003380693144513545,0.5264062886148372,-0.6416819520237119,0.08364980822913719,0.14778535487288136,0.8014253377914429,1,0.3333333333333333,1.0,0.09794233276926216,0.03362947524595086,0.16225519029257346,0.4347270782960293,0.5799528366202372,0.959141102801235,0.3126368968586822,0.017119169235229492
322429,47,1,0.00713133116884942,0.00295207659674543,2.4156999091066216,0.881989062691256,0.10420348514294446,0.04594147245762712,0.7843061685562134,1,0.3333333333333333,1.0,0.07556987096620436,0.03362947524595086,0.11751026668645786,0.4347270782960293,0.5799528366202372,0.959141102801235,0.3126368968586822,0.017119169235229492
322429,47,2,0.00549265585613425,0.003074366149807417,1.7865978177946438,0.5803131510377465,0.050359981945816215,0.028826800847457628,0.6140637397766113,2,0.6666666666666666,1.0,0.13988272848951566,0.11751026668645786,0.16225519029257346,0.4347270782960293,0.5799528366202372,0.959141102801235,0.3126368968586822,0.017119169235229492
465836,1,0,0.0022420114834830742,0.0007022226548432411,3.192735900539734,1.1608781987439825,0.22003035270202556,0.081184,0.8062732219696045,2,0.6666666666666666,1.0,0.31720112267437806,0.08915381624983802,0.5452484290989181,0.18317690367226727,0.26125727642561153,0.9400135202518235,0.3998078174588936,0.048577308654785156
465836,1,1,0.003065689072994817,0.0007192029052405796,4.262620529468936,1.4498841192443024,0.17061318176777315,0.04603733333333333,0.8023783564567566,2,0.6666666666666666,1.0,0.3547613756339886,0.16427432216905902,0.5452484290989181,0.18317690367226727,0.26125727642561153,0.9400135202518235,0.3998078174588936,0.048577308654785156
465836,1,2,0.0025355920566722838,0.0008126365869156788,3.120204153219081,1.137898433799148,0.02595989462572582,0.008469333333333334,0.8548505306243896,2,0.6666666666666666,1.0,0.12671406920944853,0.08915381624983802,0.16427432216905902,0.18317690367226727,0.26125727642561153,0.9400135202518235,0.3998078174588936,0.048577308654785156
465836,35,0,0.015564477664624416,0.005243119832691049,2.968552724011906,1.0880745357979595,0.6179879554930751,0.3527306666666667,0.9530699253082275,3,1.0,1.0,0.5771087590227834,0.23055039827513923,0.9236671197704275,0.16767528575627252,0.21744966442953018,0.9327694489404091,0.47202583389902464,0.06596577167510986
465836,35,1,0.016060369996992126,0.005403839496118016,2.972029425662525,1.089245027831928,0.5903555926416135,0.32655466666666666,0.8871041536331177,1,0.3333333333333333,1.0,0.5821218794126009,0.24057663905477428,0.9236671197704275,0.16767528575627252,0.21744966442953018,0.9327694489404091,0.47202583389902464,0.06596577167510986
465836,35,2,0.03664836531891584,0.006284821882385453,5.8312496358567305,1.7632313231939385,0.3531047452845816,0.08559466666666667,0.6728618144989014,3,1.0,1.0,0.23556351866495676,0.23055039827513923,0.24057663905477428,0.16767528575627252,0.21744966442953018,0.9327694489404091,0.47202583389902464,0.06596577167510986
91779,67,0,0.0038228958854116006,0.001509657245680787,2.532293932160312,0.9291255847570928,0.26983928268252694,0.127353515625,0.9615737795829773,3,1.0,1.0,0.5791871983777979,0.3160039736111465,0.8423704231444492,0.5111123675913978,0.7592887100484077,0.9535122828210261,0.36281935358576645,0.012854576110839844
91779,67,1,0.004180477644652137,0.0015155176158045704,2.7584487295281765,1.014668467437638,0.2510394486199723,0.10834635416666667,0.9487192034721375,3,1.0,1.0,0.6067310931507783,0.3710917631571074,0.8423704231444492,0.5111123675913978,0.7592887100484077,0.9535122828210261,0.36281935358576645,0.012854576110839844
91779,67,2,0.006547289751607092,0.0016023709965813596,4.086001157965078,1.4075667799463332,0.14815247504937532,0.040826822916666665,0.8636928796768188,2,0.6666666666666666,0.0,0.343547868384127,0.3160039736111465,0.3710917631571074,0.5111123675913978,0.7592887100484077,0.9535122828210261,0.36281935358576645,0.012854576110839844
91779,54,0,0.006067026710417754,0.001976339180404705,3.069830708970485,1.1216224165856412,0.5544740383202306,0.28846354166666666,0.8671460151672363,3,1.0,1.0,0.4780960646602235,0.24239716771462713,0.7137949616058198,0.28026034019381046,0.3703461831785427,0.9577677915975754,0.3292888443477186,0.0022611021995544434
91779,54,1,0.007097000362712612,0.002118481255607961,3.3500416114495546,1.208972767228961,0.4687409332727051,0.20847005208333333,0.8937252163887024,3,1.0,1.0,0.5255056304025273,0.33721629919923474,0.7137949616058198,0.28026034019381046,0.3703461831785427,0.9577677915975754,0.3292888443477186,0.0022611021995544434
91779,54,2,0.010731116291323894,0.0025540680038379465,4.201578137699108,1.4354602018784732,0.25041771293444554,0.07365559895833333,0.891464114189148,3,1.0,1.0,0.2898067334569309,0.24239716771462713,0.33721629919923474,0.28026034019381046,0.3703461831785427,0.9577677915975754,0.3292888443477186,0.0022611021995544434
415238,64,0,0.023458305695093665,0.004388911603849725,5.344902747453914,1.6761433493033877,0.4002021718172239,0.11098035337552743,0.9087339639663696,3,1.0,1.0,0.7081330871706428,0.5310183263151652,0.8852478480261206,0.14968797248836138,0.1752965974355102,0.955272042209295,0.36061548928821485,0.0017694830894470215
415238,64,1,0.025173640838254536,0.004468057667878233,5.6341351665173836,1.728843660423263,0.38073701258802917,0.09838805379746836,0.9105034470558167,3,1.0,1.0,0.7413041779388871,0.5973605078516538,0.8852478480261206,0.14968797248836138,0.1752965974355102,0.955272042209295,0.36061548928821485,0.0017694830894470215
415238,64,2,0.03063379129031138,0.004986668988069956,6.143137103636944,1.815335540643049,0.27882635532221467,0.059210179324894516,0.888460636138916,3,1.0,1.0,0.5641894170834095,0.5310183263151652,0.5973605078516538,0.14968797248836138,0.1752965974355102,0.955272042209295,0.36061548928821485,0.0017694830894470215
415238,62,0,0.00904188097554817,0.00229991934967761,3.9313904519670317,1.3689931679894516,0.4746079451642078,0.18684401371308018,0.794964075088501,3,1.0,1.0,0.18220922250524102,0.17201251375137513,0.19240593125910688,0.1730389624198999,0.24254680303388707,0.9383771155787198,0.4263437758772029,0.021351933479309082
415238,62,1,0.020787972821487758,0.0027958260644000304,7.435359831125041,2.006246975712471,0.24791298573289056,0.042451213080168776,0.9252185821533203,3,1.0,1.0,0.5406517143705467,0.19240593125910688,0.8888974974819865,0.1730389624198999,0.24254680303388707,0.9383771155787198,0.4263437758772029,0.021351933479309082
415238,62,2,0.02017093402762863,0.0029049694633979006,6.943595887955182,1.9378197798551917,0.21485135001414202,0.037915348101265824,0.9465705156326294,2,0.6666666666666666,0.0,0.5304550056166808,0.17201251375137513,0.8888974974819865,0.1730389624198999,0.24254680303388707,0.9383771155787198,0.4263437758772029,0.021351933479309082
455301,1,0,0.0012748025527816512,0.00045556157706399674,2.7983100730293997,1.0290156904121406,0.4356398026831384,0.21620971933471933,0.8301117420196533,3,1.0,1.0,0.6330376611840047,0.4058111934109303,0.860264128957079,0.31029964074487065,0.38860553068819853,0.9108056084040542,0.5149999235297251,0.06387168169021606
455301,1,1,0.0012068624169222707,0.0004713062569708959,2.5606755618271397,0.9402711158455976,0.4185136375355695,0.21940293659043658,0.8852211833000183,2,0.6666666666666666,0.0,0.6106027204364354,0.36094131191579176,0.860264128957079,0.31029964074487065,0.38860553068819853,0.9108056084040542,0.5149999235297251,0.06387168169021606
455301,1,2,0.0022279042713763265,0.0004492031001556402,4.959681412805743,1.6013415078336062,0.36325088764539376,0.1031574844074844,0.9490928649902344,3,1.0,1.0,0.38337625266336106,0.36094131191579176,0.4058111934109303,0.31029964074487065,0.38860553068819853,0.9108056084040542,0.5149999235297251,0.06387168169021606
455301,84,0,0.020347858425445564,0.0008945647316540626,22.74609950816638,3.1243936805563517,0.592074353449137,0.05998245841995842,0.7817020416259766,3,1.0,1.0,0.878159439345964,0.8691633088409576,0.8871555698509703,0.14562179659524474,0.21002273285732714,0.8095798788139308,0.8630389069618252,0.008846521377563477
455301,84,1,0.01968294750419547,0.0007736292134999169,25.442352919568528,3.2364152232226355,0.6502692702631367,0.0681035602910603,0.9470120668411255,3,1.0,1.0,0.833556380219239,0.7979494515975203,0.8691633088409576,0.14562179659524474,0.21002273285732714,0.8095798788139308,0.8630389069618252,0.008846521377563477
455301,84,2,0.020432205709901,0.001005124031699967,20.328044146965578,3.012001417796323,0.5389234062285253,0.054372401247401246,0.955858588218689,2,0.6666666666666666,1.0,0.8425525107242453,0.7979494515975203,0.8871555698509703,0.14562179659524474,0.21002273285732714,0.8095798788139308,0.8630389069618252,0.008846521377563477
197870,15,0,0.011436588038306664,0.003554035595548114,3.2179160077672107,1.1687339475610052,0.6448067667284235,0.3606727941176471,0.9503524899482727,3,1.0,1.0,0.7822812874297347,0.6367891007289193,0.92777347413055,0.35533526189609477,0.49784169664316863,0.9593418395854908,0.35061358604745996,0.014316976070404053
197870,15,1,0.011428033380058232,0.0038665443452585106,2.9556193739551055,1.0837082309973964,0.5978504363938321,0.33465808823529414,0.9086992740631104,3,1.0,1.0,0.8011178906607562,0.6744623071909625,0.92777347413055,0.35533526189609477,0.49784169664316863,0.9593418395854908,0.35061358604745996,0.014316976070404053
197870,15,2,0.01191400414297766,0.004729792445085636,2.5189274748911354,0.9238332058097363,0.432218227983958,0.2320735294117647,0.9646694660186768,3,1.0,1.0,0.6556257039599409,0.6367891007289193,0.6744623071909625,0.35533526189609477,0.49784169664316863,0.9593418395854908,0.35061358604745996,0.014316976070404053
197870,16,0,0.022860329203564584,0.0014977983022979738,15.262621911928232,2.725406827126191,0.40641496339842736,0.04293382352941177,0.9213794469833374,2,0.6666666666666666,1.0,0.8754817926789505,0.7855316973415133,0.9654318880163878,0.1005681537297979,0.12623823127777337,0.883376956027207,0.6916101577595356,0.05388861894607544
197870,16,1,0.022951653433308964,0.0015207862593100234,15.091965276323645,2.714162501342804,0.39654302185908313,0.04172426470588235,0.9752680659294128,2,0.6666666666666666,1.0,0.8889549598254172,0.8124780316344464,0.9654318880163878,0.1005681537297979,0.12623823127777337,0.883376956027207,0.6916101577595356,0.05388861894607544
197870,16,2,0.0216835577762116,0.0017345813217728382,12.500744411077285,2.5257881954673533,0.3062364181078715,0.03410661764705882,0.8408203125,2,0.6666666666666666,1.0,0.7990048644879799,0.7855316973415133,0.8124780316344464,0.1005681537297979,0.12623823127777337,0.883376956027207,0.6916101577595356,0.05388861894607544
510329,1,0,0.0072360412290394405,0.0007274122834700316,9.947647824385285,2.2973361238026504,0.3319995578794318,0.04758463541666667,0.7857654094696045,3,1.0,1.0,0.6887626708738237,0.5510106528270964,0.8265146889205509,0.14959273543389354,0.1801405447097883,0.8769733959094055,0.5949160454213849,0.08891314268112183
510329,1,1,0.0077813432059234645,0.0007557565046299248,10.296098211470502,2.3317650091754554,0.3004789894298114,0.040048828125,0.8755964636802673,3,1.0,1.0,0.738352401494496,0.6501901140684411,0.8265146889205509,0.14959273543389354,0.1801405447097883,0.8769733959094055,0.5949160454213849,0.08891314268112183
510329,1,2,0.008828824158304056,0.0008262478388754986,10.685442953332755,2.368882343648209,0.22432012349101615,0.026350911458333334,0.9645096063613892,2,0.6666666666666666,1.0,0.6006003834477687,0.5510106528270964,0.6501901140684411,0.14959273543389354,0.1801405447097883,0.8769733959094055,0.5949160454213849,0.08891314268112183
510329,28,0,0.054994042547615016,0.002267652488317103,24.251530076452017,3.1884797113473766,0.44311085123782173,0.031767578125,0.8731074929237366,3,1.0,1.0,0.8112098797966165,0.8078495502861816,0.8145702093070514,0.12321314686142208,0.1801490186691411,0.8630068779692588,0.698528243446422,0.015233397483825684
510329,28,1,0.06506922960865964,0.0022872581918072865,28.448572099679026,3.3480979695101967,0.4351631441294134,0.0263671875,0.9594025611877441,3,1.0,1.0,0.8962411757295375,0.8145702093070514,0.9779121421520237,0.12321314686142208,0.1801490186691411,0.8630068779692588,0.698528243446422,0.015233397483825684
510329,28,2,0.0657228706326127,0.0023058132720969165,28.503119224541944,3.350013527776148,0.43025543418532003,0.025810546875,0.9746359586715698,3,1.0,1.0,0.8928808462191027,0.8078495502861816,0.9779121421520237,0.12321314686142208,0.1801490186691411,0.8630068779692588,0.698528243446422,0.015233397483825684
466602,35,0,0.018175339493939183,0.011143670048688301,1.6310012242732872,0.48919407432101325,0.4989611329871293,0.3791048177083333,0.6631742715835571,1,0.3333333333333333,0.0,0.011940442952314272,0.006485313414757242,0.0173955724898713,0.18327695685832227,0.27365493326359674,0.9691340165816883,0.3057847975901241,0.100452721118927
466602,35,1,0.03682045694419847,0.01336402780949772,2.7551915834293044,1.0134869804789448,0.05062730631363083,0.01898763020833333,0.7812750935554504,2,0.6666666666666666,1.0,0.2823522257375651,0.0173955724898713,0.5473088789852588,0.18327695685832227,0.27365493326359674,0.9691340165816883,0.3057847975901241,0.100452721118927
466602,35,2,0.04488685013844154,0.013482898675941352,3.329169135952025,1.202722764159035,0.03379540948334475,0.010397135416666667,0.8817278146743774,2,0.6666666666666666,1.0,0.276897096200008,0.006485313414757242,0.5473088789852588,0.18327695685832227,0.27365493326359674,0.9691340165816883,0.3057847975901241,0.100452721118927
466602,1,0,0.003947639261981148,0.0006444019114862609,6.126051436983149,1.8125504051325911,0.5787347169408759,0.18317708333333332,0.9548634886741638,1,0.3333333333333333,1.0,0.4922836591665045,0.17834207982322883,0.8062252385097802,0.19365184436434388,0.29032165118055736,0.9282485416244363,0.4343244438788542,0.015072822570800781
466602,1,1,0.004288697213386914,0.0007225019743470471,5.935896869108044,1.7810181321447711,0.507204538401568,0.14777018229166666,0.939790666103363,1,0.3333333333333333,1.0,0.5111273687674781,0.2160294990251759,0.8062252385097802,0.19365184436434388,0.29032165118055736,0.9282485416244363,0.4343244438788542,0.015072822570800781
466602,1,2,0.006524991695902086,0.0010352693273563472,6.302699710288468,1.8409780672025526,0.2037699755917367,0.039020182291666664,0.7242363691329956,2,0.6666666666666666,1.0,0.19718578942420237,0.17834207982322883,0.2160294990251759,0.19365184436434388,0.29032165118055736,0.9282485416244363,0.4343244438788542,0.015072822570800781
138954,67,0,0.00820311119539016,0.005082020881643025,1.6141435434487899,0.47880450247650547,0.6668762126957676,0.5536145286001111,0.9385431408882141,3,1.0,1.0,0.589287129391415,0.5146836572645841,0.663890601518246,0.29601127868332094,0.4308093541432764,0.9792297637368046,0.2242786934377098,0.029360651969909668
138954,67,1,0.009274493599266211,0.005370670281482868,1.7268782314781386,0.5463152880882686,0.5020995934992879,0.3686723055235166,0.9091824889183044,3,1.0,1.0,0.7045966651455563,0.663890601518246,0.7453027287728666,0.29601127868332094,0.4308093541432764,0.9792297637368046,0.2242786934377098,0.029360651969909668
138954,67,2,0.009892675803301469,0.005555091805408096,1.7808302991302027,0.5770797158318534,0.4202454360094036,0.2892877739331027,0.8816545009613037,3,1.0,1.0,0.6299931930187254,0.5146836572645841,0.7453027287728666,0.29601127868332094,0.4308093541432764,0.9792297637368046,0.2242786934377098,0.029360651969909668
138954,53,0,0.015410431422420032,0.005693267036150426,2.706781769037345,0.9957603901725923,0.5249509224910904,0.28989918407450127,0.8552786111831665,2,0.6666666666666666,0.0,0.2496684254820765,0.17121156324802062,0.32812528771613236,0.31106559417452206,0.45388856320260196,0.9565129931133051,0.35896776951249565,0.08628833293914795
138954,53,1,0.023891695433345794,0.0068910596263927395,3.4670568425171666,1.2433060619138208,0.2673872362797252,0.0952438164808407,0.8373422026634216,2,0.6666666666666666,0.0,0.3998309262977118,0.32812528771613236,0.4715365648792912,0.31106559417452206,0.45388856320260196,0.9565129931133051,0.35896776951249565,0.08628833293914795
138954,53,2,0.026200546595646888,0.007583916952872541,3.454751252552709,1.2397504582991383,0.15319353070626468,0.04975917382203426,0.9415669441223145,2,0.6666666666666666,0.0,0.3213740640636559,0.17121156324802062,0.4715365648792912,0.31106559417452206,0.45388856320260196,0.9565129931133051,0.35896776951249565,0.08628833293914795
415741,65,0,0.03495481345149866,0.002974424124218171,11.751791936845844,2.464005734254507,0.2055395700161516,0.02154079861111111,0.7093115448951721,2,0.6666666666666666,1.0,0.7607095057394713,0.7008650170991753,0.8205539943797672,0.07428657809028548,0.07741425582422388,0.9374642829456186,0.4265134156749517,0.0026761293411254883
415741,65,1,0.040241869229534,0.0029994415802762947,13.416453742836577,2.596481844996244,0.1958154829300364,0.017825520833333334,0.9556065797805786,2,0.6666666666666666,1.0,0.833830716198148,0.8205539943797672,0.8471074380165289,0.07428657809028548,0.07741425582422388,0.9374642829456186,0.4265134156749517,0.0026761293411254883
415741,65,2,0.03988305456138388,0.0031059035552858747,12.841047327650166,2.552646862534435,0.16500869416818223,0.01515625,0.9582827091217041,1,0.3333333333333333,1.0,0.7739862275578521,0.7008650170991753,0.8471074380165289,0.07428657809028548,0.07741425582422388,0.9374642829456186,0.4265134156749517,0.0026761293411254883
415741,62,0,0.009289748183765519,0.0017379016054878606,5.3453821258265855,1.6762330342324985,0.16545816857315196,0.03576388888888889,0.7571783661842346,3,1.0,1.0,0.44796123481783223,0.40496049165935033,0.49096197797631413,0.18188345146752216,0.22430517873022845,0.9555856838876231,0.35191411666865297,0.0005053877830505371
415741,62,1,0.010766266386895635,0.0017693159043404233,6.08498818916352,1.805824785554897,0.14223468858215646,0.02652777777777778,0.881615936756134,3,1.0,1.0,0.6080961498092335,0.49096197797631413,0.725230321642153,0.18188345146752216,0.22430517873022845,0.9555856838876231,0.35191411666865297,0.0005053877830505371
415741,62,2,0.013479213474370647,0.0017762625148971037,7.588525543794946,2.026637309605607,0.1329158863681003,0.019800347222222223,0.8821213245391846,3,1.0,1.0,0.5650954066507516,0.40496049165935033,0.725230321642153,0.18188345146752216,0.22430517873022845,0.9555856838876231,0.35191411666865297,0.0005053877830505371
531707,1,0,0.0008271091210822072,0.00027925354948085435,2.9618571354168473,1.0858164834190467,0.4217830414394658,0.19761393229166666,0.9333246350288391,2,0.6666666666666666,1.0,0.20125433299662168,0.18828810394659437,0.214220562046649,0.22775399578820998,0.3075951340333187,0.8777030609684181,0.6215794480865505,0.05574929714202881
531707,1,1,0.0015040389035472503,0.00025673757410256675,5.858273386536374,1.7678549169019724,0.406946508950811,0.10485026041666666,0.8775753378868103,2,0.6666666666666666,1.0,0.4501472677056493,0.18828810394659437,0.7120064314647042,0.22775399578820998,0.3075951340333187,0.8777030609684181,0.6215794480865505,0.05574929714202881
531707,1,2,0.0016989758003686179,0.0002805939861034119,6.0549259016818,1.8008721399765366,0.3305032808700822,0.07538411458333333,0.8158704042434692,2,0.6666666666666666,1.0,0.4631134967556766,0.214220562046649,0.7120064314647042,0.22775399578820998,0.3075951340333187,0.8777030609684181,0.6215794480865505,0.05574929714202881
531707,15,0,0.028846667712550504,0.002241209660041568,12.871025952629731,2.554978735064549,0.45851692364907437,0.061728515625,0.891688346862793,3,1.0,1.0,0.9341388386948608,0.9305591677503251,0.9377185096393966,0.22729306487695752,0.34093959731543627,0.9002614542024276,0.5640449648269055,0.015401184558868408
531707,15,1,0.028162949863250162,0.0022077593070397783,12.75634973463454,2.546029166072645,0.46821047307323144,0.06456380208333333,0.9688617587089539,3,1.0,1.0,0.9251555138197487,0.9125925180001007,0.9377185096393966,0.22729306487695752,0.34093959731543627,0.9002614542024276,0.5640449648269055,0.015401184558868408
531707,15,2,0.02925195395778216,0.0022904065773602825,12.771511501125635,2.5472170265139864,0.4450738076383995,0.05908854166666667,0.9534605741500854,2,0.6666666666666666,1.0,0.9215758428752129,0.9125925180001007,0.9305591677503251,0.22729306487695752,0.34093959731543627,0.9002614542024276,0.5640449648269055,0.015401184558868408
562561,28,0,0.005216370402419793,0.0013788085821097797,3.7832448001264507,1.330582054329568,0.2730655683068173,0.090322265625,0.8096926212310791,1,0.3333333333333333,1.0,0.5231970259678667,0.3205950101296034,0.7257990418061299,0.4785334641983767,0.7112250603014337,0.9308812442669653,0.45502448271271356,0.09245985746383667
562561,28,1,0.00594542542034057,0.0013540993773225364,4.390686175268603,1.479485519202467,0.27867911492589276,0.08087565104166666,0.9021524786949158,1,0.3333333333333333,1.0,0.5425508959334859,0.35930275006084206,0.7257990418061299,0.4785334641983767,0.7112250603014337,0.9308812442669653,0.45502448271271356,0.09245985746383667
562561,28,2,0.005332184891877582,0.0014764336981479764,3.611530199395131,1.2841315606702404,0.19956554927405193,0.06457682291666667,0.6627799272537231,1,0.3333333333333333,1.0,0.3399488800952227,0.3205950101296034,0.35930275006084206,0.4785334641983767,0.7112250603014337,0.9308812442669653,0.45502448271271356,0.09245985746383667
562561,18,0,0.01401911973382923,0.0022140335286466102,6.33193650688157,1.8456061146995781,0.7025297992962475,0.2716569010416667,0.9631468653678894,3,1.0,1.0,0.5693276833556351,0.22632201345007585,0.9123333532611945,0.3382131157223873,0.4977867579975081,0.942089659771407,0.38109479527211076,0.009413003921508789
562561,18,1,0.013974710873661422,0.002585290067439699,5.405471147806476,1.6874116162456074,0.6418316873653092,0.248974609375,0.9537338614463806,3,1.0,1.0,0.575614393575822,0.23889543389044962,0.9123333532611945,0.3382131157223873,0.4977867579975081,0.942089659771407,0.38109479527211076,0.009413003921508789
562561,18,2,0.021998485001607268,0.004315123368307353,5.097996770631932,1.6288476725413408,0.253772639479063,0.06253580729166666,0.7491335868835449,3,1.0,1.0,0.23260872367026275,0.22632201345007585,0.23889543389044962,0.3382131157223873,0.4977867579975081,0.942089659771407,0.38109479527211076,0.009413003921508789
80340,33,0,0.010018611315824785,0.0030304546156490505,3.3059763577330665,1.1957318481521644,0.5480702187596214,0.2683804156908665,0.8548916578292847,3,1.0,1.0,0.04139760349344888,0.034770625182201254,0.0480245818046965,0.10529304673831157,0.1556604110859532,0.8945406938831233,0.6490340477219988,0.07350242137908936
80340,33,1,0.07485895163710063,0.0033928279514803964,22.06388083497528,3.093941920169339,0.3230666852464276,0.021172423887587822,0.928394079208374,2,0.6666666666666666,1.0,0.4261191768221838,0.0480245818046965,0.8042137718396711,0.10529304673831157,0.1556604110859532,0.8945406938831233,0.6490340477219988,0.07350242137908936
80340,33,2,0.07416180831870473,0.0036816663506409643,20.14354404647501,3.002883842352943,0.262584779053756,0.017370462529274006,0.8114382028579712,2,0.6666666666666666,1.0,0.4194921985109362,0.034770625182201254,0.8042137718396711,0.10529304673831157,0.1556604110859532,0.8945406938831233,0.6490340477219988,0.07350242137908936
80340,1,0,0.008037643950371891,0.001511967029284632,5.316018001304422,1.6707245272195714,0.31568302101414714,0.07984850702576113,0.98277348279953,3,1.0,1.0,0.44791606706188564,0.11881097421334677,0.7770211599104245,0.13377179121244054,0.19972811481065292,0.9542908039878479,0.33452923737626905,0.04916954040527344
80340,1,1,0.008418508534772315,0.0016078126955860403,5.236000780842079,1.6555579972959316,0.2585311659766329,0.062434133489461356,0.9336039423942566,3,1.0,1.0,0.4504534370980694,0.12388571428571428,0.7770211599104245,0.13377179121244054,0.19972811481065292,0.9542908039878479,0.33452923737626905,0.04916954040527344
80340,1,2,0.012647825692253544,0.0019308352930238462,6.550442563071018,1.879532614324758,0.05932504738408743,0.009536007025761123,0.8761394023895264,2,0.6666666666666666,1.0,0.12134834424953053,0.11881097421334677,0.12388571428571428,0.13377179121244054,0.19972811481065292,0.9542908039878479,0.33452923737626905,0.04916954040527344
1503,73,0,0.009257562555908906,0.004428237843889134,2.090574824609648,0.7374390639677514,0.2219224882853702,0.12005208333333334,0.6704238057136536,3,1.0,1.0,0.4780847231534113,0.42356895056374677,0.5326004957430758,0.12397681310325559,0.15374509578119952,0.939909955239908,0.37504620592207416,0.04147559404373169
1503,73,1,0.015291089848600331,0.004291763115400737,3.562892320446641,1.2705726646345032,0.19882410287972396,0.0651171875,0.9050838351249695,3,1.0,1.0,0.65643208966139,0.5326004957430758,0.7802636835797043,0.12397681310325559,0.15374509578119952,0.939909955239908,0.37504620592207416,0.04147559404373169
1503,73,2,0.016595441574846114,0.004386262237872445,3.7835041935641818,1.3306506155943163,0.1687525582881667,0.05092447916666667,0.9465594291687012,3,1.0,1.0,0.6019163170717255,0.42356895056374677,0.7802636835797043,0.12397681310325559,0.15374509578119952,0.939909955239908,0.37504620592207416,0.04147559404373169
1503,72,0,0.004738943578621752,0.0009260680508738948,5.117273583763655,1.632621794261107,0.4789578966330737,0.15227864583333334,0.9749128818511963,3,1.0,1.0,0.5251817015818726,0.3017528858486533,0.7486105173150919,0.20703861342821736,0.2731311241259137,0.923289032538925,0.4614767915474511,0.01679861545562744
1503,72,1,0.005545420024012438,0.0009870446512439917,5.618205834361425,1.7260123665609926,0.4195716835263632,0.11399739583333333,0.9917114973068237,3,1.0,1.0,0.5736903645559746,0.39877021179685723,0.7486105173150919,0.20703861342821736,0.2731311241259137,0.923289032538925,0.4614767915474511,0.01679861545562744
1503,72,2,0.00884733625212497,0.0011531350189075802,7.672420054361069,2.0376320878065433,0.26982349630142055,0.045950520833333335,0.9540649652481079,3,1.0,1.0,0.3502615488227553,0.3017528858486533,0.39877021179685723,0.20703861342821736,0.2731311241259137,0.923289032538925,0.4614767915474511,0.01679861545562744
53529,18,0,0.03843116731202903,0.0023301944725944335,16.49268666093228,2.8029170500051497,0.44479117197615153,0.046324324324324324,0.9059253334999084,3,1.0,1.0,0.7822567601153204,0.6055461967085655,0.9589673235220754,0.08037033233943323,0.08198118350388972,0.8944742025813935,0.6042340754698671,0.036576807498931885
53529,18,1,0.03780658306537329,0.002297694460606779,16.454138571120165,2.8005770304661914,0.45350368825828236,0.04801201201201201,0.8926826119422913,3,1.0,1.0,0.7720155606852308,0.5850637978483862,0.9589673235220754,0.08037033233943323,0.08198118350388972,0.8944742025813935,0.6042340754698671,0.036576807498931885
53529,18,2,0.053735950282681876,0.002565155408844411,20.948418983293188,3.0420631773477838,0.3771217278854501,0.02809009009009009,0.9425021409988403,3,1.0,1.0,0.5953049972784759,0.5850637978483862,0.6055461967085655,0.08037033233943323,0.08198118350388972,0.8944742025813935,0.6042340754698671,0.036576807498931885
53529,8,0,0.0032951698847027665,0.0054882667893270875,0.6004026426904772,-0.5101547773792803,0.17984937958067415,0.2675255255255255,0.6147169470787048,2,0.6666666666666666,0.0,0.12845919913737427,0.08424226301321273,0.1726761352615358,0.37728370230971264,0.5204570093611693,0.9544886275164072,0.35117094411877037,0.00409930944442749
53529,8,1,0.007314462750800708,0.004749541514986577,1.5400355436794921,0.4318054966072655,0.08844295486237193,0.05926726726726727,0.672042965888977,2,0.6666666666666666,0.0,0.2993427765777672,0.1726761352615358,0.4260094178939986,0.37728370230971264,0.5204570093611693,0.9544886275164072,0.35117094411877037,0.00409930944442749
53529,8,2,0.009291553583885847,0.0047833698683604235,1.9424702328377974,0.6639604790994481,0.04969632271702607,0.026216216216216216,0.6679436564445496,3,1.0,1.0,0.25512584045360565,0.08424226301321273,0.4260094178939986,0.37728370230971264,0.5204570093611693,0.9544886275164072,0.35117094411877037,0.00409930944442749
313130,82,0,0.021061222375828643,0.00504798492301293,4.1722038977655815,1.4284444088981845,0.6164906799523835,0.27812825520833334,0.9358268976211548,3,1.0,1.0,0.49045543544610704,0.4896759259259259,0.4912349449662882,0.1857008333930875,0.2494087340836343,0.9645497356036804,0.3014616515495244,0.008346915245056152
313130,82,1,0.026716656446360405,0.006627963128248175,4.03089998018606,1.393989671209214,0.4022333501863837,0.14305338541666668,0.9529151916503906,3,1.0,1.0,0.7355943159266602,0.4912349449662882,0.9799536868870323,0.1857008333930875,0.2494087340836343,0.9645497356036804,0.3014616515495244,0.008346915245056152
313130,82,2,0.026671318164551434,0.006687076138754732,3.9884872860935725,1.383412032760385,0.3953464858176714,0.14084309895833333,0.9612621068954468,3,1.0,1.0,0.7348148064064791,0.4896759259259259,0.9799536868870323,0.1857008333930875,0.2494087340836343,0.9645497356036804,0.3014616515495244,0.008346915245056152
313130,62,0,0.0015519528483687937,0.0023971007923157053,0.6474291163293595,-0.4347459636070946,0.1383922950909037,0.19877604166666665,0.7538881301879883,2,0.6666666666666666,0.0,0.4970363650575815,0.3358409372889608,0.6582317928262021,0.3336395530711489,0.495591095550243,0.9586332131045645,0.2937704732677143,0.007125556468963623
313130,62,1,0.001924816651570767,0.00228181657514174,0.8435457396954253,-0.17014115187038598,0.1274944863995494,0.14764973958333333,0.8526765704154968,2,0.6666666666666666,0.0,0.5836856835915839,0.5091395743569657,0.6582317928262021,0.3336395530711489,0.495591095550243,0.9586332131045645,0.2937704732677143,0.007125556468963623
313130,62,2,0.003177338466094669,0.0021487723380184845,1.4786761763444947,0.39114721236597194,0.11132588967549535,0.07810221354166667,0.8598021268844604,2,0.6666666666666666,0.0,0.42249025582296323,0.3358409372889608,0.5091395743569657,0.3336395530711489,0.495591095550243,0.9586332131045645,0.2937704732677143,0.007125556468963623
559547,39,0,0.003405958198283813,0.0020201538259202955,1.6859895285678135,0.5223526490401087,0.4268210652838487,0.3063613798370672,0.8132971525192261,3,1.0,1.0,0.41631320201826316,0.24207567606276797,0.5905507279737584,0.47313806313142875,0.5842096996470438,0.9194891504972511,0.49006354937378427,0.01667684316635132
559547,39,1,0.0036350271745568437,0.0021062973456651185,1.7257901313469104,0.5456849930444769,0.3291523908874218,0.22136901731160896,0.7966203093528748,2,0.6666666666666666,1.0,0.49673276870466354,0.4029148094355687,0.5905507279737584,0.47313806313142875,0.5842096996470438,0.9194891504972511,0.49006354937378427,0.01667684316635132
559547,39,2,0.004395307228387291,0.0021397629607218557,2.054109406983291,0.7198423756431296,0.24307254536316647,0.13519921079429736,0.7147548198699951,2,0.6666666666666666,1.0,0.3224952427491683,0.24207567606276797,0.4029148094355687,0.47313806313142875,0.5842096996470438,0.9194891504972511,0.49006354937378427,0.01667684316635132
559547,1,0,0.0014053170736213092,0.0006376566118313295,2.2038775186246493,0.7902183181461879,0.3936698085767465,0.22756173625254583,0.8980944156646729,2,0.6666666666666666,1.0,0.12171789193830715,0.0954313543599258,0.1480044295166885,0.41454516253989304,0.5350933576413291,0.900619628714456,0.5339766378195611,0.01894700527191162
559547,1,1,0.0015753966612709147,0.0006542610876327312,2.4079021183472245,0.8787558787282614,0.33282613568816544,0.17162041751527496,0.8725578188896179,3,1.0,1.0,0.39327837638605184,0.1480044295166885,0.6385523232554152,0.41454516253989304,0.5350933576413291,0.900619628714456,0.5339766378195611,0.01894700527191162
559547,1,2,0.001699767219322766,0.0005996768597598257,2.83447191403894,1.0418556467093245,0.4045066487376998,0.19332039205702647,0.8791474103927612,3,1.0,1.0,0.3669918388076705,0.0954313543599258,0.6385523232554152,0.41454516253989304,0.5350933576413291,0.900619628714456,0.5339766378195611,0.01894700527191162
334555,21,0,0.03175140400197363,0.001711683176159928,18.54981367209347,2.9204597444034115,0.7741246821082642,0.1559455692488263,0.9443334341049194,3,1.0,1.0,0.7158036189385728,0.47365210454694756,0.957955133330198,0.21599679879182157,0.3171335691097857,0.9027646016673674,0.46528101910379605,0.004250943660736084
334555,21,1,0.03259345127930936,0.0017930112259591502,18.17805197716809,2.9002149310678793,0.7615726810013286,0.14945349178403755,0.9400824904441833,3,1.0,1.0,0.7189460476931024,0.4799369620560068,0.957955133330198,0.21599679879182157,0.3171335691097857,0.9027646016673674,0.46528101910379605,0.004250943660736084
334555,21,2,0.03748433380828992,0.0038962322735270737,9.620662005537076,2.2639130778810066,0.4361957399029744,0.07443148474178404,0.8506356477737427,3,1.0,1.0,0.47679453330147714,0.47365210454694756,0.4799369620560068,0.21599679879182157,0.3171335691097857,0.9027646016673674,0.46528101910379605,0.004250943660736084
334555,3,0,0.006679328294141451,0.0009021550698286266,7.403747437795266,2.0019862826901833,0.32393590240377185,0.060783450704225354,0.8068826198577881,2,0.6666666666666666,1.0,0.172533750348712,0.15274360894213285,0.19232389175529113,0.3266570277976211,0.4898817864143847,0.8526240722614514,0.7364173176593252,0.0679054856300354
334555,3,1,0.014962937260282427,0.0009408700656694357,15.903298224003857,2.7665265232531957,0.26602013346193926,0.02228213028169014,0.8747881054878235,3,1.0,1.0,0.45609350599585996,0.19232389175529113,0.7198631202364287,0.3266570277976211,0.4898817864143847,0.8526240722614514,0.7364173176593252,0.0679054856300354
334555,3,2,0.013980423535949043,0.0010164179768782954,13.754600804220566,2.6213733721600074,0.2038334341840902,0.01827318075117371,0.8053572177886963,3,1.0,1.0,0.43630336458928076,0.15274360894213285,0.7198631202364287,0.3266570277976211,0.4898817864143847,0.8526240722614514,0.7364173176593252,0.0679054856300354
123321,56,0,0.020665239628610364,0.004632758640597575,4.460676937291103,1.495300534224678,0.9116679719173483,0.6982277115639284,0.9442493915557861,3,1.0,1.0,0.19650156586378706,0.08965382747584287,0.30334930425173123,0.31911832323630424,0.4625762657748052,0.9567585339450551,0.3442907439337864,0.11566442251205444
123321,56,1,0.029645623562421505,0.012113698651467443,2.4472809183166344,0.894977579015313,0.39673438734069305,0.21180689051219617,0.8285849690437317,3,1.0,1.0,0.2991948759105485,0.2950404475693657,0.30334930425173123,0.31911832323630424,0.4625762657748052,0.9567585339450551,0.3442907439337864,0.11566442251205444
123321,56,2,0.03869653476825322,0.014299880172059236,2.7060740579600746,0.9954988974561391,0.1530513495400164,0.06259878679140501,0.718870997428894,3,1.0,1.0,0.1923471375226043,0.08965382747584287,0.2950404475693657,0.31911832323630424,0.4625762657748052,0.9567585339450551,0.3442907439337864,0.11566442251205444
123321,51,0,0.009356609011947705,0.005849666342311282,1.5995115725953133,0.4696983156211885,0.28250564543028667,0.1975362040240933,0.9530856609344482,2,0.6666666666666666,1.0,0.6124079540994088,0.49550096456082127,0.7293149436379964,0.14477374635879137,0.21437870006326726,0.9792083204709824,0.24515737671785146,0.007985234260559082
123321,51,1,0.00985582464477324,0.005971708307991122,1.650419634518001,0.5010295796294022,0.22134782399188785,0.14693333760519459,0.9610708951950073,2,0.6666666666666666,1.0,0.6944304904722783,0.6595460373065603,0.7293149436379964,0.14477374635879137,0.21437870006326726,0.9792083204709824,0.24515737671785146,0.007985234260559082
123321,51,2,0.010702438763866144,0.00608817545734438,1.7579057694859155,0.5641231969448187,0.16103740703804564,0.09844237259173821,0.8479818105697632,2,0.6666666666666666,1.0,0.5775235009336908,0.49550096456082127,0.6595460373065603,0.14477374635879137,0.21437870006326726,0.9792083204709824,0.24515737671785146,0.007985234260559082
295809,3,0,0.0010447960157740064,0.0010173302094417227,1.0269979256001431,0.02663991203796466,0.3404378656226117,0.3344818115234375,0.7987908720970154,1,0.3333333333333333,0.0,0.0020170158341724807,0.001466005354869859,0.0025680263134751024,0.43343332215049807,0.5410377198823483,0.8967343123639087,0.566432462510154,0.01114344596862793
295809,3,1,0.0069860315166278995,0.0009454985207656445,7.388728121522636,1.9999556122426057,0.0912795162108404,0.0134124755859375,0.8099343180656433,2,0.6666666666666666,1.0,0.15609511114965371,0.0025680263134751024,0.30962219598583235,0.43343332215049807,0.5410377198823483,0.8967343123639087,0.566432462510154,0.01114344596862793
295809,3,2,0.005125247793362022,0.00096971578966288,5.285309203698226,1.6649311237090747,0.06824641447898104,0.0136688232421875,0.6724488735198975,2,0.6666666666666666,1.0,0.1555441006703511,0.001466005354869859,0.30962219598583235,0.43343332215049807,0.5410377198823483,0.8967343123639087,0.566432462510154,0.01114344596862793
295809,2,0,0.01312909054810862,0.002334784213332717,5.623256516603152,1.7269109475175302,0.9151346649140363,0.657257080078125,0.9940123558044434,3,1.0,1.0,0.3328296108028171,0.243227933324047,0.4224312882815872,0.21627334272209622,0.31237242293814105,0.8964512494939298,0.5668131322476684,0.03160470724105835
295809,2,1,0.025676940643523542,0.0028519906376318995,9.003164419866671,2.1975761177850015,0.7847017555384609,0.2881683349609375,0.962407648563385,3,1.0,1.0,0.410242412765033,0.39805353724847875,0.4224312882815872,0.21627334272209622,0.31237242293814105,0.8964512494939298,0.5668131322476684,0.03160470724105835
295809,2,2,0.02757606703021975,0.0059764295559489415,4.614137382102392,1.5291249343992583,0.46751563423088655,0.15986328125,0.7181841135025024,2,0.6666666666666666,1.0,0.32064073528626286,0.243227933324047,0.39805353724847875,0.21627334272209622,0.31237242293814105,0.8964512494939298,0.5668131322476684,0.03160470724105835
304180,1,0,0.0014712319821200903,0.001960249563305606,0.7505329978947124,-0.2869716603144477,0.38298569647610486,0.4526614832535885,0.9878646731376648,3,1.0,1.0,0.7517040045375312,0.7358073013435067,0.7676007077315558,0.08902955889434572,0.11063181675332309,0.9272197267441455,0.43417832636619447,0.0006541609764099121
304180,1,1,0.0012989392650646079,0.001976028181418839,0.6573485523240805,-0.4195408793629844,0.2616207731847571,0.35023175837320575,0.9872105121612549,3,1.0,1.0,0.8593380026197135,0.7676007077315558,0.9510752975078712,0.08902955889434572,0.11063181675332309,0.9272197267441455,0.43417832636619447,0.0006541609764099121
304180,1,2,0.0013157918191800651,0.0019502211199806092,0.6746885289184332,-0.39350413248453775,0.2520547999419499,0.33310406698564593,0.9295014142990112,3,1.0,1.0,0.843441299425689,0.7358073013435067,0.9510752975078712,0.08902955889434572,0.11063181675332309,0.9272197267441455,0.43417832636619447,0.0006541609764099121
304180,41,0,0.0052495910551216916,0.0038966614302134313,1.347202251925427,0.29803003625486707,0.5141419189149894,0.4399297248803828,0.9718716144561768,2,0.6666666666666666,0.0,0.6129635094787093,0.40339950910821326,0.8225275098492053,0.13496125035476403,0.19518011751336883,0.8715312034059556,0.7125115380098199,0.018993675708770752
304180,41,1,0.005495653215832293,0.003921216097320891,1.401517559357566,0.33755562070054124,0.44343493530970063,0.3624401913875598,0.952877938747406,2,0.6666666666666666,0.0,0.6530118750361377,0.48349624022307003,0.8225275098492053,0.13496125035476403,0.19518011751336883,0.8715312034059556,0.7125115380098199,0.018993675708770752
304180,41,2,0.009203336892635555,0.0033978597469213785,2.708568797833885,0.996420376615886,0.3860977099341863,0.188441985645933,0.8128256797790527,2,0.6666666666666666,1.0,0.4434478746656416,0.40339950910821326,0.48349624022307003,0.13496125035476403,0.19518011751336883,0.8715312034059556,0.7125115380098199,0.018993675708770752
534041,62,0,0.004137583708118616,0.0020217130344712723,2.0465731958611637,0.716166782915057,0.21931481143560397,0.12069866666666666,0.9205567836761475,2,0.6666666666666666,1.0,0.7205432160308074,0.6841796301731728,0.7569068018884421,0.42316721849028127,0.5945341670747105,0.951645655719842,0.3411579844641134,0.05344170331954956
534041,62,1,0.003713132891578129,0.002014232942734849,1.8434476027847757,0.6116375158749251,0.2523019556081723,0.15472533333333333,0.8671150803565979,3,1.0,1.0,0.6444847151555044,0.604789800137836,0.6841796301731728,0.42316721849028127,0.5945341670747105,0.951645655719842,0.3411579844641134,0.05344170331954956
534041,62,2,0.004366327890910163,0.002061214225104708,2.1183280396631403,0.7506271172203629,0.17958013042755167,0.09365333333333334,0.7569648027420044,3,1.0,1.0,0.680848301013139,0.604789800137836,0.7569068018884421,0.42316721849028127,0.5945341670747105,0.951645655719842,0.3411579844641134,0.05344170331954956
534041,1,0,0.003776490506401904,0.0005263507852304578,7.1748548785265855,1.970582535716607,0.6455385954283498,0.20244266666666666,0.8116369843482971,2,0.6666666666666666,1.0,0.37587415187859674,0.2662910402569706,0.48545726350022295,0.11946609664889168,0.17644746702762099,0.9120659503477598,0.5017419306056377,0.03178882598876953
534041,1,1,0.005692198676917511,0.0006854892653281952,8.303848005392732,2.11671902264951,0.4788623193403796,0.099632,0.9105224609375,2,0.6666666666666666,1.0,0.5116597379991109,0.48545726350022295,0.5378622124979988,0.11946609664889168,0.17644746702762099,0.9120659503477598,0.5017419306056377,0.03178882598876953
534041,1,2,0.007993969799706175,0.0007951190716627206,10.053802096503242,2.30795088114597,0.3649240145566698,0.054064,0.9423112869262695,2,0.6666666666666666,1.0,0.4020766263774847,0.2662910402569706,0.5378622124979988,0.11946609664889168,0.17644746702762099,0.9120659503477598,0.5017419306056377,0.03178882598876953
314264,1,0,0.0024994359240190682,0.0003418040204702669,7.312482495869321,1.989582819227928,0.7056477062921591,0.24689453125,0.9538428783416748,2,0.6666666666666666,1.0,0.16256855960437822,0.0761849528127801,0.2489521663959763,0.26108025286125874,0.3913298144741349,0.902840033941316,0.5371513538153593,0.04755890369415283
314264,1,1,0.0039446842543466275,0.0006663159408079502,5.920140892387037,1.7783602482559215,0.28645769972900703,0.063505859375,0.906283974647522,1,0.3333333333333333,1.0,0.23399782861050078,0.21904349082502528,0.2489521663959763,0.26108025286125874,0.3913298144741349,0.902840033941316,0.5371513538153593,0.04755890369415283
314264,1,2,0.008892018933972831,0.0007201721663385889,12.347073848790172,2.5134190997922055,0.19203984561205487,0.01888671875,0.5724782943725586,2,0.6666666666666666,1.0,0.14761422181890269,0.0761849528127801,0.21904349082502528,0.26108025286125874,0.3913298144741349,0.902840033941316,0.5371513538153593,0.04755890369415283
314264,64,0,0.010995906161179786,0.00216255330149529,5.084686767485462,1.6262334283795905,0.44709307669964976,0.13721028645833333,0.7798943519592285,3,1.0,1.0,0.44456581729341543,0.3260291234948194,0.5631025110920115,0.22326663996794857,0.3,0.9422943367937823,0.40837601817709235,0.12076717615127563
314264,64,1,0.011365014286813507,0.0026624238602703295,4.268672036837473,1.4513027805597734,0.2755986091254662,0.08183268229166667,0.9092554450035095,2,0.6666666666666666,1.0,0.56985666919299,0.5631025110920115,0.5766108272939685,0.22326663996794857,0.3,0.9422943367937823,0.40837601817709235,0.12076717615127563
314264,64,2,0.011661608524353275,0.0029589369576197935,3.941148016141876,1.3714720556095417,0.1650466881176153,0.047760416666666666,0.7884882688522339,2,0.6666666666666666,1.0,0.45131997539439395,0.3260291234948194,0.5766108272939685,0.22326663996794857,0.3,0.9422943367937823,0.40837601817709235,0.12076717615127563
547854,67,0,0.006730555071241801,0.0028537102023676935,2.3585278783034807,0.8580376441742901,0.6556596982530132,0.44669677734375,0.9819537401199341,3,1.0,1.0,0.5787503191679076,0.40537467646103387,0.7521259618747814,0.32627222079318646,0.46806923355200253,0.9510206245532402,0.316555656547014,0.02754765748977661
547854,67,1,0.00788554699429845,0.0029154926689995246,2.7047047915574884,0.994992772110148,0.5778295852919121,0.3360107421875,0.9544060826301575,3,1.0,1.0,0.619842846924203,0.4875597319736245,0.7521259618747814,0.32627222079318646,0.46806923355200253,0.9510206245532402,0.316555656547014,0.02754765748977661
547854,67,2,0.009115378546947703,0.0033947006200293977,2.685178919896502,0.9877473626833593,0.4137851278670611,0.208154296875,0.8521392345428467,2,0.6666666666666666,0.0,0.4464672042173292,0.40537467646103387,0.4875597319736245,0.32627222079318646,0.46806923355200253,0.9510206245532402,0.316555656547014,0.02754765748977661
547854,1,0,0.002230260032075319,0.0011673246271452634,1.9105739554376835,0.6474036975949196,0.39613478031631044,0.25559326171875,0.9435693025588989,3,1.0,1.0,0.5112486344038663,0.49763154890994177,0.5248657198977906,0.447444237058687,0.6628975751600401,0.9493974636684093,0.377350575172641,0.02426624298095703
547854,1,1,0.0026108054939017428,0.0011943087902781722,2.186038914699446,0.7820911917627476,0.3134166426432915,0.17274658203125,0.9124357104301453,2,0.6666666666666666,0.0,0.5827272002732541,0.5248657198977906,0.6405886806487175,0.447444237058687,0.6628975751600401,0.9493974636684093,0.377350575172641,0.02426624298095703
547854,1,2,0.0026931067822544004,0.0012535884512979265,2.1483181161390914,0.7646852648136134,0.2410571525416396,0.1288037109375,0.9193030595779419,2,0.6666666666666666,0.0,0.5691101147793296,0.49763154890994177,0.6405886806487175,0.447444237058687,0.6628975751600401,0.9493974636684093,0.377350575172641,0.02426624298095703
578792,4,0,0.025425996940156417,0.004193352221060821,6.0634059801589535,1.802271685164102,0.6526705531591585,0.23658884660421545,0.8713411092758179,3,1.0,1.0,0.2459517955414004,0.20017595851083533,0.29172763257196543,0.1448401574229431,0.2025677711988129,0.9369997012017764,0.40535614258598107,0.033436477184295654
578792,4,1,0.030017974598831355,0.0076437341068193825,3.927134849984327,1.36791011422584,0.22897627236212106,0.07030518149882904,0.8379046320915222,3,1.0,1.0,0.4846480139706632,0.29172763257196543,0.677568395369361,0.1448401574229431,0.2025677711988129,0.9369997012017764,0.40535614258598107,0.033436477184295654
578792,4,2,0.02577383860516159,0.00838298052056592,3.0745435395986225,1.1231564478716636,0.1340696921595099,0.04794350117096019,0.8301651477813721,3,1.0,1.0,0.43887217694009817,0.20017595851083533,0.677568395369361,0.1448401574229431,0.2025677711988129,0.9369997012017764,0.40535614258598107,0.033436477184295654
578792,1,0,0.0009258580499356088,0.0003226064716635279,2.869930173103688,1.0542877006266027,0.48042544528998266,0.24367681498829039,0.8661611080169678,3,1.0,1.0,0.36553678256572075,0.24746011975329021,0.48361344537815126,0.19922924600528039,0.28852258353366356,0.9043928441606883,0.5048545273723077,0.025459110736846924
578792,1,1,0.0015762548653873382,0.00032139891305232106,4.904356537840502,1.5901239001003729,0.3964292426638461,0.1181059718969555,0.8407019972801208,2,0.6666666666666666,1.0,0.4972546271031164,0.48361344537815126,0.5108958088280815,0.19922924600528039,0.28852258353366356,0.9043928441606883,0.5048545273723077,0.025459110736846924
578792,1,2,0.001996636575082277,0.0003712603552455466,5.377995634313641,1.6823157465795475,0.25725436801891954,0.06050570843091335,0.5908524990081787,2,0.6666666666666666,1.0,0.37917796429068584,0.24746011975329021,0.5108958088280815,0.19922924600528039,0.28852258353366356,0.9043928441606883,0.5048545273723077,0.025459110736846924
463690,37,0,0.015198296753003918,0.0019196368946715477,7.917276849217409,2.069047314598779,0.4678374789287215,0.09994145199063231,0.844963788986206,3,1.0,1.0,0.298888722697518,0.16465251315550716,0.43312493223952875,0.2963258918615733,0.44341607728066745,0.8351673350482189,0.7808881610746539,0.00880354642868042
463690,37,1,0.030563620741451504,0.0019544554764161976,15.637921198315963,2.74969881060711,0.42521375207933604,0.045169789227166274,0.9086090922355652,3,1.0,1.0,0.3985761669322544,0.3640274016249801,0.43312493223952875,0.2963258918615733,0.44341607728066745,0.8351673350482189,0.7808881610746539,0.00880354642868042
463690,37,2,0.06696266711145936,0.0021124155673513537,31.699570915263013,3.45630314501044,0.360750736691552,0.017491217798594846,0.9174126386642456,3,1.0,1.0,0.26433995739024363,0.16465251315550716,0.3640274016249801,0.2963258918615733,0.44341607728066745,0.8351673350482189,0.7808881610746539,0.00880354642868042
463690,1,0,0.0006751617091565962,0.0009042965490899148,0.7466153764375906,-0.2922051159505408,0.4088466237047869,0.48087675644028105,0.9659591317176819,3,1.0,1.0,0.655811936717259,0.5112132450532032,0.8004106283813149,0.2275186110398699,0.3299576587830186,0.9231944693676811,0.4340383859202751,0.016467511653900146
463690,1,1,0.0008194990687410077,0.0007773023406556674,1.0542861185719066,0.05286387424654001,0.41107379505534974,0.39833870023419204,0.9494916200637817,3,1.0,1.0,0.7009648262177751,0.6015190240542353,0.8004106283813149,0.2275186110398699,0.3299576587830186,0.9231944693676811,0.4340383859202751,0.016467511653900146
463690,1,2,0.0007074358431488954,0.000822734855320884,0.8598588448196006,-0.15098703572317257,0.22116147754198948,0.24825819672131147,0.896969199180603,3,1.0,1.0,0.5563661345537192,0.5112132450532032,0.6015190240542353,0.2275186110398699,0.3299576587830186,0.9231944693676811,0.4340383859202751,0.016467511653900146
224337,1,0,0.0017468925809514433,0.0006588312126890974,2.651502455643825,0.9751264443008842,0.667207749047595,0.4305657201405152,0.7095611691474915,3,1.0,1.0,0.0747727993622278,0.0739963464888058,0.0755492522356498,0.18662876864077002,0.2784642745540067,0.9344758813950821,0.4536816672548061,0.004105269908905029
224337,1,1,0.008693754544625865,0.0008701724242349012,9.990841231585803,2.3016687965961924,0.25347084180723933,0.0328673887587822,0.9893106818199158,3,1.0,1.0,0.5242475720096085,0.0755492522356498,0.9729458917835672,0.18662876864077002,0.2784642745540067,0.9344758813950821,0.4536816672548061,0.004105269908905029
224337,1,2,0.00874333647773009,0.0008757210308473249,9.984157237021142,2.300999560517787,0.24801989168291186,0.03197819086651054,0.9934159517288208,3,1.0,1.0,0.5234711191361865,0.0739963464888058,0.9729458917835672,0.18662876864077002,0.2784642745540067,0.9344758813950821,0.4536816672548061,0.004105269908905029
224337,59,0,0.002865926902067175,0.0014836607578748201,1.9316591646197065,0.6583793047478416,0.6159886968210116,0.4536775468384075,0.7137278318405151,3,1.0,1.0,0.07096945422309225,0.07025989629952181,0.0716790121466627,0.18844290241025963,0.28092234038050745,0.8996528236607848,0.6168632743378488,0.004218399524688721
224337,59,1,0.024025795601845836,0.0013662526135965031,17.58517813262623,2.867056395721563,0.373988500474774,0.032856411007025764,0.989281952381134,3,1.0,1.0,0.5226977308199624,0.0716790121466627,0.9737164494932621,0.18844290241025963,0.28092234038050745,0.8996528236607848,0.6168632743378488,0.004218399524688721
224337,59,2,0.024090308572652368,0.0013843355858894728,17.40207273496594,2.8565893218666405,0.36513657731694227,0.03199282786885246,0.9935003519058228,3,1.0,1.0,0.521988172896392,0.07025989629952181,0.9737164494932621,0.18844290241025963,0.28092234038050745,0.8996528236607848,0.6168632743378488,0.004218399524688721
66231,1,0,0.0012771656036372886,0.000144764165582878,8.822387706740306,2.177292549214898,0.24754190168169732,0.03594847775175644,0.7350857853889465,3,1.0,1.0,0.44515740058166425,0.21658812441093309,0.6737266767523954,0.2830488910606475,0.36771323010026763,0.8084222106737313,0.8500482210059525,0.011905372142791748
66231,1,1,0.0015104289369965696,0.0001518100648215695,9.949465003011445,2.297518781845422,0.20177449386622456,0.024776785714285713,0.7951235175132751,2,0.6666666666666666,1.0,0.4755542003334239,0.27738172391445237,0.6737266767523954,0.2830488910606475,0.36771323010026763,0.8084222106737313,0.8500482210059525,0.011905372142791748
66231,1,2,0.0031952572548954693,0.00015111877867858076,21.144011761420796,3.0513567338681455,0.19441660476296266,0.011285128805620609,0.7832181453704834,3,1.0,1.0,0.24698492416269274,0.21658812441093309,0.27738172391445237,0.2830488910606475,0.36771323010026763,0.8084222106737313,0.8500482210059525,0.011905372142791748
66231,81,0,0.0087195002661058,0.0025192003185987174,3.4612175134586862,1.2416204097907009,0.24791248551574685,0.08695477166276347,0.8308862447738647,3,1.0,1.0,0.23414510599606675,0.2126038781163435,0.25568633387579004,0.2303592288558627,0.3378151325267478,0.9647165298152334,0.2972355298289788,0.014522373676300049
66231,81,1,0.01066645357371631,0.0027314873993502247,3.9049982703008927,1.3622573404405893,0.1436640977589356,0.041192183840749415,0.8163638710975647,3,1.0,1.0,0.2236644189004939,0.2126038781163435,0.23472495968464432,0.2303592288558627,0.3378151325267478,0.9647165298152334,0.2972355298289788,0.014522373676300049
66231,81,2,0.012880079618308669,0.002707856930211298,4.756558394887968,1.559524380527364,0.14510772513773915,0.03445550351288056,0.6423794031143188,3,1.0,1.0,0.24520564678021717,0.23472495968464432,0.25568633387579004,0.2303592288558627,0.3378151325267478,0.9647165298152334,0.2972355298289788,0.014522373676300049
479155,31,0,0.01098027588295932,0.0011937910972374388,9.197820204197402,2.2189665217463257,0.3400478742119212,0.053048192771084336,0.784879744052887,3,1.0,1.0,0.6386718240468141,0.4550323588484713,0.822311289245157,0.21735001842165944,0.32435208701989926,0.9174522765053676,0.46434569948164783,0.03737199306488037
479155,31,1,0.011830035737609499,0.0012300734477630284,9.617340939686063,2.263567816957929,0.3146087959968717,0.04555421686746988,0.8487861156463623,3,1.0,1.0,0.6486822170872527,0.4750531449293485,0.822311289245157,0.21735001842165944,0.32435208701989926,0.9174522765053676,0.46434569948164783,0.03737199306488037
479155,31,2,0.013762370253033033,0.0013975695233432233,9.84736001559604,2.2872034006120088,0.20492371589419361,0.02550602409638554,0.8114141225814819,2,0.6666666666666666,1.0,0.4650427518889099,0.4550323588484713,0.4750531449293485,0.21735001842165944,0.32435208701989926,0.9174522765053676,0.46434569948164783,0.03737199306488037
479155,53,0,0.02985080762531528,0.0026253195390462322,11.370352130464699,2.431009277453996,0.2920202345351787,0.03500602409638554,0.9245390892028809,3,1.0,1.0,0.5982619170538634,0.30958526931681296,0.8869385647909138,0.1611898891936837,0.2405816366486665,0.9249259578831315,0.48695916479649226,0.05330592393875122
479155,53,1,0.031762977858685176,0.002675254385358172,11.872881330707457,2.474256919778257,0.2755951753606905,0.031048192771084338,0.8712331652641296,3,1.0,1.0,0.6174708333842123,0.34800310197751066,0.8869385647909138,0.1611898891936837,0.2405816366486665,0.9249259578831315,0.48695916479649226,0.05330592393875122
479155,53,2,0.04060679123456848,0.003172689187763749,12.798855739912891,2.5493557716348927,0.12298037710405366,0.010837349397590361,0.8261200189590454,3,1.0,1.0,0.3287941856471618,0.30958526931681296,0.34800310197751066,0.1611898891936837,0.2405816366486665,0.9249259578831315,0.48695916479649226,0.05330592393875122
214192,4,0,0.018798587865381532,0.0038132190851648995,4.929847312887546,1.5953080166114573,0.42583579627144436,0.13076978211009174,0.8702546954154968,2,0.6666666666666666,1.0,0.4286651702063278,0.23432540220841586,0.6230049382042397,0.20490458898953823,0.29193851417394906,0.8999477805990075,0.6018813451358669,0.0011975765228271484
214192,4,1,0.02627478348258144,0.003931344427016312,6.683409190844984,1.899628215309234,0.37512178948451336,0.08241829128440367,0.871452271938324,2,0.6666666666666666,1.0,0.48817702931862866,0.3533491204330176,0.6230049382042397,0.20490458898953823,0.29193851417394906,0.8999477805990075,0.6018813451358669,0.0011975765228271484
214192,4,2,0.04933273544183028,0.004320071342591655,11.419426096980992,2.435315948780533,0.2758101318098427,0.032274942660550456,0.7097526788711548,2,0.6666666666666666,1.0,0.29383726132071675,0.23432540220841586,0.3533491204330176,0.20490458898953823,0.29193851417394906,0.8999477805990075,0.6018813451358669,0.0011975765228271484
214192,1,0,0.00014153015876350528,0.00022564868796507063,0.6272146291326935,-0.4664664786422851,0.5753924274320895,0.6835973337155963,0.9706836938858032,3,1.0,1.0,0.2662513883781166,0.05868597288846899,0.47381680386776426,0.15863142676305902,0.23491886298203063,0.8721036485847538,0.639081919755029,0.016171276569366455
214192,1,1,0.00017864706065727568,0.0001630445226020788,1.095694947064128,0.09138882241095667,0.3473502318177295,0.326931622706422,0.9545124173164368,2,0.6666666666666666,0.0,0.2935068889050225,0.11319697394228075,0.47381680386776426,0.15863142676305902,0.23491886298203063,0.8721036485847538,0.639081919755029,0.016171276569366455
214192,1,2,0.0006270556320577527,0.00014739586915138604,4.254227960483031,1.447913304262634,0.16132350441703644,0.043259030963302754,0.6126736402511597,2,0.6666666666666666,1.0,0.08594147341537486,0.05868597288846899,0.11319697394228075,0.15863142676305902,0.23491886298203063,0.8721036485847538,0.639081919755029,0.016171276569366455
344795,61,0,0.009183431319111956,0.0017115170152420631,5.365667552213881,1.6800207957044113,0.5320793111439811,0.17486582409972298,0.7246266007423401,2,0.6666666666666666,1.0,0.6402737083332084,0.4619608036241875,0.8185866130422292,0.18695972020496401,0.24791368794257534,0.9552137047856512,0.32599243651021464,0.019402146339416504
344795,61,1,0.009336091768215293,0.0018685949469527915,4.996316498898702,1.6087009408239952,0.476175668672725,0.1539343836565097,0.9213694334030151,1,0.3333333333333333,0.0,0.6757342036039093,0.5328817941655893,0.8185866130422292,0.18695972020496401,0.24791368794257534,0.9552137047856512,0.32599243651021464,0.019402146339416504
344795,61,2,0.010421473783434181,0.0023555515440303303,4.424218101030768,1.487093562610476,0.2836343711489579,0.08214162049861495,0.9407715797424316,1,0.3333333333333333,0.0,0.4974212988948884,0.4619608036241875,0.5328817941655893,0.18695972020496401,0.24791368794257534,0.9552137047856512,0.32599243651021464,0.019402146339416504
344795,79,0,0.01434429108518346,0.005749004773978954,2.4950911760611594,0.914325272116985,0.531806635409861,0.31282894736842104,0.8070031404495239,3,1.0,1.0,0.5737369372020957,0.5012047860988338,0.6462690883053578,0.33631864456024535,0.442199005452451,0.9760831150119123,0.24737235816915665,0.02884763479232788
344795,79,1,0.017278687479553557,0.006163123186825911,2.803560297753637,1.0308901444351501,0.4190616858967099,0.20464421745152356,0.8985182642936707,3,1.0,1.0,0.6959145030234959,0.6462690883053578,0.745559917741634,0.33631864456024535,0.442199005452451,0.9760831150119123,0.24737235816915665,0.02884763479232788
344795,79,2,0.018978201219592112,0.006444021891142351,2.945086397476949,1.080138153729978,0.35778042674029453,0.15907202216066482,0.9273658990859985,3,1.0,1.0,0.623382351920234,0.5012047860988338,0.745559917741634,0.33631864456024535,0.442199005452451,0.9760831150119123,0.24737235816915665,0.02884763479232788
189213,82,0,0.004865221045776721,0.0014631479543649722,3.325173662675232,1.2015219023254613,0.23913568921102948,0.08635733333333333,0.8351356983184814,3,1.0,1.0,0.5542031626392525,0.3755186721991701,0.732887653079335,0.23151023682274854,0.326503686729358,0.937272155641753,0.3850741491872389,0.023297429084777832
189213,82,1,0.0058076437905276316,0.0014526997146085741,3.9978281320821054,1.3857512468526538,0.230929511908603,0.06986133333333333,0.9336020946502686,3,1.0,1.0,0.6036510132578845,0.47441437343643394,0.732887653079335,0.23151023682274854,0.326503686729358,0.937272155641753,0.3850741491872389,0.023297429084777832
189213,82,2,0.007832017246452607,0.0015439873001633856,5.0725917503021085,1.6238518804694346,0.15096931506251496,0.03386666666666667,0.9103046655654907,3,1.0,1.0,0.424966522817802,0.3755186721991701,0.47441437343643394,0.23151023682274854,0.326503686729358,0.937272155641753,0.3850741491872389,0.023297429084777832
189213,62,0,0.018848295565444692,0.0014160330761123208,13.310632265654082,2.5885631343862423,0.3235871456288907,0.03469333333333333,0.8789459466934204,3,1.0,1.0,0.5718204329224501,0.5168728050083983,0.6267680608365019,0.10752946394232532,0.15030502482841604,0.9070281432062125,0.5763550602405656,0.020247817039489746
189213,62,1,0.021831317614755975,0.0015678881950189295,13.924027025771677,2.6336159109419564,0.2414735048230842,0.022352,0.9113864898681641,3,1.0,1.0,0.7224749395091601,0.6267680608365019,0.8181818181818182,0.10752946394232532,0.15030502482841604,0.9070281432062125,0.5763550602405656,0.020247817039489746
189213,62,2,0.02259749042852892,0.0016375000656526102,13.79999359311348,2.624668127940165,0.20450294802284294,0.018288,0.8911386728286743,3,1.0,1.0,0.6675273115951083,0.5168728050083983,0.8181818181818182,0.10752946394232532,0.15030502482841604,0.9070281432062125,0.5763550602405656,0.020247817039489746
410456,1,0,0.0007718642162267681,0.00039099231079277574,1.9741160962670101,0.6801207532760423,0.5481803250541827,0.38064778645833336,0.96427321434021,3,1.0,1.0,0.5546875878022094,0.15597958914063015,0.9533955864637886,0.2616757247779407,0.3919160718442537,0.899248657744654,0.5537510240514222,0.007962048053741455
410456,1,1,0.0006777652208419532,0.0004549459663190907,1.4897708069287736,0.398622288747992,0.45983452172582384,0.3636328125,0.9563111662864685,2,0.6666666666666666,0.0,0.5375213686611172,0.1216471508584459,0.9533955864637886,0.2616757247779407,0.3919160718442537,0.899248657744654,0.5537510240514222,0.007962048053741455
410456,1,2,0.002290631453484488,0.00039351360553716025,5.820971410980116,1.7614671573552454,0.3209247261338604,0.07509114583333333,0.7323417663574219,2,0.6666666666666666,1.0,0.13881336999953803,0.1216471508584459,0.15597958914063015,0.2616757247779407,0.3919160718442537,0.899248657744654,0.5537510240514222,0.007962048053741455
410456,42,0,0.005269961523299174,0.0022024354137545285,2.3927882234342546,0.8724593068438484,0.5889112653987703,0.3744921875,0.8900814056396484,3,1.0,1.0,0.02659530846278603,0.026196264350413966,0.026994352575158094,0.2290957301451997,0.3436346007295952,0.917743072860422,0.5401906674764846,0.0034000277519226074
410456,42,1,0.02415019072802613,0.0029063376497370165,8.309492436951329,2.1173985284575103,0.15090810330078686,0.02094075520833333,0.930145800113678,2,0.6666666666666666,1.0,0.28747613668361865,0.026994352575158094,0.5479579207920792,0.2290957301451997,0.3436346007295952,0.917743072860422,0.5401906674764846,0.0034000277519226074
410456,42,2,0.025729950336781646,0.00308785292578896,8.332634664546044,2.1201796924696907,0.08929978400893233,0.011630859375,0.9335458278656006,2,0.6666666666666666,1.0,0.2870770925712466,0.026196264350413966,0.5479579207920792,0.2290957301451997,0.3436346007295952,0.917743072860422,0.5401906674764846,0.0034000277519226074
191580,54,0,0.0036854189698711562,0.0032193644797470157,1.1447659909001662,0.1352002416304951,0.5350174848083998,0.5012748430962343,0.9797346591949463,3,1.0,1.0,0.47159676890173186,0.2797951672267563,0.6633983705767074,0.321260995530347,0.3647004826468369,0.9816775042807769,0.2289135817991021,0.024266064167022705
191580,54,1,0.004629023266918507,0.0027290493546207537,1.6962035726413538,0.528392561421125,0.5107959064995645,0.38102445083682007,0.9554685950279236,3,1.0,1.0,0.5282919866204915,0.39318560266427566,0.6633983705767074,0.321260995530347,0.3647004826468369,0.9816775042807769,0.2289135817991021,0.024266064167022705
191580,54,2,0.005411875850943258,0.003101096614067964,1.745149062640427,0.5568399749074339,0.23867150722202446,0.15228164225941423,0.8428038358688354,3,1.0,1.0,0.336490384945516,0.2797951672267563,0.39318560266427566,0.321260995530347,0.3647004826468369,0.9816775042807769,0.2289135817991021,0.024266064167022705
191580,49,0,0.005635536997160649,0.0027463558858887072,2.0520053588338976,0.7188175390000526,0.30477922179492517,0.17603294979079498,0.8795214891433716,3,1.0,1.0,0.6385608416860891,0.2988933303723444,0.9782283529998338,0.17745319095223397,0.21858761583013767,0.9740640874858932,0.26703590945385347,0.028270065784454346
191580,49,1,0.005613190447080706,0.0027576664994243515,2.035485598500379,0.7107344139483984,0.3003180596038798,0.17414683577405857,0.9077915549278259,3,1.0,1.0,0.6391403232203711,0.3000522934409084,0.9782283529998338,0.17745319095223397,0.21858761583013767,0.9740640874858932,0.26703590945385347,0.028270065784454346
191580,49,2,0.008290103279831835,0.002970922308611416,2.790414024968612,1.0261899809903934,0.13599636279130792,0.053396312761506276,0.8793317079544067,3,1.0,1.0,0.2994728119066264,0.2988933303723444,0.3000522934409084,0.17745319095223397,0.21858761583013767,0.9740640874858932,0.26703590945385347,0.028270065784454346
357888,1,0,0.004384502876660985,0.0008805275013018203,4.979404805868403,1.6053103672280296,0.43738493157930936,0.13504231770833333,0.8573276996612549,1,0.3333333333333333,1.0,0.15704307417989471,0.12365084113870159,0.1904353072210878,0.17451272833854406,0.24460721210197406,0.9175052935758148,0.47956342099272864,0.04296928644180298
357888,1,1,0.008955242022175786,0.0011027496643138198,8.120829508143455,2.0944323052429685,0.21142323731900747,0.03195963541666667,0.911433756351471,2,0.6666666666666666,1.0,0.42096356313893657,0.1904353072210878,0.6514918190567853,0.17451272833854406,0.24460721210197406,0.9175052935758148,0.47956342099272864,0.04296928644180298
357888,1,2,0.010491118566617075,0.0011300149918767094,9.284052541559253,2.2282981478580672,0.18519505347914553,0.023896484375,0.9544030427932739,2,0.6666666666666666,1.0,0.38757133009774347,0.12365084113870159,0.6514918190567853,0.17451272833854406,0.24460721210197406,0.9175052935758148,0.47956342099272864,0.04296928644180298
357888,38,0,0.019468457251493286,0.003487289608321481,5.582690121134289,1.719670760833146,0.28005523299201407,0.06513997395833333,0.878764271736145,3,1.0,1.0,0.6885901899941397,0.6468180683803344,0.730362311607945,0.10845327240705711,0.13579908741129398,0.9116017346756664,0.5287393199322624,0.05793184041976929
357888,38,1,0.02428699537989118,0.0035379970708896125,6.864617151002816,1.926380269461693,0.2559825539055235,0.047727864583333335,0.9883049130439758,3,1.0,1.0,0.807024982459737,0.730362311607945,0.883687653311529,0.10845327240705711,0.13579908741129398,0.9116017346756664,0.5287393199322624,0.05793184041976929
357888,38,2,0.025291265535438087,0.003612089080295419,7.001838815771335,1.9461728025657432,0.23604183417261693,0.042262369791666664,0.9303730726242065,3,1.0,1.0,0.7652528608459317,0.6468180683803344,0.883687653311529,0.10845327240705711,0.13579908741129398,0.9116017346756664,0.5287393199322624,0.05793184041976929
191672,42,0,0.011053076896387357,0.003588011828830248,3.0805575401099747,1.1251106002101257,0.7836438673156473,0.5403913551401869,0.9758715629577637,3,1.0,1.0,0.48901530354927836,0.2801362471334143,0.6978943599651425,0.21505045826069039,0.3185585082291162,0.9221191103580935,0.4902401580066405,0.012221217155456543
191672,42,1,0.012569233134826134,0.004626070654809255,2.7170430523023112,0.9995441759272377,0.6219908282807092,0.3771794684579439,0.9636503458023071,3,1.0,1.0,0.5448433466684237,0.3917923333717048,0.6978943599651425,0.21505045826069039,0.3185585082291162,0.9221191103580935,0.4902401580066405,0.012221217155456543
191672,42,2,0.02090532988839391,0.005232121626031891,3.995574143457595,1.3851872844487731,0.41822935773917475,0.1524861273364486,0.7156184911727905,3,1.0,1.0,0.3359642902525596,0.2801362471334143,0.3917923333717048,0.21505045826069039,0.3185585082291162,0.9221191103580935,0.4902401580066405,0.012221217155456543
191672,1,0,0.0008534234958058818,0.00038228445028639757,2.232430570833024,0.8030909351657564,0.5692711938384413,0.37186769859813085,0.8893833160400391,3,1.0,1.0,0.12483607352641898,0.11877383649241534,0.13089831056042264,0.09798474657145943,0.12608994887531388,0.8788990374337889,0.6692203464505163,0.0015677213668823242
191672,1,1,0.0033483357521266665,0.00037101180038350635,9.02487667411304,2.199984839506012,0.376172853537069,0.06263142523364486,0.8909510374069214,2,0.6666666666666666,0.0,0.5072886240593353,0.13089831056042264,0.8836789375582479,0.09798474657145943,0.12608994887531388,0.8788990374337889,0.6692203464505163,0.0015677213668823242
191672,1,2,0.0032609137870871895,0.0003988454223702483,8.175883678274234,2.1011888064498554,0.3242196427231143,0.05542859228971963,0.824505090713501,2,0.6666666666666666,0.0,0.5012263870253316,0.11877383649241534,0.8836789375582479,0.09798474657145943,0.12608994887531388,0.8788990374337889,0.6692203464505163,0.0015677213668823242
521141,3,0,0.004552618596108107,0.0009177051727830599,4.960872757577282,1.601581684666456,0.2519393954785781,0.06357333333333333,0.8997506499290466,2,0.6666666666666666,1.0,0.2445249141001584,0.23046458492003047,0.2585852432802863,0.2384282151999253,0.315376937526957,0.848890680463219,0.7510945074083883,0.0012916922569274902
521141,3,1,0.012465972817630419,0.0008635866127168622,14.435115852452926,2.669663838964983,0.26674202461247154,0.024581333333333334,0.8984589576721191,2,0.6666666666666666,1.0,0.5558587226248488,0.2585852432802863,0.8531322019694113,0.2384282151999253,0.315376937526957,0.848890680463219,0.7510945074083883,0.0012916922569274902
521141,3,2,0.011599252136378893,0.0009072346770405386,12.785283033306401,2.5482947465042596,0.22811009210944538,0.022592,0.8555034399032593,2,0.6666666666666666,1.0,0.5417983934447209,0.23046458492003047,0.8531322019694113,0.2384282151999253,0.315376937526957,0.848890680463219,0.7510945074083883,0.0012916922569274902
521141,1,0,0.00027433009584037517,0.0004281733893941167,0.6406986094765608,-0.4451961170133601,0.2665107700297391,0.3618826666666667,0.9501883387565613,1,0.3333333333333333,0.0,0.4376441465967256,0.14699145449740111,0.7282968386960501,0.222757107044553,0.24930691778306996,0.9070513156740913,0.494788729589946,0.0765085220336914
521141,1,1,0.0002706535045771799,0.0004146479050784213,0.6527309088255515,-0.42659031543488857,0.21267470512388706,0.292704,0.8736798167228699,1,0.3333333333333333,0.0,0.4531825790977493,0.17806831949944846,0.7282968386960501,0.222757107044553,0.24930691778306996,0.9070513156740913,0.494788729589946,0.0765085220336914
521141,1,2,0.0008982605320712432,0.0003420526045087658,2.6260888459983485,0.965495609627306,0.13200525374395777,0.054741333333333336,0.6501755714416504,1,0.3333333333333333,0.0,0.1625298869984248,0.14699145449740111,0.17806831949944846,0.222757107044553,0.24930691778306996,0.9070513156740913,0.494788729589946,0.0765085220336914
329455,67,0,0.008417307836032869,0.0034112721505464415,2.467498183109497,0.9032047561155601,0.4564701988687128,0.2539290364583333,0.9272857904434204,3,1.0,1.0,0.2932051706470659,0.2218693895870736,0.3645409517070582,0.3610804993827947,0.5196763286492796,0.9779475502917635,0.25511624184969384,0.00838923454284668
329455,67,1,0.008209003346234185,0.004070687854641649,2.016613318768021,0.701419529643097,0.25916495110971094,0.14782877604166667,0.8892670273780823,3,1.0,1.0,0.5108509024205766,0.3645409517070582,0.657160853134095,0.3610804993827947,0.5196763286492796,0.9779475502917635,0.25511624184969384,0.00838923454284668
329455,67,2,0.007352014444587225,0.004384049712392733,1.6769915774740702,0.5170014605876553,0.15786056821355252,0.10054036458333333,0.9188965559005737,2,0.6666666666666666,0.0,0.4395151213605843,0.2218693895870736,0.657160853134095,0.3610804993827947,0.5196763286492796,0.9779475502917635,0.25511624184969384,0.00838923454284668
329455,47,0,0.003004629654457319,0.001287960185902956,2.332859109319432,0.8470946012011064,0.11540674231708764,0.052962239583333334,0.782665491104126,3,1.0,1.0,0.350735414166196,0.16824776785714285,0.5332230604752491,0.43478022935244703,0.6520337667276924,0.921791888504537,0.46857488108311973,0.03882497549057007
329455,47,1,0.0026637281197044774,0.001281056638650874,2.079321114506243,0.7320414535561128,0.13667284596970458,0.07074869791666667,0.821490466594696,3,1.0,1.0,0.39933106151605535,0.2654390625568616,0.5332230604752491,0.43478022935244703,0.6520337667276924,0.921791888504537,0.46857488108311973,0.03882497549057007
329455,47,2,0.0032994641033546007,0.0012937468560384514,2.5503166136437905,0.9362175139791759,0.10156413473854303,0.04244466145833333,0.7504360675811768,3,1.0,1.0,0.21684341520700223,0.16824776785714285,0.2654390625568616,0.43478022935244703,0.6520337667276924,0.921791888504537,0.46857488108311973,0.03882497549057007
18770,1,0,0.0018945069329952583,0.0004451996997751957,4.255409268461959,1.4481909432301276,0.8446235418711459,0.5609082943925233,0.9628334641456604,3,1.0,1.0,0.1667245326555254,0.16625985120941042,0.16718921410164034,0.1002914748953645,0.14000399065357916,0.9208541849649905,0.5112870228943905,0.02384871244430542
18770,1,1,0.007896922769965724,0.0005570159150254555,14.177194120975237,2.651634625837864,0.5995563512308487,0.09552058995327103,0.963352620601654,3,1.0,1.0,0.5804611285075056,0.16718921410164034,0.9937330429133708,0.1002914748953645,0.14000399065357916,0.9208541849649905,0.5112870228943905,0.02384871244430542
18770,1,2,0.007919763002680782,0.0005592383813810618,14.16169428314436,2.6505407339984512,0.5977054534931487,0.09495108060747663,0.9872013330459595,3,1.0,1.0,0.5799964470613906,0.16625985120941042,0.9937330429133708,0.1002914748953645,0.14000399065357916,0.9208541849649905,0.5112870228943905,0.02384871244430542
18770,32,0,0.007520973239715195,0.0019347001745436314,3.887410222414373,1.3577431834589442,0.644235609032629,0.3177898656542056,0.6704191565513611,3,1.0,1.0,0.10800483401420602,0.0929019387532819,0.12310772927513015,0.11184722649009321,0.16770226651702136,0.9358598297100291,0.41645182946830694,0.02666229009628296
18770,32,1,0.022524813558752844,0.0029149572942608324,7.72732197324946,2.0447623567247875,0.2461425321667581,0.040541033878504676,0.9213613867759705,3,1.0,1.0,0.43248681448476983,0.12310772927513015,0.7418658996944095,0.11184722649009321,0.16770226651702136,0.9358598297100291,0.41645182946830694,0.02666229009628296
18770,32,2,0.025958599118780335,0.0030169028144825002,8.604386918121099,2.1522721799960274,0.211376231226807,0.03020955023364486,0.8946990966796875,3,1.0,1.0,0.4173839192238457,0.0929019387532819,0.7418658996944095,0.11184722649009321,0.16770226651702136,0.9358598297100291,0.41645182946830694,0.02666229009628296
568981,1,0,0.00875153094537214,0.0007444381284944973,11.755887559540742,2.464354184108417,0.32324890071638407,0.03904416079812206,0.8942989110946655,3,1.0,1.0,0.302812371604194,0.1941993617420687,0.4114253814663193,0.1070573465618454,0.1187615009959254,0.8514181279353662,0.7445954145128646,0.019263088703155518
568981,1,1,0.013848769431059038,0.0008411817045404401,16.46346959265064,2.8011439624551198,0.2174388419219374,0.016596977699530516,0.913561999797821,3,1.0,1.0,0.42656421911743914,0.4114253814663193,0.441703056768559,0.1070573465618454,0.1187615009959254,0.8514181279353662,0.7445954145128646,0.019263088703155518
568981,1,2,0.016012546199972673,0.0009422056437521124,16.994746623690055,2.8329042742256085,0.1154551466063847,0.007621772300469483,0.7959592342376709,2,0.6666666666666666,1.0,0.31795120925531384,0.1941993617420687,0.441703056768559,0.1070573465618454,0.1187615009959254,0.8514181279353662,0.7445954145128646,0.019263088703155518
568981,27,0,0.00914649896585751,0.0007197094466136053,12.70859927736845,2.5422788728935832,0.3650666226876327,0.04328418427230047,0.8983544111251831,3,1.0,1.0,0.4038346164707537,0.35262629642020743,0.4550429365212999,0.1339431949495306,0.19950214504655808,0.856437597392786,0.6891548753192279,0.09368574619293213
568981,27,1,0.012492398415388137,0.000850368690169012,14.690567215280101,2.687205601860772,0.23162385522855022,0.020107100938967136,0.804668664932251,2,0.6666666666666666,1.0,0.6013242351992807,0.4550429365212999,0.7476055338772615,0.1339431949495306,0.19950214504655808,0.856437597392786,0.6891548753192279,0.09368574619293213
568981,27,2,0.013875241601566187,0.0008760514468719267,15.838386701227918,2.762436531601366,0.2051255641942983,0.016032130281690142,0.6912869215011597,2,0.6666666666666666,1.0,0.5501159151487345,0.35262629642020743,0.7476055338772615,0.1339431949495306,0.19950214504655808,0.856437597392786,0.6891548753192279,0.09368574619293213
456015,1,0,0.0008833475201822942,0.0002752680758112013,3.2090445445592213,1.1659732442975022,0.10094126776027484,0.0338041569086651,0.8672274351119995,2,0.6666666666666666,1.0,0.10287548417925445,0.0993809327280231,0.10637003563048579,0.40547017865040663,0.5754856494636763,0.8362807607257252,0.7902750204921619,0.004661917686462402
456015,1,1,0.0034330210272216378,0.00024826443951386795,13.82808194405864,2.6267014482847024,0.17330147578925081,0.014933401639344262,0.8625655174255371,2,0.6666666666666666,1.0,0.41489494431694734,0.0993809327280231,0.7304089559058716,0.40547017865040663,0.5754856494636763,0.8362807607257252,0.7902750204921619,0.004661917686462402
456015,1,2,0.0036766938111586537,0.0002520507147579686,14.587119104590025,2.6801388864616684,0.15886025396665357,0.012781762295081968,0.7815419435501099,2,0.6666666666666666,1.0,0.4183894957681787,0.10637003563048579,0.7304089559058716,0.40547017865040663,0.5754856494636763,0.8362807607257252,0.7902750204921619,0.004661917686462402
456015,19,0,0.02933827464264071,0.0014781780843219343,19.847591392380227,2.988082659370693,0.6244538017367655,0.07730166861826698,0.7913178205490112,3,1.0,1.0,0.6005888987961311,0.5280045297975746,0.6731732677946876,0.13410296819573841,0.20114920752602117,0.8528947657370063,0.7290393873541694,0.017215371131896973
456015,19,1,0.032586349162833844,0.0020358694307013266,16.006109554679163,2.7729704965528406,0.468717612143286,0.05223946135831382,0.8285259008407593,2,0.6666666666666666,1.0,0.7258392632767405,0.6731732677946876,0.7785052587587936,0.13410296819573841,0.20114920752602117,0.8528947657370063,0.7290393873541694,0.017215371131896973
456015,19,2,0.03404553551488091,0.0023250582311846063,14.642874334761068,2.683953823633076,0.3861805890375915,0.041195843091334894,0.8113105297088623,2,0.6666666666666666,1.0,0.6532548942781842,0.5280045297975746,0.7785052587587936,0.13410296819573841,0.20114920752602117,0.8528947657370063,0.7290393873541694,0.017215371131896973
559842,1,0,0.0013405215671509964,0.0004879110252882047,2.747471352203388,1.010680981127708,0.5591748111724517,0.3158591920374707,0.983004093170166,2,0.6666666666666666,1.0,0.791462252524795,0.6949460783745902,0.8879784266749997,0.19404082686086555,0.28065583698282043,0.9353535210123699,0.40106959438506745,0.006414353847503662
559842,1,1,0.0014811991887612207,0.00047417956468747265,3.1237094466813558,1.1390212215030153,0.5497914750873859,0.2810633782201405,0.9765897393226624,2,0.6666666666666666,1.0,0.8335470806977079,0.7791157347204162,0.8879784266749997,0.19404082686086555,0.28065583698282043,0.9353535210123699,0.40106959438506745,0.006414353847503662
559842,1,2,0.001753422342492068,0.0004769328523363568,3.676455354723629,1.3019490697326956,0.508447833649636,0.21957333138173302,0.8941428661346436,2,0.6666666666666666,1.0,0.7370309065475031,0.6949460783745902,0.7791157347204162,0.19404082686086555,0.28065583698282043,0.9353535210123699,0.40106959438506745,0.006414353847503662
559842,62,0,0.013822552720171166,0.0014399895297019531,9.599064733083909,2.2616656701630524,0.15329648160841602,0.018512148711943795,0.8589099645614624,3,1.0,1.0,0.6035927551222339,0.480269989615784,0.7269155206286837,0.31009277508298627,0.4140161789775143,0.914027333764104,0.5098585824898911,0.038569748401641846
559842,62,1,0.013791825791709967,0.0015014206093462176,9.185850851301199,2.2176643493214554,0.11280445838199055,0.01365266393442623,0.8203402161598206,2,0.6666666666666666,0.0,0.5692998861447444,0.411684251660805,0.7269155206286837,0.31009277508298627,0.4140161789775143,0.914027333764104,0.5098585824898911,0.038569748401641846
559842,62,2,0.01729436024849344,0.0014668560679549623,11.790086713016448,2.467259069373647,0.13246668089322852,0.012785421545667447,0.7145166397094727,3,1.0,1.0,0.44597712063829453,0.411684251660805,0.480269989615784,0.31009277508298627,0.4140161789775143,0.914027333764104,0.5098585824898911,0.038569748401641846
495732,1,0,0.0025177039232073366,0.0004263141486083354,5.905747969004569,1.7759261090875036,0.5057527755605374,0.14768003512880562,0.9394880533218384,2,0.6666666666666666,0.0,0.6150500504027469,0.23989966636631518,0.9902004344391785,0.24129600616293223,0.3563143507648244,0.9224276831335186,0.46447656759394557,0.009347021579742432
495732,1,1,0.0025113114946665955,0.0004282177085039901,5.864567109042451,1.768928670579681,0.5033561875778454,0.1473543618266979,0.930141031742096,2,0.6666666666666666,0.0,0.6146150880143235,0.23902974158946855,0.9902004344391785,0.24129600616293223,0.3563143507648244,0.9224276831335186,0.46447656759394557,0.009347021579742432
495732,1,2,0.004638525748587685,0.000578337575755777,8.020446768490823,2.08199412733681,0.24371560372485188,0.03862704918032787,0.8540457487106323,3,1.0,1.0,0.23946470397789188,0.23902974158946855,0.23989966636631518,0.24129600616293223,0.3563143507648244,0.9224276831335186,0.46447656759394557,0.009347021579742432
495732,63,0,0.005131077580918062,0.0013803856363986786,3.717133416852642,1.3129527845577025,0.31431440461980475,0.1097811768149883,0.7194045186042786,3,1.0,1.0,0.22754091627396716,0.1636182572614108,0.2914635752865235,0.1148817163573402,0.14375315968893668,0.9501723322431491,0.3905592604821332,0.11104875802993774
495732,63,1,0.009950814698511674,0.0015074940826576922,6.600898011067229,1.8872057021601547,0.1871887234821347,0.033712675644028106,0.9339304566383362,3,1.0,1.0,0.39704840866706625,0.2914635752865235,0.5026332420476091,0.1148817163573402,0.14375315968893668,0.9501723322431491,0.3905592604821332,0.11104875802993774
495732,63,2,0.01211893787154745,0.0015975994313683099,7.585717437056247,2.026267194706153,0.12503564241493453,0.018490193208430913,0.8228816986083984,3,1.0,1.0,0.3331257496545099,0.1636182572614108,0.5026332420476091,0.1148817163573402,0.14375315968893668,0.9501723322431491,0.3905592604821332,0.11104875802993774
368335,19,0,0.023486348770687317,0.0018013358599024182,13.038295234360861,2.567890814433424,0.7356477784587335,0.175893400243309,0.8958747386932373,3,1.0,1.0,0.265627653417684,0.18050034566194262,0.35075496117342536,0.08684104433432134,0.10588025485662547,0.8509682226495623,0.7542918587279432,0.09328258037567139
368335,19,1,0.06429675205039394,0.0017253301520956791,37.26634692787887,3.6180906922788325,0.7118624913274872,0.06217305352798053,0.9908474683761597,3,1.0,1.0,0.4311381309137098,0.35075496117342536,0.5115213006539943,0.08684104433432134,0.10588025485662547,0.8509682226495623,0.7542918587279432,0.09328258037567139
368335,19,2,0.06509877998526288,0.0036591606814290797,17.790631687168222,2.8786720090541795,0.36914126815760434,0.03184306569343066,0.8975648880004883,3,1.0,1.0,0.34601082315796844,0.18050034566194262,0.5115213006539943,0.08684104433432134,0.10588025485662547,0.8509682226495623,0.7542918587279432,0.09328258037567139
368335,3,0,0.014213445418424309,0.0026327062165006506,5.398796616174587,1.6861760799495307,0.4146197248132442,0.11597855839416059,0.9600276947021484,3,1.0,1.0,0.7608993903406442,0.5664012582325765,0.9553975224487121,0.13219312091726085,0.19536793735180855,0.9574908790874148,0.3087971162406441,0.022017240524291992
368335,3,1,0.01438726266461402,0.0026777324898292773,5.372927547425909,1.6813729271590916,0.40115922445345253,0.11085766423357664,0.9380104541778564,3,1.0,1.0,0.7738941339749987,0.5923907455012853,0.9553975224487121,0.13219312091726085,0.19536793735180855,0.9574908790874148,0.3087971162406441,0.022017240524291992
368335,3,2,0.015575842958544105,0.0031592878812922508,4.930175260648582,1.5953745373142192,0.2576312516738763,0.06576186131386862,0.6909744143486023,3,1.0,1.0,0.5793960018669309,0.5664012582325765,0.5923907455012853,0.13219312091726085,0.19536793735180855,0.9574908790874148,0.3087971162406441,0.022017240524291992
242946,62,0,0.0033817807463275957,0.0010923724418027132,3.0958129423797254,1.130050535069878,0.15068335556155976,0.05420247395833333,0.8129206895828247,1,0.3333333333333333,1.0,0.05101155738933416,0.03295066565844046,0.06907244912022786,0.4277105272078589,0.5828003906955748,0.9377268182926789,0.4082563432594166,0.025816798210144043
242946,62,1,0.003195829820669759,0.0010031170836270532,3.1858991035507387,1.158734542608384,0.2556166123012446,0.09729817708333334,0.8864209651947021,3,1.0,1.0,0.4000966615109569,0.06907244912022786,0.731120873901686,0.4277105272078589,0.5828003906955748,0.9377268182926789,0.4082563432594166,0.025816798210144043
242946,62,2,0.0027256310762362773,0.0010625655071714243,2.565141683289563,0.9420137146140323,0.20734467858565864,0.0925390625,0.9122377634048462,2,0.6666666666666666,0.0,0.38203576978006326,0.03295066565844046,0.731120873901686,0.4277105272078589,0.5828003906955748,0.9377268182926789,0.4082563432594166,0.025816798210144043
242946,47,0,0.007451053723142333,0.0008121005442955319,9.175038443584368,2.2164865841025083,0.18933892113907067,0.02482421875,0.8748883605003357,3,1.0,1.0,0.504221512985159,0.3123991560134045,0.6960438699569135,0.17181208053691274,0.2577181208053691,0.9105917210645669,0.5082244649247335,0.01517254114151001
242946,47,1,0.00954510863290487,0.0008246398091764117,11.574882166873468,2.448837420057512,0.17060629322756987,0.0174609375,0.8597158193588257,3,1.0,1.0,0.5399966269531487,0.38394938394938394,0.6960438699569135,0.17181208053691274,0.2577181208053691,0.9105917210645669,0.5082244649247335,0.01517254114151001
242946,47,2,0.010734432805664013,0.0008823634232096274,12.16554597702112,2.4986078562932557,0.10544645492038673,0.009596354166666666,0.7579609155654907,2,0.6666666666666666,0.0,0.3481742699813942,0.3123991560134045,0.38394938394938394,0.17181208053691274,0.2577181208053691,0.9105917210645669,0.5082244649247335,0.01517254114151001
89045,63,0,0.020986684293927044,0.003431566929093271,6.115772975279436,1.8108711676216225,0.19297986400863887,0.037628676470588235,0.9119861125946045,3,1.0,1.0,0.5062678062678063,0.4740740740740741,0.5384615384615384,0.1113268750323609,0.15822465408856778,0.9533184049143162,0.3492772339596619,0.03136146068572998
89045,63,1,0.02266293763768355,0.0036500225854299235,6.208985588730316,1.8259975313950867,0.12878255977425657,0.023253676470588236,0.8806246519088745,3,1.0,1.0,0.6781085893303883,0.5384615384615384,0.8177556401992382,0.1113268750323609,0.15822465408856778,0.9533184049143162,0.3492772339596619,0.03136146068572998
89045,63,2,0.023336141502593995,0.0036519255338401235,6.390092371808349,1.8547487240098706,0.12753435368970625,0.022363970588235294,0.8728752136230469,3,1.0,1.0,0.6459148571366562,0.4740740740740741,0.8177556401992382,0.1113268750323609,0.15822465408856778,0.9533184049143162,0.3492772339596619,0.03136146068572998
89045,84,0,0.0015326213631560925,0.0004453673185234637,3.441252413392106,1.235835479439546,0.47875850184665314,0.2106764705882353,0.8732284307479858,3,1.0,1.0,0.20426145744963506,0.140608,0.2679149148992701,0.3067761633734647,0.3663811176478797,0.9299512862026509,0.396416436231748,0.04498523473739624
89045,84,1,0.0022693389042804397,0.0005213414284574679,4.352884263661952,1.4708386749389917,0.2946836455314858,0.08757720588235295,0.8282431960105896,2,0.6666666666666666,0.0,0.4046387474565662,0.2679149148992701,0.5413625800138623,0.3067761633734647,0.3663811176478797,0.9299512862026509,0.396416436231748,0.04498523473739624
89045,84,2,0.001928226814837415,0.0006064724382725253,3.179413753987499,1.1566968262234107,0.1469894685312171,0.05141176470588235,0.6206640005111694,1,0.3333333333333333,0.0,0.3409852900069311,0.140608,0.5413625800138623,0.3067761633734647,0.3663811176478797,0.9299512862026509,0.396416436231748,0.04498523473739624
36844,2,0,0.019205002464394386,0.0018350246992375138,10.465800521327377,2.3481128481345483,0.4589039258078139,0.0749609375,0.8480380773544312,2,0.6666666666666666,1.0,0.30611448745937486,0.1839055514562264,0.42832342346252333,0.2865879198121091,0.39549795169058816,0.8727752040706421,0.6698684391681538,0.016853272914886475
36844,2,1,0.03813887634336361,0.0019737353929350976,19.32319624026448,2.961306251994114,0.39107848863870387,0.03216796875,0.8311848044395447,2,0.6666666666666666,1.0,0.42635929237642295,0.42439516129032256,0.42832342346252333,0.2865879198121091,0.39549795169058816,0.8727752040706421,0.6698684391681538,0.016853272914886475
36844,2,2,0.050495231988784556,0.0024730376102268343,20.418303288050147,3.0164317186111598,0.22257996247498155,0.013828125,0.7523645162582397,2,0.6666666666666666,1.0,0.3041503563732745,0.1839055514562264,0.42439516129032256,0.2865879198121091,0.39549795169058816,0.8727752040706421,0.6698684391681538,0.016853272914886475
36844,62,0,0.018076549352311386,0.002554010182609737,7.077712324060785,1.9569507374765465,0.25558940967783955,0.046266276041666665,0.6869659423828125,3,1.0,1.0,0.5870767297001664,0.4905249859629422,0.6836284734373906,0.10963223381476174,0.15374509578119952,0.9220398249015683,0.4939500310134906,0.034839630126953125
36844,62,1,0.021888262859085048,0.0026560870278700987,8.240792798267732,2.1090965527208625,0.21428515969135586,0.032034505208333335,0.8391633033752441,3,1.0,1.0,0.6723569334585752,0.6610853934797597,0.6836284734373906,0.10963223381476174,0.15374509578119952,0.9220398249015683,0.4939500310134906,0.034839630126953125
36844,62,2,0.025571860825554904,0.0027503765353592,9.297585435122114,2.2297547358564174,0.17868512598202432,0.022864583333333334,0.804323673248291,3,1.0,1.0,0.575805189721351,0.4905249859629422,0.6610853934797597,0.10963223381476174,0.15374509578119952,0.9220398249015683,0.4939500310134906,0.034839630126953125
296222,1,0,0.003375381361982875,0.0007257665186765364,4.650781305656306,1.5370352285030775,0.6420318910403668,0.27831380208333334,0.9466037750244141,3,1.0,1.0,0.2025480310088953,0.15742537226209122,0.24767068975569936,0.21963094547428672,0.3125304878660858,0.9243422829733213,0.4213468505220651,0.057657599449157715
296222,1,1,0.007136675106404682,0.001036325274840962,6.886520354927539,1.929565929283534,0.34129614024484567,0.06997395833333334,0.8864172697067261,3,1.0,1.0,0.41715357817343296,0.24767068975569936,0.5866364665911665,0.21963094547428672,0.3125304878660858,0.9243422829733213,0.4213468505220651,0.057657599449157715
296222,1,2,0.008816648714132468,0.0011244276893426289,7.841009955425335,2.059367647024114,0.2653670712604812,0.044039713541666664,0.8889461755752563,3,1.0,1.0,0.37203091942662886,0.15742537226209122,0.5866364665911665,0.21963094547428672,0.3125304878660858,0.9243422829733213,0.4213468505220651,0.057657599449157715
296222,62,0,0.0031672037278035665,0.002597345338982361,1.2194003157951556,0.19835919378313444,0.3081989950992826,0.26758463541666666,0.8972734212875366,2,0.6666666666666666,1.0,0.1941137026336751,0.16112978855171192,0.22709761671563827,0.23787750523504125,0.3246435378244618,0.9331169908840736,0.45150141932144167,0.02240443229675293
296222,62,1,0.008820875065883676,0.0020792691289170215,4.242295977450353,1.445104626912436,0.3190663517749035,0.09946614583333334,0.8701184988021851,3,1.0,1.0,0.46034245915147,0.22709761671563827,0.6935873015873016,0.23787750523504125,0.3246435378244618,0.9331169908840736,0.45150141932144167,0.02240443229675293
296222,62,2,0.010019922404466574,0.0021672172230410534,4.623404748409644,1.5311313923030794,0.27034580116836493,0.07419270833333333,0.8748689889907837,3,1.0,1.0,0.42735854506950677,0.16112978855171192,0.6935873015873016,0.23787750523504125,0.3246435378244618,0.9331169908840736,0.45150141932144167,0.02240443229675293
331352,81,0,0.007992667204762093,0.003179549084608101,2.513773805518547,0.9217851323067474,0.7554068427445205,0.5512877492877493,0.9815724492073059,3,1.0,1.0,0.6503888478334183,0.448914742847861,0.8518629528189757,0.37894392004840266,0.5541938130203871,0.9642156663005422,0.3082632126729416,0.061342477798461914
331352,81,1,0.00853225900033794,0.0034424745388603223,2.4785249394129534,0.9076636008460389,0.6870082882639934,0.46966381766381765,0.920229971408844,3,1.0,1.0,0.6835998622423,0.5153367716656242,0.8518629528189757,0.37894392004840266,0.5541938130203871,0.9642156663005422,0.3082632126729416,0.061342477798461914
331352,81,2,0.011279579537415343,0.0038999659094939966,2.8922251620365045,1.0620261582135817,0.5065252929186411,0.26193732193732194,0.9100601673126221,3,1.0,1.0,0.48212575725674256,0.448914742847861,0.5153367716656242,0.37894392004840266,0.5541938130203871,0.9642156663005422,0.3082632126729416,0.061342477798461914
331352,70,0,0.009635924639013395,0.004758812089283336,2.024859241382586,0.7055001878179664,0.6580348354048277,0.4872649572649573,0.9423990249633789,3,1.0,1.0,0.6169024959608191,0.46496622055237274,0.7688387713692656,0.21557790334777682,0.3179875723483456,0.9660696742310035,0.29893552846241345,0.03737044334411621
331352,70,1,0.010906164948360565,0.004852985152532451,2.247310594062306,0.8097342098494806,0.5762970370720364,0.37703703703703706,0.9422690868377686,3,1.0,1.0,0.6850631754503356,0.6012875795314054,0.7688387713692656,0.21557790334777682,0.3179875723483456,0.9660696742310035,0.29893552846241345,0.03737044334411621
331352,70,2,0.012504108570199637,0.0055484582988292635,2.2536185539295506,0.8125371706441907,0.3997858827465657,0.22813105413105414,0.9797694683074951,2,0.6666666666666666,1.0,0.5331269000418891,0.46496622055237274,0.6012875795314054,0.21557790334777682,0.3179875723483456,0.9660696742310035,0.29893552846241345,0.03737044334411621
311394,90,0,0.012902601217414152,0.0033055328800380363,3.903334706312874,1.3618312407643571,0.5628121647161429,0.24801106770833334,0.7059821486473083,3,1.0,1.0,0.12668224785061777,0.11394971613949716,0.1394147795617384,0.17263987159637184,0.2581790712317247,0.8674341766041465,0.7312427142826923,0.05355191230773926
311394,90,1,0.0609321429150591,0.0036421449971334786,16.729741113076365,2.8171880404827645,0.38227128449674735,0.035670572916666664,0.8841789960861206,2,0.6666666666666666,1.0,0.4775805445102295,0.1394147795617384,0.8157463094587206,0.17263987159637184,0.2581790712317247,0.8674341766041465,0.7312427142826923,0.05355191230773926
311394,90,2,0.06914216659153728,0.0037775416129427,18.303482438509032,2.9070913389439115,0.35500339918269713,0.029192708333333334,0.9377309083938599,2,0.6666666666666666,1.0,0.46484801279910887,0.11394971613949716,0.8157463094587206,0.17263987159637184,0.2581790712317247,0.8674341766041465,0.7312427142826923,0.05355191230773926
311394,1,0,0.0034589939636879216,0.0012891465852456622,2.6831657474744066,0.9869973467437452,0.5703080777960343,0.3309505208333333,0.7278698682785034,3,1.0,1.0,0.38228988866430896,0.16588709440178862,0.5986926829268293,0.21452792870443146,0.2577181208053691,0.956950236085491,0.3190820147113936,0.07878279685974121
311394,1,1,0.004923014374347924,0.0012670436412896336,3.885433942473918,1.3572346746895871,0.4965728402693511,0.20246744791666665,0.860314130783081,3,1.0,1.0,0.43744969000766554,0.2762066970885018,0.5986926829268293,0.21452792870443146,0.2577181208053691,0.956950236085491,0.3190820147113936,0.07878279685974121
311394,1,2,0.008099086730524622,0.0016453271628483332,4.922477977924638,1.5938120578862804,0.22628009445887848,0.05608072916666667,0.9390969276428223,3,1.0,1.0,0.22104689574514522,0.16588709440178862,0.2762066970885018,0.21452792870443146,0.2577181208053691,0.956950236085491,0.3190820147113936,0.07878279685974121
326082,63,0,0.009490739072094323,0.0025043958675509963,3.7896321389419616,1.3322689535237988,0.3489313842522254,0.12389964788732394,0.9266726970672607,3,1.0,1.0,0.7736666363603659,0.6045357902197024,0.9427974825010293,0.2222234649220758,0.24371287535367747,0.9184870122903156,0.4602917814447179,0.03107631206512451
326082,63,1,0.00943180718552526,0.0025559381872974707,3.6901546479916467,1.3056683673050962,0.33135638253482474,0.11839421948356807,0.9577490091323853,2,0.6666666666666666,1.0,0.7761969133754194,0.6095963442498096,0.9427974825010293,0.2222234649220758,0.24371287535367747,0.9184870122903156,0.4602917814447179,0.03107631206512451
326082,63,2,0.015075333086743126,0.0024154988648525315,6.241084729891772,1.8311540022586843,0.3372763429024349,0.07539612676056338,0.8743001222610474,3,1.0,1.0,0.607066067234756,0.6045357902197024,0.6095963442498096,0.2222234649220758,0.24371287535367747,0.9184870122903156,0.4602917814447179,0.03107631206512451
326082,67,0,0.012339601586162968,0.0019748166992106663,6.24847945880072,1.8323381476384815,0.3602722226599846,0.08267678990610329,0.6700408458709717,3,1.0,1.0,0.44910351418279904,0.3249440252093872,0.5732630031562108,0.08549163423716631,0.09431869733667235,0.9162778150169172,0.5210201200962428,0.04429107904434204
326082,67,1,0.015658440874477337,0.002145437512686588,7.2984837705997005,1.9876666239874492,0.2808411037257463,0.050788585680751175,0.7211360335350037,3,1.0,1.0,0.5617397988123607,0.5502165944685105,0.5732630031562108,0.08549163423716631,0.09431869733667235,0.9162778150169172,0.5210201200962428,0.04429107904434204
326082,67,2,0.012239925634981554,0.002495270152195724,4.905250687708394,1.5903062003982031,0.14924831455394594,0.03452904929577465,0.7654271125793457,2,0.6666666666666666,0.0,0.4375803098389488,0.3249440252093872,0.5502165944685105,0.08549163423716631,0.09431869733667235,0.9162778150169172,0.5210201200962428,0.04429107904434204
82085,1,0,0.0007200525492314922,0.00039325821208249437,1.8309917638781665,0.6048577689160288,0.1533698393300846,0.09002993574766355,0.668258786201477,2,0.6666666666666666,1.0,0.18506730339945338,0.06283329469047066,0.3073013121084361,0.3122534381536782,0.4470629924778529,0.8535321411498107,0.7182100152953852,0.054564595222473145
82085,1,1,0.0007634029009612393,0.0004117453913278351,1.8540654374910688,0.6173807631333492,0.056157212233988126,0.031093019859813085,0.7228233814239502,2,0.6666666666666666,1.0,0.23915730485331094,0.17101329759818576,0.3073013121084361,0.3122534381536782,0.4470629924778529,0.8535321411498107,0.7182100152953852,0.054564595222473145
82085,1,2,0.0029875949065085827,0.00039577917817765576,7.54864091819121,2.0213675365561543,0.07336073217938519,0.010378942757009346,0.6252256631851196,2,0.6666666666666666,1.0,0.11692329614432821,0.06283329469047066,0.17101329759818576,0.3122534381536782,0.4470629924778529,0.8535321411498107,0.7182100152953852,0.054564595222473145
82085,7,0,0.024031194889600333,0.004430111756515139,5.424512112777825,1.6909279622953979,0.8184170942766182,0.4538149824766355,0.9777666926383972,3,1.0,1.0,0.3731462768858697,0.11036956032292303,0.6359229934488164,0.2732653941857693,0.4097008805932388,0.9358109830671446,0.3855463453070954,0.03324782848358154
82085,7,1,0.030849453969268265,0.006196658169694285,4.97840176422251,1.6051089086806276,0.6694425034065216,0.28916471962616824,0.9445188641548157,3,1.0,1.0,0.4046428847370265,0.1733627760252366,0.6359229934488164,0.2732653941857693,0.4097008805932388,0.9358109830671446,0.3855463453070954,0.03324782848358154
82085,7,2,0.06544000164307445,0.010564577371682466,6.194284857270962,1.8236270697356467,0.2470704395560946,0.05031030957943925,0.7589250802993774,2,0.6666666666666666,1.0,0.14186616817407982,0.11036956032292303,0.1733627760252366,0.2732653941857693,0.4097008805932388,0.9358109830671446,0.3855463453070954,0.03324782848358154
121031,19,0,0.03509667254858793,0.0019580002702925857,17.92475366993624,2.8861826441567797,0.5675135285488743,0.06821299889135254,0.8763583898544312,3,1.0,1.0,0.655967386792298,0.4022904125679049,0.9096443610166912,0.1535053320158146,0.2280832504529615,0.8651663684052999,0.7075947100019223,0.05230516195297241
121031,19,1,0.03578793508322941,0.0021248060715305986,16.84291830011891,2.823930289559679,0.5276380377576788,0.06219512195121951,0.9286635518074036,3,1.0,1.0,0.6554312699976474,0.4012181789786038,0.9096443610166912,0.1535053320158146,0.2280832504529615,0.8651663684052999,0.7075947100019223,0.05230516195297241
121031,19,2,0.041272902246823326,0.00303084362177693,13.617628417598176,2.611365160591287,0.3038459646021129,0.031055986696230598,0.8487488031387329,3,1.0,1.0,0.40175429577325433,0.4012181789786038,0.4022904125679049,0.1535053320158146,0.2280832504529615,0.8651663684052999,0.7075947100019223,0.05230516195297241
121031,1,0,0.00025943334449860146,0.0001516898229067635,1.7102883886137463,0.5366620084617275,0.44496734185389447,0.3191484201773836,0.9321850538253784,3,1.0,1.0,0.5752806809671331,0.2126042126042126,0.9379571493300537,0.33007036534260603,0.49510488018708726,0.8158730386234258,0.8097474977192021,0.005538284778594971
121031,1,1,0.0002736133442230316,0.0001479842249461295,1.848935874575137,0.6146102743199966,0.4458489896047153,0.30320814855875833,0.9266467690467834,2,0.6666666666666666,1.0,0.5771141046755569,0.21627106002106003,0.9379571493300537,0.33007036534260603,0.49510488018708726,0.8158730386234258,0.8097474977192021,0.005538284778594971
121031,1,2,0.0007179917537234853,0.0001392213404306886,5.1571960616464665,1.6403930342858288,0.31237447768666665,0.08095551552106431,0.685226559638977,3,1.0,1.0,0.21443763631263632,0.2126042126042126,0.21627106002106003,0.33007036534260603,0.49510488018708726,0.8158730386234258,0.8097474977192021,0.005538284778594971
512836,18,0,0.014180718578015731,0.001248055188123778,11.362252808685158,2.4302967043262647,0.6074417179969204,0.11986328125,0.7858945727348328,3,1.0,1.0,0.5652079158544843,0.5231334017167846,0.607282429992184,0.2602215297986188,0.38781059653260436,0.8603618848345895,0.7012187509658157,0.015759646892547607
512836,18,1,0.021893573791238942,0.0012664115667547812,17.287882035106502,2.8500057957139364,0.5810293394253095,0.07426106770833334,0.8651120066642761,3,1.0,1.0,0.7303431288298768,0.607282429992184,0.8534038276675697,0.2602215297986188,0.38781059653260436,0.8603618848345895,0.7012187509658157,0.015759646892547607
512836,18,2,0.024720410397548853,0.0013038782170151123,18.959140551623463,2.9422861662841884,0.5637666397602994,0.06381510416666666,0.8493523597717285,3,1.0,1.0,0.6882686146921771,0.5231334017167846,0.8534038276675697,0.2602215297986188,0.38781059653260436,0.8603618848345895,0.7012187509658157,0.015759646892547607
512836,31,0,0.00442115038134114,0.0009132773708697148,4.840972214487152,1.577115571544704,0.49057044769661146,0.16591796875,0.8585521578788757,3,1.0,1.0,0.37890342098169427,0.2962774094849567,0.4615294324784318,0.17901928586819915,0.2604026845637584,0.9300532266025294,0.4305761099892198,0.02915126085281372
512836,31,1,0.006753923265657307,0.0010549024778416295,6.402414821390576,1.8566752351902442,0.3490358241653395,0.077275390625,0.9059558510780334,3,1.0,1.0,0.5490633054158847,0.4615294324784318,0.6365971783533375,0.17901928586819915,0.2604026845637584,0.9300532266025294,0.4305761099892198,0.02915126085281372
512836,31,2,0.00881155554974846,0.0011165057027629904,7.892082879693877,2.065860089953873,0.29007698897412215,0.049225260416666666,0.9351071119308472,2,0.6666666666666666,1.0,0.4664372939191471,0.2962774094849567,0.6365971783533375,0.17901928586819915,0.2604026845637584,0.9300532266025294,0.4305761099892198,0.02915126085281372
448256,9,0,0.022443347708751178,0.0019987147954695955,11.228889558627223,2.418489882216319,0.5011488068029913,0.08211927816901408,0.8564107418060303,3,1.0,1.0,0.5941662010631176,0.5900474966229465,0.5982849055032886,0.14972202932894904,0.1955603951235128,0.912677905678966,0.5514754439744463,0.05288594961166382
448256,9,1,0.029272108602003806,0.0020814167590438594,14.063549964586134,2.6435863413599194,0.4672551024997076,0.05870378521126761,0.9459046721458435,3,1.0,1.0,0.7393085885332944,0.5982849055032886,0.8803322715633002,0.14972202932894904,0.1955603951235128,0.912677905678966,0.5514754439744463,0.05288594961166382
448256,9,2,0.030467855254295573,0.002216444177441198,13.746276829639488,2.6207680114527356,0.4284855323250829,0.051720217136150236,0.8930187225341797,3,1.0,1.0,0.7351898840931234,0.5900474966229465,0.8803322715633002,0.14972202932894904,0.1955603951235128,0.912677905678966,0.5514754439744463,0.05288594961166382
448256,1,0,0.001336633764886351,0.0005865321242386251,2.2788756273879356,0.8236821761955909,0.177560577252131,0.08653902582159624,0.8267397880554199,3,1.0,1.0,0.5206245307626152,0.3270988062371194,0.7141502552881108,0.20694605987205497,0.2795235230538364,0.9382700042095912,0.3527946608313866,0.03764432668685913
448256,1,1,0.001242374236867489,0.0005959448237997808,2.0847135257611953,0.7346314488992913,0.16373792827635347,0.08585680751173709,0.864384114742279,2,0.6666666666666666,0.0,0.5646927060296458,0.4152351567711808,0.7141502552881108,0.20694605987205497,0.2795235230538364,0.9382700042095912,0.3527946608313866,0.03764432668685913
448256,1,2,0.0017557921008079125,0.0006070572735348422,2.8923005694203874,1.0620522308004252,0.10414542012039812,0.038640698356807515,0.7522867918014526,2,0.6666666666666666,0.0,0.37116698150415006,0.3270988062371194,0.4152351567711808,0.20694605987205497,0.2795235230538364,0.9382700042095912,0.3527946608313866,0.03764432668685913
274066,1,0,0.0005342287467732821,0.0011590447718453857,0.4609215789496918,-0.7745273593222994,0.6473537092891329,0.7993047423887588,0.7750097513198853,3,1.0,1.0,0.05341259877193251,0.039399268915097596,0.06742592862876742,0.3600674210730898,0.5192987556092236,0.9147507140908417,0.5087117816287537,0.0765044093132019
274066,1,1,0.002454006717670952,0.0004971518384825939,4.936131223460697,1.596581871637091,0.30889038613967534,0.08302839578454332,0.8515141606330872,2,0.6666666666666666,1.0,0.12795115163099907,0.039399268915097596,0.21650303434690052,0.3600674210730898,0.5192987556092236,0.9147507140908417,0.5087117816287537,0.0765044093132019
274066,1,2,0.0028829940179450992,0.0005250506782807456,5.490887130923141,1.7030898331460733,0.2494473886496607,0.05707333138173302,0.7466021776199341,2,0.6666666666666666,1.0,0.14196448148783397,0.06742592862876742,0.21650303434690052,0.3600674210730898,0.5192987556092236,0.9147507140908417,0.5087117816287537,0.0765044093132019
274066,42,0,0.006133322172939338,0.0051118926759068095,1.199814346777443,0.1821668339692168,0.8441164072648024,0.8186182669789227,0.9910735487937927,3,1.0,1.0,0.8017097654303117,0.717556945244185,0.8858625856164384,0.30994675375975905,0.360043734386079,0.9615014681889301,0.35102832198968736,0.016855478286743164
274066,42,1,0.005981057773636917,0.0058592990087529785,1.0207804318709912,0.020567464186470694,0.7329820436748028,0.7289373536299766,0.9742180705070496,3,1.0,1.0,0.8391140128129951,0.7923654400095519,0.8858625856164384,0.30994675375975905,0.360043734386079,0.9615014681889301,0.35102832198968736,0.016855478286743164
274066,42,2,0.006452088039356255,0.00522450169563735,1.23496716318592,0.2110443813680234,0.6393563926696104,0.5894101288056206,0.931037187576294,3,1.0,1.0,0.7549611926268684,0.717556945244185,0.7923654400095519,0.30994675375975905,0.360043734386079,0.9615014681889301,0.35102832198968736,0.016855478286743164
482917,72,0,0.024523516443903045,0.0034003908911022828,7.211969806430532,1.9757421187993922,0.3686919051855317,0.074912,0.7849626541137695,3,1.0,1.0,0.5545602388592495,0.3509482207543149,0.7581722569641842,0.15129336833232931,0.21744966442953018,0.9090800195033032,0.5387952794547866,0.0044623613357543945
482917,72,1,0.029638421096934365,0.003491336783261811,8.48913265272429,2.13878683409277,0.33928452169990597,0.05704,0.9398924112319946,3,1.0,1.0,0.6103938854129238,0.4626155138616634,0.7581722569641842,0.15129336833232931,0.21744966442953018,0.9090800195033032,0.5387952794547866,0.0044623613357543945
482917,72,2,0.04328528050783382,0.003938988025543496,10.988934268433688,2.396888790891484,0.2304486729703265,0.026528,0.9354300498962402,2,0.6666666666666666,1.0,0.40678186730798915,0.3509482207543149,0.4626155138616634,0.15129336833232931,0.21744966442953018,0.9090800195033032,0.5387952794547866,0.0044623613357543945
482917,18,0,0.016839375151827426,0.0017954296695629553,9.379022430072382,2.238475539103998,0.6949934327183692,0.19546133333333332,0.877974271774292,3,1.0,1.0,0.4695455079185358,0.25594752027873047,0.6831434955583411,0.09704639194556967,0.11947710074129024,0.9156715342309656,0.45016850933480224,0.03184032440185547
482917,18,1,0.02180313290748674,0.0020957853783349356,10.403323318538286,2.34212530500746,0.616756659418097,0.133968,0.8766977787017822,3,1.0,1.0,0.5289525866733555,0.3747616777883699,0.6831434955583411,0.09704639194556967,0.11947710074129024,0.9156715342309656,0.45016850933480224,0.03184032440185547
482917,18,2,0.029331938432636713,0.0034243958778255863,8.565580461653939,2.1477519008686103,0.313538656927804,0.050624,0.9098145961761475,3,1.0,1.0,0.3153545990335502,0.25594752027873047,0.3747616777883699,0.09704639194556967,0.11947710074129024,0.9156715342309656,0.45016850933480224,0.03184032440185547
14007,82,0,0.01692923325602296,0.003644137349660817,4.645607897559916,1.5359222351419195,0.7199175343753554,0.35620598591549296,0.8038904666900635,3,1.0,1.0,0.30892348945242354,0.3025519654249846,0.31529501347986255,0.20223240909404008,0.24153188852191532,0.9465192064803588,0.3358835922495036,0.016416847705841064
14007,82,1,0.030272042095937632,0.005597290921097305,5.408338161668162,1.6879418667130452,0.4070369015781455,0.11262837441314553,0.9558330178260803,2,0.6666666666666666,1.0,0.6361657361606878,0.31529501347986255,0.957036458841513,0.20223240909404008,0.24153188852191532,0.9465192064803588,0.3358835922495036,0.016416847705841064
14007,82,2,0.030676250507710688,0.005674235664970712,5.406234832945168,1.6875528862599258,0.39580213841073064,0.10807658450704226,0.9722498655319214,2,0.6666666666666666,1.0,0.6297942121332488,0.3025519654249846,0.957036458841513,0.20223240909404008,0.24153188852191532,0.9465192064803588,0.3358835922495036,0.016416847705841064
14007,17,0,0.0077034621871203066,0.003781669671387078,2.0370531681731214,0.7115042382479496,0.5824491797598039,0.40644806338028167,0.9101228713989258,1,0.3333333333333333,0.0,0.030094926033870033,0.029607769302846934,0.030582082764893135,0.09730129580773057,0.122057106923984,0.854080277208593,0.7891893635276315,0.028957843780517578
14007,17,1,0.09153246008623468,0.003094997564762937,29.574323772907828,3.3869065447925966,0.43910631607306916,0.025788585680751173,0.9390807151794434,2,0.6666666666666666,1.0,0.48145329442994556,0.030582082764893135,0.932324506094998,0.09730129580773057,0.122057106923984,0.854080277208593,0.7891893635276315,0.028957843780517578
14007,17,2,0.09230327237719986,0.0031655401450863692,29.158774843312774,3.372755891293081,0.42573685264667005,0.024794600938967137,0.8757383823394775,2,0.6666666666666666,1.0,0.48096613769892244,0.029607769302846934,0.932324506094998,0.09730129580773057,0.122057106923984,0.854080277208593,0.7891893635276315,0.028957843780517578
86220,7,0,0.024474142812247943,0.0021263499325960755,11.509931844029717,2.4432103013001,0.6472770297305198,0.13751095210280373,0.9153868556022644,3,1.0,1.0,0.5455984542946205,0.17669511742564808,0.914501791163593,0.18416919525852662,0.27625379288778995,0.9016183080300647,0.5643759644515901,0.03606158494949341
86220,7,1,0.02556429437137714,0.0022667220198677273,11.278089741939699,2.422861882649028,0.6189211667510814,0.12587981892523364,0.879325270652771,3,1.0,1.0,0.5538686235521437,0.1932354559406944,0.914501791163593,0.18416919525852662,0.27625379288778995,0.9016183080300647,0.5643759644515901,0.03606158494949341
86220,7,2,0.038636484408134865,0.004357842513107869,8.865966193834442,2.182219923329343,0.1824364296643218,0.024550963785046728,0.7598963975906372,3,1.0,1.0,0.18496528668317125,0.17669511742564808,0.1932354559406944,0.18416919525852662,0.27625379288778995,0.9016183080300647,0.5643759644515901,0.03606158494949341
86220,6,0,0.02427080253451511,0.0022966918964761104,10.567722453841926,2.3578043040323537,0.614123671906459,0.13088858060747663,0.9176425337791443,3,1.0,1.0,0.5768327424171136,0.20442265916559907,0.9492428256686282,0.30364591178770733,0.45544544232851863,0.9166777817121688,0.5212776297265909,0.03298473358154297
86220,6,1,0.024549234136009464,0.0024231681546298357,10.13104851141813,2.315604818514405,0.5897751333699217,0.12427351051401869,0.8846578001976013,3,1.0,1.0,0.5819265457748353,0.21461026588104243,0.9492428256686282,0.30364591178770733,0.45544544232851863,0.9166777817121688,0.5212776297265909,0.03298473358154297
86220,6,2,0.03196312378870013,0.004429736044822808,7.2155820252181835,1.9762428577794786,0.16676930654910319,0.026989632009345794,0.8366446495056152,3,1.0,1.0,0.20951646252332073,0.20442265916559907,0.21461026588104243,0.30364591178770733,0.45544544232851863,0.9166777817121688,0.5212776297265909,0.03298473358154297
201775,70,0,0.021869685045422985,0.004437990093964044,4.927835479001935,1.594899840776865,0.31914389446948777,0.0868586387434555,0.9661938548088074,2,0.6666666666666666,0.0,0.6603458141158598,0.45137515728923244,0.8693164709424872,0.19965633074916442,0.26126783331016307,0.9558092356702118,0.3620655133488481,0.015771865844726562
201775,70,1,0.0225964907863158,0.004589796858281353,4.92320062937466,1.5939588534684188,0.287214572901416,0.07565445026178011,0.9504219889640808,2,0.6666666666666666,0.0,0.6934898505915186,0.5176632302405498,0.8693164709424872,0.19965633074916442,0.26126783331016307,0.9558092356702118,0.3620655133488481,0.015771865844726562
201775,70,2,0.02605675870151917,0.005115302259837278,5.093884461336635,1.628040695014632,0.17492681092467435,0.039958115183246073,0.8774125576019287,2,0.6666666666666666,0.0,0.48451919376489117,0.45137515728923244,0.5176632302405498,0.19965633074916442,0.26126783331016307,0.9558092356702118,0.3620655133488481,0.015771865844726562
201775,81,0,0.003431508678588584,0.006263940954611128,0.547819448316271,-0.6018095199065644,0.46098756771086624,0.6095549738219895,0.7684942483901978,2,0.6666666666666666,1.0,0.025859432250737533,0.010214137833563794,0.041504726667911274,0.29815450265981935,0.3716265619103158,0.9509971488219534,0.3623474276330095,0.11027306318283081
201775,81,1,0.013760989075580205,0.0037050951150398898,3.714071742991672,1.312128779723365,0.2510220745667921,0.08276963350785341,0.8787673115730286,2,0.6666666666666666,1.0,0.0575900825059106,0.010214137833563794,0.1049660271782574,0.29815450265981935,0.3716265619103158,0.9509971488219534,0.3623474276330095,0.11027306318283081
201775,81,2,0.012229564201868767,0.004274698977808528,2.8609182219603846,1.0511426300153843,0.0890144537157802,0.033026178010471204,0.6990203857421875,2,0.6666666666666666,1.0,0.07323537692308434,0.041504726667911274,0.1049660271782574,0.29815450265981935,0.3716265619103158,0.9509971488219534,0.3623474276330095,0.11027306318283081
94326,15,0,0.028406942961205495,0.002964472097783353,9.582462581740597,2.2599346134465748,0.3965919120743386,0.06418666666666667,0.7960953116416931,3,1.0,1.0,0.526244189928563,0.4205940922668437,0.6318942875902823,0.23346717998036892,0.3060998312080497,0.8982464107690118,0.6136522631137379,0.1290157437324524
94326,15,1,0.04007582497056982,0.0030476898715663184,13.149574479775998,2.5763893991727684,0.36485031440375576,0.041856,0.9251110553741455,3,1.0,1.0,0.6394540838180623,0.6318942875902823,0.6470138800458424,0.23346717998036892,0.3060998312080497,0.8982464107690118,0.6136522631137379,0.1290157437324524
94326,15,2,0.04399202082663587,0.0034991570671735403,12.572176661277581,2.531486170822225,0.25955149062158483,0.027125333333333335,0.7339752912521362,3,1.0,1.0,0.5338039861563431,0.4205940922668437,0.6470138800458424,0.23346717998036892,0.3060998312080497,0.8982464107690118,0.6136522631137379,0.1290157437324524
94326,1,0,0.009768884228756778,0.0011356936551800269,8.601689527451443,2.1519586407471416,0.6198522421067817,0.15935466666666667,0.9425590634346008,3,1.0,1.0,0.27269985727172774,0.1434493364089192,0.40195037813453627,0.18680281310227553,0.26125727642561153,0.9117172682914255,0.47395469378273114,0.12307369709014893
94326,1,1,0.012748759478593047,0.0017872732340421483,7.133078047964166,1.9647428451291664,0.3353599688733383,0.066064,0.8194853663444519,3,1.0,1.0,0.3577901552675511,0.31362993240056597,0.40195037813453627,0.18680281310227553,0.26125727642561153,0.9117172682914255,0.47395469378273114,0.12307369709014893
94326,1,2,0.017424583321415707,0.0021593139818699707,8.06949960017231,2.088091473003116,0.16003894090653073,0.023066666666666666,0.6756757497787476,3,1.0,1.0,0.22853963440474256,0.1434493364089192,0.31362993240056597,0.18680281310227553,0.26125727642561153,0.9117172682914255,0.47395469378273114,0.12307369709014893
19924,1,0,0.0036511509288717978,0.0015944863048721729,2.2898603239333837,0.8284908220642769,0.6836481167396085,0.485528384279476,0.7844610214233398,2,0.6666666666666666,0.0,0.22409075357801922,0.07602134310660774,0.3721601640494307,0.1529967177290095,0.18999644491782364,0.9622027224079419,0.3249555612600518,0.0032068490982055664
19924,1,1,0.005420723404820869,0.0019694253997775686,2.7524390630285662,1.0124874507815627,0.3777373838276106,0.1806943231441048,0.7876678705215454,2,0.6666666666666666,0.0,0.27607913764847586,0.17999811124752102,0.3721601640494307,0.1529967177290095,0.18999644491782364,0.9622027224079419,0.3249555612600518,0.0032068490982055664
19924,1,2,0.008342987950745078,0.0023686660889359365,3.522230501881641,1.2590944543560625,0.12084349949157479,0.0375589519650655,0.7055922746658325,2,0.6666666666666666,0.0,0.12800972717706438,0.07602134310660774,0.17999811124752102,0.1529967177290095,0.18999644491782364,0.9622027224079419,0.3249555612600518,0.0032068490982055664
19924,32,0,0.0023247805111301276,0.0009767091161515529,2.3802178870921695,0.8671920331215499,0.7419413959556347,0.5470829694323144,0.8189930319786072,3,1.0,1.0,0.11501650071297193,0.0811862865529729,0.14884671487297094,0.23993837012637098,0.3415362895252886,0.9117704806679614,0.5016051158156147,0.04244285821914673
19924,32,1,0.005432246397366803,0.0013190829010910048,4.118199385918525,1.4154160257619355,0.3044257390496641,0.0960655021834061,0.7487564086914062,3,1.0,1.0,0.30613122770185175,0.14884671487297094,0.4634157405307326,0.23993837012637098,0.3415362895252886,0.9117704806679614,0.5016051158156147,0.04244285821914673
19924,32,2,0.00867607756377792,0.0013876032520409001,6.252563580234118,1.8329915526031457,0.22680592984583745,0.04481222707423581,0.8614358901977539,3,1.0,1.0,0.27230101354185277,0.0811862865529729,0.4634157405307326,0.23993837012637098,0.3415362895252886,0.9117704806679614,0.5016051158156147,0.04244285821914673
290248,8,0,0.0009646016968308256,0.0007293607477015155,1.322530309655559,0.27954680397849985,0.4894921971784269,0.42028971354166667,0.8960584402084351,3,1.0,1.0,0.2754821369420067,0.1980176702627471,0.3529466036212663,0.3364287253616465,0.4893705835376298,0.8842231386491973,0.6018778706143116,0.02715247869491577
290248,8,1,0.0018765995510522373,0.000639537933163425,2.934305302009964,1.0764707314216047,0.34560748174541256,0.15253255208333333,0.8689059615135193,2,0.6666666666666666,1.0,0.41774487091239093,0.3529466036212663,0.4825431382035156,0.3364287253616465,0.4893705835376298,0.8842231386491973,0.6018778706143116,0.02715247869491577
290248,8,2,0.002493494538329503,0.0006697963157365831,3.7227653781054495,1.314466773726287,0.2615484976033435,0.086875,0.6957764625549316,2,0.6666666666666666,1.0,0.34028040423313133,0.1980176702627471,0.4825431382035156,0.3364287253616465,0.4893705835376298,0.8842231386491973,0.6018778706143116,0.02715247869491577
290248,1,0,0.002619027953899953,0.0005860796752492162,4.468723383586969,1.4971027717038656,0.12658225878948465,0.031412760416666664,0.8914981484413147,2,0.6666666666666666,1.0,0.4283431935792984,0.30893555692814495,0.5477508302304519,0.14024272861664647,0.155410349245202,0.9102819358848558,0.46999456099137715,0.018542766571044922
290248,1,1,0.003635699638749369,0.0005931902617026735,6.1290615631222884,1.8130416492904908,0.10433932263276229,0.01865234375,0.8729553818702698,2,0.6666666666666666,1.0,0.5315425412351433,0.5153342522398346,0.5477508302304519,0.14024272861664647,0.155410349245202,0.9102819358848558,0.46999456099137715,0.018542766571044922
290248,1,2,0.004517702611679424,0.0006109618051876352,7.394410855024827,2.0007244251948753,0.06935112522192946,0.009977213541666667,0.7726837396621704,2,0.6666666666666666,1.0,0.4121349045839898,0.30893555692814495,0.5153342522398346,0.14024272861664647,0.155410349245202,0.9102819358848558,0.46999456099137715,0.018542766571044922
322959,67,0,0.005122691716856318,0.002942266615032492,1.7410698571443624,0.5544997849002169,0.411078165407403,0.2861799948737665,0.9361825585365295,3,1.0,1.0,0.5379288088520695,0.5121708709261646,0.5636867467779744,0.2553588062920231,0.38051325602428626,0.9714081124154422,0.2531165504056821,0.00576704740524292
322959,67,1,0.005626000719819701,0.0030739118732790627,1.8302413829411392,0.6044478615791317,0.30434332616199966,0.19291992396086974,0.9419496059417725,3,1.0,1.0,0.6631676564551741,0.5636867467779744,0.7626485661323738,0.2553588062920231,0.38051325602428626,0.9714081124154422,0.2531165504056821,0.00576704740524292
322959,67,2,0.005655379577081544,0.0031907537093280557,1.7724274859497349,0.5723500681574691,0.2416104163374772,0.15235860139262677,0.921078085899353,3,1.0,1.0,0.6374097185292692,0.5121708709261646,0.7626485661323738,0.2553588062920231,0.38051325602428626,0.9714081124154422,0.2531165504056821,0.00576704740524292
322959,55,0,0.025598732704871913,0.00477289784731745,5.363352310985667,1.6795892107752637,0.37518960302963456,0.1006877696612414,0.8076409697532654,3,1.0,1.0,0.5003844929995758,0.4309238438693254,0.5698451421298261,0.15013263909378838,0.18210783977117087,0.9366717116488054,0.44150379237936066,0.12572616338729858
322959,55,1,0.03577642507037246,0.005110291232251884,7.000858353743271,1.9460327635291308,0.29880380369796594,0.05737643641334529,0.933367133140564,3,1.0,1.0,0.6629878076755873,0.5698451421298261,0.7561304732213485,0.15013263909378838,0.18210783977117087,0.9366717116488054,0.44150379237936066,0.12572616338729858
322959,55,2,0.03995138131296736,0.005369332467440693,7.440660742799865,2.0069596544428103,0.2523275402726388,0.04338876073305139,0.7872382402420044,3,1.0,1.0,0.593527158545337,0.4309238438693254,0.7561304732213485,0.15013263909378838,0.18210783977117087,0.9366717116488054,0.44150379237936066,0.12572616338729858
132116,56,0,0.03376904313169207,0.011354081668355248,2.974176522160746,1.0899672014375175,0.41115338964845877,0.19012986458199838,0.86148601770401,2,0.6666666666666666,1.0,0.3983315662209951,0.33707312963379016,0.45959000280819995,0.30557813963517816,0.40406101782088427,0.9333959720940926,0.41167145254047743,0.02158409357070923
132116,56,1,0.04930421977990751,0.012388963395763123,3.979688873145696,1.3812036436845352,0.2759908619409397,0.08741296082703234,0.9137176871299744,2,0.6666666666666666,1.0,0.5958217380662902,0.45959000280819995,0.7320534733243804,0.30557813963517816,0.40406101782088427,0.9333959720940926,0.41167145254047743,0.02158409357070923
132116,56,2,0.055870525050955494,0.012858693038273498,4.344961410954726,1.4690168774425876,0.2293447280335616,0.06410194796872998,0.9353017807006836,2,0.6666666666666666,1.0,0.5345633014790853,0.33707312963379016,0.7320534733243804,0.30557813963517816,0.40406101782088427,0.9333959720940926,0.41167145254047743,0.02158409357070923
132116,51,0,0.015424127464648354,0.004224581966469953,3.65104230037834,1.2950126886417288,0.26110571705298696,0.08824597377077192,0.8625445365905762,3,1.0,1.0,0.8049264232558593,0.7993041237113402,0.8105487228003785,0.3808700829990476,0.4040610178208843,0.948630244105566,0.36784750371845376,0.022570013999938965
132116,51,1,0.0152665797509121,0.004118752180044688,3.7066031360594884,1.310115860520649,0.2874399303914922,0.0981486821308044,0.9442294836044312,3,1.0,1.0,0.8855032961385911,0.7993041237113402,0.971702468565842,0.3808700829990476,0.4040610178208843,0.948630244105566,0.36784750371845376,0.022570013999938965
132116,51,2,0.01541646044312187,0.0041331056424176406,3.729994288356513,1.316406702447705,0.28301343762045555,0.09569770173864753,0.9667994976043701,3,1.0,1.0,0.8911255956831102,0.8105487228003785,0.971702468565842,0.3808700829990476,0.4040610178208843,0.948630244105566,0.36784750371845376,0.022570013999938965
479912,8,0,0.000982834747676255,0.0007932277372366776,1.2390322479910603,0.21433063076003245,0.3981527349547438,0.3480779288702929,0.9564069509506226,3,1.0,1.0,0.3517837720055733,0.2006682096461102,0.5028993343650364,0.17741823577407742,0.26341208315081194,0.9185381310170503,0.459809246352396,0.039425551891326904
479912,8,1,0.0016598868896500422,0.0006847909279365914,2.4239323558617705,0.8853911624225196,0.3455867197655801,0.1788899058577406,0.9169813990592957,3,1.0,1.0,0.4498565989367098,0.39681386350838316,0.5028993343650364,0.17741823577407742,0.26341208315081194,0.9185381310170503,0.459809246352396,0.039425551891326904
479912,8,2,0.002584653916686277,0.0007244143257873396,3.5679221422204597,1.271983393740025,0.21799821466508293,0.07246992677824268,0.8648315668106079,2,0.6666666666666666,1.0,0.2987410365772467,0.2006682096461102,0.39681386350838316,0.17741823577407742,0.26341208315081194,0.9185381310170503,0.459809246352396,0.039425551891326904
479912,5,0,0.04974872840055011,0.00497656280042411,9.996604159464006,2.302245451288826,0.3710522405383972,0.055726987447698745,0.8384994268417358,3,1.0,1.0,0.734843901179858,0.7048440065681445,0.7648437957915715,0.09077182190738194,0.09451569329684893,0.9179738666228727,0.5363569877288306,0.0062934160232543945
479912,5,1,0.06280541247579145,0.0050035910690433725,12.55206742449619,2.5298853870460083,0.35891068586548336,0.04269743723849372,0.9504927396774292,3,1.0,1.0,0.8425765331250592,0.7648437957915715,0.920309270458547,0.09077182190738194,0.09451569329684893,0.9179738666228727,0.5363569877288306,0.0062934160232543945
479912,5,2,0.06252205455128067,0.005219526940345238,11.978490628341644,2.4831125938093135,0.32887111089031806,0.03930112447698745,0.9567861557006836,3,1.0,1.0,0.8125766385133457,0.7048440065681445,0.920309270458547,0.09077182190738194,0.09451569329684893,0.9179738666228727,0.5363569877288306,0.0062934160232543945
68628,1,0,0.005564697937296124,0.0005995344481716529,9.281698399457433,2.228044547415125,0.4780105891165928,0.08980166861826698,0.9248679876327515,3,1.0,1.0,0.9086950134449323,0.8703402246459385,0.9470498022439261,0.23093121671581582,0.2827826308392107,0.9138879517102566,0.47196165925300343,0.05021631717681885
68628,1,1,0.0056106135706852495,0.0006118451528666522,9.169989392296547,2.2159361296625737,0.4654974876349412,0.08673521662763466,0.9750843048095703,3,1.0,1.0,0.9253031570389356,0.903556511833945,0.9470498022439261,0.23093121671581582,0.2827826308392107,0.9138879517102566,0.47196165925300343,0.05021631717681885
68628,1,2,0.005819665427545524,0.0006394392059223087,9.101202060405733,2.2084064995209993,0.43627499426617866,0.07837016978922717,0.9098813533782959,3,1.0,1.0,0.8869483682399417,0.8703402246459385,0.903556511833945,0.23093121671581582,0.2827826308392107,0.9138879517102566,0.47196165925300343,0.05021631717681885
68628,41,0,0.006400566383999097,0.005505756535884802,1.162522596326169,0.1505922961466311,0.5462655112456062,0.5087492681498829,0.7613586187362671,2,0.6666666666666666,0.0,0.1339370056946797,0.12876647496665566,0.13910753642270374,0.12641404257453914,0.1887000740062362,0.8802435557268438,0.6801376541150426,0.030315041542053223
68628,41,1,0.017241396114667372,0.005062695340354006,3.405576467110936,1.2254142255092406,0.2133398840661095,0.07375951405152224,0.7864466905593872,2,0.6666666666666666,0.0,0.49206537830375385,0.13910753642270374,0.8450232201848039,0.12641404257453914,0.1887000740062362,0.8802435557268438,0.6801376541150426,0.030315041542053223
68628,41,2,0.02135717981550863,0.004850821848217845,4.402796161015952,1.4822398302720392,0.2409700903302938,0.06725702576112412,0.8167617321014404,2,0.6666666666666666,0.0,0.48689484757572976,0.12876647496665566,0.8450232201848039,0.12641404257453914,0.1887000740062362,0.8802435557268438,0.6801376541150426,0.030315041542053223
280918,82,0,0.007318750282412303,0.002986071445164317,2.450962883628729,0.8964809612096173,0.23031710709659103,0.10880533854166667,0.7777789235115051,3,1.0,1.0,0.41298233856099686,0.3677457677457677,0.45821890937622595,0.18351587684390158,0.2731311241259138,0.9573906816433709,0.293410568447246,0.09965157508850098
280918,82,1,0.007695662770359441,0.0031841405432150166,2.4168728306735736,0.8824744859340279,0.13485910015138822,0.060589192708333336,0.8774304986000061,2,0.6666666666666666,1.0,0.5616432996939759,0.45821890937622595,0.6650676900117258,0.18351587684390158,0.2731311241259138,0.9573906816433709,0.293410568447246,0.09965157508850098
280918,82,2,0.009056398790892125,0.003217490369303695,2.8147399832116053,1.0348698891273695,0.10766475844372331,0.041103515625,0.7260675430297852,2,0.6666666666666666,1.0,0.5164067288787468,0.3677457677457677,0.6650676900117258,0.18351587684390158,0.2731311241259138,0.9573906816433709,0.293410568447246,0.09965157508850098
280918,1,0,0.006749220741874197,0.0010288828671781278,6.559756169159697,1.880953433077954,0.2922301219052102,0.05921549479166666,0.7414796948432922,3,1.0,1.0,0.26351592844455807,0.1834732615440774,0.3435585953450388,0.14240567982400643,0.2033761683681672,0.9148180174145856,0.4915628621621453,0.07755261659622192
280918,1,1,0.0077713463182545114,0.0012019696998354257,6.465509332600529,1.8664817923274697,0.14328097513784904,0.02521484375,0.8456905484199524,3,1.0,1.0,0.16882465868510113,0.15417605582612487,0.1834732615440774,0.14240567982400643,0.2033761683681672,0.9148180174145856,0.4915628621621453,0.07755261659622192
280918,1,2,0.008745366246458771,0.001167006047987462,7.493848257296161,2.0140824517214777,0.16927395632330133,0.026471354166666666,0.7681379318237305,2,0.6666666666666666,1.0,0.24886732558558183,0.15417605582612487,0.3435585953450388,0.14240567982400643,0.2033761683681672,0.9148180174145856,0.4915628621621453,0.07755261659622192
414034,47,0,0.001628238404962782,0.0021830806153648767,0.7458443782410649,-0.2932383081818895,0.1855091510318034,0.233935546875,0.7055718302726746,1,0.3333333333333333,0.0,0.11848134394951759,0.03949648077964266,0.19746620711939253,0.08974592742551375,0.09697779394533783,0.930614614682784,0.47644913628118496,0.07603651285171509
414034,47,1,0.004200717738644325,0.001926874804561446,2.180067810591532,0.7793559823312096,0.11373402888988096,0.05559244791666667,0.8177894949913025,2,0.6666666666666666,0.0,0.1923735372400458,0.18728086736069907,0.19746620711939253,0.08974592742551375,0.09697779394533783,0.930614614682784,0.47644913628118496,0.07603651285171509
414034,47,2,0.012334127294588,0.0018854998383725022,6.541568997795736,1.8781770446967174,0.09646048818850649,0.01605794270833333,0.7417529821395874,3,1.0,1.0,0.11338867407017086,0.03949648077964266,0.18728086736069907,0.08974592742551375,0.09697779394533783,0.930614614682784,0.47644913628118496,0.07603651285171509
414034,75,0,0.004826331352726199,0.0027218582337167714,1.7731751386487669,0.5727718033845209,0.42396706457103706,0.2933268229166667,0.9075317978858948,2,0.6666666666666666,1.0,0.16381337212140157,0.14898451617091724,0.17864222807188587,0.14120430731578096,0.18310968749422646,0.9134455473009582,0.5646782545413878,0.0040495991706848145
414034,75,1,0.018286540077347712,0.002370627792648311,7.713796373409334,2.0430104624751158,0.33325431072979833,0.06085286458333333,0.9605537056922913,3,1.0,1.0,0.5103848987360913,0.17864222807188587,0.8421275694002966,0.14120430731578096,0.18310968749422646,0.9134455473009582,0.5646782545413878,0.0040495991706848145
414034,75,2,0.019105606973700104,0.0024684117766042464,7.74004043694984,2.0464069120524533,0.29945726873204925,0.052337239583333334,0.9646033048629761,3,1.0,1.0,0.49555604278560694,0.14898451617091724,0.8421275694002966,0.14120430731578096,0.18310968749422646,0.9134455473009582,0.5646782545413878,0.0040495991706848145
366225,72,0,0.0036128490753209778,0.0014658773465786041,2.464632584225978,0.9020427436095917,0.5414449774003816,0.32390538354898335,0.9747549295425415,3,1.0,1.0,0.5637538107881963,0.34008006919119416,0.7874275523851983,0.2704529389478575,0.3689287678068062,0.9557951216922346,0.33092687897444967,0.0545385479927063
366225,72,1,0.00408652882067431,0.001502121352013676,2.720505112636598,1.0008175664871322,0.4822569255919462,0.25505718576709796,0.9202163815498352,3,1.0,1.0,0.6089707361129603,0.4305139198407222,0.7874275523851983,0.2704529389478575,0.3689287678068062,0.9557951216922346,0.33092687897444967,0.0545385479927063
366225,72,2,0.0057504246928760825,0.0017169254774545065,3.3492570091349205,1.2087385330942748,0.2931208045229738,0.11016924676524954,0.8763962984085083,3,1.0,1.0,0.38529699451595817,0.34008006919119416,0.4305139198407222,0.2704529389478575,0.3689287678068062,0.9557951216922346,0.33092687897444967,0.0545385479927063
366225,76,0,0.009779560893686801,0.005097887072215864,1.9183557331170205,0.6514684302298377,0.5031667431837209,0.34551756007393714,0.9441407918930054,3,1.0,1.0,0.6815110891361358,0.5160229388048114,0.84699923946746,0.29854039059310244,0.43277381810253507,0.9538313551296229,0.3544494153038941,0.014028847217559814
366225,76,1,0.009501156222568901,0.005562339333781552,1.708122365558993,0.535394735504362,0.41420779031758514,0.29276513401109056,0.9301119446754456,3,1.0,1.0,0.7104403065183293,0.5738813735691988,0.84699923946746,0.29854039059310244,0.43277381810253507,0.9538313551296229,0.3544494153038941,0.014028847217559814
366225,76,2,0.0116346596425989,0.0056428489496020305,2.0618414110407133,0.7235994724614367,0.31014978586112496,0.17901744454713495,0.877636194229126,3,1.0,1.0,0.5449521561870051,0.5160229388048114,0.5738813735691988,0.29854039059310244,0.43277381810253507,0.9538313551296229,0.3544494153038941,0.014028847217559814
512657,42,0,0.005717440717147042,0.0024898243763852423,2.2963228929228214,0.8313091015504642,0.48388376198167676,0.28991510538641685,0.8803961277008057,2,0.6666666666666666,1.0,0.15028627616873905,0.05698357155566099,0.2435889807818171,0.17353198804427636,0.2504495272555983,0.8831081919780842,0.6349195804716397,0.031206965446472168
512657,42,1,0.0156832154291895,0.00217623237066008,7.206590451196157,1.9749959478610821,0.4234687060241159,0.09249487704918033,0.9318220615386963,2,0.6666666666666666,0.0,0.30633498883327615,0.2435889807818171,0.3690809968847352,0.17353198804427636,0.2504495272555983,0.8831081919780842,0.6349195804716397,0.031206965446472168
512657,42,2,0.03435664090395121,0.002265228130146633,15.166967261067994,2.719119856532576,0.3626371394667328,0.0361570550351288,0.9630290269851685,2,0.6666666666666666,0.0,0.2130322842201981,0.05698357155566099,0.3690809968847352,0.17353198804427636,0.2504495272555983,0.8831081919780842,0.6349195804716397,0.031206965446472168
512657,1,0,0.003972376098152349,0.0010322092552256805,3.8484213101106266,1.347663015136304,0.4061797228893146,0.15091481264637002,0.9546751379966736,2,0.6666666666666666,1.0,0.3223974917768466,0.09386602974704158,0.5509289538066516,0.13980152948547317,0.1787205301603932,0.9594657973921826,0.3235480651802307,0.018620610237121582
512657,1,1,0.005373539493988099,0.0011213972687420378,4.791825019534967,1.5669113452104668,0.3035551735747976,0.08337602459016394,0.936054527759552,2,0.6666666666666666,1.0,0.33428594673981615,0.11764293967298063,0.5509289538066516,0.13980152948547317,0.1787205301603932,0.9594657973921826,0.3235480651802307,0.018620610237121582
512657,1,2,0.0048960609468001156,0.001357631039864959,3.6063266082077727,1.282689694430084,0.11089987770119006,0.033430913348946135,0.7171066999435425,2,0.6666666666666666,0.0,0.10575448471001112,0.09386602974704158,0.11764293967298063,0.13980152948547317,0.1787205301603932,0.9594657973921826,0.3235480651802307,0.018620610237121582
236166,18,0,0.003950188267447574,0.0013399875861849647,2.947928999660436,1.0811028900501978,0.6343887901059639,0.3705142312206573,0.7921558618545532,3,1.0,1.0,0.1604903298021937,0.13398353738673308,0.18699712221765433,0.25453644298373007,0.35840587622166153,0.8924951732367661,0.6176598362724132,0.07610160112380981
236166,18,1,0.01591971744394316,0.0012149819097914294,13.102843180252112,2.5728292433813387,0.5124861988313322,0.07427009976525821,0.8483292460441589,3,1.0,1.0,0.4282235119929136,0.18699712221765433,0.6694499017681729,0.25453644298373007,0.35840587622166153,0.8924951732367661,0.6176598362724132,0.07610160112380981
236166,18,2,0.02078487927728037,0.001326400764651328,15.670135162409961,2.751756681931487,0.4540556506404571,0.05039979460093897,0.9244308471679688,3,1.0,1.0,0.401716719577453,0.13398353738673308,0.6694499017681729,0.25453644298373007,0.35840587622166153,0.8924951732367661,0.6176598362724132,0.07610160112380981
236166,1,0,0.001978792537557807,0.0011103053892848457,1.7822056479885713,0.5778517258072287,0.7955354204843215,0.6858458039906103,0.7964902520179749,3,1.0,1.0,0.14750595485890827,0.13237385455984088,0.1626380551579757,0.11294933024407677,0.1352395182024022,0.9338884573051282,0.42001673081959395,0.06405419111251831
236166,1,1,0.007777785884672005,0.0009352667516348606,8.316115015058752,2.118195200603342,0.5135121375951458,0.11263204225352112,0.9027180075645447,3,1.0,1.0,0.4785332602002592,0.1626380551579757,0.7944284652425427,0.11294933024407677,0.1352395182024022,0.9338884573051282,0.42001673081959395,0.06405419111251831
236166,1,2,0.009126211731550083,0.0009628888689151314,9.477949134830547,2.2489679569841607,0.48694848511870614,0.09102479460093897,0.966772198677063,3,1.0,1.0,0.4634011599011918,0.13237385455984088,0.7944284652425427,0.11294933024407677,0.1352395182024022,0.9338884573051282,0.42001673081959395,0.06405419111251831
495054,8,0,0.0018264135434447146,0.0008608460215004719,2.1216495118831933,0.752193858333639,0.48332562891557834,0.3059937933025404,0.970441460609436,3,1.0,1.0,0.6988891419703421,0.42843408526004784,0.9693441986806364,0.19200478731387305,0.25320438103167187,0.9030385272007242,0.5857419909698074,0.01583915948867798
495054,8,1,0.0016640820059378267,0.0009403930557677306,1.7695600727397134,0.5707309698191375,0.42936328489694164,0.29834728637413394,0.9546023011207581,2,0.6666666666666666,0.0,0.6947086346538338,0.42007307062703136,0.9693441986806364,0.19200478731387305,0.25320438103167187,0.9030385272007242,0.5857419909698074,0.01583915948867798
495054,8,2,0.0036778451945649747,0.0007673118303478952,4.793155851779717,1.5671890364614707,0.42509839456527804,0.13364968244803696,0.7945151329040527,3,1.0,1.0,0.4242535779435396,0.42007307062703136,0.42843408526004784,0.19200478731387305,0.25320438103167187,0.9030385272007242,0.5857419909698074,0.01583915948867798
495054,5,0,0.0202029888706902,0.0019223673104695463,10.50943217258834,2.3522731561323327,0.5180520464736073,0.09279012702078522,0.9127506017684937,3,1.0,1.0,0.7171765476443188,0.6636328427575523,0.7707202525310852,0.3002766813797318,0.4504137589952758,0.9141320981119239,0.5832201523242125,0.04014873504638672
495054,5,1,0.021896579647084944,0.002175100493370725,10.06692780575171,2.309255576390635,0.44291257682938573,0.07319572748267898,0.9528993368148804,3,1.0,1.0,0.8102134806304069,0.7707202525310852,0.8497067087297284,0.3002766813797318,0.4504137589952758,0.9141320981119239,0.5832201523242125,0.04014873504638672
495054,5,2,0.02208934087365251,0.002393236875138782,9.22990160058505,2.222448387678183,0.3797810915921879,0.06221492494226328,0.8481992483139038,3,1.0,1.0,0.7566697757436404,0.6636328427575523,0.8497067087297284,0.3002766813797318,0.4504137589952758,0.9141320981119239,0.5832201523242125,0.04014873504638672
407083,18,0,0.011423814617691715,0.0021868993794675936,5.223749533117122,1.6532154454905639,0.7214170035163058,0.33143229166666666,0.929519534111023,3,1.0,1.0,0.4093484262403967,0.11672316827026709,0.7019736842105263,0.24664535472363538,0.33483670123740217,0.9254694597878299,0.4108636330402152,0.09130316972732544
407083,18,1,0.01484928677940971,0.0023351487600569622,6.359032463819758,1.8498762375164592,0.6586425567010196,0.23278971354166667,0.8382163643836975,3,1.0,1.0,0.4332230432910009,0.16447240237147548,0.7019736842105263,0.24664535472363538,0.33483670123740217,0.9254694597878299,0.4108636330402152,0.09130316972732544
407083,18,2,0.028649801706810626,0.0042839073630931345,6.687773397470637,1.9002809932861566,0.21606214094424142,0.039580078125,0.6612582206726074,2,0.6666666666666666,1.0,0.14059778532087128,0.11672316827026709,0.16447240237147548,0.24664535472363538,0.33483670123740217,0.9254694597878299,0.4108636330402152,0.09130316972732544
407083,3,0,0.004455076114914067,0.0017853818922157767,2.495307100314385,0.914411808151799,0.6539507590117085,0.4309537760416667,0.7915303707122803,3,1.0,1.0,0.19277336208289633,0.11361028402571006,0.2719364401400826,0.3858030900029575,0.49018592265621824,0.9610501291165985,0.32109527295407747,0.02213883399963379
407083,3,1,0.007752377419192151,0.0022570278279634105,3.4347726331547275,1.2339507323912386,0.32620056295661365,0.12353515625,0.8136692047119141,3,1.0,1.0,0.3337525398717147,0.2719364401400826,0.39556863960334676,0.3858030900029575,0.49018592265621824,0.9610501291165985,0.32109527295407747,0.02213883399963379
407083,3,2,0.009441267349932236,0.0025762898702281663,3.6646758795940166,1.298739894860933,0.1684528401933974,0.0523828125,0.7447870969772339,3,1.0,1.0,0.2545894618145284,0.11361028402571006,0.39556863960334676,0.3858030900029575,0.49018592265621824,0.9610501291165985,0.32109527295407747,0.02213883399963379
476119,3,0,0.017607552953993834,0.002292310109144678,7.681139160042592,2.038767864347391,0.5090999075730127,0.11895491803278689,0.8396316170692444,3,1.0,1.0,0.451291646870708,0.3682109113075282,0.5343723824338877,0.1998054515391623,0.2488654608299764,0.9019188111905989,0.5583165737403684,0.05696690082550049
476119,3,1,0.029235853062672065,0.0022600399727747073,12.935989363870627,2.5600133000970633,0.4884211849378382,0.0687317037470726,0.8965985178947449,3,1.0,1.0,0.5071899902481909,0.48000759806249405,0.5343723824338877,0.1998054515391623,0.2488654608299764,0.9019188111905989,0.5583165737403684,0.05696690082550049
476119,3,2,0.02407522499052858,0.0031667167885015873,7.60258229291095,2.028487965006258,0.26516120946854255,0.0453125,0.823784589767456,2,0.6666666666666666,1.0,0.42410925468501115,0.3682109113075282,0.48000759806249405,0.1998054515391623,0.2488654608299764,0.9019188111905989,0.5583165737403684,0.05696690082550049
476119,1,0,0.0012354679347103845,0.001280679073043408,0.9646975262972939,-0.035940670219166984,0.49659547391390124,0.5055803571428571,1.0018562078475952,2,0.6666666666666666,1.0,0.5436802829712027,0.22757497919756883,0.8597855867448366,0.29533880280892394,0.42917726192346545,0.9433602596748039,0.3650610425885189,0.03231436014175415
476119,1,1,0.0013669512570816974,0.0011735198599279611,1.1648301001065124,0.15257524029555178,0.4736326948118793,0.43582040398126465,0.9695418477058411,2,0.6666666666666666,1.0,0.5608549506426469,0.26192431454045717,0.8597855867448366,0.29533880280892394,0.42917726192346545,0.9433602596748039,0.3650610425885189,0.03231436014175415
476119,1,2,0.0015289292708634931,0.001222510379156481,1.2506472711240215,0.22366123484657247,0.14007507876079334,0.11523711943793911,0.7442489862442017,2,0.6666666666666666,1.0,0.24474964686901302,0.22757497919756883,0.26192431454045717,0.29533880280892394,0.42917726192346545,0.9433602596748039,0.3650610425885189,0.03231436014175415
474095,70,0,0.009710673454274683,0.003381296973743147,2.871878313797721,1.0549662805437396,0.6521687476932828,0.394990990990991,0.8388940095901489,3,1.0,1.0,0.8363958379219081,0.7024482680209202,0.9703434078228959,0.37682744685504255,0.43200540598749415,0.930611326317525,0.48055853933178433,0.08479160070419312
474095,70,1,0.009423367033055761,0.0035368470476594654,2.664341121742147,0.9799567932887338,0.6381467134571904,0.3982822822822823,0.924467146396637,2,0.6666666666666666,0.0,0.8323430449720448,0.6943426821211939,0.9703434078228959,0.37682744685504255,0.43200540598749415,0.930611326317525,0.48055853933178433,0.08479160070419312
474095,70,2,0.012443069811555605,0.0033359426410949898,3.7300011260809,1.3164085356344093,0.5913243915419064,0.2794954954954955,0.8396755456924438,3,1.0,1.0,0.698395475071057,0.6943426821211939,0.7024482680209202,0.37682744685504255,0.43200540598749415,0.930611326317525,0.48055853933178433,0.08479160070419312
474095,1,0,0.004424214597546365,0.0010877633036294062,4.067258546705311,1.402969196978388,0.7189875621328059,0.38615015015015014,0.9198197722434998,3,1.0,1.0,0.2905664015345107,0.2301990629415702,0.3509337401274512,0.39336338904605245,0.49863252958304316,0.9557451035922955,0.28731349011490137,0.019513070583343506
474095,1,1,0.004444636288650996,0.0015978859248365633,2.78157296261561,1.0230165818057193,0.511368705255703,0.2733813813813814,0.9427705407142639,3,1.0,1.0,0.555348785655241,0.3509337401274512,0.7597638311830308,0.39336338904605245,0.49863252958304316,0.9557451035922955,0.28731349011490137,0.019513070583343506
474095,1,2,0.004428705067210006,0.0018306922034908484,2.4191423639353484,0.883413082513584,0.3913030536392732,0.20994594594594596,0.9232574701309204,3,1.0,1.0,0.4949814470623005,0.2301990629415702,0.7597638311830308,0.39336338904605245,0.49863252958304316,0.9557451035922955,0.28731349011490137,0.019513070583343506
241326,17,0,0.007363250879073368,0.0019065983850739328,3.8619831700559515,1.3511808263014489,0.7143593714439225,0.39304533333333336,0.8581942319869995,3,1.0,1.0,0.19453793996207572,0.18108174120712114,0.2079941387170303,0.12211450799513629,0.16580796313269627,0.8741380714430785,0.727534803344415,0.05702131986618042
241326,17,1,0.032922805709782454,0.0014791339867247216,22.258163211046195,3.102708827246169,0.6647660088340297,0.08180266666666666,0.9943421483039856,3,1.0,1.0,0.5389667544748852,0.2079941387170303,0.86993937023274,0.12211450799513629,0.16580796313269627,0.8741380714430785,0.727534803344415,0.05702131986618042
241326,17,2,0.030447696229343856,0.0020286305487557128,15.008990292988717,2.708649374460774,0.53490449628107,0.07117333333333334,0.9373208284378052,3,1.0,1.0,0.5255105557199305,0.18108174120712114,0.86993937023274,0.12211450799513629,0.16580796313269627,0.8741380714430785,0.727534803344415,0.05702131986618042
241326,63,0,0.008211882656075128,0.004489881234611569,1.8289754728794252,0.6037559593145209,0.6455443357477763,0.49893866666666664,0.9529706835746765,3,1.0,1.0,0.7552865611300166,0.5833974112520826,0.9271757110079505,0.220968713386694,0.2598214285714286,0.9749092396007217,0.26912655134542296,0.022947192192077637
241326,63,1,0.008300521280555428,0.004654494767489822,1.7833345386374941,0.5784849482315435,0.6070636191642378,0.4641866666666667,0.9759178757667542,3,1.0,1.0,0.7762268813484497,0.625278051688949,0.9271757110079505,0.220968713386694,0.2598214285714286,0.9749092396007217,0.26912655134542296,0.022947192192077637
241326,63,2,0.00876682844844501,0.0053498732445528465,1.6386983478033899,0.4939022364474305,0.4030510015884242,0.29179733333333335,0.8425389528274536,3,1.0,1.0,0.6043377314705158,0.5833974112520826,0.625278051688949,0.220968713386694,0.2598214285714286,0.9749092396007217,0.26912655134542296,0.022947192192077637
442323,62,0,0.018103417565692226,0.002569021588181998,7.046814103051791,1.9525756144653719,0.2939743473359383,0.055791015625,0.897817850112915,2,0.6666666666666666,1.0,0.5510143859902701,0.2898055139987177,0.8122232579818224,0.13600148689524622,0.1839411245543742,0.9246041891769156,0.47494782587742707,0.00270235538482666
442323,62,1,0.019608133834461066,0.002665448915937355,7.356409537569055,1.9955719791923658,0.2594607609754976,0.045462239583333335,0.9005202054977417,2,0.6666666666666666,1.0,0.5451546036937457,0.278085949405669,0.8122232579818224,0.13600148689524622,0.1839411245543742,0.9246041891769156,0.47494782587742707,0.00270235538482666
442323,62,2,0.02991008863190673,0.002818286916465673,10.612861467917252,2.362066611671982,0.19839977025255326,0.022789713541666666,0.6990976929664612,1,0.3333333333333333,1.0,0.28394573170219334,0.278085949405669,0.2898055139987177,0.13600148689524622,0.1839411245543742,0.9246041891769156,0.47494782587742707,0.00270235538482666
442323,65,0,0.008721786681826396,0.003318343801138755,2.628355348895732,0.9663583080708799,0.5681469953091381,0.33357421875,0.9682531356811523,2,0.6666666666666666,1.0,0.668529003146441,0.45364266676783865,0.8834153395250435,0.4130384591191841,0.6046751759591761,0.9594365988124415,0.35546977579573635,0.003782212734222412
442323,65,1,0.008252726581173736,0.003790260570315172,2.17735071926998,0.778108871497243,0.480519247944683,0.29816080729166666,0.9644709229469299,2,0.6666666666666666,1.0,0.6930136694459157,0.502611999366788,0.8834153395250435,0.4130384591191841,0.6046751759591761,0.9594365988124415,0.35546977579573635,0.003782212734222412
442323,65,2,0.006379061875465453,0.004871583035781439,1.3094433220787252,0.2696021020770468,0.20593674134242074,0.16531575520833333,0.9518003463745117,3,1.0,1.0,0.47812733306731336,0.45364266676783865,0.502611999366788,0.4130384591191841,0.6046751759591761,0.9594365988124415,0.35546977579573635,0.003782212734222412
410650,62,0,0.014284243726339695,0.00200458037607501,7.125802432119284,1.9637223419351637,0.1555666203195137,0.02520182291666667,0.771553635597229,3,1.0,1.0,0.3949364381429073,0.30774615025664953,0.48212672602916506,0.14043574764776698,0.1675835591118574,0.9195723845337905,0.43627916049401805,0.028788626194000244
410650,62,1,0.016228678269449754,0.002142419856603874,7.574928981287654,2.024843976005532,0.08544939175240918,0.012184244791666667,0.7427650094032288,2,0.6666666666666666,0.0,0.31720590056651604,0.15228507510386705,0.48212672602916506,0.14043574764776698,0.1675835591118574,0.9195723845337905,0.43627916049401805,0.028788626194000244
410650,62,2,0.015095174907659145,0.002168115900228591,6.962346846450999,1.9405166081586465,0.07364160349164271,0.0112890625,0.6627380847930908,2,0.6666666666666666,0.0,0.23001561268025827,0.15228507510386705,0.30774615025664953,0.14043574764776698,0.1675835591118574,0.9195723845337905,0.43627916049401805,0.028788626194000244
410650,1,0,0.0012767494025205618,0.0007202348657339703,1.7726848025425412,0.5724952357274783,0.7052404439052548,0.5744140625,0.9829632043838501,3,1.0,1.0,0.9130790827620793,0.8543947796237659,0.9717633859003927,0.3142048213554652,0.4628109654436096,0.9221393053367272,0.48009967737659553,0.004999876022338867
410650,1,1,0.0012726269446396272,0.0007457745346493117,1.7064499842859466,0.5344151807762306,0.683216124166966,0.5582779947916666,0.9779633283615112,3,1.0,1.0,0.9238628062529246,0.8759622266054565,0.9717633859003927,0.3142048213554652,0.4628109654436096,0.9221393053367272,0.48009967737659553,0.004999876022338867
410650,1,2,0.0013605632284015884,0.0007302720471124837,1.8630909288096167,0.6222368988980129,0.6427330815723818,0.49125325520833335,0.9183981418609619,3,1.0,1.0,0.8651785031146112,0.8543947796237659,0.8759622266054565,0.3142048213554652,0.4628109654436096,0.9221393053367272,0.48009967737659553,0.004999876022338867
152120,1,0,0.0006542356539005625,0.0006601746418680127,0.9910039123259123,-0.009036795274818703,0.43315017576628606,0.4353703161592506,0.9653029441833496,2,0.6666666666666666,1.0,0.7383285793585634,0.4979084066930986,0.9787487520240282,0.12440847428103459,0.16837571911777316,0.8950664256123483,0.5401938203087008,0.022856056690216064
152120,1,1,0.0006485071621645244,0.0006643754524556147,0.9761154762588615,-0.02417438218681095,0.4217683855422819,0.4276749121779859,0.9881590008735657,2,0.6666666666666666,1.0,0.7429343503545414,0.5071199486850545,0.9787487520240282,0.12440847428103459,0.16837571911777316,0.8950664256123483,0.5401938203087008,0.022856056690216064
152120,1,2,0.0008944715281168886,0.0005918783947610371,1.5112420634424024,0.41293187240003826,0.2953848913684855,0.21715822599531617,0.869627833366394,2,0.6666666666666666,1.0,0.5025141776890766,0.4979084066930986,0.5071199486850545,0.12440847428103459,0.16837571911777316,0.8950664256123483,0.5401938203087008,0.022856056690216064
152120,4,0,0.015312697436917327,0.002394090247888556,6.396040184377414,1.8556790777529575,0.7721913079711656,0.34638831967213113,0.8934949636459351,3,1.0,1.0,0.3040710395429968,0.17836309743568105,0.42977898165031253,0.21172202214466096,0.25920804741480696,0.9532701549529485,0.3025262404496303,0.011744797229766846
152120,4,1,0.019953521186765202,0.004559703196556806,4.376057019995678,1.476148095248451,0.43576521184899625,0.15001097775175645,0.9013565182685852,3,1.0,1.0,0.42181208058498476,0.41384517951965705,0.42977898165031253,0.21172202214466096,0.25920804741480696,0.9532701549529485,0.3025262404496303,0.011744797229766846
152120,4,2,0.019421097204234523,0.006033754587964153,3.2187416504734983,1.1689904914503841,0.17639033783488345,0.062386563231850115,0.913101315498352,3,1.0,1.0,0.29610413847766903,0.17836309743568105,0.41384517951965705,0.21172202214466096,0.25920804741480696,0.9532701549529485,0.3025262404496303,0.011744797229766846
505573,18,0,0.009325209763372744,0.0016690968970369546,5.586979266656261,1.7204387595797357,0.791041467062116,0.403904073816156,0.9180386662483215,3,1.0,1.0,0.2742416142734003,0.24438111624905903,0.3041021122977416,0.1266839853668524,0.17472346156101698,0.9268986360764807,0.4856718997536444,0.010083913803100586
505573,18,1,0.01823560100945949,0.0028474963745680035,6.404082254827084,1.85693563939587,0.4763483887699143,0.12437761142061281,0.9200350046157837,3,1.0,1.0,0.5362595941163811,0.3041021122977416,0.7684170759350207,0.1266839853668524,0.17472346156101698,0.9268986360764807,0.4856718997536444,0.010083913803100586
505573,18,2,0.01703719055274643,0.0034015472808099105,5.00865904285805,1.6111682232130198,0.35685096370299035,0.09973015320334262,0.9301189184188843,3,1.0,1.0,0.5063990960920399,0.24438111624905903,0.7684170759350207,0.1266839853668524,0.17472346156101698,0.9268986360764807,0.4856718997536444,0.010083913803100586
505573,32,0,0.005956499708763064,0.0012362350511527273,4.818258225562095,1.5724124989314257,0.7583345607320076,0.39440285515320334,0.9508428573608398,3,1.0,1.0,0.5369193308975946,0.5092104249017297,0.5646282368934593,0.092630194528743,0.10483407693661023,0.880543205506925,0.660799520967514,0.04686683416366577
505573,32,1,0.008266818565064228,0.0015821818649653155,5.224948372177496,1.6534449170000562,0.6050826622613468,0.22674965181058496,0.9039760231971741,3,1.0,1.0,0.7279815208073477,0.5646282368934593,0.8913348047212359,0.092630194528743,0.10483407693661023,0.880543205506925,0.660799520967514,0.04686683416366577
505573,32,2,0.00618672088677847,0.002315231699881753,2.6721821770245566,0.9828954335360441,0.40373973458042867,0.20216747910863508,0.7788734436035156,3,1.0,1.0,0.7002726148114828,0.5092104249017297,0.8913348047212359,0.092630194528743,0.10483407693661023,0.880543205506925,0.660799520967514,0.04686683416366577
109313,1,0,0.004530880609116302,0.0009856713068366126,4.596745967031184,1.5253486549199171,0.5020076085958558,0.17985677083333335,0.8996511101722717,3,1.0,1.0,0.1195765086158013,0.06279275857703506,0.17636025865456753,0.2439974953305287,0.36526556936813853,0.9346650081090151,0.4009153099459776,0.05413401126861572
109313,1,1,0.008920111233270316,0.0013624486775773174,6.547117240837861,1.8790248369772198,0.18966129402677473,0.034514973958333334,0.845517098903656,1,0.3333333333333333,1.0,0.14714108600741366,0.11792191336025976,0.17636025865456753,0.2439974953305287,0.36526556936813853,0.9346650081090151,0.4009153099459776,0.05413401126861572
109313,1,2,0.009687327138766478,0.0015300179118344812,6.331512237539707,1.845539107812493,0.06824357877916984,0.011435546875,0.7426512241363525,2,0.6666666666666666,0.0,0.09035733596864741,0.06279275857703506,0.11792191336025976,0.2439974953305287,0.36526556936813853,0.9346650081090151,0.4009153099459776,0.05413401126861572
109313,63,0,0.008705267143264578,0.0027933866610907526,3.1163845884296553,1.1366735442652018,0.2937907247501209,0.11777018229166666,0.8528728485107422,2,0.6666666666666666,1.0,0.5572751298558442,0.509350150808884,0.6052001089028043,0.40532232385046485,0.5845260576840858,0.9495188049741112,0.3688486242238804,0.015606701374053955
109313,63,1,0.0123410681623328,0.0027806932477100936,4.438126416158117,1.4902323091244818,0.26224419870003907,0.07415364583333334,0.9186604619026184,2,0.6666666666666666,1.0,0.7056922567239323,0.6052001089028043,0.8061844045450602,0.40532232385046485,0.5845260576840858,0.9495188049741112,0.3688486242238804,0.015606701374053955
109313,63,2,0.01288580245765818,0.0028747936284886197,4.482339993201655,1.5001452300540183,0.22678469265835285,0.061416015625,0.9030537605285645,2,0.6666666666666666,1.0,0.6577672776769721,0.509350150808884,0.8061844045450602,0.40532232385046485,0.5845260576840858,0.9495188049741112,0.3688486242238804,0.015606701374053955
413395,63,0,0.005606189649218876,0.003009303532413356,1.8629525360175134,0.6221626142953454,0.34424589030329716,0.21984115201900237,0.8974263072013855,3,1.0,1.0,0.3899027350763704,0.3354602799994173,0.44434519015332347,0.21646296110504679,0.3178305769476281,0.9446723712960972,0.3886150278491872,0.0041127800941467285
413395,63,1,0.008901416745115975,0.0026689263007325724,3.3352051494780843,1.204534191674397,0.36353077392550676,0.14621437054631828,0.8876208662986755,2,0.6666666666666666,1.0,0.5507993946336939,0.44434519015332347,0.6572535991140642,0.21646296110504679,0.3178305769476281,0.9446723712960972,0.3886150278491872,0.0041127800941467285
413395,63,2,0.010604539732630302,0.0026188665391669187,4.049286044165656,1.3985405802814552,0.3565734749252487,0.12038301662707838,0.9015390872955322,3,1.0,1.0,0.49635693955674076,0.3354602799994173,0.6572535991140642,0.21646296110504679,0.3178305769476281,0.9446723712960972,0.3886150278491872,0.0041127800941467285
413395,17,0,0.017309710350137987,0.0011644657055414392,14.864937844798606,2.69900527518719,0.8161880850635858,0.23000668052256532,0.842599630355835,3,1.0,1.0,0.5413192361454394,0.48536644360235426,0.5972720286885246,0.18011679520493418,0.26723059383875997,0.8888347181436516,0.6390095998027399,0.03734087944030762
413395,17,1,0.025340917075723113,0.00153885349102883,16.46740070252793,2.8013827116482957,0.7287869173580261,0.1402872624703088,0.9161142110824585,3,1.0,1.0,0.6950971955338965,0.5972720286885246,0.7929223623792685,0.18011679520493418,0.26723059383875997,0.8888347181436516,0.6390095998027399,0.03734087944030762
413395,17,2,0.027833364431468038,0.0019865172937816346,14.01113622548531,2.639852458130259,0.6383159569014647,0.11186906175771971,0.8787733316421509,3,1.0,1.0,0.6391444029908113,0.48536644360235426,0.7929223623792685,0.18011679520493418,0.26723059383875997,0.8888347181436516,0.6390095998027399,0.03734087944030762
451879,40,0,0.012268452694061682,0.007284881831500507,1.6840976938469547,0.5212299271922085,0.16073473083738074,0.10210958904109589,0.8586125373840332,1,0.3333333333333333,0.0,0.1820918891261694,0.0009737922858715441,0.36320998596646725,0.3798156952436044,0.47402915029598824,0.9593139017092718,0.37067911006998483,0.00822383165359497
451879,40,1,0.021928737679218775,0.006787740075798325,3.2306389801481954,1.1726799443863196,0.18694582239836435,0.06644292237442923,0.8623693585395813,2,0.6666666666666666,0.0,0.18234075348050624,0.001471520994545224,0.36320998596646725,0.3798156952436044,0.47402915029598824,0.9593139017092718,0.37067911006998483,0.00822383165359497
451879,40,2,0.010956506856864619,0.007387615643403292,1.4830910789416942,0.39412847669614587,0.15997948634953213,0.11379908675799087,0.8705931901931763,0,0.0,0.0,0.001222656640208384,0.0009737922858715441,0.001471520994545224,0.3798156952436044,0.47402915029598824,0.9593139017092718,0.37067911006998483,0.00822383165359497
451879,1,0,0.0024508534246198556,0.00037656816639668926,6.508392468655074,1.8730924935173519,0.5937017172387237,0.18335159817351598,0.9263944029808044,3,1.0,1.0,0.22341457658867087,0.21118701753520605,0.23564213564213565,0.2150188393524952,0.2956204065140961,0.8864048968074684,0.6002225199353163,0.02353876829147339
451879,1,1,0.004979977824898062,0.0005287617799597265,9.41818793305972,2.2426427064907033,0.3372074947790029,0.05125114155251142,0.9010846018791199,3,1.0,1.0,0.5152683683636277,0.23564213564213565,0.7948946010851197,0.2150188393524952,0.2956204065140961,0.8864048968074684,0.6002225199353163,0.02353876829147339
451879,1,2,0.005509154390126435,0.0005542614498942871,9.93963116366392,2.296529913890309,0.2976604815432329,0.04089497716894977,0.902855634689331,3,1.0,1.0,0.5030408093101628,0.21118701753520605,0.7948946010851197,0.2150188393524952,0.2956204065140961,0.8864048968074684,0.6002225199353163,0.02353876829147339
258883,1,0,0.0012682829356654899,0.0004712807490525166,2.691140971754438,0.9899652575432947,0.4973225348944433,0.2688086854460094,0.9344494342803955,2,0.6666666666666666,1.0,0.5247845088026228,0.3154506165798512,0.7341184010253945,0.17141714882263004,0.21882873127501004,0.949565229655257,0.35157492443638694,0.013182640075683594
258883,1,1,0.001580540921894239,0.00045106850735717,3.5039930578410448,1.2539031924951296,0.47859180121560974,0.20757775821596244,0.9212667942047119,3,1.0,1.0,0.5843484583444988,0.4345785156636031,0.7341184010253945,0.17141714882263004,0.21882873127501004,0.949565229655257,0.35157492443638694,0.013182640075683594
258883,1,2,0.0014313434095481296,0.0005915606953389804,2.4196053226766963,0.8836044377636332,0.23361675722306158,0.111887470657277,0.9051775932312012,3,1.0,1.0,0.3750145661217271,0.3154506165798512,0.4345785156636031,0.17141714882263004,0.21882873127501004,0.949565229655257,0.35157492443638694,0.013182640075683594
258883,59,0,0.008153826585082149,0.0024169834532907007,3.3735549867365595,1.2159670806858072,0.27576151186337655,0.10141945422535212,0.8294756412506104,3,1.0,1.0,0.5535369909136296,0.440946050210695,0.6661279316165644,0.47004989953605875,0.5419171985150221,0.9534736054780275,0.33615309746204114,0.008146345615386963
258883,59,1,0.010676670412906005,0.0024321514735069828,4.389804880499992,1.4792847798376187,0.2447054185306679,0.06873166079812207,0.905913770198822,3,1.0,1.0,0.5240804895480855,0.38203304747960676,0.6661279316165644,0.47004989953605875,0.5419171985150221,0.9534736054780275,0.33615309746204114,0.008146345615386963
258883,59,2,0.009194015036404317,0.00248431177270958,3.7008297966868278,1.3085570639891466,0.23509180708358907,0.07667987089201878,0.914060115814209,3,1.0,1.0,0.4114895488451509,0.38203304747960676,0.440946050210695,0.47004989953605875,0.5419171985150221,0.9534736054780275,0.33615309746204114,0.008146345615386963
166426,67,0,0.015584277201058684,0.008503936184500013,1.8325957369754606,0.6057333973938384,0.1178988306961227,0.06797540459965928,0.8676435947418213,3,1.0,1.0,0.4875482481760687,0.474036517877854,0.5010599784742833,0.41154136805616287,0.4476632350542176,0.9805430373794294,0.22235852956604585,0.00011754035949707031
166426,67,1,0.016479212316855528,0.008552983284010114,1.9267209776659864,0.6558195827795466,0.10001560664162708,0.0545331132879046,0.8677611351013184,3,1.0,1.0,0.7023959671254243,0.5010599784742833,0.9037319557765654,0.41154136805616287,0.4476632350542176,0.9805430373794294,0.22235852956604585,0.00011754035949707031
166426,67,2,0.01676053434304496,0.008572304627255068,1.9551958393779858,0.670490362074831,0.09406659563294621,0.05042855621805792,0.8424421548843384,3,1.0,1.0,0.6888842368272097,0.474036517877854,0.9037319557765654,0.41154136805616287,0.4476632350542176,0.9805430373794294,0.22235852956604585,0.00011754035949707031
166426,47,0,0.0041240210378447805,0.0022255208900750375,1.8530587847470947,0.6168376711369987,0.22366280999117646,0.13455334327086882,0.8166677355766296,3,1.0,1.0,0.2765483933188876,0.09107602997363978,0.4620207566641354,0.21551486701418376,0.30157133431059824,0.9326512759722811,0.46155898655597555,0.02181565761566162
166426,47,1,0.009552414094457999,0.002017093291478083,4.73573241757324,1.5551363964224114,0.23702424804044903,0.06156037052810903,0.794852077960968,3,1.0,1.0,0.10251793879545334,0.09107602997363978,0.11395984761726692,0.21551486701418376,0.30157133431059824,0.9326512759722811,0.46155898655597555,0.02181565761566162
166426,47,2,0.005557706469619116,0.0022659851400406335,2.4526667756818514,0.8971759126420179,0.14630518077014631,0.06531090289608177,0.761734127998352,3,1.0,1.0,0.28799030214070115,0.11395984761726692,0.4620207566641354,0.21551486701418376,0.30157133431059824,0.9326512759722811,0.46155898655597555,0.02181565761566162
199681,88,0,0.020868175460194895,0.0010000864163501571,20.86637224359821,3.0381388796546047,0.8621803473028783,0.230654296875,0.7443925142288208,3,1.0,1.0,0.3406226625456906,0.25534527287353403,0.4259000522178472,0.11733065317996001,0.13390967307535157,0.8853159725295309,0.6225596776256211,0.041435062885284424
199681,88,1,0.03833656488308017,0.002014637384182056,19.029014930950375,2.945964915987529,0.6745816582337285,0.09823567708333333,0.8889772295951843,3,1.0,1.0,0.5126948818032806,0.4259000522178472,0.599489711388714,0.11733065317996001,0.13390967307535157,0.8853159725295309,0.6225596776256211,0.041435062885284424
199681,88,2,0.0463213170180213,0.0030332304083796496,15.271282021564213,2.725974072608381,0.4886775195256382,0.058896484375,0.9304122924804688,3,1.0,1.0,0.427417492131124,0.25534527287353403,0.599489711388714,0.11733065317996001,0.13390967307535157,0.8853159725295309,0.6225596776256211,0.041435062885284424
199681,78,0,0.013096842930416063,0.005950883329428666,2.200823340536344,0.7888315361265086,0.5181338593367527,0.3282161458333333,0.7569573521614075,3,1.0,1.0,0.5139608724524736,0.3513500114029608,0.6765717335019863,0.1588882269133511,0.17181208053691274,0.9665441101848125,0.2936739108598587,0.10066163539886475
199681,78,1,0.015931859828150787,0.006091473008727631,2.6154363325108374,0.9614309412172051,0.4302736571581287,0.22405924479166667,0.8217988014221191,3,1.0,1.0,0.5947524782900684,0.5129332230781506,0.6765717335019863,0.1588882269133511,0.17181208053691274,0.9665441101848125,0.2936739108598587,0.10066163539886475
199681,78,2,0.023436657644928513,0.006320790612205699,3.707868062574881,1.3104570652833691,0.32605575148089216,0.115419921875,0.9224604368209839,3,1.0,1.0,0.43214161724055566,0.3513500114029608,0.5129332230781506,0.1588882269133511,0.17181208053691274,0.9665441101848125,0.2936739108598587,0.10066163539886475
415727,39,0,0.006293348631520058,0.001899768974994943,3.312691548836415,1.1977610158631997,0.394188753856963,0.16417317708333334,0.7469195127487183,3,1.0,1.0,0.22588326124043367,0.20236637300991586,0.2494001494709515,0.16547281546466047,0.22171217904992474,0.9410141213517741,0.42796465221344626,0.0990031361579895
415727,39,1,0.009887025709892595,0.002365537274463074,4.1796110390850325,1.430218189457652,0.12815642135810693,0.033974609375,0.8459226489067078,1,0.3333333333333333,1.0,0.22166733818472167,0.20236637300991586,0.24096830335952746,0.16547281546466047,0.22171217904992474,0.9410141213517741,0.42796465221344626,0.0990031361579895
415727,39,2,0.010408913334989426,0.002274379471486968,4.576594829888955,1.5209552347748836,0.16925580986904937,0.04262044270833333,0.7224884033203125,3,1.0,1.0,0.24518422641523946,0.24096830335952746,0.2494001494709515,0.16547281546466047,0.22171217904992474,0.9410141213517741,0.42796465221344626,0.0990031361579895
415727,1,0,0.0016204380139096656,0.00024366951248722146,6.650146711909633,1.894638916982817,0.6287733414314814,0.20299479166666667,0.7779936790466309,3,1.0,1.0,0.1110579928591869,0.07831981794288279,0.143796167775491,0.11918819777213023,0.16914872649998788,0.9057210942010422,0.5038233015674148,0.12775582075119019
415727,1,1,0.0033993246788531885,0.0004330376545373121,7.84995169677638,2.0605073787926673,0.1973890097877863,0.030377604166666666,0.9141753315925598,3,1.0,1.0,0.3283178631746725,0.143796167775491,0.512839558573854,0.11918819777213023,0.16914872649998788,0.9057210942010422,0.5038233015674148,0.12775582075119019
415727,1,2,0.004453202828659728,0.0004591135027826611,9.699568389885178,2.2720813888557974,0.13646909205073188,0.016031901041666668,0.7864195108413696,3,1.0,1.0,0.2955796882583684,0.07831981794288279,0.512839558573854,0.11918819777213023,0.16914872649998788,0.9057210942010422,0.5038233015674148,0.12775582075119019
430056,76,0,0.01591309951950191,0.006319171409235444,2.5182256480219465,0.9235545456579677,0.17583864187353182,0.07810666666666667,0.791119396686554,3,1.0,1.0,0.37097674856939994,0.21922003675219492,0.522733460386605,0.1449664429530201,0.21744966442953018,0.9759621924275397,0.27537219712286376,0.059526801109313965
430056,76,1,0.019500137851176387,0.006534185618699461,2.9843256659845685,1.0933738138320364,0.11368908197509243,0.041210666666666666,0.9108889102935791,3,1.0,1.0,0.472069935984409,0.42140641158221304,0.522733460386605,0.1449664429530201,0.21744966442953018,0.9759621924275397,0.27537219712286376,0.059526801109313965
430056,76,2,0.026843749590129178,0.006717628949505598,3.9960155268934283,1.3852977464249767,0.06621071310105744,0.017434666666666668,0.8513621091842651,3,1.0,1.0,0.320313224167204,0.21922003675219492,0.42140641158221304,0.1449664429530201,0.21744966442953018,0.9759621924275397,0.27537219712286376,0.059526801109313965
430056,54,0,0.03260120569927144,0.0035698650125543393,9.132335697705281,2.2118214886122844,0.744218370554185,0.24162133333333333,0.9128058552742004,3,1.0,1.0,0.6574167348044326,0.45791134352728313,0.8569221260815822,0.11525718342798803,0.1315436241610738,0.9457259505545274,0.33722210316716567,0.0010140538215637207
430056,54,1,0.03373021433349603,0.004540760351026966,7.428318545469831,2.005299527020336,0.6598225921579473,0.20705066666666666,0.9117918014526367,3,1.0,1.0,0.6914632908966719,0.5260044557117616,0.8569221260815822,0.11525718342798803,0.1315436241610738,0.9457259505545274,0.33722210316716567,0.0010140538215637207
430056,54,2,0.03556630065064693,0.007472401390337873,4.759688189646229,1.560182159748966,0.3722248532634052,0.11077333333333333,0.8535171747207642,3,1.0,1.0,0.49195789961952235,0.45791134352728313,0.5260044557117616,0.11525718342798803,0.1315436241610738,0.9457259505545274,0.33722210316716567,0.0010140538215637207
353051,19,0,0.015856197653021282,0.0025188572049802114,6.2949966418802425,1.8397551341009732,0.6120710786498967,0.20041079812206572,0.9930195808410645,3,1.0,1.0,0.9293120461846403,0.8825316085118841,0.9760924838573963,0.1962549866205389,0.2855424999176664,0.9274689148861677,0.4443409537692143,0.009278833866119385
353051,19,1,0.016128233515816125,0.0025285907566457784,6.378348677835148,1.8529092359914476,0.6083408431672362,0.19582966549295774,0.9837407469749451,3,1.0,1.0,0.9396857243353947,0.903278964813393,0.9760924838573963,0.1962549866205389,0.2855424999176664,0.9274689148861677,0.4443409537692143,0.009278833866119385
353051,19,2,0.017545250571098167,0.0025357422720463413,6.919177377604701,1.934296886551569,0.5980162768715394,0.17695862676056337,0.9275703430175781,3,1.0,1.0,0.8929052866626386,0.8825316085118841,0.903278964813393,0.1962549866205389,0.2855424999176664,0.9274689148861677,0.4443409537692143,0.009278833866119385
353051,1,0,0.008178852908805944,0.0007903832827882569,10.347957853568488,2.3367891915317336,0.40741879064428876,0.06230193661971831,0.8560082316398621,2,0.6666666666666666,1.0,0.3628908863966752,0.17336550344259402,0.5524162693507564,0.07963053491824905,0.07986725044054718,0.8880831509334376,0.6197621791978717,0.05062299966812134
353051,1,1,0.011055625106396537,0.0009010394404907697,12.269857008817512,2.5071456050222625,0.30437846475311164,0.03443368544600939,0.8678517937660217,2,0.6666666666666666,1.0,0.4300705909644531,0.3077249125781498,0.5524162693507564,0.07963053491824905,0.07986725044054718,0.8880831509334376,0.6197621791978717,0.05062299966812134
353051,1,2,0.02386903020730072,0.0010030346182232283,23.796815932221175,3.1695517874089436,0.2067072736152739,0.010831132629107981,0.9184747934341431,2,0.6666666666666666,1.0,0.24054520801037194,0.17336550344259402,0.3077249125781498,0.07963053491824905,0.07986725044054718,0.8880831509334376,0.6197621791978717,0.05062299966812134
431140,70,0,0.011868228432406073,0.0031680550299897576,3.7462191522279915,1.32074710539225,0.6765707977221308,0.35831380208333335,0.9580479860305786,3,1.0,1.0,0.3646698283648554,0.2867046568182643,0.44263499991144645,0.28188031728689467,0.34685691761018683,0.9477397655003573,0.38159664401830196,0.007827281951904297
431140,70,1,0.011648569890267982,0.0051714042727060835,2.252496473635785,0.8120391450514752,0.3187523271623733,0.17199544270833333,0.9502207040786743,2,0.6666666666666666,1.0,0.5215275760373311,0.44263499991144645,0.6004201521632159,0.28188031728689467,0.34685691761018683,0.9477397655003573,0.38159664401830196,0.007827281951904297
431140,70,2,0.013370418507312706,0.005469479859251414,2.44455027697974,0.8938611702877569,0.2196862747562323,0.10327473958333333,0.8433569669723511,2,0.6666666666666666,1.0,0.4435624044907401,0.2867046568182643,0.6004201521632159,0.28188031728689467,0.34685691761018683,0.9477397655003573,0.38159664401830196,0.007827281951904297
431140,81,0,0.012837410551059957,0.004222884587013597,3.0399624435624335,1.1118451613284106,0.5727644799651231,0.3060384114583333,0.97355055809021,3,1.0,1.0,0.8648504880612895,0.8592920541894934,0.8704089219330855,0.16098296421731614,0.24000758384480267,0.9513207414919171,0.3650909886712359,0.0008674263954162598
431140,81,1,0.013677075192806731,0.004373282056868671,3.1274166659792995,1.1402073175068768,0.53278653771494,0.26720052083333334,0.9825602173805237,3,1.0,1.0,0.9284727904653802,0.8704089219330855,0.986536658997675,0.16098296421731614,0.24000758384480267,0.9513207414919171,0.3650909886712359,0.0008674263954162598
431140,81,2,0.013714259270223603,0.0044001055444292565,3.116802342268745,1.1368075860366424,0.5278828399978938,0.2640234375,0.9834276437759399,3,1.0,1.0,0.9229143565935842,0.8592920541894934,0.986536658997675,0.16098296421731614,0.24000758384480267,0.9513207414919171,0.3650909886712359,0.0008674263954162598
68093,1,0,0.0019002523378513667,0.00022677762828529751,8.379364154392649,2.1257720355773424,0.49693725869822447,0.10545572916666666,0.8456738591194153,3,1.0,1.0,0.30529645464823185,0.0842626256454126,0.5263302836510511,0.12734184315549252,0.15405616117935314,0.8837821840146673,0.6036925198251971,0.009875178337097168
68093,1,1,0.002366168360216582,0.0002847813849299607,8.308718466587274,2.117305381583694,0.3339911898369671,0.05692057291666667,0.8555490374565125,2,0.6666666666666666,1.0,0.29530726015403197,0.06428423665701283,0.5263302836510511,0.12734184315549252,0.15405616117935314,0.8837821840146673,0.6036925198251971,0.009875178337097168
68093,1,2,0.0039305834459091625,0.0003673795062334926,10.69897304699424,2.3701477601997705,0.0981376908292646,0.010068359375,0.8017464876174927,2,0.6666666666666666,1.0,0.07427343115121271,0.06428423665701283,0.0842626256454126,0.12734184315549252,0.15405616117935314,0.8837821840146673,0.6036925198251971,0.009875178337097168
68093,3,0,0.005738504665805433,0.0017609320287856661,3.2587882829889248,1.1813554341234744,0.20543920256448847,0.07350911458333333,0.8848475217819214,2,0.6666666666666666,1.0,0.32992238388027045,0.18886019918849134,0.47098456857204957,0.3648398951376926,0.5440476232460545,0.9208804947448695,0.5002904167699764,0.025417625904083252
68093,3,1,0.00934328473951983,0.0017760005843530918,5.260856790574911,1.6602939015338452,0.16675659055086273,0.036647135416666664,0.9102651476860046,2,0.6666666666666666,1.0,0.3035295473762914,0.13607452618053326,0.47098456857204957,0.3648398951376926,0.5440476232460545,0.9208804947448695,0.5002904167699764,0.025417625904083252
68093,3,2,0.008001567759290121,0.00192625647636505,4.153947230451661,1.4240590221885456,0.08150240003550364,0.020914713541666668,0.6794776916503906,1,0.3333333333333333,0.0,0.16246736268451228,0.13607452618053326,0.18886019918849134,0.3648398951376926,0.5440476232460545,0.9208804947448695,0.5002904167699764,0.025417625904083252
142585,4,0,0.010112767848954898,0.004710386789017674,2.1469081626982383,0.7640287433709482,0.21314541839761697,0.11203733333333334,0.8315432071685791,3,1.0,1.0,0.12530285631750737,0.0752563448243864,0.17534936781062838,0.40938370154684584,0.5859483292349273,0.9324981163089394,0.41927841755346984,0.03614586591720581
142585,4,1,0.027530068306202915,0.00486600004226706,5.657638319238293,1.7330065470899305,0.10275244332102322,0.01984,0.8676890730857849,2,0.6666666666666666,1.0,0.23842623120858564,0.17534936781062838,0.3015030946065429,0.40938370154684584,0.5859483292349273,0.9324981163089394,0.41927841755346984,0.03614586591720581
142585,4,2,0.04598520767827333,0.004839905745475248,9.501260992894936,2.251424525913789,0.1000274871703779,0.011562666666666667,0.7661004066467285,2,0.6666666666666666,1.0,0.18837971971546463,0.0752563448243864,0.3015030946065429,0.40938370154684584,0.5859483292349273,0.9324981163089394,0.41927841755346984,0.03614586591720581
142585,8,0,0.01672829950976047,0.004557689859746006,3.6703461667798445,1.3002859810513427,0.3844485031463588,0.14541866666666667,0.9126812219619751,3,1.0,1.0,0.49589232010562606,0.21730360155505024,0.7744810386562019,0.1589708337588165,0.16912751677852353,0.9554426634141848,0.30639030948955326,0.009084522724151611
142585,8,1,0.019005016051051028,0.004718521528459193,4.027748084309209,1.393207431818401,0.33827149978715254,0.112624,0.9035966992378235,3,1.0,1.0,0.52753033322212,0.2805796277880381,0.7744810386562019,0.1589708337588165,0.16912751677852353,0.9554426634141848,0.30639030948955326,0.009084522724151611
142585,8,2,0.019431583808070904,0.005899923212759743,3.293531645081881,1.1919604374481916,0.09704239425308271,0.0316,0.8149192333221436,2,0.6666666666666666,1.0,0.24894161467154416,0.21730360155505024,0.2805796277880381,0.1589708337588165,0.16912751677852353,0.9554426634141848,0.30639030948955326,0.009084522724151611
12670,88,0,0.05196000761759366,0.001213147160317062,42.83075398798518,3.7572563956938887,0.560041238464923,0.028862441588785048,0.8574304580688477,2,0.6666666666666666,1.0,0.5488819315660786,0.468544719555331,0.6292191435768262,0.0814000192237558,0.0834841379402193,0.8292682168382969,0.7986693179286939,0.01641637086868286
12670,88,1,0.06611862706731464,0.0014910679265896308,44.343135442660866,3.7919579153401144,0.4534044761547715,0.01836302570093458,0.9091183543205261,1,0.3333333333333333,0.0,0.6706761079919357,0.6292191435768262,0.712133072407045,0.0814000192237558,0.0834841379402193,0.8292682168382969,0.7986693179286939,0.01641637086868286
12670,88,2,0.07940208596062455,0.0016218059564609894,48.95905431555579,3.89098432257987,0.4025798942722095,0.013576956775700935,0.8927019834518433,2,0.6666666666666666,1.0,0.590338895981188,0.468544719555331,0.712133072407045,0.0814000192237558,0.0834841379402193,0.8292682168382969,0.7986693179286939,0.01641637086868286
12670,31,0,0.002652750936039404,0.0009101362658767857,2.914674464234413,1.069758137865797,0.23390352967927217,0.09481965537383177,0.9271266460418701,3,1.0,1.0,0.6075358073869255,0.4688324413959448,0.7462391733779061,0.3002862488155144,0.378790158841516,0.9271201610590277,0.46808211967457974,0.01165097951889038
12670,31,1,0.0030118174835070625,0.0009228873336393782,3.2634725501828905,1.1827918282308745,0.20444111553885647,0.07299576518691589,0.9154756665229797,3,1.0,1.0,0.6863096497804357,0.6263801261829653,0.7462391733779061,0.3002862488155144,0.378790158841516,0.9271201610590277,0.46808211967457974,0.01165097951889038
12670,31,2,0.003422382348041431,0.0009584241234644323,3.5708432839729065,1.272801782187621,0.15105095279571587,0.04746276285046729,0.8679609298706055,3,1.0,1.0,0.5476062837894551,0.4688324413959448,0.6263801261829653,0.3002862488155144,0.378790158841516,0.9271201610590277,0.46808211967457974,0.01165097951889038
22479,1,0,0.005138736756624579,0.0011331373555626822,4.534963680142618,1.5118170749407913,0.5203029688774012,0.19301136363636365,0.9608821868896484,2,0.6666666666666666,1.0,0.546928117137941,0.26809966848465405,0.8257565657912278,0.19868543874893785,0.25023963280465267,0.9229280117490869,0.44425581369965855,0.09672904014587402
22479,1,1,0.004755511422738953,0.0013607942269025662,3.494658725932993,1.2512357247572352,0.40084919974792005,0.16068181818181818,0.8641531467437744,2,0.6666666666666666,1.0,0.5332151719452132,0.24067377809919846,0.8257565657912278,0.19868543874893785,0.25023963280465267,0.9229280117490869,0.44425581369965855,0.09672904014587402
22479,1,2,0.009248224871596405,0.0015036327758945016,6.150587439771727,1.8165475960270079,0.252222520755226,0.05198863636363636,0.5862077474594116,2,0.6666666666666666,1.0,0.25438672329192624,0.24067377809919846,0.26809966848465405,0.19868543874893785,0.25023963280465267,0.9229280117490869,0.44425581369965855,0.09672904014587402
22479,41,0,0.05650002908618824,0.010988286082117504,5.141841835825094,1.6374113491166546,0.22832788015158428,0.054413739669421486,0.8290604948997498,2,0.6666666666666666,1.0,0.4095351486342643,0.14133960047003524,0.6777306967984934,0.12727137327135546,0.18533698067021442,0.9365558204087278,0.3903009888337024,0.047673583030700684
22479,41,1,0.060475779697682634,0.011627122262789275,5.2012680632097865,1.648902454184887,0.16896164610884729,0.03761880165289256,0.8767340779304504,2,0.6666666666666666,1.0,0.43627798280784885,0.1948252688172043,0.6777306967984934,0.12727137327135546,0.18533698067021442,0.9365558204087278,0.3903009888337024,0.047673583030700684
22479,41,2,0.07496589693767498,0.012950141170112306,5.788809245176441,1.7559266133108575,0.04619987676803708,0.008298037190082645,0.6174150705337524,2,0.6666666666666666,1.0,0.16808243464361977,0.14133960047003524,0.1948252688172043,0.12727137327135546,0.18533698067021442,0.9365558204087278,0.3903009888337024,0.047673583030700684
232563,28,0,0.014130189735088939,0.0034842999532438694,4.055388434017686,1.4000464744234882,0.5187469452054192,0.20998372395833334,0.7620161175727844,3,1.0,1.0,0.3797164456874978,0.12789119842102017,0.6315416929539754,0.15478556249204664,0.1834449347342332,0.9185792908344204,0.5179691504029369,0.07761770486831665
232563,28,1,0.015342025114349827,0.004215929775878933,3.6390608777425077,1.291725647805754,0.36254478919185207,0.13516276041666667,0.8587518334388733,3,1.0,1.0,0.41095582950933307,0.19036996606469067,0.6315416929539754,0.15478556249204664,0.1834449347342332,0.9185792908344204,0.5179691504029369,0.07761770486831665
232563,28,2,0.0413100250202683,0.0046899429317422536,8.808214857342398,2.1756847925783154,0.20310454688435178,0.028121744791666667,0.9363695383071899,3,1.0,1.0,0.15913058224285542,0.12789119842102017,0.19036996606469067,0.15478556249204664,0.1834449347342332,0.9185792908344204,0.5179691504029369,0.07761770486831665
232563,1,0,0.0030653603799165635,0.0009636472181358602,3.1809985221203574,1.1571951484971985,0.654118495924742,0.3728515625,0.8347086906433105,3,1.0,1.0,0.09630044353284722,0.08025262129485859,0.11234826577083586,0.22988196309749043,0.3057111047062115,0.9352019203248609,0.395810632690589,0.040776193141937256
232563,1,1,0.00795865840304796,0.0014521516465380497,5.480597303002698,1.7012140920441459,0.20660145781265157,0.045358072916666665,0.9105766415596008,3,1.0,1.0,0.3885639573211041,0.11234826577083586,0.6647796488713723,0.22988196309749043,0.3057111047062115,0.9352019203248609,0.395810632690589,0.040776193141937256
232563,1,2,0.008890580925283675,0.0015243201775027035,5.832489165115324,1.7634438673500175,0.15400591172873232,0.030266927083333332,0.8698004484176636,2,0.6666666666666666,0.0,0.37251613508311543,0.08025262129485859,0.6647796488713723,0.22988196309749043,0.3057111047062115,0.9352019203248609,0.395810632690589,0.040776193141937256
203629,1,0,0.001574928783846236,0.00029997745359354125,5.250157169245297,1.658258013789483,0.6509246374046711,0.26208650468384076,0.9610756039619446,3,1.0,1.0,0.7279055487017083,0.6378623437285341,0.8179487536748826,0.22409077970766977,0.2806052111718515,0.9394594002122195,0.3720787167451401,0.0507548451423645
203629,1,1,0.0015407750725784503,0.00038528003608814267,3.999104350755548,1.3860704243856974,0.5232691496821972,0.21535787470725995,0.9103207588195801,3,1.0,1.0,0.7526639434607809,0.6873791332466791,0.8179487536748826,0.22409077970766977,0.2806052111718515,0.9394594002122195,0.3720787167451401,0.0507548451423645
203629,1,2,0.0019646116051026726,0.00035352268038203933,5.557243448772066,1.7151022032357184,0.5396020203332254,0.17416935011709603,0.8261382579803467,3,1.0,1.0,0.6626207384876066,0.6378623437285341,0.6873791332466791,0.22409077970766977,0.2806052111718515,0.9394594002122195,0.3720787167451401,0.0507548451423645
203629,47,0,0.0017126685867534977,0.0005713337212574146,2.9976675978209704,1.0978345194744707,0.5019477228839366,0.25161007025761123,0.9371875524520874,2,0.6666666666666666,0.0,0.563129235929178,0.48468509482010497,0.641573377038251,0.2790771304035345,0.39115503070355045,0.9108845485453799,0.5196964662701081,0.05430418252944946
203629,47,1,0.001973471009208198,0.0006123010619235011,3.223040312531283,1.1703251110282555,0.41578675399282294,0.18087675644028103,0.8828833699226379,2,0.6666666666666666,0.0,0.6770807469279876,0.641573377038251,0.712588116817724,0.2790771304035345,0.39115503070355045,0.9108845485453799,0.5196964662701081,0.05430418252944946
203629,47,2,0.002673502906614715,0.0005866524790527309,4.557217428577834,1.516712224613413,0.40567658983434046,0.13026932084309134,0.8827353715896606,2,0.6666666666666666,0.0,0.5986366058189145,0.48468509482010497,0.712588116817724,0.2790771304035345,0.39115503070355045,0.9108845485453799,0.5196964662701081,0.05430418252944946
570782,44,0,0.01900921423358119,0.0007303480063849788,26.02761155143552,3.2591579573168494,0.32721898684862855,0.01834382318501171,0.7687177062034607,3,1.0,1.0,0.6604914110518709,0.3826225587883619,0.93836026331538,0.10574022253920297,0.15857145891307636,0.8695128730241917,0.6620702752904359,0.11375802755355835
570782,44,1,0.01963927738357028,0.0007403427661798039,26.52727662672035,3.278173510338905,0.31722648785900553,0.01721311475409836,0.9423151612281799,3,1.0,1.0,0.6679994443289952,0.3976386253426102,0.93836026331538,0.10574022253920297,0.15857145891307636,0.8695128730241917,0.6620702752904359,0.11375802755355835
570782,44,2,0.0218031086980716,0.0009185401976673869,23.736695170993528,3.1670221702274164,0.14412050644913293,0.00704405737704918,0.8285571336746216,2,0.6666666666666666,1.0,0.39013059206548606,0.3826225587883619,0.3976386253426102,0.10574022253920297,0.15857145891307636,0.8695128730241917,0.6620702752904359,0.11375802755355835
570782,73,0,0.009259595062700854,0.0023623948510172327,3.9195797666059717,1.3659844457673438,0.2847788011078761,0.09221677400468384,0.7285647392272949,3,1.0,1.0,0.5366570650200709,0.5082480200888545,0.5650661099512874,0.2640859349733164,0.38376465864044423,0.9545708953840055,0.3484502806362927,0.07309204339981079
570782,73,1,0.009056111126780534,0.0026396426857944986,3.4308094698142644,1.2327962304757503,0.16888512790775673,0.05591700819672131,0.8016567826271057,3,1.0,1.0,0.5891195827841967,0.5650661099512874,0.6131730556171061,0.2640859349733164,0.38376465864044423,0.9545708953840055,0.3484502806362927,0.07309204339981079
570782,73,2,0.00913945804699997,0.0026708352915901503,3.421947460540186,1.23020982202502,0.1543669850719462,0.0506440281030445,0.7253085374832153,3,1.0,1.0,0.5607105378529803,0.5082480200888545,0.6131730556171061,0.2640859349733164,0.38376465864044423,0.9545708953840055,0.3484502806362927,0.07309204339981079
514797,1,0,0.0005400794607834254,0.0008455665648033558,0.638719034816977,-0.44829061456936964,0.42051621605553546,0.5318657460136674,1.0074710845947266,3,1.0,1.0,0.9674746536241967,0.9476688549383335,0.9872804523100599,0.15048378494590497,0.20224143560744337,0.9179724126257122,0.4275361040032297,0.009208500385284424
514797,1,1,0.0005307592460555837,0.0008516253908732814,0.6232308842836366,-0.47283822618979354,0.4081237555058778,0.5252562642369021,0.9982625842094421,2,0.6666666666666666,1.0,0.9734237982321687,0.9595671441542777,0.9872804523100599,0.15048378494590497,0.20224143560744337,0.9179724126257122,0.4275361040032297,0.009208500385284424
514797,1,2,0.0005332241443192377,0.0008353897599708667,0.6382938470535471,-0.4489565244751802,0.3934517671513239,0.5040326025056948,0.9782043695449829,2,0.6666666666666666,1.0,0.9536179995463057,0.9476688549383335,0.9595671441542777,0.15048378494590497,0.20224143560744337,0.9179724126257122,0.4275361040032297,0.009208500385284424
514797,38,0,0.006363669197902388,0.005259392652188394,1.209962749984934,0.19058957415550157,0.5664597033671324,0.5191984624145786,0.9001445770263672,2,0.6666666666666666,1.0,0.0025406341022013034,0.0025282374573154715,0.002553030747087135,0.1720270598596373,0.25755425923544173,0.9031372824666366,0.5887763800978278,0.012508690357208252
514797,38,1,0.05471357307330397,0.004388869449299671,12.466438952648302,2.523040149773481,0.26913335885414325,0.028690916856492027,0.9309914708137512,2,0.6666666666666666,1.0,0.4203359213141376,0.002553030747087135,0.8381188118811881,0.1720270598596373,0.25755425923544173,0.9031372824666366,0.5887763800978278,0.012508690357208252
514797,38,2,0.0581030721736828,0.0045380266669713,12.80359866189536,2.5497262768893783,0.24077775435971122,0.024170700455580865,0.918482780456543,1,0.3333333333333333,0.0,0.42032352466925177,0.0025282374573154715,0.8381188118811881,0.1720270598596373,0.25755425923544173,0.9031372824666366,0.5887763800978278,0.012508690357208252
78420,17,0,0.02682651471159287,0.0022781521876384316,11.775558650287582,2.4660260825754916,0.6860303957651228,0.156513671875,0.9809271097183228,3,1.0,1.0,0.9203818792243249,0.9060969535984063,0.9346668048502436,0.13727894474840385,0.19896551862457085,0.9050949249008169,0.5758140764706541,0.010167956352233887
78420,17,1,0.028497608358311142,0.0022540854654817736,12.64264766446094,2.537075833943701,0.68596157582325,0.14732096354166666,0.9910950660705566,3,1.0,1.0,0.9507311711205819,0.9346668048502436,0.9667955373909202,0.13727894474840385,0.19896551862457085,0.9050949249008169,0.5758140764706541,0.010167956352233887
78420,17,2,0.02853611502663958,0.002395825896218218,11.910763240255783,2.477442465333494,0.6643195100687379,0.14248046875,0.9778182506561279,3,1.0,1.0,0.9364462454946632,0.9060969535984063,0.9667955373909202,0.13727894474840385,0.19896551862457085,0.9050949249008169,0.5758140764706541,0.010167956352233887
78420,62,0,0.017060331343159187,0.0023419834256623246,7.284565359829511,1.985757775582677,0.1815485276327688,0.02955078125,0.8825619220733643,3,1.0,1.0,0.597162533935004,0.5764539316053148,0.617871136264693,0.12159773775461348,0.17986577181208055,0.9380718043831898,0.4076667180967861,0.0016689896583557129
78420,62,1,0.018937392343438844,0.0024666480253573075,7.677379237363336,2.038278243840034,0.12846616223163682,0.018837890625,0.9460744261741638,3,1.0,1.0,0.7750724029630307,0.617871136264693,0.9322736696613684,0.12159773775461348,0.17986577181208055,0.9380718043831898,0.4076667180967861,0.0016689896583557129
78420,62,2,0.01914711279750743,0.002484181744350968,7.707613516338075,2.0422086087580174,0.12113532388041298,0.017568359375,0.9444054365158081,3,1.0,1.0,0.7543638006333415,0.5764539316053148,0.9322736696613684,0.12159773775461348,0.17986577181208055,0.9380718043831898,0.4076667180967861,0.0016689896583557129
199442,42,0,0.018600501689478105,0.0048359845418769745,3.8462698804269717,1.3471038164763114,0.6669860097912298,0.34242205542725174,0.891944408416748,3,1.0,1.0,0.15993967306141227,0.07204514227578322,0.2478342038470413,0.13876899802424514,0.20019643573861337,0.9456770651159065,0.4016685607113495,0.04482293128967285
199442,42,1,0.022966213785062795,0.00827223124225668,2.7763021982472127,1.0211198978032294,0.20901645999866234,0.08690819861431871,0.8596900701522827,2,0.6666666666666666,1.0,0.27469627964235355,0.2478342038470413,0.3015583554376658,0.13876899802424514,0.20019643573861337,0.9456770651159065,0.4016685607113495,0.04482293128967285
199442,42,2,0.056675803971278374,0.00827065868178412,6.8526348559459365,1.9246332288357948,0.15677298837663486,0.026414549653579675,0.9367673397064209,2,0.6666666666666666,1.0,0.18680174885672451,0.07204514227578322,0.3015583554376658,0.13876899802424514,0.20019643573861337,0.9456770651159065,0.4016685607113495,0.04482293128967285
199442,1,0,0.0011025529852057069,0.002031028009402163,0.5428546428502435,-0.6109136867024588,0.8884311516263722,0.936179272517321,0.9795424938201904,3,1.0,1.0,0.6508189161030569,0.5682685267255,0.7333693054806136,0.19850836297892652,0.25631617172072446,0.9436631943091167,0.3360290386729292,0.013621926307678223
199442,1,1,0.0008276435739781172,0.0018943367953171664,0.4369041321412129,-0.8280414839962355,0.48920765634255325,0.6867277713625866,0.9659205675125122,2,0.6666666666666666,0.0,0.7532727966427202,0.7333693054806136,0.7731762878048268,0.19850836297892652,0.25631617172072446,0.9436631943091167,0.3360290386729292,0.013621926307678223
199442,1,2,0.0008587980941635476,0.0015066975778487866,0.569987040677217,-0.5621416529015875,0.3934844882982678,0.532318129330254,0.910926342010498,2,0.6666666666666666,0.0,0.6707224072651634,0.5682685267255,0.7731762878048268,0.19850836297892652,0.25631617172072446,0.9436631943091167,0.3360290386729292,0.013621926307678223
100723,13,0,0.02540558063224381,0.002286332989242871,11.111933712483868,2.408019640074391,0.4586838620971905,0.07085285285285285,0.8043850064277649,3,1.0,1.0,0.9351878443023238,0.9063743333615508,0.9640013552430967,0.10688324062460121,0.11880782525501533,0.9143074258937828,0.5192540588897125,0.1544508934020996
100723,13,1,0.02601883530000118,0.0023019642388395762,11.302884228042757,2.425057934607892,0.453549123849518,0.06840840840840841,0.9588358998298645,3,1.0,1.0,0.9521243943891188,0.9402474335351408,0.9640013552430967,0.10688324062460121,0.11880782525501533,0.9143074258937828,0.5192540588897125,0.1544508934020996
100723,13,2,0.02640551301210757,0.0023768970459348343,11.10923716538721,2.4077769393507187,0.43333490395343527,0.0644024024024024,0.7549957036972046,3,1.0,1.0,0.9233108834483459,0.9063743333615508,0.9402474335351408,0.10688324062460121,0.11880782525501533,0.9143074258937828,0.5192540588897125,0.1544508934020996
100723,1,0,0.0024529426521381925,0.0011540875100152863,2.1254390405631054,0.7539783887675143,0.18232508096113278,0.09494894894894895,0.9131407141685486,1,0.3333333333333333,0.0,0.43713689891710167,0.07883195469938378,0.7954418431348196,0.22702655717259787,0.3403652424059846,0.9220261029604557,0.4728724160040991,0.08264309167861938
100723,1,1,0.0022727074090358214,0.0011923954587036894,1.9060013945378407,0.6450075373285359,0.1400131703474474,0.0786966966966967,0.8304976224899292,1,0.3333333333333333,0.0,0.4310053696959566,0.06656889625709367,0.7954418431348196,0.22702655717259787,0.3403652424059846,0.9220261029604557,0.4728724160040991,0.08264309167861938
100723,1,2,0.0069402861832583,0.0011514131869105216,6.027624362938635,1.7963529635948263,0.11825518416088597,0.021765765765765766,0.6576441526412964,1,0.3333333333333333,0.0,0.07270042547823873,0.06656889625709367,0.07883195469938378,0.22702655717259787,0.3403652424059846,0.9220261029604557,0.4728724160040991,0.08264309167861938
343076,17,0,0.017862549775164466,0.002713306927532099,6.583313368395119,1.8845381700815629,0.8211904184003166,0.4109342447916667,0.9542608261108398,3,1.0,1.0,0.3401435243910657,0.28352908609166766,0.39675796269046376,0.14538612618919247,0.1767278049450403,0.9496374598977422,0.34324903076120883,0.024048209190368652
343076,17,1,0.024074686057146407,0.005974087344973486,4.02985170167836,1.3937295767320663,0.4411195987234213,0.16378255208333334,0.9302126169204712,3,1.0,1.0,0.555428265797704,0.39675796269046376,0.7140985689049443,0.14538612618919247,0.1767278049450403,0.9496374598977422,0.34324903076120883,0.024048209190368652
343076,17,2,0.02766608481528522,0.006449264611138912,4.289804571394335,1.4562411774849002,0.3631512645838299,0.11733072916666666,0.8890091180801392,3,1.0,1.0,0.49881382749830594,0.28352908609166766,0.7140985689049443,0.14538612618919247,0.1767278049450403,0.9496374598977422,0.34324903076120883,0.024048209190368652
343076,73,0,0.010776352568698794,0.00112482934218056,9.580433364431666,2.2597228274231687,0.49566468596313734,0.09304036458333333,0.8325842022895813,3,1.0,1.0,0.2346931635294941,0.20631866209502484,0.26306766496396333,0.2410803553495835,0.3616171077920388,0.913393861696275,0.5089443712288759,0.11071091890335083
343076,73,1,0.01599349821393774,0.0016722858563192676,9.563854256099418,2.2579908107406745,0.19352056474511267,0.024475911458333333,0.8343363404273987,3,1.0,1.0,0.523080881923768,0.26306766496396333,0.7830940988835726,0.2410803553495835,0.3616171077920388,0.913393861696275,0.5089443712288759,0.11071091890335083
343076,73,2,0.016550577789411134,0.001738478055492494,9.520153405216474,2.2534109627271928,0.1570608195707399,0.019195963541666666,0.9450472593307495,3,1.0,1.0,0.4947063804892987,0.20631866209502484,0.7830940988835726,0.2410803553495835,0.3616171077920388,0.913393861696275,0.5089443712288759,0.11071091890335083
361730,1,0,0.00022051963240859857,0.0005102185049700949,0.4322062603145244,-0.8388523457166132,0.49802853917439505,0.6965592447916666,0.9744393229484558,2,0.6666666666666666,0.0,0.8243455528428973,0.6655096583020398,0.9831814473837548,0.275285184427037,0.3845465474233493,0.9118301695768433,0.496873285999775,0.00399470329284668
361730,1,1,0.00021393615566968054,0.0005171218739905737,0.41370548417349445,-0.8826009445263763,0.47746117243487807,0.6883430989583333,0.9704446196556091,2,0.6666666666666666,0.0,0.8259606991509618,0.6687399509181687,0.9831814473837548,0.275285184427037,0.3845465474233493,0.9118301695768433,0.496873285999775,0.00399470329284668
361730,1,2,0.0002056757764236236,0.0003984879319819917,0.516140538772396,-0.6613761837603312,0.3114860008495214,0.46709635416666667,0.7659769058227539,2,0.6666666666666666,0.0,0.6671248046101043,0.6655096583020398,0.6687399509181687,0.275285184427037,0.3845465474233493,0.9118301695768433,0.496873285999775,0.00399470329284668
361730,38,0,0.013967283016742238,0.00429148197915182,3.2546526075004314,1.1800855442302052,0.8711733997295257,0.675087890625,1.0010403394699097,3,1.0,1.0,0.9133561154779791,0.8309690049568924,0.9957432259990658,0.2775812407062867,0.4058414909827209,0.9350369206240688,0.38846710671665113,0.0074294209480285645
361730,38,1,0.013912298676946393,0.004436106614592036,3.136150656985434,1.1429961425366613,0.8664049561707722,0.6740462239583334,0.9936109185218811,3,1.0,1.0,0.913976078574475,0.8322089311498844,0.9957432259990658,0.2775812407062867,0.4058414909827209,0.9350369206240688,0.38846710671665113,0.0074294209480285645
361730,38,2,0.013921697431471959,0.006864567857153874,2.028051542230074,0.707075500778629,0.7215630786957384,0.5609830729166667,0.6410672664642334,2,0.6666666666666666,1.0,0.8315889680533883,0.8309690049568924,0.8322089311498844,0.2775812407062867,0.4058414909827209,0.9350369206240688,0.38846710671665113,0.0074294209480285645
78170,7,0,0.009242410757039288,0.002241335586329639,4.123617547183479,1.4167308236461227,0.9446200681832629,0.8053125,0.9602310657501221,3,1.0,1.0,0.5721091695680098,0.49030060399613296,0.6539177351398866,0.49233740215272676,0.5581696267895703,0.9522755768925805,0.34425779223708974,0.015572190284729004
78170,7,1,0.01116444466906032,0.004221846539032843,2.6444458753286346,0.9724615445212935,0.7464692623786661,0.526826171875,0.950863778591156,3,1.0,1.0,0.7016103362646531,0.6539177351398866,0.7493029373894194,0.49233740215272676,0.5581696267895703,0.9522755768925805,0.34425779223708974,0.015572190284729004
78170,7,2,0.012080847083689696,0.005133344397775203,2.353406696533383,0.8558639365982396,0.6060154581072663,0.39525634765625,0.9758032560348511,3,1.0,1.0,0.6198017706927762,0.49030060399613296,0.7493029373894194,0.49233740215272676,0.5581696267895703,0.9522755768925805,0.34425779223708974,0.015572190284729004
78170,62,0,0.002480296372735139,0.0007819262699276674,3.172033559880968,1.1543728841579473,0.5082724553804335,0.24577392578125,0.7141205072402954,3,1.0,1.0,0.3083566459655099,0.1269036036930408,0.489809688237979,0.16226407325329276,0.21208881286106612,0.8689374542269895,0.6316974583630718,0.14003390073776245
78170,62,1,0.004169576471866562,0.0007912632210199184,5.269518860263167,1.6619390607624236,0.4199451250748489,0.12079345703125,0.7776471972465515,3,1.0,1.0,0.3703037402554672,0.25079779227295534,0.489809688237979,0.16226407325329276,0.21208881286106612,0.8689374542269895,0.6316974583630718,0.14003390073776245
78170,62,2,0.008443423415134549,0.000964832011860967,8.75118497581532,2.169189117126177,0.2207578254819689,0.031357421875,0.917681097984314,3,1.0,1.0,0.18885069798299808,0.1269036036930408,0.25079779227295534,0.16226407325329276,0.21208881286106612,0.8689374542269895,0.6316974583630718,0.14003390073776245
455937,62,0,0.011976864437009183,0.0023443599317609586,5.108799322851419,1.6309644105163403,0.2644755058859853,0.06575520833333333,0.7017915844917297,1,0.3333333333333333,0.0,0.319201789477857,0.2807359513169155,0.3576676276387985,0.17058311907454515,0.24775439523049025,0.9417033873307292,0.4087890537112525,0.009555041790008545
455937,62,1,0.014503207340446628,0.0026299759974568976,5.514577832252533,1.707395100842131,0.14265959861152375,0.029290364583333332,0.8455260396003723,1,0.3333333333333333,0.0,0.5141310537344735,0.3576676276387985,0.6705944798301486,0.17058311907454515,0.24775439523049025,0.9417033873307292,0.4087890537112525,0.009555041790008545
455937,62,2,0.014221620053562995,0.0027255599379021555,5.217870959495907,1.6520894566009316,0.10476964716331705,0.021936848958333335,0.8550810813903809,2,0.6666666666666666,1.0,0.47566521557353203,0.2807359513169155,0.6705944798301486,0.17058311907454515,0.24775439523049025,0.9417033873307292,0.4087890537112525,0.009555041790008545
455937,72,0,0.013131913547728606,0.001964017590895838,6.686250470420969,1.9000532492959439,0.2889254086438522,0.057288411458333334,0.7869515419006348,2,0.6666666666666666,0.0,0.5069448492375939,0.41776315789473684,0.596126540580451,0.12114493580913821,0.13920210606503067,0.9096973755310149,0.5541327318662048,0.1267501711845398
455937,72,1,0.0194958113275815,0.0020057769659266905,9.719830095293966,2.274168138462837,0.256015203263901,0.034192708333333335,0.9618023037910461,3,1.0,1.0,0.6424647418495124,0.596126540580451,0.6888029431185737,0.12114493580913821,0.13920210606503067,0.9096973755310149,0.5541327318662048,0.1267501711845398
455937,72,2,0.02276196160874809,0.0021063113562809137,10.806551239476788,2.3801525465168205,0.21054864158606978,0.024085286458333334,0.8350521326065063,3,1.0,1.0,0.5532830505066553,0.41776315789473684,0.6888029431185737,0.12114493580913821,0.13920210606503067,0.9096973755310149,0.5541327318662048,0.1267501711845398
253819,1,0,0.004087350481900693,0.0005535446813977673,7.383957631379785,1.9993097595332678,0.3490267612246411,0.06769613583138173,0.955718994140625,2,0.6666666666666666,0.0,0.8450060472152238,0.8163815895969352,0.8736305048335123,0.16953201532256115,0.25077875765668994,0.9250629690426386,0.46109241301384996,0.013608098030090332
253819,1,1,0.004202024774284963,0.0005752960098775688,7.304109006205526,1.9884370675985725,0.31783606993182834,0.05996413934426229,0.9421108961105347,2,0.6666666666666666,0.0,0.8990575361791082,0.8736305048335123,0.9244845675247042,0.16953201532256115,0.25077875765668994,0.9250629690426386,0.46109241301384996,0.013608098030090332
253819,1,2,0.0042048769829367075,0.0005923265346700011,7.09891711702638,1.9599422539242461,0.29429545113689576,0.05548521662763466,0.8182388544082642,2,0.6666666666666666,0.0,0.8704330785608196,0.8163815895969352,0.9244845675247042,0.16953201532256115,0.25077875765668994,0.9250629690426386,0.46109241301384996,0.013608098030090332
253819,41,0,0.020310509726571606,0.004251354897312794,4.777420425340659,1.5639007409131747,0.24905545309210528,0.06491510538641686,0.7115161418914795,1,0.3333333333333333,0.0,0.08508882755442954,0.07842076798269335,0.09175688712616573,0.10969984074925647,0.1614059022999875,0.8770458575221137,0.6943235618577281,0.038643717765808105
253819,41,1,0.08100479745762883,0.00455812693772447,17.771509777280777,2.877596600712808,0.1472611221861276,0.009623829039812647,0.9055335521697998,1,0.3333333333333333,0.0,0.4630831530199761,0.09175688712616573,0.8344094189137865,0.10969984074925647,0.1614059022999875,0.8770458575221137,0.6943235618577281,0.038643717765808105
253819,41,2,0.08354227098043669,0.0046587969486931195,17.932155421785385,2.886595493554318,0.12704295133676752,0.008050351288056206,0.8668898344039917,1,0.3333333333333333,0.0,0.45641509344823994,0.07842076798269335,0.8344094189137865,0.10969984074925647,0.1614059022999875,0.8770458575221137,0.6943235618577281,0.038643717765808105
31296,1,0,0.0045187886562855824,0.0008673985028358544,5.20958779188846,1.650500734217078,0.40369743188422036,0.11500735294117648,0.9523155093193054,3,1.0,1.0,0.66346599541496,0.5647488119484046,0.7621831788815154,0.1774898567375968,0.26623413327639156,0.9075960934412769,0.5314731027937462,0.011303722858428955
31296,1,1,0.004248330730145378,0.000934006301854468,4.548503277934872,1.514798229177934,0.35181214894433316,0.10660661764705882,0.9410117864608765,3,1.0,1.0,0.7519533866031329,0.7417235943247504,0.7621831788815154,0.1774898567375968,0.26623413327639156,0.9075960934412769,0.5314731027937462,0.011303722858428955
31296,1,2,0.0039366651445432626,0.0010305383130783355,3.8200085244419357,1.3402526543993187,0.2702166133034828,0.0883639705882353,0.9096922874450684,3,1.0,1.0,0.6532362031365775,0.5647488119484046,0.7417235943247504,0.1774898567375968,0.26623413327639156,0.9075960934412769,0.5314731027937462,0.011303722858428955
31296,62,0,0.005825921609255253,0.0019285129539590295,3.020939835677185,1.1055679870111634,0.18662053815762703,0.07058823529411765,0.866281270980835,2,0.6666666666666666,0.0,0.5365742301235095,0.49008439910940815,0.5830640611376109,0.3402412123090464,0.48000611725488,0.9479398233093734,0.35619596637462647,0.018092691898345947
31296,62,1,0.007242867656326647,0.0019778274855378384,3.662032055690152,1.2980181999539717,0.14095771953208242,0.042886029411764705,0.8843739628791809,2,0.6666666666666666,0.0,0.69989600901745,0.5830640611376109,0.8167279568972889,0.3402412123090464,0.48000611725488,0.9479398233093734,0.35619596637462647,0.018092691898345947
31296,62,2,0.0073588845620860795,0.0020154650651350993,3.651209185281311,1.2950583965066973,0.11759270890901075,0.03521323529411765,0.8025772571563721,2,0.6666666666666666,0.0,0.6534061780033485,0.49008439910940815,0.8167279568972889,0.3402412123090464,0.48000611725488,0.9479398233093734,0.35619596637462647,0.018092691898345947
369675,1,0,6.215683305440572e-05,9.800133023166712e-06,6.342447246891939,1.8472647111452725,0.9328946817741351,0.6867060023310023,0.9643045663833618,3,1.0,1.0,0.8437762381737044,0.7391894687153594,0.9483630076320493,0.37836521233997705,0.4536779852358678,0.8256109955619614,0.8057828521032006,0.02919304370880127
369675,1,1,6.432232669173935e-05,1.1074326228489041e-05,5.808237860830789,1.7592772462303954,0.915595712267701,0.6512820512820513,0.9351115226745605,3,1.0,1.0,0.8638738166704353,0.7793846257088213,0.9483630076320493,0.37836521233997705,0.4536779852358678,0.8256109955619614,0.8057828521032006,0.02919304370880127
369675,1,2,7.999996741515913e-05,1.044874621998513e-05,7.656417150387622,2.0355441518940562,0.8875539049579202,0.5076121794871795,0.828900933265686,3,1.0,1.0,0.7592870472120903,0.7391894687153594,0.7793846257088213,0.37836521233997705,0.4536779852358678,0.8256109955619614,0.8057828521032006,0.02919304370880127
369675,7,0,0.012163169183405358,0.00468038112515056,2.5987561387781923,0.9550329224737217,0.73074029913314,0.5108355186480187,0.9295511245727539,3,1.0,1.0,0.47745534918541227,0.24557413282948914,0.7093365655413354,0.2797215299453377,0.4170986930173858,0.9484663136930821,0.34851878762427546,0.026613354682922363
369675,7,1,0.015969691744466694,0.004259682807978217,3.7490330760795287,1.3214979604180528,0.6805580761700525,0.36235431235431237,0.9029377698898315,3,1.0,1.0,0.5277695613168241,0.3462025570923126,0.7093365655413354,0.2797215299453377,0.4170986930173858,0.9484663136930821,0.34851878762427546,0.026613354682922363
369675,7,2,0.019537773227101655,0.00691997800060305,2.823386609404773,1.0379370897880476,0.28825310536517934,0.12544798951048952,0.8908959627151489,3,1.0,1.0,0.2958883449609009,0.24557413282948914,0.3462025570923126,0.2797215299453377,0.4170986930173858,0.9484663136930821,0.34851878762427546,0.026613354682922363
116362,57,0,0.00882645915486183,0.0021659583228938856,4.075082635474686,1.4048910252446076,0.8330537108764716,0.5504613610149942,0.9237624406814575,3,1.0,1.0,0.3149118211978348,0.21751741264575208,0.41230622974991754,0.21544446834171946,0.2525578649093134,0.9144870945506869,0.49712118338142963,0.06781941652297974
116362,57,1,0.016600983557443598,0.002670710799046798,6.215942047020855,1.8271172898872792,0.6460114324227929,0.2269586483831005,0.8559430241584778,3,1.0,1.0,0.4698356724810846,0.41230622974991754,0.5273651152122517,0.21544446834171946,0.2525578649093134,0.9144870945506869,0.49712118338142963,0.06781941652297974
116362,57,2,0.016475232626514718,0.0043846404565686895,3.757487708730019,1.323750571570604,0.33822995797724664,0.11973493100944081,0.594255805015564,2,0.6666666666666666,1.0,0.3724412639290019,0.21751741264575208,0.5273651152122517,0.21544446834171946,0.2525578649093134,0.9144870945506869,0.49712118338142963,0.06781941652297974
116362,50,0,0.00814238082781576,0.0025491046622309783,3.1942120483571395,1.1613404373040348,0.9436967650326709,0.8399306890512196,0.9707574844360352,3,1.0,1.0,0.4088860151908522,0.27919018919743666,0.5385818411842678,0.39740720653346556,0.5119837027310976,0.940768453998341,0.4130667562821825,0.03173267841339111
116362,50,1,0.010734942498039267,0.004365893036199102,2.4588193999654577,0.8996813161263525,0.6700889934608383,0.4523714169763766,0.939024806022644,3,1.0,1.0,0.5266922654347449,0.514802689685222,0.5385818411842678,0.39740720653346556,0.5119837027310976,0.940768453998341,0.4130667562821825,0.03173267841339111
116362,50,2,0.015264290501983049,0.0047910552591030236,3.18599758785809,1.158765454446394,0.49392857991141254,0.2345038233158187,0.8866580724716187,3,1.0,1.0,0.39699643944132934,0.27919018919743666,0.514802689685222,0.39740720653346556,0.5119837027310976,0.940768453998341,0.4130667562821825,0.03173267841339111
233238,67,0,0.010976510206795902,0.004186730672441703,2.6217378338723325,0.96383739335208,0.14985430109461964,0.062998046875,0.9039701223373413,1,0.3333333333333333,0.0,0.7375308381909689,0.6974726109122464,0.7775890654696914,0.23606153469147015,0.3474427034602925,0.9434225889148709,0.3576387146832879,0.012595951557159424
233238,67,1,0.00852066427009313,0.00422897597345371,2.0148291977926904,0.7005344265597925,0.1658611773744974,0.08982421875,0.9515759348869324,1,0.3333333333333333,0.0,0.7920462664218598,0.6974726109122464,0.8866199219314732,0.23606153469147015,0.3474427034602925,0.9434225889148709,0.3576387146832879,0.012595951557159424
233238,67,2,0.009186015579295154,0.0042164381980356715,2.1786197604879063,0.7786915390028717,0.15944363150082985,0.08009440104166667,0.938979983329773,1,0.3333333333333333,0.0,0.8321044937005824,0.7775890654696914,0.8866199219314732,0.23606153469147015,0.3474427034602925,0.9434225889148709,0.3576387146832879,0.012595951557159424
233238,1,0,0.0067810043357471985,0.0007656067914780761,8.857032620882055,2.1812117900303516,0.4625706847486581,0.08857096354166667,0.9700280427932739,2,0.6666666666666666,1.0,0.2793799392757673,0.24908128766720564,0.30967859088432903,0.17474664214025418,0.2612572764256115,0.9095571698477739,0.5297710369773754,0.01731783151626587
233238,1,1,0.008706539686720296,0.0010785707993629858,8.07229315292994,2.088437599767603,0.19324468216463156,0.028818359375,0.9527102112770081,2,0.6666666666666666,1.0,0.46902531773150935,0.30967859088432903,0.6283720445786897,0.17474664214025418,0.2612572764256115,0.9095571698477739,0.5297710369773754,0.01731783151626587
233238,1,2,0.01191056271549177,0.0010588605659107239,11.248471316900018,2.420232236559244,0.2024871780774409,0.022073567708333332,0.8608468770980835,2,0.6666666666666666,1.0,0.43872666612294764,0.24908128766720564,0.6283720445786897,0.17474664214025418,0.2612572764256115,0.9095571698477739,0.5297710369773754,0.01731783151626587
78748,4,0,0.029484982203761875,0.004202939010790258,7.015324781313597,1.948097010636871,0.5590101277063186,0.15304036458333334,0.9466490745544434,3,1.0,1.0,0.381418799638512,0.18355073691343385,0.5792868623635902,0.259515493848465,0.3892709606934712,0.91829928589692,0.44562686554083686,0.177473247051239
78748,4,1,0.03377811867786289,0.005528446127519844,6.109875703339169,1.8099064298538385,0.37678615571117074,0.09004231770833333,0.7691758275032043,3,1.0,1.0,0.44641806539828144,0.31354926843297265,0.5792868623635902,0.259515493848465,0.3892709606934712,0.91829928589692,0.44562686554083686,0.177473247051239
78748,4,2,0.04761048103299803,0.00689545857220781,6.904614178669387,1.9321899096758837,0.17045483054494054,0.028899739583333334,0.614332914352417,3,1.0,1.0,0.24855000267320326,0.18355073691343385,0.31354926843297265,0.259515493848465,0.3892709606934712,0.91829928589692,0.44562686554083686,0.177473247051239
78748,1,0,0.001809088274968592,0.0009653575571128806,1.874008505724107,0.6280797231655821,0.3739712122354882,0.24171549479166668,0.8635062575340271,2,0.6666666666666666,1.0,0.5494101652921198,0.36593043035668843,0.7328899002275512,0.2712557400382899,0.38365928422222767,0.9366749145681716,0.4021396232381067,0.04484987258911133
78748,1,1,0.002224590454655487,0.000941984287929951,2.3616003799622978,0.8593395167654186,0.3371792050034242,0.17722981770833332,0.9083561301231384,2,0.6666666666666666,1.0,0.6113906446614719,0.48989138909539265,0.7328899002275512,0.2712557400382899,0.38365928422222767,0.9366749145681716,0.4021396232381067,0.04484987258911133
78748,1,2,0.0029356764095681068,0.000994075960800164,2.9531711080226857,1.0828795452174085,0.2265775017465461,0.09024739583333333,0.8158997297286987,2,0.6666666666666666,1.0,0.4279109097260405,0.36593043035668843,0.48989138909539265,0.2712557400382899,0.38365928422222767,0.9366749145681716,0.4021396232381067,0.04484987258911133
545826,17,0,0.012338970573004628,0.0021744839581486876,5.674436236280789,1.7359712168892738,0.7271885224613702,0.3196096096096096,0.8366729617118835,3,1.0,1.0,0.32688415627417833,0.16268408151045077,0.4910842310379058,0.17435296798759292,0.260643504524059,0.9327485885747788,0.45126890791456215,0.12072330713272095
545826,17,1,0.0204908690216468,0.0023904313842011684,8.572038146965,2.1485055278328016,0.6330702430805477,0.16754954954954954,0.9573962688446045,3,1.0,1.0,0.4011855247150921,0.3112868183922784,0.4910842310379058,0.17435296798759292,0.260643504524059,0.9327485885747788,0.45126890791456215,0.12072330713272095
545826,17,2,0.020037577489629543,0.004595884903121079,4.359895408099116,1.4724480681550167,0.19794479659899367,0.05357357357357358,0.7511769533157349,3,1.0,1.0,0.23698544995136459,0.16268408151045077,0.3112868183922784,0.17435296798759292,0.260643504524059,0.9327485885747788,0.45126890791456215,0.12072330713272095
545826,62,0,0.0033705302080337734,0.003007170391294778,1.1208311363632824,0.11407049643263735,0.5974952769271727,0.5697837837837838,0.9555127620697021,3,1.0,1.0,0.4136616629280818,0.33699928651513605,0.49032403934102753,0.4465877522024515,0.6428571428571429,0.9613260287451411,0.31447283189097175,0.0079612135887146
545826,62,1,0.004170560102302659,0.002802063381647081,1.4883889237233359,0.39769427596856527,0.39077366588590556,0.30116516516516517,0.9475515484809875,3,1.0,1.0,0.5839255304306092,0.49032403934102753,0.677527021520191,0.4465877522024515,0.6428571428571429,0.9613260287451411,0.31447283189097175,0.0079612135887146
545826,62,2,0.004974393485658591,0.002723394509058978,1.826541643998124,0.60242436708379,0.33744775606192107,0.21804204204204206,0.9339519739151001,3,1.0,1.0,0.5072631540176635,0.33699928651513605,0.677527021520191,0.4465877522024515,0.6428571428571429,0.9613260287451411,0.31447283189097175,0.0079612135887146
554579,31,0,0.008498540053703468,0.002845883646802365,2.9862570313674524,1.094020774353758,0.35826913509304936,0.15750569331983805,0.8830962777137756,3,1.0,1.0,0.18755763364808725,0.1496170526898588,0.2254982146063157,0.3014026099348777,0.4472041788431728,0.9381382014930381,0.4214497262509767,0.06779521703720093
554579,31,1,0.01596587521559693,0.003268908134855723,4.884161485136823,1.5859976198793144,0.15727450727253095,0.03680414979757085,0.8103974461555481,3,1.0,1.0,0.2244347853766686,0.22337135614702155,0.2254982146063157,0.3014026099348777,0.4472041788431728,0.9381382014930381,0.4214497262509767,0.06779521703720093
554579,31,2,0.01868319145977744,0.003121180997406915,5.9859365635359,1.7894128119564274,0.19762833640140767,0.03952112854251012,0.8153010606765747,3,1.0,1.0,0.18649420441844017,0.1496170526898588,0.22337135614702155,0.3014026099348777,0.4472041788431728,0.9381382014930381,0.4214497262509767,0.06779521703720093
554579,18,0,0.044971865356607285,0.0024645253186462938,18.24767836552866,2.9040378591107516,0.6648560482280425,0.09805478238866397,0.9801185131072998,3,1.0,1.0,0.931789227402925,0.9080193236714976,0.9555591311343524,0.13245233157355138,0.19155500947414217,0.8731293138814274,0.6577890779607718,0.0007125139236450195
554579,18,1,0.046034454939384725,0.0025370845506314296,18.14462782085171,2.898374529087677,0.6534971252165,0.09415485829959515,0.9808310270309448,3,1.0,1.0,0.951935736851811,0.9483123425692696,0.9555591311343524,0.13245233157355138,0.19155500947414217,0.8731293138814274,0.6577890779607718,0.0007125139236450195
554579,18,2,0.046809379340964644,0.0026914599434322267,17.391817194901353,2.85599981947224,0.6304559210182301,0.0893313512145749,0.9517221450805664,3,1.0,1.0,0.9281658331203836,0.9080193236714976,0.9483123425692696,0.13245233157355138,0.19155500947414217,0.8731293138814274,0.6577890779607718,0.0007125139236450195
404249,1,0,0.0077609754478196605,0.0007978077057925157,9.72787725882177,2.274995707964445,0.577054178216369,0.12300204918032787,0.9851399064064026,3,1.0,1.0,0.9394742270589647,0.890268536121673,0.9886799179962563,0.19486604900972238,0.28058342008720205,0.9114682767059853,0.42913117156796315,0.021781444549560547
404249,1,1,0.007782187423627965,0.0008034226709824472,9.686293024847558,2.270711796062385,0.5735532290603212,0.12192257025761125,0.963358461856842,3,1.0,1.0,0.9437224159799615,0.8987649139636669,0.9886799179962563,0.19486604900972238,0.28058342008720205,0.9114682767059853,0.42913117156796315,0.021781444549560547
404249,1,2,0.008074949536674056,0.000861937125826375,9.368374195001627,2.2373395695798464,0.5362046668182656,0.10985070257611242,0.8680338859558105,3,1.0,1.0,0.89451672504267,0.890268536121673,0.8987649139636669,0.19486604900972238,0.28058342008720205,0.9114682767059853,0.42913117156796315,0.021781444549560547
404249,41,0,0.01142169204476592,0.004287173241325878,2.6641545370742756,0.9798867604954801,0.44386243359193955,0.23051814988290398,0.976595938205719,2,0.6666666666666666,0.0,0.65482375010423,0.33706777536220384,0.9725797248462562,0.13504397390738215,0.19972811481065297,0.8762770550176154,0.6578533488298091,0.009601294994354248
404249,41,1,0.010855053575202257,0.004503380042234822,2.4104236087090185,0.8798025033972862,0.4115431369176234,0.2248902224824356,0.9861972332000732,2,0.6666666666666666,0.0,0.6580674092006749,0.34355509355509356,0.9725797248462562,0.13504397390738215,0.19972811481065297,0.8762770550176154,0.6578533488298091,0.009601294994354248
404249,41,2,0.02634946536203502,0.004209233139710086,6.259920627154887,1.8341675057013458,0.3456056953337348,0.07780298594847775,0.8070697784423828,2,0.6666666666666666,0.0,0.3403114344586487,0.33706777536220384,0.34355509355509356,0.13504397390738215,0.19972811481065297,0.8762770550176154,0.6578533488298091,0.009601294994354248
369323,43,0,0.005749359832070143,0.003908897162184912,1.4708393677427032,0.38583323647140755,0.41642686202818374,0.3266684350132626,0.9794522523880005,3,1.0,1.0,0.6513358807967771,0.4400731190449229,0.8625986425486312,0.10267836905346772,0.13392246105937117,0.9334026764238275,0.4567891399139668,0.014147341251373291
369323,43,1,0.005698610903564875,0.004043622092210555,1.4092837491251045,0.3430815961564437,0.35615091291768847,0.28187267904509283,0.9653049111366272,3,1.0,1.0,0.6738212991950292,0.48504395584142723,0.8625986425486312,0.10267836905346772,0.13392246105937117,0.9334026764238275,0.4567891399139668,0.014147341251373291
369323,43,2,0.010013777381987459,0.003572292733112178,2.803179394108692,1.0307542709868511,0.3232556038205133,0.1455915119363395,0.9222629070281982,3,1.0,1.0,0.4625585374431751,0.4400731190449229,0.48504395584142723,0.10267836905346772,0.13392246105937117,0.9334026764238275,0.4567891399139668,0.014147341251373291
369323,1,0,0.0010464830423580443,0.00035834039527713656,2.9203602307474865,1.071706976321072,0.42244811397338333,0.2002970822281167,0.9580169916152954,3,1.0,1.0,0.2866455810760278,0.14668189605939463,0.4266092660926609,0.3356683661739695,0.4724368394012044,0.9013981741969662,0.5064666116037289,0.05410999059677124
369323,1,1,0.0015178915849627349,0.0003888649149787473,3.9033904129466195,1.3618455127931373,0.29076157316176804,0.09504509283819629,0.9039070010185242,2,0.6666666666666666,1.0,0.319212816679065,0.21181636726546907,0.4266092660926609,0.3356683661739695,0.4724368394012044,0.9013981741969662,0.5064666116037289,0.05410999059677124
369323,1,2,0.0012247779342894067,0.00044469181409954997,2.754217398886068,1.0131333373269533,0.16290444578764504,0.06599469496021221,0.8928407430648804,3,1.0,1.0,0.17924913166243184,0.14668189605939463,0.21181636726546907,0.3356683661739695,0.4724368394012044,0.9013981741969662,0.5064666116037289,0.05410999059677124
405691,44,0,0.010376152601957478,0.0018439123433438313,5.627248298318596,1.7276205658079615,0.4009403787777751,0.10629391100702576,0.8635374307632446,3,1.0,1.0,0.579554671397624,0.47058419243986255,0.6885251503553854,0.2523817028929834,0.3746180756770643,0.9263246811664513,0.440728215997063,0.04109758138656616
405691,44,1,0.012236751707853509,0.001987021061189628,6.158340211235122,1.817807295091928,0.33149560323535976,0.07452063817330211,0.9099096655845642,3,1.0,1.0,0.6803164967463202,0.6721078431372549,0.6885251503553854,0.2523817028929834,0.3746180756770643,0.9263246811664513,0.440728215997063,0.04109758138656616
405691,44,2,0.015360694778356998,0.002082967047854679,7.374430040457476,1.9980186166546932,0.2808758562582259,0.05030005854800937,0.9510072469711304,3,1.0,1.0,0.5713460177885588,0.47058419243986255,0.6721078431372549,0.2523817028929834,0.3746180756770643,0.9263246811664513,0.440728215997063,0.04109758138656616
405691,64,0,0.010096367953052403,0.0013460523098854664,7.500724802003247,2.01499965623904,0.45727063870606843,0.10098433840749414,0.8445422649383545,3,1.0,1.0,0.7268308227716347,0.6742956471355109,0.7793659984077586,0.1624283653056778,0.24165480714952584,0.9249625468678195,0.45929206661887456,0.05328655242919922
405691,64,1,0.010739289569454614,0.0015003305558014682,7.157948973824503,1.9682234838595027,0.3802353586519023,0.07894467213114754,0.9339220523834229,3,1.0,1.0,0.8187726480024005,0.7793659984077586,0.8581792975970425,0.1624283653056778,0.24165480714952584,0.9249625468678195,0.45929206661887456,0.05328655242919922
405691,64,2,0.011902386281472083,0.0015217652278766078,7.821433987066862,2.056867912135449,0.3640460465269537,0.06819745316159251,0.8806354999542236,3,1.0,1.0,0.7662374723662767,0.6742956471355109,0.8581792975970425,0.1624283653056778,0.24165480714952584,0.9249625468678195,0.45929206661887456,0.05328655242919922
205401,9,0,0.020207905273310983,0.0026511385794356058,7.6223496660784305,2.0310846773447717,0.38322583517155073,0.07537147671568628,0.836761474609375,2,0.6666666666666666,1.0,0.5364809092226758,0.421840242669363,0.6511215757759886,0.15214925700939377,0.22822388551409065,0.9083555097675242,0.4987408993488508,0.005327999591827393
205401,9,1,0.024206034057790753,0.0029206650828158954,8.28784998044527,2.114790584579616,0.3015141577072242,0.04950597426470588,0.8466251492500305,2,0.6666666666666666,1.0,0.6482432640198084,0.645364952263628,0.6511215757759886,0.15214925700939377,0.22822388551409065,0.9083555097675242,0.4987408993488508,0.005327999591827393
205401,9,2,0.028206194980651533,0.0031647325516083605,8.912663080298554,2.187473083538174,0.2294708971577579,0.03233379289215686,0.8412971496582031,2,0.6666666666666666,1.0,0.5336025974664955,0.421840242669363,0.645364952263628,0.15214925700939377,0.22822388551409065,0.9083555097675242,0.4987408993488508,0.005327999591827393
205401,5,0,0.022903553717295272,0.003128764509188179,7.320318816809176,1.9906538812773282,0.44193252198167365,0.09761795343137254,0.8933957815170288,3,1.0,1.0,0.5073447866772304,0.4229789821747558,0.5917105911797049,0.11692817626434181,0.16864412627531797,0.8882933208997109,0.6183178697610475,0.0008651614189147949
205401,5,1,0.02492307229519666,0.003720585847354427,6.698695665420502,1.9019128306821451,0.31100959174315274,0.06313189338235294,0.892530620098114,3,1.0,1.0,0.6196761323032607,0.5917105911797049,0.6476416734268166,0.11692817626434181,0.16864412627531797,0.8882933208997109,0.6183178697610475,0.0008651614189147949
205401,5,2,0.022960140594189105,0.004200620802878786,5.465892225498687,1.6985273701026982,0.20769483799675453,0.04576439950980392,0.6494011878967285,3,1.0,1.0,0.5353103278007862,0.4229789821747558,0.6476416734268166,0.11692817626434181,0.16864412627531797,0.8882933208997109,0.6183178697610475,0.0008651614189147949
291664,18,0,0.018951316883660932,0.00336254110500156,5.6360104713176815,1.7291764520217687,0.6129259921804674,0.21933460884353742,0.8973375558853149,3,1.0,1.0,0.34906263376919566,0.31171332695312975,0.38641194058526157,0.14904030689008377,0.2010912477580632,0.9250502777610272,0.5177990990740202,0.054199934005737305
291664,18,1,0.03400873334260117,0.004171669647146176,8.152307399919383,2.098301003766772,0.4386733705272042,0.08747608418367347,0.9607036113739014,2,0.6666666666666666,1.0,0.5834591271648989,0.38641194058526157,0.7805063137445362,0.14904030689008377,0.2010912477580632,0.9250502777610272,0.5177990990740202,0.054199934005737305
291664,18,2,0.03667525613854313,0.004587061739937899,7.995370066905679,2.078862632534728,0.36987257677016744,0.0683939200680272,0.9065036773681641,2,0.6666666666666666,1.0,0.5461098203488329,0.31171332695312975,0.7805063137445362,0.14904030689008377,0.2010912477580632,0.9250502777610272,0.5177990990740202,0.054199934005737305
291664,11,0,0.06797418982133595,0.00942629526938738,7.211124611688777,1.9756249185778316,0.49073820988456496,0.11787840136054421,0.9034484624862671,3,1.0,1.0,0.8147050612670854,0.6430600009015913,0.9863501216325795,0.13573485625106727,0.15425599753465902,0.9381259752818151,0.42805869705985566,0.04214543104171753
291664,11,1,0.06812817289531421,0.009500029272077862,7.171364522884438,1.970095946545275,0.48592906142806347,0.1164593962585034,0.9455938935279846,3,1.0,1.0,0.8186975578501494,0.6510449940677193,0.9863501216325795,0.13573485625106727,0.15425599753465902,0.9381259752818151,0.42805869705985566,0.04214543104171753
291664,11,2,0.07246070621864943,0.011722072681448592,6.1815609049365925,1.82157081320639,0.3365192835975748,0.07582908163265306,0.8712579011917114,3,1.0,1.0,0.6470524974846553,0.6430600009015913,0.6510449940677193,0.13573485625106727,0.15425599753465902,0.9381259752818151,0.42805869705985566,0.04214543104171753
11813,73,0,0.0028514096236315132,0.001903949219261484,1.4976290298540142,0.4038832111548329,0.43945693401691177,0.3436096096096096,0.9048969149589539,3,1.0,1.0,0.173515330007215,0.15762465517752797,0.18940600483690204,0.3798276823292169,0.5305335028738347,0.9326549233102016,0.45014987265793494,0.05969887971878052
11813,73,1,0.004696427630560169,0.001825206783425729,2.5730934547439905,0.9451088541681245,0.29661632036160646,0.14081081081081082,0.8292339444160461,2,0.6666666666666666,1.0,0.46312921521110956,0.18940600483690204,0.736852425585317,0.3798276823292169,0.5305335028738347,0.9326549233102016,0.45014987265793494,0.05969887971878052
11813,73,2,0.0053919259400129396,0.0017769746035807487,3.0343292054447146,1.109990380645659,0.302748024787958,0.1251831831831832,0.8451980352401733,3,1.0,1.0,0.4472385403814225,0.15762465517752797,0.736852425585317,0.3798276823292169,0.5305335028738347,0.9326549233102016,0.45014987265793494,0.05969887971878052
11813,62,0,0.005727078335050774,0.0032572082481540725,1.758278223855705,0.5643350484944513,0.22287141898447907,0.14023423423423423,0.6791903972625732,1,0.3333333333333333,0.0,0.5490525614209949,0.1647632490696779,0.9333418737723119,0.10106034773032783,0.12489015935163186,0.929527636429124,0.41378324100309216,0.08581238985061646
11813,62,1,0.0058490736265046,0.0032630167363555296,1.7925355881701381,0.5836311473958611,0.21374672413857057,0.13168768768768768,0.8985721468925476,2,0.6666666666666666,0.0,0.5497181084025123,0.1660943430327128,0.9333418737723119,0.10106034773032783,0.12489015935163186,0.929527636429124,0.41378324100309216,0.08581238985061646
11813,62,2,0.028162907289858333,0.0030172906066817584,9.333839842326766,2.2336464888908276,0.18221578070249106,0.023315315315315315,0.9843845367431641,1,0.3333333333333333,0.0,0.16542879605119537,0.1647632490696779,0.1660943430327128,0.10106034773032783,0.12489015935163186,0.929527636429124,0.41378324100309216,0.08581238985061646
537270,62,0,0.0022291031470288384,0.0017196739478730083,1.2962359222163513,0.25946462055883623,0.16764232345445035,0.134482421875,0.7823499441146851,1,0.3333333333333333,1.0,0.16312964875408445,0.02293403670339987,0.303325260804769,0.30165241391180536,0.4419957967873712,0.933731596878112,0.44336460099453606,0.05286127328872681
537270,62,1,0.0028021771703606426,0.0017373800586762873,1.6128751764785136,0.47801841056532574,0.07476656902472267,0.04771158854166667,0.7294886708259583,0,0.0,0.0,0.173797406595203,0.04426955238563699,0.303325260804769,0.30165241391180536,0.4419957967873712,0.933731596878112,0.44336460099453606,0.05286127328872681
537270,62,2,0.008679684487173841,0.0016868878260062406,5.145383319635355,1.6380998699564762,0.07031220583864783,0.014485677083333334,0.5947489738464355,2,0.6666666666666666,1.0,0.033601794544518435,0.02293403670339987,0.04426955238563699,0.30165241391180536,0.4419957967873712,0.933731596878112,0.44336460099453606,0.05286127328872681
537270,77,0,0.012952896726018851,0.0024063261158879137,5.382851740299752,1.6832182970697356,0.3682497709792386,0.09770833333333333,0.7635868787765503,2,0.6666666666666666,1.0,0.2495991399056756,0.24359227407302975,0.25560600573832143,0.22470850020551636,0.3120574430367038,0.9037676748908812,0.5808578098094881,0.04251217842102051
537270,77,1,0.020032153108530903,0.0025813735578816065,7.760268962083093,2.049016993706655,0.2857238740944486,0.049020182291666665,0.842656135559082,1,0.3333333333333333,1.0,0.45167659662799386,0.25560600573832143,0.6477471875176664,0.22470850020551636,0.3120574430367038,0.9037676748908812,0.5808578098094881,0.04251217842102051
537270,77,2,0.026275713090854226,0.0023390956365160857,11.233278652409753,2.4188806809784125,0.3506118738604303,0.045859375,0.8001439571380615,2,0.6666666666666666,1.0,0.44566973079534805,0.24359227407302975,0.6477471875176664,0.22470850020551636,0.3120574430367038,0.9037676748908812,0.5808578098094881,0.04251217842102051
576052,1,0,0.0008799409863077312,0.0010414052085215143,0.8449554297044762,-0.16847139779150036,0.36177372332988605,0.4015039519906323,1.0002144575119019,3,1.0,1.0,0.8837763664344855,0.7698819112876772,0.9976708215812938,0.0841709057857611,0.08774752388914595,0.8984551787544922,0.5820095706506364,0.007901191711425781
576052,1,1,0.0008742641216103404,0.0010453369829049072,0.836346685395636,-0.1787120552666842,0.3598263250734271,0.40193574355971895,0.9923132658004761,3,1.0,1.0,0.8833307234328605,0.7689906252844271,0.9976708215812938,0.0841709057857611,0.08774752388914595,0.8984551787544922,0.5820095706506364,0.007901191711425781
576052,1,2,0.001048691139053461,0.0009442875093518615,1.1105633904473613,0.10486744647491797,0.33211050212245846,0.30927254098360657,0.9624037742614746,3,1.0,1.0,0.7694362682860522,0.7689906252844271,0.7698819112876772,0.0841709057857611,0.08774752388914595,0.8984551787544922,0.5820095706506364,0.007901191711425781
576052,19,0,0.048873919316185885,0.00357219006583264,13.681780196964997,2.616065035105605,0.44441870820176804,0.05523638758782201,0.9326936602592468,3,1.0,1.0,0.5407510917749578,0.3705543413471091,0.7109478422028065,0.09117094403224962,0.11225047941184878,0.8975573869529846,0.6061794964568676,0.025563836097717285
576052,19,1,0.0591482631450802,0.0039004033214334335,15.164653051361372,2.7189672626472317,0.38317227388471736,0.03935158079625293,0.9071298241615295,3,1.0,1.0,0.6100420274136956,0.5091362126245847,0.7109478422028065,0.09117094403224962,0.11225047941184878,0.8975573869529846,0.6061794964568676,0.025563836097717285
576052,19,2,0.06505049814445661,0.004840911252998956,13.437655584105165,2.598060884188238,0.21940329318055354,0.020488144028103044,0.7009869813919067,2,0.6666666666666666,1.0,0.4398452769858469,0.3705543413471091,0.5091362126245847,0.09117094403224962,0.11225047941184878,0.8975573869529846,0.6061794964568676,0.025563836097717285
157601,67,0,0.004720155078607301,0.004301853410517654,1.0972375455587813,0.09279569913786619,0.4423534182802872,0.41960090136272377,0.9752291440963745,2,0.6666666666666666,0.0,0.5892145489539891,0.3033958098041953,0.8750332881037828,0.492753133955717,0.6105553390695445,0.9638369523349196,0.28504779679163256,0.04525059461593628
157601,67,1,0.004562685830129962,0.004427281116607134,1.0305841686863588,0.030125795754058264,0.37699214730764424,0.3699431842453757,0.9299785494804382,2,0.6666666666666666,0.0,0.5545740415139578,0.23411479492413284,0.8750332881037828,0.492753133955717,0.6105553390695445,0.9638369523349196,0.28504779679163256,0.04525059461593628
157601,67,2,0.005905865190596147,0.004266067727366964,1.3843814882087893,0.32525346115194453,0.16997329957383928,0.12886069460463925,0.7918992042541504,2,0.6666666666666666,0.0,0.26875530236416406,0.23411479492413284,0.3033958098041953,0.492753133955717,0.6105553390695445,0.9638369523349196,0.28504779679163256,0.04525059461593628
157601,58,0,0.022248332008641365,0.0028268174594755753,7.870452308900898,2.063115533364186,0.4752873055842507,0.10321083771199112,0.6401169300079346,3,1.0,1.0,0.8176510256271601,0.6993430374855082,0.9359590137688121,0.10446121670208004,0.11012407485307148,0.8812035556060254,0.6467904463244941,0.11697036027908325
157601,58,1,0.022752890014395503,0.0026920614172734583,8.451846551475771,2.1343849443413956,0.5022108744552957,0.10663900636507326,0.7879181504249573,3,1.0,1.0,0.8039733404912488,0.6719876672136854,0.9359590137688121,0.10446121670208004,0.11012407485307148,0.8812035556060254,0.6467904463244941,0.11697036027908325
157601,58,2,0.02659284495334764,0.0031202552714330134,8.522650434498559,2.14272737636361,0.4012414408957231,0.07289664231705754,0.9048885107040405,3,1.0,1.0,0.6856653523495968,0.6719876672136854,0.6993430374855082,0.10446121670208004,0.11012407485307148,0.8812035556060254,0.6467904463244941,0.11697036027908325
365766,79,0,0.01372082395826639,0.004444815547644818,3.086927636952165,1.1271763040976055,0.35417184611576313,0.15085286458333333,0.8437662124633789,3,1.0,1.0,0.4018585006026456,0.3101672269631928,0.49354977424209845,0.1849204712150205,0.27197563144780673,0.952202808229695,0.3273881664770632,0.0773283839225769
365766,79,1,0.023502429804535874,0.004406796163122076,5.333223713835658,1.673955879747177,0.30270250398867365,0.07527018229166667,0.9210945963859558,3,1.0,1.0,0.5584999486841027,0.49354977424209845,0.623450123126107,0.1849204712150205,0.27197563144780673,0.952202808229695,0.3273881664770632,0.0773283839225769
365766,79,2,0.025066990050123517,0.004894952183050018,5.120987725233186,1.633347335570194,0.20182704179021363,0.04705403645833333,0.8026447296142578,2,0.6666666666666666,1.0,0.46680867504464996,0.3101672269631928,0.623450123126107,0.1849204712150205,0.27197563144780673,0.952202808229695,0.3273881664770632,0.0773283839225769
365766,78,0,0.0076823766597610916,0.0039604126859270755,1.9397919527729635,0.6625807266160163,0.413765373263642,0.26678385416666667,0.7544403076171875,3,1.0,1.0,0.21786969900806769,0.09475377321981424,0.3409856247963211,0.3772615067730465,0.43222306499760776,0.953565541974843,0.29578321480630354,0.015595436096191406
365766,78,1,0.007825386752186627,0.004652324132280445,1.6820381658723322,0.5200062521894446,0.1498865157906144,0.09487630208333334,0.7700357437133789,2,0.6666666666666666,1.0,0.23991754439272495,0.13884946398912879,0.3409856247963211,0.3772615067730465,0.43222306499760776,0.953565541974843,0.29578321480630354,0.015595436096191406
365766,78,2,0.01773216864787711,0.00458678233065326,3.8659276516149226,1.3522016666516259,0.09983168766560589,0.02788736979166667,0.6458746194839478,2,0.6666666666666666,1.0,0.11680161860447151,0.09475377321981424,0.13884946398912879,0.3772615067730465,0.43222306499760776,0.953565541974843,0.29578321480630354,0.015595436096191406
508370,1,0,0.0023609354381828214,0.0004001209418091735,5.900554521358317,1.7750463335896656,0.5514489588222496,0.1724275468384075,0.919927179813385,2,0.6666666666666666,1.0,0.3772941670760154,0.19486721861418208,0.5597211155378486,0.3310467116044538,0.46724541123319924,0.9066653021350662,0.48900745509858146,0.0707140564918518
508370,1,1,0.0024862194210356144,0.0005131193251285868,4.845304580113539,1.5780101086015517,0.3842204613296896,0.11408445550351289,0.8492131233215332,1,0.3333333333333333,0.0,0.38000750384610293,0.20029389215435728,0.5597211155378486,0.3310467116044538,0.46724541123319924,0.9066653021350662,0.48900745509858146,0.0707140564918518
508370,1,2,0.0017756334422231955,0.0006329124139538108,2.8054963060770093,1.031580460099311,0.22165867770114608,0.09215456674473067,0.7471891641616821,2,0.6666666666666666,1.0,0.19758055538426966,0.19486721861418208,0.20029389215435728,0.3310467116044538,0.46724541123319924,0.9066653021350662,0.48900745509858146,0.0707140564918518
508370,2,0,0.01845295474289077,0.002701992107263061,6.829388837391165,1.9212351875527738,0.49368937646160477,0.12493779274004684,0.7712273001670837,3,1.0,1.0,0.38045066798172533,0.35481645442262916,0.40608488154082156,0.1690771265786931,0.2016835618957205,0.9278896649727936,0.45076673393497346,0.007319748401641846
508370,2,1,0.020581053943554233,0.003722711235361129,5.528512053938348,1.7099187113736263,0.2476140789976005,0.05618413348946136,0.8612783551216125,2,0.6666666666666666,1.0,0.6252408007860297,0.40608488154082156,0.8443967200312378,0.1690771265786931,0.2016835618957205,0.9278896649727936,0.45076673393497346,0.007319748401641846
508370,2,2,0.02073429507521837,0.00386836845477683,5.359958678252275,1.678956265819931,0.2110008974791466,0.047522687353629973,0.8539586067199707,2,0.6666666666666666,1.0,0.5996065872269335,0.35481645442262916,0.8443967200312378,0.1690771265786931,0.2016835618957205,0.9278896649727936,0.45076673393497346,0.007319748401641846
203389,1,0,0.0035043004549513202,0.0006532365246226811,5.364520074273151,1.6798069174315873,0.5257476203531646,0.171259765625,0.7894898056983948,3,1.0,1.0,0.3061249646150828,0.22562372825429414,0.38662620097587147,0.2853144514468453,0.33723571203974084,0.9303812291169384,0.40315674706891425,0.026693522930145264
203389,1,1,0.003789444067209029,0.0008540253130356345,4.437156609916264,1.4900137683903119,0.32511677349114676,0.09793619791666666,0.81618332862854,3,1.0,1.0,0.4212694894406795,0.38662620097587147,0.4559127779054875,0.2853144514468453,0.33723571203974084,0.9303812291169384,0.40315674706891425,0.026693522930145264
203389,1,2,0.005245845164980546,0.000941890763305814,5.5694836001994386,1.717302338916177,0.21314188303199813,0.04638020833333333,0.7480053901672363,3,1.0,1.0,0.34076825307989084,0.22562372825429414,0.4559127779054875,0.2853144514468453,0.33723571203974084,0.9303812291169384,0.40315674706891425,0.026693522930145264
203389,27,0,0.012757188259441296,0.001747508614592302,7.300214800438831,1.9879037725174822,0.3025680619698617,0.05609375,0.8268313407897949,2,0.6666666666666666,1.0,0.3975128685750441,0.09632577723943012,0.698699959910658,0.14867415871310144,0.2216327847011647,0.9092353322003383,0.497185224106243,0.006455481052398682
203389,27,1,0.0143757775605271,0.0018586526718808894,7.734515313312851,2.0456928206332616,0.24592346271697058,0.040458984375,0.8892244696617126,0,0.0,0.0,0.3677441405392706,0.03678832116788321,0.698699959910658,0.14867415871310144,0.2216327847011647,0.9092353322003383,0.497185224106243,0.006455481052398682
203389,27,2,0.028206256887101582,0.002214904935968529,12.734748302880485,2.544334344069006,0.06890904756875446,0.005777994791666667,0.8956799507141113,2,0.6666666666666666,1.0,0.06655704920365667,0.03678832116788321,0.09632577723943012,0.14867415871310144,0.2216327847011647,0.9092353322003383,0.497185224106243,0.006455481052398682
55528,84,0,0.003303810798073015,0.0014905394665697914,2.216520172699366,0.7959384766144131,0.36376171985562294,0.20505208333333333,0.6068533062934875,2,0.6666666666666666,1.0,0.27401889597747275,0.06396308294114052,0.48407470901380495,0.2958297313496255,0.43293984298030663,0.9150011867940445,0.5181036922980546,0.09804290533065796
55528,84,1,0.003095970688082872,0.001610152344131868,1.9227812184624793,0.6537726895068889,0.2821744012391165,0.16973958333333333,0.7916345000267029,2,0.6666666666666666,0.0,0.27609873585990885,0.06812276270601275,0.48407470901380495,0.2958297313496255,0.43293984298030663,0.9150011867940445,0.5181036922980546,0.09804290533065796
55528,84,2,0.01798769723444475,0.001506221603536198,11.942264790434734,2.480083770973827,0.20870326623025465,0.021608072916666665,0.8896774053573608,2,0.6666666666666666,1.0,0.06604292282357663,0.06396308294114052,0.06812276270601275,0.2958297313496255,0.43293984298030663,0.9150011867940445,0.5181036922980546,0.09804290533065796
55528,63,0,0.004966977657270112,0.004022700446485214,1.2347371428999172,0.2108581078705225,0.4953252934351162,0.442861328125,0.9249085783958435,2,0.6666666666666666,0.0,0.9202331716183312,0.9157589226967672,0.9247074205398953,0.40821014665936334,0.5198902803959993,0.9554021722970558,0.3531386658596251,0.038858115673065186
55528,63,1,0.004929062999277579,0.004059080260332095,1.21433001614508,0.1941924978624986,0.48710748158201045,0.43886393229166665,0.9548458456993103,2,0.6666666666666666,0.0,0.925482296785756,0.9247074205398953,0.9262571730316167,0.40821014665936334,0.5198902803959993,0.9554021722970558,0.3531386658596251,0.038858115673065186
55528,63,2,0.005025057757232325,0.004034660047732995,1.2454724057384572,0.21951490050583297,0.46411737367155786,0.41016276041666666,0.9937039613723755,2,0.6666666666666666,0.0,0.921008047864192,0.9157589226967672,0.9262571730316167,0.40821014665936334,0.5198902803959993,0.9554021722970558,0.3531386658596251,0.038858115673065186
519569,62,0,0.009414132044539116,0.0016594856275011756,5.672921707096571,1.7357042773853102,0.5462772437986757,0.17507702464788732,0.8584581613540649,3,1.0,1.0,0.38206335636911226,0.33899313031887623,0.42513358241934834,0.250360907513809,0.375533913006992,0.9448987134269726,0.37069642390647045,0.0004824995994567871
519569,62,1,0.012386288114128324,0.002145203979172791,5.7739442163120716,1.7533554200888146,0.3495316786936644,0.08514157863849765,0.9037273526191711,2,0.6666666666666666,1.0,0.4534098144654881,0.42513358241934834,0.4816860465116279,0.250360907513809,0.375533913006992,0.9448987134269726,0.37069642390647045,0.0004824995994567871
519569,62,2,0.013244479567279211,0.002312956104494987,5.726213107033785,1.745054423494045,0.2827793504497104,0.06441828051643192,0.9042098522186279,2,0.6666666666666666,1.0,0.4103395884152521,0.33899313031887623,0.4816860465116279,0.250360907513809,0.375533913006992,0.9448987134269726,0.37069642390647045,0.0004824995994567871
519569,79,0,0.015196715098108889,0.0015011379943924135,10.123463095833708,2.314855808532604,0.6276644573697105,0.1427486795774648,0.8595043420791626,3,1.0,1.0,0.28981623124348854,0.1446100121983305,0.43502245028864656,0.12280851791997478,0.16631045655237026,0.8923648803979333,0.5829474404496287,0.0032288432121276855
519569,79,1,0.018931162074975433,0.0024263695826110573,7.802258239159523,2.0544132096871306,0.3417615970408724,0.06239363262910798,0.8627331852912903,3,1.0,1.0,0.27098818760166116,0.10695392491467577,0.43502245028864656,0.12280851791997478,0.16631045655237026,0.8923648803979333,0.5829474404496287,0.0032288432121276855
519569,79,2,0.028345505363488368,0.0026127513885362257,10.84891026257183,2.384064638348327,0.26880881519618327,0.032775821596244134,0.7112690210342407,3,1.0,1.0,0.12578196855650314,0.10695392491467577,0.1446100121983305,0.12280851791997478,0.16631045655237026,0.8923648803979333,0.5829474404496287,0.0032288432121276855
196754,62,0,0.00090474164169117,0.00047518365596953147,1.9039830777454148,0.6439480496962126,0.5176708626585386,0.3604906666666667,0.9019871950149536,3,1.0,1.0,0.7064858650713313,0.6549811960769855,0.7579905340656772,0.32196692179072345,0.4491355656871779,0.9119144183575478,0.5068511168378137,0.022493183612823486
196754,62,1,0.0011081079092793108,0.00044287147266338137,2.5020981823759634,0.9171296537343683,0.49483802135077404,0.28134933333333334,0.956874430179596,3,1.0,1.0,0.8011434137780421,0.7579905340656772,0.844296293490407,0.32196692179072345,0.4491355656871779,0.9119144183575478,0.5068511168378137,0.022493183612823486
196754,62,2,0.0011491010749392968,0.00046791716241421206,2.455778853151586,0.8984439635959269,0.43407080052471647,0.23799466666666666,0.9343812465667725,3,1.0,1.0,0.7496387447836963,0.6549811960769855,0.844296293490407,0.32196692179072345,0.4491355656871779,0.9119144183575478,0.5068511168378137,0.022493183612823486
196754,13,0,0.021402061603051217,0.002472870924426738,8.654742705326566,2.1581074603678005,0.514308141657209,0.10901333333333334,0.8589208126068115,2,0.6666666666666666,1.0,0.447618072588836,0.3326721176641347,0.5625640275135373,0.12088611375065596,0.1718329588970654,0.9015043661672927,0.6038276987790118,0.03675812482833862
196754,13,1,0.03096555173947453,0.0027949351402648437,11.07916648307664,2.405066451362579,0.421974907431055,0.06181866666666667,0.8956789374351501,2,0.6666666666666666,1.0,0.5339996238703044,0.5054352202270714,0.5625640275135373,0.12088611375065596,0.1718329588970654,0.9015043661672927,0.6038276987790118,0.03675812482833862
196754,13,2,0.013889323188766003,0.004168033008370051,3.33234481529819,1.2036762050061396,0.11601978704328558,0.037893333333333334,0.7540128231048584,1,0.3333333333333333,0.0,0.41905366894560303,0.3326721176641347,0.5054352202270714,0.12088611375065596,0.1718329588970654,0.9015043661672927,0.6038276987790118,0.03675812482833862
410880,1,0,0.00401350160563609,0.0005869384725176726,6.838027811641221,1.922499358676661,0.6437285142687554,0.209008,0.9302762746810913,3,1.0,1.0,0.671000439846098,0.4083547329078844,0.9336461467843117,0.1767275135824964,0.2577320401819471,0.931742031755018,0.3732612558482897,0.03130745887756348
410880,1,1,0.004038275860346783,0.0006388858336723793,6.320809824211569,1.8438473369399222,0.6055235126751193,0.19539733333333334,0.8664801716804504,3,1.0,1.0,0.6791828663170911,0.4247195858498706,0.9336461467843117,0.1767275135824964,0.2577320401819471,0.931742031755018,0.3732612558482897,0.03130745887756348
410880,1,2,0.004432076394047264,0.0010071490592835452,4.4006161240913935,1.4817445595493992,0.29391232195155836,0.086416,0.8989688158035278,3,1.0,1.0,0.4165371593788775,0.4083547329078844,0.4247195858498706,0.1767275135824964,0.2577320401819471,0.931742031755018,0.3732612558482897,0.03130745887756348
410880,88,0,0.036648320429778995,0.0025178695810727132,14.555289396526272,2.677954459990196,0.793232437386357,0.208592,0.9862949252128601,3,1.0,1.0,0.7469712444860499,0.5212077825786823,0.9727347063934175,0.13131872590328775,0.17672780494504037,0.9149146121183475,0.45307203525698925,0.005215167999267578
410880,88,1,0.03717731847063663,0.0026162408744283237,14.210204732983563,2.6539603497016158,0.7836759219943793,0.20314666666666667,0.9810797572135925,3,1.0,1.0,0.7539764997142588,0.5352182930351002,0.9727347063934175,0.13131872590328775,0.17672780494504037,0.9149146121183475,0.45307203525698925,0.005215167999267578
410880,88,2,0.045263344163134545,0.005290748413021794,8.555187399040836,2.146537812332744,0.5107033792788721,0.108736,0.8554201126098633,3,1.0,1.0,0.5282130378068912,0.5212077825786823,0.5352182930351002,0.13131872590328775,0.17672780494504037,0.9149146121183475,0.45307203525698925,0.005215167999267578
182441,1,0,0.0004472274813577099,0.0016314027894876835,0.2741367637504273,-1.2941281571106096,0.5371336155930794,0.8089089912280701,0.9894304871559143,2,0.6666666666666666,1.0,0.2833285174589095,0.13419304302416665,0.4324639918936524,0.09361639064357959,0.12808411805081255,0.7445027333007507,0.9939558437568378,0.038533568382263184
182441,1,1,0.0009591493732714606,0.0005172269984545722,1.854407009461814,0.6175649745470226,0.5036325485242643,0.3536497493734336,0.9508969187736511,2,0.6666666666666666,1.0,0.3691103289858515,0.3057566660780505,0.4324639918936524,0.09361639064357959,0.12808411805081255,0.7445027333007507,0.9939558437568378,0.038533568382263184
182441,1,2,0.002467996225203129,0.00045248177246140286,5.454355003790338,1.696414373247569,0.4018517631323524,0.10966478696741855,0.6670462489128113,2,0.6666666666666666,1.0,0.2199748545511086,0.13419304302416665,0.3057566660780505,0.09361639064357959,0.12808411805081255,0.7445027333007507,0.9939558437568378,0.038533568382263184
182441,16,0,0.0025841279984147006,0.0036323815399404323,0.7114142524096364,-0.3405003849693768,0.738540086433858,0.798813439849624,0.971920371055603,3,1.0,1.0,0.3922078228393484,0.1311634685450571,0.6532521771336397,0.2224118526412,0.23472183190746984,0.9462609121369058,0.3365310139591977,0.015073716640472412
182441,16,1,0.002580144773926957,0.0030370391076356114,0.8495592850913554,-0.16303755169946613,0.48897664893212894,0.5296992481203008,0.9568466544151306,2,0.6666666666666666,0.0,0.42596951995941723,0.1986868627851947,0.6532521771336397,0.2224118526412,0.23472183190746984,0.9462609121369058,0.3365310139591977,0.015073716640472412
182441,16,2,0.004042278560729943,0.002636069585269399,1.5334491099116356,0.42751951868796556,0.163478113934456,0.11303649749373433,0.5756489038467407,2,0.6666666666666666,1.0,0.16492516566512588,0.1311634685450571,0.1986868627851947,0.2224118526412,0.23472183190746984,0.9462609121369058,0.3365310139591977,0.015073716640472412
308799,81,0,0.007288047241201243,0.0012694442105995443,5.741132359032972,1.747656466105366,0.8057637228189942,0.419472,0.8984774351119995,3,1.0,1.0,0.22724878209024071,0.15603982047728632,0.2984577437031951,0.23792530971189843,0.3443894843511772,0.9499427153365153,0.337586385078465,0.025936663150787354
308799,81,1,0.011094453703884408,0.0027493124882779934,4.0353556560600214,1.3950944406935066,0.36608784142434503,0.12519466666666668,0.8725407719612122,3,1.0,1.0,0.4098458931281933,0.2984577437031951,0.5212340425531915,0.23792530971189843,0.3443894843511772,0.9499427153365153,0.337586385078465,0.025936663150787354
308799,81,2,0.014934966355893437,0.0030136294731269897,4.955807103731592,1.6005600413111658,0.25770214424755344,0.06546666666666667,0.7937750816345215,3,1.0,1.0,0.3386369315152389,0.15603982047728632,0.5212340425531915,0.23792530971189843,0.3443894843511772,0.9499427153365153,0.337586385078465,0.025936663150787354
308799,79,0,0.009691723200064645,0.0019249185126710747,5.034874531691861,1.6163886067361788,0.7365758685895908,0.35706133333333334,0.8085875511169434,3,1.0,1.0,0.23036059400443065,0.16642518932321618,0.29429599868564515,0.20754568881715274,0.28762320217161647,0.9413568959271749,0.3869469645619694,0.04134654998779297
308799,79,1,0.01644476304265475,0.0033184456833311405,4.955561912705925,1.60051056458282,0.3679108228734212,0.10510933333333333,0.8499341011047363,3,1.0,1.0,0.4284375703300079,0.29429599868564515,0.5625791419743706,0.20754568881715274,0.28762320217161647,0.9413568959271749,0.3869469645619694,0.04134654998779297
308799,79,2,0.01976953338990227,0.0037459592823225907,5.277562273011972,1.6634643004393483,0.25005293891178204,0.059424,0.7096621990203857,3,1.0,1.0,0.3645021656487934,0.16642518932321618,0.5625791419743706,0.20754568881715274,0.28762320217161647,0.9413568959271749,0.3869469645619694,0.04134654998779297
123213,15,0,0.0013372384676502743,0.0019032735292957323,0.702599204141978,-0.3529686711359805,0.4440087949489657,0.5319714604591836,0.970647931098938,3,1.0,1.0,0.30451347236327264,0.30345616170558076,0.3055707830209645,0.2139824454871305,0.26662650635742363,0.9728716744434381,0.26012368210897996,0.0076403021812438965
123213,15,1,0.0016474458256308096,0.0015927311790998099,1.0343527182833019,0.03377583872158823,0.1771799881842807,0.1723094706632653,0.9630076289176941,2,0.6666666666666666,0.0,0.6269747074544458,0.30345616170558076,0.950493253203311,0.2139824454871305,0.26662650635742363,0.9728716744434381,0.26012368210897996,0.0076403021812438965
123213,15,2,0.001734180657971743,0.0015750203144647033,1.10105288226716,0.09626688828739584,0.1845623668825006,0.17051179846938774,0.9625463485717773,2,0.6666666666666666,0.0,0.6280320181121377,0.3055707830209645,0.950493253203311,0.2139824454871305,0.26662650635742363,0.9728716744434381,0.26012368210897996,0.0076403021812438965
123213,1,0,0.0030636096753634706,0.0006107639708787423,5.016028803957846,1.6126385460563826,0.28697676185057697,0.07427853954081633,0.9566424489021301,2,0.6666666666666666,1.0,0.5754637826685494,0.40844013083811465,0.742487434498984,0.12149206869550189,0.15156377295069143,0.9493740179586037,0.3484962989493116,0.03720748424530029
123213,1,1,0.003184566411074219,0.0006521122100200195,4.883463853702403,1.5858547744724305,0.2233581509430248,0.05561623086734694,0.9194349646568298,2,0.6666666666666666,1.0,0.6081001968343616,0.47371295916973916,0.742487434498984,0.12149206869550189,0.15156377295069143,0.9493740179586037,0.3484962989493116,0.03720748424530029
123213,1,2,0.0033269420395501217,0.0007134637758565289,4.663084724789244,1.539677187549781,0.12761760493821026,0.030416932397959184,0.6738612651824951,2,0.6666666666666666,1.0,0.4410765450039269,0.40844013083811465,0.47371295916973916,0.12149206869550189,0.15156377295069143,0.9493740179586037,0.3484962989493116,0.03720748424530029
267169,22,0,0.01467682363650278,0.0025746562545622257,5.7004983111028205,1.7405535940879662,0.8453184883744623,0.48944947429906543,0.9882481098175049,3,1.0,1.0,0.621753585952987,0.5211370534149633,0.7223701184910106,0.1355150870849578,0.20058251217585085,0.9650560412895631,0.3035594361108882,0.023163020610809326
267169,22,1,0.016217400645168495,0.004272181524878693,3.7960467145255334,1.3339601869837627,0.6751248823532726,0.3537711740654206,0.9650850892066956,3,1.0,1.0,0.6987660202336059,0.6751619219762013,0.7223701184910106,0.1355150870849578,0.20058251217585085,0.9650560412895631,0.3035594361108882,0.023163020610809326
267169,22,2,0.019102287119885816,0.004863786572187399,3.927451756454736,1.3679908075993354,0.5737446184164101,0.2552424065420561,0.797406792640686,3,1.0,1.0,0.5981494876955823,0.5211370534149633,0.6751619219762013,0.1355150870849578,0.20058251217585085,0.9650560412895631,0.3035594361108882,0.023163020610809326
267169,1,0,0.0020122347770574825,0.00045146534634827386,4.457118999003005,1.4945025934549698,0.5474396297679754,0.21346378504672897,0.7748908400535583,3,1.0,1.0,0.100430647638681,0.06540989748305576,0.13545139779430623,0.1588389862396871,0.23825522994190074,0.9166019469186216,0.5153106648666337,0.06493586301803589
267169,1,1,0.005188736967706862,0.0005764822006184317,9.000688925243246,2.1973011218486027,0.29844205975413,0.045129964953271026,0.8477560877799988,2,0.6666666666666666,1.0,0.2191748594926552,0.13545139779430623,0.3028983211910041,0.1588389862396871,0.23825522994190074,0.9166019469186216,0.5153106648666337,0.06493586301803589
267169,1,2,0.008014518975554111,0.0006750175136666413,11.873053367381285,2.474271409650621,0.15255153250350664,0.014935017523364486,0.7828202247619629,2,0.6666666666666666,1.0,0.18415410933702994,0.06540989748305576,0.3028983211910041,0.1588389862396871,0.23825522994190074,0.9166019469186216,0.5153106648666337,0.06493586301803589
415194,67,0,0.003053955090978167,0.0026741521730642933,1.1420274136219528,0.13280511619604995,0.2699054987973422,0.24454752604166666,0.8305545449256897,3,1.0,1.0,0.2910991301233907,0.07525736599219027,0.5069408942545912,0.19124495678129697,0.26465790083949925,0.927732019145785,0.45870610068749845,0.05340921878814697
415194,67,1,0.004840119947535161,0.00245816043110941,1.969000836687348,0.6775262247935951,0.22682219407085588,0.12967122395833333,0.7771453261375427,3,1.0,1.0,0.3325803004846406,0.15821970671469,0.5069408942545912,0.19124495678129697,0.26465790083949925,0.927732019145785,0.45870610068749845,0.05340921878814697
415194,67,2,0.00862630583439347,0.002576254540661622,3.348390345322676,1.2084797365451687,0.09830571184383727,0.031533203125,0.6851787567138672,2,0.6666666666666666,0.0,0.11673853635344013,0.07525736599219027,0.15821970671469,0.19124495678129697,0.26465790083949925,0.927732019145785,0.45870610068749845,0.05340921878814697
415194,62,0,0.005737194094089508,0.0028153063445066568,2.037857834990605,0.7118991754222651,0.11371537165088999,0.059231770833333336,0.5708199739456177,2,0.6666666666666666,1.0,0.3179584254339498,0.27222821751982357,0.36368863334807605,0.2357093755736331,0.32232498942543475,0.9213091591239502,0.4905759748312935,0.11685830354690552
415194,62,1,0.007160988147175356,0.0028093663199655066,2.548969172775699,0.9356890316102374,0.09857360611435728,0.041136067708333335,0.71352618932724,2,0.6666666666666666,1.0,0.4139459333022135,0.36368863334807605,0.46420323325635104,0.2357093755736331,0.32232498942543475,0.9213091591239502,0.4905759748312935,0.11685830354690552
415194,62,2,0.010876308963622735,0.002752515174876386,3.9514074468852933,1.3740718312067846,0.10566749312862693,0.029033203125,0.5966678857803345,3,1.0,1.0,0.36821572538808733,0.27222821751982357,0.46420323325635104,0.2357093755736331,0.32232498942543475,0.9213091591239502,0.4905759748312935,0.11685830354690552
154644,1,0,0.008465865810420211,0.0015171173820655113,5.580231236500599,1.7192302158858006,0.6861363795383612,0.281484,0.73321932554245,3,1.0,1.0,0.43802213590688444,0.1687597670123597,0.7072845048014091,0.12869090179371137,0.15874914630977272,0.932964246502646,0.4279236253767103,0.06866079568862915
154644,1,1,0.009392512800927929,0.0020000584259055464,4.696119210607188,1.5467364678737665,0.5388740546529155,0.19926,0.7935587763786316,3,1.0,1.0,0.46279238565507236,0.21830026650873557,0.7072845048014091,0.12869090179371137,0.15874914630977272,0.932964246502646,0.4279236253767103,0.06866079568862915
154644,1,2,0.01630083486992145,0.002832073598230175,5.755794932148799,1.750207161653486,0.22337221781890354,0.047592,0.8622195720672607,3,1.0,1.0,0.19353001676054765,0.1687597670123597,0.21830026650873557,0.12869090179371137,0.15874914630977272,0.932964246502646,0.4279236253767103,0.06866079568862915
154644,46,0,0.017628745959410226,0.0025094610819864486,7.024913069554633,1.9494628407593493,0.6967933468393221,0.246496,0.7249088287353516,3,1.0,1.0,0.2542651827436429,0.20581492961384476,0.302715435873441,0.13062781966471057,0.18818963311033923,0.8597812696972685,0.7254932766617042,0.025239527225494385
154644,46,1,0.043896072728630074,0.0031180938372671616,14.077854934931889,2.6446029907751707,0.5382426375200035,0.076468,0.8992523550987244,3,1.0,1.0,0.4931739024845052,0.302715435873441,0.6836323690955693,0.13062781966471057,0.18818963311033923,0.8597812696972685,0.7254932766617042,0.025239527225494385
154644,46,2,0.055618808934729765,0.0035123891251672085,15.835036192422722,2.762224965602606,0.4662262621184679,0.052276,0.9244918823242188,3,1.0,1.0,0.44472364935470704,0.20581492961384476,0.6836323690955693,0.13062781966471057,0.18818963311033923,0.8597812696972685,0.7254932766617042,0.025239527225494385
142620,62,0,0.005152572789788888,0.0031845875655741574,1.6179717725054754,0.48117337276069017,0.2536360618018229,0.1735768779342723,0.8780462741851807,3,1.0,1.0,0.5120308902578228,0.48060964453737587,0.5434521359782698,0.38518126009252646,0.4902807509040248,0.9458663173364853,0.37548987631223074,0.01555776596069336
142620,62,1,0.004556583972299315,0.003314676482350688,1.374669291312927,0.31821318700074747,0.22007542138529335,0.17030883215962442,0.893604040145874,3,1.0,1.0,0.6640995392032146,0.5434521359782698,0.7847469424281595,0.38518126009252646,0.4902807509040248,0.9458663173364853,0.37548987631223074,0.01555776596069336
142620,62,2,0.004278997951280575,0.003384000350438721,1.2644791687037924,0.23466031328661502,0.19278168143852883,0.15886517018779342,0.865135908126831,3,1.0,1.0,0.6326782934827677,0.48060964453737587,0.7847469424281595,0.38518126009252646,0.4902807509040248,0.9458663173364853,0.37548987631223074,0.01555776596069336
142620,1,0,0.002114763103516489,0.0009448695577116955,2.2381534932715077,0.8056511930293017,0.4510142745095664,0.2685042546948357,0.6927226185798645,2,0.6666666666666666,1.0,0.14241537670549817,0.10007492677610517,0.18475582663489115,0.15081194492771297,0.2240653560702975,0.9489251377129823,0.3578985387644678,0.06778144836425781
142620,1,1,0.004485092238531839,0.0010739716938854373,4.176173599258845,1.429395420643007,0.1932273682009703,0.0542400234741784,0.8875739574432373,2,0.6666666666666666,1.0,0.32709730275096094,0.18475582663489115,0.4694387788670307,0.15081194492771297,0.2240653560702975,0.9489251377129823,0.3578985387644678,0.06778144836425781
142620,1,2,0.007038344386063381,0.001094479492172295,6.430768625607672,1.8610940686671236,0.154730215978672,0.027677523474178404,0.8197925090789795,2,0.6666666666666666,1.0,0.28475685282156793,0.10007492677610517,0.4694387788670307,0.15081194492771297,0.2240653560702975,0.9489251377129823,0.3578985387644678,0.06778144836425781
343149,1,0,0.0006940776892336465,0.00025710398625591175,2.699599086897036,0.993103277091426,0.8503649686392049,0.67794921875,0.9797986745834351,3,1.0,1.0,0.5989395058533223,0.5205436703026579,0.6773353414039868,0.3086767237691212,0.39549795169058816,0.8901043943786452,0.5715832757221497,0.038326382637023926
343149,1,1,0.0007259604076796077,0.00040605496026023286,1.7878377976875737,0.5810069568367837,0.6040591069847879,0.46043294270833335,0.9414722919464111,3,1.0,1.0,0.7217086477045518,0.6773353414039868,0.7660819540051168,0.3086767237691212,0.39549795169058816,0.8901043943786452,0.5715832757221497,0.038326382637023926
343149,1,2,0.0007428848286048509,0.0004499356723811926,1.6510911949305855,0.5014364009370617,0.4739253316392232,0.35301106770833335,0.8167041540145874,3,1.0,1.0,0.6433128121538874,0.5205436703026579,0.7660819540051168,0.3086767237691212,0.39549795169058816,0.8901043943786452,0.5715832757221497,0.038326382637023926
343149,85,0,0.007507998013076223,0.0004072325756118407,18.436634111009678,2.91433966965975,0.9610798141335042,0.5725358072916666,0.9457584023475647,3,1.0,1.0,0.20710358590654013,0.07270173922437075,0.3415054325887095,0.10199150248002621,0.1342281879194631,0.8564924677371272,0.7105201222160535,0.05751156806945801
343149,85,1,0.017862616974122326,0.0012183126069348646,14.66176813552054,2.6852432987588353,0.7808686894433569,0.19552408854166667,0.8882468342781067,3,1.0,1.0,0.2771957363559547,0.21288604012319987,0.3415054325887095,0.10199150248002621,0.1342281879194631,0.8564924677371272,0.7105201222160535,0.05751156806945801
343149,85,2,0.05979232310183311,0.002070021837223103,28.88487551085865,3.3633181194209896,0.5564492155713605,0.041624348958333335,0.6652295589447021,3,1.0,1.0,0.1427938896737853,0.07270173922437075,0.21288604012319987,0.10199150248002621,0.1342281879194631,0.8564924677371272,0.7105201222160535,0.05751156806945801
117492,88,0,0.026314936781706107,0.0026280986235441084,10.012918288510162,2.303876088190088,0.3099643165352766,0.04293589369158878,0.7453885078430176,3,1.0,1.0,0.33425765795167384,0.2334267040149393,0.43508861188840836,0.09111283270619515,0.1142446995594935,0.9262878089272565,0.5060769133528631,0.00013297796249389648
117492,88,1,0.042272442355787164,0.002903057626988009,14.561351434516466,2.678370856789546,0.21858712845662917,0.018848568925233646,0.838446319103241,3,1.0,1.0,0.4793073172751049,0.43508861188840836,0.5235260226618014,0.09111283270619515,0.1142446995594935,0.9262878089272565,0.5060769133528631,0.00013297796249389648
117492,88,2,0.05092645219160708,0.003162099966692214,16.10526318330618,2.779146124383411,0.14128248018218892,0.010112441588785047,0.8385792970657349,2,0.6666666666666666,1.0,0.3784763633383703,0.2334267040149393,0.5235260226618014,0.09111283270619515,0.1142446995594935,0.9262878089272565,0.5060769133528631,0.00013297796249389648
117492,1,0,0.002925323003460869,0.0006495037332555554,4.503935619113568,1.5049515969193357,0.199731376481411,0.052504380841121495,0.8838826417922974,3,1.0,1.0,0.37749971203186905,0.2725336173612036,0.4824658067025345,0.20673728095675373,0.2545325285829625,0.9247386709575501,0.44560901248146545,0.036573708057403564
117492,1,1,0.0033049384448168503,0.0006878996422354845,4.804390403914617,1.5695301676452336,0.13317476230091455,0.03098714953271028,0.8473089337348938,3,1.0,1.0,0.4381546828157412,0.3938435589289479,0.4824658067025345,0.20673728095675373,0.2545325285829625,0.9247386709575501,0.44560901248146545,0.036573708057403564
117492,1,2,0.003734722590332462,0.0007168378690378425,5.209996215929975,1.6505791297237433,0.08393436062788236,0.017282418224299066,0.7622758150100708,3,1.0,1.0,0.33318858814507574,0.2725336173612036,0.3938435589289479,0.20673728095675373,0.2545325285829625,0.9247386709575501,0.44560901248146545,0.036573708057403564
278705,1,0,0.000879048431027446,0.0010747752462712408,0.8178904689694633,-0.20102685122266364,0.2747256995501487,0.316533203125,0.9522626996040344,1,0.3333333333333333,1.0,0.3871645990091311,0.0505208437070528,0.7238083543112094,0.17665249529093333,0.2571428571428572,0.9385924184206176,0.38744357653043354,0.00029921531677246094
278705,1,1,0.000898246876864011,0.001047397184275116,0.857599093726867,-0.15361854430793065,0.20559530620104507,0.23181966145833333,0.9525619149208069,1,0.3333333333333333,1.0,0.3932231303376478,0.06263790636408617,0.7238083543112094,0.17665249529093333,0.2571428571428572,0.9385924184206176,0.38744357653043354,0.00029921531677246094
278705,1,2,0.0028546272391888642,0.0009620063100370764,2.967368515609296,1.0876755387353294,0.07567354139827917,0.026848958333333332,0.6127955317497253,2,0.6666666666666666,0.0,0.056579375035569486,0.0505208437070528,0.06263790636408617,0.17665249529093333,0.2571428571428572,0.9385924184206176,0.38744357653043354,0.00029921531677246094
278705,3,0,0.010952113008163353,0.0014610036531807356,7.496294055681059,2.0144087726039417,0.5273839403672539,0.1295703125,0.9083199501037598,3,1.0,1.0,0.6677844269956901,0.4307676949186383,0.9048011590727418,0.23126695171743653,0.3459651451746711,0.9060800440081411,0.5704741563787274,0.004721283912658691
278705,3,1,0.010899376111553429,0.0015857118870579948,6.873490823671495,1.9276721029902242,0.4806063712404392,0.11864908854166667,0.9035986661911011,3,1.0,1.0,0.6848735051938907,0.4649458513150395,0.9048011590727418,0.23126695171743653,0.3459651451746711,0.9060800440081411,0.5704741563787274,0.004721283912658691
278705,3,2,0.014162751248667699,0.001996770136777632,7.092830056258042,1.959084422643319,0.3002500847624798,0.057044270833333334,0.7541017532348633,2,0.6666666666666666,1.0,0.4478567731168389,0.4307676949186383,0.4649458513150395,0.23126695171743653,0.3459651451746711,0.9060800440081411,0.5704741563787274,0.004721283912658691
425390,73,0,0.012224512300886167,0.00370938375873328,3.2955641941358906,1.1925773807338966,0.3690379869750279,0.15072533333333332,0.9643200635910034,2,0.6666666666666666,1.0,0.34354213754167134,0.016209145370440586,0.6708751297129021,0.40959631105340516,0.5953131544774355,0.928734955890679,0.4323267649647605,0.019455552101135254
425390,73,1,0.009969216590099693,0.0036703749457005696,2.716130295914693,0.999208182105087,0.419212597950952,0.209952,0.9448645114898682,3,1.0,1.0,0.45861257159785096,0.2463500134827998,0.6708751297129021,0.40959631105340516,0.5953131544774355,0.928734955890679,0.4323267649647605,0.019455552101135254
425390,73,2,0.004581493178149288,0.005057112830520932,0.9059503576018489,-0.09877076715601737,0.12402234437714861,0.13515733333333332,0.9256809949874878,1,0.3333333333333333,0.0,0.1312795794266202,0.016209145370440586,0.2463500134827998,0.40959631105340516,0.5953131544774355,0.928734955890679,0.4323267649647605,0.019455552101135254
425390,17,0,0.02004007375601877,0.0028714686758275713,6.979032687258583,1.9429103237332932,0.84077953273547,0.43073066666666665,0.9071812629699707,3,1.0,1.0,0.27758620838597853,0.12135742356459626,0.4338149932073608,0.11346070798621295,0.1262029252764738,0.9479459776850667,0.37338996906762933,0.012989997863769531
425390,17,1,0.029135470003120795,0.005885010863884186,4.950792899461225,1.5995477454965394,0.5347989958983248,0.188448,0.8174678087234497,3,1.0,1.0,0.3563915059750638,0.27896801874276683,0.4338149932073608,0.11346070798621295,0.1262029252764738,0.9479459776850667,0.37338996906762933,0.012989997863769531
425390,17,2,0.049986546859845334,0.008034437421026195,6.221536647084779,1.828016925629966,0.259051031972785,0.053205333333333334,0.8941912651062012,3,1.0,1.0,0.20016272115368156,0.12135742356459626,0.27896801874276683,0.11346070798621295,0.1262029252764738,0.9479459776850667,0.37338996906762933,0.012989997863769531
230993,28,0,0.011252779027227938,0.0035289341606179205,3.1887188912781657,1.1596192347419496,0.5619196874104478,0.2868642769607843,0.9292908906936646,3,1.0,1.0,0.769763718324092,0.7068478550492939,0.83267958159889,0.2649540643206561,0.31318693881962256,0.9553025881048526,0.3000516208964593,0.05744904279708862
230993,28,1,0.01257451278841827,0.0035974049841822654,3.49543986296032,1.251459222770502,0.5235644354204848,0.2391888786764706,0.9343203902244568,3,1.0,1.0,0.8396666315938763,0.83267958159889,0.8466536815888627,0.2649540643206561,0.31318693881962256,0.9553025881048526,0.3000516208964593,0.05744904279708862
230993,28,2,0.014605869006783602,0.0034767895808180747,4.20096432731081,1.4353141007440116,0.5181058687072428,0.20377604166666666,0.9917694330215454,3,1.0,1.0,0.7767507683190783,0.7068478550492939,0.8466536815888627,0.2649540643206561,0.31318693881962256,0.9553025881048526,0.3000516208964593,0.05744904279708862
230993,1,0,0.0006049404316588915,0.0002198831889887612,2.7511899917852363,1.0120335440189225,0.4746201621715172,0.24719286151960784,0.9335190057754517,3,1.0,1.0,0.19129634132794227,0.11696864757899944,0.2656240350768851,0.13606835152543162,0.15600611880697907,0.9413097847427878,0.3833510577198604,0.020238399505615234
230993,1,1,0.0011883704719193855,0.0002526032698338846,4.70449360373039,1.548518138698571,0.2517716051340877,0.06675091911764706,0.9132806062698364,3,1.0,1.0,0.3500779992736024,0.2656240350768851,0.43453196347031964,0.13606835152543162,0.15600611880697907,0.9413097847427878,0.3833510577198604,0.020238399505615234
230993,1,2,0.0018978478315401356,0.00026695551721084445,7.1092286994464535,1.9613937573670501,0.17769646788038213,0.02949984681372549,0.8869255781173706,3,1.0,1.0,0.2757503055246595,0.11696864757899944,0.43453196347031964,0.13606835152543162,0.15600611880697907,0.9413097847427878,0.3833510577198604,0.020238399505615234
157807,70,0,0.04154390392060791,0.005921674601510068,7.015566830200084,1.9481315129085939,0.42864909620904607,0.09660787470725996,0.8888596296310425,3,1.0,1.0,0.5205719580824727,0.20958509484080962,0.8315588213241358,0.17602920929571989,0.25920804741480696,0.9511986896589838,0.4163458705884323,0.031318068504333496
157807,70,1,0.04411343379462311,0.006252201402285673,7.055664229153031,1.9538307310235996,0.3871139421712153,0.08216481264637002,0.8526817560195923,3,1.0,1.0,0.544355901050942,0.25715298077774823,0.8315588213241358,0.17602920929571989,0.25920804741480696,0.9511986896589838,0.4163458705884323,0.031318068504333496
157807,70,2,0.06416981288814574,0.008147412459051689,7.876097252076352,2.0638325086182534,0.14871668508192507,0.021699355971896955,0.857541561126709,2,0.6666666666666666,1.0,0.23336903780927892,0.20958509484080962,0.25715298077774823,0.17602920929571989,0.25920804741480696,0.9511986896589838,0.4163458705884323,0.031318068504333496
157807,17,0,0.037925450732391744,0.004051291581453057,9.361323410206845,2.236586670500611,0.6533881532494933,0.16761563231850118,0.8596147894859314,3,1.0,1.0,0.6710609904923368,0.5045125372420243,0.8376094437426493,0.30883198668218953,0.4188189482092216,0.9226579868322531,0.3998812691669893,0.11831480264663696
157807,17,1,0.04448888371787547,0.0040177339570021545,11.073128331274045,2.4045213022381686,0.6453186877675109,0.1411226580796253,0.9779295921325684,3,1.0,1.0,0.7173350815464568,0.5970607193502643,0.8376094437426493,0.30883198668218953,0.4188189482092216,0.9226579868322531,0.3998812691669893,0.11831480264663696
157807,17,2,0.04997045828662905,0.005964959602644008,8.377333897802421,2.1255297132731217,0.43934093225268117,0.08553864168618266,0.7777036428451538,3,1.0,1.0,0.5507866282961442,0.5045125372420243,0.5970607193502643,0.30883198668218953,0.4188189482092216,0.9226579868322531,0.3998812691669893,0.11831480264663696
405306,65,0,0.006359396866789198,0.0018662701520531788,3.4075435736810977,1.2259916722446975,0.7311580038115393,0.4438661570743405,0.937968909740448,3,1.0,1.0,0.44235341342146683,0.442211732973702,0.44249509386923164,0.1642493818650038,0.2463686126654443,0.9215461267356037,0.48895600524843563,0.027737557888031006
405306,65,1,0.01161725845864272,0.0019472278533739442,5.9660498552070065,1.7860850426986992,0.5954185969191272,0.19786795563549162,0.9781740307807922,3,1.0,1.0,0.7191656330879961,0.44249509386923164,0.9958361723067606,0.1642493818650038,0.2463686126654443,0.9215461267356037,0.48895600524843563,0.027737557888031006
405306,65,2,0.011630647248139404,0.0019512500352536586,5.960613469337788,1.7851734069631406,0.5942760961802492,0.19726094124700239,1.0059115886688232,3,1.0,1.0,0.7190239526402313,0.442211732973702,0.9958361723067606,0.1642493818650038,0.2463686126654443,0.9215461267356037,0.48895600524843563,0.027737557888031006
405306,17,0,0.015170413118823651,0.006890225384254003,2.2017295909202548,0.7892432292454089,0.6455343718223201,0.4526978417266187,0.9776155948638916,3,1.0,1.0,0.5613812395728572,0.5560704815246215,0.566691997621093,0.20111755488561125,0.25194400753798424,0.9729972190739183,0.251680468529376,0.009343087673187256
405306,17,1,0.023982822468546675,0.005998854966722361,3.9979000321877174,1.3857692313519898,0.5816034563213086,0.257996103117506,0.9885762333869934,3,1.0,1.0,0.7732944711234865,0.566691997621093,0.97989694462588,0.20111755488561125,0.25194400753798424,0.9729972190739183,0.251680468529376,0.009343087673187256
405306,17,2,0.024021508059770064,0.0061033046919612656,3.9358198989267654,1.3701192207982427,0.5715175382696209,0.25311375899280575,0.9792331457138062,3,1.0,1.0,0.7679837130752507,0.5560704815246215,0.97989694462588,0.20111755488561125,0.25194400753798424,0.9729972190739183,0.251680468529376,0.009343087673187256
570539,1,0,0.001674654099293179,0.0010597300707884867,1.5802647710722189,0.45759241022460556,0.66386730630319,0.5555161290322581,0.8110352754592896,2,0.6666666666666666,1.0,0.3196954650412892,0.25661052208981916,0.3827804079927592,0.45232067084623223,0.5269171454613124,0.9120859487019242,0.5018605817565057,0.007312953472137451
570539,1,1,0.0017462778590281436,0.001254398525061306,1.3921236534861794,0.33083039006701564,0.3722459219478002,0.2987150537634409,0.8851142525672913,2,0.6666666666666666,1.0,0.49286026814463335,0.3827804079927592,0.6029401282965074,0.45232067084623223,0.5269171454613124,0.9120859487019242,0.5018605817565057,0.007312953472137451
570539,1,2,0.002225409423754923,0.0012143627529383133,1.832573847096078,0.6057214529678081,0.29367326414766337,0.1849247311827957,0.8778012990951538,2,0.6666666666666666,1.0,0.4297753251931633,0.25661052208981916,0.6029401282965074,0.45232067084623223,0.5269171454613124,0.9120859487019242,0.5018605817565057,0.007312953472137451
570539,6,0,0.015765757378494564,0.005264462403616735,2.9947516321264995,1.0968613006884926,0.5611985945223247,0.299258064516129,0.8958489894866943,3,1.0,1.0,0.37356291664903746,0.2165245737211635,0.5306012595769114,0.28733916515704755,0.4263759749415188,0.9409913583347999,0.4130692726285389,0.013004958629608154
570539,6,1,0.025524911409698536,0.005161765313012329,4.944996499629228,1.5983762572529812,0.4838707015637242,0.1593709677419355,0.9343337416648865,3,1.0,1.0,0.4684015090420969,0.40620175850728235,0.5306012595769114,0.28733916515704755,0.4263759749415188,0.9409913583347999,0.4130692726285389,0.013004958629608154
570539,6,2,0.04334467771640373,0.0059418944511598825,7.294757263930851,1.9871559071372749,0.33980811967054614,0.06590860215053763,0.9473387002944946,3,1.0,1.0,0.31136316611422293,0.2165245737211635,0.40620175850728235,0.28733916515704755,0.4263759749415188,0.9409913583347999,0.4130692726285389,0.013004958629608154
310200,51,0,0.01091153698796502,0.004206112013343494,2.5942097953537577,0.9532819598757938,0.22120791488398647,0.09868489583333333,0.7963166832923889,2,0.6666666666666666,1.0,0.6932930495522909,0.49116211581585545,0.8954239832887264,0.15667626680631672,0.20258267855338377,0.960328229275014,0.33154239477244507,0.006018936634063721
310200,51,1,0.011554554502230814,0.004203672504207745,2.7486809421800538,1.0111211393035509,0.21446326765940285,0.0903515625,0.9039060473442078,2,0.6666666666666666,1.0,0.7161584536705918,0.5368929240524571,0.8954239832887264,0.15667626680631672,0.20258267855338377,0.960328229275014,0.33154239477244507,0.006018936634063721
310200,51,2,0.016596883096308284,0.004269863365909317,3.886982245130179,1.3576330841633273,0.16539178278099528,0.04850911458333333,0.9099249839782715,2,0.6666666666666666,1.0,0.5140275199341563,0.49116211581585545,0.5368929240524571,0.15667626680631672,0.20258267855338377,0.960328229275014,0.33154239477244507,0.006018936634063721
310200,60,0,0.0210474421558539,0.007052329073827439,2.9844668240142918,1.0934211125172344,0.44296154252802267,0.210390625,0.8334701657295227,3,1.0,1.0,0.5890335024659564,0.5871718862795091,0.5908951186524037,0.19362965474189528,0.25004604534925456,0.969606223538029,0.28219149051878667,0.023587584495544434
310200,60,1,0.026208693558119715,0.007647774137211056,3.4269701333322025,1.2316765277867858,0.33179389553296834,0.12655598958333333,0.9542394876480103,3,1.0,1.0,0.7909053708638738,0.5908951186524037,0.9909156230753439,0.19362965474189528,0.25004604534925456,0.969606223538029,0.28219149051878667,0.023587584495544434
310200,60,2,0.026246242608967876,0.0076543898838710095,3.4289137349593175,1.2322435157102498,0.33078217085523814,0.12598958333333332,0.9778270721435547,3,1.0,1.0,0.7890437546774265,0.5871718862795091,0.9909156230753439,0.19362965474189528,0.25004604534925456,0.969606223538029,0.28219149051878667,0.023587584495544434
210299,2,0,0.05345427578352686,0.00806333279241074,6.629302938756174,1.8914996612466428,0.3145688644974208,0.06474609375,0.8533463478088379,3,1.0,1.0,0.6356914225051553,0.40515422485682706,0.8662286201534835,0.20000000000000004,0.3,0.9091557567677574,0.5450737159934111,0.0316501259803772
210299,2,1,0.05838308079630205,0.008171786133620518,7.144469989119857,1.9663386293781016,0.2991287574249177,0.056370442708333336,0.8849964737892151,3,1.0,1.0,0.66567848659823,0.4651283530429766,0.8662286201534835,0.20000000000000004,0.3,0.9091557567677574,0.5450737159934111,0.0316501259803772
210299,2,2,0.08855566418781988,0.008907034884511203,9.942215936739018,2.2967899270957646,0.21172880827030158,0.026305338541666667,0.8037797212600708,3,1.0,1.0,0.43514128894990184,0.40515422485682706,0.4651283530429766,0.20000000000000004,0.3,0.9091557567677574,0.5450737159934111,0.0316501259803772
210299,1,0,0.0005789510274881014,0.002566474652979938,0.22558221122125566,-1.489070611709484,0.732499725033837,0.9238899739583334,1.001281499862671,2,0.6666666666666666,0.0,0.9920910121415881,0.9899261367438879,0.9942558875392884,0.3200175709563829,0.44603794743849284,0.9071228831308505,0.5372693638594179,0.008365035057067871
210299,1,1,0.0005607020502118136,0.0026934937816653196,0.20816905307907432,-1.5694047724161293,0.7068212749508865,0.920517578125,0.992916464805603,2,0.6666666666666666,0.0,0.9941893258748404,0.9941227642103924,0.9942558875392884,0.3200175709563829,0.44603794743849284,0.9071228831308505,0.5372693638594179,0.008365035057067871
210299,1,2,0.0005600768856498238,0.002564772404398856,0.21837293807078548,-1.5215509509356888,0.7018986050233246,0.915126953125,0.9856209754943848,2,0.6666666666666666,0.0,0.99202445047714,0.9899261367438879,0.9941227642103924,0.3200175709563829,0.44603794743849284,0.9071228831308505,0.5372693638594179,0.008365035057067871
363840,73,0,0.009285584788402005,0.0031735244101812627,2.925953477996309,1.0736204030564351,0.47877338768957084,0.23892578125,0.8776623010635376,3,1.0,1.0,0.7776462116552132,0.6939164015120611,0.8613760217983651,0.25386936116377096,0.34685691761018683,0.956174748769016,0.3148356522147192,0.017669498920440674
363840,73,1,0.010283592371830314,0.0031696909557804125,3.2443517402957758,1.17691555843053,0.4567556683257731,0.20581705729166666,0.935756266117096,3,1.0,1.0,0.8278397855506043,0.7943035493028435,0.8613760217983651,0.25386936116377096,0.34685691761018683,0.956174748769016,0.3148356522147192,0.017669498920440674
363840,73,2,0.011818435015976491,0.003197745039803757,3.695865325462568,1.3072147152842024,0.42487661227158874,0.16658854166666667,0.9180867671966553,3,1.0,1.0,0.7441099754074523,0.6939164015120611,0.7943035493028435,0.25386936116377096,0.34685691761018683,0.956174748769016,0.3148356522147192,0.017669498920440674
363840,62,0,0.002304694101866454,0.0017828473456667306,1.2927041152319547,0.2567362381758729,0.47048587044430157,0.40735026041666667,0.959670901298523,3,1.0,1.0,0.4080458403758684,0.2137284380439943,0.6023632427077424,0.3519359545871276,0.4661197713796772,0.9497599281487394,0.3633592514414499,0.043432414531707764
363840,62,1,0.0026908328334111714,0.0017691187466556057,1.5210018191130468,0.4193692096461311,0.3310900446440056,0.24552408854166666,0.9162384867668152,3,1.0,1.0,0.4610718921126833,0.31978054151762414,0.6023632427077424,0.3519359545871276,0.4661197713796772,0.9497599281487394,0.3633592514414499,0.043432414531707764
363840,62,2,0.005591598224637497,0.0016311849180147392,3.4279364402258623,1.231958459384797,0.2577179173277737,0.09196940104166666,0.8433693647384644,3,1.0,1.0,0.26675448978080923,0.2137284380439943,0.31978054151762414,0.3519359545871276,0.4661197713796772,0.9497599281487394,0.3633592514414499,0.043432414531707764
375469,1,0,0.0026312219217031582,0.0002506055961583313,10.499453928959001,2.351323249425321,0.5353085843676811,0.09886912983425414,0.9141284227371216,2,0.6666666666666666,0.0,0.35080462340289503,0.29795848048927553,0.40365076631651453,0.09951972036148032,0.12218171738338059,0.9450555001042426,0.3656571042867858,0.002453029155731201
375469,1,1,0.003290649716509856,0.0003634437977862143,9.054081339397097,2.203215633085245,0.2834401097403136,0.04185946132596685,0.9116753935813904,2,0.6666666666666666,0.0,0.5370335931444423,0.40365076631651453,0.6704164199723702,0.09951972036148032,0.12218171738338059,0.9450555001042426,0.3656571042867858,0.002453029155731201
375469,1,2,0.003789906233925806,0.0003795485854293091,9.985299298780753,2.3011139415227366,0.243368427119592,0.031206837016574587,0.8265961408615112,2,0.6666666666666666,0.0,0.4841874502308229,0.29795848048927553,0.6704164199723702,0.09951972036148032,0.12218171738338059,0.9450555001042426,0.3656571042867858,0.002453029155731201
375469,42,0,0.02357709653753445,0.0024227608628767947,9.731499665966794,2.2753680124179607,0.3660763870174079,0.05601691988950276,0.7622137069702148,3,1.0,1.0,0.5018100154405799,0.4844710947109471,0.5191489361702127,0.06451676032281244,0.09555099761194623,0.9341688731937345,0.4523020962922462,0.05518084764480591
375469,42,1,0.040755983360939205,0.002448006097065756,16.648644541017177,2.8123288041891836,0.3420036671225328,0.030274516574585634,0.9258502125740051,3,1.0,1.0,0.7090622313178896,0.5191489361702127,0.8989755264655663,0.06451676032281244,0.09555099761194623,0.9341688731937345,0.4523020962922462,0.05518084764480591
375469,42,2,0.04218406231858575,0.0025238152657033465,16.71440175321839,2.8162707282422947,0.3195677398215693,0.027330801104972376,0.8706693649291992,3,1.0,1.0,0.6917233105882568,0.4844710947109471,0.8989755264655663,0.06451676032281244,0.09555099761194623,0.9341688731937345,0.4523020962922462,0.05518084764480591
66706,47,0,0.040388784282444294,0.004539398237428916,8.897387310178548,2.1857576730113943,0.2767129919271005,0.04122613097526592,0.9153146743774414,3,1.0,1.0,0.8378990997992358,0.7579172333398096,0.917880966258662,0.10898760557709376,0.11438507120820492,0.9195166344453676,0.5195986802720685,0.03712117671966553
66706,47,1,0.04139055771788545,0.0046261390867330275,8.947106200857503,2.191330150515539,0.2602893576879829,0.03784068093468324,0.9883632659912109,3,1.0,1.0,0.8718029681360339,0.8257249700134057,0.917880966258662,0.10898760557709376,0.11438507120820492,0.9195166344453676,0.5195986802720685,0.03712117671966553
66706,47,2,0.04202238722265628,0.004856029902061542,8.65365083443221,2.1579812937086342,0.2182083028845556,0.031245995130078176,0.9512420892715454,3,1.0,1.0,0.7918211016766077,0.7579172333398096,0.8257249700134057,0.10898760557709376,0.11438507120820492,0.9195166344453676,0.5195986802720685,0.03712117671966553
66706,52,0,0.017955416434024707,0.004320087640581699,4.156262077000537,1.424616131217989,0.644526473301045,0.30374001452432825,0.8938612937927246,3,1.0,1.0,0.37192345557469847,0.23452058647726873,0.5093263246721282,0.3036097917134213,0.43265585327422645,0.9009474105321174,0.5899898720491731,0.028831303119659424
66706,52,1,0.02736734348564308,0.005001647077939315,5.471666243881963,1.69958318505399,0.5003501619221589,0.15470278525353495,0.8650299906730652,2,0.6666666666666666,1.0,0.48476341598988704,0.46020050730764583,0.5093263246721282,0.3036097917134213,0.43265585327422645,0.9009474105321174,0.5899898720491731,0.028831303119659424
66706,52,2,0.05142277624061554,0.005166711071026779,9.952709861990327,2.2978448620487066,0.4328942025957564,0.07123328634285958,0.7157045602798462,2,0.6666666666666666,1.0,0.34736054689245727,0.23452058647726873,0.46020050730764583,0.3036097917134213,0.43265585327422645,0.9009474105321174,0.5899898720491731,0.028831303119659424
489611,1,0,0.004016967676951603,0.0021196699814918724,1.8950910802771657,0.639266901099122,0.39534772531715084,0.25651627813504824,0.9164989590644836,2,0.6666666666666666,1.0,0.3942799455670594,0.3708445367880714,0.41771535434604745,0.3002413722380657,0.3362246450555151,0.9741325780489137,0.28666188299663675,0.01768285036087036
489611,1,1,0.002867369429301246,0.0024907285624050724,1.1512171464325556,0.14081977122822287,0.33774549660745423,0.30700110530546626,0.9739729762077332,2,0.6666666666666666,1.0,0.3611461227502153,0.35144770871235914,0.3708445367880714,0.3002413722380657,0.3362246450555151,0.9741325780489137,0.28666188299663675,0.01768285036087036
489611,1,2,0.004679889156417778,0.0023523700038113895,1.989435822955499,0.6878510927021302,0.19593905179352078,0.10912379421221866,0.9916558265686035,2,0.6666666666666666,1.0,0.38458153152920327,0.35144770871235914,0.41771535434604745,0.3002413722380657,0.3362246450555151,0.9741325780489137,0.28666188299663675,0.01768285036087036
489611,64,0,0.011465887537843703,0.004085413587794051,2.806542664197739,1.0319533572950832,0.32358837746933455,0.14563153135048232,0.9041562676429749,3,1.0,1.0,0.31358362120054495,0.30837529609236514,0.3187919463087248,0.46176609753567965,0.6740505269562452,0.9087707612026863,0.5819227212091611,0.01366502046585083
489611,64,1,0.029932423713208894,0.003469623498478338,8.62699474963473,2.1548962115307866,0.37057990101158367,0.06388665594855306,0.9536336064338684,3,1.0,1.0,0.5909488543037411,0.30837529609236514,0.8735224125151172,0.46176609753567965,0.6740505269562452,0.9087707612026863,0.5819227212091611,0.01366502046585083
489611,64,2,0.03161294033151645,0.0035686629382714347,8.858483098426335,2.1813755421383267,0.34767945862218325,0.056752411575562704,0.9399685859680176,3,1.0,1.0,0.596157179411921,0.3187919463087248,0.8735224125151172,0.46176609753567965,0.6740505269562452,0.9087707612026863,0.5819227212091611,0.01366502046585083
580294,79,0,0.006283681711125965,0.0028916367749839958,2.1730536017919087,0.7761333683137005,0.28109389515334854,0.152493651241535,0.7017651200294495,3,1.0,1.0,0.4608426999409818,0.3947713319997241,0.5269140678822395,0.14173075214273503,0.18097059133381022,0.9701851942630754,0.2811133118549887,0.029963791370391846
580294,79,1,0.009439266740017204,0.00287005630418237,3.2888785920237935,1.1905466532912585,0.22713028684213937,0.08202595936794582,0.8151337504386902,3,1.0,1.0,0.624795166483995,0.5269140678822395,0.7226762650857506,0.14173075214273503,0.18097059133381022,0.9701851942630754,0.2811133118549887,0.029963791370391846
580294,79,2,0.010166093823793939,0.0029664132598431056,3.4270659310984066,1.2317044815272256,0.18328573781466945,0.061459509029345376,0.845097541809082,2,0.6666666666666666,1.0,0.5587237985427373,0.3947713319997241,0.7226762650857506,0.14173075214273503,0.18097059133381022,0.9701851942630754,0.2811133118549887,0.029963791370391846
580294,50,0,0.004837157018523966,0.0021043588181620426,2.2986369883678517,0.8323163337237945,0.1773983154413883,0.08577172686230249,0.8656734228134155,2,0.6666666666666666,0.0,0.42716248604227147,0.3407202216066482,0.5136047504778948,0.1751418161550163,0.25795088845651276,0.9605677803561732,0.31575488939783575,0.03642028570175171
580294,50,1,0.005594702721533152,0.0021835879351056286,2.5621604832233853,0.9408508415132655,0.10881710482285938,0.04548885440180587,0.8292531371116638,1,0.3333333333333333,0.0,0.41088724186453063,0.3081697332511665,0.5136047504778948,0.1751418161550163,0.25795088845651276,0.9605677803561732,0.31575488939783575,0.03642028570175171
580294,50,2,0.005673675766017841,0.002128405256228961,2.6656933620830183,0.9804641973443339,0.14393738035330256,0.059332674943566595,0.6324328184127808,1,0.3333333333333333,0.0,0.3244449774289073,0.3081697332511665,0.3407202216066482,0.1751418161550163,0.25795088845651276,0.9605677803561732,0.31575488939783575,0.03642028570175171
172935,9,0,0.002634832654245224,0.001531995269676214,1.7198699661012817,0.5422486872430788,0.8968896987545645,0.8349171320482796,0.6709298491477966,3,1.0,1.0,0.014998956166310664,0.013140427367130064,0.016857484965491262,0.14715941519498565,0.2136129543828371,0.914891383359169,0.5307901747785749,0.032891690731048584
172935,9,1,0.023129727976091457,0.00211489270537184,10.936596408132296,2.3921146342006145,0.1516177853774783,0.016078184110970995,0.9222446084022522,2,0.6666666666666666,1.0,0.3469008219620193,0.016857484965491262,0.6769441589585474,0.14715941519498565,0.2136129543828371,0.914891383359169,0.5307901747785749,0.032891690731048584
172935,9,2,0.025710543426454374,0.00218270200137389,11.77922748890677,2.466337597920716,0.12032334654774621,0.011478787605836786,0.8893529176712036,2,0.6666666666666666,1.0,0.34504229316283874,0.013140427367130064,0.6769441589585474,0.14715941519498565,0.2136129543828371,0.914891383359169,0.5307901747785749,0.032891690731048584
172935,1,0,0.001120591790450029,0.0009637457836801353,1.1627462431101065,0.1507846589708404,0.8697527024545314,0.8516990181949199,0.93126380443573,3,1.0,1.0,0.5349116129221178,0.30447747589376983,0.7653457499504657,0.3955023813626049,0.5290974233492246,0.9179930263415885,0.45937360033759544,0.010467529296875
172935,1,1,0.0013027498240811843,0.0007106860534125382,1.8330876425569562,0.6060017822066068,0.7752959196597263,0.6530467483336336,0.8904789090156555,2,0.6666666666666666,0.0,0.5797783515116023,0.39421095307273896,0.7653457499504657,0.3955023813626049,0.5290974233492246,0.9179930263415885,0.45937360033759544,0.010467529296875
172935,1,2,0.002300627581567494,0.0006380918058577997,3.605480523087479,1.2824550557943284,0.579131017601406,0.27622838227346425,0.920796275138855,2,0.6666666666666666,1.0,0.34934421448325437,0.30447747589376983,0.39421095307273896,0.3955023813626049,0.5290974233492246,0.9179930263415885,0.45937360033759544,0.010467529296875
508101,1,0,0.0008297022239552312,0.0030601649810699395,0.27112989947163196,-1.3051572378972933,0.8188174157877138,0.9434016927083333,0.9982491135597229,3,1.0,1.0,0.35929107749848666,0.20728143448123573,0.5113007205157376,0.3877856469047629,0.5814473733822325,0.9050137616418973,0.5284138420215263,0.0015788078308105469
508101,1,1,0.0013144329260130995,0.0006201870978959482,2.119413525939256,0.7511394124652614,0.6649921328143198,0.48362630208333335,0.9966703057289124,2,0.6666666666666666,1.0,0.45728316703119243,0.4032656135466473,0.5113007205157376,0.3877856469047629,0.5814473733822325,0.9050137616418973,0.5284138420215263,0.0015788078308105469
508101,1,2,0.0024803520536370405,0.0005851967065943158,4.238492837448652,1.444207743589251,0.5075900205782489,0.19562825520833332,0.7512955665588379,2,0.6666666666666666,1.0,0.30527352401394153,0.20728143448123573,0.4032656135466473,0.3877856469047629,0.5814473733822325,0.9050137616418973,0.5284138420215263,0.0015788078308105469
508101,9,0,0.0047889374486442425,0.0012149911374976837,3.94154105071555,1.3715717766706415,0.7627227078997321,0.44919921875,0.8716301918029785,2,0.6666666666666666,1.0,0.014348852772906552,0.014106839399606089,0.014590866146207014,0.21814026702632727,0.32498591314550773,0.8893652742440096,0.5872855953968983,0.020198285579681396
508101,9,1,0.028808744105699453,0.0024050103497961126,11.978636223400498,2.483124748462412,0.16069724433511218,0.015732421875,0.9482241272926331,2,0.6666666666666666,0.0,0.4863974401080714,0.014590866146207014,0.9582040140699358,0.21814026702632727,0.32498591314550773,0.8893652742440096,0.5872855953968983,0.020198285579681396
508101,9,2,0.0288328154010952,0.002422269487545567,11.90322362455535,2.4768092562871087,0.1541094039807837,0.015074869791666667,0.9280258417129517,2,0.6666666666666666,0.0,0.48615542673477097,0.014106839399606089,0.9582040140699358,0.21814026702632727,0.32498591314550773,0.8893652742440096,0.5872855953968983,0.020198285579681396
308545,19,0,0.020706781649896488,0.003139461517006717,6.59564754373657,1.8864099684690403,0.7045272510802015,0.26552254098360656,0.818513035774231,2,0.6666666666666666,0.0,0.3659167627352702,0.2917030683292299,0.44013045714131055,0.2439628124182993,0.36383230585574855,0.9300760501476497,0.374823377304811,0.050139546394348145
308545,19,1,0.030918452862179344,0.004535565230035551,6.816890792488968,1.9194034724062747,0.4908135229195687,0.12388392857142858,0.8754286766052246,2,0.6666666666666666,0.0,0.5268068016043631,0.44013045714131055,0.6134831460674157,0.2439628124182993,0.36383230585574855,0.9300760501476497,0.374823377304811,0.050139546394348145
308545,19,2,0.03384521635357929,0.005179392362280666,6.534592087196397,1.877109925447731,0.39707990137684834,0.09155810889929743,0.8252891302108765,2,0.6666666666666666,0.0,0.4525931071983228,0.2917030683292299,0.6134831460674157,0.2439628124182993,0.36383230585574855,0.9300760501476497,0.374823377304811,0.050139546394348145
308545,1,0,0.004140372600144292,0.0005261106680683259,7.869775018013524,2.0630294749704103,0.6033547978101093,0.16198038641686183,0.7994626760482788,2,0.6666666666666666,1.0,0.13783362114202777,0.09919751837615483,0.17646972390790072,0.1617924363783455,0.22626552847714027,0.9067159673286925,0.5163008735741471,0.011097133159637451
308545,1,1,0.0027170210657854726,0.0008695184453311708,3.1247422952895576,1.1393518146486066,0.3202220461293416,0.13100483021077283,0.9144302010536194,2,0.6666666666666666,1.0,0.14672933709207192,0.11698895027624309,0.17646972390790072,0.1617924363783455,0.22626552847714027,0.9067159673286925,0.5163008735741471,0.011097133159637451
308545,1,2,0.014965353609569392,0.0008725795039875608,17.150704920330135,2.8420392760603024,0.22830008725705644,0.016956967213114755,0.9255273342132568,3,1.0,1.0,0.10809323432619897,0.09919751837615483,0.11698895027624309,0.1617924363783455,0.22626552847714027,0.9067159673286925,0.5163008735741471,0.011097133159637451
529939,42,0,0.027900392822227664,0.004369744720808647,6.384902230782861,1.8539361770746616,0.36682121571756526,0.08318684895833334,0.8115441203117371,3,1.0,1.0,0.7681130642518437,0.6955519975006834,0.8406741310030039,0.15553206043703574,0.17774389523675016,0.9136725158264923,0.48124521290591826,0.0636601448059082
529939,42,1,0.029809378199173765,0.004548832936414326,6.553192568139946,1.8799523459158067,0.33167859109341935,0.070400390625,0.9093223810195923,3,1.0,1.0,0.8328942591974857,0.8251143873919674,0.8406741310030039,0.15553206043703574,0.17774389523675016,0.9136725158264923,0.48124521290591826,0.0636601448059082
529939,42,2,0.031863575182433185,0.004750627285761502,6.707235331053418,1.903186843912804,0.2928310630679507,0.058147786458333336,0.8456622362136841,3,1.0,1.0,0.7603331924463255,0.6955519975006834,0.8251143873919674,0.15553206043703574,0.17774389523675016,0.9136725158264923,0.48124521290591826,0.0636601448059082
529939,1,0,0.0010935238913328872,0.0006833704802607541,1.6001918744213808,0.4701235444835634,0.22766481330482571,0.155556640625,0.92563796043396,3,1.0,1.0,0.2866593163869607,0.11528691596568669,0.4580317168082347,0.37502927570807176,0.5494819096318014,0.9223483405648675,0.44457584632854363,0.07559078931808472
529939,1,1,0.0009783477655942868,0.000729423767362425,1.3412611543913664,0.29361033236513323,0.09336294852052338,0.07130208333333334,0.8500471711158752,2,0.6666666666666666,1.0,0.34860491789648496,0.2391781189847352,0.4580317168082347,0.37502927570807176,0.5494819096318014,0.9223483405648675,0.44457584632854363,0.07559078931808472
529939,1,2,0.0027658846985193267,0.000708475595022802,3.9039943140544078,1.3620002124703519,0.06962568481430922,0.01880859375,0.5381907224655151,2,0.6666666666666666,1.0,0.17723251747521096,0.11528691596568669,0.2391781189847352,0.37502927570807176,0.5494819096318014,0.9223483405648675,0.44457584632854363,0.07559078931808472
332570,77,0,0.008040702029540827,0.001486191582998934,5.410272885481898,1.688299532650009,0.9035701856159817,0.6339589743589744,0.9701449871063232,2,0.6666666666666666,1.0,0.3372180210203287,0.24789831796359618,0.4265377240770612,0.253659918711267,0.3487010644380464,0.9290570277826095,0.3994488261093333,0.09376519918441772
332570,77,1,0.006388323987509628,0.005277757560108984,1.2104239184050902,0.19097064419776033,0.3708702598152555,0.3275128205128205,0.8763797879219055,2,0.6666666666666666,1.0,0.4350903874197565,0.4265377240770612,0.4436430507624518,0.253659918711267,0.3487010644380464,0.9290570277826095,0.3994488261093333,0.09376519918441772
332570,77,2,0.002294630774129638,0.007024905820530411,0.326642211643165,-1.1188898606689943,0.11895654552221784,0.29246153846153844,0.8241924047470093,2,0.6666666666666666,1.0,0.345770684363024,0.24789831796359618,0.4436430507624518,0.253659918711267,0.3487010644380464,0.9290570277826095,0.3994488261093333,0.09376519918441772
332570,1,0,0.0014861186159628372,0.0007181432474589843,2.0693902214520574,0.7272539855445844,0.5909585564154038,0.4111230769230769,0.983683168888092,2,0.6666666666666666,1.0,0.5300398580299573,0.36512390097596964,0.6949558150839451,0.31602517011785425,0.4072588475868472,0.9136668670658377,0.4841916403845288,0.03762316703796387
332570,1,1,0.0019626509429252945,0.0006613872409951092,2.967476265500458,1.087711849832782,0.5434032148005349,0.28625128205128203,0.9460600018501282,2,0.6666666666666666,1.0,0.5863811710425151,0.47780652700108506,0.6949558150839451,0.31602517011785425,0.4072588475868472,0.9136668670658377,0.4841916403845288,0.03762316703796387
332570,1,2,0.00227019548630851,0.0007847011011727223,2.8930703423541417,1.062318340813673,0.368321954859684,0.16773846153846153,0.8016750812530518,2,0.6666666666666666,1.0,0.4214652139885273,0.36512390097596964,0.47780652700108506,0.31602517011785425,0.4072588475868472,0.9136668670658377,0.4841916403845288,0.03762316703796387
553990,1,0,0.0008746820260272679,0.00027859277312237236,3.1396436206312455,1.1441092980079535,0.30924941838216674,0.1248,0.8870775699615479,3,1.0,1.0,0.3440353137099282,0.10272261770950418,0.5853480097103522,0.288297907294967,0.43200604046157787,0.8780136348532451,0.6223763962811356,0.01956397294998169
553990,1,1,0.0009775733439109599,0.00030318992628602205,3.2242936058648834,1.1707138903374612,0.20448922956346488,0.0738375,0.8675135970115662,3,1.0,1.0,0.33510622138635415,0.0848644330623561,0.5853480097103522,0.288297907294967,0.43200604046157787,0.8780136348532451,0.6223763962811356,0.01956397294998169
553990,1,2,0.0009266045761175763,0.000339866220142562,2.726380318121989,1.0029748397073277,0.058691873283690695,0.022358333333333334,0.6535418033599854,1,0.3333333333333333,0.0,0.09379352538593014,0.0848644330623561,0.10272261770950418,0.288297907294967,0.43200604046157787,0.8780136348532451,0.6223763962811356,0.01956397294998169
553990,19,0,0.030877972679195016,0.0036662521040034804,8.42221751118932,2.130873155986867,0.545740871119587,0.1248375,0.961491584777832,2,0.6666666666666666,1.0,0.5599166175668566,0.22460370618441616,0.8952295289492971,0.2952968249910826,0.38517240375219636,0.9159117737846114,0.5222561152271996,0.06226891279220581
553990,19,1,0.03359510065016289,0.0037099300915439167,9.05545382585001,2.203367208922049,0.5336956912211569,0.11220833333333333,0.8992226719856262,2,0.6666666666666666,1.0,0.5527275258448959,0.21022552274049486,0.8952295289492971,0.2952968249910826,0.38517240375219636,0.9159117737846114,0.5222561152271996,0.06226891279220581
553990,19,2,0.024388613099245827,0.0064322797916581435,3.7915970519633158,1.3327873161195989,0.12133947103660715,0.03514166666666667,0.8578914403915405,3,1.0,1.0,0.21741461446245552,0.21022552274049486,0.22460370618441616,0.2952968249910826,0.38517240375219636,0.9159117737846114,0.5222561152271996,0.06226891279220581
92416,1,0,0.005018642227466772,0.0008950129173529796,5.607340547332184,1.724076551599905,0.7727692217602964,0.37752604166666665,0.8832647800445557,3,1.0,1.0,0.1591580189593183,0.1551969379574314,0.16311909996120522,0.28457006710638505,0.42685404188000575,0.9358485912655192,0.4043301947085775,0.09326565265655518
92416,1,1,0.011988532915865066,0.001825182778235302,6.5684012868496975,1.8822704676341846,0.3014681728391509,0.06165364583333333,0.8802688717842102,3,1.0,1.0,0.5564026489732719,0.16311909996120522,0.9496861979853384,0.28457006710638505,0.42685404188000575,0.9358485912655192,0.4043301947085775,0.09326565265655518
92416,1,2,0.012322533716094453,0.0018364134952444972,6.71010844850263,1.9036151131550936,0.29494634489973837,0.058684895833333334,0.9765304327011108,3,1.0,1.0,0.5524415679713849,0.1551969379574314,0.9496861979853384,0.28457006710638505,0.42685404188000575,0.9358485912655192,0.4043301947085775,0.09326565265655518
92416,32,0,0.010001734316353716,0.0010977973864228015,9.110728838437002,2.2094527123908927,0.843004272949636,0.3708203125,0.9365655183792114,3,1.0,1.0,0.38472426128035786,0.2782981188718498,0.4911504036888659,0.09770294893345573,0.12140474186123539,0.9174392362829403,0.4768625372797448,0.07851094007492065
92416,32,1,0.013505589659492681,0.002361388066856925,5.719343568865267,1.743854038192348,0.561430420834294,0.182890625,0.8580545783042908,3,1.0,1.0,0.5089063350341779,0.4911504036888659,0.52666226637949,0.09770294893345573,0.12140474186123539,0.9174392362829403,0.4768625372797448,0.07851094007492065
92416,32,2,0.017438159859494547,0.002898815661616467,6.015615302614616,1.7943586389512636,0.4091220961067024,0.10321940104166667,0.7341065406799316,3,1.0,1.0,0.4024801926256699,0.2782981188718498,0.52666226637949,0.09770294893345573,0.12140474186123539,0.9174392362829403,0.4768625372797448,0.07851094007492065
562243,32,0,0.013172646169037508,0.001059428732792972,12.433725600283404,2.5204125871805454,0.8643362824668279,0.3388037109375,0.8317890763282776,3,1.0,1.0,0.11428293484370272,0.11354432386470088,0.11502154582270455,0.16835875742536843,0.25253813613805265,0.8954740904110378,0.5844756836060842,0.012725293636322021
562243,32,1,0.040210227313166855,0.003742286052354273,10.744829962190027,2.3744247051630474,0.30347676483356906,0.0389697265625,0.9574071764945984,3,1.0,1.0,0.5510892718463228,0.11502154582270455,0.9871569978699412,0.16835875742536843,0.25253813613805265,0.8954740904110378,0.5844756836060842,0.012725293636322021
562243,32,2,0.04028486018256748,0.0037582821163577485,10.718955875215046,2.372013751223731,0.30013525113683914,0.03846923828125,0.9701324701309204,3,1.0,1.0,0.550350660867321,0.11354432386470088,0.9871569978699412,0.16835875742536843,0.25253813613805265,0.8954740904110378,0.5844756836060842,0.012725293636322021
562243,1,0,0.0028218762688131103,0.0022145234833275706,1.274258904357458,0.242364758488285,0.4672124894948755,0.407646484375,0.9797277450561523,2,0.6666666666666666,0.0,0.40452085606028426,0.1497388509441543,0.6593028611764142,0.39095308596547457,0.5803056295819383,0.9525139673163676,0.33842434455324033,0.02563953399658203
562243,1,1,0.003152384075494115,0.0022073702739602128,1.4281174804489636,0.35635713007264935,0.3451343848129585,0.269560546875,0.9111811518669128,2,0.6666666666666666,0.0,0.4405599806477006,0.22181710011898692,0.6593028611764142,0.39095308596547457,0.5803056295819383,0.9525139673163676,0.33842434455324033,0.02563953399658203
562243,1,2,0.006882224506720111,0.002070357412282344,3.3241721755709,1.2012206735018924,0.22757179369884017,0.08141357421875,0.9540882110595703,2,0.6666666666666666,0.0,0.1857779755315706,0.1497388509441543,0.22181710011898692,0.39095308596547457,0.5803056295819383,0.9525139673163676,0.33842434455324033,0.02563953399658203
185250,18,0,0.026400115970819298,0.0011940346723723664,22.11000782435928,3.096030348790449,0.4662106631361667,0.03800125313283208,0.9415206909179688,3,1.0,1.0,0.7964998926211233,0.6821402896169251,0.9108594956253216,0.07819018878992967,0.08244699383388197,0.8735325603043042,0.7337486074895458,0.01566493511199951
185250,18,1,0.02639807283438944,0.0012804120955149942,20.61685679652614,3.0261090323092925,0.4256293076341715,0.03469611528822055,0.9258557558059692,2,0.6666666666666666,1.0,0.8295575893611641,0.7482556830970065,0.9108594956253216,0.07819018878992967,0.08244699383388197,0.8735325603043042,0.7337486074895458,0.01566493511199951
185250,18,2,0.0313514859611622,0.0013681457991691452,22.91531060307036,3.1318052724754333,0.3808333559523307,0.02613956766917293,0.854308009147644,2,0.6666666666666666,1.0,0.7151979863569657,0.6821402896169251,0.7482556830970065,0.07819018878992967,0.08244699383388197,0.8735325603043042,0.7337486074895458,0.01566493511199951
185250,1,0,0.0045237172310308655,0.0005251435641904921,8.614248618641874,2.153417648595965,0.38511277475740985,0.06777882205513784,0.9551385045051575,2,0.6666666666666666,1.0,0.6908289712113627,0.554083630918097,0.8275743115046283,0.14878929678107147,0.20364540837408746,0.9238376662074755,0.47465816925100196,0.0019091963768005371
185250,1,1,0.005130071863598266,0.0005356572874752179,9.577153105115656,2.2593803773577634,0.36534873279220853,0.05670034461152882,0.957047700881958,2,0.6666666666666666,1.0,0.7461899679938361,0.6648056244830438,0.8275743115046283,0.14878929678107147,0.20364540837408746,0.9238376662074755,0.47465816925100196,0.0019091963768005371
185250,1,2,0.00504460630175322,0.0006288777228421505,8.0216011960688,2.082138052531813,0.24003741960760833,0.03788377192982456,0.8960086107254028,2,0.6666666666666666,1.0,0.6094446277005704,0.554083630918097,0.6648056244830438,0.14878929678107147,0.20364540837408746,0.9238376662074755,0.47465816925100196,0.0019091963768005371
245311,60,0,0.010427650978707114,0.0027277434191927837,3.8228122562825715,1.3409863446015602,0.41967877766276684,0.15908144303473024,0.7913353443145752,3,1.0,1.0,0.41926476603863005,0.24301825993555318,0.595511272141707,0.2923838674396698,0.4344945052904018,0.8976981163436287,0.578447392298507,0.061480820178985596
245311,60,1,0.012217770715935656,0.0030863046141132258,3.958705390293248,1.3759170502545879,0.2932624416621545,0.0948753684480328,0.8528161644935608,2,0.6666666666666666,0.0,0.5008397823780311,0.4061682926143552,0.595511272141707,0.2923838674396698,0.4344945052904018,0.8976981163436287,0.578447392298507,0.061480820178985596
245311,60,2,0.01996237593138827,0.0033087775124193562,6.033157518275913,1.7972705086119165,0.19526254214332295,0.03866301422529796,0.7526134252548218,2,0.6666666666666666,0.0,0.3245932762749542,0.24301825993555318,0.4061682926143552,0.2923838674396698,0.4344945052904018,0.8976981163436287,0.578447392298507,0.061480820178985596
245311,51,0,0.006333558338640534,0.000875047915962122,7.237956020315505,1.9793388490604085,0.46211072618189647,0.10610235379554872,0.8492803573608398,2,0.6666666666666666,1.0,0.5675905715907225,0.4688578392335722,0.6663233039478728,0.14672678693539465,0.21428571428571425,0.880317527855365,0.6363627887344337,0.002261340618133545
245311,51,1,0.007520989731135578,0.0009294271028809206,8.092070588140688,2.0908846426011904,0.4117546210724023,0.07961414413259857,0.9269172549247742,2,0.6666666666666666,1.0,0.6832984828376395,0.6663233039478728,0.7002736617274062,0.14672678693539465,0.21428571428571425,0.880317527855365,0.6363627887344337,0.002261340618133545
245311,51,2,0.008213958012970726,0.0010500957679768646,7.822103712477383,2.0569535354412367,0.31862604874300515,0.05640992780554487,0.9246559143066406,2,0.6666666666666666,1.0,0.5845657504804892,0.4688578392335722,0.7002736617274062,0.14672678693539465,0.21428571428571425,0.880317527855365,0.6363627887344337,0.002261340618133545
54931,1,0,0.0025306784857668813,0.0004258266957082031,5.942977519563607,1.7822102740977106,0.5497731032799816,0.17044789227166277,0.9672817587852478,1,0.3333333333333333,1.0,0.6846555068291662,0.5312286397812713,0.838082373877061,0.4523264991248667,0.543925131916974,0.9267805526326418,0.4326609690576204,0.02135467529296875
54931,1,1,0.0028188717748907567,0.0004444329466411731,6.342625563320435,1.847292809783782,0.5146999418550416,0.14325966042154567,0.945927083492279,1,0.3333333333333333,1.0,0.7336663042082381,0.6292502345394153,0.838082373877061,0.4523264991248667,0.543925131916974,0.9267805526326418,0.4326609690576204,0.02135467529296875
54931,1,2,0.0035905618349662254,0.0005007344458138602,7.170590834748299,1.9699880552256217,0.4204234837044984,0.09186914519906324,0.8130404949188232,2,0.6666666666666666,1.0,0.5802394371603433,0.5312286397812713,0.6292502345394153,0.4523264991248667,0.543925131916974,0.9267805526326418,0.4326609690576204,0.02135467529296875
54931,19,0,0.04582568833921531,0.005066462225877413,9.04490871285126,2.202202026264392,0.35496310672894504,0.05735143442622951,0.8646155595779419,3,1.0,1.0,0.9279668952524069,0.9002932551319648,0.955640535372849,0.09299684703007281,0.09662948277515591,0.9456990668402916,0.41590512642309924,0.040922462940216064
54931,19,1,0.04659582052674425,0.005126175754872502,9.089782080406525,2.2071509343708406,0.34568351936455405,0.05492901053864169,0.9686223864555359,3,1.0,1.0,0.9483830382491951,0.9411255411255411,0.955640535372849,0.09299684703007281,0.09662948277515591,0.9456990668402916,0.41590512642309924,0.040922462940216064
54931,19,2,0.04719029660025354,0.005233931989880339,9.016222733210602,2.199025480669427,0.3296633031562508,0.051723507025761124,0.9276999235153198,3,1.0,1.0,0.920709398128753,0.9002932551319648,0.9411255411255411,0.09299684703007281,0.09662948277515591,0.9456990668402916,0.41590512642309924,0.040922462940216064
509735,24,0,0.03497504876859165,0.004691140426384322,7.455553571670199,2.008959200575067,0.617136257820102,0.1777672313084112,0.9414592385292053,3,1.0,1.0,0.8545192987901895,0.7953229581571059,0.9137156394232733,0.3168743988767218,0.46168386436476216,0.9349571528270794,0.47245117649548285,0.0016276240348815918
509735,24,1,0.03681869403396348,0.004815588618346487,7.645730759900347,2.0341474214849846,0.6005561531551583,0.1643290011682243,0.9430868625640869,3,1.0,1.0,0.8871745818956519,0.8606335243680305,0.9137156394232733,0.3168743988767218,0.46168386436476216,0.9349571528270794,0.47245117649548285,0.0016276240348815918
509735,24,2,0.04074092848842583,0.005021756851025954,8.11288353636427,2.093453358146993,0.5720562094204014,0.1414610105140187,0.868274450302124,3,1.0,1.0,0.8279782412625682,0.7953229581571059,0.8606335243680305,0.3168743988767218,0.46168386436476216,0.9349571528270794,0.47245117649548285,0.0016276240348815918
509735,25,0,0.04295215344991036,0.006240171574077526,6.883168665018114,1.9290791077184009,0.37135333102585766,0.07903767523364486,0.8570789694786072,3,1.0,1.0,0.8538678343277508,0.8178337485007842,0.8899019201547175,0.11123707917649472,0.1647740096883679,0.9394664204894155,0.45421193371728136,0.024743378162384033
509735,25,1,0.046378961371010385,0.006304616041972334,7.3563498641139855,1.9955638673664335,0.359178635933321,0.07079804322429907,0.9691774249076843,3,1.0,1.0,0.9027214045447198,0.8899019201547175,0.9155408889347221,0.11123707917649472,0.1647740096883679,0.9394664204894155,0.45421193371728136,0.024743378162384033
509735,25,2,0.048754544591690284,0.006395879798676829,7.622805011775511,2.0311444137641095,0.34572372167888804,0.06482549649532711,0.9444340467453003,3,1.0,1.0,0.8666873187177531,0.8178337485007842,0.9155408889347221,0.11123707917649472,0.1647740096883679,0.9394664204894155,0.45421193371728136,0.024743378162384033
357816,28,0,0.011117625992432356,0.0027824522121271712,3.99562153843331,1.3851991462891953,0.27828300389454336,0.08800879120879121,0.7318890690803528,2,0.6666666666666666,1.0,0.33247283292158697,0.24390608643636907,0.42103957940680486,0.2785799956858846,0.41654977447792635,0.9233148725485099,0.47273971223457967,0.04978710412979126
357816,28,1,0.02100859596068531,0.0028263751394357792,7.433052909404709,2.005936663941758,0.22663379100983086,0.03792967032967033,0.8896320462226868,2,0.6666666666666666,1.0,0.49231386326503046,0.42103957940680486,0.5635881471232561,0.2785799956858846,0.41654977447792635,0.9233148725485099,0.47273971223457967,0.04978710412979126
357816,28,2,0.028670368747818187,0.0029586125095429827,9.6904777647129,2.271143729646038,0.17677608536427025,0.02167912087912088,0.939419150352478,2,0.6666666666666666,1.0,0.40374711677981256,0.24390608643636907,0.5635881471232561,0.2785799956858846,0.41654977447792635,0.9233148725485099,0.47273971223457967,0.04978710412979126
357816,1,0,0.0026296747429653522,0.0017272463565366177,1.5224665152663974,0.42033172748345315,0.406911489687763,0.31065054945054943,0.9470669627189636,3,1.0,1.0,0.11549564351391506,0.07821940486465835,0.15277188216317175,0.12939306077944462,0.14722768376990514,0.9494310119481579,0.35405944957553537,0.08306396007537842
357816,1,1,0.005450575056232378,0.0018360262388393332,2.9686803695732293,1.0881175342496772,0.12886353423272695,0.04746373626373626,0.8640030026435852,3,1.0,1.0,0.3322892654634731,0.15277188216317175,0.5118066487637745,0.12939306077944462,0.14722768376990514,0.9494310119481579,0.35405944957553537,0.08306396007537842
357816,1,2,0.007137152082857403,0.001879839307444735,3.796682009358688,1.3341275300182804,0.08638480875392748,0.0242989010989011,0.7317736148834229,3,1.0,1.0,0.29501302681421643,0.07821940486465835,0.5118066487637745,0.12939306077944462,0.14722768376990514,0.9494310119481579,0.35405944957553537,0.08306396007537842
520009,6,0,0.029470235472394826,0.0026055657773690613,11.310493758035749,2.425730945976119,0.4603467470074608,0.07013106796116504,0.7249996662139893,3,1.0,1.0,0.5266232952807688,0.518031425209386,0.5352151653521516,0.1208283905346887,0.13669407874836614,0.8988355375889167,0.5771385640417773,0.0009548068046569824
520009,6,1,0.033410375825238064,0.0033601027616036033,9.94326012795804,2.296894947604391,0.27971413926051686,0.0375873786407767,0.915912926197052,3,1.0,1.0,0.7508827990004978,0.5352151653521516,0.9665504326488441,0.1208283905346887,0.13669407874836614,0.8988355375889167,0.5771385640417773,0.0009548068046569824
520009,6,2,0.033728214459957176,0.003387326342479923,9.957178919261425,2.2982937904678273,0.27292978264722856,0.03633009708737864,0.916867733001709,3,1.0,1.0,0.7422909289291151,0.518031425209386,0.9665504326488441,0.1208283905346887,0.13669407874836614,0.8988355375889167,0.5771385640417773,0.0009548068046569824
520009,10,0,0.01989088565784982,0.004025662160960413,4.941022087199531,1.5975722100920222,0.26508255857179613,0.06803398058252427,0.8511688709259033,3,1.0,1.0,0.27998893833495436,0.23483449353601363,0.32514338313389507,0.15568835974748757,0.22427663972332465,0.9319325423873354,0.4385511774894223,0.035692691802978516
520009,10,1,0.0379569793777897,0.004338001536965418,8.749876883536569,2.1690396298439154,0.16963811290561212,0.022815533980582524,0.8301327228546143,3,1.0,1.0,0.5177009836398598,0.32514338313389507,0.7102585841458245,0.15568835974748757,0.22427663972332465,0.9319325423873354,0.4385511774894223,0.035692691802978516
520009,10,2,0.042612896931962255,0.004481420230384143,9.50879291201859,2.25221694024063,0.13651362571408834,0.016354368932038836,0.8868615627288818,3,1.0,1.0,0.4725465388409191,0.23483449353601363,0.7102585841458245,0.15568835974748757,0.22427663972332465,0.9319325423873354,0.4385511774894223,0.035692691802978516
72813,65,0,0.013048112982144906,0.004636105142664163,2.814455793776989,1.0347689192761893,0.7030146563661195,0.45683919270833334,0.9491170644760132,3,1.0,1.0,0.4915854378998838,0.3815511411665258,0.6016197346332418,0.30900122039196026,0.4142252249639808,0.9644791037788907,0.2740360652512043,0.055694639682769775
72813,65,1,0.01504135724148764,0.007022997819024451,2.141728878029934,0.7616133898651313,0.3221282270099456,0.18158854166666666,0.8934224247932434,3,1.0,1.0,0.439668913939147,0.3815511411665258,0.4977866867117681,0.30900122039196026,0.4142252249639808,0.9644791037788907,0.2740360652512043,0.055694639682769775
72813,65,2,0.014307183335987135,0.0061511810182564046,2.3259246136958396,0.8441176433642041,0.48160034282574027,0.28541666666666665,0.8704299926757812,3,1.0,1.0,0.5497032106725049,0.4977866867117681,0.6016197346332418,0.30900122039196026,0.4142252249639808,0.9644791037788907,0.2740360652512043,0.055694639682769775
72813,72,0,0.006839690850065044,0.001623280660388419,4.213498634435122,1.4382933322836557,0.5316807397035186,0.21225260416666666,0.815467894077301,3,1.0,1.0,0.3479158257896935,0.28015712306450874,0.4156745285148783,0.2611410187421352,0.3857142857142857,0.9551212822308012,0.3628017718974317,0.008153378963470459
72813,72,1,0.009991682272267172,0.0019778213314252105,5.0518629304171485,1.619757072473848,0.3436803927340085,0.09391927083333333,0.9087685942649841,3,1.0,1.0,0.5315067610476649,0.4156745285148783,0.6473389935804514,0.2611410187421352,0.3857142857142857,0.9551212822308012,0.3628017718974317,0.008153378963470459
72813,72,2,0.01076480264017923,0.002204426594702081,4.883266542495501,1.5858143694896512,0.24227146797678797,0.06145182291666667,0.9169219732284546,2,0.6666666666666666,1.0,0.4637480583224801,0.28015712306450874,0.6473389935804514,0.2611410187421352,0.3857142857142857,0.9551212822308012,0.3628017718974317,0.008153378963470459
449190,57,0,0.020509235656107547,0.0020193989151291304,10.156109073991443,2.318075403690888,0.17773226599067016,0.020839136490250695,0.7032421231269836,3,1.0,1.0,0.4394878581465148,0.3645248492410064,0.5144508670520231,0.0876363228676798,0.1085157861925876,0.9124744739768811,0.48370320355561136,0.001745462417602539
449190,57,1,0.029813981939763638,0.002097338199889777,14.215152294997214,2.654308458761647,0.13749346874090693,0.01108983286908078,0.8925720453262329,3,1.0,1.0,0.5954721363964538,0.5144508670520231,0.6764934057408845,0.0876363228676798,0.1085157861925876,0.9124744739768811,0.48370320355561136,0.001745462417602539
449190,57,2,0.026178937446821603,0.0022197196232453405,11.793803668209632,2.467574280726183,0.08405591727465915,0.007721100278551532,0.8943175077438354,2,0.6666666666666666,0.0,0.5205091274909455,0.3645248492410064,0.6764934057408845,0.0876363228676798,0.1085157861925876,0.9124744739768811,0.48370320355561136,0.001745462417602539
449190,54,0,0.0035418736672705067,0.004035118051683319,0.877762092961615,-0.13037968651846263,0.61408727480506,0.6444899025069638,0.9495691061019897,3,1.0,1.0,0.458649593536935,0.3878719615830793,0.5294272254907907,0.3248254520089256,0.3484040698106738,0.9750797875792137,0.24419510931180657,0.04293864965438843
449190,54,1,0.004640881480568319,0.003234499329990786,1.4348067523472736,0.36103017300478224,0.42852904473196207,0.3432407729805014,0.9066304564476013,3,1.0,1.0,0.6192515582800369,0.5294272254907907,0.7090758910692831,0.3248254520089256,0.3484040698106738,0.9750797875792137,0.24419510931180657,0.04293864965438843
449190,54,2,0.0056046384541406,0.0030843017734072248,1.8171498329529576,0.5972692479169243,0.37863641536273196,0.2511272632311978,0.7707608938217163,2,0.6666666666666666,0.0,0.5484739263261812,0.3878719615830793,0.7090758910692831,0.3248254520089256,0.3484040698106738,0.9750797875792137,0.24419510931180657,0.04293864965438843
483667,1,0,0.0018829700401434806,0.0004651605066402526,4.0480006561514426,1.3982230946089749,0.875536136832541,0.6347381161971831,0.9332995414733887,3,1.0,1.0,0.0975389868918412,0.09707150203977857,0.09800647174390385,0.08473619565541697,0.08861114843787493,0.932370113645742,0.4395377461729959,0.011663556098937988
483667,1,1,0.00854520735908057,0.0008886410088497017,9.616039845523048,2.2634325215704933,0.3895368810459048,0.06222857981220657,0.9691585302352905,3,1.0,1.0,0.5441700400685805,0.09800647174390385,0.9903336083932571,0.08473619565541697,0.08861114843787493,0.932370113645742,0.4395377461729959,0.011663556098937988
483667,1,2,0.008581423143332255,0.0008911706536813571,9.629382541103297,2.2648191056054077,0.3874064184461007,0.06162705399061033,0.9808220863342285,3,1.0,1.0,0.5437025552165179,0.09707150203977857,0.9903336083932571,0.08473619565541697,0.08861114843787493,0.932370113645742,0.4395377461729959,0.011663556098937988
483667,32,0,0.004559569255948372,0.0006083272006743158,7.495257886543531,2.0142705389929563,0.9269610048394439,0.6287008509389671,0.8697351813316345,3,1.0,1.0,0.2832904350629437,0.05002654469718626,0.5165543254287012,0.08959005643135924,0.11029332250825055,0.9255584524010353,0.4624661186691875,0.0016467571258544922
483667,32,1,0.00531159541536272,0.0020146241846797216,2.6365192342663257,0.969459575528889,0.5615166854231063,0.3269219483568075,0.871381938457489,2,0.6666666666666666,0.0,0.27502668672535124,0.03349904802200127,0.5165543254287012,0.08959005643135924,0.11029332250825055,0.9255584524010353,0.4624661186691875,0.0016467571258544922
483667,32,2,0.0170557915357976,0.0026390447996699744,6.462865477489297,1.8660727918707656,0.17346427079111343,0.031451731220657274,0.841404914855957,3,1.0,1.0,0.04176279635959376,0.03349904802200127,0.05002654469718626,0.08959005643135924,0.11029332250825055,0.9255584524010353,0.4624661186691875,0.0016467571258544922
22705,1,0,0.0063743301733074536,0.0007534526018372922,8.460160797512021,2.1353681803924958,0.5963930039809069,0.14869035269709543,0.970885157585144,3,1.0,1.0,0.8935408515869117,0.8331227397499019,0.9539589634239213,0.2582160011604498,0.38729706884230886,0.8984391266976259,0.5244545352415549,0.014778316020965576
22705,1,1,0.0064832419827482645,0.0007764574697515706,8.349770885033564,2.122234099722418,0.5810067243781435,0.14242090248962655,0.9561068415641785,3,1.0,1.0,0.9123958165093118,0.8708326695947022,0.9539589634239213,0.2582160011604498,0.38729706884230886,0.8984391266976259,0.5244545352415549,0.014778316020965576
22705,1,2,0.006348184974569649,0.0009150876485038468,6.937242545030068,1.9369043679151654,0.495637662567508,0.12407935684647303,0.894729495048523,3,1.0,1.0,0.851977704672302,0.8331227397499019,0.8708326695947022,0.2582160011604498,0.38729706884230886,0.8984391266976259,0.5244545352415549,0.014778316020965576
22705,82,0,0.01602356039338645,0.003911158013041513,4.096883924367157,1.410226666365196,0.4826406322994386,0.1854739367219917,0.8798805475234985,3,1.0,1.0,0.8830971211236328,0.8561294033570968,0.9100648388901689,0.35879396935819957,0.5369452637493568,0.9527957790593599,0.37443850285552266,0.016524851322174072
22705,82,1,0.01570213668181474,0.003907506281572262,4.018454622030248,1.3908974064048543,0.48649114208750727,0.19078060165975103,0.9236080050468445,3,1.0,1.0,0.8718121379460171,0.8335594370018653,0.9100648388901689,0.35879396935819957,0.5369452637493568,0.9527957790593599,0.37443850285552266,0.016524851322174072
22705,82,2,0.017209028651083015,0.004056930010878056,4.241884528620822,1.4450076348543415,0.4463960266143345,0.15972834543568465,0.9070831537246704,3,1.0,1.0,0.844844420179481,0.8335594370018653,0.8561294033570968,0.35879396935819957,0.5369452637493568,0.9527957790593599,0.37443850285552266,0.016524851322174072
439715,19,0,0.03754097681769189,0.004374659718444851,8.581462153690865,2.149604313190746,0.5570272320174449,0.12780598958333333,0.9499475955963135,3,1.0,1.0,0.6670554023241841,0.6352505766939592,0.6988602279544092,0.22804631194795663,0.3270072586943861,0.9158160046235286,0.45542791757000506,0.000756680965423584
439715,19,1,0.04396044766166427,0.004970099165084924,8.844984011917221,2.1798505200486025,0.4769064837099607,0.09344401041666667,0.9491909146308899,3,1.0,1.0,0.7888214152969804,0.6988602279544092,0.8787826026395514,0.22804631194795663,0.3270072586943861,0.9158160046235286,0.45542791757000506,0.000756680965423584
439715,19,2,0.04498027800574741,0.00535711387587928,8.396363982456558,2.1277987529295372,0.42917098745363474,0.08218424479166667,0.9463948011398315,3,1.0,1.0,0.7570165896667553,0.6352505766939592,0.8787826026395514,0.22804631194795663,0.3270072586943861,0.9158160046235286,0.45542791757000506,0.000756680965423584
439715,28,0,0.002430028125395749,0.0029087050019438814,0.8354329926672982,-0.17980513402990317,0.4432991777499547,0.4880078125,0.9673759937286377,2,0.6666666666666666,0.0,0.8100332997568698,0.7454916366109108,0.8745749629028287,0.3454201199688744,0.5181277291375662,0.882505742409061,0.6437277145782003,0.00040543079376220703
439715,28,1,0.0026985664194258572,0.0026574796074839134,1.0154608188942544,0.015342518596335019,0.43278906194156425,0.4290266927083333,0.9677814245223999,2,0.6666666666666666,0.0,0.8617776334953584,0.848980304087888,0.8745749629028287,0.3454201199688744,0.5181277291375662,0.882505742409061,0.6437277145782003,0.00040543079376220703
439715,28,2,0.0028078691875265144,0.0025990324570812646,1.0803517204242319,0.07728665553373781,0.3823559766678501,0.36427734375,0.724328875541687,2,0.6666666666666666,0.0,0.7972359703493994,0.7454916366109108,0.848980304087888,0.3454201199688744,0.5181277291375662,0.882505742409061,0.6437277145782003,0.00040543079376220703
237517,64,0,0.031061661347890488,0.00480557634778319,6.463670347419523,1.8661973217171683,0.2812265153071113,0.05707701359832636,0.8437999486923218,3,1.0,1.0,0.44940089197976424,0.26622819559622535,0.6325735883633031,0.11683750422581379,0.15232630067407568,0.9399014253484831,0.39731938971195235,0.03632408380508423
237517,64,1,0.032107383067022176,0.005337515322729829,6.015417496653797,1.7943257563015786,0.1839127067865105,0.03611074790794979,0.880124032497406,2,0.6666666666666666,0.0,0.5121275021462534,0.3916814159292035,0.6325735883633031,0.11683750422581379,0.15232630067407568,0.9399014253484831,0.39731938971195235,0.03632408380508423
237517,64,2,0.034943412774610494,0.005859359078373477,5.963691984268505,1.7856897497671873,0.08477754505389462,0.015294848326359833,0.7462701797485352,3,1.0,1.0,0.3289548057627144,0.26622819559622535,0.3916814159292035,0.11683750422581379,0.15232630067407568,0.9399014253484831,0.39731938971195235,0.03632408380508423
237517,51,0,0.005984108876139795,0.002712439407421434,2.2061723692557558,0.7912590545079105,0.23521180248445392,0.12234898012552302,0.8282265067100525,2,0.6666666666666666,1.0,0.5060027858641951,0.30623594255913394,0.7057696291692562,0.3121741438009277,0.46055006636954765,0.9451704239752022,0.36635325600066937,0.07033538818359375
237517,51,1,0.007163724685096596,0.0026975060681860325,2.65568436228143,0.976702385189333,0.21396126083815076,0.09296875,0.8985618948936462,2,0.6666666666666666,1.0,0.5639444086446761,0.42211918812009597,0.7057696291692562,0.3121741438009277,0.46055006636954765,0.9451704239752022,0.36635325600066937,0.07033538818359375
237517,51,2,0.0068229658597094645,0.002915781915684353,2.3400124065067662,0.8501562314280873,0.11048643768859157,0.05040533472803347,0.794634222984314,2,0.6666666666666666,1.0,0.364177565339615,0.30623594255913394,0.42211918812009597,0.3121741438009277,0.46055006636954765,0.9451704239752022,0.36635325600066937,0.07033538818359375
121506,67,0,0.014974338138662226,0.003946815153396726,3.7940307698425935,1.333428981679187,0.29826825877964147,0.10074383784014695,0.9506361484527588,3,1.0,1.0,0.5735001669807434,0.27332774432843027,0.8736725896330565,0.2690936714707373,0.3072259023943795,0.9333121451125181,0.40166551415209384,0.032678961753845215
121506,67,1,0.014584063061124657,0.0041205200310244295,3.539374386674063,1.2639499846679767,0.25828321320973563,0.08957292067153659,0.9179571866989136,3,1.0,1.0,0.5736258706413134,0.2735791516495703,0.8736725896330565,0.2690936714707373,0.3072259023943795,0.9333121451125181,0.40166551415209384,0.032678961753845215
121506,67,2,0.01921920795453324,0.004573319965948652,4.202463001371062,1.435670782356994,0.1256926279356336,0.03307755564099278,0.731873631477356,2,0.6666666666666666,1.0,0.2734534479890003,0.27332774432843027,0.2735791516495703,0.2690936714707373,0.3072259023943795,0.9333121451125181,0.40166551415209384,0.032678961753845215
121506,62,0,0.004006888117329634,0.003279237262165774,1.2218963727746208,0.20040405607304038,0.42429605675920584,0.3762334999359221,0.885576605796814,3,1.0,1.0,0.3713319006914685,0.37132740174067297,0.37133639964226395,0.2965845886920375,0.43377146626879404,0.9325865563832242,0.38280474651442786,0.049976646900177
121506,62,1,0.007673077511877386,0.0025427748945061365,3.01759999496537,1.1044618119189051,0.4252562925307043,0.19691411422956984,0.835599958896637,3,1.0,1.0,0.5511256339532649,0.37133639964226395,0.7309148682642659,0.2965845886920375,0.43377146626879404,0.9325865563832242,0.38280474651442786,0.049976646900177
121506,62,2,0.008007553965845411,0.0027536814703037183,2.907944890973272,1.067446608782085,0.34288355531232023,0.152139668503567,0.8060123920440674,3,1.0,1.0,0.5511211350024694,0.37132740174067297,0.7309148682642659,0.2965845886920375,0.43377146626879404,0.9325865563832242,0.38280474651442786,0.049976646900177
529568,64,0,0.015769347853826252,0.003423329241610147,4.606436231007327,1.5274545062710838,0.1881912538650154,0.04791341145833333,0.8221290707588196,2,0.6666666666666666,0.0,0.2243534390054272,0.13606494008504058,0.3126419379258138,0.09681604707534529,0.1072219402836814,0.9482251326261316,0.4182264677666765,0.09074902534484863
529568,64,1,0.03700960825961698,0.0033476567985993144,11.055377081678955,2.4029169233593195,0.18271233150535635,0.019820963541666667,0.9128780961036682,2,0.6666666666666666,0.0,0.32467013760898766,0.3126419379258138,0.33669833729216153,0.09681604707534529,0.1072219402836814,0.9482251326261316,0.4182264677666765,0.09074902534484863
529568,64,2,0.030286700967827086,0.003763189304943161,8.048147065042848,2.0854418867128626,0.0715810271414368,0.009488932291666667,0.6764969229698181,2,0.6666666666666666,0.0,0.23638163868860107,0.13606494008504058,0.33669833729216153,0.09681604707534529,0.1072219402836814,0.9482251326261316,0.4182264677666765,0.09074902534484863
529568,67,0,0.004258027368231119,0.0028280358234692676,1.5056483130054463,0.4092235784408346,0.280540971647046,0.20570638020833334,0.851506769657135,2,0.6666666666666666,1.0,0.10779432784356222,0.09747901715119815,0.11810963853592628,0.29953920734266487,0.44752444272421343,0.9730912642351819,0.2624992009553289,0.013129830360412598
529568,67,1,0.010420416386327465,0.002864984889532597,3.6371627720487987,1.291203919580751,0.11361942460448606,0.03404296875,0.8646366000175476,3,1.0,1.0,0.3249887986266648,0.11810963853592628,0.5318679587174033,0.29953920734266487,0.44752444272421343,0.9730912642351819,0.2624992009553289,0.013129830360412598
529568,67,2,0.009441198640160816,0.0029317853946407933,3.2202898118664227,1.1694713592973716,0.08845297091254242,0.029251302083333333,0.7479149103164673,3,1.0,1.0,0.3146734879343007,0.09747901715119815,0.5318679587174033,0.29953920734266487,0.44752444272421343,0.9730912642351819,0.2624992009553289,0.013129830360412598
412362,32,0,0.008166341108144973,0.0008135102095783338,10.038400258479149,2.306417764885714,0.6977450066887942,0.1869676853707415,0.9290351867675781,3,1.0,1.0,0.4151843162007519,0.07161279517668732,0.7587558372248165,0.10134251883533225,0.1281720000713615,0.889854143220767,0.5822230510567574,0.04537367820739746
412362,32,1,0.007418264709567564,0.0013138593803160737,5.646163368059067,1.7309762647332927,0.4855881812846739,0.14323960420841683,0.8836615085601807,1,0.3333333333333333,0.0,0.39631603609411636,0.033876234963416144,0.7587558372248165,0.10134251883533225,0.1281720000713615,0.889854143220767,0.5822230510567574,0.04537367820739746
412362,32,2,0.02975633951460551,0.0018141259020448438,16.40257683585369,2.7974384466584747,0.18207040212279738,0.013389278557114229,0.6549445390701294,3,1.0,1.0,0.052744515070051734,0.033876234963416144,0.07161279517668732,0.10134251883533225,0.1281720000713615,0.889854143220767,0.5822230510567574,0.04537367820739746
412362,1,0,0.002221034110270551,0.0006739494881993823,3.2955498087980257,1.1925730160320722,0.6577161560579406,0.36831788577154306,0.9487258791923523,3,1.0,1.0,0.15380000578422376,0.15072360556502276,0.15687640600342478,0.29386082328897645,0.37301754128051656,0.930702888022837,0.4349249179983179,0.019355952739715576
412362,1,1,0.00630864801069488,0.0009018659860983571,6.995105814991625,1.9452107353940828,0.32074515667762915,0.06323584669338678,0.9680818319320679,3,1.0,1.0,0.4965472311457408,0.15687640600342478,0.8362180562880568,0.29386082328897645,0.37301754128051656,0.930702888022837,0.4349249179983179,0.019355952739715576
412362,1,2,0.007031578206924608,0.0008959699659332129,7.848006592221806,2.060259562392413,0.32046700071930084,0.056685245490981966,0.9010142087936401,3,1.0,1.0,0.49347083092653976,0.15072360556502276,0.8362180562880568,0.29386082328897645,0.37301754128051656,0.930702888022837,0.4349249179983179,0.019355952739715576
22192,18,0,0.01729825897029811,0.001472059356570938,11.751060771654048,2.4639435150117666,0.5477180943996426,0.09342723004694836,0.9100691080093384,3,1.0,1.0,0.5616535462129817,0.2639161497997959,0.8593909426261674,0.08522403874153717,0.09660137623031056,0.8866680233031129,0.652965110336891,0.05797046422958374
22192,18,1,0.019817399344745038,0.0014768330094497286,13.418849121411633,2.5966603694524184,0.5397104962141912,0.0803587147887324,0.9680395722389221,3,1.0,1.0,0.5830221118168712,0.30665328100757505,0.8593909426261674,0.08522403874153717,0.09660137623031056,0.8866680233031129,0.652965110336891,0.05797046422958374
22192,18,2,0.033961095357916166,0.0021664022460349086,15.676264832349451,2.7521477743520575,0.28390015246813166,0.024666226525821597,0.7465415000915527,2,0.6666666666666666,0.0,0.2852847154036855,0.2639161497997959,0.30665328100757505,0.08522403874153717,0.09660137623031056,0.8866680233031129,0.652965110336891,0.05797046422958374
22192,31,0,0.00700908931386153,0.002277392767898787,3.07768137739838,1.1241765140863105,0.3323569791924926,0.1392275528169014,0.7427290081977844,2,0.6666666666666666,0.0,0.6076147336648701,0.5070112442009803,0.7082182231287599,0.3086684244696713,0.46056648179520954,0.9373365136155735,0.38354082386904575,0.1140286922454834
22192,31,1,0.00930465699677088,0.002201412615081095,4.226675603111071,1.4414157747469345,0.3277998288924616,0.10344043427230047,0.8464490175247192,2,0.6666666666666666,0.0,0.6983476345890669,0.688477046049374,0.7082182231287599,0.3086684244696713,0.46056648179520954,0.9373365136155735,0.38354082386904575,0.1140286922454834
22192,31,2,0.012638977588464386,0.002187175483815647,5.778675591515101,1.7541745200915746,0.30847537098649513,0.07166226525821597,0.9604777097702026,2,0.6666666666666666,0.0,0.5977441451251772,0.5070112442009803,0.688477046049374,0.3086684244696713,0.46056648179520954,0.9373365136155735,0.38354082386904575,0.1140286922454834
482319,62,0,0.0033280012883067224,0.0017718736573459402,1.878238480848257,0.6303343596316008,0.2749241591943002,0.16796549479166667,0.711793839931488,3,1.0,1.0,0.29457718407526645,0.27166551029173686,0.31748885785879605,0.3167000989747715,0.38709689835654837,0.9593986091207952,0.31662515026101257,0.0935407280921936
482319,62,1,0.005158889122138986,0.0017517621575712542,2.9449712090747533,1.0800990410440863,0.2096215589101147,0.0826171875,0.8616889119148254,3,1.0,1.0,0.46831392293791396,0.27166551029173686,0.6649623355840911,0.3167000989747715,0.38709689835654837,0.9593986091207952,0.31662515026101257,0.0935407280921936
482319,62,2,0.006478606031190816,0.001768326867777207,3.6636925817175157,1.2984715410765637,0.1792103860758827,0.056243489583333334,0.955229640007019,3,1.0,1.0,0.4912255967214436,0.31748885785879605,0.6649623355840911,0.3167000989747715,0.38709689835654837,0.9593986091207952,0.31662515026101257,0.0935407280921936
482319,1,0,0.001827829492684029,0.0009953533198067447,1.8363624800111715,0.6077867024588004,0.42137677586491407,0.2839583333333333,0.8429606556892395,3,1.0,1.0,0.4122434483144472,0.25768715448619073,0.5667997421427037,0.24931637277182328,0.3087967169739871,0.9680897451457646,0.31153989449726005,0.0003218650817871094
482319,1,1,0.0018938233003971973,0.0010989964716127953,1.7232296441268378,0.5442002307520222,0.2567832538918265,0.16701171875,0.8432825207710266,3,1.0,1.0,0.47775726656679784,0.38871479099089196,0.5667997421427037,0.24931637277182328,0.3087967169739871,0.9680897451457646,0.31153989449726005,0.0003218650817871094
482319,1,2,0.0034362083777496758,0.001040930540791054,3.3010928585467765,1.1942535831956176,0.2222327404600853,0.07966145833333334,0.8225705623626709,3,1.0,1.0,0.3232009727385413,0.25768715448619073,0.38871479099089196,0.24931637277182328,0.3087967169739871,0.9680897451457646,0.31153989449726005,0.0003218650817871094
262895,1,0,0.002271266312617264,0.00100025238429148,2.270693223046304,0.8200851699151039,0.8805602145944778,0.7645269461077844,0.9665132164955139,3,1.0,1.0,0.5162186007757784,0.44628241578357886,0.586154785767978,0.10458339956742141,0.11668992339145667,0.9581893357345175,0.30398970045825824,0.033417582511901855
262895,1,1,0.003030217914296603,0.0011114700808680955,2.726315322139473,1.002950999012968,0.6891415227698732,0.4484730538922156,0.9330956339836121,3,1.0,1.0,0.6719460517489158,0.586154785767978,0.7577373177298536,0.10458339956742141,0.11668992339145667,0.9581893357345175,0.30398970045825824,0.033417582511901855
262895,1,2,0.003769433613209288,0.001041038600381039,3.6208394272880637,1.2867058852127484,0.6522106669053042,0.34120359281437124,0.9113349914550781,3,1.0,1.0,0.6020098667567162,0.44628241578357886,0.7577373177298536,0.10458339956742141,0.11668992339145667,0.9581893357345175,0.30398970045825824,0.033417582511901855
262895,32,0,0.004801674873432507,0.002043212511506681,2.3500614077297577,0.8544414589717543,0.6021599520879416,0.391748502994012,0.7933290004730225,3,1.0,1.0,0.3372247717263645,0.23677493312953765,0.4376746103231913,0.12269488745201797,0.17639733738680025,0.9549063501895917,0.36818624204632533,0.04123276472091675
262895,32,1,0.008250679298741338,0.0020576751119328295,4.009709427345673,1.3887187768056213,0.45469780444999974,0.1721556886227545,0.9209691882133484,3,1.0,1.0,0.47128628475343237,0.4376746103231913,0.5048979591836734,0.12269488745201797,0.17639733738680025,0.9549063501895917,0.36818624204632533,0.04123276472091675
262895,32,2,0.010299983879047462,0.0023899559346927893,4.309696143440298,1.460867401365597,0.30591121448597225,0.09277844311377245,0.9622019529342651,3,1.0,1.0,0.37083644615660555,0.23677493312953765,0.5048979591836734,0.12269488745201797,0.17639733738680025,0.9549063501895917,0.36818624204632533,0.04123276472091675
56350,1,0,0.0030049327563965167,0.0017933566477023038,1.6755912765990664,0.5161661042743041,0.5962286058482417,0.4684442949293007,0.7572982907295227,3,1.0,1.0,0.31240035658214427,0.21123775996718902,0.4135629531970995,0.33196214460458007,0.4352392389859412,0.9512024729531363,0.3650996883396129,0.0944286584854126
56350,1,1,0.004610234961707713,0.001731687617779643,2.662278641777576,0.9791823885577252,0.4268504188515391,0.2185911401597676,0.8517269492149353,3,1.0,1.0,0.4337072776927272,0.4135629531970995,0.45385160218835485,0.33196214460458007,0.4352392389859412,0.9512024729531363,0.3650996883396129,0.0944286584854126
56350,1,2,0.006800060077141759,0.0018716711717868578,3.6331489077842076,1.2900997401003003,0.285924301078472,0.09927004570891537,0.6834607124328613,3,1.0,1.0,0.3325446810777719,0.21123775996718902,0.45385160218835485,0.33196214460458007,0.4352392389859412,0.9512024729531363,0.3650996883396129,0.0944286584854126
56350,70,0,0.010720894390035332,0.003642883130152359,2.942969621604077,1.0794191470365209,0.40506280338632544,0.18788179759921397,0.758274257183075,2,0.6666666666666666,1.0,0.14853568917602228,0.1467261980912417,0.15034518026080287,0.3706056767199892,0.5454655671524826,0.9073486686191704,0.5391400358985738,0.04421144723892212
56350,70,1,0.032933624290812605,0.0034565324702423863,9.527937192783039,2.2542282402042733,0.3406530920168796,0.0514358793626383,0.8729707598686218,2,0.6666666666666666,1.0,0.3487446001356239,0.1467261980912417,0.5507630021800062,0.3706056767199892,0.5454655671524826,0.9073486686191704,0.5391400358985738,0.04421144723892212
56350,70,2,0.03462100815442361,0.0041081892576717806,8.42731577697979,2.1314783081687545,0.19726078031852026,0.028333119740270835,0.917182207107544,2,0.6666666666666666,1.0,0.35055409122040454,0.15034518026080287,0.5507630021800062,0.3706056767199892,0.5454655671524826,0.9073486686191704,0.5391400358985738,0.04421144723892212
352900,51,0,0.003181648699956005,0.002092079097948287,1.5208070773019329,0.41924116616594886,0.46789681743213435,0.36636782786885247,0.9644450545310974,3,1.0,1.0,0.8929321873076823,0.8758314634754425,0.9100329111399222,0.29084431098907015,0.3984145557011789,0.9549238814108855,0.36624181178042603,0.003683149814605713
352900,51,1,0.0030902597634534013,0.0021902585860602403,1.4109109224409617,0.34423554040127274,0.4148626781988148,0.3344481850117096,0.9738265872001648,3,1.0,1.0,0.9350203892223574,0.9100329111399222,0.9600078673047925,0.29084431098907015,0.3984145557011789,0.9549238814108855,0.36624181178042603,0.003683149814605713
352900,51,2,0.003069301135282783,0.002216820103021089,1.3845512902537194,0.3253761093166888,0.39663065025622346,0.3219335480093677,0.9775097370147705,3,1.0,1.0,0.9179196653901175,0.8758314634754425,0.9600078673047925,0.29084431098907015,0.3984145557011789,0.9549238814108855,0.36624181178042603,0.003683149814605713
352900,49,0,0.003593946740235271,0.0013716576969821032,2.6201484127727057,0.9632309625433741,0.15480327672869765,0.06533591920374707,0.7435087561607361,3,1.0,1.0,0.4785422417256189,0.40183797385263387,0.5552465095986039,0.4032826851610493,0.5867325460553257,0.9407313212005427,0.3988110548401771,0.0108259916305542
352900,49,1,0.005820100430071125,0.0013421459135060662,4.336414071798614,1.4670477560132036,0.1496986261801585,0.03901492974238876,0.8877464532852173,3,1.0,1.0,0.6399115886004059,0.5552465095986039,0.7245766676022078,0.4032826851610493,0.5867325460553257,0.9407313212005427,0.3988110548401771,0.0108259916305542
352900,49,2,0.007277142297952197,0.0013482367249155205,5.397525640766574,1.6859406340223655,0.13644019044689235,0.028439695550351286,0.8985724449157715,2,0.6666666666666666,1.0,0.5632073207274209,0.40183797385263387,0.7245766676022078,0.4032826851610493,0.5867325460553257,0.9407313212005427,0.3988110548401771,0.0108259916305542
21167,1,0,0.001374098945733745,0.0005412997570278629,2.538517568786747,0.931580277041453,0.4605395930991423,0.2516651995305164,0.9546356797218323,2,0.6666666666666666,1.0,0.6266658512228609,0.3189637607335177,0.934367941712204,0.23254347111732518,0.3406476750034868,0.9246601679635477,0.460434949704838,0.0024130940437316895
21167,1,1,0.001369045852952632,0.0005607554657297741,2.4414311302869027,0.8925843969008626,0.42887329672305363,0.23522593896713614,0.957048773765564,2,0.6666666666666666,1.0,0.6176219050149664,0.3008758683177288,0.934367941712204,0.23254347111732518,0.3406476750034868,0.9246601679635477,0.460434949704838,0.0024130940437316895
21167,1,2,0.0035158024068028043,0.000508051002726745,6.920176086678449,1.934441215642062,0.3780247123201811,0.08073650234741785,0.8970754146575928,2,0.6666666666666666,1.0,0.3099198145256232,0.3008758683177288,0.3189637607335177,0.23254347111732518,0.3406476750034868,0.9246601679635477,0.460434949704838,0.0024130940437316895
21167,32,0,0.0043734710197696185,0.0019331747155310168,2.262325791027098,0.8163933954150019,0.512811603844998,0.3175322769953052,0.696847677230835,3,1.0,1.0,0.16474187596848905,0.10360438392867455,0.22587936800830355,0.13929399640616968,0.1634269169680083,0.9564774871430077,0.2989401030601262,0.09724396467208862
21167,32,1,0.00842747281672899,0.002262010360181871,3.725656151427063,1.31524298447205,0.22513680271545167,0.07234448356807512,0.8225850462913513,3,1.0,1.0,0.3381366935010198,0.22587936800830355,0.4503940189937361,0.13929399640616968,0.1634269169680083,0.9564774871430077,0.2989401030601262,0.09724396467208862
21167,32,2,0.010833786321087094,0.0024310379387942815,4.45644477354552,1.494351312266112,0.13188562727307593,0.032966549295774646,0.9198290109634399,3,1.0,1.0,0.2769992014612053,0.10360438392867455,0.4503940189937361,0.13929399640616968,0.1634269169680083,0.9564774871430077,0.2989401030601262,0.09724396467208862
199236,19,0,0.017863574696452264,0.0028203978160364985,6.3337074608936605,1.8458857615822664,0.4525139047112961,0.11543337264150944,0.7662688493728638,3,1.0,1.0,0.3865929966672675,0.2875409523203664,0.48564504101416855,0.24645315532946335,0.35569897420689867,0.9305819690244788,0.45224250777057995,0.07774490118026733
199236,19,1,0.026089199872569534,0.0031637490409351277,8.246292460862163,2.1097637006916936,0.3479106783084423,0.06076798349056604,0.7961975932121277,3,1.0,1.0,0.5176427513367416,0.48564504101416855,0.5496404616593148,0.24645315532946335,0.35569897420689867,0.9305819690244788,0.45224250777057995,0.07774490118026733
199236,19,2,0.03726511214512827,0.0034148605948519607,10.912630574259543,2.3899208866888535,0.27589709276126057,0.033737470518867926,0.873942494392395,3,1.0,1.0,0.4185907069898406,0.2875409523203664,0.5496404616593148,0.24645315532946335,0.35569897420689867,0.9305819690244788,0.45224250777057995,0.07774490118026733
199236,1,0,0.0003523932937119956,0.00017339740656833487,2.032286979683474,0.7091617527411237,0.5333534128095414,0.3599572523584906,0.9860739707946777,2,0.6666666666666666,1.0,0.7322846084535006,0.5150153531218015,0.9495538637851998,0.14611469937264032,0.195304696368817,0.9053372051128893,0.5186631952421171,0.008583903312683105
199236,1,1,0.00036449767924909006,0.00017194474314265892,2.1198535672987715,0.751347017012959,0.5243943521314864,0.3421580188679245,0.9774900674819946,2,0.6666666666666666,1.0,0.7454945394368448,0.5414352150884899,0.9495538637851998,0.14611469937264032,0.195304696368817,0.9053372051128893,0.5186631952421171,0.008583903312683105
199236,1,2,0.0005841251744110609,0.0001589568563897704,3.6747403289356426,1.3014824730872894,0.45561833479214914,0.18550633844339623,0.8759173154830933,2,0.6666666666666666,1.0,0.5282252841051457,0.5150153531218015,0.5414352150884899,0.14611469937264032,0.195304696368817,0.9053372051128893,0.5186631952421171,0.008583903312683105
558421,7,0,0.07172268010408435,0.00489629102655475,14.648369490386127,2.6843290316984185,0.4907730982493796,0.06173155737704918,0.8618647456169128,3,1.0,1.0,0.8250696311213929,0.7876614910513215,0.8624777711914642,0.17970292829921752,0.2528141531221672,0.898854985507124,0.5428973232796954,0.07039588689804077
558421,7,1,0.07459443329092551,0.005334018440427629,13.984659803868357,2.6379610005844203,0.44022891939979997,0.05324209601873536,0.9607200026512146,3,1.0,1.0,0.8875202235997159,0.8624777711914642,0.9125626760079676,0.17970292829921752,0.2528141531221672,0.898854985507124,0.5428973232796954,0.07039588689804077
558421,7,2,0.07515424035085717,0.005639725253419083,13.325869073492372,2.5897071892136245,0.4052760947055823,0.04864973653395784,0.8903241157531738,2,0.6666666666666666,1.0,0.8501120835296445,0.7876614910513215,0.9125626760079676,0.17970292829921752,0.2528141531221672,0.898854985507124,0.5428973232796954,0.07039588689804077
558421,16,0,0.0016806543625665813,0.0006407684159719139,2.622873284717851,0.9642703910172913,0.6339158403923825,0.39766173887587825,0.9774506688117981,2,0.6666666666666666,1.0,0.7454261590308991,0.6631303883772071,0.8277219296845912,0.17675227616184888,0.23245520556229793,0.9315381056788943,0.38466491902010813,0.02283656597137451
558421,16,1,0.001729315088451145,0.0006798455439718847,2.543688196886929,0.933615074427771,0.5852380547650051,0.35679522833723654,0.9546141028404236,2,0.6666666666666666,1.0,0.7751058101507646,0.7224896906169379,0.8277219296845912,0.17675227616184888,0.23245520556229793,0.9315381056788943,0.38466491902010813,0.02283656597137451
558421,16,2,0.001707703870083393,0.0008202014698463009,2.082054142528358,0.7333549754970813,0.4272331138307718,0.2637624414519906,0.8496094942092896,1,0.3333333333333333,1.0,0.6928100394970724,0.6631303883772071,0.7224896906169379,0.17675227616184888,0.23245520556229793,0.9315381056788943,0.38466491902010813,0.02283656597137451
478721,8,0,0.026898779206339055,0.0010167833991289279,26.454778080492165,3.2754367877923025,0.377389229301059,0.022399088541666667,0.9236812591552734,2,0.6666666666666666,1.0,0.7090440764460497,0.5545310473995102,0.8635571054925893,0.11533278504167947,0.17245352218295198,0.875860979815392,0.6573366823598406,0.006344914436340332
478721,8,1,0.027395564934207965,0.0010874825244738275,25.191728871479043,3.226515721292356,0.3320201447963282,0.019348958333333333,0.9173363447189331,2,0.6666666666666666,1.0,0.7396663848223852,0.615775664152181,0.8635571054925893,0.11533278504167947,0.17245352218295198,0.875860979815392,0.6573366823598406,0.006344914436340332
478721,8,2,0.024995218569532966,0.0012949397244676406,19.302225484283806,2.960220399369671,0.19921772783540612,0.012724609375,0.8959652185440063,2,0.6666666666666666,1.0,0.5851533557758456,0.5545310473995102,0.615775664152181,0.11533278504167947,0.17245352218295198,0.875860979815392,0.6573366823598406,0.006344914436340332
478721,38,0,0.024219941217558442,0.0021662097766656473,11.180792122385467,2.4141973169923174,0.2849431192348305,0.0344140625,0.8859724402427673,3,1.0,1.0,0.9609818388195233,0.9479757850926976,0.9739878925463489,0.14963479806009003,0.22163278470116476,0.9243190314071797,0.49230077599006766,0.07008349895477295
478721,38,1,0.024428255794895635,0.00217941193677654,11.208645493525932,2.4166853996305084,0.2799181805752756,0.03351888020833333,0.9632712602615356,3,1.0,1.0,0.973257415839236,0.9725269391321231,0.9739878925463489,0.14963479806009003,0.22163278470116476,0.9243190314071797,0.49230077599006766,0.07008349895477295
478721,38,2,0.024519263582453363,0.002196931241752276,11.16068773810876,2.4123975803737525,0.273457447483124,0.032623697916666666,0.8931877613067627,3,1.0,1.0,0.9602513621124104,0.9479757850926976,0.9725269391321231,0.14963479806009003,0.22163278470116476,0.9243190314071797,0.49230077599006766,0.07008349895477295
513567,58,0,0.012760957407847124,0.002984526161141535,4.275706331450132,1.4529493125501753,0.4022133689921569,0.135966796875,0.6636630892753601,2,0.6666666666666666,1.0,0.08344515134312627,0.0825275564771363,0.08436274620911625,0.3658365825069543,0.5465916813767209,0.8969539486296062,0.6253460628623528,0.00521928071975708
513567,58,1,0.04960495227822834,0.0031296751275653846,15.84987266744418,2.763161466711443,0.29298105249599327,0.025478515625,0.862622082233429,2,0.6666666666666666,1.0,0.4253116093033182,0.0825275564771363,0.7680956621295001,0.3658365825069543,0.5465916813767209,0.8969539486296062,0.6253460628623528,0.00521928071975708
513567,58,2,0.05341519057888437,0.0033237067169155283,16.07096988761507,2.7770145318744266,0.24474606047531003,0.019765625,0.8574028015136719,2,0.6666666666666666,1.0,0.42622920416930815,0.08436274620911625,0.7680956621295001,0.3658365825069543,0.5465916813767209,0.8969539486296062,0.6253460628623528,0.00521928071975708
513567,1,0,0.0010678684311733575,0.0003213049037121712,3.32353604166101,1.2010292898666906,0.7513698668741019,0.47624348958333335,0.9468296766281128,2,0.6666666666666666,1.0,0.6005656692585783,0.548640277730506,0.6524910607866508,0.25894538843296494,0.38598945495232795,0.9455479629274947,0.3616610240805139,0.05872189998626709
513567,1,1,0.001151943304793234,0.0004598348063108343,2.5051242021671394,0.9183383158792431,0.5336492281728603,0.3135579427083333,0.8881077766418457,2,0.6666666666666666,1.0,0.6388330710167519,0.6251750812468531,0.6524910607866508,0.25894538843296494,0.38598945495232795,0.9455479629274947,0.3616610240805139,0.05872189998626709
513567,1,2,0.0013430172566038661,0.0004374986586733344,3.0697631339182894,1.1216004042916161,0.5244797606365519,0.264326171875,0.8221510648727417,2,0.6666666666666666,1.0,0.5869076794886796,0.548640277730506,0.6251750812468531,0.25894538843296494,0.38598945495232795,0.9455479629274947,0.3616610240805139,0.05872189998626709
573258,1,0,0.005008645139769107,0.0011536463339966373,4.341577646310215,1.4682377952318382,0.42668104048011174,0.14633463541666666,0.9389395713806152,2,0.6666666666666666,0.0,0.2970157350310967,0.08128214750877504,0.5127493225534183,0.0930854382357559,0.09587440072387214,0.9391092854097574,0.3691489100684654,0.06323271989822388
573258,1,1,0.0061925134588334966,0.001353024344584138,4.576793816788284,1.5209987131426053,0.2716995830400908,0.07536783854166666,0.8757068514823914,2,0.6666666666666666,0.0,0.3025745728558258,0.0923998231582332,0.5127493225534183,0.0930854382357559,0.09587440072387214,0.9391092854097574,0.3691489100684654,0.06323271989822388
573258,1,2,0.009893646951499325,0.0016091672208434617,6.148302561224908,1.8161760375178582,0.0755010131362574,0.013108723958333334,0.5042014122009277,2,0.6666666666666666,0.0,0.08684098533350412,0.08128214750877504,0.0923998231582332,0.0930854382357559,0.09587440072387214,0.9391092854097574,0.3691489100684654,0.06323271989822388
573258,35,0,0.008586701811220383,0.009657430970315078,0.8891289864483607,-0.1175129622585906,0.5486405526875292,0.5775423177083333,0.9978721737861633,3,1.0,1.0,0.940378053480476,0.8977629480163002,0.9829931589446517,0.20159512595689855,0.250985069035892,0.9544422773992094,0.39219503849400006,0.006080746650695801
573258,35,1,0.008566913616428926,0.009659694016043809,0.8868721515726322,-0.12005444271368602,0.5382934236610933,0.567958984375,0.9917914271354675,3,1.0,1.0,0.9479521581445864,0.9129111573445211,0.9829931589446517,0.20159512595689855,0.250985069035892,0.9544422773992094,0.39219503849400006,0.006080746650695801
573258,35,2,0.0091667869893199,0.008901477783043307,1.0298050741363622,0.02936953602959499,0.5258239229204329,0.51849609375,0.9045486450195312,3,1.0,1.0,0.9053370526804106,0.8977629480163002,0.9129111573445211,0.20159512595689855,0.250985069035892,0.9544422773992094,0.39219503849400006,0.006080746650695801
351810,33,0,0.009695266965960181,0.0032550332407420084,2.9785462223948067,1.0914353367514924,0.4464463410262034,0.21307733333333334,0.8031773567199707,3,1.0,1.0,0.5274505936924623,0.29173232976596497,0.7631688576189595,0.25107876201081025,0.37180689172910586,0.9420826727715287,0.35761977402949047,0.017104923725128174
351810,33,1,0.01086832147256908,0.0031324910930619803,3.469545849043693,1.2440237062472146,0.4538514921532414,0.193232,0.8890103697776794,3,1.0,1.0,0.5809205669364603,0.3986722762539613,0.7631688576189595,0.25107876201081025,0.37180689172910586,0.9420826727715287,0.35761977402949047,0.017104923725128174
351810,33,2,0.015028122022766226,0.0037251096956908416,4.034276369395587,1.3948269472656378,0.25922771059979677,0.07981866666666666,0.8719054460525513,3,1.0,1.0,0.34520230300996313,0.29173232976596497,0.3986722762539613,0.25107876201081025,0.37180689172910586,0.9420826727715287,0.35761977402949047,0.017104923725128174
351810,27,0,0.014178229496223209,0.00411260805041575,3.447503219117223,1.2376502645095038,0.3581789451952269,0.13932266666666668,0.8373711109161377,2,0.6666666666666666,1.0,0.6083373444424356,0.4314967133565062,0.7851779755283649,0.2570970549616738,0.34982307608615465,0.9388189324757074,0.34839879955453057,0.032254159450531006
351810,27,1,0.014539882354935077,0.004111577751605099,3.5363267411695163,1.2630885447520699,0.35480095589271854,0.134576,0.8798735737800598,3,1.0,1.0,0.6506529031396294,0.516127830750894,0.7851779755283649,0.2570970549616738,0.34982307608615465,0.9388189324757074,0.34839879955453057,0.032254159450531006
351810,27,2,0.015841212756220326,0.004586247556895043,3.4540683982377502,1.239552782208148,0.23702266917199274,0.08251733333333333,0.8476194143295288,3,1.0,1.0,0.4738122720537001,0.4314967133565062,0.516127830750894,0.2570970549616738,0.34982307608615465,0.9388189324757074,0.34839879955453057,0.032254159450531006
103723,22,0,0.058148524247064945,0.0035871140491945835,16.21039181731918,2.7856525068063545,0.7440251827906582,0.15204427083333333,0.8951903581619263,3,1.0,1.0,0.5851729394990344,0.4705869765252188,0.6997589024728499,0.14664165927930936,0.21899950493131912,0.9122727346248684,0.46617033676979497,0.04672133922576904
103723,22,1,0.06003831378838711,0.006095612771191293,9.849430407109688,2.287413626839254,0.54205955245346,0.10728515625,0.8828569054603577,3,1.0,1.0,0.6836475759709999,0.66753624946915,0.6997589024728499,0.14664165927930936,0.21899950493131912,0.9122727346248684,0.46617033676979497,0.04672133922576904
103723,22,2,0.06752698677006888,0.007587597906904295,8.899652774130717,2.1860122618492155,0.40722459438787556,0.07166015625,0.9419116973876953,3,1.0,1.0,0.5690616129971844,0.4705869765252188,0.66753624946915,0.14664165927930936,0.21899950493131912,0.9122727346248684,0.46617033676979497,0.04672133922576904
103723,1,0,0.006474524352201944,0.0007677688712351499,8.432908113809212,2.1321416846611756,0.4216042588317441,0.079560546875,0.9828952550888062,2,0.6666666666666666,1.0,0.8810897277266825,0.8095140706806283,0.9526653847727365,0.09177978108230343,0.09710678575190251,0.901890257936161,0.5703403857019709,0.008042514324188232
103723,1,1,0.006298897208470792,0.0008053505655374894,7.821310954746284,2.0568521819376535,0.39081827465740937,0.07580729166666667,0.9748527407646179,1,0.3333333333333333,0.0,0.8916150138377001,0.8305646429026639,0.9526653847727365,0.09177978108230343,0.09710678575190251,0.901890257936161,0.5703403857019709,0.008042514324188232
103723,1,2,0.006030115081619798,0.0008905755338092246,6.771031592408996,1.9126534524993966,0.31807172921229415,0.06444661458333334,0.9384697675704956,1,0.3333333333333333,0.0,0.8200393567916461,0.8095140706806283,0.8305646429026639,0.09177978108230343,0.09710678575190251,0.901890257936161,0.5703403857019709,0.008042514324188232
223188,1,0,0.002232506400505258,0.00045401871671606924,4.91721225004958,1.5927417545211415,0.5940966846350078,0.22938012295081966,0.8337884545326233,2,0.6666666666666666,1.0,0.1449787613350898,0.06458581178385825,0.22537171088632135,0.1375751409402993,0.16486789163615287,0.9207309682552074,0.463258839148953,0.055039048194885254
223188,1,1,0.003992857192881906,0.0006712507643920458,5.948383821283044,1.78311955623566,0.2659715510745005,0.05741730093676815,0.8888275027275085,3,1.0,1.0,0.24972738317883816,0.22537171088632135,0.274083055471355,0.1375751409402993,0.16486789163615287,0.9207309682552074,0.463258839148953,0.055039048194885254
223188,1,2,0.005943732834071775,0.0007609798586369371,7.810630936944278,2.055485746537161,0.13436299567802737,0.019485509367681498,0.7734119892120361,2,0.6666666666666666,1.0,0.1693344336276066,0.06458581178385825,0.274083055471355,0.1375751409402993,0.16486789163615287,0.9207309682552074,0.463258839148953,0.055039048194885254
223188,21,0,0.004582256921021568,0.0018064246763900788,2.53664433307123,0.9308420790766405,0.8066208162930424,0.6218384074941452,0.923162579536438,3,1.0,1.0,0.6318634338461212,0.6000464873031554,0.663680380389087,0.3782959721014512,0.45272821206484865,0.9564482027236167,0.33063688430209,0.004954278469085693
223188,21,1,0.005728762454424137,0.0018889697423244683,3.0327444230747047,1.1094679599413233,0.6941522788807665,0.4280371779859485,0.9742653965950012,3,1.0,1.0,0.7780920304477964,0.663680380389087,0.8925036805065057,0.3782959721014512,0.45272821206484865,0.9564482027236167,0.33063688430209,0.004954278469085693
223188,21,2,0.005773070407419194,0.0021255276522606135,2.7160645962724397,0.999183993192306,0.6304025848996351,0.38574355971896956,0.9792196750640869,3,1.0,1.0,0.7462750839048305,0.6000464873031554,0.8925036805065057,0.3782959721014512,0.45272821206484865,0.9564482027236167,0.33063688430209,0.004954278469085693
523241,3,0,0.004485031260350144,0.0013242430546468826,3.386864096605921,1.2199044482479362,0.3569178666933178,0.1407987987987988,0.9375839233398438,1,0.3333333333333333,0.0,0.3633902056483935,0.34854669140383426,0.37823371989295274,0.2946790347546416,0.43844706870189454,0.9090172910527184,0.5044869408167262,0.030337870121002197
523241,3,1,0.005620328445504518,0.0015423309406932513,3.644048299604382,1.2930952340444328,0.1767842695562584,0.05565165165165165,0.9072460532188416,0,0.0,0.0,0.24263249659118852,0.13671830177854274,0.34854669140383426,0.2946790347546416,0.43844706870189454,0.9090172910527184,0.5044869408167262,0.030337870121002197
523241,3,2,0.005534049815835151,0.0015146691830063813,3.6536359716497913,1.2957228285567375,0.19813519963025378,0.06334534534534535,0.610094428062439,1,0.3333333333333333,0.0,0.2574760108357477,0.13671830177854274,0.37823371989295274,0.2946790347546416,0.43844706870189454,0.9090172910527184,0.5044869408167262,0.030337870121002197
523241,8,0,0.0094888272074794,0.0014095024080350946,6.732040432605704,1.9068782824476551,0.5053998101415893,0.13178378378378378,0.9014657735824585,3,1.0,1.0,0.1756681642623779,0.1328117975002248,0.21852453102453104,0.18495695553526248,0.2774354333028937,0.8969145286689642,0.5619449601139319,0.08726835250854492
523241,8,1,0.021007306827839526,0.0018909774315563463,11.109231906295403,2.4077764659622343,0.2590481031293536,0.03051051051051051,0.8141974210739136,3,1.0,1.0,0.39091673934456717,0.21852453102453104,0.5633089476646033,0.18495695553526248,0.2774354333028937,0.8969145286689642,0.5619449601139319,0.08726835250854492
523241,8,2,0.02740527234625068,0.001977273191824305,13.860134474945989,2.629016696128234,0.21647013923551378,0.019543543543543544,0.6412392854690552,3,1.0,1.0,0.348060372582414,0.1328117975002248,0.5633089476646033,0.18495695553526248,0.2774354333028937,0.8969145286689642,0.5619449601139319,0.08726835250854492
147415,1,0,0.0016725598256444527,0.001281080106143336,1.3055856665935373,0.26665172735964304,0.3643889778656039,0.30512369791666666,0.7784625291824341,3,1.0,1.0,0.08256994740360302,0.0701087931452932,0.09503110166191284,0.21026458511973237,0.30269051616939185,0.9592236790231032,0.33362878400122176,0.06955456733703613
147415,1,1,0.005164161384696773,0.0012698839363687563,4.066640448572879,1.4028172161717183,0.12370189834809812,0.03354817708333333,0.8792845010757446,3,1.0,1.0,0.4192917773192248,0.09503110166191284,0.7435524529765367,0.21026458511973237,0.30269051616939185,0.9592236790231032,0.33362878400122176,0.06955456733703613
147415,1,2,0.005846020593747067,0.0012865885709503252,4.543815110128913,1.5137669919700427,0.1043129678636752,0.024990234375,0.8097299337387085,3,1.0,1.0,0.40683062306091494,0.0701087931452932,0.7435524529765367,0.21026458511973237,0.30269051616939185,0.9592236790231032,0.33362878400122176,0.06955456733703613
147415,62,0,0.007817995610333747,0.001602248278071922,4.87939086123544,1.5850203886845344,0.286894800795864,0.076171875,0.8083165287971497,3,1.0,1.0,0.7771125757385802,0.7735832941879831,0.7806418572891772,0.19676411088491289,0.2824648236540255,0.9402256147344111,0.386556508280956,0.0055672526359558105
147415,62,1,0.009337518138158293,0.0016150821675563513,5.781450826433604,1.7546546593276304,0.2683262367620333,0.0596484375,0.9840826392173767,3,1.0,1.0,0.8850818978652828,0.7806418572891772,0.9895219384413884,0.19676411088491289,0.2824648236540255,0.9402256147344111,0.386556508280956,0.0055672526359558105
147415,62,2,0.009376674965316252,0.0016177552967727553,5.796102153536811,1.7571856492435864,0.2666281322529129,0.0590234375,0.9896498918533325,3,1.0,1.0,0.8815526163146857,0.7735832941879831,0.9895219384413884,0.19676411088491289,0.2824648236540255,0.9402256147344111,0.386556508280956,0.0055672526359558105
340451,1,0,0.004766035188017229,0.0006541748582294401,7.285567644148225,1.9858953564025013,0.3465261533107204,0.06784714033018868,0.8625774383544922,2,0.6666666666666666,1.0,0.09319940956731722,0.07396622015142691,0.11243259898320752,0.16910519876107633,0.19724754282598383,0.9092590069929227,0.5498901937898127,0.004933536052703857
340451,1,1,0.001932024960023213,0.0008634825674729985,2.23747997998367,0.8053502241511041,0.1349943541641674,0.06520120872641509,0.8887956738471985,2,0.6666666666666666,1.0,0.4498112387028324,0.11243259898320752,0.7871898784224572,0.16910519876107633,0.19724754282598383,0.9092590069929227,0.5498901937898127,0.004933536052703857
340451,1,2,0.0025129231107802684,0.00081777988591078,3.07286000915602,1.1226087274015701,0.18328375630886468,0.06806087853773585,0.8838621377944946,2,0.6666666666666666,1.0,0.4305780492869421,0.07396622015142691,0.7871898784224572,0.16910519876107633,0.19724754282598383,0.9092590069929227,0.5498901937898127,0.004933536052703857
340451,15,0,0.004442157458938342,0.0031327922129317583,1.4179547048105328,0.3492154848139551,0.3320537446713852,0.25958505306603774,0.8041858673095703,2,0.6666666666666666,1.0,0.005570716138978185,0.00424257837787848,0.006898853900077891,0.2675868769231036,0.3662306997733399,0.9242329047840263,0.4879579069836169,0.0013123154640197754
340451,15,1,0.01402021363040185,0.002631226763329838,5.328394276185747,1.6730499313571037,0.2982883335542715,0.07388340212264151,0.8546046614646912,1,0.3333333333333333,0.0,0.4129687248457206,0.006898853900077891,0.8190385957913633,0.2675868769231036,0.3662306997733399,0.9242329047840263,0.4879579069836169,0.0013123154640197754
340451,15,2,0.01470696258982574,0.0027486451058889682,5.350622586002635,1.6772129254207515,0.2564185688953971,0.060546875,0.8532923460006714,1,0.3333333333333333,0.0,0.41164058708462087,0.00424257837787848,0.8190385957913633,0.2675868769231036,0.3662306997733399,0.9242329047840263,0.4879579069836169,0.0013123154640197754
213935,55,0,0.024412210649464146,0.0058366456324165554,4.182575435057575,1.430927189634644,0.8309298863815593,0.5402389705882353,0.961694598197937,2,0.6666666666666666,1.0,0.4888766706814812,0.38036510165455767,0.5973882397084048,0.4342281943280943,0.5450320978344928,0.9663984528508701,0.30654315544791255,0.04396164417266846
213935,55,1,0.02865764007982125,0.009394526008190799,3.0504615189510433,1.1152928968957148,0.6071326315476073,0.3362573529411765,0.9134525656700134,2,0.6666666666666666,1.0,0.5722567374582166,0.5471252352080285,0.5973882397084048,0.4342281943280943,0.5450320978344928,0.9663984528508701,0.30654315544791255,0.04396164417266846
213935,55,2,0.04042212723035,0.0094301072492495,4.28649708403693,1.4554698688945136,0.5293546113890412,0.2078529411764706,0.9177329540252686,2,0.6666666666666666,1.0,0.4637451684312931,0.38036510165455767,0.5471252352080285,0.4342281943280943,0.5450320978344928,0.9663984528508701,0.30654315544791255,0.04396164417266846
213935,53,0,0.02920854534145906,0.011981049961767624,2.437895295673392,0.8911350833595054,0.44151880402413374,0.244875,0.9815185070037842,3,1.0,1.0,0.8355387863114129,0.8311715606797574,0.8399060119430684,0.14393479840751566,0.16292984498250582,0.9781966201288617,0.2571391260141955,0.0017943382263183594
213935,53,1,0.03450250223989788,0.011419071323114746,3.02148057933885,1.105746969337765,0.44108671422678036,0.20709926470588236,1.006409764289856,3,1.0,1.0,0.911440819076219,0.8399060119430684,0.9829756262093696,0.14393479840751566,0.16292984498250582,0.9781966201288617,0.2571391260141955,0.0017943382263183594
213935,53,2,0.03492258968739422,0.011413882372962538,3.059659153931705,1.1183035221848463,0.43885653989054135,0.2035735294117647,1.0082041025161743,3,1.0,1.0,0.9070735934445635,0.8311715606797574,0.9829756262093696,0.14393479840751566,0.16292984498250582,0.9781966201288617,0.2571391260141955,0.0017943382263183594
578871,51,0,0.008134147358240463,0.003555636656316908,2.2876767628946966,0.8275367887016314,0.2507424466957667,0.1276171875,0.8034051656723022,2,0.6666666666666666,1.0,0.1642369643003567,0.15866794902620823,0.16980597957450516,0.34804325868594016,0.4768634413824152,0.9090375434221017,0.4940952243486508,0.02988535165786743
578871,51,1,0.02418720659071798,0.0031455938209643615,7.68923388068379,2.0398211531972303,0.2760883198707676,0.047255859375,0.8786812424659729,2,0.6666666666666666,1.0,0.3923653686782029,0.16980597957450516,0.6149247577819006,0.34804325868594016,0.4768634413824152,0.9090375434221017,0.4940952243486508,0.02988535165786743
578871,51,2,0.030625030994026827,0.003341956678562225,9.163802505674164,2.2152612132867158,0.21636153867711336,0.029248046875,0.8487958908081055,2,0.6666666666666666,1.0,0.3867963534040544,0.15866794902620823,0.6149247577819006,0.34804325868594016,0.4768634413824152,0.9090375434221017,0.4940952243486508,0.02988535165786743
578871,62,0,0.007690418927551265,0.0016297301964855475,4.718829496696164,1.5515607809852894,0.19737363991496867,0.04953125,0.666713297367096,3,1.0,1.0,0.6866681686434947,0.5322294125111027,0.8411069247758867,0.16255241752535246,0.19608619336422348,0.9387427784428306,0.42836590984664585,0.046190083026885986
578871,62,1,0.008082306139556147,0.0016553119476881402,4.882648340671676,1.5856877655449115,0.1789395533621322,0.04272786458333333,0.9035061001777649,3,1.0,1.0,0.6732317291910822,0.5053565336062777,0.8411069247758867,0.16255241752535246,0.19608619336422348,0.9387427784428306,0.42836590984664585,0.046190083026885986
578871,62,2,0.012077470573133764,0.0016259378623750891,7.428002536372204,2.005256985034186,0.18201584550012143,0.029085286458333335,0.8573160171508789,3,1.0,1.0,0.5187929730586902,0.5053565336062777,0.5322294125111027,0.16255241752535246,0.19608619336422348,0.9387427784428306,0.42836590984664585,0.046190083026885986
260261,1,0,0.002992879644846108,0.0005719446238515806,5.232813658529895,1.654949118171762,0.5573270420770913,0.19393705985915494,0.9453945755958557,2,0.6666666666666666,1.0,0.36664505873625935,0.3622832019970566,0.3710069154754621,0.12368286940085359,0.17912224853534112,0.930889688348338,0.4193490558330996,0.016177594661712646
260261,1,1,0.0019852625861328916,0.0009623936486280083,2.0628384101456305,0.7240829039175123,0.14733801285567957,0.07729240023474178,0.9705302119255066,2,0.6666666666666666,1.0,0.6651165811968625,0.3710069154754621,0.9592262469182629,0.12368286940085359,0.17912224853534112,0.930889688348338,0.4193490558330996,0.016177594661712646
260261,1,2,0.0020081003667722645,0.000963892566452878,2.0833238418662616,0.7339646196636109,0.1432195722113047,0.07427743544600938,0.9867078065872192,2,0.6666666666666666,1.0,0.6607547244576597,0.3622832019970566,0.9592262469182629,0.12368286940085359,0.17912224853534112,0.930889688348338,0.4193490558330996,0.016177594661712646
260261,8,0,0.010787996336066528,0.003188536249655318,3.3833695112763245,1.2188721098432889,0.19099970579110193,0.06522887323943662,0.7872076034545898,3,1.0,1.0,0.4609946836335005,0.4564602849066016,0.46552908236039936,0.19605906427252962,0.28417419514363584,0.9485617644309989,0.37381582734702723,0.03751033544540405
260261,8,1,0.01262311111568409,0.003345412546315888,3.7732599304716374,1.327939330941714,0.1251288261952127,0.03652068661971831,0.9118415713310242,3,1.0,1.0,0.6577118990464386,0.46552908236039936,0.8498947157324777,0.19605906427252962,0.28417419514363584,0.9485617644309989,0.37381582734702723,0.03751033544540405
260261,8,2,0.012361271076947995,0.0034052857008090936,3.6300246614787537,1.2892394421303794,0.10450464016373082,0.03114730046948357,0.9493519067764282,3,1.0,1.0,0.6531775003195397,0.4564602849066016,0.8498947157324777,0.19605906427252962,0.28417419514363584,0.9485617644309989,0.37381582734702723,0.03751033544540405
276284,3,0,0.005540357927442309,0.0013548732319884405,4.089207604479686,1.4083512117292192,0.32020410378467823,0.103290625,0.86151123046875,2,0.6666666666666666,0.0,0.3187812912070165,0.22357563850687623,0.4139869439071567,0.3179225034178173,0.473785299167872,0.9425676639596596,0.35863378895871,0.00670236349105835
276284,3,1,0.005669081026995181,0.00161313092867143,3.5143340957140317,1.2568500610377324,0.13613076080643993,0.042915625,0.8548088669776917,2,0.6666666666666666,0.0,0.47691270356239734,0.4139869439071567,0.5398384632176381,0.3179225034178173,0.473785299167872,0.9425676639596596,0.35863378895871,0.00670236349105835
276284,3,2,0.006612127203956697,0.0016725184578126038,3.9533956525962313,1.3745748686543202,0.0858914126496351,0.023215625,0.7158312797546387,2,0.6666666666666666,0.0,0.38170705086225715,0.22357563850687623,0.5398384632176381,0.3179225034178173,0.473785299167872,0.9425676639596596,0.35863378895871,0.00670236349105835
276284,4,0,0.03516008867276302,0.0022977351540047148,15.302063249622375,2.727987672251489,0.6250300766888851,0.09823125,0.9240748882293701,3,1.0,1.0,0.4500363730920453,0.23647447294894589,0.6635982732351448,0.1497032802357475,0.22155483191912026,0.8796061907349896,0.5856694144642796,0.11261361837387085
276284,4,1,0.0386252388642539,0.003203981818762265,12.05538640263567,2.489511564453969,0.4581895271444178,0.06555,0.8114612698554993,3,1.0,1.0,0.5094563827875219,0.35531449233989915,0.6635982732351448,0.1497032802357475,0.22155483191912026,0.8796061907349896,0.5856694144642796,0.11261361837387085
276284,4,2,0.04495684101696457,0.004578209202703297,9.819743706905998,2.2843950229549552,0.1909356525517674,0.02346875,0.6793880462646484,3,1.0,1.0,0.29589448264442253,0.23647447294894589,0.35531449233989915,0.1497032802357475,0.22155483191912026,0.8796061907349896,0.5856694144642796,0.11261361837387085
326248,62,0,0.003965459233122878,0.0029038798964260864,1.3655727417093744,0.31157393188129384,0.0897831389918947,0.06736680327868852,0.8241822123527527,0,0.0,0.0,0.1447867593551273,0.10987776961948775,0.17969574909076688,0.3547976390682041,0.5083583491452155,0.942610583601852,0.3843405507795011,0.020820200443267822
326248,62,1,0.0056899231202293555,0.002853371917997937,1.9941049683518208,0.6901953124320661,0.0822646933110423,0.043018149882903985,0.8033620119094849,0,0.0,0.0,0.21539810120591824,0.17969574909076688,0.25110045332106956,0.3547976390682041,0.5083583491452155,0.942610583601852,0.3843405507795011,0.020820200443267822
326248,62,2,0.008486596682078029,0.002824413212609378,3.004729138493452,1.1001874271018106,0.07605536236377397,0.026664959016393444,0.5294636487960815,0,0.0,0.0,0.18048911147027866,0.10987776961948775,0.25110045332106956,0.3547976390682041,0.5083583491452155,0.942610583601852,0.3843405507795011,0.020820200443267822
326248,28,0,0.006720327681166133,0.0016884977750918617,3.9800630929587424,1.3812976718216956,0.11943433816563973,0.032955210772833726,0.790319561958313,1,0.3333333333333333,0.0,0.22415144281602636,0.1689767811424031,0.2793261044896496,0.30385508790008325,0.4545828774014669,0.9119749355538829,0.5202082669823451,0.010978162288665771
326248,28,1,0.010057300286221892,0.0016930239901601415,5.940435775709324,1.7817824936970847,0.10459209149338909,0.019284250585480094,0.7793413996696472,1,0.3333333333333333,0.0,0.4126786670789172,0.2793261044896496,0.5460312296681847,0.30385508790008325,0.4545828774014669,0.9119749355538829,0.5202082669823451,0.010978162288665771
326248,28,2,0.01041912278831095,0.001719505462293341,6.059371726772751,1.8016061193524884,0.08707457950593493,0.015496926229508197,0.6590451002120972,2,0.6666666666666666,0.0,0.3575040054052939,0.1689767811424031,0.5460312296681847,0.30385508790008325,0.4545828774014669,0.9119749355538829,0.5202082669823451,0.010978162288665771
504415,1,0,0.0009642363747866044,0.0005519690436403963,1.7469029905740403,0.5578445014966886,0.38738870658550406,0.2657786885245902,0.9688857793807983,1,0.3333333333333333,0.0,0.02232987213860899,0.0030645470216433632,0.04159519725557462,0.11898004489839516,0.16107064885175626,0.9102845072795414,0.5076015179426385,0.020515143871307373
504415,1,1,0.00520560328492949,0.0005751951895036923,9.050150924194966,2.2027814344715066,0.14673574757280705,0.018647540983606558,0.948370635509491,1,0.3333333333333333,1.0,0.07825999739369552,0.04159519725557462,0.11492479753181643,0.11898004489839516,0.16107064885175626,0.9102845072795414,0.5076015179426385,0.020515143871307373
504415,1,2,0.00668163111744959,0.0006463909774070174,10.33682607067935,2.335712865695195,0.025353741194171657,0.0025102459016393443,0.764755129814148,1,0.3333333333333333,1.0,0.0589946722767299,0.0030645470216433632,0.11492479753181643,0.11898004489839516,0.16107064885175626,0.9102845072795414,0.5076015179426385,0.020515143871307373
504415,3,0,0.028182740676556958,0.0013077530903632495,21.550505873534767,3.0703992907196858,0.41734746241441273,0.03216847189695551,0.9235703945159912,2,0.6666666666666666,1.0,0.8836138732976621,0.8139429091322643,0.9532848374630598,0.12261097709741964,0.17630259586518696,0.8555519766567912,0.75323591734817,0.025388240814208984
504415,3,1,0.028602003858597586,0.0013347461172565917,21.428797182760665,3.064735680215908,0.40442844951688944,0.030715749414519905,0.9489586353302002,2,0.6666666666666666,1.0,0.9030779679333407,0.8528710984036216,0.9532848374630598,0.12261097709741964,0.17630259586518696,0.8555519766567912,0.75323591734817,0.025388240814208984
504415,3,2,0.029260403270851276,0.0014435747400192898,20.26940652216655,3.0091126814392917,0.3528652914869166,0.02619657494145199,0.888818621635437,2,0.6666666666666666,1.0,0.833407003767943,0.8139429091322643,0.8528710984036216,0.12261097709741964,0.17630259586518696,0.8555519766567912,0.75323591734817,0.025388240814208984
200839,84,0,0.013078407391864742,0.0006560100228792721,19.93629200134236,2.9925417895115567,0.7318483608829879,0.12041341145833333,0.9377209544181824,3,1.0,1.0,0.5657016477845395,0.31847426470588236,0.8129290308631966,0.170034129901239,0.2550476229352728,0.8441326774285078,0.7542684055884205,0.037165164947509766
200839,84,1,0.014488107796241184,0.0008122490731371425,17.837025929062456,2.881276405311366,0.6595055585138533,0.09795247395833333,0.9005557894706726,3,1.0,1.0,0.6022373378702012,0.39154564487720583,0.8129290308631966,0.170034129901239,0.2550476229352728,0.8441326774285078,0.7542684055884205,0.037165164947509766
200839,84,2,0.024754001189375725,0.0012504029479971739,19.79681926472462,2.9855212816406604,0.4411990786548189,0.03835286458333333,0.8570058345794678,3,1.0,1.0,0.35500995479154407,0.31847426470588236,0.39154564487720583,0.170034129901239,0.2550476229352728,0.8441326774285078,0.7542684055884205,0.037165164947509766
200839,6,0,0.02014302366058043,0.0037185838125975133,5.416853477101872,1.6895151076429271,0.5925905132543108,0.2116796875,0.9202182292938232,2,0.6666666666666666,1.0,0.4650591523382125,0.3424455343552528,0.5876727703211722,0.27371770547378776,0.41002699004496124,0.9042501115868973,0.5630614237213425,0.035020649433135986
200839,6,1,0.03142043336237536,0.003751144107587039,8.376226679867717,2.1253975362553215,0.5435610535769922,0.12447591145833334,0.9552388787269592,2,0.6666666666666666,1.0,0.5848680917763689,0.5820634132315655,0.5876727703211722,0.27371770547378776,0.41002699004496124,0.9042501115868973,0.5630614237213425,0.035020649433135986
200839,6,2,0.03614485957650848,0.004930867142865991,7.330325178497814,1.9920198776295186,0.3644251176856015,0.07254557291666666,0.7774409055709839,2,0.6666666666666666,1.0,0.46225447379340917,0.3424455343552528,0.5820634132315655,0.27371770547378776,0.41002699004496124,0.9042501115868973,0.5630614237213425,0.035020649433135986
425906,1,0,0.001409322665145413,0.0012978339348574828,1.085903693999394,0.08241253873047077,0.39889939550420134,0.3793129049676026,0.9457002878189087,3,1.0,1.0,0.5609147703069064,0.2937119956975443,0.8281175449162684,0.3539028095107383,0.5277241821131116,0.8830570371389654,0.6126421575492178,0.05890929698944092
425906,1,1,0.0012926151334470034,0.0013730605492637757,0.9414116028595257,-0.060374824206391016,0.3949243339699674,0.4094391198704104,0.8867909908294678,3,1.0,1.0,0.5432181419852795,0.2583187390542907,0.8281175449162684,0.3539028095107383,0.5277241821131116,0.8830570371389654,0.6126421575492178,0.05890929698944092
425906,1,2,0.003892290958751635,0.0009788424563403383,3.9764222828335143,1.3803824913676954,0.36016201498018346,0.12400445464362851,0.8182227611541748,3,1.0,1.0,0.2760153673759175,0.2583187390542907,0.2937119956975443,0.3539028095107383,0.5277241821131116,0.8830570371389654,0.6126421575492178,0.05890929698944092
425906,36,0,0.047175568533399326,0.00910982313616113,5.178538356135475,1.6445228458447494,0.28763349140188993,0.07233058855291577,0.7034410834312439,2,0.6666666666666666,1.0,0.3499599319865223,0.3406216505894962,0.35929821338354845,0.14587144833061919,0.18617976882138018,0.9390388995542412,0.44336665380288465,0.05799973011016846
425906,36,1,0.07877547226448131,0.009565564421416173,8.235318773231716,2.1084320724537235,0.22044133532429636,0.0331972192224622,0.848325252532959,2,0.6666666666666666,1.0,0.5763814988072821,0.3406216505894962,0.8121413470250679,0.14587144833061919,0.18617976882138018,0.9390388995542412,0.44336665380288465,0.05799973011016846
425906,36,2,0.08496247471356862,0.009792360524711916,8.676403865082545,2.1606071415797796,0.19729509868891343,0.027547921166306697,0.9063249826431274,2,0.6666666666666666,1.0,0.5857197802043081,0.35929821338354845,0.8121413470250679,0.14587144833061919,0.18617976882138018,0.9390388995542412,0.44336665380288465,0.05799973011016846
256192,4,0,0.018703033416517335,0.00297061371996563,6.296016639429549,1.839917154022375,0.7248467622296596,0.29498697916666666,0.7215873003005981,2,0.6666666666666666,1.0,0.1706726199650223,0.09087902274456192,0.25046621718548273,0.15444390158506252,0.1893578893381674,0.9465331778942562,0.3218520643114113,0.09496235847473145
256192,4,1,0.01934451446920787,0.006675259261753008,2.897942043561887,1.0640008449792913,0.18780749417129936,0.073896484375,0.7572988271713257,2,0.6666666666666666,1.0,0.3018217081827802,0.25046621718548273,0.3531771991800776,0.15444390158506252,0.1893578893381674,0.9465331778942562,0.3218520643114113,0.09496235847473145
256192,4,2,0.026243177970375578,0.00709243262342529,3.700165988182665,1.3083776803530198,0.09344647593902047,0.027102864583333334,0.8522611856460571,2,0.6666666666666666,1.0,0.22202811096231978,0.09087902274456192,0.3531771991800776,0.15444390158506252,0.1893578893381674,0.9465331778942562,0.3218520643114113,0.09496235847473145
256192,1,0,0.0005514432255263824,0.0005521041154841167,0.9988029595541816,-0.0011977556575721476,0.2891417734004412,0.2893880208333333,0.8447234630584717,2,0.6666666666666666,1.0,0.21514455664401147,0.038225960364838774,0.39206315292318417,0.3006383475290472,0.3972525117957245,0.936221107259801,0.3828437420361389,0.13885730504989624
256192,1,1,0.0009764714475959333,0.0004975123368023001,1.9627080042062404,0.6743251554864955,0.20095262621198032,0.11358072916666667,0.7058661580085754,2,0.6666666666666666,1.0,0.24111659313422967,0.09017003334527517,0.39206315292318417,0.3006383475290472,0.3972525117957245,0.936221107259801,0.3828437420361389,0.13885730504989624
256192,1,2,0.0017211059049526915,0.0005338764032388661,3.2237909210586446,1.1705579723342387,0.04737548500963048,0.015192057291666667,0.4609452188014984,3,1.0,1.0,0.06419799685505698,0.038225960364838774,0.09017003334527517,0.3006383475290472,0.3972525117957245,0.936221107259801,0.3828437420361389,0.13885730504989624
331604,1,0,0.000741386374854185,0.0017651291535749642,0.42001820259589323,-0.8674572277809969,0.6159977825578195,0.7924985362997659,1.0040496587753296,3,1.0,1.0,0.6893409022010764,0.3833937351400014,0.9952880692621513,0.09870932586677511,0.12407556674692823,0.8536146292778253,0.734876574087252,0.02449899911880493
331604,1,1,0.0007377743511397336,0.0017644224435602353,0.4181392916499747,-0.8719406669995617,0.6107294791406769,0.7895674765807963,0.9795506596565247,3,1.0,1.0,0.6899818437921591,0.38467561832216696,0.9952880692621513,0.09870932586677511,0.12407556674692823,0.8536146292778253,0.734876574087252,0.02449899911880493
331604,1,2,0.001654109880241292,0.0006479442815049453,2.5528582084967577,0.9372135981506704,0.5271912143417923,0.30399590163934426,0.9036916494369507,3,1.0,1.0,0.38403467673108416,0.3833937351400014,0.38467561832216696,0.09870932586677511,0.12407556674692823,0.8536146292778253,0.734876574087252,0.02449899911880493
331604,42,0,0.04603944368941095,0.0045827773240992966,10.046188244246276,2.3071932834027904,0.21066172014147033,0.02587822014051522,0.8165076375007629,3,1.0,1.0,0.494370162909023,0.4746666666666667,0.5140736591513794,0.11397915286114857,0.1666348940361259,0.9008754225107718,0.5410972074646274,0.026926875114440918
331604,42,1,0.07244093902807504,0.004728922681977959,15.318698123111746,2.7290741818061828,0.1752947786299942,0.01368559718969555,0.9069331884384155,3,1.0,1.0,0.715748748335711,0.5140736591513794,0.9174238375200428,0.11397915286114857,0.1666348940361259,0.9008754225107718,0.5410972074646274,0.026926875114440918
331604,42,2,0.07271611735582612,0.0048019532270306186,15.143029076451148,2.717540299111313,0.16161093023117837,0.012569525761124122,0.9338600635528564,3,1.0,1.0,0.6960452520933547,0.4746666666666667,0.9174238375200428,0.11397915286114857,0.1666348940361259,0.9008754225107718,0.5410972074646274,0.026926875114440918
391722,67,0,0.013525117155018676,0.002550870919137394,5.302156627466744,1.6681136487090291,0.411317289862271,0.1164345472440945,0.9690694212913513,3,1.0,1.0,0.9372501285383241,0.9044670780153833,0.9700331790612651,0.2347761325367567,0.3521641988051351,0.9415966813515622,0.4259021317101811,0.0008774995803833008
391722,67,1,0.01365187723981753,0.0025778975308897913,5.295740839555281,1.6669028823813048,0.40273084512149876,0.11294537401574803,0.968191921710968,3,1.0,1.0,0.9506302961531778,0.9312274132450907,0.9700331790612651,0.2347761325367567,0.3521641988051351,0.9415966813515622,0.4259021317101811,0.0008774995803833008
391722,67,2,0.01357357968511916,0.0026813199960739574,5.062275185330954,1.621816023684412,0.3734390303616712,0.10533464566929134,0.9428774118423462,3,1.0,1.0,0.917847245630237,0.9044670780153833,0.9312274132450907,0.2347761325367567,0.3521641988051351,0.9415966813515622,0.4259021317101811,0.0008774995803833008
391722,1,0,0.001963542685810482,0.0008901753161007017,2.2057932275697496,0.7910871851114757,0.49407960825354613,0.306875,0.9167077541351318,3,1.0,1.0,0.2165306102341033,0.19353630349884435,0.2395249169693623,0.37865884029877767,0.480595591556272,0.8979131810476727,0.5561987095055425,0.004999220371246338
391722,1,1,0.004371188781359987,0.000925827534788649,4.721385584666664,1.552102312820527,0.305575906013247,0.08525590551181102,0.9329186081886292,2,0.6666666666666666,0.0,0.47686633855016264,0.2395249169693623,0.714207760130963,0.37865884029877767,0.480595591556272,0.8979131810476727,0.5561987095055425,0.004999220371246338
391722,1,2,0.005762595856708017,0.0009212833744226564,6.2549656386280885,1.8333756506525525,0.2911229994287076,0.0616117125984252,0.9379178285598755,2,0.6666666666666666,0.0,0.45387203181490365,0.19353630349884435,0.714207760130963,0.37865884029877767,0.480595591556272,0.8979131810476727,0.5561987095055425,0.004999220371246338
478136,61,0,0.007432856930792887,0.002009761670329311,3.6983772936004864,1.3078941542879088,0.523545536928949,0.22905722326454034,0.8714883327484131,2,0.6666666666666666,1.0,0.40774606832526605,0.31005908079490524,0.5054330558556268,0.31398103338927236,0.47050330061683276,0.9399972764057823,0.3923617561800123,0.012153923511505127
478136,61,1,0.009683716382183676,0.0023898561222903277,4.052008105346208,1.3992125868199357,0.35196487703178947,0.11819594277673547,0.885811984539032,2,0.6666666666666666,1.0,0.5411583588862362,0.5054330558556268,0.5768836619168456,0.31398103338927236,0.47050330061683276,0.9399972764057823,0.3923617561800123,0.012153923511505127
478136,61,2,0.011608690680644634,0.0026107749049569043,4.446454060117374,1.4921069381951462,0.2543782530934424,0.0712593808630394,0.8979659080505371,2,0.6666666666666666,1.0,0.44347137135587544,0.31005908079490524,0.5768836619168456,0.31398103338927236,0.47050330061683276,0.9399972764057823,0.3923617561800123,0.012153923511505127
478136,67,0,0.003341127468246939,0.0019772545727521876,1.6897811301589574,0.5245990120656139,0.6525713548192736,0.5264159240150094,0.9522191286087036,3,1.0,1.0,0.5446263856976201,0.3973719755206857,0.6918807958745546,0.31036758300660466,0.41079594377925555,0.9566980331341562,0.3322619716894873,0.041895925998687744
478136,67,1,0.003976103516959793,0.001943032929975184,2.0463387179774846,0.7160522053874754,0.5458036618872576,0.36997537523452156,0.9103232026100159,3,1.0,1.0,0.6094107739049546,0.5269407519353545,0.6918807958745546,0.31036758300660466,0.41079594377925555,0.9566980331341562,0.3322619716894873,0.041895925998687744
478136,67,2,0.005614233791162037,0.0019166603908371887,2.92917504586224,1.074720829250009,0.4386023306796613,0.2105593339587242,0.8218209743499756,2,0.6666666666666666,1.0,0.4621563637280201,0.3973719755206857,0.5269407519353545,0.31036758300660466,0.41079594377925555,0.9566980331341562,0.3322619716894873,0.041895925998687744
346968,1,0,0.003532696510763848,0.0008988729204812689,3.930140096936343,1.3686750736042677,0.7210480593115273,0.39675396126760565,0.9861238598823547,3,1.0,1.0,0.32864499709135864,0.26448618866250045,0.3928038055202168,0.09930533832243806,0.12298639326893088,0.9517773024190461,0.3052371844471733,0.015841007232666016
346968,1,1,0.005356314375972701,0.0013064227352465937,4.099985576920999,1.4109834560666237,0.4337024279546836,0.1573943661971831,0.9702828526496887,3,1.0,1.0,0.5258848893302844,0.3928038055202168,0.6589659731403521,0.09930533832243806,0.12298639326893088,0.9517773024190461,0.3052371844471733,0.015841007232666016
346968,1,2,0.007135025528384669,0.0013352176554092185,5.343717179094822,1.6759215119004494,0.3851905349786221,0.1049405809859155,0.9578351974487305,3,1.0,1.0,0.4617260809014263,0.26448618866250045,0.6589659731403521,0.09930533832243806,0.12298639326893088,0.9517773024190461,0.3052371844471733,0.015841007232666016
346968,84,0,0.0014866952667108016,0.0005452692090812529,2.7265344149713915,1.00303135837614,0.6720023487503568,0.42903829225352114,0.9435267448425293,3,1.0,1.0,0.13249807033160746,0.10049568539621896,0.16450045526699597,0.10345321448602608,0.14358993051441157,0.883980547971544,0.5858415958017629,0.0065354108810424805
346968,84,1,0.0040425440802902505,0.0006015290018622127,6.720447494725774,1.905154744042363,0.4302894963218917,0.1010306631455399,0.9369913339614868,2,0.6666666666666666,1.0,0.38496921699713105,0.16450045526699597,0.6054379787272661,0.10345321448602608,0.14358993051441157,0.883980547971544,0.5858415958017629,0.0065354108810424805
346968,84,2,0.005330342954136063,0.0006636720852009082,8.031591300831733,2.0833826779817604,0.3435693415662896,0.061179577464788734,0.8560581207275391,2,0.6666666666666666,1.0,0.35296683206174256,0.10049568539621896,0.6054379787272661,0.10345321448602608,0.14358993051441157,0.883980547971544,0.5858415958017629,0.0065354108810424805
74860,1,0,0.0006990673024760114,0.0030784870655540266,0.22708144856964693,-1.4824465201535437,0.8739843856616848,0.9682962529274005,1.0036382675170898,3,1.0,1.0,0.5657049052776779,0.312263808688817,0.8191460018665387,0.12486381623013527,0.1613823184580588,0.8431753149160632,0.788101892936393,0.011009752750396729
74860,1,1,0.0007404459209400224,0.0009053557168872044,0.817850825162925,-0.20107532298592815,0.7585833925246103,0.793475556206089,0.9926285147666931,3,1.0,1.0,0.5999483063876472,0.3807506109087556,0.8191460018665387,0.12486381623013527,0.1613823184580588,0.8431753149160632,0.788101892936393,0.011009752750396729
74860,1,2,0.0016368911682447206,0.00040073479158610567,4.084724357676038,1.4072542499451328,0.639037203119889,0.30236387587822017,0.8214586973190308,3,1.0,1.0,0.3465072097987863,0.312263808688817,0.3807506109087556,0.12486381623013527,0.1613823184580588,0.8431753149160632,0.788101892936393,0.011009752750396729
74860,36,0,0.010192923660001449,0.026658617652285582,0.38235004502362885,-0.9614187416387905,0.9134263061947825,0.9650285421545668,0.9800183773040771,2,0.6666666666666666,1.0,0.15687855604406753,0.1336452531441593,0.18011185894397574,0.12501625346725148,0.17878573101821774,0.9617552086667587,0.36223051947470786,0.030714452266693115
74860,36,1,0.018265394161574713,0.009191515833368765,1.9872015117764417,0.6867273735685475,0.2948272895206001,0.1738217213114754,0.949303925037384,2,0.6666666666666666,1.0,0.45958003914737394,0.18011185894397574,0.7390482193507721,0.12501625346725148,0.17878573101821774,0.9617552086667587,0.36223051947470786,0.030714452266693115
74860,36,2,0.019790813538362418,0.00943188748222144,2.098287704721739,0.7411216334739466,0.23717625924217964,0.12905444964871193,0.8254038095474243,2,0.6666666666666666,1.0,0.4363467362474657,0.1336452531441593,0.7390482193507721,0.12501625346725148,0.17878573101821774,0.9617552086667587,0.36223051947470786,0.030714452266693115
254016,60,0,0.02593836411946825,0.0016801172092310922,15.438425344086887,2.736859553947709,0.7029097632551607,0.13288736979166665,0.8578400611877441,3,1.0,1.0,0.43075248248937376,0.2925736392350824,0.5689313257436651,0.24144511978996583,0.3621664868532523,0.8588858530093358,0.7411505194035936,0.02460247278213501
254016,60,1,0.03756494101829144,0.002228167543167374,16.859118658569628,2.824891677127801,0.5800220417774262,0.07571614583333333,0.9187719225883484,3,1.0,1.0,0.5407019773280604,0.5124726289124555,0.5689313257436651,0.24144511978996583,0.3621664868532523,0.8588858530093358,0.7411505194035936,0.02460247278213501
254016,60,2,0.054438971569210265,0.002895866138011888,18.798856354522535,2.9337960357976707,0.4324613296693816,0.038955078125,0.8941694498062134,3,1.0,1.0,0.40252313407376894,0.2925736392350824,0.5124726289124555,0.24144511978996583,0.3621664868532523,0.8588858530093358,0.7411505194035936,0.02460247278213501
254016,51,0,0.0011004001551709881,0.0005127488724475768,2.1460801030574914,0.7636429711016743,0.43212352804776427,0.26176106770833335,0.8410733938217163,2,0.6666666666666666,0.0,0.6081023328391425,0.5516435408473696,0.6645611248309155,0.2186646670275986,0.29151653224291096,0.8995039975734318,0.5367857399855029,0.02705138921737671
254016,51,1,0.0012338118109008547,0.0005463609483304479,2.258235718370541,0.8145838536361848,0.32367402483807517,0.17486653645833333,0.9125592112541199,3,1.0,1.0,0.7457305411455519,0.6645611248309155,0.8268999574601883,0.2186646670275986,0.29151653224291096,0.8995039975734318,0.5367857399855029,0.02705138921737671
254016,51,2,0.0013079289277110222,0.0005563400667060297,2.35095223880609,0.8548204548486347,0.2877847548363731,0.14666666666666667,0.9396106004714966,3,1.0,1.0,0.689271749153779,0.5516435408473696,0.8268999574601883,0.2186646670275986,0.29151653224291096,0.8995039975734318,0.5367857399855029,0.02705138921737671
14439,1,0,0.0027118780418459933,0.000831453973541292,3.261609331222597,1.1822207338216426,0.06619530398147239,0.021271658415841586,0.8289504647254944,1,0.3333333333333333,1.0,0.36010829549530854,0.3194471672221133,0.40076942376850383,0.21443523026119596,0.31744289992355856,0.9394113464731157,0.38844490148440863,0.051956892013549805
14439,1,1,0.002975874405649347,0.0007757336333012393,3.8362064941659226,1.344483986504326,0.14856717035461675,0.04350634282178218,0.8809073567390442,2,0.6666666666666666,1.0,0.4689691721547168,0.40076942376850383,0.5371689205409298,0.21443523026119596,0.31744289992355856,0.9394113464731157,0.38844490148440863,0.051956892013549805
14439,1,2,0.0028317032994315617,0.000809180730201388,3.4994695131053613,1.2526113896767876,0.10004829860181527,0.030789758663366338,0.7882028818130493,1,0.3333333333333333,1.0,0.42830804388152155,0.3194471672221133,0.5371689205409298,0.21443523026119596,0.31744289992355856,0.9394113464731157,0.38844490148440863,0.051956892013549805
14439,38,0,0.0077744540640487065,0.00962713611710944,0.8075562627004218,-0.21374255101309994,0.5539719224337062,0.6059870049504951,0.9714789390563965,3,1.0,1.0,0.6727710243602192,0.4993239364755405,0.846218112244898,0.23781671048446432,0.30588360006426835,0.9417061816249337,0.3984238636176518,0.004414677619934082
14439,38,1,0.008459686552395594,0.008551690374454359,0.9892414459575336,-0.0108168456334727,0.5109228889161959,0.5136254641089109,0.9670642614364624,3,1.0,1.0,0.7163171475225196,0.5864161828001412,0.846218112244898,0.23781671048446432,0.30588360006426835,0.9417061816249337,0.3984238636176518,0.004414677619934082
14439,38,2,0.010883850409167192,0.007469082378993627,1.4571870887808414,0.37650792591176174,0.38802895126368414,0.3031984839108911,0.9181464910507202,3,1.0,1.0,0.5428700596378409,0.4993239364755405,0.5864161828001412,0.23781671048446432,0.30588360006426835,0.9417061816249337,0.3984238636176518,0.004414677619934082
226171,44,0,0.012110769432191677,0.002954715669500113,4.098793516109053,1.4106926661249344,0.24803040872669732,0.07447916666666667,0.9187310338020325,3,1.0,1.0,0.6462618786423645,0.39364249945569346,0.8988812578290355,0.10931448754441082,0.1553571428571429,0.9393483873837337,0.4254702026095126,0.012653648853302002
226171,44,1,0.01278627058480409,0.002962514875148322,4.316019030907958,1.4623334568499082,0.2412749708747376,0.068623046875,0.9060773849487305,3,1.0,1.0,0.6628221413607887,0.4267630248925417,0.8988812578290355,0.10931448754441082,0.1553571428571429,0.9393483873837337,0.4254702026095126,0.012653648853302002
226171,44,2,0.022232496176845296,0.003067374439812478,7.248054192873959,1.9807330456994765,0.1815926524540401,0.029703776041666668,0.8301713466644287,3,1.0,1.0,0.41020276217411755,0.39364249945569346,0.4267630248925417,0.10931448754441082,0.1553571428571429,0.9393483873837337,0.4254702026095126,0.012653648853302002
226171,76,0,0.009249794030566423,0.002887464237807682,3.2034315460079714,1.1642225934760289,0.6798061475606038,0.3985904947916667,0.9421648383140564,3,1.0,1.0,0.6987808298034638,0.6539664714847196,0.7435951881222079,0.29318308897981954,0.4319371425805512,0.9582697415885714,0.31335664925170154,0.07130038738250732
226171,76,1,0.00917915784348306,0.0038413580871596606,2.3895605754059397,0.8711094894853154,0.501640317625358,0.29638997395833333,0.8708644509315491,2,0.6666666666666666,0.0,0.7126865684694165,0.681777948816625,0.7435951881222079,0.29318308897981954,0.4319371425805512,0.9582697415885714,0.31335664925170154,0.07130038738250732
226171,76,2,0.009817203162752287,0.003776542059183865,2.599521733454314,0.9553274795372488,0.493506670375554,0.2726334635416667,0.7399275302886963,2,0.6666666666666666,0.0,0.6678722101506723,0.6539664714847196,0.681777948816625,0.29318308897981954,0.4319371425805512,0.9582697415885714,0.31335664925170154,0.07130038738250732
288862,41,0,0.004471565348207794,0.005503752171512018,0.8124576121978409,-0.2076915355181475,0.7057167666976238,0.7469408665105386,0.9500492811203003,3,1.0,1.0,0.377355606123561,0.2984465028079644,0.4562647094391576,0.3569906441440527,0.4583917891513798,0.9102783262376581,0.481252058092346,0.0857006311416626
288862,41,1,0.007232957005878668,0.0030746513625467373,2.3524478552700536,0.8554564267037021,0.6093960263655519,0.3987485362997658,0.8643486499786377,3,1.0,1.0,0.51591489885421,0.4562647094391576,0.5755650882692624,0.3569906441440527,0.4583917891513798,0.9102783262376581,0.481252058092346,0.0857006311416626
288862,41,2,0.01107802290480041,0.0028348252802005433,3.90783269017161,1.3629829212181086,0.5389328527816059,0.23024370608899297,0.7306258678436279,2,0.6666666666666666,1.0,0.4370057955386134,0.2984465028079644,0.5755650882692624,0.3569906441440527,0.4583917891513798,0.9102783262376581,0.481252058092346,0.0857006311416626
288862,1,0,0.0012767194247742186,0.0002539414627774235,5.0276130797341825,1.6149453354345,0.2895281488022601,0.07497804449648712,0.9373911619186401,1,0.3333333333333333,1.0,0.46588792102538934,0.2009165813465945,0.7308592607041842,0.2581586554071411,0.3768306794538478,0.8579872549227114,0.6919034506997043,0.042732298374176025
288862,1,1,0.0015199986618184154,0.0002615382069091206,5.811765225318762,1.7598843507322073,0.2523914763099665,0.05489973653395785,0.8946588635444641,1,0.3333333333333333,1.0,0.501602953938189,0.2723466471721938,0.7308592607041842,0.2581586554071411,0.3768306794538478,0.8579872549227114,0.6919034506997043,0.042732298374176025
288862,1,2,0.003086466838180097,0.00028821533096547744,10.708891914708394,2.3710744167520654,0.14148978243995924,0.015156615925058547,0.8398400545120239,1,0.3333333333333333,1.0,0.23663161425939416,0.2009165813465945,0.2723466471721938,0.2581586554071411,0.3768306794538478,0.8579872549227114,0.6919034506997043,0.042732298374176025
545007,85,0,0.03108093546327987,0.002865357533434149,10.847140396885143,2.383901487390388,0.8388473938832,0.3242683823529412,0.8977828621864319,3,1.0,1.0,0.3279894785773404,0.31837507511252705,0.3376038820421537,0.20446613213713402,0.2515690771484012,0.9284481735626497,0.37080106631432025,0.02919989824295044
545007,85,1,0.056149126849990065,0.006589245810151212,8.52132830664276,2.14257223324272,0.5116103443962956,0.10947426470588235,0.9407259821891785,3,1.0,1.0,0.6403235852431274,0.3376038820421537,0.9430432884441011,0.20446613213713402,0.2515690771484012,0.9284481735626497,0.37080106631432025,0.02919989824295044
545007,85,2,0.05625930635904223,0.0069211576638808225,8.128597711985654,2.095388425549969,0.483417437319251,0.1032389705882353,0.9699258804321289,3,1.0,1.0,0.6307091817783141,0.31837507511252705,0.9430432884441011,0.20446613213713402,0.2515690771484012,0.9284481735626497,0.37080106631432025,0.02919989824295044
545007,1,0,0.0018162209797731937,6.51200057698228e-05,27.890368411553162,3.328281411552484,0.6616554655284731,0.0655220588235294,0.9625715017318726,3,1.0,1.0,0.8841098303496403,0.774894928551415,0.9933247321478657,0.13518143948525288,0.19248090304406318,0.7717437877595846,0.9798377537900158,0.032785236835479736
545007,1,1,0.0018270785347073138,6.511430408479092e-05,28.059556687706618,3.334329276369345,0.6615400091069855,0.06512132352941176,0.9297862648963928,3,1.0,1.0,0.886591316113405,0.7798579000789444,0.9933247321478657,0.13518143948525288,0.19248090304406318,0.7717437877595846,0.9798377537900158,0.032785236835479736
545007,1,2,0.002167029228498406,7.323383504932599e-05,29.590546465964493,3.3874549346302034,0.6135538353182987,0.05092279411764706,0.9182562828063965,3,1.0,1.0,0.7773764143151797,0.774894928551415,0.7798579000789444,0.13518143948525288,0.19248090304406318,0.7717437877595846,0.9798377537900158,0.032785236835479736
472623,2,0,0.022441287693907207,0.0030969877427800274,7.246166129968762,1.9804725193825232,0.4888966552708437,0.11661397058823529,0.9067184925079346,3,1.0,1.0,0.6090202217773647,0.5341574495770982,0.6838829939776312,0.2858666773479198,0.37596928964448156,0.8790242440261353,0.6133607927291777,0.036289751529693604
472623,2,1,0.026011547271382794,0.0030763126952154584,8.455430198426422,2.134808862043907,0.4823336764688335,0.09925735294117648,0.870428740978241,3,1.0,1.0,0.7077745549007541,0.6838829939776312,0.7316661158238772,0.2858666773479198,0.37596928964448156,0.8790242440261353,0.6133607927291777,0.036289751529693604
472623,2,2,0.02950365155610801,0.0034198187433023804,8.627255934327756,2.1549264863543094,0.4084618235738338,0.07410661764705882,0.7808699607849121,3,1.0,1.0,0.6329117827004878,0.5341574495770982,0.7316661158238772,0.2858666773479198,0.37596928964448156,0.8790242440261353,0.6133607927291777,0.036289751529693604
472623,1,0,0.0037123329915887634,0.000648935449613105,5.720650625699989,1.7440825449442678,0.26059578291426033,0.05803308823529412,0.9181348085403442,3,1.0,1.0,0.39798044233987884,0.24735809656394356,0.5486027881158141,0.10815454653273034,0.12271771985850567,0.935214172892107,0.4097331172089912,0.003134012222290039
472623,1,1,0.00462580737274996,0.0007002145264599955,6.606271637250829,1.8880194461169821,0.18030814138165638,0.032224264705882355,0.9150007963180542,3,1.0,1.0,0.49429231758865355,0.43998184706149307,0.5486027881158141,0.10815454653273034,0.12271771985850567,0.935214172892107,0.4097331172089912,0.003134012222290039
472623,1,2,0.006173517431171864,0.0007483885715556523,8.249080300745485,2.110101715596843,0.10781258329447979,0.0144375,0.8855078220367432,3,1.0,1.0,0.3436699718127183,0.24735809656394356,0.43998184706149307,0.10815454653273034,0.12271771985850567,0.935214172892107,0.4097331172089912,0.003134012222290039
172571,59,0,0.03481727181650409,0.006072342922250683,5.733745978539944,1.7463690655912398,0.5133193903513107,0.15537136426592799,0.8134326934814453,3,1.0,1.0,0.5751236633665376,0.538807539051996,0.6114397876810793,0.33412980832049693,0.5011766369237978,0.9441009377622321,0.342528324050247,0.02041703462600708
172571,59,1,0.032258518766939026,0.0076581856379968755,4.212292609188366,1.4380070622573826,0.35839547924628457,0.11708362188365651,0.8338497281074524,3,1.0,1.0,0.5777185746528617,0.538807539051996,0.6166296102537274,0.33412980832049693,0.5011766369237978,0.9441009377622321,0.342528324050247,0.02041703462600708
172571,59,2,0.0393111192504683,0.0074506165360670885,5.27622365946416,1.6632106258440433,0.3615289428506672,0.09691828254847645,0.7506692409515381,3,1.0,1.0,0.6140346989674034,0.6114397876810793,0.6166296102537274,0.33412980832049693,0.5011766369237978,0.9441009377622321,0.342528324050247,0.02041703462600708
172571,47,0,0.0006850424709075331,0.0015050326592260155,0.4551678438690215,-0.7870890389695118,0.2171240341211159,0.3786184210526316,0.888268232345581,2,0.6666666666666666,0.0,0.5951589598307058,0.5665687387327235,0.623749180928688,0.4868796771602968,0.5459927690177188,0.954292132141721,0.3024438069283309,0.008257925510406494
172571,47,1,0.000543654539353857,0.0014164163847384845,0.3838239551785536,-0.9575712797312131,0.11568304611978401,0.25418975069252076,0.936207115650177,2,0.6666666666666666,0.0,0.7592648211659203,0.623749180928688,0.8947804614031527,0.4868796771602968,0.5459927690177188,0.954292132141721,0.3024438069283309,0.008257925510406494
172571,47,2,0.0005041797680400196,0.001401595616191346,0.35971842509777835,-1.0224337040955955,0.09736569339495445,0.23069165512465373,0.9444650411605835,2,0.6666666666666666,0.0,0.730674600067938,0.5665687387327235,0.8947804614031527,0.4868796771602968,0.5459927690177188,0.954292132141721,0.3024438069283309,0.008257925510406494
476514,1,0,0.001965277298435847,0.0005375740165202089,3.6558264246131773,1.296322176117324,0.6908658100535195,0.3793867370892019,0.8883622884750366,3,1.0,1.0,0.25613594361964903,0.245379768146616,0.26689211909268207,0.17184629025560164,0.23850282967053288,0.9294895581642486,0.4476252449718624,0.022139251232147217
476514,1,1,0.0037288269409837963,0.0007707570882857937,4.837875632696467,1.5764757057792749,0.36029854533260125,0.10428036971830985,0.9150359034538269,3,1.0,1.0,0.5755487727246356,0.26689211909268207,0.8842054263565892,0.17184629025560164,0.23850282967053288,0.9294895581642486,0.4476252449718624,0.022139251232147217
476514,1,2,0.0035869315588146944,0.0008147027755893824,4.402748661089369,1.4822290418639978,0.3171356507909593,0.09541886737089202,0.9371751546859741,3,1.0,1.0,0.5647925972516026,0.245379768146616,0.8842054263565892,0.17184629025560164,0.23850282967053288,0.9294895581642486,0.4476252449718624,0.022139251232147217
476514,28,0,0.006422022303561959,0.001825029452102644,3.5188595409483336,1.2581369432195397,0.6420838104086005,0.3376650528169014,0.9549628496170044,3,1.0,1.0,0.4469820358917421,0.3770434971019988,0.5169205746814854,0.21623252275128593,0.30161640724215005,0.9478488907896931,0.3966257742238237,0.0018221735954284668
476514,28,1,0.009028273562327837,0.002174767535657372,4.1513740710900695,1.4234393810188624,0.46904322585284475,0.17545848004694836,0.9531406760215759,3,1.0,1.0,0.6216914154860518,0.5169205746814854,0.7264622562906182,0.21623252275128593,0.30161640724215005,0.9478488907896931,0.3966257742238237,0.0018221735954284668
476514,28,2,0.01068751086285464,0.0022989507077607265,4.648864728646511,1.5366230455076477,0.4067912847341911,0.1285468016431925,0.9012027978897095,3,1.0,1.0,0.5517528766963085,0.3770434971019988,0.7264622562906182,0.21623252275128593,0.30161640724215005,0.9478488907896931,0.3966257742238237,0.0018221735954284668
802,79,0,0.015223861087202592,0.004232923232614322,3.596536069047383,1.2799711792708481,0.2897613936267536,0.10187942216981132,0.7703778743743896,3,1.0,1.0,0.7299790204731245,0.5480720538233379,0.9118859871229111,0.13500361845222372,0.1938380408328304,0.971692057045239,0.2757380445913217,0.045063138008117676
802,79,1,0.015729686442522903,0.0042898887715383605,3.666688643121981,1.2992889777545955,0.2730085929396463,0.09290241745283019,0.9049996137619019,3,1.0,1.0,0.7563951591968673,0.6009043312708234,0.9118859871229111,0.13500361845222372,0.1938380408328304,0.971692057045239,0.2757380445913217,0.045063138008117676
802,79,2,0.017601387275381356,0.004628291451998343,3.8029988936800123,1.3357899380957186,0.18361166373884547,0.055837264150943394,0.8599364757537842,3,1.0,1.0,0.5744881925470806,0.5480720538233379,0.6009043312708234,0.13500361845222372,0.1938380408328304,0.971692057045239,0.2757380445913217,0.045063138008117676
802,82,0,0.015078660220441199,0.00541124751589718,2.7865404739584583,1.024800853004779,0.4092140747943188,0.19908608490566038,0.9266216158866882,3,1.0,1.0,0.7253535465718939,0.5093662076114319,0.941340885532356,0.1729490690292863,0.23136272679628142,0.9846916601474359,0.2164333117128291,0.0013034343719482422
802,82,1,0.015084944163524816,0.005548734017043107,2.7186280896637536,1.0001273743323325,0.3853704735189924,0.18740787146226415,0.9279250502586365,3,1.0,1.0,0.7412088256511866,0.5410767657700173,0.941340885532356,0.1729490690292863,0.23136272679628142,0.9846916601474359,0.2164333117128291,0.0013034343719482422
802,82,2,0.017125069426138985,0.006231169238259415,2.74829149531723,1.0109794442358462,0.23672835385280777,0.10140772405660377,0.8820154666900635,3,1.0,1.0,0.5252214866907245,0.5093662076114319,0.5410767657700173,0.1729490690292863,0.23136272679628142,0.9846916601474359,0.2164333117128291,0.0013034343719482422
44279,51,0,0.001262085626853652,0.0008174542921636536,1.5439219506319033,0.43432590100835305,0.26594816642939934,0.1900625,0.9639999270439148,1,0.3333333333333333,0.0,0.50373313334098,0.12428681297061402,0.8831794537113461,0.266045806765423,0.3557017110992254,0.9387746323421661,0.3885338630423193,0.09201812744140625
44279,51,1,0.0012260842150647595,0.0008352795529596393,1.4678728926770832,0.3838143418893646,0.23194449288382304,0.17062867647058824,0.8719817996025085,2,0.6666666666666666,1.0,0.5058636801252355,0.12854790653912498,0.8831794537113461,0.266045806765423,0.3557017110992254,0.9387746323421661,0.3885338630423193,0.09201812744140625
44279,51,2,0.0032191034887870842,0.0008027956974380643,4.009866389481456,1.3887579217427144,0.14647337938266286,0.041040441176470585,0.6555867195129395,3,1.0,1.0,0.1264173597548695,0.12428681297061402,0.12854790653912498,0.266045806765423,0.3557017110992254,0.9387746323421661,0.3885338630423193,0.09201812744140625
44279,79,0,0.0024630040804416316,0.0023212168578522255,1.0610831431146488,0.05929021994091572,0.21134187931330692,0.20162867647058824,0.7522534132003784,2,0.6666666666666666,1.0,0.1997317954399429,0.19505325686194183,0.204410334017944,0.2910083026804413,0.4057558885299361,0.9574396492002574,0.31977244169711344,0.052146315574645996
44279,79,1,0.005714425232527852,0.002151097293395269,2.656516396267576,0.9770156391964019,0.13561261954704817,0.05576470588235294,0.8657077550888062,3,1.0,1.0,0.48110163330775096,0.19505325686194183,0.7671500097535601,0.2910083026804413,0.4057558885299361,0.9574396492002574,0.31977244169711344,0.052146315574645996
44279,79,2,0.004991837312105544,0.002227769606267912,2.2407331960271355,0.8068031321648551,0.09379215144422634,0.04415073529411765,0.8135614395141602,2,0.6666666666666666,1.0,0.48578017188575207,0.204410334017944,0.7671500097535601,0.2910083026804413,0.4057558885299361,0.9574396492002574,0.31977244169711344,0.052146315574645996
22371,1,0,0.0024019565965948033,0.0006968021374901287,3.447114272352123,1.2375374386496425,0.5778524685554521,0.2842302878598248,0.8764544725418091,2,0.6666666666666666,1.0,0.25696951082893527,0.2373925543462317,0.2765464673116388,0.14443951475155942,0.1942232407979126,0.9570836142593749,0.33750621308406875,0.014529645442962646
22371,1,1,0.003943869280422901,0.0009442415629665532,4.1767588199099865,1.429535544075239,0.2639870606298909,0.07908218606591573,0.9252428412437439,1,0.3333333333333333,0.0,0.5603824694247679,0.2765464673116388,0.8442184715378971,0.14443951475155942,0.1942232407979126,0.9570836142593749,0.33750621308406875,0.014529645442962646
22371,1,2,0.004558100820779537,0.0009362550365843372,4.868439301047762,1.582773413887628,0.2611934938070117,0.06770129328327075,0.9397724866867065,1,0.3333333333333333,0.0,0.5408055129420644,0.2373925543462317,0.8442184715378971,0.14443951475155942,0.1942232407979126,0.9570836142593749,0.33750621308406875,0.014529645442962646
22371,73,0,0.011540650187397439,0.0013085290646634264,8.819559679819806,2.176971945936235,0.5703993134092439,0.13084689194826868,0.9294378161430359,3,1.0,1.0,0.8606467563205509,0.7443728878403366,0.976920624800765,0.1668144411683118,0.241795484562305,0.8557810067118969,0.7570156043415681,0.055338144302368164
22371,73,1,0.01161843785942973,0.0013319730704240789,8.722727289830175,2.165931951702137,0.5612079675456267,0.12787651230705047,0.984775960445404,3,1.0,1.0,0.8692340597907792,0.7615474947807933,0.976920624800765,0.1668144411683118,0.241795484562305,0.8557810067118969,0.7570156043415681,0.055338144302368164
22371,73,2,0.009691768125371661,0.0018870897987789445,5.135827731413187,1.636241024536802,0.3566212120892693,0.09741343345848978,0.9203324317932129,2,0.6666666666666666,1.0,0.752960191310565,0.7443728878403366,0.7615474947807933,0.1668144411683118,0.241795484562305,0.8557810067118969,0.7570156043415681,0.055338144302368164
166768,1,0,0.0011975835278670783,0.00044703632514236414,2.678940072278809,0.9854212217104855,0.4089039704655657,0.20523034037558685,0.9415240287780762,2,0.6666666666666666,0.0,0.4943547134408393,0.3672911717954671,0.6214182550862115,0.20792007642213628,0.2802918416324108,0.9491610363883383,0.3667732986697997,0.003249824047088623
166768,1,1,0.0017225900326934525,0.00043600059969896434,3.9508891270606554,1.3739406496217639,0.3676936335239762,0.12830105633802816,0.9568009972572327,2,0.6666666666666666,0.0,0.5979895808008961,0.5745609065155808,0.6214182550862115,0.20792007642213628,0.2802918416324108,0.9491610363883383,0.3667732986697997,0.003249824047088623
166768,1,2,0.002373590581399584,0.0004561827530375523,5.203157200467498,1.6492655957013629,0.2984005147825725,0.07556484741784038,0.9600508213043213,2,0.6666666666666666,0.0,0.47092603915552395,0.3672911717954671,0.5745609065155808,0.20792007642213628,0.2802918416324108,0.9491610363883383,0.3667732986697997,0.003249824047088623
166768,32,0,0.0018690360774809606,0.000419515969470196,4.45522032304547,1.494076515464,0.8982860417961387,0.6646860328638498,0.9539720416069031,2,0.6666666666666666,1.0,0.6375306330209906,0.5937120727320873,0.6813491933098939,0.32362697585385386,0.4796465314609744,0.9495263693473696,0.3403337295985616,0.006650328636169434
166768,32,1,0.0023842784345056984,0.0005252885571924813,4.538987947329376,1.5127040685320714,0.7954216014947326,0.461381308685446,0.9473217129707336,2,0.6666666666666666,1.0,0.7671693462799201,0.6813491933098939,0.8529894992499464,0.32362697585385386,0.4796465314609744,0.9495263693473696,0.3403337295985616,0.006650328636169434
166768,32,2,0.0024760926504224508,0.0006695749453645195,3.698006718839291,1.3077939502517555,0.7070472074298597,0.39491270539906104,0.860429048538208,2,0.6666666666666666,1.0,0.7233507859910169,0.5937120727320873,0.8529894992499464,0.32362697585385386,0.4796465314609744,0.9495263693473696,0.3403337295985616,0.006650328636169434
266768,67,0,0.005898329583794624,0.003496612840263674,1.6868695081675016,0.5228744493293267,0.05516924890133801,0.03345668332692554,0.647889256477356,1,0.3333333333333333,0.0,0.09367369869457601,0.09244602038877985,0.09490137700037216,0.172465754731423,0.2142857142857143,0.9426438764280001,0.41930324920021483,0.001964271068572998
266768,67,1,0.022555590606930367,0.0033138816279950447,6.806395982758892,1.9178627558526873,0.08621667785072251,0.013672625913110342,0.8300248980522156,2,0.6666666666666666,1.0,0.4852365116709178,0.09490137700037216,0.8755716463414634,0.172465754731423,0.2142857142857143,0.9426438764280001,0.41930324920021483,0.001964271068572998
266768,67,2,0.022478018474118403,0.003335631922714486,6.738758648492421,1.9078757312245374,0.07922574134132497,0.012607330513904908,0.8280606269836426,2,0.6666666666666666,1.0,0.4840088333651216,0.09244602038877985,0.8755716463414634,0.172465754731423,0.2142857142857143,0.9426438764280001,0.41930324920021483,0.001964271068572998
266768,1,0,0.0012315226594797446,0.0007566350084104699,1.627631082573462,0.48712563495707556,0.1187435507169955,0.0764556367209193,0.9434647560119629,3,1.0,1.0,0.622984118194081,0.5354908231368187,0.7104774132513431,0.2656576392034618,0.3234066120763363,0.9158496207730602,0.47913436626210354,0.05515843629837036
266768,1,1,0.0016450132545968567,0.0007397988651721873,2.2235952632752234,0.7991253744973842,0.12179519393676479,0.05870872314067239,0.8883063197135925,3,1.0,1.0,0.6948968109843934,0.6793162087174438,0.7104774132513431,0.2656576392034618,0.3234066120763363,0.9158496207730602,0.47913436626210354,0.05515843629837036
266768,1,2,0.0016314450447214716,0.0007566543931073024,2.1561297435485636,0.7683148297473077,0.08534830200414521,0.04148244265026272,0.8553262948989868,2,0.6666666666666666,0.0,0.6074035159271313,0.5354908231368187,0.6793162087174438,0.2656576392034618,0.3234066120763363,0.9158496207730602,0.47913436626210354,0.05515843629837036
59635,42,0,0.012591479020400923,0.004643952752359022,2.711371042974838,0.9974544269536093,0.17779989731816473,0.07386509773662552,0.8231039047241211,2,0.6666666666666666,0.0,0.1756060292914141,0.13801106254593276,0.21320099603689546,0.26385812819854265,0.3746308361847253,0.8937762959026389,0.5939060408890451,0.02733510732650757
59635,42,1,0.03395130991858705,0.0041167081779882875,8.24719859714002,2.109873578728112,0.24240957152667347,0.03734889403292181,0.8617185950279236,3,1.0,1.0,0.3821694117153133,0.21320099603689546,0.5511378273937312,0.26385812819854265,0.3746308361847253,0.8937762959026389,0.5939060408890451,0.02733510732650757
59635,42,2,0.05719015932932113,0.004131406767911413,13.842781049707723,2.627763872918646,0.22657440449425698,0.020724022633744857,0.8890537023544312,3,1.0,1.0,0.34457444496983197,0.13801106254593276,0.5511378273937312,0.26385812819854265,0.3746308361847253,0.8937762959026389,0.5939060408890451,0.02733510732650757
59635,1,0,0.0011669832048135467,0.000462482263405466,2.523303691037183,0.925569032291952,0.1669301320119658,0.0735693158436214,0.7449984550476074,2,0.6666666666666666,1.0,0.14437334900164844,0.13639212736617776,0.1523545706371191,0.30777928566782675,0.4266318048075269,0.842661571817813,0.7728026255604439,0.03268468379974365
59635,1,1,0.003886166504264035,0.0004073319367728394,9.540539653021929,2.255550051520361,0.23236116702405096,0.03075167181069959,0.8386787176132202,3,1.0,1.0,0.28716201736077696,0.1523545706371191,0.42196946408443486,0.30777928566782675,0.4266318048075269,0.842661571817813,0.7728026255604439,0.03268468379974365
59635,1,2,0.005536265620815849,0.00044371299944876016,12.477131874019037,2.5238975189228183,0.1492288668889081,0.013863168724279836,0.8713634014129639,3,1.0,1.0,0.2791807957253063,0.13639212736617776,0.42196946408443486,0.30777928566782675,0.4266318048075269,0.842661571817813,0.7728026255604439,0.03268468379974365
445658,79,0,0.014616695779452439,0.0029790517020104558,4.906492816046684,1.5905593925610997,0.3923942180540122,0.11631293911007026,0.7506515383720398,3,1.0,1.0,0.4590983724096853,0.14355637796215603,0.7746403668572146,0.16290762574511283,0.23469501561467657,0.9610991276178374,0.32771975203265746,0.13130980730056763
445658,79,1,0.01685791283950659,0.0030872652543301867,5.460467904531778,1.6975344829450638,0.3518859535932533,0.09043837822014052,0.8870342373847961,3,1.0,1.0,0.4754060106448693,0.176171654432524,0.7746403668572146,0.16290762574511283,0.23469501561467657,0.9610991276178374,0.32771975203265746,0.13130980730056763
445658,79,2,0.017411106124314926,0.0040125018960795195,4.339214428032424,1.467693324420137,0.09602339488333092,0.02389490632318501,0.7557244300842285,1,0.3333333333333333,0.0,0.15986401619734003,0.14355637796215603,0.176171654432524,0.16290762574511283,0.23469501561467657,0.9610991276178374,0.32771975203265746,0.13130980730056763
445658,44,0,0.004934797754516525,0.0008364575065914604,5.89963950317816,1.7748912480913206,0.2687656890987922,0.058646809133489464,0.8840615749359131,2,0.6666666666666666,1.0,0.5237977263690615,0.44160794732586345,0.6059875054122595,0.13404247584502157,0.1955775153517752,0.920632331926619,0.47561006456572313,0.01208275556564331
445658,44,1,0.00631911560536479,0.00087899870049441,7.188993106157594,1.9725511212163607,0.21338496724046443,0.03636197306791569,0.8961443305015564,2,0.6666666666666666,1.0,0.625861361288024,0.6059875054122595,0.6457352171637886,0.13404247584502157,0.1955775153517752,0.920632331926619,0.47561006456572313,0.01208275556564331
445658,44,2,0.007590190181243458,0.0008567074249594719,8.859722644218712,2.1815154599944964,0.23041047638624196,0.03268808548009368,0.8137838840484619,3,1.0,1.0,0.543671582244826,0.44160794732586345,0.6457352171637886,0.13404247584502157,0.1955775153517752,0.920632331926619,0.47561006456572313,0.01208275556564331
471893,62,0,0.007827423887404197,0.0020012752944603687,3.911217964444814,1.3638488254770311,0.10238619185649508,0.02833710407239819,0.780598521232605,3,1.0,1.0,0.3772885570893515,0.20658004529741328,0.5479970688812897,0.14993859065968299,0.20106604754850682,0.9598989141552366,0.29628162536279085,0.09155601263046265
471893,62,1,0.008485071902112553,0.0020605605343451587,4.117846458071295,1.415330322470119,0.06450792400855586,0.016469881221719457,0.8721545338630676,3,1.0,1.0,0.41828424872635916,0.2885714285714286,0.5479970688812897,0.14993859065968299,0.20106604754850682,0.9598989141552366,0.29628162536279085,0.09155601263046265
471893,62,2,0.00974026955283293,0.0021095619777462328,4.617199992683706,1.5297884592767128,0.03347296403962435,0.00744485294117647,0.7662348747253418,3,1.0,1.0,0.24757573693442092,0.20658004529741328,0.2885714285714286,0.14993859065968299,0.20106604754850682,0.9598989141552366,0.29628162536279085,0.09155601263046265
471893,67,0,0.009263026212894503,0.0018833674812721375,4.91833181791977,1.5929694117194397,0.13914838008333236,0.03181914592760181,0.7122111320495605,2,0.6666666666666666,1.0,0.29262010639358416,0.2179787234042553,0.367261489382913,0.18773458249363503,0.27314839189295986,0.9489087580541445,0.356268470744518,0.061646878719329834
471893,67,1,0.01236202263697422,0.0019445824674291564,6.357160386702614,1.8495817976528106,0.09725537500265792,0.01666430995475113,0.8429931998252869,3,1.0,1.0,0.4002607226782485,0.367261489382913,0.43325995597358413,0.18773458249363503,0.27314839189295986,0.9489087580541445,0.356268470744518,0.061646878719329834
471893,67,2,0.013253619989614784,0.002020976349386012,6.55802824564637,1.880689985540534,0.05414775158069891,0.008653846153846154,0.781346321105957,2,0.6666666666666666,1.0,0.3256193396889197,0.2179787234042553,0.43325995597358413,0.18773458249363503,0.27314839189295986,0.9489087580541445,0.356268470744518,0.061646878719329834
110784,6,0,0.009498024831041483,0.004232420665543126,2.244111722193034,0.8083097735999443,0.5146353669036836,0.32087543302540417,0.7745381593704224,2,0.6666666666666666,1.0,0.2159189704209225,0.12051146523318451,0.3113264756086605,0.23925001380185484,0.32054015477327114,0.9090596023226607,0.5106324964818296,0.1010279655456543
110784,6,1,0.017554396405807606,0.004622382408367828,3.797694533068371,1.3343941808471675,0.29790177475908663,0.1004979792147806,0.8755661249160767,2,0.6666666666666666,1.0,0.3480510295458024,0.3113264756086605,0.38477558348294433,0.23925001380185484,0.32054015477327114,0.9090596023226607,0.5106324964818296,0.1010279655456543
110784,6,2,0.020062266759549943,0.005353237760094643,3.7476883439317965,1.3211392083357234,0.1310010255392029,0.03866916859122402,0.6407365798950195,1,0.3333333333333333,1.0,0.2526435243580644,0.12051146523318451,0.38477558348294433,0.23925001380185484,0.32054015477327114,0.9090596023226607,0.5106324964818296,0.1010279655456543
110784,8,0,0.004287619131663852,0.004210916790022424,1.0182151166712567,0.018051209074703985,0.4135510971006141,0.40918013856812935,0.8858650922775269,2,0.6666666666666666,1.0,0.40860256586812077,0.3274078378544952,0.48979729388174637,0.2692215989562068,0.3866638127308675,0.9039691757328233,0.5369643239530115,0.00728154182434082
110784,8,1,0.007409429068515246,0.003302043838629125,2.2438917919840367,0.8082117655917593,0.39982025258307236,0.22891887990762125,0.8781798481941223,2,0.6666666666666666,1.0,0.5186383620335908,0.48979729388174637,0.5474794301854353,0.2692215989562068,0.3866638127308675,0.9039691757328233,0.5369643239530115,0.00728154182434082
110784,8,2,0.011074805657928358,0.0031772817844161116,3.4856227448135986,1.2486467212554888,0.3520476055759785,0.1348549364896074,0.8931466341018677,2,0.6666666666666666,1.0,0.4374436340199652,0.3274078378544952,0.5474794301854353,0.2692215989562068,0.3866638127308675,0.9039691757328233,0.5369643239530115,0.00728154182434082
86956,39,0,0.0023689084398602163,0.0019212465985872708,1.2330059245747598,0.20945502960071408,0.4296517247078375,0.37925130208333335,0.9776773452758789,2,0.6666666666666666,1.0,0.8041376054068643,0.6654536091322634,0.9428216016814652,0.1629648284519517,0.22629352065050695,0.8724686197555593,0.6427186174381158,0.005999743938446045
86956,39,1,0.0023704615860466807,0.0019352399350299808,1.2248928631090203,0.20285338190730112,0.40577351383828725,0.357939453125,0.983677089214325,2,0.6666666666666666,1.0,0.823885544182159,0.7049494866828527,0.9428216016814652,0.1629648284519517,0.22629352065050695,0.8724686197555593,0.6427186174381158,0.005999743938446045
86956,39,2,0.0026365065390023005,0.001906864265001363,1.3826398585416755,0.3239946131790767,0.3182381474306055,0.2523958333333333,0.7973471879959106,2,0.6666666666666666,1.0,0.685201547907558,0.6654536091322634,0.7049494866828527,0.1629648284519517,0.22629352065050695,0.8724686197555593,0.6427186174381158,0.005999743938446045
86956,1,0,0.0020837366191342934,0.0009578089573137876,2.1755242536076187,0.7772696721174447,0.3722569797628096,0.21419596354166667,0.7867788672447205,3,1.0,1.0,0.11964986842752018,0.050250981507201364,0.189048755347839,0.35649111605055755,0.4073972622338819,0.9627387698264609,0.2888020028456282,0.004446566104888916
86956,1,1,0.0036233023747589614,0.001044421559479618,3.4691953056724265,1.2439226669591217,0.18111294325662017,0.059931640625,0.9576368927955627,2,0.6666666666666666,1.0,0.1281809663789965,0.06731317741015402,0.189048755347839,0.35649111605055755,0.4073972622338819,0.9627387698264609,0.2888020028456282,0.004446566104888916
86956,1,2,0.0013965249708624832,0.0011774128329146984,1.1860962702600022,0.1706674702232814,0.11463736901431835,0.09842122395833333,0.9620834589004517,2,0.6666666666666666,0.0,0.058782079458677694,0.050250981507201364,0.06731317741015402,0.35649111605055755,0.4073972622338819,0.9627387698264609,0.2888020028456282,0.004446566104888916
167572,54,0,0.008737881244861658,0.001349207530869812,6.4763063045995475,1.8681503332361815,0.6270319834356667,0.20609191176470587,0.9317671060562134,3,1.0,1.0,0.6201098034993587,0.6166577682861719,0.6235618387125456,0.27944649866890875,0.3556268994653085,0.9527511314706893,0.33825329088196193,0.0010779500007629395
167572,54,1,0.010502339535465595,0.0017360779713877594,6.0494630440019534,1.799969515141653,0.473832615205544,0.1295735294117647,0.9519409537315369,3,1.0,1.0,0.8031031164117655,0.6235618387125456,0.9826443941109853,0.27944649866890875,0.3556268994653085,0.9527511314706893,0.33825329088196193,0.0010779500007629395
167572,54,2,0.010556467404363395,0.0017451773062464233,6.048936896285689,1.7998825370747769,0.470044907252903,0.12787867647058823,0.9530189037322998,3,1.0,1.0,0.7996510811985786,0.6166577682861719,0.9826443941109853,0.27944649866890875,0.3556268994653085,0.9527511314706893,0.33825329088196193,0.0010779500007629395
167572,51,0,0.0029284237811674704,0.001427239982677756,2.0518089562075033,0.7187218220524121,0.21384015700632886,0.1170514705882353,0.7399580478668213,2,0.6666666666666666,1.0,0.15657984011695797,0.12806319552557227,0.18509648470834367,0.19365940348578914,0.23454356567058557,0.9644456582174017,0.31143117584214464,0.016383111476898193
167572,51,1,0.005532606202859228,0.0014339934571585419,3.858180922222551,1.3501958089049475,0.14228566325872655,0.041224264705882356,0.8320556282997131,3,1.0,1.0,0.39744645011474256,0.18509648470834367,0.6097964155211415,0.19365940348578914,0.23454356567058557,0.9644456582174017,0.31143117584214464,0.016383111476898193
167572,51,2,0.0061476166702773855,0.0014777977391800198,4.1599851611144745,1.425511507389685,0.10278834395387967,0.026801470588235295,0.8156725168228149,3,1.0,1.0,0.36892980552335686,0.12806319552557227,0.6097964155211415,0.19365940348578914,0.23454356567058557,0.9644456582174017,0.31143117584214464,0.016383111476898193
389109,62,0,0.007017700395241234,0.0012480797280540429,5.622798152935438,1.7268294321224051,0.24492115014456523,0.054541129976580796,0.7432851791381836,3,1.0,1.0,0.45792712486947307,0.39086550592985114,0.524988743809095,0.24703263148506993,0.36911825297591927,0.9347310014697441,0.3949700800354695,0.04182034730911255
389109,62,1,0.0075865875184819844,0.0013622374340746177,5.569210860855856,1.7172533673473536,0.15639612659461796,0.03221604215456674,0.7851055264472961,3,1.0,1.0,0.5934135048766191,0.524988743809095,0.6618382659441434,0.24703263148506993,0.36911825297591927,0.9347310014697441,0.3949700800354695,0.04182034730911255
389109,62,2,0.007920555433364717,0.0013921209627616971,5.689559772135257,1.7386328765781054,0.13247556325308077,0.02613802693208431,0.7069177627563477,3,1.0,1.0,0.5263518859369973,0.39086550592985114,0.6618382659441434,0.24703263148506993,0.36911825297591927,0.9347310014697441,0.3949700800354695,0.04182034730911255
389109,67,0,0.0070576848302084634,0.0027817043198351855,2.5371800939969953,0.9310532652307036,0.38124014641012255,0.19539300351288055,0.8278164863586426,2,0.6666666666666666,1.0,0.4416863270369379,0.322869551114555,0.5605031029593208,0.23930992520849678,0.28768439987565647,0.9619650158889383,0.29758978120328766,0.02550828456878662
389109,67,1,0.009343822365774454,0.0028753157368508857,3.2496682860847703,1.1785529254195277,0.2962679316975025,0.11469189110070258,0.8533247709274292,2,0.6666666666666666,1.0,0.5486858344578744,0.5368685659564281,0.5605031029593208,0.23930992520849678,0.28768439987565647,0.9619650158889383,0.29758978120328766,0.02550828456878662
389109,67,2,0.010474177983592353,0.003075366959972392,3.4058303013961466,1.2254887576643672,0.21205653178862818,0.07323258196721312,0.7750957012176514,2,0.6666666666666666,1.0,0.4298690585354915,0.322869551114555,0.5368685659564281,0.23930992520849678,0.28768439987565647,0.9619650158889383,0.29758978120328766,0.02550828456878662
491867,32,0,0.008776506789814564,0.0006170401043283618,14.223559723308568,2.654899725320702,0.8921488538711361,0.36771809895833335,0.9031047224998474,3,1.0,1.0,0.13619747125659587,0.12235864840700052,0.15003629410619124,0.12074818367155922,0.17906254905021868,0.9083985478003852,0.5419239544895251,0.0023250579833984375
491867,32,1,0.020967230842013216,0.002604104276372077,8.05160953968104,2.0858720143097846,0.3198463739224848,0.05518229166666667,0.9467377662658691,2,0.6666666666666666,1.0,0.48243101489528467,0.15003629410619124,0.8148257356843781,0.12074818367155922,0.17906254905021868,0.9083985478003852,0.5419239544895251,0.0023250579833984375
491867,32,2,0.021877866054644812,0.0027571143392992998,7.935059397017916,2.071290839442557,0.27211673966102773,0.04499348958333333,0.9444127082824707,2,0.6666666666666666,1.0,0.4685921920456893,0.12235864840700052,0.8148257356843781,0.12074818367155922,0.17906254905021868,0.9083985478003852,0.5419239544895251,0.0023250579833984375
491867,1,0,0.002328994897130099,0.0010021622192509236,2.323969962215259,0.8432769142990421,0.6290123968064159,0.42182291666666666,0.9182673692703247,3,1.0,1.0,0.13819377837987637,0.11635368063856862,0.16003387612118414,0.08945194209248337,0.0948647217253382,0.9186193634377197,0.5158657729897285,0.06589078903198242
491867,1,1,0.008629174623316397,0.0010409772160031383,8.289494219824391,2.1149889565242135,0.3792480372415958,0.068642578125,0.8543367981910706,3,1.0,1.0,0.4267402787117201,0.16003387612118414,0.6934466813022561,0.08945194209248337,0.0948647217253382,0.9186193634377197,0.5158657729897285,0.06589078903198242
491867,1,2,0.011558029829388885,0.0010426539661133303,11.085201988333868,2.4056110647599906,0.3653855911632698,0.049375,0.9841581583023071,3,1.0,1.0,0.40490018097041236,0.11635368063856862,0.6934466813022561,0.08945194209248337,0.0948647217253382,0.9186193634377197,0.5158657729897285,0.06589078903198242
173799,22,0,0.010162415288344682,0.007907842975076303,1.2851058523909953,0.25084109045447067,0.2427685287023496,0.19966304866412213,0.7905747294425964,1,0.3333333333333333,1.0,0.11985928467986985,0.08122425812460887,0.15849431123513083,0.274241589444531,0.40671748139705755,0.9209987733811362,0.48953840158505535,0.007474958896636963
173799,22,1,0.038739833262502195,0.007075505621722992,5.475203515928132,1.7002294468965409,0.1877327044841127,0.040502743320610685,0.7980496883392334,1,0.3333333333333333,1.0,0.2446413148082507,0.15849431123513083,0.3307883183813705,0.274241589444531,0.40671748139705755,0.9209987733811362,0.48953840158505535,0.007474958896636963
173799,22,2,0.036634302940303246,0.007725884711272191,4.741761533421725,1.5564086982199616,0.09584205259888562,0.021866054389312977,0.7850408554077148,1,0.3333333333333333,1.0,0.2060062882529897,0.08122425812460887,0.3307883183813705,0.274241589444531,0.40671748139705755,0.9209987733811362,0.48953840158505535,0.007474958896636963
173799,1,0,0.004802242752963905,0.0007661613220869592,6.267926359966948,1.835445576063587,0.4069689537947059,0.09868201335877863,0.946605920791626,3,1.0,1.0,0.4174034105277511,0.36145870575616734,0.4733481152993348,0.11975049769678209,0.164850970904846,0.9095623583442345,0.49324030856846096,0.06029146909713745
173799,1,1,0.005007599980295464,0.0009625090264153867,5.202652481860154,1.6491685883994531,0.21468656829228586,0.049922471374045804,0.8863144516944885,2,0.6666666666666666,1.0,0.5263403655075791,0.4733481152993348,0.5793326157158235,0.11975049769678209,0.164850970904846,0.9095623583442345,0.49324030856846096,0.06029146909713745
173799,1,2,0.005653681971004196,0.0009891690977448411,5.715586928643612,1.743196991825572,0.18244785325113952,0.0375775286259542,0.7629910707473755,3,1.0,1.0,0.4703956607359954,0.36145870575616734,0.5793326157158235,0.11975049769678209,0.164850970904846,0.9095623583442345,0.49324030856846096,0.06029146909713745
433515,38,0,0.013436400533605647,0.005846646551783114,2.2981379859895354,0.8320992238208057,0.5966537188792279,0.39160807291666666,1.0109829902648926,3,1.0,1.0,0.9166990650955922,0.8366812880071778,0.9967168421840065,0.1097456461963003,0.15104613020656987,0.8925413094515818,0.6584027757194028,0.007291674613952637
433515,38,1,0.013398225335854228,0.005886371543594546,2.2761433311422237,0.8224824893744298,0.5930940507053539,0.390380859375,1.00369131565094,3,1.0,1.0,0.9176686510153621,0.8386204598467177,0.9967168421840065,0.1097456461963003,0.15104613020656987,0.8925413094515818,0.6584027757194028,0.007291674613952637
433515,38,2,0.015574954932764357,0.005520193207149588,2.821451051707881,1.037251310018214,0.5794028717389628,0.32806966145833333,0.9577614068984985,3,1.0,1.0,0.8376508739269477,0.8366812880071778,0.8386204598467177,0.1097456461963003,0.15104613020656987,0.8925413094515818,0.6584027757194028,0.007291674613952637
433515,1,0,0.0017190219116583181,0.000249050205039751,6.902310738839319,1.9318562458087627,0.168781672774445,0.028577473958333332,0.8779037594795227,2,0.6666666666666666,1.0,0.5284376082921438,0.36712609636632876,0.6897491202179589,0.21311233857336256,0.3033849301023768,0.8767171523025697,0.6284873305240954,0.07564747333526611
433515,1,1,0.002332523357943704,0.0002496586347685827,9.342850691957644,2.2346114193730724,0.15928747455108672,0.019876302083333332,0.9535512328147888,2,0.6666666666666666,1.0,0.608045371627304,0.5263416230366492,0.6897491202179589,0.21311233857336256,0.3033849301023768,0.8767171523025697,0.6284873305240954,0.07564747333526611
433515,1,2,0.003522920683167852,0.000256791570542396,13.71898875811125,2.618780914188175,0.12698779907673372,0.010491536458333334,0.7526538372039795,2,0.6666666666666666,1.0,0.446733859701489,0.36712609636632876,0.5263416230366492,0.21311233857336256,0.3033849301023768,0.8767171523025697,0.6284873305240954,0.07564747333526611
489305,1,0,0.003665193239963416,0.0008816417732669899,4.15723635941674,1.424850517097947,0.6381489624577725,0.29785954613787674,0.6688526272773743,3,1.0,1.0,0.24926941086633897,0.21173984052262465,0.2867989812100533,0.11734802449521774,0.17377626285019307,0.9375541273598493,0.38109181324726243,0.1496012806892395
489305,1,1,0.0057619451708904685,0.0013319009246814972,4.326106439142415,1.4646679319191664,0.2880314969778742,0.08551793256496527,0.8336434960365295,3,1.0,1.0,0.5097938896715377,0.2867989812100533,0.7327887981330222,0.11734802449521774,0.17377626285019307,0.9375541273598493,0.38109181324726243,0.1496012806892395
489305,1,2,0.007102787606167547,0.0013462963724150906,5.275797919703385,1.6631299324623605,0.2628608524285758,0.06331161858400744,0.983244776725769,3,1.0,1.0,0.4722643193278234,0.21173984052262465,0.7327887981330222,0.11734802449521774,0.17377626285019307,0.9375541273598493,0.38109181324726243,0.1496012806892395
489305,52,0,0.017802776695266476,0.00411757186582775,4.323610436211292,1.4640908023913377,0.5282513261143983,0.20571264943804138,0.8478199243545532,3,1.0,1.0,0.5423087071666732,0.36518652561247217,0.7194308887208742,0.2564976775030221,0.34348897062766215,0.9639570356142421,0.3472633464322219,0.031201958656311035
489305,52,1,0.018990430352408747,0.004763936138075687,3.9862898657775303,1.3828609401669893,0.4175989339614728,0.15245185768487365,0.8790218830108643,3,1.0,1.0,0.6060997418810983,0.4927685950413223,0.7194308887208742,0.2564976775030221,0.34348897062766215,0.9639570356142421,0.3472633464322219,0.031201958656311035
489305,52,2,0.02405792616172905,0.005541795278298438,4.341179157519268,1.4681460065323384,0.26069084756537925,0.07512348772281481,0.7679170370101929,3,1.0,1.0,0.42897756032689727,0.36518652561247217,0.4927685950413223,0.2564976775030221,0.34348897062766215,0.9639570356142421,0.3472633464322219,0.031201958656311035
454067,72,0,0.018065244465514926,0.0013181839258196695,13.704646292494425,2.617734920830169,0.6142320124590177,0.10408866995073891,0.8970839977264404,3,1.0,1.0,0.8728408683747496,0.7872873345935728,0.9583944021559264,0.16236985786081956,0.18619319804663842,0.8832546248510228,0.6598551922499024,0.015338361263275146
454067,72,1,0.01847615840748194,0.0013493581000313623,13.692553810111606,2.616852167618917,0.6032893210927351,0.09996059113300493,0.9302926659584045,3,1.0,1.0,0.8898798251914384,0.8213652482269503,0.9583944021559264,0.16236985786081956,0.18619319804663842,0.8832546248510228,0.6598551922499024,0.015338361263275146
454067,72,2,0.01704483664341232,0.0018087791241700461,9.423393053482917,2.2431952205520553,0.45773304362863493,0.08221182266009852,0.9149543046951294,2,0.6666666666666666,0.0,0.8043262914102616,0.7872873345935728,0.8213652482269503,0.16236985786081956,0.18619319804663842,0.8832546248510228,0.6598551922499024,0.015338361263275146
454067,1,0,0.002567240084840188,0.0007007516657656273,3.6635518780704155,1.2984331357015777,0.6037899711211124,0.29376847290640395,0.9738237261772156,3,1.0,1.0,0.810341732946084,0.7280935390388127,0.8925899268533553,0.23015811934025074,0.32439202600012595,0.9450685968750098,0.35373690081025494,0.010078191757202148
454067,1,1,0.002364553327166002,0.0008505481361950286,2.7800346902926854,1.0224634065701512,0.4982932285833366,0.2632216748768473,0.9637455344200134,3,1.0,1.0,0.8519816005766337,0.8113732742999122,0.8925899268533553,0.23015811934025074,0.32439202600012595,0.9450685968750098,0.35373690081025494,0.010078191757202148
454067,1,2,0.0022517335031436926,0.0009753965927185058,2.3085312350327225,0.8366114937626637,0.3865395275108556,0.21441871921182265,0.9469566345214844,3,1.0,1.0,0.7697334066693624,0.7280935390388127,0.8113732742999122,0.23015811934025074,0.32439202600012595,0.9450685968750098,0.35373690081025494,0.010078191757202148
549220,41,0,0.013483285930503264,0.003450131922336998,3.9080493819094637,1.3630383702827138,0.6563497449349008,0.32828125,0.9499706625938416,3,1.0,1.0,0.21626641799332996,0.21481069789281027,0.21772213809384963,0.3227986741650484,0.4823130498234571,0.8827647716199082,0.6061147828977287,0.0034300684928894043
549220,41,1,0.035228156758274516,0.003817594967684153,9.227840314976353,2.222225035787955,0.4866499257840189,0.09316080729166666,0.9418243765830994,2,0.6666666666666666,1.0,0.5595530201048953,0.21772213809384963,0.901383902115941,0.3227986741650484,0.4823130498234571,0.8827647716199082,0.6061147828977287,0.0034300684928894043
549220,41,2,0.034090913967240524,0.004223152536113539,8.0723851832596,2.0884490003836294,0.4266251441395889,0.08439453125,0.953400731086731,2,0.6666666666666666,1.0,0.5580973000043756,0.21481069789281027,0.901383902115941,0.3227986741650484,0.4823130498234571,0.8827647716199082,0.6061147828977287,0.0034300684928894043
549220,18,0,0.008936200794791831,0.001017872574761045,8.779292229295397,2.172395792812069,0.7924893888739578,0.30313802083333335,0.9472229480743408,3,1.0,1.0,0.6531017873618343,0.35153905513161277,0.9546645195920558,0.08625464112743951,0.0864289415569311,0.9354185775205597,0.40385487143878296,0.02239924669265747
549220,18,1,0.008849976495301712,0.0012043459609624271,7.348367308743309,1.9944781537972807,0.7496898513577157,0.289560546875,0.9696221947669983,3,1.0,1.0,0.6601854664894263,0.3657064133867969,0.9546645195920558,0.08625464112743951,0.0864289415569311,0.9354185775205597,0.40385487143878296,0.02239924669265747
549220,18,2,0.014290529615355539,0.0021106235337113063,6.7707619953694,1.9126136353677987,0.44882587951442987,0.10735677083333334,0.7483386993408203,3,1.0,1.0,0.3586227342592048,0.35153905513161277,0.3657064133867969,0.08625464112743951,0.0864289415569311,0.9354185775205597,0.40385487143878296,0.02239924669265747
433204,4,0,0.004763990450893734,0.0030693158860016934,1.5521342951596644,0.43963094861377905,0.4421472756455859,0.3380305989583333,0.999718427658081,2,0.6666666666666666,0.0,0.9148386017923102,0.8458022011793405,0.98387500240528,0.10199150248002624,0.13422818791946312,0.7885566333406561,0.9007800882714307,0.004311800003051758
433204,4,1,0.004773203380772937,0.003077006061110357,1.5512492612703035,0.4390605815303103,0.43666293842380566,0.333193359375,1.0040302276611328,2,0.6666666666666666,0.0,0.9213415831535552,0.8588081639018305,0.98387500240528,0.10199150248002624,0.13422818791946312,0.7885566333406561,0.9007800882714307,0.004311800003051758
433204,4,2,0.005461569786604651,0.0029076380104178885,1.8783527265628763,0.630395183654161,0.4312783254456547,0.287607421875,0.9986312389373779,2,0.6666666666666666,0.0,0.8523051825405854,0.8458022011793405,0.8588081639018305,0.10199150248002624,0.13422818791946312,0.7885566333406561,0.9007800882714307,0.004311800003051758
433204,1,0,0.0022507445840257447,0.00026100307968894435,8.623440681560822,2.1544841564734676,0.25713553645326553,0.038590494791666666,0.9533416032791138,1,0.3333333333333333,0.0,0.23132047111173942,0.11701331114808652,0.3456276310753923,0.21018350348491213,0.31523264797340117,0.8698342917475272,0.6552332286396727,0.020899951457977295
433204,1,1,0.0014684929624236781,0.0002745381201538314,5.348958302227327,1.6769018327664078,0.23030348506132844,0.05297526041666667,0.9324416518211365,2,0.6666666666666666,0.0,0.4363649435775438,0.3456276310753923,0.5271022560796953,0.21018350348491213,0.31523264797340117,0.8698342917475272,0.6552332286396727,0.020899951457977295
433204,1,2,0.0010251729362595436,0.00030250644388585924,3.388929239660856,1.2205140139668773,0.1481715454465717,0.04882161458333333,0.9053876399993896,2,0.6666666666666666,0.0,0.3220577836138909,0.11701331114808652,0.5271022560796953,0.21018350348491213,0.31523264797340117,0.8698342917475272,0.6552332286396727,0.020899951457977295
305609,54,0,0.01154034377129736,0.0027708427470257246,4.164921946407844,1.4266975351715954,0.3538179542233073,0.11619195608526635,0.7951266765594482,3,1.0,1.0,0.5369967260422415,0.48448942460768707,0.589504027476796,0.24204332303904655,0.2525381361380527,0.9413412561292991,0.4209482757572809,0.009468495845794678
305609,54,1,0.011346497835446931,0.0030297073291428852,3.7450804975646985,1.3204431115031305,0.2736219586729846,0.0913911316160451,0.906244695186615,3,1.0,1.0,0.6111309218111931,0.589504027476796,0.6327578161455903,0.24204332303904655,0.2525381361380527,0.9413412561292991,0.4209482757572809,0.009468495845794678
305609,54,2,0.015139916303532248,0.003089908165339833,4.899794909266289,1.5891933490548982,0.23203035908536288,0.058081293519586484,0.8967761993408203,3,1.0,1.0,0.5586236203766387,0.48448942460768707,0.6327578161455903,0.24204332303904655,0.2525381361380527,0.9413412561292991,0.4209482757572809,0.009468495845794678
305609,1,0,0.0007174518295966409,0.0004881765355529822,1.469656519468496,0.3850287146561502,0.260422946954178,0.19328570208039642,0.7259377837181091,3,1.0,1.0,0.25313735056646747,0.24354280936878508,0.26273189176414985,0.4587242294453238,0.6281965450674604,0.8975495310951691,0.5129426576843623,0.09400379657745361
305609,1,1,0.0008948572992336729,0.0004957615629799158,1.8050154837536483,0.5905691711224166,0.15466483961349414,0.09203458071681832,0.8199415802955627,3,1.0,1.0,0.48776555923284537,0.26273189176414985,0.7127992267015409,0.4587242294453238,0.6281965450674604,0.8975495310951691,0.5129426576843623,0.09400379657745361
305609,1,2,0.0010860911491729752,0.000491579666195159,2.2093898947651,0.7927164126200904,0.14036178310201736,0.06881701482335854,0.7177424430847168,3,1.0,1.0,0.47817101803516304,0.24354280936878508,0.7127992267015409,0.4587242294453238,0.6281965450674604,0.8975495310951691,0.5129426576843623,0.09400379657745361
5001,1,0,0.006499448148823066,0.001879984206208977,3.457182312436625,1.2404538968843424,0.16417075693500133,0.053759765625,0.7953932881355286,2,0.6666666666666666,1.0,0.43738606351853576,0.38436030685473893,0.4904118201823326,0.13555334451976916,0.1956077096236207,0.9552923136687418,0.3021036830700219,0.011126101016998291
5001,1,1,0.0054368285089921,0.001994638090076793,2.7257217904913573,1.002733270469889,0.09921177492606933,0.038837890625,0.8763107657432556,2,0.6666666666666666,1.0,0.584954563592064,0.4904118201823326,0.6794973070017953,0.13555334451976916,0.1956077096236207,0.9552923136687418,0.3021036830700219,0.011126101016998291
5001,1,2,0.005206239611337543,0.0020090987954859154,2.591330809835583,0.9521715701313934,0.09122164429719942,0.03729166666666667,0.8651846647262573,2,0.6666666666666666,1.0,0.5319288069282672,0.38436030685473893,0.6794973070017953,0.13555334451976916,0.1956077096236207,0.9552923136687418,0.3021036830700219,0.011126101016998291
5001,87,0,0.010000665024004207,0.002197022461515011,4.551917513194692,1.5155485757569123,0.14836690454521348,0.03686197916666667,0.8192859292030334,2,0.6666666666666666,1.0,0.3094683847437045,0.1148779811425402,0.5040587883448688,0.11383917491600641,0.12617449664429528,0.948053466613534,0.33988426483807255,0.00658571720123291
5001,87,1,0.010856875799544833,0.0023100148287114155,4.699916061102152,1.5475446493086729,0.08929650792839905,0.020436197916666666,0.8127002120018005,1,0.3333333333333333,1.0,0.3214308389608761,0.1388028895768834,0.5040587883448688,0.11383917491600641,0.12617449664429528,0.948053466613534,0.33988426483807255,0.00658571720123291
5001,87,2,0.008571972111590108,0.0023889356910895766,3.5881970954573057,1.2776498746487985,0.053422252457886905,0.015485026041666667,0.7479383945465088,2,0.6666666666666666,1.0,0.1268404353597118,0.1148779811425402,0.1388028895768834,0.11383917491600641,0.12617449664429528,0.948053466613534,0.33988426483807255,0.00658571720123291
15254,57,0,0.014344680099929546,0.0029962162420520103,4.787598402883547,1.566028908492355,0.5699840906404633,0.21682889344262296,0.7945771217346191,3,1.0,1.0,0.23832343662440575,0.15426546283014092,0.3223814104186706,0.34299303699382594,0.47609594643951914,0.9322805008476664,0.4656685921766829,0.08617651462554932
15254,57,1,0.03302403913963372,0.0033844635154398825,9.757540295299655,2.2780403497689607,0.42314799443137097,0.06992096018735364,0.9134198427200317,3,1.0,1.0,0.40030635146783866,0.3223814104186706,0.4782312925170068,0.34299303699382594,0.47609594643951914,0.9322805008476664,0.4656685921766829,0.08617651462554932
15254,57,2,0.03993237963896467,0.004263805489710838,9.365431825152832,2.2370254453922414,0.24477427006042993,0.03344920960187354,0.8272433280944824,3,1.0,1.0,0.31624837767357383,0.15426546283014092,0.4782312925170068,0.34299303699382594,0.47609594643951914,0.9322805008476664,0.4656685921766829,0.08617651462554932
15254,51,0,0.002277770148073986,0.001102313392751799,2.066354415164493,0.7257859029702678,0.6221857726421703,0.44350483021077286,0.8586694002151489,3,1.0,1.0,0.23273887495982892,0.17757937302318133,0.2878983768964765,0.2763870956299092,0.3238518629217863,0.9598816221238589,0.31468159845629906,0.04497402906417847
15254,51,1,0.0021941612004347942,0.001513672222249544,1.4495616466584686,0.37126119853322537,0.21837432311748722,0.16159250585480095,0.8136953711509705,2,0.6666666666666666,0.0,0.41292061325440577,0.2878983768964765,0.537942849612335,0.2763870956299092,0.3238518629217863,0.9598816221238589,0.31468159845629906,0.04497402906417847
15254,51,2,0.0024677512517060247,0.0015354044073116718,1.60723210012114,0.4745135074229322,0.14383039433465747,0.09463187939110071,0.7516882419586182,2,0.6666666666666666,0.0,0.3577611113177581,0.17757937302318133,0.537942849612335,0.2763870956299092,0.3238518629217863,0.9598816221238589,0.31468159845629906,0.04497402906417847
318238,65,0,0.007628162788954083,0.0026989092425624183,2.8263872922548923,1.038999321095082,0.7180267483175897,0.4739474372384937,0.8588752150535583,3,1.0,1.0,0.291998703759959,0.280116789929623,0.303880617590295,0.2530990870779446,0.36617431005049716,0.9587425912054626,0.3115849226056796,0.010419189929962158
318238,65,1,0.013117782941387275,0.0036709233491415494,3.5734287235611877,1.2735255617209245,0.3762177495985139,0.14440703451882844,0.9437639117240906,3,1.0,1.0,0.609844881986474,0.303880617590295,0.915809146382653,0.2530990870779446,0.36617431005049716,0.9587425912054626,0.3115849226056796,0.010419189929962158
318238,65,2,0.013384619489147785,0.003746336202438147,3.572722457974872,1.2733278985100285,0.35544766358587987,0.13371469665271968,0.9541831016540527,3,1.0,1.0,0.597962968156138,0.280116789929623,0.915809146382653,0.2530990870779446,0.36617431005049716,0.9587425912054626,0.3115849226056796,0.010419189929962158
318238,18,0,0.011883383553969812,0.000991919201829069,11.980193064190127,2.483254708183347,0.8258670084428684,0.28360682531380754,0.9475913047790527,3,1.0,1.0,0.8022655952651722,0.6963066489483573,0.9082245415819871,0.2510744134181879,0.33480971727123277,0.9237836314476557,0.4601443757144779,0.02674812078475952
318238,18,1,0.012398087639176379,0.0011638469301886796,10.652678893532638,2.3658113999042256,0.7888522219281777,0.25964958158995816,0.9743394255638123,3,1.0,1.0,0.8359400216274282,0.7636555016728694,0.9082245415819871,0.2510744134181879,0.33480971727123277,0.9237836314476557,0.4601443757144779,0.02674812078475952
318238,18,2,0.013113090137368002,0.0018167892386039136,7.2177277647388784,1.976540189423057,0.6440255042681027,0.20042167887029289,0.9418299198150635,3,1.0,1.0,0.7299810753106133,0.6963066489483573,0.7636555016728694,0.2510744134181879,0.33480971727123277,0.9237836314476557,0.4601443757144779,0.02674812078475952
433980,77,0,0.002815064958770063,0.002267817139458775,1.241310381047998,0.21616758090521948,0.9498219734705393,0.9384586666666667,0.8096039295196533,3,1.0,1.0,0.10582742766863111,0.037434431493342274,0.17422042384391995,0.11328055514376638,0.1262029252764738,0.8809408200936463,0.6520043646714749,0.01890331506729126
433980,77,1,0.011728292970475436,0.0010326658200470464,11.357297522042337,2.429860490890545,0.6894260093568935,0.16349866666666665,0.8222989439964294,3,1.0,1.0,0.19142967710012576,0.17422042384391995,0.20863893035633155,0.11328055514376638,0.1262029252764738,0.8809408200936463,0.6520043646714749,0.01890331506729126
433980,77,2,0.026179314234551464,0.0019294735277142238,13.568112671645213,2.6077223832724,0.33066124734192887,0.035130666666666664,0.8412022590637207,3,1.0,1.0,0.12303668092483691,0.037434431493342274,0.20863893035633155,0.11328055514376638,0.1262029252764738,0.8809408200936463,0.6520043646714749,0.01890331506729126
433980,1,0,0.002139717156478246,0.000667261907855751,3.20671257879462,1.1652462940857795,0.9801955354742394,0.939152,0.9045930504798889,3,1.0,1.0,0.16484942444531522,0.06860089385601763,0.2610979550346128,0.19562823001136276,0.27499610055760754,0.9664426551585392,0.2501053803649209,0.08430987596511841
433980,1,1,0.003994383148838425,0.0014184830089384256,2.815954171359314,1.0353011640384748,0.47775973200162064,0.24521066666666666,0.7657303810119629,2,0.6666666666666666,0.0,0.24655143910800328,0.23200492318139376,0.2610979550346128,0.19562823001136276,0.27499610055760754,0.9664426551585392,0.2501053803649209,0.08430987596511841
433980,1,2,0.005075525207011022,0.0018417818972035341,2.7557688627310686,1.0136964828978337,0.15950236051825098,0.06442666666666666,0.8202831745147705,3,1.0,1.0,0.1503029085187057,0.06860089385601763,0.23200492318139376,0.19562823001136276,0.27499610055760754,0.9664426551585392,0.2501053803649209,0.08430987596511841
255664,18,0,0.026775521866062944,0.0020212856413005724,13.246777845603145,2.5837543414322584,0.6481972099976527,0.12210666666666667,0.9888004660606384,3,1.0,1.0,0.8969606851279655,0.8505415793151643,0.9433797909407665,0.13451477706233528,0.18203095806142613,0.8928837323395873,0.5623545636830354,0.0055381059646606445
255664,18,1,0.027699375465968828,0.0020749230228419182,13.349591839161718,2.5914858105694067,0.6362947320403114,0.11586666666666667,0.9943385720252991,3,1.0,1.0,0.9199062360917871,0.8964326812428078,0.9433797909407665,0.13451477706233528,0.18203095806142613,0.8928837323395873,0.5623545636830354,0.0055381059646606445
255664,18,2,0.029843993236188835,0.002169483873441537,13.756264145485387,2.6214942946207804,0.6145581247025862,0.10386666666666666,0.9238409996032715,3,1.0,1.0,0.8734871302789861,0.8505415793151643,0.8964326812428078,0.13451477706233528,0.18203095806142613,0.8928837323395873,0.5623545636830354,0.0055381059646606445
255664,34,0,0.004389372161003937,0.011172803032614994,0.39286221620464223,-0.934296323256942,0.6900128225591661,0.849984,0.9865409135818481,3,1.0,1.0,0.49839496753554013,0.10344222428360117,0.8933477107874791,0.10199150248002618,0.134228187919463,0.9409333414241866,0.4497127573624907,0.015797853469848633
255664,34,1,0.004021686074322129,0.009811047390452712,0.40991404014884103,-0.8918077991900373,0.565814356523095,0.7607146666666667,0.9707430601119995,2,0.6666666666666666,0.0,0.5022356104379923,0.11112351008850545,0.8933477107874791,0.10199150248002618,0.134228187919463,0.9409333414241866,0.4497127573624907,0.015797853469848633
255664,34,2,0.010014573990353952,0.0049570807258272455,2.020256385205921,0.7032244268281463,0.16476738897712007,0.08896,0.8065358400344849,2,0.6666666666666666,1.0,0.10728286718605332,0.10344222428360117,0.11112351008850545,0.10199150248002618,0.134228187919463,0.9409333414241866,0.4497127573624907,0.015797853469848633
172595,27,0,0.009826843806547818,0.0011493458474355672,8.549945014308472,2.1459248519547187,0.39859144883389913,0.07194010416666667,0.829055666923523,3,1.0,1.0,0.31223217582357227,0.12449440875565072,0.4999699428914938,0.2550003303439405,0.3793783462844374,0.9176945594346543,0.5234030910334821,0.01795727014541626
172595,27,1,0.015077866090364222,0.0012716318925627488,11.857099658078214,2.4729268155063617,0.3090927257865641,0.036358506944444445,0.8470129370689392,2,0.6666666666666666,1.0,0.3686721319681091,0.23737432104472436,0.4999699428914938,0.2550003303439405,0.3793783462844374,0.9176945594346543,0.5234030910334821,0.01795727014541626
172595,27,2,0.01853181672184588,0.0016024013634390291,11.565028046723816,2.447985720872669,0.10566576571341926,0.010112847222222223,0.7250897884368896,1,0.3333333333333333,1.0,0.18093436490018755,0.12449440875565072,0.23737432104472436,0.2550003303439405,0.3793783462844374,0.9176945594346543,0.5234030910334821,0.01795727014541626
172595,73,0,0.01406905317946468,0.0022698169001129117,6.198320742332343,1.8242784074252645,0.21348161599624277,0.041953125,0.7887959480285645,2,0.6666666666666666,1.0,0.5948415309199668,0.3588788913020995,0.8308041705378342,0.09091375301026405,0.1262832699583508,0.9415122862588994,0.3848790194356746,0.13191276788711548
172595,73,1,0.014648529593240976,0.002333539840932518,6.277385682478776,1.8369536012756333,0.1855506875056326,0.03502170138888889,0.9712153077125549,2,0.6666666666666666,1.0,0.624457251751286,0.4181103329647377,0.8308041705378342,0.09091375301026405,0.1262832699583508,0.9415122862588994,0.3848790194356746,0.13191276788711548
172595,73,2,0.020742569423268322,0.0024896917865887187,8.331380424947147,2.1200291597779395,0.11308790410430952,0.015073784722222223,0.8393025398254395,2,0.6666666666666666,1.0,0.3884946121334186,0.3588788913020995,0.4181103329647377,0.09091375301026405,0.1262832699583508,0.9415122862588994,0.3848790194356746,0.13191276788711548
109900,8,0,0.03442308495264957,0.0018480945399736957,18.626257580152398,2.924572283097236,0.5795853095328434,0.06891344142259415,0.9446545839309692,2,0.6666666666666666,1.0,0.8171827217176981,0.6538607474862455,0.9805046959491509,0.11971543120767288,0.13808228007001977,0.8528237838407494,0.7645536624603699,0.007153213024139404
109900,8,1,0.03468006277103353,0.0018764078121527215,18.4821564523143,2.91680575057704,0.5725285302248686,0.06756995292887029,0.9518077969551086,2,0.6666666666666666,1.0,0.8223943426618491,0.6642839893745472,0.9805046959491509,0.11971543120767288,0.13808228007001977,0.8528237838407494,0.7645536624603699,0.007153213024139404
109900,8,2,0.038288437345211986,0.0024789959861740685,15.445138896275056,2.7372943193167347,0.42162338256256326,0.04507060669456067,0.7397598028182983,1,0.3333333333333333,0.0,0.6590723684303963,0.6538607474862455,0.6642839893745472,0.11971543120767288,0.13808228007001977,0.8528237838407494,0.7645536624603699,0.007153213024139404
109900,5,0,0.005930771173774033,0.0038635042840243048,1.5350756039699134,0.42857963339545885,0.4666594363020162,0.3630524320083682,0.9039588570594788,1,0.3333333333333333,0.0,0.013578447599023661,0.0035011712551321125,0.02365572394291521,0.18026522462829184,0.25812537378571254,0.8604528323950765,0.7287501419778069,0.002214789390563965
109900,5,1,0.04636251631350929,0.0034273919696369243,13.527054013869787,2.6046916811619627,0.27771048328044023,0.027637944560669456,0.9061736464500427,2,0.6666666666666666,1.0,0.11434317822015864,0.0035011712551321125,0.22518518518518518,0.18026522462829184,0.25812537378571254,0.8604528323950765,0.7287501419778069,0.002214789390563965
109900,5,2,0.05738324772992349,0.0037769579677194034,15.192980225135935,2.7208334939008996,0.19420125353188625,0.015615193514644351,0.8042908906936646,2,0.6666666666666666,1.0,0.1244204545640502,0.02365572394291521,0.22518518518518518,0.18026522462829184,0.25812537378571254,0.8604528323950765,0.7287501419778069,0.002214789390563965
388846,1,0,0.0004061046722250699,6.290974877921218e-05,6.4553534809840025,1.8649097860648058,0.9210267650684515,0.6437024297423888,0.952467679977417,3,1.0,1.0,0.8806771005323712,0.8307032232239004,0.9306509778408422,0.26208384044955324,0.38513481538915784,0.9201875100605235,0.4152730186807726,0.0008429884910583496
388846,1,1,0.0004169345089112272,7.034339022501424e-05,5.927131200961557,1.7795403211092438,0.9048160862647822,0.6159470140515223,0.9605230689048767,2,0.6666666666666666,1.0,0.9062263801987112,0.8818017825565801,0.9306509778408422,0.26208384044955324,0.38513481538915784,0.9201875100605235,0.4152730186807726,0.0008429884910583496
388846,1,2,0.0004472859845801709,8.843141608054673e-05,5.0579986089419515,1.6209708754620797,0.8580776101965977,0.5444928278688524,0.9596800804138184,2,0.6666666666666666,1.0,0.8562525028902404,0.8307032232239004,0.8818017825565801,0.26208384044955324,0.38513481538915784,0.9201875100605235,0.4152730186807726,0.0008429884910583496
388846,62,0,0.0010558168895947679,0.0014087477137713327,0.7494719448514936,-0.2883863930121601,0.519825573025461,0.5909104215456674,0.9439140558242798,3,1.0,1.0,0.7525435952971788,0.7425584843694472,0.7625287062249106,0.4202792919821606,0.6173776367651683,0.9349830651768825,0.42977770717063085,0.0005983710289001465
388846,62,1,0.001132317758953588,0.0012598782163896355,0.8987517549907782,-0.10674841636380335,0.44140349037922455,0.46786446135831383,0.9551827311515808,2,0.6666666666666666,1.0,0.860658680694218,0.7625287062249106,0.9587886551635253,0.4202792919821606,0.6173776367651683,0.9349830651768825,0.42977770717063085,0.0005983710289001465
388846,62,2,0.0010595069907573702,0.001315198518036627,0.8055871227207975,-0.21618392146776685,0.3970430968362498,0.4497658079625293,0.955781102180481,1,0.3333333333333333,0.0,0.8506735697664862,0.7425584843694472,0.9587886551635253,0.4202792919821606,0.6173776367651683,0.9349830651768825,0.42977770717063085,0.0005983710289001465
401991,17,0,0.0019291058536600365,0.0008496111554385644,2.2705750025064915,0.8200331050043128,0.7654017111332116,0.5896437994722955,0.7582806348800659,3,1.0,1.0,0.4811231047979824,0.36635072081685605,0.5958954887791088,0.3847915821788835,0.5714285714285714,0.9397875151533356,0.4443467461950982,0.1473340392112732
401991,17,1,0.0027973612026985194,0.0007487132043413736,3.736225276570447,1.3180758177740648,0.6775431914744383,0.35995217678100266,0.7677578330039978,3,1.0,1.0,0.5750824923884014,0.5542694959976939,0.5958954887791088,0.3847915821788835,0.5714285714285714,0.9397875151533356,0.4443467461950982,0.1473340392112732
401991,17,2,0.004247912841590253,0.0007161463358567162,5.931626851901581,1.7802985182678024,0.6231719821252767,0.2180161609498681,0.915091872215271,3,1.0,1.0,0.460310108407275,0.36635072081685605,0.5542694959976939,0.3847915821788835,0.5714285714285714,0.9397875151533356,0.4443467461950982,0.1473340392112732
401991,18,0,0.016310320925072175,0.0007547044002975825,21.611535452859986,3.073227220941669,0.8016312971188276,0.15753215699208442,0.7521162629127502,3,1.0,1.0,0.7311412927190529,0.4785082339431584,0.9837743514949474,0.14568370214312576,0.21852555321468864,0.8979298341391018,0.5454626692026954,0.03919023275375366
401991,18,1,0.016415326383576512,0.00075445891778451,21.757747141518102,3.0799698845894907,0.8014503044167928,0.1564891160949868,0.885120689868927,3,1.0,1.0,0.731235908082756,0.4786974646705645,0.9837743514949474,0.14568370214312576,0.21852555321468864,0.8979298341391018,0.5454626692026954,0.03919023275375366
401991,18,2,0.01955096505677884,0.0018602502052583003,10.509857755158414,2.3523136506104,0.4637419906357405,0.07602655013192612,0.9243109226226807,3,1.0,1.0,0.4786028493068615,0.4785082339431584,0.4786974646705645,0.14568370214312576,0.21852555321468864,0.8979298341391018,0.5454626692026954,0.03919023275375366
562059,51,0,0.010235865922734446,0.0016204844229701651,6.3165469357963415,1.8431726880231811,0.4969555667574921,0.13524590163934427,0.796515703201294,3,1.0,1.0,0.525035964238762,0.37523295070898044,0.6748389777685435,0.24309618323477325,0.3287595073689567,0.9440602031507749,0.3823026838945245,0.008330106735229492
562059,51,1,0.011309396156929713,0.0018308922244075873,6.176986280233973,1.820830495694646,0.40895458870521006,0.10073185011709603,0.9219677448272705,3,1.0,1.0,0.587320070931197,0.49980116409385056,0.6748389777685435,0.24309618323477325,0.3287595073689567,0.9440602031507749,0.3823026838945245,0.008330106735229492
562059,51,2,0.013372498301649447,0.0022158442093079323,6.034945164214,1.7975667682887113,0.24518661287819649,0.05107581967213115,0.913637638092041,2,0.6666666666666666,0.0,0.4375170574014155,0.37523295070898044,0.49980116409385056,0.24309618323477325,0.3287595073689567,0.9440602031507749,0.3823026838945245,0.008330106735229492
562059,50,0,0.008411163472951795,0.0025781803743862427,3.2624418187543225,1.1824759392766773,0.4335931094306888,0.19005049765807963,0.9003559947013855,3,1.0,1.0,0.23892408488721373,0.2374567141208157,0.24039145565361172,0.18093326050508507,0.2704890108532269,0.9355389218821845,0.46795850521673404,0.0014470219612121582
562059,50,1,0.028587859899097078,0.0024854461281670235,11.502104014090243,2.4425299764164343,0.3568684413246079,0.04602239461358314,0.9646766781806946,3,1.0,1.0,0.6125236018926351,0.24039145565361172,0.9846557481316585,0.18093326050508507,0.2704890108532269,0.9355389218821845,0.46795850521673404,0.0014470219612121582
562059,50,2,0.02882577791306553,0.002493260445511364,11.561478847265764,2.4476787830610047,0.3543737546269996,0.04532347775175644,0.9661237001419067,3,1.0,1.0,0.6110562311262371,0.2374567141208157,0.9846557481316585,0.18093326050508507,0.2704890108532269,0.9355389218821845,0.46795850521673404,0.0014470219612121582
170893,18,0,0.02591584662828161,0.0025053189364754175,10.344330312849,2.3364385737949958,0.7103998623241953,0.19168294270833333,0.9166507720947266,3,1.0,1.0,0.6507663518585067,0.3260586374325399,0.9754740662844736,0.15379872591348645,0.19082536745768727,0.9226352095992181,0.43458527744487685,0.02807062864303589
170893,18,1,0.026384476751187023,0.002519130688060217,10.473643493672801,2.3488619580496186,0.7072788071249105,0.187451171875,0.9208775162696838,3,1.0,1.0,0.6545709518577411,0.33366783743100853,0.9754740662844736,0.15379872591348645,0.19082536745768727,0.9226352095992181,0.43458527744487685,0.02807062864303589
170893,18,2,0.03990644384134459,0.004762226896634934,8.379786326679087,2.125822416184315,0.36219596541005666,0.063466796875,0.9489481449127197,3,1.0,1.0,0.3298632374317742,0.3260586374325399,0.33366783743100853,0.15379872591348645,0.19082536745768727,0.9226352095992181,0.43458527744487685,0.02807062864303589
170893,70,0,0.020372741687683438,0.006559256949674511,3.105952677397161,1.1333204887925337,0.5081899697926731,0.24963541666666667,0.9245840907096863,3,1.0,1.0,0.446132323871162,0.3146652096423786,0.5775994380999454,0.17551387013061012,0.22874678776479293,0.9581678552515263,0.3688389731030905,0.023284494876861572
170893,70,1,0.03245626100468036,0.006194808645344003,5.2392677252161945,1.65618174150208,0.4708605245510491,0.145185546875,0.9769095778465271,3,1.0,1.0,0.5615555116372537,0.5455115851745619,0.5775994380999454,0.17551387013061012,0.22874678776479293,0.9581678552515263,0.3688389731030905,0.023284494876861572
170893,70,2,0.03893158026069219,0.007515472395726177,5.180190705996234,1.6448418714487807,0.3085950383510255,0.079326171875,0.9536250829696655,3,1.0,1.0,0.43008839740847027,0.3146652096423786,0.5455115851745619,0.17551387013061012,0.22874678776479293,0.9581678552515263,0.3688389731030905,0.023284494876861572
450559,41,0,0.01082529024696111,0.004940476785483818,2.191142821797482,0.7844232442487078,0.32121738041247877,0.1776127049180328,0.7259224057197571,3,1.0,1.0,0.08439825981872864,0.08299516154206336,0.08580135809539392,0.1504918275565088,0.22275009218596512,0.9079583210975205,0.5247551767254479,0.00022345781326293945
450559,41,1,0.05504502641460289,0.004701310691258211,11.708442606281517,2.460310171881257,0.23461353981731214,0.02551229508196721,0.923237144947052,2,0.6666666666666666,0.0,0.36548556532259796,0.08299516154206336,0.6479759691031326,0.1504918275565088,0.22275009218596512,0.9079583210975205,0.5247551767254479,0.00022345781326293945
450559,41,2,0.058800496000065254,0.005091660863189977,11.548392080394322,2.4465462134749925,0.1635213769748723,0.016645930913348945,0.9234606027603149,2,0.6666666666666666,0.0,0.36688866359926325,0.08580135809539392,0.6479759691031326,0.1504918275565088,0.22275009218596512,0.9079583210975205,0.5247551767254479,0.00022345781326293945
450559,1,0,0.0036717614746272225,0.00038084916348865523,9.64098603066936,2.2660233890031596,0.5249986295919561,0.10285055620608899,0.9543707966804504,2,0.6666666666666666,0.0,0.5605535740347678,0.350412166003411,0.7706949820661245,0.15657234235161313,0.19688959758604183,0.9016908688602229,0.5208075406347019,0.0655788779258728
450559,1,1,0.004217851654087355,0.0004167401654076918,10.121058621359484,2.314618265479196,0.4667664587594975,0.07960333723653396,0.8887919187545776,2,0.6666666666666666,0.0,0.5582428991963275,0.34579081632653064,0.7706949820661245,0.15657234235161313,0.19688959758604183,0.9016908688602229,0.5208075406347019,0.0655788779258728
450559,1,2,0.004882066665065902,0.0005628673055758163,8.673565879613411,2.1602799959004035,0.24584662182953673,0.03622292154566745,0.7965396642684937,2,0.6666666666666666,0.0,0.3481014911649708,0.34579081632653064,0.350412166003411,0.15657234235161313,0.19688959758604183,0.9016908688602229,0.5208075406347019,0.0655788779258728
105912,1,0,0.0013673161613639176,0.0007764526829592349,1.760978086123409,0.5658693861722089,0.5788460163177318,0.4383573333333333,0.9832035303115845,2,0.6666666666666666,0.0,0.747748984637253,0.7014564874377959,0.7940414818367102,0.23962893403903543,0.3060790416141568,0.9316483930618288,0.4377440368198801,0.013639867305755615
105912,1,1,0.0014506107797448249,0.0008022164129318835,1.8082536763801456,0.5923615605495217,0.5039540839082379,0.359728,0.9695636630058289,2,0.6666666666666666,0.0,0.8248313918059291,0.7940414818367102,0.855621301775148,0.23962893403903543,0.3060790416141568,0.9316483930618288,0.4377440368198801,0.013639867305755615
105912,1,2,0.0014997086420884534,0.0008275836058385343,1.8121536358332604,0.594515992680736,0.44795258304324553,0.30928533333333336,0.9666119813919067,2,0.6666666666666666,0.0,0.778538894606472,0.7014564874377959,0.855621301775148,0.23962893403903543,0.3060790416141568,0.9316483930618288,0.4377440368198801,0.013639867305755615
105912,11,0,0.04828262741091254,0.004079215205812523,11.836254025107031,2.471167196402297,0.523012215635704,0.084784,0.9735617637634277,3,1.0,1.0,0.8790804453110259,0.7965909805648154,0.9615699100572364,0.11430673049549149,0.17144959021418998,0.9293068562362846,0.4998642526370094,0.010411381721496582
105912,11,1,0.04909278557308754,0.00416309043320257,11.792389896159234,2.467454399384711,0.5114826699885722,0.08154666666666667,0.9839731454849243,3,1.0,1.0,0.8950099386780623,0.8284499672988882,0.9615699100572364,0.11430673049549149,0.17144959021418998,0.9293068562362846,0.4998642526370094,0.010411381721496582
105912,11,2,0.050091514797085575,0.004764805711619889,10.512813704956537,2.3525948660111555,0.4323581987132451,0.06755733333333333,0.920640230178833,3,1.0,1.0,0.8125204739318518,0.7965909805648154,0.8284499672988882,0.11430673049549149,0.17144959021418998,0.9293068562362846,0.4998642526370094,0.010411381721496582
26465,73,0,0.012748611233470914,0.004890747244868208,2.606679632491982,0.9580772400569625,0.5807345666875893,0.346992,0.9197586178779602,3,1.0,1.0,0.5296046569041842,0.5293521490103343,0.5298571647980341,0.2906508421677508,0.37994371250221787,0.9404070684145288,0.3738708986655824,0.02401965856552124
26465,73,1,0.013511079740068281,0.006286121230944287,2.1493508065687315,0.7651658461842259,0.32681880170306365,0.184256,0.9925573468208313,3,1.0,1.0,0.7636708116891717,0.5298571647980341,0.9974844585803094,0.2906508421677508,0.37994371250221787,0.9404070684145288,0.3738708986655824,0.02401965856552124
26465,73,2,0.013506840647441894,0.006287692319261686,2.1481395652769084,0.7646021491336022,0.32659332308350497,0.18418666666666667,0.9685376882553101,3,1.0,1.0,0.7634183037953219,0.5293521490103343,0.9974844585803094,0.2906508421677508,0.37994371250221787,0.9404070684145288,0.3738708986655824,0.02401965856552124
26465,62,0,0.003518697397459628,0.004100478158153457,0.858118800024547,-0.1530127272278256,0.42943278767051446,0.46725866666666666,0.9414966106414795,3,1.0,1.0,0.4721609733045111,0.2581312234484929,0.6861907231605294,0.26761057315085673,0.39307111495955244,0.9680154739076928,0.26412404379485876,0.01795560121536255
26465,62,1,0.0036516938403667243,0.003915931832655944,0.9325223204811188,-0.06986219130400495,0.31509988756534346,0.330368,0.9235410094261169,3,1.0,1.0,0.4229351443730442,0.15967956558555896,0.6861907231605294,0.26761057315085673,0.39307111495955244,0.9680154739076928,0.26412404379485876,0.01795560121536255
26465,62,2,0.0052664818767731835,0.0036141906901440307,1.457167683398061,0.3764946089057737,0.17852810189247217,0.12978666666666666,0.837078332901001,3,1.0,1.0,0.20890539451702592,0.15967956558555896,0.2581312234484929,0.26761057315085673,0.39307111495955244,0.9680154739076928,0.26412404379485876,0.01795560121536255
341469,33,0,0.017560133945925673,0.0025418940818419545,6.908287038574257,1.9327217110957169,0.6716882005871454,0.2284839989059081,0.9159892797470093,3,1.0,1.0,0.5906297369039109,0.48373455268152,0.6975249211263016,0.21454701956891017,0.26304927987443844,0.9329454028814422,0.4265930994108557,0.02177637815475464
341469,33,1,0.020978515378397983,0.003043561510347928,6.892752224714212,1.9304704573765197,0.5737076570824026,0.1633547592997812,0.8942129015922546,3,1.0,1.0,0.684428544042281,0.6713321669582605,0.6975249211263016,0.21454701956891017,0.26304927987443844,0.9329454028814422,0.4265930994108557,0.02177637815475464
341469,33,2,0.02162374740731817,0.004019170172099448,5.380152239396886,1.6827166711052446,0.40183491887724637,0.11100246170678336,0.7353633642196655,3,1.0,1.0,0.5775333598198902,0.48373455268152,0.6713321669582605,0.21454701956891017,0.26304927987443844,0.9329454028814422,0.4265930994108557,0.02177637815475464
341469,2,0,0.007102643911002188,0.0019053594083783445,3.7277187054801093,1.3157964395787034,0.3561218504202105,0.12920199671772428,0.8727381229400635,2,0.6666666666666666,1.0,0.33158500874343894,0.32769830949284784,0.33547170799403003,0.11598900199530182,0.17150285101563922,0.915654416876244,0.5395189066789339,0.023149311542510986
341469,2,1,0.01736700720646125,0.001702590847904363,10.200340978948127,2.3224211490976985,0.37615319106617534,0.05581236323851203,0.8495888113975525,3,1.0,1.0,0.4862223381085265,0.32769830949284784,0.6447463667242052,0.11598900199530182,0.17150285101563922,0.915654416876244,0.5395189066789339,0.023149311542510986
341469,2,2,0.016498793522306744,0.0019181162269248295,8.601560886722933,2.1519436853073755,0.28926751841033344,0.045179157549234135,0.6721761226654053,3,1.0,1.0,0.4901090373591176,0.33547170799403003,0.6447463667242052,0.11598900199530182,0.17150285101563922,0.915654416876244,0.5395189066789339,0.023149311542510986
173008,1,0,0.0032599295447513065,0.0004615845025903654,7.062476143359312,1.9547957188421845,0.6915343988733277,0.240947265625,0.7722020149230957,3,1.0,1.0,0.15365303477469094,0.11662370264397447,0.1906823669054074,0.1067922511957324,0.13325441192440432,0.8975763079444264,0.5714020525998587,0.0019602179527282715
173008,1,1,0.007350047721266879,0.0008334038721163129,8.819310730802279,2.1769437186658895,0.3003175200522877,0.04640950520833333,0.887779176235199,2,0.6666666666666666,0.0,0.38994512672492787,0.1906823669054074,0.5892078865444483,0.1067922511957324,0.13325441192440432,0.8975763079444264,0.5714020525998587,0.0019602179527282715
173008,1,2,0.009669811472052797,0.0008866678522958635,10.905787816834465,2.3892936407820837,0.241517029741384,0.028369140625,0.8858189582824707,3,1.0,1.0,0.3529157945942114,0.11662370264397447,0.5892078865444483,0.1067922511957324,0.13325441192440432,0.8975763079444264,0.5714020525998587,0.0019602179527282715
173008,52,0,0.01646659713341372,0.002574789419177577,6.395318003240071,1.8555661607105627,0.6589124945298832,0.23198893229166667,0.9389123916625977,3,1.0,1.0,0.6497643309816434,0.6344235383255462,0.6651051236377408,0.12159227658045492,0.18206198423460423,0.8635113321515991,0.6889343749151458,0.006479203701019287
173008,52,1,0.017739696327525263,0.0036159929901857374,4.90589898010509,1.5904383545891665,0.4726262108893697,0.15445963541666666,0.9324331879615784,3,1.0,1.0,0.80905414243004,0.6651051236377408,0.9530031612223393,0.12159227658045492,0.18206198423460423,0.8635113321515991,0.6889343749151458,0.006479203701019287
173008,52,2,0.014704875863982161,0.004260051467182784,3.4518070905502087,1.2388978883412693,0.37335960268663465,0.14720052083333332,0.8876316547393799,2,0.6666666666666666,0.0,0.7937133497739428,0.6344235383255462,0.9530031612223393,0.12159227658045492,0.18206198423460423,0.8635113321515991,0.6889343749151458,0.006479203701019287
196009,50,0,0.011958204692399856,0.007921052931052283,1.5096736248297709,0.4118934850514612,0.5422220336176772,0.43964518229166666,0.7557530999183655,2,0.6666666666666666,1.0,0.08400904586484287,0.06320379652182927,0.10481429520785646,0.2040503046552367,0.3006711409395973,0.9292516750574499,0.5229282946003297,0.09318363666534424
196009,50,1,0.0732736152277209,0.006531358833041002,11.218739789004358,2.417585575529472,0.3583237329155811,0.047415364583333335,1.000427007675171,3,1.0,1.0,0.34586451407378954,0.10481429520785646,0.5869147329397226,0.2040503046552367,0.3006711409395973,0.9292516750574499,0.5229282946003297,0.09318363666534424
196009,50,2,0.08988757365359132,0.007400451607362945,12.146228150727055,2.497018681331749,0.2579898519492735,0.027828776041666666,0.9072433710098267,2,0.6666666666666666,1.0,0.32505926473077595,0.06320379652182927,0.5869147329397226,0.2040503046552367,0.3006711409395973,0.9292516750574499,0.5229282946003297,0.09318363666534424
196009,57,0,0.029771952189114638,0.002803713860134475,10.61875557339076,2.3626218313347236,0.8906559838630047,0.4340950520833333,0.9888945817947388,3,1.0,1.0,0.8700931095956028,0.8629403961598129,0.8772458230313929,0.3431775610781675,0.42180384010907773,0.9462931100400581,0.341298465844888,0.0088387131690979
196009,57,1,0.0331708350344043,0.002999690229654411,11.058086830241724,2.403162000170596,0.8721437189160957,0.38151692708333335,0.9977332949638367,3,1.0,1.0,0.9299559661874017,0.8772458230313929,0.9826661093434107,0.3431775610781675,0.42180384010907773,0.9462931100400581,0.341298465844888,0.0088387131690979
196009,57,2,0.03339121164498017,0.003178914190131871,10.503967593126832,2.3517530518321226,0.86309118154774,0.37506510416666666,0.9886989593505859,3,1.0,1.0,0.9228032527516118,0.8629403961598129,0.9826661093434107,0.3431775610781675,0.42180384010907773,0.9462931100400581,0.341298465844888,0.0088387131690979
345252,76,0,0.004429611549516952,0.0042696330375380865,1.0374689134955826,0.036784010003749215,0.19884702799037446,0.1930519311064718,0.951775312423706,1,0.3333333333333333,0.0,0.40907177446298293,0.40194391009415814,0.4161996388318077,0.2080700267781079,0.2581691440163531,0.9368575254832245,0.42470733064931254,0.02632206678390503
345252,76,1,0.00847794526547052,0.003455187924103304,2.4536857181847913,0.8975912690057611,0.33178261938534787,0.16829984342379958,0.925453245639801,2,0.6666666666666666,0.0,0.4790887896868701,0.40194391009415814,0.556233669279582,0.2080700267781079,0.2581691440163531,0.9368575254832245,0.42470733064931254,0.02632206678390503
345252,76,2,0.008075968045212772,0.003863725080501,2.090202557081359,0.7372609786681772,0.19473108426831606,0.10369585073068893,0.745398759841919,1,0.3333333333333333,0.0,0.4862166540556948,0.4161996388318077,0.556233669279582,0.2080700267781079,0.2581691440163531,0.9368575254832245,0.42470733064931254,0.02632206678390503
345252,73,0,0.003820793958412099,0.0028483025609773553,1.3414284035048645,0.29373501924383394,0.37601432170083665,0.30997520876826723,0.9313986301422119,2,0.6666666666666666,0.0,0.6333164756948817,0.5511346165672468,0.7154983348225165,0.2646941787201537,0.37866646954906424,0.918078405391077,0.5138150270920615,0.004836678504943848
345252,73,1,0.0033732719996158685,0.0030787155641759482,1.0956751048299866,0.09137070767716311,0.25827382080088845,0.24115996868475992,0.9654548168182373,2,0.6666666666666666,0.0,0.7362786783724724,0.7154983348225165,0.7570590219224284,0.2646941787201537,0.37866646954906424,0.918078405391077,0.5138150270920615,0.004836678504943848
345252,73,2,0.0036902240676757784,0.0030281309058489718,1.2186474697409204,0.19774161266993331,0.21520978269011423,0.18368997912317328,0.9606181383132935,1,0.3333333333333333,0.0,0.6540968192448375,0.5511346165672468,0.7570590219224284,0.2646941787201537,0.37866646954906424,0.918078405391077,0.5138150270920615,0.004836678504943848
32570,1,0,0.007852184131404271,0.0009053740178128937,8.672862229578756,2.1601988667246914,0.21075830166264106,0.029870462529274003,0.8731827735900879,3,1.0,1.0,0.7663258199001008,0.5901060070671378,0.9425456327330638,0.12500771284500775,0.17013481552383325,0.9374363898864867,0.45465531548377597,0.0018687844276428223
32570,1,1,0.00790055083336799,0.0009162402552590147,8.622793835348094,2.154409143118852,0.19987292695681944,0.02815427400468384,0.8971959948539734,3,1.0,1.0,0.7617352441121966,0.5809248554913294,0.9425456327330638,0.12500771284500775,0.17013481552383325,0.9374363898864867,0.45465531548377597,0.0018687844276428223
32570,1,2,0.00832673953879447,0.0009815257716075509,8.48346500028563,2.138118974990426,0.1338017327919415,0.017882757611241216,0.8990647792816162,3,1.0,1.0,0.5855154312792337,0.5809248554913294,0.5901060070671378,0.12500771284500775,0.17013481552383325,0.9374363898864867,0.45465531548377597,0.0018687844276428223
32570,42,0,0.011617586487091464,0.007735677100522954,1.5018189532244386,0.40667700902863996,0.919488807390755,0.8837822014051522,0.9679265022277832,3,1.0,1.0,0.22588906965132607,0.0663641450129182,0.38541399428973394,0.17169105282962163,0.23341733486636376,0.9551248103001846,0.37673133900546074,0.1487749218940735
32570,42,1,0.014447101307085803,0.00946596793564526,1.5262148999213552,0.4227907486530211,0.44167946675636915,0.3413824648711944,0.8191515803337097,3,1.0,1.0,0.2738400211606191,0.16226604803150432,0.38541399428973394,0.17169105282962163,0.23341733486636376,0.9551248103001846,0.37673133900546074,0.1487749218940735
32570,42,2,0.03879386433037474,0.009255550117480934,4.19141637544736,1.4330387139377643,0.22474920866925016,0.06469189110070257,0.7000393867492676,3,1.0,1.0,0.11431509652221125,0.0663641450129182,0.16226604803150432,0.17169105282962163,0.23341733486636376,0.9551248103001846,0.37673133900546074,0.1487749218940735
91500,1,0,0.0005612774278347669,0.000599494498506794,0.9362511721067192,-0.06587149045345239,0.32934324799237313,0.344052734375,0.9405630826950073,2,0.6666666666666666,0.0,0.6952335153881888,0.5111106906696686,0.879356340106709,0.3573881916193975,0.4724908140077634,0.9212724313182494,0.4646234873705103,0.01803821325302124
91500,1,1,0.0005596012476052917,0.0005979522247158875,0.9358628056536109,-0.06628638661714499,0.28883277112595657,0.30263671875,0.9586012959480286,2,0.6666666666666666,0.0,0.7302003992061302,0.5810444583055514,0.879356340106709,0.3573881916193975,0.4724908140077634,0.9212724313182494,0.4646234873705103,0.01803821325302124
91500,1,2,0.0007126088215595694,0.00055939044984125,1.2739023708536659,0.2420849236338919,0.21381180380998066,0.175927734375,0.9400601387023926,2,0.6666666666666666,0.0,0.5460775744876101,0.5111106906696686,0.5810444583055514,0.3573881916193975,0.4724908140077634,0.9212724313182494,0.4646234873705103,0.01803821325302124
91500,67,0,0.004714354373273771,0.0020157147789105416,2.338800320491273,0.8496381145638428,0.05665480152013033,0.025035807291666667,0.6675962805747986,2,0.6666666666666666,0.0,0.07899136355941695,0.03917801839562231,0.1188047087232116,0.4162071016114593,0.5816509387895201,0.9384221822113328,0.41025496853341437,0.059111952781677246
91500,67,1,0.00601936057282943,0.0019486470299677448,3.088994813924855,1.1278457352163667,0.09555991469796819,0.03307291666666667,0.7267082333564758,2,0.6666666666666666,1.0,0.02649188620109364,0.013805754006564974,0.03917801839562231,0.4162071016114593,0.5816509387895201,0.9384221822113328,0.41025496853341437,0.059111952781677246
91500,67,2,0.004858668640654792,0.001981742122026693,2.451715883817518,0.8967881403661631,0.08231109333891405,0.03529296875,0.6362797021865845,2,0.6666666666666666,0.0,0.06630523136488828,0.013805754006564974,0.1188047087232116,0.4162071016114593,0.5816509387895201,0.9384221822113328,0.41025496853341437,0.059111952781677246
452891,15,0,0.006892931349887051,0.0034024406101411868,2.0258785200589133,0.706003443689618,0.8338587105493114,0.7124313546025105,1.001471996307373,3,1.0,1.0,0.6299177086989645,0.5759766394983177,0.6838587778996112,0.42825577215053756,0.6042791896323844,0.9581444696805447,0.29413270716702405,0.017970621585845947
452891,15,1,0.008619483890652773,0.0031328979640735653,2.751281397206428,1.012066765888145,0.7352711725485092,0.5023666317991632,0.9835013747215271,3,1.0,1.0,0.7513604292662992,0.6838587778996112,0.8188620806329872,0.42825577215053756,0.6042791896323844,0.9581444696805447,0.29413270716702405,0.017970621585845947
452891,15,2,0.008517295807958477,0.004052495132342489,2.1017411564251356,0.7427661234221319,0.594947669946478,0.41136898535564853,0.9159834384918213,3,1.0,1.0,0.6974193600656524,0.5759766394983177,0.8188620806329872,0.42825577215053756,0.6042791896323844,0.9581444696805447,0.29413270716702405,0.017970621585845947
452891,18,0,0.01810270374036664,0.0019597710177808097,9.237152487145405,2.223233665827104,0.7854807059065779,0.28387160041841003,0.9032285213470459,3,1.0,1.0,0.48148473788793256,0.31200055270248483,0.6509689230733803,0.09288251216950556,0.09703097988807019,0.9369809602419208,0.4513873119213533,0.006618857383728027
452891,18,1,0.024153854433830994,0.0025490976393259942,9.475452823667457,2.2487045412840083,0.6823819846339959,0.1848293671548117,0.8782644271850586,3,1.0,1.0,0.5646414074539754,0.4783138918345705,0.6509689230733803,0.09288251216950556,0.09703097988807019,0.9369809602419208,0.4513873119213533,0.006618857383728027
452891,18,2,0.03516904484291605,0.003759904590815864,9.353706718906661,2.235772705292024,0.47620299797053145,0.0885852510460251,0.9098473787307739,3,1.0,1.0,0.3951572222685277,0.31200055270248483,0.4783138918345705,0.09288251216950556,0.09703097988807019,0.9369809602419208,0.4513873119213533,0.006618857383728027
117525,18,0,0.01592017127422214,0.0015838207704970727,10.051750526780841,2.307746801169253,0.7243179165282386,0.20722,0.8120385408401489,3,1.0,1.0,0.22965194873435904,0.08193047974719908,0.377373417721519,0.11350732989685576,0.1383928571428571,0.8624316082089742,0.7393069796866105,0.15828710794448853
117525,18,1,0.035787727716456,0.0019011442935301989,18.824309032944644,2.9351490682830073,0.6152730532514296,0.078304,0.9703256487846375,2,0.6666666666666666,1.0,0.2846487857876151,0.19192415385371125,0.377373417721519,0.11350732989685576,0.1383928571428571,0.8624316082089742,0.7393069796866105,0.15828710794448853
117525,18,2,0.038151174666757444,0.00391255675887028,9.750957496146926,2.2773654849472162,0.1570743718145323,0.018752,0.6875550150871277,3,1.0,1.0,0.13692731680045517,0.08193047974719908,0.19192415385371125,0.11350732989685576,0.1383928571428571,0.8624316082089742,0.7393069796866105,0.15828710794448853
117525,1,0,0.00744984090064064,0.0013695677864203574,5.439556164410636,1.693697470249132,0.5835607247438359,0.204844,0.9146652817726135,3,1.0,1.0,0.4728183398098065,0.3563882759563375,0.5892484036632755,0.10946606687224551,0.12626906806902632,0.9055334605637185,0.4853193297915691,0.0062958598136901855
117525,1,1,0.011668886579725618,0.001372227289229675,8.503610635649544,2.1404908540528553,0.5386006710584273,0.120704,0.9209611415863037,3,1.0,1.0,0.5970334011953705,0.5892484036632755,0.6048183987274656,0.10946606687224551,0.12626906806902632,0.9055334605637185,0.4853193297915691,0.0062958598136901855
117525,1,2,0.012925700581399404,0.0018030794167237128,7.168680677259009,1.9697216317966337,0.3608415644788481,0.073004,0.8671009540557861,3,1.0,1.0,0.4806033373419015,0.3563882759563375,0.6048183987274656,0.10946606687224551,0.12626906806902632,0.9055334605637185,0.4853193297915691,0.0062958598136901855
17029,3,0,0.02000655234865283,0.0019328922149634935,10.350578363046546,2.3370423986876947,0.6414689873543045,0.14738037109375,0.8973849415779114,3,1.0,1.0,0.46036168835840996,0.4266312857448948,0.4940920909719251,0.2738978042134913,0.41033804583811734,0.8460669814709055,0.7575270552156483,0.03226006031036377
17029,3,1,0.03530645749316297,0.0021326107232901097,16.55550968164411,2.8067189577263214,0.5705057133625584,0.07427490234375,0.9296450018882751,3,1.0,1.0,0.6769737721613895,0.4940920909719251,0.8598554533508541,0.2738978042134913,0.41033804583811734,0.8460669814709055,0.7575270552156483,0.03226006031036377
17029,3,2,0.03711194317393269,0.0023754434269174698,15.623164390182257,2.7487547097198735,0.5162613245103111,0.06394287109375,0.8501992225646973,3,1.0,1.0,0.6432433695478744,0.4266312857448948,0.8598554533508541,0.2738978042134913,0.41033804583811734,0.8460669814709055,0.7575270552156483,0.03226006031036377
17029,18,0,0.030062757661952766,0.0015512029534423713,19.380286490467505,2.96425638917648,0.6989148430940705,0.10696533203125,0.9909604787826538,3,1.0,1.0,0.8539444903188631,0.847993265380415,0.8598957152573112,0.20530827974302157,0.3041125691571918,0.8439567362116296,0.7995412139136115,0.004595041275024414
17029,18,1,0.03408693775286226,0.0015658330215047819,21.769203524865734,3.08049628870232,0.6914338869596137,0.09332763671875,0.9933056831359863,3,1.0,1.0,0.9191064379127034,0.8598957152573112,0.9783171605680956,0.20530827974302157,0.3041125691571918,0.8439567362116296,0.7995412139136115,0.004595041275024414
17029,18,2,0.034332560615595635,0.0016125322645544706,21.291084432217765,3.0582884138617232,0.6815321692890767,0.0913330078125,0.9979007244110107,3,1.0,1.0,0.9131552129742553,0.847993265380415,0.9783171605680956,0.20530827974302157,0.3041125691571918,0.8439567362116296,0.7995412139136115,0.004595041275024414
146457,59,0,0.09546690742493669,0.00372507336575713,25.628195212714854,3.243693120923639,0.5810624464705706,0.05134114583333333,0.9395448565483093,3,1.0,1.0,0.5311917731132051,0.32015065913371,0.7422328870927002,0.11740770318769811,0.13325441192440432,0.8410867911817829,0.8093793377545173,0.011113405227661133
146457,59,1,0.10302621330522332,0.004650692851632263,22.152874113565925,3.097967244903295,0.46986696180035253,0.03847005208333333,0.9284314513206482,2,0.6666666666666666,1.0,0.4841164435463501,0.226,0.7422328870927002,0.11740770318769811,0.13325441192440432,0.8410867911817829,0.8093793377545173,0.011113405227661133
146457,59,2,0.10726467934020197,0.006480208605580604,16.55265838684197,2.806546716536907,0.2466682825198688,0.019397786458333333,0.8317583799362183,2,0.6666666666666666,0.0,0.273075329566855,0.226,0.32015065913371,0.11740770318769811,0.13325441192440432,0.8410867911817829,0.8093793377545173,0.011113405227661133
146457,1,0,0.003990754733082428,0.0002649440626537908,15.062631251467666,2.712216925253873,0.5917020783017329,0.08776692708333333,0.786160945892334,3,1.0,1.0,0.43715905279786443,0.29409808196903064,0.5802200236266982,0.22557936354162414,0.33298066185646114,0.8387445131287068,0.780537485236109,0.08461278676986694
146457,1,1,0.005522956552389192,0.00032381553449493066,17.055872702178164,2.8364945846151954,0.4811771570972338,0.051572265625,0.8219876885414124,3,1.0,1.0,0.5410526965795632,0.5018853695324283,0.5802200236266982,0.22557936354162414,0.33298066185646114,0.8387445131287068,0.780537485236109,0.08461278676986694
146457,1,2,0.006165672264760722,0.0004418647587313639,13.953754240345402,2.63574859339467,0.2731127239862941,0.026220703125,0.9066004753112793,2,0.6666666666666666,1.0,0.3979917257507295,0.29409808196903064,0.5018853695324283,0.22557936354162414,0.33298066185646114,0.8387445131287068,0.780537485236109,0.08461278676986694
571718,1,0,0.004858563914734133,0.0006332983076373024,7.67184097678791,2.0375566098333344,0.6132305251387449,0.17127122365339578,0.9422059059143066,2,0.6666666666666666,0.0,0.42005346976304525,0.20846502092765012,0.6316419185984403,0.19656253761100093,0.2948438064165014,0.8769179371143488,0.6306547581701515,0.06139874458312988
571718,1,1,0.005311297275258729,0.0008772839108041329,6.05425131339301,1.8007607218840882,0.42343562940211077,0.1081820843091335,0.8808071613311768,2,0.6666666666666666,0.0,0.40331237439074274,0.17498283018304517,0.6316419185984403,0.19656253761100093,0.2948438064165014,0.8769179371143488,0.6306547581701515,0.06139874458312988
571718,1,2,0.009096873778846033,0.0010695398710612375,8.50540874302738,2.14070228394785,0.24003611762286473,0.035805766978922716,0.7332043647766113,2,0.6666666666666666,0.0,0.19172392555534765,0.17498283018304517,0.20846502092765012,0.19656253761100093,0.2948438064165014,0.8769179371143488,0.6306547581701515,0.06139874458312988
571718,62,0,0.002573791236375736,0.000982577879429669,2.6194272104418324,0.9629556722915049,0.1250878882243622,0.05175644028103044,0.8093405961990356,3,1.0,1.0,0.5027186743081544,0.3439871660393657,0.6614501825769431,0.17712139474143254,0.2488654608299764,0.9221185281976634,0.43225493497041706,0.01145923137664795
571718,62,1,0.0020321818182860644,0.001023074365204373,1.9863480949341943,0.6862978251441137,0.07915750443116887,0.041481264637002344,0.7978813648223877,2,0.6666666666666666,1.0,0.5390802021672888,0.41671022175763456,0.6614501825769431,0.17712139474143254,0.2488654608299764,0.9221185281976634,0.43225493497041706,0.01145923137664795
571718,62,2,0.001936339020339225,0.001039877907762455,1.8620830426560713,0.6216957770105898,0.0508195419741008,0.027949355971896954,0.7246462106704712,2,0.6666666666666666,1.0,0.3803486938985001,0.3439871660393657,0.41671022175763456,0.17712139474143254,0.2488654608299764,0.9221185281976634,0.43225493497041706,0.01145923137664795
481567,1,0,0.005921464613521904,0.0005395516979490352,10.974786336612446,2.3956004907503945,0.37917829436299694,0.052718098958333334,0.8023358583450317,2,0.6666666666666666,1.0,0.4067813688356288,0.19788676479570025,0.6156759728755574,0.14367794332110814,0.21445841683157016,0.8743806612456927,0.6642095129062848,0.07475423812866211
481567,1,1,0.008710654960502747,0.000550967599116923,15.80974082442275,2.7606262580596725,0.353095991022046,0.03337239583333333,0.8770900964736938,2,0.6666666666666666,1.0,0.45879036739015966,0.3019047619047619,0.6156759728755574,0.14367794332110814,0.21445841683157016,0.8743806612456927,0.6642095129062848,0.07475423812866211
481567,1,2,0.012247278086044757,0.0006947388745203641,17.628606254215246,2.8695229380184184,0.16551791823248221,0.011126302083333333,0.7418011426925659,2,0.6666666666666666,1.0,0.24989576335023106,0.19788676479570025,0.3019047619047619,0.14367794332110814,0.21445841683157016,0.8743806612456927,0.6642095129062848,0.07475423812866211
481567,4,0,0.03628111118251681,0.0035054362385015564,10.349956097811004,2.3369822779725538,0.5515680182064578,0.10621744791666667,0.9059480428695679,3,1.0,1.0,0.48083593999485874,0.34161814281336195,0.6200537371763556,0.09770859579609109,0.12142168244914146,0.9078918681523747,0.509553002861942,0.009144127368927002
481567,4,1,0.04283390185101449,0.004432973013476548,9.662567696923455,2.268259420062248,0.4077156919472319,0.06650390625,0.8968039155006409,3,1.0,1.0,0.5828364623228817,0.5456191874694077,0.6200537371763556,0.09770859579609109,0.12142168244914146,0.9078918681523747,0.509553002861942,0.009144127368927002
481567,4,2,0.04711389766156011,0.005475917044101851,8.60383699634438,2.152208266145479,0.24468562635929889,0.036285807291666666,0.529573380947113,3,1.0,1.0,0.4436186651413848,0.34161814281336195,0.5456191874694077,0.09770859579609109,0.12142168244914146,0.9078918681523747,0.509553002861942,0.009144127368927002
90891,1,0,0.0031559156286895223,0.0004806491379359637,6.56594462163383,1.8818963852507125,0.5323009041370822,0.14773056844547564,0.7945619821548462,1,0.3333333333333333,1.0,0.0490773223303974,0.015283795258104547,0.08287084940269024,0.20347568458919776,0.2768959917332104,0.8994029280913589,0.5433480233897117,0.011398077011108398
90891,1,1,0.0036348943098942553,0.0008218380053841694,4.422884171403383,1.4867920110280675,0.07970910783681057,0.019206786542923435,0.7803773880004883,1,0.3333333333333333,0.0,0.15275308462480056,0.08287084940269024,0.22263531984691087,0.20347568458919776,0.2768959917332104,0.8994029280913589,0.5433480233897117,0.011398077011108398
90891,1,2,0.002916355899845528,0.0008314007265885771,3.507762025063685,1.2549782347705822,0.07101393485282795,0.02132758120649652,0.7831639051437378,2,0.6666666666666666,0.0,0.11895955755250771,0.015283795258104547,0.22263531984691087,0.20347568458919776,0.2768959917332104,0.8994029280913589,0.5433480233897117,0.011398077011108398
90891,52,0,0.010704612551642713,0.005257162555632693,2.0361958444935757,0.7110832849678234,0.312587925178512,0.18255510440835268,0.840099036693573,2,0.6666666666666666,1.0,0.10356526580422507,0.0717610891523935,0.13536944245605662,0.5130932667636275,0.6103328523198209,0.9168200014350727,0.5271929873181342,0.010171294212341309
90891,52,1,0.02336850738983065,0.004839730063526758,4.828473298771816,1.574530330530378,0.28483479699756353,0.07619997099767982,0.8299277424812317,3,1.0,1.0,0.1949543292113297,0.13536944245605662,0.2545392159666028,0.5130932667636275,0.6103328523198209,0.9168200014350727,0.5271929873181342,0.010171294212341309
90891,52,2,0.01853794369738691,0.005141606861292917,3.6054766912147476,1.2824539926219096,0.2457037621383165,0.08285962877030162,0.6966358423233032,3,1.0,1.0,0.16315015255949813,0.0717610891523935,0.2545392159666028,0.5130932667636275,0.6103328523198209,0.9168200014350727,0.5271929873181342,0.010171294212341309
246436,51,0,0.009437291327842623,0.0018080640482379916,5.219555873487982,1.6524123166735731,0.2923052453438748,0.073330078125,0.8440002202987671,1,0.3333333333333333,0.0,0.6054642481645645,0.5673064860117928,0.6436220103173362,0.22467682916758838,0.2685738640647807,0.9171539027798891,0.4922249607140869,0.04843848943710327
246436,51,1,0.011116071917501516,0.0017735738658795144,6.26761147369605,1.8353953369726967,0.2984966620454384,0.06357421875,0.8924387097358704,3,1.0,1.0,0.691909415453899,0.6436220103173362,0.7401968205904618,0.22467682916758838,0.2685738640647807,0.9171539027798891,0.4922249607140869,0.04843848943710327
246436,51,2,0.011630782361475946,0.0018935883930003838,6.142191406710527,1.815181585199388,0.23910799917685266,0.048671875,0.7521070241928101,2,0.6666666666666666,0.0,0.6537516533011273,0.5673064860117928,0.7401968205904618,0.22467682916758838,0.2685738640647807,0.9171539027798891,0.4922249607140869,0.04843848943710327
246436,1,0,0.004102244086821703,0.0006615182833636335,6.201255783531327,1.824751817516057,0.8410638562441961,0.4604361979166667,0.9738820791244507,3,1.0,1.0,0.7151739111974942,0.5387072834576103,0.8916405389373782,0.412037489485188,0.6175726512929366,0.9271516830750255,0.43214129889803843,0.03212529420852661
246436,1,1,0.004209004354994158,0.0008726054591283917,4.82349073815658,1.5734978857142354,0.7713591225114907,0.41156575520833333,0.9417567849159241,2,0.6666666666666666,1.0,0.7386349452099079,0.5856293514824377,0.8916405389373782,0.412037489485188,0.6175726512929366,0.9271516830750255,0.43214129889803843,0.03212529420852661
246436,1,2,0.005283468325794755,0.0012426868696762906,4.2516489475095245,1.44730689552715,0.5840113952065259,0.24823567708333333,0.7420587539672852,2,0.6666666666666666,1.0,0.562168317470024,0.5387072834576103,0.5856293514824377,0.412037489485188,0.6175726512929366,0.9271516830750255,0.43214129889803843,0.03212529420852661
147740,3,0,0.0015947676637581144,0.0006834535973369877,2.333395665248643,0.8473245743354402,0.3673470587500658,0.1992578125,0.9532068967819214,3,1.0,1.0,0.690201549725517,0.5670760395204335,0.8133270599306005,0.3980402255908011,0.44381647101688004,0.9112857427242307,0.5236551376935275,0.029015839099884033
147740,3,1,0.0015826560501960361,0.000683161848679292,2.3166633952686446,0.8401279594251891,0.36994111383133427,0.20220052083333334,0.9241910576820374,3,1.0,1.0,0.6893947438381326,0.5654624277456647,0.8133270599306005,0.3980402255908011,0.44381647101688004,0.9112857427242307,0.5236551376935275,0.029015839099884033
147740,3,2,0.002085183654242094,0.0007062214888030383,2.9525916222453685,1.0826833011773482,0.2776239899965102,0.11517252604166667,0.8642033338546753,3,1.0,1.0,0.566269233633049,0.5654624277456647,0.5670760395204335,0.3980402255908011,0.44381647101688004,0.9112857427242307,0.5236551376935275,0.029015839099884033
147740,1,0,0.0027581685603307784,0.0005502021822332663,5.013009116253202,1.612036357164754,0.6141588745868288,0.24099934895833333,0.9354416131973267,2,0.6666666666666666,0.0,0.4409733293868683,0.4059963341188793,0.4759503246548572,0.35375947908219435,0.493796580263748,0.9153829352482623,0.49377870877216473,0.004791080951690674
147740,1,1,0.002950822258659752,0.0007779650202308346,3.7930011994513517,1.3331575792732178,0.3818890836288917,0.14007161458333334,0.9402326941490173,2,0.6666666666666666,0.0,0.62345462073418,0.4759503246548572,0.7709589168135027,0.35375947908219435,0.493796580263748,0.9153829352482623,0.49377870877216473,0.004791080951690674
147740,1,2,0.0027225879316409864,0.0008825320189326942,3.0849735422048745,1.126543081417167,0.2731276747475269,0.10857747395833334,0.817806601524353,2,0.6666666666666666,0.0,0.588477625466191,0.4059963341188793,0.7709589168135027,0.35375947908219435,0.493796580263748,0.9153829352482623,0.49377870877216473,0.004791080951690674
369037,31,0,0.0037950193415745162,0.00038108638441290124,9.958422779818468,2.2984187038805506,0.6964019397644117,0.1872169117647059,0.9342366456985474,2,0.6666666666666666,1.0,0.5033612584679238,0.4178331960945771,0.5888893208412704,0.1372337401681594,0.1790605022920172,0.8656605254505498,0.6651990353517506,0.01207500696182251
369037,31,1,0.005403832978441522,0.0004600796744986578,11.74542859904553,2.4634641096731538,0.6001398392495821,0.11330514705882352,0.9221616387367249,1,0.3333333333333333,1.0,0.5995205207882188,0.5888893208412704,0.6101517207351671,0.1372337401681594,0.1790605022920172,0.8656605254505498,0.6651990353517506,0.01207500696182251
369037,31,2,0.006276741640808917,0.0005714663200364848,10.98357227670847,2.3964007272903523,0.4839255374681274,0.07865808823529412,0.7995948791503906,2,0.6666666666666666,1.0,0.5139924584148721,0.4178331960945771,0.6101517207351671,0.1372337401681594,0.1790605022920172,0.8656605254505498,0.6651990353517506,0.01207500696182251
369037,22,0,0.014519165311191407,0.0037927243071374313,3.8281625901571585,1.3423849466753441,0.8020256332873115,0.5141507352941177,0.9667764902114868,3,1.0,1.0,0.5973461522485867,0.3915671257929931,0.8031251787041802,0.10430080036684801,0.11620832049233136,0.9602305549079985,0.29944330982034817,0.011597037315368652
369037,22,1,0.0164161302987697,0.0043014905970921655,3.8163817691594453,1.3393027929718506,0.7288332866587451,0.4132389705882353,0.9551794528961182,3,1.0,1.0,0.6429278448058462,0.4827305109075121,0.8031251787041802,0.10430080036684801,0.11620832049233136,0.9602305549079985,0.29944330982034817,0.011597037315368652
369037,22,2,0.016939686351897923,0.007376141997498926,2.296551009368477,0.8314084363829055,0.36758479459737275,0.20197426470588234,0.6997586488723755,3,1.0,1.0,0.4371488183502526,0.3915671257929931,0.4827305109075121,0.10430080036684801,0.11620832049233136,0.9602305549079985,0.29944330982034817,0.011597037315368652
525247,17,0,0.02598396241050865,0.004491454441596112,5.7852000376719,1.7553029387676966,0.6974019188668048,0.2848872950819672,0.9706907272338867,3,1.0,1.0,0.6261294027117418,0.3597786451646038,0.8924801602588798,0.11191122282065093,0.13971428940417663,0.9359163339824844,0.4045443888929548,0.016608238220214844
525247,17,1,0.028338764259398175,0.004566979397884176,6.205143878319666,1.8253786059040422,0.6791938532274627,0.2543947599531616,0.9872989654541016,3,1.0,1.0,0.6476015143076196,0.40272286835635934,0.8924801602588798,0.11191122282065093,0.13971428940417663,0.9359163339824844,0.4045443888929548,0.016608238220214844
525247,17,2,0.040815579018450565,0.007159775467683453,5.700678631191178,1.7405852258818668,0.3947036458768706,0.1026456381733021,0.8405160903930664,3,1.0,1.0,0.3812507567604816,0.3597786451646038,0.40272286835635934,0.11191122282065093,0.13971428940417663,0.9359163339824844,0.4045443888929548,0.016608238220214844
525247,73,0,0.0126563279548712,0.0034170941661463756,3.7038276780767014,1.3093667925832724,0.7944127448981088,0.5105898711943794,0.9324799180030823,2,0.6666666666666666,1.0,0.2711415231106149,0.23911946377419377,0.303163582447036,0.24561145658749747,0.3203223969549956,0.9675569292073573,0.2748926066670444,0.004881799221038818
525247,73,1,0.013710884987492592,0.0070852620198465196,1.9351274444264615,0.6601731871385174,0.2669323095817627,0.15836870608899298,0.9288291931152344,3,1.0,1.0,0.5002382545480104,0.303163582447036,0.6973129266489847,0.24561145658749747,0.3203223969549956,0.9675569292073573,0.2748926066670444,0.004881799221038818
525247,73,2,0.014119641092453361,0.007261356847066868,1.944490731950781,0.6650001083839965,0.22099703931503945,0.12731996487119437,0.9373617172241211,3,1.0,1.0,0.46821619521158925,0.23911946377419377,0.6973129266489847,0.24561145658749747,0.3203223969549956,0.9675569292073573,0.2748926066670444,0.004881799221038818
177714,53,0,0.004257719528690743,0.0018412671709521688,2.312385510124843,0.8382796802784903,0.3726261608873245,0.20436277506112469,0.8567622900009155,3,1.0,1.0,0.4124282164755233,0.1621026851473903,0.6627537478036563,0.2796469349433016,0.41702845692558144,0.9538688291651235,0.365761703959104,0.006637990474700928
177714,53,1,0.0040188689583278885,0.0020712625003579325,1.9402991922525963,0.6628421842435647,0.23314912827422715,0.13546760391198043,0.8501242995262146,2,0.6666666666666666,0.0,0.361653149104117,0.060552550404577764,0.6627537478036563,0.2796469349433016,0.41702845692558144,0.9538688291651235,0.365761703959104,0.006637990474700928
177714,53,2,0.00787524791182054,0.0020692196529421285,3.805902334639623,1.3365531077782662,0.1544421926332012,0.04579385696821516,0.6426465511322021,2,0.6666666666666666,1.0,0.11132761777598403,0.060552550404577764,0.1621026851473903,0.2796469349433016,0.41702845692558144,0.9538688291651235,0.365761703959104,0.006637990474700928
177714,57,0,0.008476632594743962,0.003549721338637936,2.38797127540399,0.8704441668506842,0.3858211853297966,0.20827475550122249,0.9038451313972473,3,1.0,1.0,0.5059481188014296,0.35699818594903043,0.6548980516538287,0.2726831866184034,0.31164643751496385,0.9554402270195389,0.3143868797066991,0.016100764274597168
177714,57,1,0.009634454844938111,0.003748601706289028,2.570146309810467,0.9439628272778192,0.2959317305439826,0.14055241442542787,0.8877443671226501,3,1.0,1.0,0.5799034259892726,0.5049088003247165,0.6548980516538287,0.2726831866184034,0.31164643751496385,0.9554402270195389,0.3143868797066991,0.016100764274597168
177714,57,2,0.011538724071357911,0.003920099207915802,2.9434775643214457,1.0795917274345532,0.21705063037112593,0.0860750305623472,0.8663909435272217,2,0.6666666666666666,1.0,0.4309534931368735,0.35699818594903043,0.5049088003247165,0.2726831866184034,0.31164643751496385,0.9554402270195389,0.3143868797066991,0.016100764274597168
393014,58,0,0.025790638345529148,0.002543631525960422,10.13929811459301,2.316418776337888,0.5374537447406671,0.10281575520833333,0.8444297909736633,3,1.0,1.0,0.8223033237011177,0.700347551342812,0.9442590960594234,0.14496697873822753,0.18014901866914104,0.9147178265620146,0.5235259906639623,0.12478727102279663
393014,58,1,0.025672672247542265,0.002673724190151741,9.60184013463387,2.261954760835374,0.5113326660672689,0.09826822916666667,0.9787793755531311,3,1.0,1.0,0.8393907240331531,0.7345223520068827,0.9442590960594234,0.14496697873822753,0.18014901866914104,0.9147178265620146,0.5235259906639623,0.12478727102279663
393014,58,2,0.02938675273064735,0.0030261657065017555,9.710886835376744,2.2732476103373562,0.43103121023608987,0.07236653645833334,0.8539921045303345,3,1.0,1.0,0.7174349516748473,0.700347551342812,0.7345223520068827,0.14496697873822753,0.18014901866914104,0.9147178265620146,0.5235259906639623,0.12478727102279663
393014,54,0,0.02711775383399973,0.0021539026939611915,12.590055204182903,2.532907232847848,0.5773787915923455,0.097890625,0.9316753149032593,3,1.0,1.0,0.7012093651552509,0.420529254352638,0.9818894759578639,0.1727211884353548,0.2513106392887405,0.8971448046404377,0.5335906208278764,0.02336829900741577
393014,54,1,0.027176686238482125,0.0021928545576050187,12.393291717336025,2.5171553357221903,0.5689550259054722,0.09625325520833333,0.955043613910675,3,1.0,1.0,0.7000693249695538,0.41824917398124356,0.9818894759578639,0.1727211884353548,0.2513106392887405,0.8971448046404377,0.5335906208278764,0.02336829900741577
393014,54,2,0.02529192567845043,0.0036886317097278953,6.856722942789931,1.9252296225072212,0.2314679413153161,0.042076822916666666,0.8807140588760376,3,1.0,1.0,0.41938921416694075,0.41824917398124356,0.420529254352638,0.1727211884353548,0.2513106392887405,0.8971448046404377,0.5335906208278764,0.02336829900741577
430961,40,0,0.026961101999837634,0.006474840799506336,4.163979135630526,1.4264711401217662,0.3056410169960138,0.09560431905259492,0.8592419624328613,3,1.0,1.0,0.2378378950028546,0.21994922016684804,0.25572656983886116,0.22163297661030779,0.3318295726584751,0.955426239713753,0.32370187693391983,0.007299065589904785
430961,40,1,0.03451981191404154,0.007752054760311757,4.452988656158603,1.4935754789048363,0.10419101072696339,0.025454545454545455,0.8437405228614807,3,1.0,1.0,0.41477721074168394,0.25572656983886116,0.5738278516445067,0.22163297661030779,0.3318295726584751,0.955426239713753,0.32370187693391983,0.007299065589904785
430961,40,2,0.046133675911206956,0.007603219390198553,6.0676502330856135,1.8029714186280559,0.11786673886608162,0.02154649947753396,0.8519428968429565,3,1.0,1.0,0.39688853590567735,0.21994922016684804,0.5738278516445067,0.22163297661030779,0.3318295726584751,0.955426239713753,0.32370187693391983,0.007299065589904785
430961,1,0,0.002341429988627353,0.0006756655776199786,3.4653681683912847,1.2428188809284306,0.435595011987725,0.1821455938697318,0.8778479099273682,3,1.0,1.0,0.26258018880677353,0.0807498472816127,0.4444105303319344,0.2492218119292782,0.33561779547495524,0.9286082297230442,0.4080147901495209,0.05214196443557739
430961,1,1,0.0035951498361713697,0.0007466966223238559,4.814739646428116,1.5716819727118398,0.2995648346302508,0.08158133054684778,0.8780001997947693,3,1.0,1.0,0.310557827093351,0.17670512385476755,0.4444105303319344,0.2492218119292782,0.33561779547495524,0.9286082297230442,0.4080147901495209,0.05214196443557739
430961,1,2,0.006476726009306596,0.0008950902294494342,7.235835884449955,1.9790458870059693,0.09953805056979868,0.015047021943573668,0.9301421642303467,2,0.6666666666666666,1.0,0.12872748556819014,0.0807498472816127,0.17670512385476755,0.2492218119292782,0.33561779547495524,0.9286082297230442,0.4080147901495209,0.05214196443557739
460841,1,0,0.00407189304170643,0.0008881106889205178,4.584893626346112,1.5227669053241646,0.320365678847703,0.09322666666666667,0.7491753697395325,3,1.0,1.0,0.5232213334544369,0.46311405260455296,0.5833286143043207,0.2207673040260747,0.3053454865900815,0.9258128448935509,0.41727370282561316,0.04962736368179321
460841,1,1,0.0057978193874036335,0.0009118298639662453,6.35844427799945,1.8497837372250665,0.2734854074130005,0.05589333333333334,0.96340411901474,3,1.0,1.0,0.6788823522649423,0.5833286143043207,0.7744360902255639,0.2207673040260747,0.3053454865900815,0.9258128448935509,0.41727370282561316,0.04962736368179321
460841,1,2,0.0063878715390283365,0.0009480677970662192,6.737779251713564,1.9077303829113799,0.23472933226941148,0.043541333333333335,0.9137767553329468,3,1.0,1.0,0.6187750714150584,0.46311405260455296,0.7744360902255639,0.2207673040260747,0.3053454865900815,0.9258128448935509,0.41727370282561316,0.04962736368179321
460841,70,0,0.011104332767328641,0.006356547614620775,1.7469125441679243,0.5578499694095798,0.554669613875166,0.416224,0.9372360706329346,3,1.0,1.0,0.6079242779527354,0.26838033122322397,0.9474682246822468,0.12209500558988257,0.1718120805369128,0.9605650291265712,0.3155382746114069,0.04975944757461548
460841,70,1,0.011063679389333477,0.006553960342682743,1.6880906824524167,0.5235981166531857,0.5236905862829848,0.39442133333333335,0.8874766230583191,3,1.0,1.0,0.6145916171933986,0.2817150097045504,0.9474682246822468,0.12209500558988257,0.1718120805369128,0.9605650291265712,0.3155382746114069,0.04975944757461548
460841,70,2,0.015768707057279733,0.00738781702529551,2.1344203573469755,0.7581951144946262,0.21335068430727167,0.11274133333333333,0.8490054607391357,3,1.0,1.0,0.2750476704638872,0.26838033122322397,0.2817150097045504,0.12209500558988257,0.1718120805369128,0.9605650291265712,0.3155382746114069,0.04975944757461548
343466,79,0,0.034445326947818766,0.003195528313316294,10.77922758296341,2.3776209101563732,0.3411427642164612,0.04583333333333333,0.7918925285339355,3,1.0,1.0,0.6234375,0.5264204545454545,0.7204545454545455,0.10739915824238244,0.1339096730753516,0.9069554164163741,0.5409821051595635,0.06646138429641724
343466,79,1,0.040254507669209495,0.003411214507796843,11.800638032407853,2.4681536005777405,0.2872281215152098,0.03302083333333333,0.8583539128303528,3,1.0,1.0,0.7238636363636364,0.7204545454545455,0.7272727272727273,0.10739915824238244,0.1339096730753516,0.9069554164163741,0.5409821051595635,0.06646138429641724
343466,79,2,0.04048251004812207,0.003741334203329951,10.820340508813814,2.381427743263367,0.21106005209048626,0.024127604166666667,0.7833253145217896,3,1.0,1.0,0.6268465909090909,0.5264204545454545,0.7272727272727273,0.10739915824238244,0.1339096730753516,0.9069554164163741,0.5409821051595635,0.06646138429641724
343466,81,0,0.018194535352956478,0.005557178160581926,3.2740601117919095,1.186030839187191,0.26750983599750255,0.1003515625,0.7794619798660278,3,1.0,1.0,0.359558080071555,0.28812537673297167,0.43099078341013825,0.16993269735083183,0.24030541667015806,0.9531084987153461,0.3544170442391401,0.002597630023956299
343466,81,1,0.027653720464571634,0.005463304335714728,5.061720665775826,1.6217064780556467,0.24868899864695224,0.06138020833333333,0.7768643498420715,3,1.0,1.0,0.4973616246792508,0.43099078341013825,0.5637324659483635,0.16993269735083183,0.24030541667015806,0.9531084987153461,0.3544170442391401,0.002597630023956299
343466,81,2,0.03306684396282849,0.00576676781031426,5.734034218952275,1.7464193352015995,0.18785850696344203,0.038776041666666664,0.5823400020599365,2,0.6666666666666666,1.0,0.42592892134066757,0.28812537673297167,0.5637324659483635,0.16993269735083183,0.24030541667015806,0.9531084987153461,0.3544170442391401,0.002597630023956299
493864,1,0,0.0060022899591788414,0.001576640551843964,3.807012288471101,1.3368447054238766,0.3443325900368779,0.12122395833333334,0.9825289249420166,2,0.6666666666666666,1.0,0.5335345569842868,0.10281977055859333,0.9642493434099801,0.26638957471298,0.398909819270676,0.9387290457909232,0.39118459054044513,0.029678523540496826
493864,1,1,0.006098278091331575,0.0015832350215409705,3.851783218857998,1.348536214961182,0.33869763557275695,0.11736328125,0.9528504014015198,2,0.6666666666666666,1.0,0.5350541267737637,0.10585891013754739,0.9642493434099801,0.26638957471298,0.398909819270676,0.9387290457909232,0.39118459054044513,0.029678523540496826
493864,1,2,0.015156029303189364,0.0019452482823906852,7.791308406540008,2.053008805606209,0.09114791333858437,0.012708333333333334,0.7476224899291992,2,0.6666666666666666,1.0,0.10433934034807035,0.10281977055859333,0.10585891013754739,0.26638957471298,0.398909819270676,0.9387290457909232,0.39118459054044513,0.029678523540496826
493864,42,0,0.005620466663491362,0.004761170041987969,1.180480136761535,0.1659212514565679,0.7197313766736992,0.685078125,0.9238754510879517,2,0.6666666666666666,1.0,0.059692488288932075,0.05965151522227463,0.05973346135558951,0.13131181360887298,0.17774389523675013,0.9496257019711184,0.406931626309436,0.02300548553466797
493864,42,1,0.022213552236480662,0.004231041118752207,5.250138584751359,1.6582544733956497,0.2583352211040921,0.062216796875,0.9765903949737549,2,0.6666666666666666,0.0,0.4594128981984473,0.05973346135558951,0.859092335041305,0.13131181360887298,0.17774389523675013,0.9496257019711184,0.406931626309436,0.02300548553466797
493864,42,2,0.024229967885008398,0.004282071478396814,5.658468804547258,1.7331533264247958,0.24243596922311614,0.05352864583333333,0.9535849094390869,2,0.6666666666666666,0.0,0.4593719251317898,0.05965151522227463,0.859092335041305,0.13131181360887298,0.17774389523675013,0.9496257019711184,0.406931626309436,0.02300548553466797
382125,1,0,0.0017889783054955825,0.00037756975745207254,4.7381398150897445,1.5556446151657413,0.7502893714441397,0.388056640625,0.9584380388259888,3,1.0,1.0,0.5019465344988664,0.3580958131032343,0.6457972558944984,0.2517393044247603,0.32596341278356844,0.927390094884435,0.43110839146353336,0.02056366205215454
382125,1,1,0.0017060882908620462,0.0006574089730488548,2.5951703706667986,0.9536521684850415,0.4709849281493041,0.25543294270833333,0.9378743767738342,3,1.0,1.0,0.5414055987363235,0.4370139415781487,0.6457972558944984,0.2517393044247603,0.32596341278356844,0.927390094884435,0.43110839146353336,0.02056366205215454
382125,1,2,0.0021711794168945116,0.0007238900472502543,2.9993220961423113,1.0983862956415213,0.32651157647318024,0.13914713541666668,0.6804319620132446,3,1.0,1.0,0.3975548773406915,0.3580958131032343,0.4370139415781487,0.2517393044247603,0.32596341278356844,0.927390094884435,0.43110839146353336,0.02056366205215454
382125,47,0,0.0043099642603034935,0.0007510626478823699,5.738488349429972,1.7471958221219608,0.450955476912267,0.12520833333333334,0.7295913696289062,3,1.0,1.0,0.3749444150799414,0.3684583390465743,0.3814304911133085,0.26360227501068884,0.39428244142606594,0.9007727707046865,0.5509399702588298,0.010398447513580322
382125,47,1,0.0062165559416102086,0.0008204688818025014,7.576833286322965,2.025095340271094,0.3621713015297296,0.069716796875,0.8831257224082947,3,1.0,1.0,0.5549613306545551,0.3684583390465743,0.741464322262536,0.26360227501068884,0.39428244142606594,0.9007727707046865,0.5509399702588298,0.010398447513580322
382125,47,2,0.007520569189977587,0.0008487184792069455,8.861088058485334,2.181669562908075,0.3277524015535931,0.052151692708333336,0.8727272748947144,3,1.0,1.0,0.5614474066879223,0.3814304911133085,0.741464322262536,0.26360227501068884,0.39428244142606594,0.9007727707046865,0.5509399702588298,0.010398447513580322
368752,1,0,0.002996155894478838,0.0006505802395787139,4.605359504637971,1.5272207353191505,0.53491013024118,0.19983072916666667,0.8866025805473328,3,1.0,1.0,0.31797868910160026,0.3079676639918862,0.32798971421131434,0.1338191467168536,0.17348807186343632,0.9204203792090656,0.45018391028982785,0.09791487455368042
368752,1,1,0.0053595221062867245,0.0007221971967133907,7.421133899793516,2.004331862374355,0.4100282824842925,0.08563151041666667,0.8612865805625916,3,1.0,1.0,0.536922976295704,0.3079676639918862,0.7658782885995217,0.1338191467168536,0.17348807186343632,0.9204203792090656,0.45018391028982785,0.09791487455368042
368752,1,2,0.006662311284013011,0.0007289768639538204,9.139262992159646,2.2125797469338346,0.3915639275392421,0.06578450520833333,0.9845174551010132,3,1.0,1.0,0.546934001405418,0.32798971421131434,0.7658782885995217,0.1338191467168536,0.17348807186343632,0.9204203792090656,0.45018391028982785,0.09791487455368042
368752,67,0,0.0032642319942673896,0.002405667111609246,1.3568926378707995,0.30519726076370823,0.22922848669864962,0.179775390625,0.8413893580436707,3,1.0,1.0,0.6409032600501652,0.5425278017569695,0.7392787183433609,0.2987396298352151,0.32700725869438607,0.9560978196179223,0.3271062139184616,0.020713508129119873
368752,67,1,0.003345141492020611,0.002428004323363402,1.377732921829813,0.3204393383073047,0.18808307010461858,0.14393880208333334,0.8669915795326233,3,1.0,1.0,0.6971578983466613,0.6550370783499618,0.7392787183433609,0.2987396298352151,0.32700725869438607,0.9560978196179223,0.3271062139184616,0.020713508129119873
368752,67,2,0.003955753439695454,0.002375300512952996,1.665369672788162,0.5100471247397417,0.18059601678937112,0.116875,0.8462780714035034,3,1.0,1.0,0.5987824400534656,0.5425278017569695,0.6550370783499618,0.2987396298352151,0.32700725869438607,0.9560978196179223,0.3271062139184616,0.020713508129119873
137106,1,0,0.0008856967408367864,0.0011907088750025912,0.7438398744537946,-0.2959294886920188,0.6004643871084853,0.6689256440281031,0.9722805619239807,3,1.0,1.0,0.5716867598486125,0.5712966201740195,0.5720768995232055,0.21508175698150334,0.3203039938052852,0.9745697648998137,0.2450848277600005,0.00684201717376709
137106,1,1,0.0009625767723845308,0.0010016495779218018,0.9609915409944765,-0.039789671306736565,0.37380064909340344,0.3831601288056206,0.9812222719192505,3,1.0,1.0,0.7850985642654196,0.5720768995232055,0.9981202290076336,0.21508175698150334,0.3203039938052852,0.9745697648998137,0.2450848277600005,0.00684201717376709
137106,1,2,0.0009639929027470019,0.0010007662169643596,0.9632548395846559,-0.037437270226217706,0.37428980271938167,0.38309792154566746,0.9880642890930176,3,1.0,1.0,0.7847084245908266,0.5712966201740195,0.9981202290076336,0.21508175698150334,0.3203039938052852,0.9745697648998137,0.2450848277600005,0.00684201717376709
137106,65,0,0.0056426875023980454,0.0023008334231099732,2.452453725362928,0.8970890441030459,0.8825243969326388,0.7538897833723653,0.9076574444770813,3,1.0,1.0,0.6097179568281091,0.5072995531083688,0.7121363605478495,0.3741119735302134,0.560014163551845,0.9508504224887051,0.3707429448932284,0.061209022998809814
137106,65,1,0.006392653886956675,0.002996538362833258,2.1333462518327337,0.7576917573822054,0.7121661966357669,0.5369913641686183,0.9300217032432556,3,1.0,1.0,0.7113048710876301,0.7104733816274107,0.7121363605478495,0.3741119735302134,0.560014163551845,0.9508504224887051,0.3707429448932284,0.061209022998809814
137106,65,2,0.007853259887700633,0.002929075262234757,2.6811396710331703,0.9862419546422927,0.6257112720451438,0.38405298594847775,0.9912307262420654,3,1.0,1.0,0.6088864673678898,0.5072995531083688,0.7104733816274107,0.3741119735302134,0.560014163551845,0.9508504224887051,0.3707429448932284,0.061209022998809814
349152,67,0,0.0029324495970646084,0.002425097194215398,1.2092091000930572,0.18996650994960199,0.5235692310728196,0.47611328125,0.963282585144043,3,1.0,1.0,0.3006146181404821,0.2910807731406622,0.31014846314030203,0.32251112468170257,0.4784649906420833,0.9718758292990604,0.28488221053377294,0.002229928970336914
349152,67,1,0.0034296500231217274,0.002524845786558193,1.3583601976889768,0.3062782355604578,0.20157241032878243,0.156728515625,0.961052656173706,3,1.0,1.0,0.5930631964058588,0.31014846314030203,0.8759779296714156,0.32251112468170257,0.4784649906420833,0.9718758292990604,0.28488221053377294,0.002229928970336914
349152,67,2,0.003657184084286982,0.0025055579617315298,1.4596286091501802,0.3781820263398907,0.19184679433257423,0.13988606770833334,0.9498773813247681,3,1.0,1.0,0.5835293514060389,0.2910807731406622,0.8759779296714156,0.32251112468170257,0.4784649906420833,0.9718758292990604,0.28488221053377294,0.002229928970336914
349152,60,0,0.035276288065905693,0.009711707146994018,3.6323467674982473,1.2898789318426636,0.4897263121155225,0.20899739583333332,0.8929035067558289,3,1.0,1.0,0.5357208084432201,0.4543309483939717,0.6171106684924685,0.18695308944774688,0.2526162481025582,0.9447533821640133,0.335921771350433,0.015392124652862549
349152,60,1,0.03926758321278676,0.011459294153733346,3.4267017394406443,1.23159820657732,0.33723296136879594,0.12929036458333334,0.8827270865440369,3,1.0,1.0,0.5869015580362477,0.5566924475800268,0.6171106684924685,0.18695308944774688,0.2526162481025582,0.9447533821640133,0.335921771350433,0.015392124652862549
349152,60,2,0.05215437913399473,0.010841145385045721,4.810781266813903,1.570859496480281,0.3533243009659921,0.10198893229166667,0.9082956314086914,3,1.0,1.0,0.5055116979869992,0.4543309483939717,0.5566924475800268,0.18695308944774688,0.2526162481025582,0.9447533821640133,0.335921771350433,0.015392124652862549
13291,1,0,0.0010696197962000152,0.0005137701624805792,2.0819032949554446,0.7332825219007386,0.26279133841160257,0.1461910447761194,0.9407774806022644,2,0.6666666666666666,1.0,0.5277500046129775,0.45601753641634846,0.5994824728096066,0.35860637719409083,0.5013873804177832,0.9234462610798346,0.4362171010942318,0.04466116428375244
13291,1,1,0.0011048155081505536,0.0005446194443374963,2.0286009205306805,0.7073463546411225,0.16708424260456178,0.08998805970149254,0.896116316318512,1,0.3333333333333333,0.0,0.38952290876482115,0.17956334472003566,0.5994824728096066,0.35860637719409083,0.5013873804177832,0.9234462610798346,0.4362171010942318,0.04466116428375244
13291,1,2,0.0011004287823810222,0.000539079829412378,2.041309506124967,0.7135915175928438,0.1843293102300664,0.09967164179104478,0.7443565130233765,1,0.3333333333333333,1.0,0.31779044056819206,0.17956334472003566,0.45601753641634846,0.35860637719409083,0.5013873804177832,0.9234462610798346,0.4362171010942318,0.04466116428375244
13291,34,0,0.016398477490438042,0.0037241519596400404,4.403278293622521,1.4823493302931612,0.19966109024355774,0.053617910447761194,0.6765159964561462,1,0.3333333333333333,0.0,0.36657631779938327,0.23917796239615216,0.4939746732026144,0.20410334287368637,0.2890355631719325,0.9471451740749427,0.4012959168629711,0.019947469234466553
13291,34,1,0.01907417757766463,0.003891781478592503,4.901143005506524,1.5894684443965272,0.14605139968231187,0.03371940298507463,0.7334350943565369,1,0.3333333333333333,0.0,0.40926803835569314,0.32456140350877194,0.4939746732026144,0.20410334287368637,0.2890355631719325,0.9471451740749427,0.4012959168629711,0.019947469234466553
13291,34,2,0.025570099700920505,0.004101886136644378,6.2337419525752225,1.8299767869720502,0.0816372838082731,0.014059701492537314,0.7533825635910034,1,0.3333333333333333,0.0,0.28186968295246206,0.23917796239615216,0.32456140350877194,0.20410334287368637,0.2890355631719325,0.9471451740749427,0.4012959168629711,0.019947469234466553
17959,1,0,0.0007840335651224003,0.00040072472276030027,1.9565390369858542,0.6711771162036464,0.14773293853792066,0.08138539227166276,0.8382536768913269,2,0.6666666666666666,1.0,0.4620682287833451,0.3463230672532998,0.5778133903133903,0.20597815021131338,0.2557322233153201,0.9122175076100547,0.5012752367596237,0.058104872703552246
17959,1,1,0.001070753832174581,0.0003994896178928138,2.6803045224108133,0.98593041676677,0.11977071202387317,0.04831308548009368,0.9443409442901611,2,0.6666666666666666,1.0,0.5815065740913199,0.5778133903133903,0.5851997578692494,0.20597815021131338,0.2557322233153201,0.9122175076100547,0.5012752367596237,0.058104872703552246
17959,1,2,0.0016357692557914859,0.0003967978359536995,4.122424830613067,1.416441541964161,0.10736036221917583,0.028348214285714286,0.8862360715866089,2,0.6666666666666666,1.0,0.46576141256127457,0.3463230672532998,0.5851997578692494,0.20597815021131338,0.2557322233153201,0.9122175076100547,0.5012752367596237,0.058104872703552246
17959,38,0,0.00904955329180886,0.00876919664646159,1.031970618931031,0.03147019673652407,0.6163492624947957,0.6088810011709602,0.973008394241333,3,1.0,1.0,0.8518998548330965,0.816250252943067,0.887549456723126,0.2882637263715777,0.42219508593143024,0.9638404741169588,0.2781733625017726,0.003530442714691162
17959,38,1,0.00795438481796193,0.010128894486563237,0.7853161890203043,-0.2416688536106509,0.48651051947317786,0.5467871779859484,0.9694779515266418,3,1.0,1.0,0.9015204115422513,0.887549456723126,0.9154913663613766,0.2882637263715777,0.42219508593143024,0.9638404741169588,0.2781733625017726,0.003530442714691162
17959,38,2,0.007382680238358584,0.010546556287642617,0.7000086128880618,-0.3566626397531727,0.4193578347271273,0.5078125,0.951931357383728,3,1.0,1.0,0.8658708096522219,0.816250252943067,0.9154913663613766,0.2882637263715777,0.42219508593143024,0.9638404741169588,0.2781733625017726,0.003530442714691162
550714,52,0,0.01972968657354609,0.0021283793674137523,9.269816681342064,2.226763603957406,0.8368050787436105,0.35614908854166666,0.9631872177124023,3,1.0,1.0,0.7457597414148289,0.7189309658208656,0.7725885170087923,0.3964640414950272,0.5861665736757172,0.9102400156946417,0.44105381166213703,0.00931483507156372
550714,52,1,0.023716943955648606,0.0025806724539172237,9.190218584484926,2.2181397211633445,0.7772426642235852,0.275185546875,0.9724884629249573,3,1.0,1.0,0.8482450183112049,0.7725885170087923,0.9239015196136177,0.3964640414950272,0.5861665736757172,0.9102400156946417,0.44105381166213703,0.00931483507156372
550714,52,2,0.02518645128314947,0.002606265603457152,9.663808339440312,2.2683878086100333,0.7692200003581686,0.256455078125,0.981803297996521,3,1.0,1.0,0.8214162427172416,0.7189309658208656,0.9239015196136177,0.3964640414950272,0.5861665736757172,0.9102400156946417,0.44105381166213703,0.00931483507156372
550714,1,0,0.0009703665143933351,0.0001367442932649991,7.09621209140065,1.9595611344582125,0.9710891060501099,0.8255826822916666,0.9395492076873779,3,1.0,1.0,0.3227086776304363,0.27623497523943097,0.36918238002144166,0.16600179795018832,0.24867322121688143,0.9516239958630055,0.35472836266330166,0.01844412088394165
550714,1,1,0.0017347748395352654,0.0004253143810765889,4.078805967165423,1.4058042910541375,0.6417968426809075,0.305205078125,0.9459760785102844,3,1.0,1.0,0.5574368430172317,0.36918238002144166,0.7456913060130218,0.16600179795018832,0.24867322121688143,0.9516239958630055,0.35472836266330166,0.01844412088394165
550714,1,2,0.0021783143411303056,0.00042314851414483796,5.147871877524368,1.6385834020674648,0.6045002542635347,0.228935546875,0.9644201993942261,3,1.0,1.0,0.5109631406262264,0.27623497523943097,0.7456913060130218,0.16600179795018832,0.24867322121688143,0.9516239958630055,0.35472836266330166,0.01844412088394165
429598,82,0,0.006585993880876238,0.0023960096752565162,2.748734258521894,1.011140536245336,0.4449925840072798,0.2258203125,0.9268472790718079,3,1.0,1.0,0.7907075561850813,0.7890125271187627,0.7924025852513998,0.14194671154399693,0.1796914115394539,0.9072384747833396,0.5328181931374277,0.009630203247070312
429598,82,1,0.007999697281592135,0.0022479355216585032,3.558686270561424,1.2693914517592217,0.4553661251865396,0.19024739583333333,0.9745512008666992,3,1.0,1.0,0.866258449300309,0.7890125271187627,0.9435043714818554,0.14194671154399693,0.1796914115394539,0.9072384747833396,0.5328181931374277,0.009630203247070312
429598,82,2,0.007855773408837325,0.002354639378384193,3.3362957731947214,1.2048611417232313,0.4219548180276811,0.17951822916666665,0.9841814041137695,3,1.0,1.0,0.8679534783666276,0.7924025852513998,0.9435043714818554,0.14194671154399693,0.1796914115394539,0.9072384747833396,0.5328181931374277,0.009630203247070312
429598,79,0,0.009043809462317377,0.003244373212800998,2.7875367186014817,1.025158309402512,0.40153245580703206,0.19399739583333334,0.8676609992980957,3,1.0,1.0,0.49660717735019777,0.17469180805938495,0.8185225466410107,0.15100511738662556,0.2139632855361635,0.9206371795583191,0.4979232587566884,0.012015879154205322
429598,79,1,0.010336502544060912,0.0032346284435275487,3.1955764692382362,1.1617675002075367,0.3780080889726741,0.15979166666666667,0.8717030882835388,3,1.0,1.0,0.5138931094340083,0.20926367222700604,0.8185225466410107,0.15100511738662556,0.2139632855361635,0.9206371795583191,0.4979232587566884,0.012015879154205322
429598,79,2,0.02973596851719807,0.003400826443380805,8.74374773412236,2.1683389003227034,0.2503077154855841,0.036780598958333334,0.8837189674377441,2,0.6666666666666666,1.0,0.1919777401431955,0.17469180805938495,0.20926367222700604,0.15100511738662556,0.2139632855361635,0.9206371795583191,0.4979232587566884,0.012015879154205322
466156,17,0,0.036363622421179215,0.0032814126992956436,11.081697348798272,2.405294859938952,0.4287375706598891,0.06342933333333334,0.7571735382080078,3,1.0,1.0,0.476138708310307,0.42964698009034635,0.5226304365302678,0.11548214031798598,0.15329575106571441,0.8856248713141399,0.6861720794346409,0.07710278034210205
466156,17,1,0.05815941745004845,0.0033186601861415607,17.52496916538554,2.863626673471851,0.4063098057223855,0.037584,0.9640679359436035,2,0.6666666666666666,1.0,0.5600105868235161,0.5226304365302678,0.5973907371167645,0.11548214031798598,0.15329575106571441,0.8856248713141399,0.6861720794346409,0.07710278034210205
466156,17,2,0.058721143397333614,0.0038591675348422774,15.216013000720247,2.7223483602308614,0.30253819013328737,0.027717333333333333,0.8869651556015015,3,1.0,1.0,0.5135188586035554,0.42964698009034635,0.5973907371167645,0.11548214031798598,0.15329575106571441,0.8856248713141399,0.6861720794346409,0.07710278034210205
466156,3,0,0.005847123790297199,0.0035079907267335834,1.6668013812211144,0.5109064494032177,0.339169541649813,0.23542933333333332,0.8557327389717102,3,1.0,1.0,0.38881735849691623,0.2863776388511371,0.49125707814269537,0.10975218317039544,0.13068490424439977,0.9594785800450006,0.3260513779048216,0.041496872901916504
466156,3,1,0.00862083026474833,0.0034617203364421594,2.490331229679345,0.9124157257133195,0.24577713518836086,0.115712,0.8762795925140381,3,1.0,1.0,0.5370743610743896,0.49125707814269537,0.5828916440060838,0.10975218317039544,0.13068490424439977,0.9594785800450006,0.3260513779048216,0.041496872901916504
466156,3,2,0.010587741355176448,0.0035864094172623926,2.9521842378793957,1.0825453160909342,0.17596969917560196,0.067456,0.9177764654159546,3,1.0,1.0,0.43463464142861047,0.2863776388511371,0.5828916440060838,0.10975218317039544,0.13068490424439977,0.9594785800450006,0.3260513779048216,0.041496872901916504
371529,1,0,0.0012196144535097867,0.0010928311481828343,1.1160136260956277,0.10976307446761918,0.28804378231915007,0.2660675048828125,0.9512008428573608,2,0.6666666666666666,0.0,0.5353204761576162,0.43441862595769537,0.6362223263575372,0.48930230640036587,0.5948096599818845,0.9476530555152075,0.3687367336470681,0.03752666711807251
371529,1,1,0.0012026972897388759,0.0011108802412632998,1.0826525164301317,0.07941406457762047,0.18235979170545255,0.1708160400390625,0.9136741757392883,2,0.6666666666666666,0.0,0.6573493876062768,0.6362223263575372,0.6784764488550163,0.48930230640036587,0.5948096599818845,0.9476530555152075,0.3687367336470681,0.03752666711807251
371529,1,2,0.0012405397059429652,0.0011115830025770618,1.1160117615606953,0.1097614037425658,0.12792443044230245,0.1161712646484375,0.7154173851013184,1,0.3333333333333333,0.0,0.5564475374063559,0.43441862595769537,0.6784764488550163,0.48930230640036587,0.5948096599818845,0.9476530555152075,0.3687367336470681,0.03752666711807251
371529,70,0,0.006226301172846917,0.006160682454911472,1.0106512090835782,0.010594884713293529,0.1955793450132671,0.1939178466796875,0.8307960033416748,2,0.6666666666666666,0.0,0.1263385652104016,0.06108888829230315,0.19158824212850006,0.28334715824164547,0.37814962366706384,0.9294877073961876,0.46325913791586754,0.004914343357086182
371529,70,1,0.024156454877588496,0.0050970707188789125,4.739281874857401,1.5558856210759724,0.2209771849201715,0.0564727783203125,0.835710346698761,3,1.0,1.0,0.2826630119278093,0.19158824212850006,0.3737377817271185,0.28334715824164547,0.37814962366706384,0.9294877073961876,0.46325913791586754,0.004914343357086182
371529,70,2,0.024679152744419217,0.005254207892278661,4.697026315991326,1.5469296097929797,0.1891712675413848,0.047320556640625,0.7392748594284058,3,1.0,1.0,0.21741333500971083,0.06108888829230315,0.3737377817271185,0.28334715824164547,0.37814962366706384,0.9294877073961876,0.46325913791586754,0.004914343357086182
221693,18,0,0.02256322937023379,0.0035126522237993625,6.42341681619864,1.8599501905315154,0.6664873183562864,0.23728726525821597,0.8971349596977234,3,1.0,1.0,0.560320145044513,0.18755409917150984,0.9330861909175162,0.11168435752832667,0.13942575729576193,0.9476315056697698,0.37082604304010547,0.027059316635131836
221693,18,1,0.02335156708233093,0.0036687241562254475,6.365037566626722,1.8508201340971049,0.6445664552174911,0.2217356220657277,0.9241942763328552,3,1.0,1.0,0.5666886053220119,0.2002910197265076,0.9330861909175162,0.11168435752832667,0.13942575729576193,0.9476315056697698,0.37082604304010547,0.027059316635131836
221693,18,2,0.04741688765874427,0.006198354695442551,7.649915176031867,2.034694559697651,0.26274547173741847,0.044512910798122064,0.7605185508728027,3,1.0,1.0,0.1939225594490087,0.18755409917150984,0.2002910197265076,0.11168435752832667,0.13942575729576193,0.9476315056697698,0.37082604304010547,0.027059316635131836
221693,34,0,0.011957665352240432,0.003224882244629943,3.7079385978958874,1.3104760882908757,0.4394794937737666,0.17454518779342723,0.6234622597694397,3,1.0,1.0,0.2968525867961198,0.2828690281104248,0.31083614548181476,0.09099433432013602,0.11203267803514877,0.949425829389642,0.4389926895658275,0.1687358021736145
221693,34,1,0.021640960024238712,0.0037420724870930963,5.783148266929115,1.7549482173043378,0.2563873833371352,0.056264671361502344,0.8260206580162048,3,1.0,1.0,0.5928855376029584,0.31083614548181476,0.874934929724102,0.09099433432013602,0.11203267803514877,0.949425829389642,0.4389926895658275,0.1687358021736145
221693,34,2,0.02238628326838343,0.003832195569413724,5.841633825062484,1.765010522323491,0.23295568079219342,0.04942048122065728,0.9947564601898193,3,1.0,1.0,0.5789019789172634,0.2828690281104248,0.874934929724102,0.09099433432013602,0.11203267803514877,0.949425829389642,0.4389926895658275,0.1687358021736145
215259,1,0,0.0005361206350394492,0.0005829776185239152,0.9196247284368627,-0.08378959416218942,0.28507271911110466,0.302452380952381,0.8601151704788208,2,0.6666666666666666,1.0,0.32897118693754135,0.24139953088350274,0.41654284299158,0.21525452777242812,0.23905344647157228,0.9325347765412138,0.427738824765358,0.07353740930557251
215259,1,1,0.001035350925161616,0.0004927512203465464,2.101163589878685,0.7424912826622403,0.25513406490861124,0.14016666666666666,0.9336525797843933,2,0.6666666666666666,1.0,0.45450381876170454,0.41654284299158,0.49246479453182906,0.21525452777242812,0.23905344647157228,0.9325347765412138,0.427738824765358,0.07353740930557251
215259,1,2,0.0013900184334309379,0.0005016605632863647,2.7708345690044487,1.0191485639896711,0.184706733408937,0.07558333333333334,0.7701356410980225,2,0.6666666666666666,1.0,0.36693216270766593,0.24139953088350274,0.49246479453182906,0.21525452777242812,0.23905344647157228,0.9325347765412138,0.427738824765358,0.07353740930557251
215259,63,0,0.008865719468351053,0.002266166739978538,3.912209683442273,1.3641023509108636,0.24458490777493397,0.07643452380952381,0.9160024523735046,3,1.0,1.0,0.6792695418912129,0.5896120052873027,0.7689270784951231,0.108925727691271,0.13264072835669613,0.9614564802777662,0.3061902694267768,0.0642930269241333
215259,63,1,0.010597407599952743,0.0022747061132090567,4.658802969647616,1.5387585417681007,0.22790326139745234,0.059583333333333335,0.9802954792976379,3,1.0,1.0,0.7632680497754529,0.7576090210557829,0.7689270784951231,0.108925727691271,0.13264072835669613,0.9614564802777662,0.3061902694267768,0.0642930269241333
215259,63,2,0.011616007130591285,0.002351318083801694,4.940210856912181,1.5974080139604627,0.18973990750786182,0.04525595238095238,0.821503758430481,3,1.0,1.0,0.6736105131715429,0.5896120052873027,0.7576090210557829,0.108925727691271,0.13264072835669613,0.9614564802777662,0.3061902694267768,0.0642930269241333
194724,82,0,0.00725745220497058,0.0019019150301804277,3.8158656333170815,1.339167541708999,0.24931007997235627,0.08006510416666666,0.8133984804153442,3,1.0,1.0,0.3942456833992833,0.1079646017699115,0.6805267650286551,0.2577181208053691,0.3865771812080536,0.945929456884735,0.34586321340463033,0.004240691661834717
194724,82,1,0.0073710013570875595,0.0020400372418362864,3.6131699962690753,1.284585502472753,0.1724377993596286,0.054524739583333336,0.817639172077179,3,1.0,1.0,0.4140138194244988,0.14750087382034255,0.6805267650286551,0.2577181208053691,0.3865771812080536,0.945929456884735,0.34586321340463033,0.004240691661834717
194724,82,2,0.006332516439647314,0.0022919317906159556,2.7629602516148584,1.0163026600438008,0.02607323832401959,0.009596354166666666,0.7413012981414795,1,0.3333333333333333,1.0,0.12773273779512703,0.1079646017699115,0.14750087382034255,0.2577181208053691,0.3865771812080536,0.945929456884735,0.34586321340463033,0.004240691661834717
194724,44,0,0.014141857493457267,0.0017592199543746525,8.03870911664684,2.084268512739841,0.3212720833311849,0.055608723958333335,0.9228466749191284,3,1.0,1.0,0.7901411936471396,0.5920883487203459,0.9881940385739334,0.10119585242614539,0.13048648260541415,0.9303434411280467,0.46052568689944706,0.05454224348068237
194724,44,1,0.014244919491311464,0.0017595206293513925,8.095909332115431,2.091358913456186,0.3208097745926167,0.055126953125,0.9773889183998108,3,1.0,1.0,0.7928178398481551,0.5974416411223767,0.9881940385739334,0.10119585242614539,0.13048648260541415,0.9303434411280467,0.46052568689944706,0.05454224348068237
194724,44,2,0.016182810203478767,0.0019778171136019987,8.182157027564845,2.10195581121628,0.21873636420903897,0.0330859375,0.8976230621337891,3,1.0,1.0,0.5947649949213614,0.5920883487203459,0.5974416411223767,0.10119585242614539,0.13048648260541415,0.9303434411280467,0.46052568689944706,0.05454224348068237
120777,47,0,0.013188048604987962,0.0022337433786196706,5.904012396998545,1.7756321871344194,0.29660634876076225,0.06666133333333334,0.8763895034790039,2,0.6666666666666666,1.0,0.6422570673873438,0.6359130156699713,0.6486011191047162,0.12589110433204923,0.1510461302065699,0.9284037429130412,0.46439255519110656,0.03995317220687866
120777,47,1,0.019490343794112023,0.002215390668646162,8.79770058669832,2.1744903904253676,0.28494924133776456,0.043333333333333335,0.9831220507621765,2,0.6666666666666666,1.0,0.8143313287831273,0.6486011191047162,0.9800615384615384,0.12589110433204923,0.1510461302065699,0.9284037429130412,0.46439255519110656,0.03995317220687866
120777,47,2,0.019545415218177545,0.0022285356396353827,8.770519466587894,2.171396036903204,0.28005688388113686,0.04246933333333333,0.9431688785552979,2,0.6666666666666666,1.0,0.8079872770657548,0.6359130156699713,0.9800615384615384,0.12589110433204923,0.1510461302065699,0.9284037429130412,0.46439255519110656,0.03995317220687866
120777,54,0,0.016685718827254923,0.0025596655063136495,6.5187106594902176,1.8746766048311352,0.4722776554647089,0.12071466666666666,0.8075419664382935,3,1.0,1.0,0.26871078907837764,0.24016965626932932,0.297251921887426,0.17930311372139893,0.23472889416173898,0.9412781497887182,0.4378018792679169,0.025469303131103516
120777,54,1,0.029475473707727868,0.003326595856628245,8.860551437331171,2.1816090016905814,0.24799215488731935,0.03588266666666667,0.9397547245025635,3,1.0,1.0,0.5526093140947237,0.297251921887426,0.8079667063020214,0.17930311372139893,0.23472889416173898,0.9412781497887182,0.4378018792679169,0.025469303131103516
120777,54,2,0.02887956020526788,0.0035299514677484727,8.181291006674092,2.1018499629730463,0.196318482954318,0.028992,0.91428542137146,2,0.6666666666666666,0.0,0.5240681812856753,0.24016965626932932,0.8079667063020214,0.17930311372139893,0.23472889416173898,0.9412781497887182,0.4378018792679169,0.025469303131103516
486438,60,0,0.015211570458812237,0.00575899456482534,2.641358710265117,0.9712934478096076,0.6789183122318402,0.44460626463700237,0.9102283120155334,3,1.0,1.0,0.44351249603041254,0.43899525341658435,0.4480297386442408,0.25001179725475786,0.25446016570280316,0.9458279507609204,0.33033849423145967,0.0033243298530578613
486438,60,1,0.02809512858352781,0.003885171876719848,7.23137340323189,1.9784289771195844,0.707877651533752,0.2509916569086651,0.9577528834342957,3,1.0,1.0,0.6543430962559508,0.4480297386442408,0.8606564538676608,0.25001179725475786,0.25446016570280316,0.9458279507609204,0.33033849423145967,0.0033243298530578613
486438,60,2,0.029555996852965637,0.004545076943057071,6.502859515197353,1.8722420056115883,0.6425544984406855,0.21656908665105387,0.9544285535812378,3,1.0,1.0,0.6498258536421225,0.43899525341658435,0.8606564538676608,0.25001179725475786,0.25446016570280316,0.9458279507609204,0.33033849423145967,0.0033243298530578613
486438,1,0,0.0017498000086471595,0.00031409754946808225,5.570880785410549,1.7175531722447057,0.6564824923801432,0.2554230093676815,0.865185558795929,2,0.6666666666666666,1.0,0.5186409362194073,0.11447859958217987,0.9228032728566347,0.41693613070324703,0.5679486947865583,0.9342867663705127,0.3329754463728919,0.09294664859771729
486438,1,1,0.0017804657680327227,0.00029682599299358717,5.998348541102465,1.7914841887537687,0.6768491275170442,0.25881147540983607,0.9581322073936462,2,0.6666666666666666,1.0,0.511129342008088,0.09945541115954137,0.9228032728566347,0.41693613070324703,0.5679486947865583,0.9342867663705127,0.3329754463728919,0.09294664859771729
486438,1,2,0.0005501359169929415,0.0007022326599064096,0.7834097552267811,-0.2440994035889876,0.11382001205468252,0.14085553278688526,0.8119076490402222,2,0.6666666666666666,1.0,0.10696700537086062,0.09945541115954137,0.11447859958217987,0.41693613070324703,0.5679486947865583,0.9342867663705127,0.3329754463728919,0.09294664859771729
394199,4,0,0.016408529658175745,0.0015683293144435572,10.46242616050001,2.347790378312805,0.6492432895619175,0.150322265625,0.918212890625,3,1.0,1.0,0.3299630828949634,0.2023103143542482,0.4576158514356786,0.14324646851405512,0.1583504266550657,0.9010643476117242,0.5182668686858225,0.009463071823120117
394199,4,1,0.020271152098604084,0.0025413161889844362,7.976635169796888,2.0765166646681608,0.37853728065371056,0.07094401041666666,0.8861590027809143,3,1.0,1.0,0.4482456590804573,0.4388754667252361,0.4576158514356786,0.14324646851405512,0.1583504266550657,0.9010643476117242,0.5182668686858225,0.009463071823120117
394199,4,2,0.023337381680166736,0.003076148229100526,7.586559533057381,2.0263781992314125,0.21919730281416586,0.03568359375,0.9087498188018799,2,0.6666666666666666,1.0,0.32059289053974216,0.2023103143542482,0.4388754667252361,0.14324646851405512,0.1583504266550657,0.9010643476117242,0.5182668686858225,0.009463071823120117
394199,1,0,0.002927899337758569,0.0005648681954140397,5.183331892901372,1.6454480724017955,0.7197347485345298,0.33130208333333333,0.8994091749191284,3,1.0,1.0,0.14535826218523723,0.1406718214240099,0.15004470294646455,0.09704366106876895,0.11946862737985174,0.9085036572843204,0.5772395333003006,0.04635268449783325
394199,1,1,0.012230024471196026,0.0007781722564633778,15.716346032512721,2.7547013193844525,0.451328966900562,0.049736328125,0.9244005084037781,3,1.0,1.0,0.5438030308370649,0.15004470294646455,0.9375613587276654,0.09704366106876895,0.11946862737985174,0.9085036572843204,0.5772395333003006,0.04635268449783325
394199,1,2,0.012507926976246463,0.0008018824182320759,15.598205767155616,2.7471558927947948,0.43276379326691955,0.046630859375,0.9707531929016113,3,1.0,1.0,0.5391165900758377,0.1406718214240099,0.9375613587276654,0.09704366106876895,0.11946862737985174,0.9085036572843204,0.5772395333003006,0.04635268449783325
309938,84,0,0.010319211467342763,0.0016522099747331065,6.245702192158717,1.8318935780514192,0.5019811921222541,0.13895833333333332,0.867389440536499,3,1.0,1.0,0.6419489853351211,0.3886858749121574,0.8952120957580848,0.32817029165290124,0.48966417759697195,0.91057804418547,0.5009819186467543,0.05946236848831177
309938,84,1,0.010647744411455317,0.001738995461117749,6.122928232652483,1.812040451575834,0.467595847917977,0.12544596354166668,0.927394449710846,3,1.0,1.0,0.6595194798668527,0.42382686397562047,0.8952120957580848,0.32817029165290124,0.48966417759697195,0.91057804418547,0.5009819186467543,0.05946236848831177
309938,84,2,0.013580995401133486,0.0022441432366019894,6.051750696468755,1.8003476015737276,0.2568289547348778,0.05402018229166667,0.8679320812225342,3,1.0,1.0,0.40625636944388893,0.3886858749121574,0.42382686397562047,0.32817029165290124,0.48966417759697195,0.91057804418547,0.5009819186467543,0.05946236848831177
309938,18,0,0.007011142546890624,0.0008030781531921799,8.73033653112276,2.166803918062467,0.7881241819995491,0.29877278645833333,0.9542344808578491,3,1.0,1.0,0.3744021327521333,0.2916381120212338,0.45716615348303274,0.11975856693202651,0.17707660972669473,0.902109399045082,0.593831804074249,0.0017186999320983887
309938,18,1,0.013029601494550935,0.0009222562235065393,14.127962651076201,2.6481560003247364,0.7027523839900826,0.14335286458333332,0.9525157809257507,3,1.0,1.0,0.5283172271493026,0.45716615348303274,0.5994683008155725,0.11975856693202651,0.17707660972669473,0.902109399045082,0.593831804074249,0.0017186999320983887
309938,18,2,0.018308390456563507,0.0011524935761705374,15.88589369973935,2.7654315268003513,0.6044344662641256,0.08774739583333334,0.8872771263122559,3,1.0,1.0,0.4455532064184031,0.2916381120212338,0.5994683008155725,0.11975856693202651,0.17707660972669473,0.902109399045082,0.593831804074249,0.0017186999320983887
526728,3,0,0.0014163344173298213,0.0006954518855840318,2.036567079121274,0.7112655867041324,0.5661529573122548,0.390528,0.8649824857711792,3,1.0,1.0,0.23915022552884013,0.17150853775044742,0.3067919133072329,0.3515379326000609,0.3954979516905882,0.8561549436335377,0.6857716421838522,0.002700328826904297
526728,3,1,0.0031700559453079133,0.0006461807960449144,4.9058343420372035,1.5904251791807553,0.42528001573471674,0.13106666666666666,0.8622821569442749,3,1.0,1.0,0.39144544942951565,0.3067919133072329,0.47609898555179836,0.3515379326000609,0.3954979516905882,0.8561549436335377,0.6857716421838522,0.002700328826904297
526728,3,2,0.00465463759808839,0.0006839048567704576,6.805972417366056,1.91780052359155,0.351645532807355,0.073808,0.6966428756713867,3,1.0,1.0,0.3238037616511229,0.17150853775044742,0.47609898555179836,0.3515379326000609,0.3954979516905882,0.8561549436335377,0.6857716421838522,0.002700328826904297
526728,33,0,0.028693250798336175,0.0013470920466029598,21.300141181438544,3.0587137009648155,0.7445232468273704,0.120352,0.7799811959266663,3,1.0,1.0,0.4347366067271318,0.3465065792388463,0.5229666342154173,0.12475440287232087,0.1570052987416031,0.873219576974794,0.6590050671855316,0.014409005641937256
526728,33,1,0.0311792850533239,0.0028477008212227637,10.948932840840707,2.393241994087826,0.42484296123899,0.0632,0.9319201111793518,3,1.0,1.0,0.5911341857196162,0.5229666342154173,0.6593017372238151,0.12475440287232087,0.1570052987416031,0.873219576974794,0.6590050671855316,0.014409005641937256
526728,33,2,0.03618110640218521,0.003264355657614152,11.083690071181007,2.40547466481688,0.32558591681307414,0.04173866666666667,0.9175111055374146,3,1.0,1.0,0.5029041582313307,0.3465065792388463,0.6593017372238151,0.12475440287232087,0.1570052987416031,0.873219576974794,0.6590050671855316,0.014409005641937256
292456,31,0,0.014922689551182566,0.003363014893724567,4.437295111178728,1.4900449816738435,0.28858263571116166,0.08376,0.7217683792114258,3,1.0,1.0,0.25014302101101904,0.1882338008504157,0.3120522411716224,0.1766091363205974,0.2577320401819471,0.9391009438470727,0.4066396959090164,0.09646338224411011
292456,31,1,0.02599083689066632,0.003739059267899344,6.951170072871609,1.9389100012537916,0.15970038392379673,0.026613333333333333,0.8555323481559753,2,0.6666666666666666,1.0,0.4581094539191445,0.3120522411716224,0.6041666666666666,0.1766091363205974,0.2577320401819471,0.9391009438470727,0.4066396959090164,0.09646338224411011
292456,31,2,0.03136648701700136,0.003888975213036633,8.065489053205855,2.0875943487297746,0.11656556352084402,0.016096,0.9519957304000854,2,0.6666666666666666,1.0,0.3962002337585412,0.1882338008504157,0.6041666666666666,0.1766091363205974,0.2577320401819471,0.9391009438470727,0.4066396959090164,0.09646338224411011
292456,33,0,0.0288589749548087,0.004098406565331152,7.041511008665724,1.9518227790872134,0.3241349027902188,0.06376533333333333,0.609006941318512,3,1.0,1.0,0.25320572463713076,0.23863636363636365,0.2677750856378979,0.17474664214025418,0.26125727642561153,0.9224711583782358,0.4917802733813237,0.07685422897338867
292456,33,1,0.05442245526562258,0.004826066168260661,11.276773537060711,2.422745171224257,0.1645216897943335,0.017162666666666666,0.8968658447265625,3,1.0,1.0,0.5789185987195701,0.2677750856378979,0.8900621118012423,0.17474664214025418,0.26125727642561153,0.9224711583782358,0.4917802733813237,0.07685422897338867
292456,33,2,0.054983388531869966,0.0049113708802091816,11.195120438213175,2.4154780082257012,0.14813907850676697,0.015296,0.8200116157531738,3,1.0,1.0,0.564349237718803,0.23863636363636365,0.8900621118012423,0.17474664214025418,0.26125727642561153,0.9224711583782358,0.4917802733813237,0.07685422897338867
494634,17,0,0.023359869820931946,0.0038453922379456727,6.074769066298615,1.8041439747688728,0.7882373577640716,0.37993815104166667,0.9365129470825195,3,1.0,1.0,0.8499886851304738,0.8289358712971371,0.8710414989638104,0.1859604952968337,0.2612572764256115,0.9493416930014811,0.349832801615264,0.03590601682662964
494634,17,1,0.022951417263986817,0.005467434516034101,4.197840356840192,1.4345701923340146,0.6752899671345172,0.3312890625,0.9724189639091492,3,1.0,1.0,0.9106027617788388,0.8710414989638104,0.9501640245938673,0.1859604952968337,0.2612572764256115,0.9493416930014811,0.349832801615264,0.03590601682662964
494634,17,2,0.02303689986713734,0.005842744121743546,3.942821965703339,1.3718967019294936,0.6445715112261998,0.3150455729166667,0.9184890985488892,2,0.6666666666666666,0.0,0.8895499479455022,0.8289358712971371,0.9501640245938673,0.1859604952968337,0.2612572764256115,0.9493416930014811,0.349832801615264,0.03590601682662964
494634,79,0,0.015765394415504893,0.0029042845995688087,5.4283228346206895,1.691630216063438,0.5137746358741763,0.162939453125,0.7006672620773315,3,1.0,1.0,0.20457432464870856,0.15449460647223331,0.2546540428251838,0.1489893972734532,0.16912751677852345,0.9421653149829219,0.4542562928192411,0.09922313690185547
494634,79,1,0.035617802991476454,0.00367320949544889,9.696643500979267,2.2717797948280523,0.2958489820714575,0.041529947916666664,0.9263666868209839,3,1.0,1.0,0.3762126626255988,0.2546540428251838,0.4977712824260139,0.1489893972734532,0.16912751677852345,0.9421653149829219,0.4542562928192411,0.09922313690185547
494634,79,2,0.035712600521450144,0.004206154609076695,8.490558201520548,2.1389547463077947,0.17993956928018753,0.025192057291666667,0.8271435499191284,3,1.0,1.0,0.3261329444491236,0.15449460647223331,0.4977712824260139,0.1489893972734532,0.16912751677852345,0.9421653149829219,0.4542562928192411,0.09922313690185547
179285,43,0,0.021240980890121178,0.005636188144329627,3.768678465377759,1.326724400366003,0.9009245164362932,0.7069910922897197,0.9720203876495361,3,1.0,1.0,0.4923086456090344,0.24978441487356642,0.7348328763445025,0.26096806171823456,0.3268913503318504,0.9831178016957072,0.22055623846552153,0.057174861431121826
179285,43,1,0.022938088911405672,0.009889772257577981,2.319374836110115,0.8412976822150905,0.7149236225170135,0.5195202978971962,0.9148455262184143,3,1.0,1.0,0.5373011370613977,0.339769397778293,0.7348328763445025,0.26096806171823456,0.3268913503318504,0.9831178016957072,0.22055623846552153,0.057174861431121826
179285,43,2,0.03244121782036505,0.013285896887245227,2.4417785335266,0.8927266809951476,0.34369746065657664,0.17659535630841122,0.8645248413085938,3,1.0,1.0,0.29477690632592973,0.24978441487356642,0.339769397778293,0.26096806171823456,0.3268913503318504,0.9831178016957072,0.22055623846552153,0.057174861431121826
179285,37,0,0.016392475552132652,0.007984618860011653,2.053006641578847,0.7193053731528921,0.49152092570858,0.3201190128504673,0.9106411933898926,3,1.0,1.0,0.20953470762918736,0.20536447404433902,0.21370494121403566,0.13070018467734504,0.15882815396112995,0.9722871763040531,0.3114509110916771,0.07314205169677734
179285,37,1,0.04020543861668253,0.00850705311810401,4.726129959902859,1.5531066773329683,0.2576969837272204,0.068428738317757,1.0032302141189575,3,1.0,1.0,0.5872461965993354,0.21370494121403566,0.9607874519846351,0.13070018467734504,0.15882815396112995,0.9722871763040531,0.3114509110916771,0.07314205169677734
179285,37,2,0.03990211290311525,0.008619439479444822,4.629316441474224,1.5324092203931932,0.24572409629693526,0.06574547313084113,0.9300881624221802,3,1.0,1.0,0.583075963014487,0.20536447404433902,0.9607874519846351,0.13070018467734504,0.15882815396112995,0.9722871763040531,0.3114509110916771,0.07314205169677734
43314,1,0,0.0008481904967859692,0.0006588857892989774,1.2873103491897928,0.2525550422846275,0.8004604969158908,0.7570585106382979,0.902056872844696,2,0.6666666666666666,1.0,0.2213528182215195,0.06365628123407269,0.3790493552089663,0.4671680135882145,0.6840062074944523,0.9020828893258466,0.5123588398776158,0.06062030792236328
43314,1,1,0.0009740534805681002,0.0007177925359307862,1.3570125495217071,0.30528562982607454,0.3999456808923051,0.3293829787234043,0.8414365649223328,1,0.3333333333333333,1.0,0.26504614559960893,0.1510429359902516,0.3790493552089663,0.4671680135882145,0.6840062074944523,0.9020828893258466,0.5123588398776158,0.06062030792236328
43314,1,2,0.0018579958906714635,0.0006878843678219807,2.701029380640424,0.9936329529794328,0.22627792196069796,0.09769680851063829,0.8038443326950073,2,0.6666666666666666,1.0,0.10734960861216214,0.06365628123407269,0.1510429359902516,0.4671680135882145,0.6840062074944523,0.9020828893258466,0.5123588398776158,0.06062030792236328
43314,35,0,0.006751242702966649,0.0050142138303693245,1.3464209804397114,0.29744994654127904,0.5066912704279004,0.4327393617021277,0.9604899287223816,3,1.0,1.0,0.4670090082871241,0.295684908142878,0.6383331084313701,0.2786365218833126,0.4175960018666019,0.9551629181596887,0.32608057979409455,0.012935101985931396
43314,35,1,0.008825898655362463,0.004589756867857366,1.9229555960247837,0.6538633754625925,0.4249911935360448,0.2776436170212766,0.9475548267364502,2,0.6666666666666666,0.0,0.539798718809987,0.44126432918860387,0.6383331084313701,0.2786365218833126,0.4175960018666019,0.9551629181596887,0.32608057979409455,0.012935101985931396
43314,35,2,0.010754589954970578,0.005000757270952907,2.1505922743518147,0.7657432807385912,0.24803291477985823,0.13297872340425532,0.7874419689178467,3,1.0,1.0,0.36847461866574094,0.295684908142878,0.44126432918860387,0.2786365218833126,0.4175960018666019,0.9551629181596887,0.32608057979409455,0.012935101985931396
391375,1,0,0.0008144438191949186,0.0006169938435912386,1.3200193589200093,0.2776464035670607,0.5427433844744994,0.4734613289760349,0.9649335145950317,1,0.3333333333333333,0.0,0.11193740716932343,0.011416679249742321,0.21245813508890454,0.18574664232979154,0.2536649780582298,0.9000849798273473,0.5861932507136063,0.01171344518661499
391375,1,1,0.004349798746909546,0.000514978111607937,8.446570136508177,2.1337604581939176,0.312119735075674,0.050980392156862744,0.9532200694084167,1,0.3333333333333333,1.0,0.017907103667233724,0.011416679249742321,0.024397528084725124,0.18574664232979154,0.2536649780582298,0.9000849798273473,0.5861932507136063,0.01171344518661499
391375,1,2,0.001737641988759574,0.000595316876727213,2.918852217651721,1.0711904634343328,0.24656320904744747,0.10081358932461873,0.7454222440719604,1,0.3333333333333333,0.0,0.11842783158681483,0.024397528084725124,0.21245813508890454,0.18574664232979154,0.2536649780582298,0.9000849798273473,0.5861932507136063,0.01171344518661499
391375,15,0,0.0016230399464081892,0.006257747645739491,0.2593648766347826,-1.3495194179845327,0.36822473315327203,0.6920411220043573,0.7717816829681396,2,0.6666666666666666,1.0,0.027777656193931414,0.012033030329432037,0.04352228205843079,0.25004281328550376,0.37506287853105086,0.9009344435287763,0.5677289659366446,0.04961651563644409
391375,15,1,0.01862521742757153,0.002498565858044876,7.454363214060474,2.008799527326416,0.2089150900691595,0.03421500544662309,0.8679669499397278,3,1.0,1.0,0.12624103113071888,0.04352228205843079,0.20895978020300696,0.25004281328550376,0.37506287853105086,0.9009344435287763,0.5677289659366446,0.04961651563644409
391375,15,2,0.027228104947750104,0.0025642148617463696,10.618495876974908,2.362597374649907,0.1759361830837111,0.019709967320261437,0.8183504343032837,2,0.6666666666666666,1.0,0.1104964052662195,0.012033030329432037,0.20895978020300696,0.25004281328550376,0.37506287853105086,0.9009344435287763,0.5677289659366446,0.04961651563644409
182202,67,0,0.004720935841249775,0.004431680277740317,1.0652699527754914,0.06322824403789744,0.7717821025568051,0.7604545454545455,0.9609804153442383,3,1.0,1.0,0.6203721072365277,0.4228614804732489,0.8178827339998065,0.28530163139495995,0.3750604772206403,0.9842914302796273,0.19985586056439483,0.019710302352905273
182202,67,1,0.0050655863948395235,0.003737907907100383,1.3551929366322646,0.3039438330512699,0.7494658987069882,0.6882224025974026,0.941270112991333,3,1.0,1.0,0.6526403468905138,0.4873979597812211,0.8178827339998065,0.28530163139495995,0.3750604772206403,0.9842914302796273,0.19985586056439483,0.019710302352905273
182202,67,2,0.005456539139934682,0.004232162989790262,1.2893026926913782,0.25410152410668757,0.40189270149782214,0.3426095779220779,0.8771229982376099,3,1.0,1.0,0.45512972012723496,0.4228614804732489,0.4873979597812211,0.28530163139495995,0.3750604772206403,0.9842914302796273,0.19985586056439483,0.019710302352905273
182202,73,0,0.011950939098778965,0.0022189854574487956,5.385767199724414,1.6837597703165805,0.8162316911264789,0.4519642857142857,0.9833616018295288,2,0.6666666666666666,1.0,0.7856187978628694,0.6162108323462905,0.9550267633794483,0.27445534497348906,0.4114430856176024,0.9561814525174274,0.31664697134458675,0.025163888931274414
182202,73,1,0.012297119191663252,0.002280493321690672,5.392306598448761,1.6849732338048704,0.8045951543078104,0.4329788961038961,0.9581977128982544,2,0.6666666666666666,1.0,0.7990031598337759,0.6429795562881037,0.9550267633794483,0.27445534497348906,0.4114430856176024,0.9561814525174274,0.31664697134458675,0.025163888931274414
182202,73,2,0.012013776338435134,0.004529004922301223,2.652630443527584,0.9755517679587923,0.5065680483901752,0.27903003246753244,0.8715986013412476,2,0.6666666666666666,1.0,0.6295951943171971,0.6162108323462905,0.6429795562881037,0.27445534497348906,0.4114430856176024,0.9561814525174274,0.31664697134458675,0.025163888931274414
166918,67,0,0.019945025172543363,0.0037885008810863976,5.264622021563122,1.6610093522827605,0.2885348432179267,0.0715234375,0.8312516808509827,3,1.0,1.0,0.3816779209237373,0.3201523671322329,0.44320347471524174,0.4196734581109805,0.5801636492385878,0.9393441659360001,0.3707436760555363,0.003638923168182373
166918,67,1,0.023802857153091626,0.004270681477275606,5.57355009362642,1.718032210671253,0.1659816757512271,0.034475911458333335,0.8276127576828003,3,1.0,1.0,0.5560802765142474,0.44320347471524174,0.668957078313253,0.4196734581109805,0.5801636492385878,0.9393441659360001,0.3707436760555363,0.003638923168182373
166918,67,2,0.02556485921087093,0.004453394413237404,5.740533362403437,1.747552126333114,0.12018096965191787,0.0232421875,0.7341656684875488,3,1.0,1.0,0.4945547227227429,0.3201523671322329,0.668957078313253,0.4196734581109805,0.5801636492385878,0.9393441659360001,0.3707436760555363,0.003638923168182373
166918,1,0,0.0029672917715201363,0.0003755604807126649,7.900969127498249,2.0669854266529657,0.15245070644381167,0.022259114583333333,0.8042073249816895,2,0.6666666666666666,0.0,0.21146606197955176,0.20983892033086635,0.21309320362823714,0.27988488009767887,0.4095638201554588,0.8632420851439284,0.6821195799464308,0.020585238933563232
166918,1,1,0.005339150881320858,0.00039478320145374264,13.524260526121182,2.604485148831503,0.09587606195238191,0.007779947916666667,0.8724321722984314,1,0.3333333333333333,0.0,0.41810753670560435,0.21309320362823714,0.6231218697829716,0.27988488009767887,0.4095638201554588,0.8632420851439284,0.6821195799464308,0.020585238933563232
166918,1,2,0.006319238740765385,0.0004043882727536542,15.626661678659229,2.7489785375604154,0.07117156056680117,0.004879557291666667,0.8930174112319946,1,0.3333333333333333,0.0,0.416480395056919,0.20983892033086635,0.6231218697829716,0.27988488009767887,0.4095638201554588,0.8632420851439284,0.6821195799464308,0.020585238933563232
48396,61,0,0.012475607876209745,0.0014427529941361168,8.647085064642498,2.1572222774846193,0.36423554484730297,0.06213773419203747,0.9626687169075012,3,1.0,1.0,0.6896448994565134,0.5872430152872957,0.792046783625731,0.17473640075316352,0.25201338072508095,0.9263584749348385,0.5150264880456529,0.0008869767189025879
48396,61,1,0.011887661371337352,0.0016146990746885913,7.362152831026944,1.9963523942695054,0.279254281963447,0.04999634074941452,0.9635556936264038,3,1.0,1.0,0.7650214185613855,0.7379960534970401,0.792046783625731,0.17473640075316352,0.25201338072508095,0.9263584749348385,0.5150264880456529,0.0008869767189025879
48396,61,2,0.00887358588639698,0.0018689685630579097,4.747851867091133,1.5576922773614392,0.1543658325629265,0.03702429742388759,0.937842845916748,2,0.6666666666666666,1.0,0.6626195343921679,0.5872430152872957,0.7379960534970401,0.17473640075316352,0.25201338072508095,0.9263584749348385,0.5150264880456529,0.0008869767189025879
48396,67,0,0.014570128288921303,0.001231800083216035,11.82832220554222,2.4704968426028033,0.45331742251927193,0.06551156323185012,0.947873055934906,3,1.0,1.0,0.6582519112194514,0.5568276551992442,0.7596761672396585,0.16163521247770798,0.24165480714952584,0.8984948457287799,0.617422897656434,0.006566226482391357
48396,67,1,0.015057375796901012,0.0014151677283823858,10.639993750756613,2.3646198966448337,0.3619229258995042,0.05061109484777518,0.958361804485321,3,1.0,1.0,0.7435367631782389,0.7273973591168194,0.7596761672396585,0.16163521247770798,0.24165480714952584,0.8984948457287799,0.617422897656434,0.006566226482391357
48396,67,2,0.014781079029595577,0.0016187212447337958,9.131330714631503,2.2117114359301553,0.2596734565729799,0.036991364168618264,0.9517955780029297,2,0.6666666666666666,1.0,0.6421125071580318,0.5568276551992442,0.7273973591168194,0.16163521247770798,0.24165480714952584,0.8984948457287799,0.617422897656434,0.006566226482391357
140286,1,0,0.0002868840634068905,8.812809865971627e-05,3.255307495731994,1.1802867434192388,0.48746320465822146,0.22610364683301343,0.8628080487251282,3,1.0,1.0,0.24682588748569784,0.2459920542182753,0.24765972075312037,0.2227215893780802,0.33131502022513515,0.8472307998454085,0.715733809524363,0.04055511951446533
140286,1,1,0.0007235049290164432,9.744817741317528e-05,7.424509526990022,2.0047866269180252,0.30934412292107094,0.05689479366602687,0.9033631682395935,2,0.6666666666666666,0.0,0.2537192148186908,0.24765972075312037,0.25977870888426124,0.2227215893780802,0.33131502022513515,0.8472307998454085,0.715733809524363,0.04055511951446533
140286,1,2,0.000516787858574293,9.340036469044953e-05,5.533038920715234,1.7107372001142134,0.36385929880955636,0.09369001919385797,0.8388386964797974,3,1.0,1.0,0.2528853815512683,0.2459920542182753,0.25977870888426124,0.2227215893780802,0.33131502022513515,0.8472307998454085,0.715733809524363,0.04055511951446533
140286,19,0,0.029492669651880122,0.0026427732058690047,11.15974294548764,2.4123129231633396,0.44748920588420343,0.06766434740882918,0.8815926313400269,3,1.0,1.0,0.49687091308024234,0.38443187842374976,0.6093099477367349,0.12532451881334794,0.1860329836380391,0.8915878979464444,0.6067054814403354,0.03566354513168335
140286,19,1,0.03836361793082394,0.0029987817060210327,12.79306787853327,2.5489034522589704,0.3553358184936196,0.04130578214971209,0.9172561764717102,3,1.0,1.0,0.6160035633905321,0.6093099477367349,0.6226971790443293,0.12532451881334794,0.1860329836380391,0.8915878979464444,0.6067054814403354,0.03566354513168335
140286,19,2,0.04434243044769264,0.003381478980641257,13.11332428456211,2.5736288342715565,0.26170196936000223,0.02631957773512476,0.8259873390197754,3,1.0,1.0,0.5035645287340396,0.38443187842374976,0.6226971790443293,0.12532451881334794,0.1860329836380391,0.8915878979464444,0.6067054814403354,0.03566354513168335
166287,21,0,0.020449974732600306,0.003153292149518666,6.48527753105167,1.8695346127461046,0.48322580291653405,0.126015625,0.901925265789032,3,1.0,1.0,0.3564045089498591,0.35493992500191324,0.35786909289780494,0.2895604755580328,0.42953855311256883,0.8823997092360201,0.6823378654345238,0.06186413764953613
166287,21,1,0.04721824913045613,0.0030450547826169306,15.506535181074828,2.741261559673182,0.4585841989114187,0.05179361979166667,0.9637894034385681,3,1.0,1.0,0.6295742855357063,0.35786909289780494,0.9012794781736077,0.2895604755580328,0.42953855311256883,0.8823997092360201,0.6823378654345238,0.06186413764953613
166287,21,2,0.04697727830792003,0.0032844147481682477,14.303089559507262,2.6604755670634317,0.41300237007961016,0.046884765625,0.8932709693908691,3,1.0,1.0,0.6281097015877605,0.35493992500191324,0.9012794781736077,0.2895604755580328,0.42953855311256883,0.8823997092360201,0.6823378654345238,0.06186413764953613
166287,16,0,0.004371214338382604,0.0034807113895267906,1.2558393523460272,0.2278041559112393,0.48837196711583036,0.431845703125,0.9919110536575317,3,1.0,1.0,0.49759765679067447,0.0011065916975714798,0.9940887218837775,0.20303276285630337,0.3040997143527586,0.9544888123116274,0.3728308604578969,0.01206517219543457
166287,16,1,0.004362162222827842,0.0034901747030566615,1.2498406506005737,0.22301606389770823,0.48546133405787956,0.4301627604166667,1.0039762258529663,2,0.6666666666666666,1.0,0.49727689640354666,0.00046507092331580564,0.9940887218837775,0.20303276285630337,0.3040997143527586,0.9544888123116274,0.3728308604578969,0.01206517219543457
166287,16,2,0.026427156165351316,0.003774646475121735,7.00122682548643,1.946085394520552,0.027352758108147326,0.004000651041666667,0.5999922752380371,1,0.3333333333333333,0.0,0.0007858313104436428,0.00046507092331580564,0.0011065916975714798,0.20303276285630337,0.3040997143527586,0.9544888123116274,0.3728308604578969,0.01206517219543457
370208,2,0,0.022409762745049668,0.0036954697408947863,6.0641175033838755,1.8023890254040618,0.6435261740607682,0.22940266666666667,0.9126150608062744,3,1.0,1.0,0.6306863052867145,0.43186776116046327,0.8295048494129658,0.23088726100711818,0.3463087248322148,0.9332815228024276,0.40437346149908704,0.0015485882759094238
370208,2,1,0.022163645735810436,0.004639331529771006,4.7773360426619655,1.5638830779410946,0.5302465255612421,0.19112,0.9141636490821838,3,1.0,1.0,0.6680528647651574,0.5066008801173489,0.8295048494129658,0.23088726100711818,0.3463087248322148,0.9332815228024276,0.40437346149908704,0.0015485882759094238
370208,2,2,0.02172656904012869,0.006287849068786169,3.455326105794639,1.239916839438046,0.2996025960308497,0.11016,0.9107640981674194,2,0.6666666666666666,1.0,0.46923432063890613,0.43186776116046327,0.5066008801173489,0.23088726100711818,0.3463087248322148,0.9332815228024276,0.40437346149908704,0.0015485882759094238
370208,14,0,0.021314877797016102,0.0022386022147034704,9.521511971843555,2.2535536568113397,0.3645681794326197,0.056832,0.9073189496994019,2,0.6666666666666666,1.0,0.8663555952001349,0.7789858468460025,0.9537253435542675,0.24336036913791692,0.3534556098900807,0.9226509026179012,0.5290919052825873,0.006065487861633301
370208,14,1,0.02199516889199496,0.002243737583854628,9.802915029129858,2.2826797934439558,0.36162310795815056,0.054629333333333335,0.9627354145050049,2,0.6666666666666666,1.0,0.8831889433772508,0.8126525432002343,0.9537253435542675,0.24336036913791692,0.3534556098900807,0.9226509026179012,0.5290919052825873,0.006065487861633301
370208,14,2,0.023395088474897928,0.002390241948681597,9.7877490929378,2.2811315111444044,0.31257804030555664,0.044394666666666666,0.9566699266433716,2,0.6666666666666666,1.0,0.7958191950231184,0.7789858468460025,0.8126525432002343,0.24336036913791692,0.3534556098900807,0.9226509026179012,0.5290919052825873,0.006065487861633301
473406,81,0,0.033687935881022917,0.007748979215313057,4.347403050211243,1.4695786669034105,0.26249245632674617,0.075673828125,0.761755645275116,2,0.6666666666666666,1.0,0.3533698676686586,0.34172607879924954,0.3650136565380676,0.10958301639763966,0.13566652493983303,0.945158781411785,0.3989525848567432,0.006039083003997803
473406,81,1,0.05845073576862395,0.007642847182077582,7.647769786375254,2.0344140741592964,0.24508842533025924,0.04072265625,0.9162216782569885,2,0.6666666666666666,1.0,0.5197643578175233,0.34172607879924954,0.697802636835797,0.10958301639763966,0.13566652493983303,0.945158781411785,0.3989525848567432,0.006039083003997803
473406,81,2,0.06463361154022232,0.008103949055201218,7.97556982305609,2.076383097300775,0.18929797735894832,0.028444010416666665,0.9101825952529907,2,0.6666666666666666,1.0,0.5314081466869323,0.3650136565380676,0.697802636835797,0.10958301639763966,0.13566652493983303,0.945158781411785,0.3989525848567432,0.006039083003997803
473406,47,0,0.008339075988328988,0.0020605006887536056,4.047111476252975,1.3980034110390163,0.3375895493307158,0.11184244791666667,0.7329322099685669,3,1.0,1.0,0.24915682731052763,0.1871265922669372,0.311187062354118,0.31486689724246775,0.43312597599185026,0.9141530849601025,0.5096398907296862,0.002804279327392578
473406,47,1,0.016049680739259574,0.0021836517439692005,7.3499269177127635,1.9946903700692866,0.24260647636588592,0.041761067708333335,0.8337626457214355,3,1.0,1.0,0.41343132923416825,0.311187062354118,0.5156755961142184,0.31486689724246775,0.43312597599185026,0.9141530849601025,0.5096398907296862,0.002804279327392578
473406,47,2,0.022796961356803085,0.0022431116701209144,10.163096938197073,2.318763212498694,0.2086015525728386,0.025279947916666667,0.830958366394043,3,1.0,1.0,0.3514010941905778,0.1871265922669372,0.5156755961142184,0.31486689724246775,0.43312597599185026,0.9141530849601025,0.5096398907296862,0.002804279327392578
187055,1,0,0.00537185051281693,0.0005965070135940065,9.005511052494677,2.197836729285322,0.41911683483951884,0.07417647058823529,0.8733830451965332,3,1.0,1.0,0.3468299164217734,0.30841630752464455,0.3852435253189022,0.14724756458877072,0.220833836853413,0.9074763036165178,0.5396016184828515,0.03898578882217407
187055,1,1,0.007053337477448202,0.0007540340216461949,9.354136903127173,2.235818695122758,0.2316497872418307,0.031224264705882354,0.8892959952354431,3,1.0,1.0,0.5545293109332955,0.3852435253189022,0.7238150965476887,0.14724756458877072,0.220833836853413,0.9074763036165178,0.5396016184828515,0.03898578882217407
187055,1,2,0.009248932878937317,0.0007559804930406393,12.23435386474419,2.504247885207272,0.2230711927989441,0.02293014705882353,0.9282817840576172,3,1.0,1.0,0.5161157020361666,0.30841630752464455,0.7238150965476887,0.14724756458877072,0.220833836853413,0.9074763036165178,0.5396016184828515,0.03898578882217407
187055,43,0,0.024624560730244337,0.0023174499730776684,10.625714041592103,2.3632769165075596,0.5372286267504613,0.09849264705882353,0.818349301815033,3,1.0,1.0,0.4804158572386362,0.22115527213406497,0.7396764423432075,0.19340830973750603,0.263059452320395,0.9115157865245266,0.5535650239762924,0.03747528791427612
187055,43,1,0.02779302613761614,0.0026360901466352935,10.543276056984581,2.355488316200035,0.4596885644611583,0.07466911764705883,0.8618077635765076,3,1.0,1.0,0.4985094501422339,0.2573424579412603,0.7396764423432075,0.19340830973750603,0.263059452320395,0.9115157865245266,0.5535650239762924,0.03747528791427612
187055,43,2,0.03658552281157016,0.003772997412626147,9.6966731754021,2.271782855100426,0.18314304028799075,0.022599264705882353,0.8243324756622314,3,1.0,1.0,0.23924886503766263,0.22115527213406497,0.2573424579412603,0.19340830973750603,0.263059452320395,0.9115157865245266,0.5535650239762924,0.03747528791427612
122672,42,0,0.007860096516090497,0.004580047877689027,1.7161603381186348,0.5400894339600901,0.9435054395358151,0.90681640625,0.9298479557037354,3,1.0,1.0,0.09142380309886798,0.0739165458353472,0.10893106036238877,0.2049961143255461,0.30636810908886974,0.9364056143727802,0.4923629949414112,0.022921264171600342
122672,42,1,0.029276997518196762,0.005053570167897199,5.793329574878674,1.7567071824479628,0.4001113712735686,0.1032421875,0.906926691532135,3,1.0,1.0,0.3892870991168963,0.10893106036238877,0.6696431378714038,0.2049961143255461,0.30636810908886974,0.9364056143727802,0.4923629949414112,0.022921264171600342
122672,42,2,0.03737024451923816,0.005323374226809745,7.020029575229358,1.9487674310512395,0.34439097201405133,0.069619140625,0.8772656917572021,3,1.0,1.0,0.37177984185337554,0.0739165458353472,0.6696431378714038,0.2049961143255461,0.30636810908886974,0.9364056143727802,0.4923629949414112,0.022921264171600342
122672,1,0,0.0009366496849626034,0.0033339631901754554,0.28094181946632973,-1.2696076781807137,0.7669622733483465,0.9213509114583334,0.9718263745307922,3,1.0,1.0,0.1769489971258278,0.07534340877559018,0.27855458547606543,0.114028134244242,0.1258928571428571,0.9222302201591596,0.43822703750630104,0.08495599031448364
122672,1,1,0.0023125941385981055,0.0007092084333537808,3.2608102591240384,1.1819757106722248,0.5332289501199132,0.259443359375,0.8868703842163086,3,1.0,1.0,0.2731944622800614,0.2678343390840574,0.27855458547606543,0.114028134244242,0.1258928571428571,0.9222302201591596,0.43822703750630104,0.08495599031448364
122672,1,2,0.004721875103728283,0.0008536389797186444,5.531466123715585,1.710452902436662,0.29460127733811575,0.07020182291666667,0.6593795418739319,3,1.0,1.0,0.1715888739298238,0.07534340877559018,0.2678343390840574,0.114028134244242,0.1258928571428571,0.9222302201591596,0.43822703750630104,0.08495599031448364
473869,44,0,0.01698693491911731,0.0013206466648606173,12.862588728869083,2.5543229994552306,0.41758636185449377,0.05279932669789227,0.7706817388534546,3,1.0,1.0,0.6149333555771801,0.5235079639224717,0.7063587472318886,0.2553792920239241,0.32137614945450427,0.8878568243405439,0.6473043799732332,0.00021129846572875977
473869,44,1,0.017964853743476276,0.0013871133230443616,12.951251662046422,2.5611924369704466,0.38380998809653954,0.04588700234192038,0.840631902217865,3,1.0,1.0,0.6518390472756179,0.5973193473193473,0.7063587472318886,0.2553792920239241,0.32137614945450427,0.8878568243405439,0.6473043799732332,0.00021129846572875977
473869,44,2,0.023283915614534696,0.0013958960256640126,16.680264983760896,2.814226283163963,0.37241241256662405,0.03435304449648712,0.8404206037521362,3,1.0,1.0,0.5604136556209095,0.5235079639224717,0.5973193473193473,0.2553792920239241,0.32137614945450427,0.8878568243405439,0.6473043799732332,0.00021129846572875977
473869,46,0,0.026581188079301935,0.0030931888470843334,8.593457879483864,2.1510012021212033,0.38797071444781994,0.06869877049180328,0.8111206293106079,3,1.0,1.0,0.48350006267769796,0.3615676359039191,0.6054324894514768,0.19965357225336464,0.2752104438503205,0.9126887757983242,0.5672179798566704,0.08051472902297974
473869,46,1,0.03930372031127329,0.003164162789923578,12.4215228192482,2.5194306792601804,0.3564397631941717,0.04268515807962529,0.9255086779594421,3,1.0,1.0,0.5966071106806613,0.5877817319098458,0.6054324894514768,0.19965357225336464,0.2752104438503205,0.9126887757983242,0.5672179798566704,0.08051472902297974
473869,46,2,0.05278914459561837,0.003429073487627835,15.394579547708169,2.7340154700583876,0.2903203126099322,0.025885538641686183,0.8449939489364624,3,1.0,1.0,0.4746746839068825,0.3615676359039191,0.5877817319098458,0.19965357225336464,0.2752104438503205,0.9126887757983242,0.5672179798566704,0.08051472902297974
441586,2,0,0.020935001277306558,0.003921150680180407,5.338994335969861,1.6750373086867856,0.3486491178545462,0.09112132352941177,0.7837106585502625,2,0.6666666666666666,1.0,0.2570000512638439,0.07740866408900812,0.43659143843867965,0.198467834160131,0.2796649767546205,0.9139055676275305,0.5078941642040045,0.10760098695755005
441586,2,1,0.03415828711994041,0.004263712467665413,8.011395555158604,2.080864972545411,0.2522208086876547,0.04040073529411765,0.8913116455078125,2,0.6666666666666666,1.0,0.2865998914939024,0.13660834454912515,0.43659143843867965,0.198467834160131,0.2796649767546205,0.9139055676275305,0.5078941642040045,0.10760098695755005
441586,2,2,0.0417396932861757,0.005131911168291992,8.133362388642862,2.095974416022746,0.07076086931478243,0.009275735294117647,0.6406984329223633,1,0.3333333333333333,0.0,0.10700850431906664,0.07740866408900812,0.13660834454912515,0.198467834160131,0.2796649767546205,0.9139055676275305,0.5078941642040045,0.10760098695755005
441586,1,0,0.004169129844657539,0.0007673913923549055,5.432859790661461,1.6924656604932569,0.2827927652808807,0.0676654411764706,0.9477006793022156,2,0.6666666666666666,0.0,0.45792593270062826,0.3200863930885529,0.5957654723127036,0.1685738183787,0.2403610123716444,0.9284163907562034,0.4480869777485527,0.03923577070236206
441586,1,1,0.005311971928808865,0.0008159280467470092,6.510343581736906,1.8733922325485979,0.21513000952857647,0.04040073529411765,0.9084649085998535,2,0.6666666666666666,0.0,0.5082597798667289,0.4207540874207541,0.5957654723127036,0.1685738183787,0.2403610123716444,0.9284163907562034,0.4480869777485527,0.03923577070236206
441586,1,2,0.004847589274041922,0.0009100925072554169,5.326479704062622,1.6726905518978485,0.10796064284139972,0.02221691176470588,0.8509585857391357,1,0.3333333333333333,0.0,0.3704202402546535,0.3200863930885529,0.4207540874207541,0.1685738183787,0.2403610123716444,0.9284163907562034,0.4480869777485527,0.03923577070236206
344100,67,0,0.010580795735318022,0.0039524820212552825,2.6770003445279755,0.9846968933319992,0.38130333599857036,0.18713773419203747,0.8923921585083008,3,1.0,1.0,0.5006868298670709,0.4622013090120445,0.5391723507220973,0.2783095510698693,0.4076397729619962,0.9798096805588369,0.23465362857766,0.0040340423583984375
344100,67,1,0.0126605917012516,0.004284269557978393,2.9551342479651503,1.0835440806885688,0.2644684479291654,0.1084748243559719,0.9392592906951904,3,1.0,1.0,0.6759830071505506,0.5391723507220973,0.8127936635790038,0.2783095510698693,0.4076397729619962,0.9798096805588369,0.23465362857766,0.0040340423583984375
344100,67,2,0.012276613393589812,0.004499344381574635,2.7285338373153896,1.0037644090837052,0.2108226011837644,0.08917593676814989,0.9432933330535889,3,1.0,1.0,0.6374974862955242,0.4622013090120445,0.8127936635790038,0.2783095510698693,0.4076397729619962,0.9798096805588369,0.23465362857766,0.0040340423583984375
344100,47,0,0.0174647286050099,0.00219189191752049,7.967878551602332,2.075418278205615,0.5032594272983952,0.11280737704918033,0.8087111711502075,3,1.0,1.0,0.20374410792090605,0.13693927125506072,0.2705489445867514,0.14583844702451257,0.1884153397269239,0.9293956095801345,0.4603301229246316,0.043931007385253906
344100,47,1,0.035480926883162546,0.0029190260062710058,12.15505678770352,2.4977452797478024,0.27715970231668974,0.030580357142857142,0.9469696283340454,3,1.0,1.0,0.3867319380875458,0.2705489445867514,0.5029149315883402,0.14583844702451257,0.1884153397269239,0.9293956095801345,0.4603301229246316,0.043931007385253906
344100,47,2,0.04467435958005531,0.0032670334953520813,13.67428880969173,2.615517340374143,0.1785168364702525,0.0156432962529274,0.9030386209487915,2,0.6666666666666666,1.0,0.31992710142170044,0.13693927125506072,0.5029149315883402,0.14583844702451257,0.1884153397269239,0.9293956095801345,0.4603301229246316,0.043931007385253906
427655,1,0,0.002116265066348315,0.0001121971233483518,18.862025908771905,2.9371506901895006,0.3976697439789806,0.03381879391100703,0.881508469581604,3,1.0,1.0,0.5441973478893853,0.5090891128235526,0.579305582955218,0.2573153266372899,0.35679442343338186,0.8402049064896011,0.7634237545178877,0.027972817420959473
427655,1,1,0.0019509013792929238,0.00013499320613936925,14.45184850878297,2.6708223313726362,0.26850127503273497,0.024769467213114755,0.8535356521606445,3,1.0,1.0,0.7103950239287022,0.579305582955218,0.8414844649021864,0.2573153266372899,0.35679442343338186,0.8402049064896011,0.7634237545178877,0.027972817420959473
427655,1,2,0.001951134958731364,0.0001399889562532673,13.937777643427838,2.634602970139135,0.2393355203787926,0.022076258782201406,0.8233811855316162,3,1.0,1.0,0.6752867888628695,0.5090891128235526,0.8414844649021864,0.2573153266372899,0.35679442343338186,0.8402049064896011,0.7634237545178877,0.027972817420959473
427655,3,0,0.006823745849230921,0.0016304465972018683,4.185200457811045,1.431554602059389,0.26167971029885306,0.07807377049180328,0.8361241817474365,3,1.0,1.0,0.23208509300005903,0.18224533552301447,0.2819248504771036,0.20297925053215418,0.25417917457260775,0.9446079057535035,0.3886665218793534,0.03078979253768921
427655,3,1,0.012433746908790327,0.0017728967624337018,7.013237975971572,1.9477995026073913,0.15066937115081108,0.024670667447306793,0.8669139742851257,3,1.0,1.0,0.4643806070567336,0.2819248504771036,0.6468363636363637,0.20297925053215418,0.25417917457260775,0.9446079057535035,0.3886665218793534,0.03078979253768921
427655,3,2,0.014833833864398452,0.0018177659837204075,8.160474994629222,2.0993023774754156,0.12211052352581424,0.01675936768149883,0.8296114206314087,3,1.0,1.0,0.41454084957968906,0.18224533552301447,0.6468363636363637,0.20297925053215418,0.25417917457260775,0.9446079057535035,0.3886665218793534,0.03078979253768921
177065,43,0,0.008503537745303423,0.008136242067036269,1.04514315997432,0.04415387134212517,0.5442965284014099,0.5333250221631206,0.9529550671577454,2,0.6666666666666666,1.0,0.6092484325722893,0.39060034055984716,0.8278965245847314,0.31134192090540763,0.4659669066491339,0.9624289670672415,0.31650178958186526,0.020329177379608154
177065,43,1,0.008881996891059028,0.007891830029573062,1.125467332247406,0.11819835595374042,0.4740180597988627,0.44467253989361705,0.9326258897781372,2,0.6666666666666666,1.0,0.6442918470180801,0.46068716945142874,0.8278965245847314,0.31134192090540763,0.4659669066491339,0.9624289670672415,0.31650178958186526,0.020329177379608154
177065,43,2,0.008243688832931346,0.008355464282711968,0.9866224727932216,-0.013467812301937618,0.20654409528871834,0.2087599734042553,0.8256281614303589,2,0.6666666666666666,1.0,0.42564375500563795,0.39060034055984716,0.46068716945142874,0.31134192090540763,0.4659669066491339,0.9624289670672415,0.31650178958186526,0.020329177379608154
177065,1,0,0.0012060865333467007,0.0014178566148307927,0.8506406923523748,-0.1617654568911374,0.49202396184805464,0.532419104609929,0.9496142864227295,3,1.0,1.0,0.6666941551084331,0.5404093971767479,0.7929789130401182,0.5139545798355402,0.7666171116374364,0.9147981039477496,0.4710157633313039,0.027693092823028564
177065,1,1,0.0014042692714928157,0.0012297695306129556,1.1418962947073406,0.1326902975836771,0.46453244061518334,0.4317292774822695,0.9219211935997009,3,1.0,1.0,0.7359072073077408,0.6788355015753633,0.7929789130401182,0.5139545798355402,0.7666171116374364,0.9147981039477496,0.4710157633313039,0.027693092823028564
177065,1,2,0.001736328315549951,0.0011198965870844644,1.550436293872336,0.43853637181667976,0.3997279255100517,0.30045434397163123,0.8180166482925415,3,1.0,1.0,0.6096224493760556,0.5404093971767479,0.6788355015753633,0.5139545798355402,0.7666171116374364,0.9147981039477496,0.4710157633313039,0.027693092823028564
29397,15,0,0.015387189872576522,0.0019269977487270506,7.985058557933469,2.077572115197056,0.6788281506477905,0.20929496102449888,0.8672800064086914,3,1.0,1.0,0.7875125442996849,0.6353622229573271,0.9396628656420426,0.2538931107833519,0.3721001934421443,0.9221511900966807,0.4969165243580762,0.09436100721359253
29397,15,1,0.015919317498264373,0.0019652878098117047,8.100247409405833,2.0918946056458303,0.6682412468530696,0.19914393095768373,0.8804847598075867,3,1.0,1.0,0.8025168317345741,0.6653707978271056,0.9396628656420426,0.2538931107833519,0.3721001934421443,0.9221511900966807,0.4969165243580762,0.09436100721359253
29397,15,2,0.019445001003754937,0.002454074440642288,7.923557930354457,2.069840338633157,0.5524361931272499,0.1347821547884187,0.9748457670211792,3,1.0,1.0,0.6503665103922164,0.6353622229573271,0.6653707978271056,0.2538931107833519,0.3721001934421443,0.9221511900966807,0.4969165243580762,0.09436100721359253
29397,1,0,0.000691498659014756,0.0005343853589456082,1.2940074913076574,0.2577439867721174,0.37396200222546266,0.3158303173719376,0.9757328033447266,2,0.6666666666666666,1.0,0.2218372169051402,0.09985748384671207,0.3438169499635683,0.24539938476648002,0.25886316787678054,0.9130492501166989,0.5002058922605739,0.02331489324569702
29397,1,1,0.001115991125952076,0.0005154344495062721,2.1651465571537227,0.7724880538948312,0.2181906873754327,0.11418081848552339,0.9524179100990295,2,0.6666666666666666,1.0,0.28250261814490807,0.22118828632624776,0.3438169499635683,0.24539938476648002,0.25886316787678054,0.9130492501166989,0.5002058922605739,0.02331489324569702
29397,1,2,0.0027440176939915917,0.00028407224302422787,9.659576927049446,2.2679498512580736,0.5728881287927482,0.12192719933184855,0.6745352745056152,3,1.0,1.0,0.1605228850864799,0.09985748384671207,0.22118828632624776,0.24539938476648002,0.25886316787678054,0.9130492501166989,0.5002058922605739,0.02331489324569702
284743,39,0,0.030593260574495736,0.004052371340926831,7.549471159755359,2.021477515774835,0.3200871619215942,0.058698529411764705,0.8097631931304932,2,0.6666666666666666,1.0,0.4497627124220809,0.44939147452755185,0.45013395031660985,0.130595977314095,0.1957527810842545,0.8986265611650776,0.6268241721550019,0.015482485294342041
284743,39,1,0.05707984727690735,0.004080511231404471,13.98840587023029,2.6382288343989546,0.2936663226082298,0.028863970588235293,0.9557847380638123,2,0.6666666666666666,1.0,0.7164155756672108,0.45013395031660985,0.9826972010178117,0.130595977314095,0.1957527810842545,0.8986265611650776,0.6268241721550019,0.015482485294342041
284743,39,2,0.057450395928459505,0.004093333373143381,14.03511287191023,2.6415622519727817,0.29113029556733916,0.02843014705882353,0.9712672233581543,2,0.6666666666666666,1.0,0.7160443377726817,0.44939147452755185,0.9826972010178117,0.130595977314095,0.1957527810842545,0.8986265611650776,0.6268241721550019,0.015482485294342041
284743,1,0,0.005398035815618629,0.0013000025721035494,4.152327024039404,1.4236689059624674,0.3148890423623663,0.09965808823529412,0.8288140892982483,2,0.6666666666666666,0.0,0.21803473382095764,0.14611856747824914,0.28995090016366615,0.19709788394055863,0.2795385918929426,0.934843205825987,0.4044575339381966,0.047935307025909424
284743,1,1,0.006191521830862238,0.0014960557287578787,4.138563629487433,1.420348778398696,0.16389969963394582,0.04522426470588235,0.7808787822723389,0,0.0,0.0,0.266564665196228,0.24317843022878993,0.28995090016366615,0.19709788394055863,0.2795385918929426,0.934843205825987,0.4044575339381966,0.047935307025909424
284743,1,2,0.007851847879317385,0.0015489792295353994,5.069046585346029,1.6231527498191816,0.1162520569277323,0.025294117647058825,0.6027011871337891,2,0.6666666666666666,0.0,0.19464849885351954,0.14611856747824914,0.24317843022878993,0.19709788394055863,0.2795385918929426,0.934843205825987,0.4044575339381966,0.047935307025909424
125129,67,0,0.009645436454995718,0.0011096090877502005,8.692643700187947,2.1624771163811993,0.5922867388252543,0.1431891891891892,0.8876211643218994,3,1.0,1.0,0.7622029682142901,0.7067044833242209,0.8177014531043593,0.2905667676878111,0.43108124693931643,0.9240910678294162,0.4976394887368492,0.05836361646652222
125129,67,1,0.00859175989991847,0.001167934078929863,7.35637400052101,1.9955671484862105,0.5776633969971294,0.15678078078078078,0.9206814169883728,2,0.6666666666666666,0.0,0.7308162295317087,0.7067044833242209,0.7549279757391963,0.2905667676878111,0.43108124693931643,0.9240910678294162,0.4976394887368492,0.05836361646652222
125129,67,2,0.0107012413030971,0.0011768504345055686,9.093119210598672,2.207517996901805,0.5565159846173223,0.12126726726726726,0.979045033454895,2,0.6666666666666666,0.0,0.7863147144217778,0.7549279757391963,0.8177014531043593,0.2905667676878111,0.43108124693931643,0.9240910678294162,0.4976394887368492,0.05836361646652222
125129,1,0,0.00462703387054174,0.0005377025327992938,8.605192610583561,2.1523658131948986,0.5856295214855173,0.14106906906906908,0.9571524858474731,3,1.0,1.0,0.44522361228143625,0.14422995152649035,0.7462172730363822,0.08475225278224041,0.08973889204580805,0.9093970224861101,0.512899344661018,0.1082955002784729
125129,1,1,0.0035147792470756624,0.0008309309803105817,4.229929231344816,1.4421852630242178,0.33328128875081303,0.10568768768768769,0.8488569855690002,2,0.6666666666666666,0.0,0.40650456607206614,0.0667918591077501,0.7462172730363822,0.08475225278224041,0.08973889204580805,0.9093970224861101,0.512899344661018,0.1082955002784729
125129,1,2,0.010355883852340835,0.0009206628216513979,11.248291554249077,2.420216255370289,0.1909595667114293,0.020552552552552554,0.775928258895874,3,1.0,1.0,0.10551090531712022,0.0667918591077501,0.14422995152649035,0.08475225278224041,0.08973889204580805,0.9093970224861101,0.512899344661018,0.1082955002784729
219578,63,0,0.006253442625145982,0.003919151304931605,1.5956114314038972,0.46725700551270427,0.5153173868692942,0.39987924473067915,0.7757071256637573,3,1.0,1.0,0.6240487086062069,0.6100225626410165,0.6380748545713972,0.34663770551430284,0.46069484871404404,0.9749407172243542,0.24376070190399524,0.016753852367401123
219578,63,1,0.009413059840625855,0.003287749327993128,2.8630710247939133,1.0518948337363394,0.49556254661176363,0.25547057962529274,0.9234181046485901,3,1.0,1.0,0.7896473668310112,0.6380748545713972,0.9412198790906252,0.34663770551430284,0.46069484871404404,0.9749407172243542,0.24376070190399524,0.016753852367401123
219578,63,2,0.009518556707673178,0.003337821934984633,2.8517269315821885,1.0479247517835837,0.4807316745701103,0.24507830796252927,0.9401719570159912,3,1.0,1.0,0.7756212208658209,0.6100225626410165,0.9412198790906252,0.34663770551430284,0.46069484871404404,0.9749407172243542,0.24376070190399524,0.016753852367401123
219578,17,0,0.008280533938450983,0.001746563287297731,4.741044309090864,1.5562574299348215,0.5630147726387336,0.21368559718969554,0.6261358261108398,3,1.0,1.0,0.5096300474149538,0.3577257981901998,0.6615342966397076,0.09093289999363972,0.1140140263415359,0.9081853796561663,0.601840926401565,0.05731898546218872
219578,17,1,0.010851544180794674,0.001828554972353124,5.934491628050749,1.7807813678802875,0.5029173393907398,0.14565281030444965,0.7630552649497986,3,1.0,1.0,0.575013984690597,0.4884936727414863,0.6615342966397076,0.09093289999363972,0.1140140263415359,0.9081853796561663,0.601840926401565,0.05731898546218872
219578,17,2,0.01934260633465427,0.0017855225928264597,10.833022444819445,2.3825991029062212,0.475784859040644,0.07730532786885246,0.8203742504119873,3,1.0,1.0,0.4231097354658431,0.3577257981901998,0.4884936727414863,0.09093289999363972,0.1140140263415359,0.9081853796561663,0.601840926401565,0.05731898546218872
222455,79,0,0.011424584776923178,0.001698534301876939,6.726143097358984,1.9060018884333798,0.9733509433210645,0.8444855611089752,0.9887741208076477,3,1.0,1.0,0.6670489424579743,0.4132566608919968,0.9208412240239519,0.35217348841287494,0.52731510929405,0.9567522878858915,0.32542594384632495,0.04434114694595337
222455,79,1,0.01190987119257251,0.0029245045573313027,4.072440632258129,1.404242483757377,0.9343988684281974,0.777657631680123,0.9444329738616943,3,1.0,1.0,0.6844608684011164,0.44808051277828104,0.9208412240239519,0.35217348841287494,0.52731510929405,0.9567522878858915,0.32542594384632495,0.04434114694595337
222455,79,2,0.011830785883138299,0.008882996154325223,1.3318463361087822,0.2865662022661724,0.4166671370892195,0.3490911615190739,0.7137986421585083,2,0.6666666666666666,1.0,0.4306685868351389,0.4132566608919968,0.44808051277828104,0.35217348841287494,0.52731510929405,0.9567522878858915,0.32542594384632495,0.04434114694595337
222455,78,0,0.009792104328619995,0.001604044194286264,6.1046349953421695,1.8090483180546875,0.9700396955580176,0.8413644324832329,0.9832935333251953,3,1.0,1.0,0.5194854835143361,0.35716461286597206,0.6818063541627001,0.3138230353371811,0.36858079393555393,0.9606272959768948,0.3081840359541277,0.037291646003723145
222455,78,1,0.010254863546960981,0.006122715892475607,1.6748880276951292,0.515746314002805,0.692656641357614,0.5736655773420479,0.9460018873214722,3,1.0,1.0,0.6023682725966865,0.5229301910306728,0.6818063541627001,0.3138230353371811,0.36858079393555393,0.9606272959768948,0.3081840359541277,0.037291646003723145
222455,78,2,0.009885102598278283,0.007894595458984379,1.2521354195263403,0.22485042949089576,0.3500073547855724,0.3007230125165535,0.8840456008911133,3,1.0,1.0,0.4400474019483225,0.35716461286597206,0.5229301910306728,0.3138230353371811,0.36858079393555393,0.9606272959768948,0.3081840359541277,0.037291646003723145
328601,43,0,0.004937647008335344,0.003902807731552699,1.2651525124210488,0.235192678293548,0.4777558383734662,0.4196456755050505,0.9333723783493042,2,0.6666666666666666,1.0,0.16356298740669617,0.0224068165207936,0.3047191582925987,0.10311093722758473,0.14830863965726143,0.8793048194200522,0.7063915860769296,0.10334402322769165
328601,43,1,0.013648719179878206,0.0027329095349678317,4.994208187372237,1.6082788785613955,0.4624746463506685,0.14695785984848486,0.8300283551216125,2,0.6666666666666666,0.0,0.22586864673188178,0.14701813517116483,0.3047191582925987,0.10311093722758473,0.14830863965726143,0.8793048194200522,0.7063915860769296,0.10334402322769165
328601,43,2,0.04772361725565059,0.002857650891173448,16.700296521998656,2.8154264750943336,0.36283720112346696,0.03297427398989899,0.5983799695968628,1,0.3333333333333333,0.0,0.08471247584597921,0.0224068165207936,0.14701813517116483,0.10311093722758473,0.14830863965726143,0.8793048194200522,0.7063915860769296,0.10334402322769165
328601,37,0,0.016285144334722005,0.002064090366247122,7.889743876108248,2.0655636725555677,0.3216825894953088,0.05669981060606061,0.7405816912651062,3,1.0,1.0,0.36394703653400884,0.22674977738201246,0.5011442956860053,0.30122324826483343,0.3952004878148952,0.9127652891489527,0.5408757833021929,0.13685083389282227
328601,37,1,0.011473702283597134,0.0021304926079066906,5.385469180052739,1.6837044341151455,0.31655688491866546,0.07919428661616161,0.8774325251579285,3,1.0,1.0,0.2604956894366398,0.22674977738201246,0.29424160149126716,0.30122324826483343,0.3952004878148952,0.9127652891489527,0.5408757833021929,0.13685083389282227
328601,37,2,0.017059632669247784,0.0021733925027328845,7.849310531782554,2.060425697649453,0.27828499750917024,0.04682370580808081,0.7006289958953857,2,0.6666666666666666,1.0,0.39769294858863624,0.29424160149126716,0.5011442956860053,0.30122324826483343,0.3952004878148952,0.9127652891489527,0.5408757833021929,0.13685083389282227
289415,1,0,0.0026422680734214036,0.0006176804262565162,4.277726728621267,1.453421730695722,0.37159777791415644,0.12144786799065421,0.8586512804031372,3,1.0,1.0,0.3299603353226246,0.19451222972589524,0.4654084409193539,0.19937068397835597,0.26920084998343186,0.9316908348852337,0.39887280054337415,0.061018407344818115
289415,1,1,0.0037649588001887517,0.0006672770030111243,5.642272665709885,1.730286939524147,0.27625966731974994,0.06336521612149533,0.9196696877479553,3,1.0,1.0,0.4463242335401217,0.42724002616088946,0.4654084409193539,0.19937068397835597,0.26920084998343186,0.9316908348852337,0.39887280054337415,0.061018407344818115
289415,1,2,0.005291576321223593,0.00071606760233134,7.38977199443984,2.000096881417346,0.19752786102691802,0.03223568925233645,0.7517585754394531,3,1.0,1.0,0.31087612794339237,0.19451222972589524,0.42724002616088946,0.19937068397835597,0.26920084998343186,0.9316908348852337,0.39887280054337415,0.061018407344818115
289415,59,0,0.03308087896833473,0.005885990626913163,5.620273809383099,1.7263803832798226,0.44924969323415753,0.1267413843457944,0.8477281332015991,3,1.0,1.0,0.42122354822487995,0.27216269896774553,0.5702843974820144,0.24765440796096574,0.3215982068191055,0.9271164135695263,0.4598181348368251,0.018082141876220703
289415,59,1,0.03756520659169833,0.006969202878591745,5.390172626729284,1.6845774116571675,0.3109352819430168,0.07724883177570094,0.8658102750778198,3,1.0,1.0,0.5048815330965588,0.4394786687111031,0.5702843974820144,0.24765440796096574,0.3215982068191055,0.9271164135695263,0.4598181348368251,0.018082141876220703
289415,59,2,0.046481692679609866,0.007813919841972267,5.9485755694582485,1.7831517908272254,0.1956241202911744,0.03927789135514019,0.8125225305557251,3,1.0,1.0,0.35582068383942433,0.27216269896774553,0.4394786687111031,0.24765440796096574,0.3215982068191055,0.9271164135695263,0.4598181348368251,0.018082141876220703
13659,1,0,0.0009053498271965772,0.0008428067773289733,1.0742080515674157,0.07158369497380919,0.12005077186916804,0.11269205729166666,0.8718587160110474,1,0.3333333333333333,0.0,0.2822729473789875,0.25026845637583894,0.31427743838213607,0.19876315444438317,0.2607056020077882,0.9164810365291576,0.4687243794473037,0.018454313278198242
13659,1,1,0.0020302391789819184,0.0007620563385009015,2.664158899736463,0.9798883984401031,0.1653894759041036,0.06923177083333333,0.8903130292892456,2,0.6666666666666666,0.0,0.42363158545870094,0.25026845637583894,0.5969947145415629,0.19876315444438317,0.2607056020077882,0.9164810365291576,0.4687243794473037,0.018454313278198242
13659,1,2,0.0017803159527424008,0.0008011114059549255,2.222307580801393,0.7985461074023992,0.1042786470137391,0.049778645833333336,0.7924975156784058,2,0.6666666666666666,0.0,0.4556360764618495,0.31427743838213607,0.5969947145415629,0.19876315444438317,0.2607056020077882,0.9164810365291576,0.4687243794473037,0.018454313278198242
13659,62,0,0.012124327116537978,0.0018855749348128908,6.4300425754816555,1.8609811596913697,0.21831860363799843,0.041627604166666665,0.7869347333908081,2,0.6666666666666666,1.0,0.8352204021988947,0.7862826828344069,0.8841581215633824,0.20171537842409815,0.26161458165709695,0.9451075590956208,0.37743168795703164,0.035967469215393066
13659,62,1,0.012466048152976849,0.0018786075587417972,6.635791540565411,1.8924779584980982,0.2206276801421029,0.04091471354166667,0.8896942138671875,2,0.6666666666666666,1.0,0.8617718532196589,0.8393855848759354,0.8841581215633824,0.20171537842409815,0.26161458165709695,0.9451075590956208,0.37743168795703164,0.035967469215393066
13659,62,2,0.0130346148117675,0.0019217542995835048,6.782664572578182,1.9143700296279038,0.19789189231474325,0.03509765625,0.8537267446517944,2,0.6666666666666666,1.0,0.8128341338551712,0.7862826828344069,0.8393855848759354,0.20171537842409815,0.26161458165709695,0.9451075590956208,0.37743168795703164,0.035967469215393066
455157,28,0,0.039269351698297476,0.0020561480040194816,19.098504388999665,2.9496100277712567,0.591734919109925,0.070537109375,0.8553763031959534,2,0.6666666666666666,1.0,0.7891270315829282,0.7148320413436693,0.8634220218221871,0.10551374744838178,0.11293848786315643,0.8590205944042734,0.751839920380361,0.014111340045928955
455157,28,1,0.044719072855165014,0.002051193405766465,21.801490150878017,3.0819783230261346,0.5888182055922913,0.0616357421875,0.9696007370948792,2,0.6666666666666666,1.0,0.8442495881050478,0.8250771543879085,0.8634220218221871,0.10551374744838178,0.11293848786315643,0.8590205944042734,0.751839920380361,0.014111340045928955
455157,28,2,0.05328523314645701,0.0020701667534910586,25.73958500244438,3.248030079385617,0.5803019425766478,0.05097900390625,0.9837120771408081,2,0.6666666666666666,1.0,0.7699545978657889,0.7148320413436693,0.8250771543879085,0.10551374744838178,0.11293848786315643,0.8590205944042734,0.751839920380361,0.014111340045928955
455157,1,0,0.005553920623633359,0.0010746632723387952,5.168056601002355,1.6424967188067168,0.3241051483201385,0.0849072265625,0.7699472308158875,2,0.6666666666666666,1.0,0.27695519180489003,0.20192068192511,0.3519897016846701,0.1748560927348,0.21131214367926549,0.9158218197652683,0.5007117049758266,0.0351068377494812
455157,1,1,0.005740433789934564,0.0013085461958368516,4.386878968286266,1.4786180332579104,0.13036245854458392,0.0330419921875,0.7998548150062561,2,0.6666666666666666,1.0,0.4408893481530508,0.3519897016846701,0.5297889946214315,0.1748560927348,0.21131214367926549,0.9158218197652683,0.5007117049758266,0.0351068377494812
455157,1,2,0.0053334430413054185,0.0013713017684617238,3.8893284906931544,1.3582365184160528,0.07742043933299587,0.02112060546875,0.8349616527557373,2,0.6666666666666666,1.0,0.36585483827327075,0.20192068192511,0.5297889946214315,0.1748560927348,0.21131214367926549,0.9158218197652683,0.5007117049758266,0.0351068377494812
434996,88,0,0.015385578935168962,0.003954792785322966,3.8903628499519836,1.358502430967882,0.2239958978165122,0.069072,0.6967158913612366,3,1.0,1.0,0.44712869712062064,0.41853546910755146,0.4757219251336898,0.15025464393690782,0.19321668719937243,0.948982910953031,0.4148343268937376,0.07361382246017456
434996,88,1,0.027066017108402462,0.0037824492926612266,7.1556853792490305,1.9679071987092045,0.23568110377386653,0.041312,0.871972382068634,3,1.0,1.0,0.5998589028346102,0.4757219251336898,0.7239958805355304,0.15025464393690782,0.19321668719937243,0.948982910953031,0.4148343268937376,0.07361382246017456
434996,88,2,0.03129905717334882,0.003919898830237356,7.984659431495825,2.0775221297556343,0.19865296340759192,0.030112,0.9455862045288086,2,0.6666666666666666,1.0,0.571265674821541,0.41853546910755146,0.7239958805355304,0.15025464393690782,0.19321668719937243,0.948982910953031,0.4148343268937376,0.07361382246017456
434996,65,0,0.008992392548071016,0.00362720169483552,2.479154263297628,0.9079174792627163,0.2310742438718907,0.108112,0.7643994092941284,2,0.6666666666666666,1.0,0.4414152923682445,0.3511014948859166,0.5317290898505724,0.13208329633224014,0.19083347223573566,0.9655399054523364,0.32332047398156255,0.049726665019989014
434996,65,1,0.009936803320393142,0.0038397623553132177,2.5878693518767792,0.9508348931917482,0.14235236235846704,0.060272,0.9152911305427551,2,0.6666666666666666,1.0,0.5732816478921274,0.5317290898505724,0.6148342059336823,0.13208329633224014,0.19083347223573566,0.9655399054523364,0.32332047398156255,0.049726665019989014
434996,65,2,0.014498398049170956,0.0037959851555690385,3.819403251374982,1.3400941935667794,0.13242046666782642,0.038426666666666665,0.9650177955627441,2,0.6666666666666666,1.0,0.48296785040979945,0.3511014948859166,0.6148342059336823,0.13208329633224014,0.19083347223573566,0.9655399054523364,0.32332047398156255,0.049726665019989014
571857,5,0,0.01582310226105402,0.00295149892060999,5.361039485802285,1.6791578902614948,0.2890515508134404,0.07049222417840376,0.885155975818634,2,0.6666666666666666,1.0,0.4876713076414326,0.45924851153249613,0.5160941037503691,0.33110452298679355,0.4930285968969297,0.8818790501718425,0.6580062498856163,0.0008230209350585938
571857,5,1,0.025406910674034902,0.002902595047619878,8.7531709551132,2.1694160296298017,0.27976976689216443,0.04249193075117371,0.8843329548835754,3,1.0,1.0,0.6815330700601219,0.5160941037503691,0.8469720363698747,0.33110452298679355,0.4930285968969297,0.8818790501718425,0.6580062498856163,0.0008230209350585938
571857,5,2,0.026650475772593166,0.002995830599997401,8.895855381048726,2.185585480786892,0.2519706560275886,0.03648400821596244,0.8825792074203491,2,0.6666666666666666,1.0,0.6531102739511854,0.45924851153249613,0.8469720363698747,0.33110452298679355,0.4930285968969297,0.8818790501718425,0.6580062498856163,0.0008230209350585938
571857,1,0,0.00021710019982657197,0.00013260287464650754,1.6372209031523361,0.49300023778374935,0.7781244615733998,0.6817378227699531,0.9797148704528809,3,1.0,1.0,0.5499039422913835,0.5364470697093918,0.5633608148733752,0.25380303451394437,0.3730268801234607,0.8834622297063668,0.5930547823881422,0.004324138164520264
571857,1,1,0.00026128786797351226,0.00014580668804835048,1.7920156453649905,0.5833410490142508,0.5281706752893921,0.3844887030516432,0.9753907322883606,3,1.0,1.0,0.7548490737671697,0.5633608148733752,0.9463373326609642,0.25380303451394437,0.3730268801234607,0.8834622297063668,0.5930547823881422,0.004324138164520264
571857,1,2,0.0002711862042966376,0.00014349801909714621,1.8898254074380134,0.6364844514751108,0.5215513419177149,0.36581205985915494,0.8095042705535889,3,1.0,1.0,0.741392201185178,0.5364470697093918,0.9463373326609642,0.25380303451394437,0.3730268801234607,0.8834622297063668,0.5930547823881422,0.004324138164520264
183716,32,0,0.00583137293211528,0.002302280787780605,2.5328678241735436,0.9293521882951914,0.2686583353659208,0.1266628895184136,0.7651894092559814,3,1.0,1.0,0.5745548695954669,0.42581278151897606,0.7232969576719577,0.20724227601772446,0.24160640062833655,0.9201908625632467,0.43070901062229916,0.09509676694869995
183716,32,1,0.0060738754272080114,0.0023403066535534604,2.5953331437956066,0.9537148876545858,0.2420042520408129,0.10954107648725213,0.8682082295417786,3,1.0,1.0,0.6079490717723026,0.49260118587264756,0.7232969576719577,0.20724227601772446,0.24160640062833655,0.9201908625632467,0.43070901062229916,0.09509676694869995
183716,32,2,0.011482568978001685,0.002246121834188433,5.112175483142651,1.6316250442614526,0.22752218693338921,0.054475920679886686,0.9633049964904785,3,1.0,1.0,0.4592069836958118,0.42581278151897606,0.49260118587264756,0.20724227601772446,0.24160640062833655,0.9201908625632467,0.43070901062229916,0.09509676694869995
183716,1,0,0.00027355483588012734,0.00021406453946571345,1.277908220039565,0.24522454172657007,0.40516462810326404,0.3476883852691218,0.9333134293556213,2,0.6666666666666666,0.0,0.5073445539660917,0.26670520411829957,0.7479839038138838,0.3932546403109507,0.4731455927624409,0.8997305830636045,0.5268478701523718,0.05972260236740112
183716,1,1,0.00026213520318691107,0.00022511610959455699,1.1644444393365827,0.1522441009849796,0.29056025195148366,0.2602039660056657,0.8508716225624084,1,0.3333333333333333,0.0,0.5182625500733763,0.28854119633286873,0.7479839038138838,0.3932546403109507,0.4731455927624409,0.8997305830636045,0.5268478701523718,0.05972260236740112
183716,1,2,0.0002631743669861538,0.00023117503324912898,1.138420365507723,0.1296416610219043,0.1252000432442977,0.1116770538243626,0.8735908269882202,3,1.0,1.0,0.2776232002255842,0.26670520411829957,0.28854119633286873,0.3932546403109507,0.4731455927624409,0.8997305830636045,0.5268478701523718,0.05972260236740112
192964,41,0,0.03047113997836254,0.006855295861876026,4.444905163521108,1.4917585332302719,0.3124546363917797,0.0927570093457944,0.8438260555267334,3,1.0,1.0,0.2907878313635965,0.11749921457744267,0.4640764481497503,0.13637139011333796,0.19691061121976977,0.9022500820669396,0.5158743664501801,0.03395587205886841
192964,41,1,0.04603722421387804,0.007377324302895498,6.240368772939627,1.8310392788843306,0.21964831482037223,0.04315858644859813,0.8777819275856018,3,1.0,1.0,0.33587157094403786,0.20766669373832536,0.4640764481497503,0.13637139011333796,0.19691061121976977,0.9022500820669396,0.5158743664501801,0.03395587205886841
192964,41,2,0.09025893709225107,0.008131976614561819,11.099261761221294,2.4068785981195315,0.1110281153497225,0.01112733644859813,0.7404686212539673,1,0.3333333333333333,0.0,0.162582954157884,0.11749921457744267,0.20766669373832536,0.13637139011333796,0.19691061121976977,0.9022500820669396,0.5158743664501801,0.03395587205886841
192964,1,0,0.0008607565924872769,0.00020048678582435084,4.2933332720893835,1.4570634189049712,0.816312104463359,0.5086229556074766,0.9446214437484741,3,1.0,1.0,0.8484576971639879,0.8481894943684233,0.8487258999595524,0.170440010762645,0.25463961049394584,0.8872398284915742,0.5539795539277486,0.0038330554962158203
192964,1,1,0.000530805513607943,0.0005406880658913657,0.9817222648536679,-0.018446834761156824,0.43794111814822906,0.4424868574766355,0.9800901412963867,2,0.6666666666666666,0.0,0.9195534348052818,0.8487258999595524,0.9903809696510114,0.170440010762645,0.25463961049394584,0.8872398284915742,0.5539795539277486,0.0038330554962158203
192964,1,2,0.000526478796754148,0.0005440147284556374,0.9677657023753079,-0.03276526210399784,0.4310205588754498,0.43907345210280374,0.9762570858001709,2,0.6666666666666666,0.0,0.9192852320097173,0.8481894943684233,0.9903809696510114,0.170440010762645,0.25463961049394584,0.8872398284915742,0.5539795539277486,0.0038330554962158203
316015,17,0,0.031721535244017274,0.0026852984839789242,11.813038819133823,2.4692039061292914,0.7614628108558116,0.21274,0.9093987345695496,3,1.0,1.0,0.4328264371108499,0.429114815684433,0.43653805853726685,0.12381686861207637,0.14110422809279854,0.890388595724607,0.6477432573946316,0.017649829387664795
316015,17,1,0.06420773398794682,0.003003035701894238,21.380942599538624,3.062499992551698,0.6935909687307922,0.095735,0.9730426669120789,3,1.0,1.0,0.696518546214688,0.43653805853726685,0.9564990338921092,0.12381686861207637,0.14110422809279854,0.890388595724607,0.6477432573946316,0.017649829387664795
316015,17,2,0.06556818023682855,0.0031451413617401337,20.847450932922055,3.037231683372205,0.6776204971247995,0.09159,0.9553928375244141,3,1.0,1.0,0.6928069247882711,0.429114815684433,0.9564990338921092,0.12381686861207637,0.14110422809279854,0.890388595724607,0.6477432573946316,0.017649829387664795
316015,76,0,0.017935903068486886,0.004600767011909196,3.8984593260560483,1.3605814305396668,0.2905486651775223,0.095065,0.7853044271469116,3,1.0,1.0,0.4928663122297076,0.32832132905735767,0.6574112954020576,0.17952050054943877,0.26866892088456795,0.9351370773607421,0.40793196323437225,0.03463083505630493
316015,76,1,0.02628085166115641,0.004500211933432114,5.839914218278436,1.764716108119354,0.2813276061994173,0.06282,0.9740878939628601,3,1.0,1.0,0.5764802463339965,0.49554919726593544,0.6574112954020576,0.17952050054943877,0.26866892088456795,0.9351370773607421,0.40793196323437225,0.03463083505630493
316015,76,2,0.03421802554171882,0.0049535168571032484,6.907824586433576,1.932654767176195,0.18230071122439498,0.031265,0.9394570589065552,3,1.0,1.0,0.4119352631616465,0.32832132905735767,0.49554919726593544,0.17952050054943877,0.26866892088456795,0.9351370773607421,0.40793196323437225,0.03463083505630493
551350,15,0,0.02379563532219393,0.003506430390002364,6.786284816391751,1.9149036366980325,0.37776723381718236,0.08211588541666667,0.7632412910461426,3,1.0,1.0,0.6167293343159632,0.5895234006011164,0.6439352680308099,0.21360455902445286,0.30636810908886974,0.9361896709199569,0.45878248595823157,0.021636664867401123
551350,15,1,0.029739467190336332,0.003730398545579586,7.972195683382019,2.0759599484178417,0.31878870095183376,0.055445963541666664,0.8919492363929749,3,1.0,1.0,0.7756735094698438,0.6439352680308099,0.9074117509088777,0.21360455902445286,0.30636810908886974,0.9361896709199569,0.45878248595823157,0.021636664867401123
551350,15,2,0.030570689435094184,0.0038232848913349526,7.9959224321429225,2.0789317157912603,0.2981284560262064,0.050442708333333336,0.913585901260376,3,1.0,1.0,0.748467575754997,0.5895234006011164,0.9074117509088777,0.21360455902445286,0.30636810908886974,0.9361896709199569,0.45878248595823157,0.021636664867401123
551350,67,0,0.020310608218757263,0.002061118416261771,9.854168517760485,2.287894565482104,0.4657763269923763,0.08128580729166666,0.8247923851013184,3,1.0,1.0,0.6334180428449314,0.48121888070105556,0.7856172049888072,0.1469015442036898,0.21899950493131906,0.9104818543218107,0.5580995317339179,0.021596014499664307
551350,67,1,0.022815873393123017,0.0022241810952132288,10.258100580014863,2.328067693994506,0.41274115922549276,0.06412109375,0.8963717818260193,3,1.0,1.0,0.698488986235883,0.6113607674829589,0.7856172049888072,0.1469015442036898,0.21899950493131906,0.9104818543218107,0.5580995317339179,0.021596014499664307
551350,67,2,0.028473715947387603,0.002512253663868981,11.333933489902009,2.4278011895724596,0.3194156329869822,0.03976236979166667,0.9179677963256836,3,1.0,1.0,0.5462898240920072,0.48121888070105556,0.6113607674829589,0.1469015442036898,0.21899950493131906,0.9104818543218107,0.5580995317339179,0.021596014499664307
210230,1,0,0.00042130738492517853,0.00015158353901678742,2.779374230727954,1.0222258078775606,0.6930397450086558,0.4482221006564551,0.9809727668762207,3,1.0,1.0,0.5007694485410937,0.41832675383550494,0.5832121432466825,0.3074973006028913,0.36844222608927446,0.8835222429354139,0.6139939668883143,0.013826072216033936
210230,1,1,0.0005037891002247345,0.0001884681775717244,2.6730724732557967,0.9832285518515518,0.49260722845235205,0.26643189277899343,0.9671466946601868,2,0.6666666666666666,1.0,0.6385321396844387,0.5832121432466825,0.6938521361221949,0.3074973006028913,0.36844222608927446,0.8835222429354139,0.6139939668883143,0.013826072216033936
210230,1,2,0.0006231758849103976,0.00019058505355045214,3.269804583472357,1.1847302243221143,0.4329669952827676,0.1893120897155361,0.6930030584335327,2,0.6666666666666666,1.0,0.5560894449788499,0.41832675383550494,0.6938521361221949,0.3074973006028913,0.36844222608927446,0.8835222429354139,0.6139939668883143,0.013826072216033936
210230,58,0,0.014608812482726425,0.0020705574659588446,7.055497234850134,1.9538070626699628,0.35821951470844743,0.07331099562363239,0.7796779870986938,2,0.6666666666666666,1.0,0.47685221057067884,0.4028979330918389,0.5508064880495188,0.12003932236778736,0.1497635177233933,0.8936403499675216,0.619474883218714,0.024810373783111572
210230,58,1,0.01852772271065887,0.0023551322874237695,7.866956264719637,2.062671236051653,0.24317529924158188,0.03924028993435449,0.8044883608818054,2,0.6666666666666666,1.0,0.3751311392324619,0.3473643453730848,0.4028979330918389,0.12003932236778736,0.1497635177233933,0.8936403499675216,0.619474883218714,0.024810373783111572
210230,58,2,0.017667015718010052,0.002313519464494624,7.636424063643179,2.032929439166368,0.2602648539953062,0.044044037199124725,0.6645700931549072,3,1.0,1.0,0.4490854167113018,0.3473643453730848,0.5508064880495188,0.12003932236778736,0.1497635177233933,0.8936403499675216,0.619474883218714,0.024810373783111572
78404,15,0,0.014197707469634412,0.0019745965542547726,7.190181423061659,1.9727164041779097,0.5584416313848147,0.14958285714285716,0.5331717729568481,3,1.0,1.0,0.3470132907444777,0.25292525822312,0.44110132326583534,0.1434815584644983,0.18205531577890197,0.9247070233715414,0.4970764014538567,0.10744768381118774
78404,15,1,0.019564957895924093,0.0026826547729079516,7.293132939138077,1.9869332122071173,0.3413996205672268,0.06636,0.7958621382713318,3,1.0,1.0,0.5075606341226013,0.44110132326583534,0.5740199449793673,0.1434815584644983,0.18205531577890197,0.9247070233715414,0.4970764014538567,0.10744768381118774
78404,15,2,0.018569581183647873,0.003215472334708455,5.775071045528525,1.753550558642058,0.1868345731844509,0.03826285714285714,0.9033098220825195,3,1.0,1.0,0.41347260160124366,0.25292525822312,0.5740199449793673,0.1434815584644983,0.18205531577890197,0.9247070233715414,0.4970764014538567,0.10744768381118774
78404,31,0,0.003690800402853903,0.0009187498589888607,4.017198329585217,1.390584726992216,0.599483540165012,0.27145142857142857,0.7423938512802124,1,0.3333333333333333,1.0,0.2903544964634557,0.14287217918491074,0.4378368137420007,0.4072616026640614,0.6017105876515273,0.9555429276710941,0.3434426000659684,0.04359006881713867
78404,31,1,0.004157805556396471,0.001335831263035424,3.1125230171931455,1.1354336570861292,0.29568762835913553,0.11885142857142857,0.6988037824630737,1,0.3333333333333333,1.0,0.37953433675269965,0.32123185976339863,0.4378368137420007,0.4072616026640614,0.6017105876515273,0.9555429276710941,0.3434426000659684,0.04359006881713867
78404,31,2,0.006447107892971715,0.0014785313447189968,4.360481035210345,1.4725823806069198,0.14961299302559813,0.03878285714285714,0.6274271011352539,1,0.3333333333333333,1.0,0.23205201947415469,0.14287217918491074,0.32123185976339863,0.4072616026640614,0.6017105876515273,0.9555429276710941,0.3434426000659684,0.04359006881713867
254368,1,0,0.0020406036195500465,0.0005390558264902715,3.785514441149185,1.3311817939031152,0.6243567108149924,0.3051060267857143,0.7537058591842651,2,0.6666666666666666,1.0,0.3176019267541722,0.3032236443550778,0.3319802091532666,0.17631363714730972,0.25123539843131454,0.9370387640281254,0.4194881549320938,0.07340675592422485
254368,1,1,0.0029818639907265225,0.0005991728339024974,4.9766341479946385,1.6047537889695347,0.49950756468318347,0.16704400510204082,0.8815879225730896,3,1.0,1.0,0.4584058215190776,0.3319802091532666,0.5848314338848887,0.17631363714730972,0.25123539843131454,0.9370387640281254,0.4194881549320938,0.07340675592422485
254368,1,2,0.003956418097891061,0.0006760110987294002,5.852593395988278,1.7668848788147626,0.38845515757918964,0.09790736607142857,0.8081811666488647,2,0.6666666666666666,1.0,0.44402753911998327,0.3032236443550778,0.5848314338848887,0.17631363714730972,0.25123539843131454,0.9370387640281254,0.4194881549320938,0.07340675592422485
254368,65,0,0.007965851298719497,0.0020420192393384683,3.9009677976389403,1.361224675716968,0.7188282404991578,0.39590242346938775,0.960700273513794,3,1.0,1.0,0.56160066092709,0.4302705857492176,0.6929307361049624,0.26744698593854255,0.37494942993532443,0.9587810543612397,0.34338445137512297,0.018690049648284912
254368,65,1,0.009392111265366238,0.0024911324527236247,3.7702175375409532,1.327132702167185,0.5882055840066218,0.27476482780612244,0.942010223865509,2,0.6666666666666666,1.0,0.6540464911282924,0.6151622461516225,0.6929307361049624,0.26744698593854255,0.37494942993532443,0.9587810543612397,0.34338445137512297,0.018690049648284912
254368,65,2,0.008746734588222085,0.0034902785677770366,2.5060276467522375,0.918698888750909,0.34021244787759214,0.17064732142857142,0.7804450988769531,2,0.6666666666666666,1.0,0.5227164159504201,0.4302705857492176,0.6151622461516225,0.26744698593854255,0.37494942993532443,0.9587810543612397,0.34338445137512297,0.018690049648284912
153527,63,0,0.0020525354944920826,0.0014790051203740259,1.3877811948245555,0.3277062095289127,0.33952726565403224,0.2702986666666667,0.92059326171875,3,1.0,1.0,0.5929692113517275,0.31399824167236495,0.8719401810310902,0.2849295254303042,0.4247022502213459,0.9361195822820921,0.38206552341687783,0.07494795322418213
153527,63,1,0.0017321715616879065,0.0016035330192606585,1.0802219472888295,0.07716652734873519,0.25131085293928146,0.237072,0.8456453084945679,2,0.6666666666666666,1.0,0.6009695456751833,0.3299989103192765,0.8719401810310902,0.2849295254303042,0.4247022502213459,0.9361195822820921,0.38206552341687783,0.07494795322418213
153527,63,2,0.004552983072257476,0.0013509530876592356,3.370200720127241,1.214972303678846,0.24632845223500283,0.08840533333333334,0.6840856075286865,3,1.0,1.0,0.3219985759958207,0.31399824167236495,0.3299989103192765,0.2849295254303042,0.4247022502213459,0.9361195822820921,0.38206552341687783,0.07494795322418213
153527,62,0,0.0012408928059107658,0.0005499815699077027,2.256244338992608,0.8137016348680306,0.4771749307610404,0.2880106666666667,0.9285141825675964,3,1.0,1.0,0.4338536043936403,0.2701013323022892,0.5976058764849914,0.41121851579772734,0.4793720036193608,0.9153523102909603,0.4792655771763728,0.026751279830932617
153527,62,1,0.001649160863221681,0.0005489931584560504,3.0039734281128223,1.099935888967412,0.40024102297589476,0.18177066666666666,0.9017629027366638,3,1.0,1.0,0.3803628719127421,0.16311986734049275,0.5976058764849914,0.41121851579772734,0.4793720036193608,0.9153523102909603,0.4792655771763728,0.026751279830932617
153527,62,2,0.0011548985440294369,0.0006869903898629224,1.6810985413912112,0.5194474742709644,0.20425677899170624,0.132464,0.8149878978729248,3,1.0,1.0,0.21661059982139097,0.16311986734049275,0.2701013323022892,0.41121851579772734,0.4793720036193608,0.9153523102909603,0.4792655771763728,0.026751279830932617
479448,52,0,0.013227692662084643,0.005043214585440059,2.6228692900854536,0.9642688674981026,0.674441609849659,0.44129066666666666,0.9209095239639282,2,0.6666666666666666,0.0,0.49432070168834435,0.37616861736643514,0.6124727860102536,0.4218537590866423,0.5837734277825465,0.9714341012487705,0.2641773856308132,0.04250746965408325
479448,52,1,0.01552131661166777,0.005803437617540495,2.674503911626644,0.9837639096162363,0.5262203065757763,0.2934293333333333,0.878402054309845,2,0.6666666666666666,0.0,0.593962824195456,0.5754528623806585,0.6124727860102536,0.4218537590866423,0.5837734277825465,0.9714341012487705,0.2641773856308132,0.04250746965408325
479448,52,2,0.01622964190894114,0.007109072694076469,2.2829478055810717,0.8254675051407775,0.3178316019524869,0.16949333333333333,0.7447552680969238,2,0.6666666666666666,0.0,0.47581073987354683,0.37616861736643514,0.5754528623806585,0.4218537590866423,0.5837734277825465,0.9714341012487705,0.2641773856308132,0.04250746965408325
479448,59,0,0.005609837400813983,0.0036558566762966284,1.5344795751025588,0.42819128470956175,0.23322638296071826,0.16542933333333334,0.9071958661079407,2,0.6666666666666666,0.0,0.49820788392596127,0.32295298468040146,0.6734627831715211,0.3398195765943788,0.5089402061733346,0.977800354810553,0.2768370045274671,0.014132320880889893
479448,59,1,0.005699492977753427,0.0036378742720277715,1.566709718367971,0.4489776996551376,0.23707599965767664,0.16551466666666667,0.9403045773506165,2,0.6666666666666666,0.0,0.5963281168738139,0.5191934505761068,0.6734627831715211,0.3398195765943788,0.5089402061733346,0.977800354810553,0.2768370045274671,0.014132320880889893
479448,59,2,0.00472427674203619,0.0038947371192049507,1.212989887694291,0.19308829353066712,0.12074714214670865,0.10170133333333334,0.9261722564697266,2,0.6666666666666666,0.0,0.4210732176282541,0.32295298468040146,0.5191934505761068,0.3398195765943788,0.5089402061733346,0.977800354810553,0.2768370045274671,0.014132320880889893
323355,59,0,0.0842343994817405,0.004214582652610247,19.986415359438876,2.9950528107552232,0.6375640352590501,0.08089518229166667,0.8874680399894714,3,1.0,1.0,0.9548747616343823,0.938199082642633,0.9715504406261317,0.16008101945318357,0.17823864643514636,0.8821559825921564,0.6240047373259567,0.032790422439575195
323355,59,1,0.08514574702544912,0.0043367155005374905,19.63369443885874,2.977247194303619,0.6261272996969103,0.07859375,0.9808710813522339,3,1.0,1.0,0.9684874356339768,0.9654244306418219,0.9715504406261317,0.16008101945318357,0.17823864643514636,0.8821559825921564,0.6240047373259567,0.032790422439575195
323355,59,2,0.08576388782584582,0.004520209775700327,18.9734308942741,2.943039626555185,0.6091750201534204,0.07591471354166666,0.9480806589126587,2,0.6666666666666666,1.0,0.9518117566422275,0.938199082642633,0.9654244306418219,0.16008101945318357,0.17823864643514636,0.8821559825921564,0.6240047373259567,0.032790422439575195
323355,1,0,0.004638480969465386,0.0009182874021093412,5.051230098288824,1.6196317976607035,0.641059236217189,0.26121419270833335,0.9441050291061401,3,1.0,1.0,0.14834340198926332,0.12845589150180414,0.16823091247672253,0.2870650151334431,0.42334013206227367,0.9259443973993693,0.4196154846911393,0.04423856735229492
323355,1,1,0.007401027271150296,0.0016297459258461636,4.541215381634698,1.513194681567609,0.17661772258554495,0.04510416666666667,0.8998664617538452,2,0.6666666666666666,1.0,0.45557476064854413,0.16823091247672253,0.7429186088203658,0.2870650151334431,0.42334013206227367,0.9259443973993693,0.4196154846911393,0.04423856735229492
323355,1,2,0.00879747345894747,0.0016468353015421458,5.342048136427003,1.67560912569813,0.15832047920147255,0.034013671875,0.899579644203186,2,0.6666666666666666,1.0,0.43568725016108495,0.12845589150180414,0.7429186088203658,0.2870650151334431,0.42334013206227367,0.9259443973993693,0.4196154846911393,0.04423856735229492
80273,1,0,0.0010290648969831925,0.004405452482745162,0.2335889220869235,-1.4541924507538961,0.4969892079907835,0.8087872371495327,0.9924850463867188,2,0.6666666666666666,0.0,0.6643115900904011,0.6621336364374442,0.6664895437433579,0.20431999223708774,0.25103968714207026,0.9510705267168909,0.29923781038545527,0.004329502582550049
80273,1,1,0.0010952774100339748,0.002361003438669536,0.463903352121875,-0.7680790403796243,0.35463973792852493,0.5422422605140187,0.9881555438041687,2,0.6666666666666666,0.0,0.8274141917743792,0.6664895437433579,0.9883388398054006,0.20431999223708774,0.25103968714207026,0.9510705267168909,0.29923781038545527,0.004329502582550049
80273,1,2,0.0010917238688516236,0.0023494745187142086,0.46466725205618387,-0.7664337156093148,0.3497550719438147,0.5365143107476635,0.9691387414932251,2,0.6666666666666666,0.0,0.8252362381214224,0.6621336364374442,0.9883388398054006,0.20431999223708774,0.25103968714207026,0.9510705267168909,0.29923781038545527,0.004329502582550049
80273,36,0,0.007529366073986937,0.01747714181204188,0.4308122091432786,-0.8420829933389693,0.6538084882150145,0.8142559871495327,0.9785484075546265,1,0.3333333333333333,0.0,0.3420370595953634,0.014040554775280899,0.6700335644154459,0.18807329051197083,0.2815565074591427,0.9439364122466832,0.44079852148936477,0.011280953884124756
80273,36,1,0.009241648140046951,0.0095401852332606,0.968707411136888,-0.03179266187016812,0.5383706162491957,0.5462616822429907,0.9672674536705017,1,0.3333333333333333,0.0,0.34308109039193213,0.01612861636841834,0.6700335644154459,0.18807329051197083,0.2815565074591427,0.9439364122466832,0.44079852148936477,0.011280953884124756
80273,36,2,0.056573394589917,0.007957607218781608,7.109347449228542,1.961410460328098,0.17615747500875936,0.029198306074766357,0.6329493522644043,2,0.6666666666666666,1.0,0.015084585571849619,0.014040554775280899,0.01612861636841834,0.18807329051197083,0.2815565074591427,0.9439364122466832,0.44079852148936477,0.011280953884124756
361238,59,0,0.03492347255105981,0.002760399178061158,12.651602281282257,2.5377838697330963,0.8461103140591723,0.3029329427083333,0.9532501101493835,3,1.0,1.0,0.5390305223808053,0.13385036106482076,0.9442106836967897,0.13985479545545423,0.1767278049450403,0.9216475268886891,0.42922230748124324,0.015198111534118652
361238,59,1,0.035201573162658824,0.003246883498603835,10.841649590123545,2.383395160672942,0.8155489131007427,0.28968424479166666,0.9684482216835022,3,1.0,1.0,0.544482395625101,0.14475410755341223,0.9442106836967897,0.13985479545545423,0.1767278049450403,0.9216475268886891,0.42922230748124324,0.015198111534118652
361238,59,2,0.056496383637916356,0.010547068378096729,5.356595938060545,1.678328687165022,0.19239928272643275,0.04258138020833333,0.716111421585083,3,1.0,1.0,0.13930223430911648,0.13385036106482076,0.14475410755341223,0.13985479545545423,0.1767278049450403,0.9216475268886891,0.42922230748124324,0.015198111534118652
361238,67,0,0.007083851814677341,0.0017731924423288433,3.994970676380004,1.3850362392523665,0.6458641752656346,0.3134309895833333,0.9915554523468018,2,0.6666666666666666,1.0,0.775314259516827,0.5725627578201116,0.9780657612135424,0.4240972215972416,0.5545031464852138,0.9520325112483223,0.34261708114137146,0.0063340067863464355
361238,67,1,0.0070895291554292665,0.001818781417959676,3.8979555660319,1.3604522019905687,0.6334388599802896,0.30715494791666664,0.9852214455604553,2,0.6666666666666666,1.0,0.780557319180087,0.5830488771466315,0.9780657612135424,0.4240972215972416,0.5545031464852138,0.9520325112483223,0.34261708114137146,0.0063340067863464355
361238,67,2,0.00865967850556889,0.0022878417299578174,3.7850863494580405,1.3310687003399189,0.45458793583124946,0.18046223958333332,0.9232374429702759,2,0.6666666666666666,1.0,0.5778058174833716,0.5725627578201116,0.5830488771466315,0.4240972215972416,0.5545031464852138,0.9520325112483223,0.34261708114137146,0.0063340067863464355
381971,1,0,0.00046063942642272617,0.00010562668817095163,4.3610135850912055,1.4727045061587998,0.3537044565193611,0.11150102459016394,0.8952633142471313,1,0.3333333333333333,1.0,0.603069485404591,0.5819576842594746,0.6241812865497076,0.2182032979551073,0.32014170640955125,0.8245658674194967,0.7901119585933699,0.009072840213775635
381971,1,1,0.0005061883143929636,0.00010874150424211346,4.654968802077303,1.537935210657911,0.31986232819477717,0.09175936768149882,0.904336154460907,1,0.3333333333333333,1.0,0.7325929709516822,0.6241812865497076,0.8410046553536568,0.2182032979551073,0.32014170640955125,0.8245658674194967,0.7901119585933699,0.009072840213775635
381971,1,2,0.0005546902942249743,0.00010585763760765474,5.239964744356802,1.6563147719369415,0.3349255072580729,0.08767930327868853,0.87275230884552,1,0.3333333333333333,1.0,0.7114811698065657,0.5819576842594746,0.8410046553536568,0.2182032979551073,0.32014170640955125,0.8245658674194967,0.7901119585933699,0.009072840213775635
381971,19,0,0.038466888514094834,0.0017031015329255954,22.58637418136185,3.11734681215039,0.4807957760697914,0.03938451405152225,0.7863577604293823,2,0.6666666666666666,1.0,0.5037041706488505,0.22807172511262255,0.7793366161850785,0.11191122282065093,0.13971428940417663,0.8496799145345746,0.7600856671811728,0.09261816740036011
381971,19,1,0.041855859268674536,0.0019254083877602538,21.73869165264466,3.079093698334889,0.40771334660580694,0.030693793911007027,0.8789759278297424,2,0.6666666666666666,1.0,0.4778315733986617,0.1763265306122449,0.7793366161850785,0.11191122282065093,0.13971428940417663,0.8496799145345746,0.7600856671811728,0.09261816740036011
381971,19,2,0.04283160420466855,0.0026897941400517216,15.923748048585308,2.767811582917766,0.15618316998789336,0.011490046838407495,0.7168164253234863,2,0.6666666666666666,1.0,0.20219912786243371,0.1763265306122449,0.22807172511262255,0.11191122282065093,0.13971428940417663,0.8496799145345746,0.7600856671811728,0.09261816740036011
261706,17,0,0.03245085895315281,0.003171400297495556,10.232344043275395,2.3255536879871292,0.7806648303063708,0.25807291666666665,0.9108563661575317,3,1.0,1.0,0.596294379740872,0.29836441821460546,0.8942243412671385,0.1843098159071149,0.2352625610909557,0.9266654116779217,0.43991352650533044,0.02704101800918579
261706,17,1,0.035821975975582676,0.0031988237391082364,11.198483844680542,2.4157783981548167,0.7706302402656442,0.23078125,0.883815348148346,3,1.0,1.0,0.6125709378725223,0.330917534477906,0.8942243412671385,0.1843098159071149,0.2352625610909557,0.9266654116779217,0.43991352650533044,0.02704101800918579
261706,17,2,0.04988298200031743,0.00745747413004901,6.6889916242056895,1.9004631339811715,0.35841860184484037,0.077080078125,0.6514958143234253,3,1.0,1.0,0.31464097634625576,0.29836441821460546,0.330917534477906,0.1843098159071149,0.2352625610909557,0.9266654116779217,0.43991352650533044,0.02704101800918579
261706,63,0,0.009677050217512946,0.0048191500601089685,2.008040856749352,0.6971595487125521,0.7467514745926133,0.5948860677083333,0.9637938141822815,3,1.0,1.0,0.6660236956495043,0.6606403511091135,0.671407040189895,0.32100912882761296,0.39549795169058816,0.9663529130832068,0.2567430746761884,0.01856553554534912
261706,63,1,0.011344994986047938,0.004838842972493308,2.3445677093046147,0.8521010392803102,0.649220456137524,0.44115234375,0.9823593497276306,3,1.0,1.0,0.8198763464866028,0.671407040189895,0.9683456527833104,0.32100912882761296,0.39549795169058816,0.9663529130832068,0.2567430746761884,0.01856553554534912
261706,63,2,0.011399354562195447,0.004954318960817673,2.300892342630515,0.8332970228367126,0.6320231642664826,0.4274186197916667,0.9587737321853638,3,1.0,1.0,0.814493001946212,0.6606403511091135,0.9683456527833104,0.32100912882761296,0.39549795169058816,0.9663529130832068,0.2567430746761884,0.01856553554534912
271116,46,0,0.011765313239094997,0.001242086403991784,9.472218029125616,2.248363096239349,0.11530213009155205,0.013572376179245282,0.6175772547721863,1,0.3333333333333333,1.0,0.22186916101308635,0.16779864163004396,0.27593968039612876,0.21228827624873614,0.31786069104390885,0.8877876214902074,0.6059082369533502,0.07002419233322144
271116,46,1,0.01677159621963174,0.0012714709694651562,13.19070321636679,2.579512279724533,0.0886310225055331,0.007318691037735849,0.6950132250785828,2,0.6666666666666666,1.0,0.3310871138365542,0.27593968039612876,0.38623454727697965,0.21228827624873614,0.31786069104390885,0.8877876214902074,0.6059082369533502,0.07002419233322144
271116,46,2,0.016248846396792818,0.00126547976487343,12.840068118811777,2.5525706035126947,0.09352143672107598,0.007970961084905661,0.6249890327453613,2,0.6666666666666666,1.0,0.2770165944535118,0.16779864163004396,0.38623454727697965,0.21228827624873614,0.31786069104390885,0.8877876214902074,0.6059082369533502,0.07002419233322144
271116,1,0,0.0019179115425463256,0.00039433002267885654,4.863721825321315,1.5818039530320045,0.6629598917237485,0.28796432783018866,0.7732079029083252,2,0.6666666666666666,1.0,0.1208919056590057,0.11502254044020153,0.12676127087780986,0.4256008463498961,0.5152676549178792,0.8992789170754067,0.5588747842176293,0.048449814319610596
271116,1,1,0.0035638004534175776,0.0005829172693548893,6.113732830814705,1.8105375248577085,0.35899525915184866,0.08391804245283019,0.8837283253669739,3,1.0,1.0,0.3047597149932334,0.11502254044020153,0.4944968895462653,0.4256008463498961,0.5152676549178792,0.8992789170754067,0.5588747842176293,0.048449814319610596
271116,1,2,0.00598381882941528,0.0006034248950924656,9.916426829857466,2.294192657973722,0.3065745899879707,0.04268130896226415,0.8352785110473633,2,0.6666666666666666,1.0,0.3106290802120376,0.12676127087780986,0.4944968895462653,0.4256008463498961,0.5152676549178792,0.8992789170754067,0.5588747842176293,0.048449814319610596
33114,5,0,0.003274555776130312,0.004513150576871677,0.7255587243611391,-0.3208132663323914,0.40347386257201634,0.4824576822916667,0.8801274299621582,3,1.0,1.0,0.02739212283300124,0.01321682796128929,0.041567417704713186,0.17791947452459456,0.2604164604492393,0.8765955871299944,0.6932059854197322,0.08334821462631226
33114,5,1,0.030255676954136276,0.0028606216773364545,10.576608987921446,2.358644863549788,0.2975597569354134,0.03850911458333333,0.796779215335846,3,1.0,1.0,0.17652003894293022,0.041567417704713186,0.3114726601811473,0.17791947452459456,0.2604164604492393,0.8765955871299944,0.6932059854197322,0.08334821462631226
33114,5,2,0.04597310339965947,0.0033876994299665035,13.570596901078513,2.6079054597160614,0.14554032404314682,0.012395833333333333,0.7081326246261597,3,1.0,1.0,0.1623447440712183,0.01321682796128929,0.3114726601811473,0.17791947452459456,0.2604164604492393,0.8765955871299944,0.6932059854197322,0.08334821462631226
33114,14,0,0.010559704319703324,0.0010895229213219873,9.692044199674589,2.271305363467242,0.4528677430909346,0.078681640625,0.8845525979995728,3,1.0,1.0,0.5531205225512237,0.4521760714876717,0.6540649736147758,0.21025762873296774,0.3133950098323149,0.9064437213942824,0.5150291923806991,0.005829870700836182
33114,14,1,0.011794488215329984,0.0012892123913334818,9.148599785006637,2.213600838701066,0.33378345048303154,0.051920572916666664,0.8903824687004089,3,1.0,1.0,0.6696970636098958,0.6540649736147758,0.6853291536050157,0.21025762873296774,0.3133950098323149,0.9064437213942824,0.5150291923806991,0.005829870700836182
33114,14,2,0.012433045793888478,0.001443619050381224,8.612414599262044,2.1532047204653315,0.24113621473867602,0.03558268229166667,0.8640142679214478,2,0.6666666666666666,1.0,0.5687526125463437,0.4521760714876717,0.6853291536050157,0.21025762873296774,0.3133950098323149,0.9064437213942824,0.5150291923806991,0.005829870700836182
491213,3,0,0.012438817624611747,0.0016559860282668835,7.511426669534464,2.016425417126731,0.5914168130056837,0.16156901041666666,0.8675637245178223,2,0.6666666666666666,1.0,0.3500598391081786,0.27002622780146956,0.4300934504148876,0.139250620589673,0.1782386464351464,0.9118710426699045,0.5677130050031371,0.07969242334365845
491213,3,1,0.023874754656644338,0.0018669994089435503,12.78776764978528,2.5484890616800824,0.48880956217410565,0.06957356770833334,0.9472561478614807,2,0.6666666666666666,1.0,0.5151968685260662,0.4300934504148876,0.6003002866372447,0.139250620589673,0.1782386464351464,0.9118710426699045,0.5677130050031371,0.07969242334365845
491213,3,2,0.024333960978998433,0.002413446863757291,10.082658679724272,2.3108169858154692,0.32168231361079325,0.044921875,0.8326640129089355,2,0.6666666666666666,1.0,0.4351632572193571,0.27002622780146956,0.6003002866372447,0.139250620589673,0.1782386464351464,0.9118710426699045,0.5677130050031371,0.07969242334365845
491213,4,0,0.012735509222921085,0.0024893712296661465,5.115954208048396,1.6323639330217508,0.7466503802795548,0.3655078125,0.9443013668060303,3,1.0,1.0,0.4410178019314596,0.4189367115634397,0.46309889229947954,0.16677238981122888,0.2337333851550212,0.9491351252338086,0.35331332019797546,0.00655597448348999
491213,4,1,0.010809382637672024,0.005298734673616456,2.0399931873272084,0.712946468397575,0.2943946408174725,0.169794921875,0.9685599207878113,3,1.0,1.0,0.683444154759265,0.46309889229947954,0.9037894172190505,0.16677238981122888,0.2337333851550212,0.9491351252338086,0.35331332019797546,0.00655597448348999
491213,4,2,0.0106393033765188,0.00543449776285928,1.9577344289793863,0.6717879011826732,0.2622756007226008,0.15368815104166667,0.9620039463043213,3,1.0,1.0,0.6613630643912451,0.4189367115634397,0.9037894172190505,0.16677238981122888,0.2337333851550212,0.9491351252338086,0.35331332019797546,0.00655597448348999
497344,77,0,0.004248853649537915,0.0006164639933089448,6.892298153277992,1.9304045787427424,0.662535965201631,0.2216996996996997,0.6863871812820435,3,1.0,1.0,0.1121327937593134,0.10450099962176473,0.11976458789686205,0.3039840243666991,0.44510759807792977,0.8237044792856524,0.7781247251184118,0.05591690540313721
497344,77,1,0.022441875561071852,0.0007015248016662959,31.99013844667598,3.4654276818076863,0.5229278247606238,0.03312912912912913,0.8262685537338257,3,1.0,1.0,0.4193422432054082,0.11976458789686205,0.7189198985139543,0.3039840243666991,0.44510759807792977,0.8237044792856524,0.7781247251184118,0.05591690540313721
497344,77,2,0.029504036532291836,0.0007359957993838284,40.087234895776874,3.691057951891964,0.4946760447729677,0.023837837837837838,0.8821854591369629,2,0.6666666666666666,1.0,0.41171044906785953,0.10450099962176473,0.7189198985139543,0.3039840243666991,0.44510759807792977,0.8237044792856524,0.7781247251184118,0.05591690540313721
497344,1,0,0.002261307278441139,0.0005891489491370853,3.8382607283183137,1.345019329101893,0.7132598441390686,0.3932312312312312,0.9392555952072144,3,1.0,1.0,0.3791120467542489,0.35132039161180945,0.4069037018966884,0.1129873451925255,0.15839536932979897,0.926909871447423,0.4527875063325375,0.01870661973953247
497344,1,1,0.0034350771293928505,0.0008268191158488186,4.154569070058094,1.4242087096358071,0.44355333818176956,0.16097897897897898,0.9443714022636414,3,1.0,1.0,0.629987550617206,0.4069037018966884,0.8530713993377237,0.1129873451925255,0.15839536932979897,0.926909871447423,0.4527875063325375,0.01870661973953247
497344,1,2,0.00358708653861472,0.0008715407724472342,4.115798879295799,1.414832953911889,0.39749658887178807,0.13815015015015014,0.9630780220031738,3,1.0,1.0,0.6021958954747666,0.35132039161180945,0.8530713993377237,0.1129873451925255,0.15839536932979897,0.926909871447423,0.4527875063325375,0.01870661973953247
533536,17,0,0.032772265178331116,0.0026523084481981066,12.356128936752969,2.5141522101856055,0.6391324978398433,0.12536783854166667,0.8821198344230652,3,1.0,1.0,0.7304072241827295,0.5961678263578772,0.8646466220075817,0.118269938297899,0.13579908741129396,0.92289931565153,0.49971713588851707,0.05668395757675171
533536,17,1,0.03549654999202033,0.002894117302790856,12.265069541419491,2.506755347630377,0.5985956437097644,0.10840494791666666,0.9611199498176575,3,1.0,1.0,0.7768434682997414,0.6890403145919011,0.8646466220075817,0.118269938297899,0.13579908741129396,0.92289931565153,0.49971713588851707,0.05668395757675171
533536,17,2,0.03999849383534947,0.003716057621001179,10.763690422488498,2.376178472023497,0.46514373777480067,0.074755859375,0.9044359922409058,3,1.0,1.0,0.6426040704748892,0.5961678263578772,0.6890403145919011,0.118269938297899,0.13579908741129396,0.92289931565153,0.49971713588851707,0.05668395757675171
533536,72,0,0.012197733074760153,0.0017457700143833717,6.987021753882929,1.9440543931271872,0.871683612783317,0.49296875,0.9424375295639038,3,1.0,1.0,0.3641755421111033,0.34376815037752784,0.3845829338446788,0.2822302542999778,0.4228825748748761,0.9095015297718119,0.528221030617867,0.0035976767539978027
533536,72,1,0.01871500509439919,0.003715940006442724,5.036412067179385,1.6166939371890188,0.5756123917049919,0.21216796875,0.938839852809906,3,1.0,1.0,0.5909282134950591,0.3845829338446788,0.7972734931454393,0.2822302542999778,0.4228825748748761,0.9095015297718119,0.528221030617867,0.0035976767539978027
533536,72,2,0.021892946057300636,0.0038318065846598497,5.71347889510728,1.7428281017793534,0.5388352085251821,0.16978190104166666,0.81449294090271,3,1.0,1.0,0.5705208217614836,0.34376815037752784,0.7972734931454393,0.2822302542999778,0.4228825748748761,0.9095015297718119,0.528221030617867,0.0035976767539978027
534827,4,0,0.03951776722343591,0.005080566495579555,7.778220647252799,2.051327603478478,0.37915933412168434,0.07280052543893374,0.9151361584663391,3,1.0,1.0,0.45710396962815336,0.41153705732018986,0.5026708819361169,0.20785869347453814,0.30306220420459384,0.8843063774605314,0.5803888136979185,0.05062466859817505
534827,4,1,0.047020544029473414,0.006046763951272336,7.7761500863289665,2.051061368218572,0.23304323265495797,0.03760572856593618,0.8645114898681641,3,1.0,1.0,0.639697479877479,0.5026708819361169,0.7767240778188411,0.20785869347453814,0.30306220420459384,0.8843063774605314,0.5803888136979185,0.05062466859817505
534827,4,2,0.04805189942863017,0.006317912085060312,7.605661296656962,2.0288928774621042,0.19267123624724192,0.030423661839463455,0.7693791389465332,3,1.0,1.0,0.5941305675695154,0.41153705732018986,0.7767240778188411,0.20785869347453814,0.30306220420459384,0.8843063774605314,0.5803888136979185,0.05062466859817505
534827,1,0,0.0008764320847934126,0.0006947661579895175,1.261477798613729,0.23228389088868762,0.432419720899831,0.3765378700499808,0.9691454768180847,3,1.0,1.0,0.6986050541881537,0.5376859958938033,0.8595241124825042,0.2743966207360717,0.3859090323508896,0.9158035368397743,0.49206905325985917,0.012170553207397461
534827,1,1,0.0008811798971730742,0.0007061464273303962,1.2478713505023666,0.2214391812351423,0.3761650463781597,0.32578815840061515,0.9569749236106873,3,1.0,1.0,0.7425541791371502,0.6255842457917961,0.8595241124825042,0.2743966207360717,0.3859090323508896,0.9158035368397743,0.49206905325985917,0.012170553207397461
534827,1,2,0.001106154446481529,0.0006745314100372594,1.639885746433279,0.49462657350431893,0.29765544035997565,0.20536171985133922,0.8749961853027344,2,0.6666666666666666,0.0,0.5816351208427997,0.5376859958938033,0.6255842457917961,0.2743966207360717,0.3859090323508896,0.9158035368397743,0.49206905325985917,0.012170553207397461
76547,1,0,0.0025645244546784623,0.00021079847478444776,12.165763747271209,2.498625757003333,0.47245889483205933,0.06856770833333334,0.9411463141441345,2,0.6666666666666666,1.0,0.6987485624350853,0.5645310192023634,0.8329661056678074,0.3471608097050139,0.4107934622098069,0.8372827971639504,0.7707935786902133,0.012386023998260498
76547,1,1,0.0028381279451944017,0.00021838928640288013,12.995728769235281,2.5646207476147933,0.44767666287863794,0.05870768229166667,0.928760290145874,2,0.6666666666666666,1.0,0.7439629455952979,0.6549597855227882,0.8329661056678074,0.3471608097050139,0.4107934622098069,0.8372827971639504,0.7707935786902133,0.012386023998260498
76547,1,2,0.002899623919342956,0.0002620307796619891,11.065966799844684,2.4038743446215203,0.3253753654462106,0.041764322916666666,0.8566046953201294,1,0.3333333333333333,1.0,0.6097454023625758,0.5645310192023634,0.6549597855227882,0.3471608097050139,0.4107934622098069,0.8372827971639504,0.7707935786902133,0.012386023998260498
76547,7,0,0.01259937117657757,0.002829958149626743,4.4521404579029635,1.4933849823891923,0.4004251832754709,0.130439453125,0.7963053584098816,3,1.0,1.0,0.6161213083237201,0.39217590517456047,0.8400667114728798,0.192623863714709,0.2565872985120095,0.9324255308856678,0.48051817510449646,0.006717681884765625
76547,7,1,0.01311328184213669,0.002988654481843625,4.387687475221208,1.4788023173505151,0.35205652708561014,0.11018880208333333,0.8554182052612305,3,1.0,1.0,0.6514197013071409,0.46277269114140196,0.8400667114728798,0.192623863714709,0.2565872985120095,0.9324255308856678,0.48051817510449646,0.006717681884765625
76547,7,2,0.023878249310990005,0.003029534660697424,7.881820800033763,2.064558943214164,0.29990955838310834,0.05154947916666667,0.8621358871459961,3,1.0,1.0,0.4274742981579812,0.39217590517456047,0.46277269114140196,0.192623863714709,0.2565872985120095,0.9324255308856678,0.48051817510449646,0.006717681884765625
74256,1,0,0.002364764726008949,0.0005489009888230905,4.308180837442299,1.4605157359581702,0.6032501316989788,0.26086263020833333,0.9384948015213013,3,1.0,1.0,0.2461730134018528,0.14442769643028042,0.3479183303734252,0.3312469776277422,0.43106096974603214,0.9146032173131035,0.5179758437743796,0.04762113094329834
74256,1,1,0.00471023061726354,0.0005795073684156252,8.127990886489213,2.095313769798935,0.4940835066482014,0.107265625,0.8908736705780029,3,1.0,1.0,0.39988154180386637,0.3479183303734252,0.4518447532343076,0.3312469776277422,0.43106096974603214,0.9146032173131035,0.5179758437743796,0.04762113094329834
74256,1,2,0.006523655586167583,0.0007297269951565674,8.939857810561106,2.190519684353291,0.3224652746140507,0.050546875,0.833116888999939,1,0.3333333333333333,1.0,0.298136224832294,0.14442769643028042,0.4518447532343076,0.3312469776277422,0.43106096974603214,0.9146032173131035,0.5179758437743796,0.04762113094329834
74256,31,0,0.007322087688799484,0.0032496136408921516,2.253217919326574,0.8123593809778176,0.17040966394562745,0.08354817708333333,0.9307012557983398,3,1.0,1.0,0.43038098446631096,0.026179881118653978,0.8345820878139679,0.10278121500289968,0.12454659650645543,0.945738721576538,0.41611592364766126,0.03809678554534912
74256,31,1,0.008086047560495715,0.003249966130328511,2.4880405621920514,0.9114954779995618,0.1583106577325582,0.070283203125,0.968798041343689,2,0.6666666666666666,1.0,0.42579130261050974,0.01700051740705152,0.8345820878139679,0.10278121500289968,0.12454659650645543,0.945738721576538,0.41611592364766126,0.03809678554534912
74256,31,2,0.025982651738058672,0.003149323877493784,8.250231713381382,2.1102412864611297,0.13964310724863394,0.019293619791666668,0.7732548713684082,1,0.3333333333333333,0.0,0.02159019926285275,0.01700051740705152,0.026179881118653978,0.10278121500289968,0.12454659650645543,0.945738721576538,0.41611592364766126,0.03809678554534912
365387,81,0,0.003738458765460259,0.0031603429396533994,1.1829281934470486,0.16799288472923282,0.4574487861636505,0.4161470588235294,0.8684192299842834,3,1.0,1.0,0.44716265723175846,0.4309497216530205,0.46337559281049645,0.17271653370227127,0.24076008541193955,0.903101522354714,0.5903935770555981,0.04189783334732056
365387,81,1,0.007382957438746102,0.0023055476450160955,3.2022575857426285,1.1638560567407032,0.4683328497888426,0.21573529411764705,0.9227845072746277,3,1.0,1.0,0.6487514162794663,0.46337559281049645,0.8341272397484362,0.17271653370227127,0.24076008541193955,0.903101522354714,0.5903935770555981,0.04189783334732056
365387,81,2,0.007299413208128211,0.0025332556748765976,2.8814356472732867,1.058288658717224,0.3907297011353257,0.18204779411764707,0.8808866739273071,3,1.0,1.0,0.6325384807007284,0.4309497216530205,0.8341272397484362,0.17271653370227127,0.24076008541193955,0.903101522354714,0.5903935770555981,0.04189783334732056
365387,70,0,0.005807371322869573,0.004356936211171777,1.3329025351910777,0.28735892180968353,0.47194589981519863,0.4013860294117647,0.8582123517990112,3,1.0,1.0,0.613454400324904,0.41067730375119305,0.8162314968986149,0.27620566728690793,0.39102440005209105,0.9129540905415058,0.5632677492600575,0.06779998540878296
365387,70,1,0.005258696964359731,0.00478279322020531,1.0995033071980662,0.09485853910924516,0.3497393075322452,0.32848529411764704,0.9260123372077942,2,0.6666666666666666,0.0,0.6412026444098775,0.46617379192114006,0.8162314968986149,0.27620566728690793,0.39102440005209105,0.9129540905415058,0.5632677492600575,0.06779998540878296
365387,70,2,0.01075319413440509,0.003709285172979626,2.8989936416423276,1.0643636567366723,0.38012035071706224,0.1745955882352941,0.7426080703735352,3,1.0,1.0,0.43842554783616655,0.41067730375119305,0.46617379192114006,0.27620566728690793,0.39102440005209105,0.9129540905415058,0.5632677492600575,0.06779998540878296
38048,11,0,0.05140452746930561,0.004216715540391263,12.190655728307723,2.5006697343798843,0.3578753371656822,0.043719063545150504,0.8615192174911499,3,1.0,1.0,0.8509610791234281,0.7373798993442123,0.964542258902644,0.10189826762486803,0.1445895569320163,0.9266860040769105,0.48063680680304866,0.022860705852508545
38048,11,1,0.05201833688923172,0.00426147602065701,12.206647796414252,2.501980704699035,0.35006963352955783,0.04226086956521739,0.9420390725135803,3,1.0,1.0,0.8640577456129381,0.7635732323232324,0.964542258902644,0.10189826762486803,0.1445895569320163,0.9266860040769105,0.48063680680304866,0.022860705852508545
38048,11,2,0.05624301153153819,0.00460235093096657,12.220496081880858,2.5031145488358355,0.29091465548443907,0.03248160535117057,0.9648997783660889,3,1.0,1.0,0.7504765658337224,0.7373798993442123,0.7635732323232324,0.10189826762486803,0.1445895569320163,0.9266860040769105,0.48063680680304866,0.022860705852508545
38048,1,0,0.0017618045475977474,0.0008357985905622786,2.1079295483192597,0.7457062095872979,0.47927100743679285,0.3039264214046823,0.9508925676345825,3,1.0,1.0,0.8199532866776753,0.7394884564139528,0.900418116941398,0.24675261230743137,0.3479405456609056,0.9397828677346161,0.44379852701910893,0.0035616159439086914
38048,1,1,0.0017408351348731006,0.0008786025990378809,1.98136806651613,0.6837875493747935,0.4312408851210825,0.27676254180602006,0.9563084840774536,3,1.0,1.0,0.8545766544979815,0.808735192054565,0.900418116941398,0.24675261230743137,0.3479405456609056,0.9397828677346161,0.44379852701910893,0.0035616159439086914
38048,1,2,0.0019504481498499053,0.0008700722851889433,2.241708167022745,0.807238150331127,0.3993923062104898,0.22877591973244146,0.9598701000213623,3,1.0,1.0,0.7741118242342588,0.7394884564139528,0.808735192054565,0.24675261230743137,0.3479405456609056,0.9397828677346161,0.44379852701910893,0.0035616159439086914
281929,2,0,0.02583294605472685,0.002955408170666255,8.740906350056639,2.168013885709016,0.6000962890624992,0.1465215773809524,0.9144715666770935,3,1.0,1.0,0.6435146851886526,0.42640351430312967,0.8606258560741755,0.1817108764943471,0.26556720496163017,0.9042426488922319,0.503773972757612,0.0020695924758911133
281929,2,1,0.02680318752284766,0.00332009355510343,8.073021759755697,2.0885278558207276,0.5405865140247386,0.12721354166666668,0.9124019742012024,3,1.0,1.0,0.6713083596312209,0.4819908631882664,0.8606258560741755,0.1817108764943471,0.26556720496163017,0.9042426488922319,0.503773972757612,0.0020695924758911133
281929,2,2,0.02854705079422354,0.004790097677637241,5.959596799359012,1.7850028277095888,0.2890716749480443,0.0638702876984127,0.8704302310943604,3,1.0,1.0,0.45419718874569803,0.42640351430312967,0.4819908631882664,0.1817108764943471,0.26556720496163017,0.9042426488922319,0.503773972757612,0.0020695924758911133
281929,1,0,0.004466487118094453,0.0004439224988812463,10.061411888988019,2.308707501865684,0.49418792670622097,0.08851066468253968,0.9046969413757324,3,1.0,1.0,0.688098577268724,0.5975204006584247,0.7786767538790235,0.12966923608520622,0.15712390892713768,0.8693901403184628,0.6639043622336025,0.026298046112060547
281929,1,1,0.004780584778986639,0.0005052796442759456,9.461265308591333,2.2472061278796387,0.41190686027451084,0.06892671130952381,0.8876503109931946,3,1.0,1.0,0.7519091658240107,0.7251415777689978,0.7786767538790235,0.12966923608520622,0.15712390892713768,0.8693901403184628,0.6639043622336025,0.026298046112060547
281929,1,2,0.005384323093747309,0.0005438950815917975,9.899562003924817,2.2924905143197654,0.3560671329703471,0.052901785714285714,0.930994987487793,3,1.0,1.0,0.6613309892137113,0.5975204006584247,0.7251415777689978,0.12966923608520622,0.15712390892713768,0.8693901403184628,0.6639043622336025,0.026298046112060547
231831,75,0,0.015606278082412467,0.002499963691601931,6.242601894017768,1.8313970657326542,0.2049380665163835,0.03965371621621622,0.8262193202972412,3,1.0,1.0,0.7012355111533657,0.48111460095031006,0.9213564213564214,0.1393919553635782,0.1599177605727779,0.9260701009642284,0.4483850852657054,0.04696470499038696
231831,75,1,0.015570702853334036,0.0025211636619702597,6.1759984415251,1.8206705604429325,0.19698351707781311,0.038201663201663204,0.8957423567771912,3,1.0,1.0,0.7060466579657408,0.49073689457506026,0.9213564213564214,0.1393919553635782,0.1599177605727779,0.9260701009642284,0.4483850852657054,0.04696470499038696
231831,75,2,0.017283954762169648,0.0027272576257130828,6.3374851693055625,1.8464820288233967,0.1149812301321579,0.02008835758835759,0.8487776517868042,3,1.0,1.0,0.48592574776268516,0.48111460095031006,0.49073689457506026,0.1393919553635782,0.1599177605727779,0.9260701009642284,0.4483850852657054,0.04696470499038696
231831,17,0,0.021174063222880395,0.00321377068908856,6.588542016448882,1.8853320822705397,0.7663353417901976,0.3323447245322245,0.994530439376831,3,1.0,1.0,0.6170791047646685,0.28079342136104385,0.9533647881682932,0.16699344657712975,0.19192412440462592,0.9345214387981382,0.42206032880700384,0.038682639598846436
231831,17,1,0.02059674183435614,0.003879686532981337,5.308867521629319,1.6693785397936889,0.7115309887799015,0.3172264812889813,0.9558477997779846,2,0.6666666666666666,1.0,0.6089946085191152,0.2646244288699373,0.9533647881682932,0.16699344657712975,0.19192412440462592,0.9345214387981382,0.42206032880700384,0.038682639598846436
231831,17,2,0.04460187748933229,0.0055223765877483785,8.076572970450227,2.0889676452632338,0.4549449452789991,0.09366554054054053,0.8660718202590942,3,1.0,1.0,0.2727089251154906,0.2646244288699373,0.28079342136104385,0.16699344657712975,0.19192412440462592,0.9345214387981382,0.42206032880700384,0.038682639598846436
96493,1,0,0.002366598742310772,0.00039973868054232737,5.9203646071469285,1.7783980364670235,0.6564786719200041,0.24402142018779344,0.9599109888076782,3,1.0,1.0,0.6213764362419092,0.3132871961929353,0.929465676290883,0.09972253048533959,0.1233551338688346,0.9171832487799361,0.5074762203869762,0.014559566974639893
96493,1,1,0.002446205746918018,0.0004155984047324143,5.885984433956234,1.7725740056287846,0.6355403680845084,0.22855046948356808,0.9453514218330383,3,1.0,1.0,0.6293879142186889,0.3293101521464949,0.929465676290883,0.09972253048533959,0.1233551338688346,0.9171832487799361,0.5074762203869762,0.014559566974639893
96493,1,2,0.0011607113042113803,0.0008563011765625613,1.3554942286956961,0.30416613311499574,0.10139771486490246,0.07684859154929577,0.8602166175842285,2,0.6666666666666666,0.0,0.32129867416971514,0.3132871961929353,0.3293101521464949,0.09972253048533959,0.1233551338688346,0.9171832487799361,0.5074762203869762,0.014559566974639893
96493,75,0,0.005639280777964582,0.0015317438585874983,3.6816082158039474,1.3033496720589681,0.4692146068177643,0.19362162558685447,0.5528364181518555,3,1.0,1.0,0.1165618125461159,0.054503664349366036,0.17861996074286576,0.09075686056980041,0.11379391628019367,0.9196230309785425,0.5302340807933067,0.0225641131401062
96493,75,1,0.01779677082774844,0.0017588662398312813,10.118319639438454,2.314347606595006,0.27094288062721794,0.03542767018779343,0.8985562920570374,3,1.0,1.0,0.2275803581050313,0.17861996074286576,0.2765407554671968,0.09075686056980041,0.11379391628019367,0.9196230309785425,0.5302340807933067,0.0225641131401062
96493,75,2,0.03970425557691874,0.0018855281790451169,21.0573652502869,3.04725039208052,0.19919483175842465,0.011674735915492958,0.8759921789169312,3,1.0,1.0,0.16552220990828143,0.054503664349366036,0.2765407554671968,0.09075686056980041,0.11379391628019367,0.9196230309785425,0.5302340807933067,0.0225641131401062
222235,17,0,0.03520163327940444,0.002118477679033194,16.616475883216705,2.8103947262508813,0.6547084402296269,0.10242242388758782,0.9038574695587158,3,1.0,1.0,0.7111600313941144,0.6337308955863448,0.788589167201884,0.14093717228170155,0.21125050833162096,0.8975695879016442,0.6434692525904747,0.03015047311782837
222235,17,1,0.041578561366210805,0.0023274010918750425,17.86480271642768,2.8828324484173287,0.611604187896888,0.08100483021077283,0.9340079426765442,3,1.0,1.0,0.7950893095108129,0.788589167201884,0.8015894518197417,0.14093717228170155,0.21125050833162096,0.8975695879016442,0.6434692525904747,0.03015047311782837
222235,17,2,0.04862995850825568,0.0025094744904114886,19.378542668868928,2.9641664059709143,0.5739228821077333,0.06499194964871194,0.8927627801895142,3,1.0,1.0,0.7176601737030432,0.6337308955863448,0.8015894518197417,0.14093717228170155,0.21125050833162096,0.8975695879016442,0.6434692525904747,0.03015047311782837
222235,16,0,0.007354550060837044,0.0011608066046366046,6.335723819217667,1.846204064559435,0.4192086426319708,0.10227239461358313,0.9021227955818176,3,1.0,1.0,0.7116012932168563,0.6344943498784151,0.7887082365552974,0.14103836662888403,0.21125050833162096,0.9504187197558025,0.39427667712287856,0.031390607357025146
222235,16,1,0.007843109461854727,0.0012618393005181829,6.215616721097754,1.8270649512367285,0.35362713112833294,0.08089871194379392,0.9335134029388428,3,1.0,1.0,0.7955658010699446,0.7887082365552974,0.8024233655845917,0.14103836662888403,0.21125050833162096,0.9504187197558025,0.39427667712287856,0.031390607357025146
222235,16,2,0.008681560712152312,0.0013156088698665345,6.598891892872496,1.8869017400323012,0.314412427691938,0.06498097189695551,0.8917351961135864,3,1.0,1.0,0.7184588577315034,0.6344943498784151,0.8024233655845917,0.14103836662888403,0.21125050833162096,0.9504187197558025,0.39427667712287856,0.031390607357025146
137246,28,0,0.00502780468228303,0.0014438502915059106,3.4822202193531417,1.247670084620578,0.18110464512371086,0.059717717717717715,0.8883873224258423,1,0.3333333333333333,0.0,0.42017975774111693,0.11073892945668921,0.7296205860255447,0.16109852049610687,0.23863234954489754,0.8996390436012087,0.5626897823848845,0.025833606719970703
137246,28,1,0.01185784302714589,0.0012344058842387775,9.606113490662892,2.2623997178171247,0.28510922308169817,0.039861861861861865,0.914220929145813,1,0.3333333333333333,1.0,0.12884195049684555,0.11073892945668921,0.1469449715370019,0.16109852049610687,0.23863234954489754,0.8996390436012087,0.5626897823848845,0.025833606719970703
137246,28,2,0.00581629392418376,0.0014348844957772634,4.0534927635270295,1.399578920375313,0.17855357788848653,0.0508948948948949,0.8594772815704346,2,0.6666666666666666,1.0,0.4382827787812733,0.1469449715370019,0.7296205860255447,0.16109852049610687,0.23863234954489754,0.8996390436012087,0.5626897823848845,0.025833606719970703
137246,64,0,0.009357482942613916,0.0021482449692333946,4.355873316252792,1.4715251221680787,0.20969734262951184,0.05741741741741742,0.7942752838134766,3,1.0,1.0,0.3057039896271373,0.3026277229657126,0.3087802562885619,0.2949671651615567,0.41138091510654373,0.904081435174479,0.5644168134443475,0.025120794773101807
137246,64,1,0.025900584020112312,0.001954098261966594,13.254494162842974,2.5843366770629514,0.256696842147241,0.025393393393393394,0.9277425408363342,3,1.0,1.0,0.594150579060204,0.3087802562885619,0.879520901831846,0.2949671651615567,0.41138091510654373,0.904081435174479,0.5644168134443475,0.025120794773101807
137246,64,2,0.02410369272991423,0.00206244684189554,11.686940108514131,2.458471988354933,0.21329296374758935,0.022672672672672672,0.9026217460632324,3,1.0,1.0,0.5910743123987793,0.3026277229657126,0.879520901831846,0.2949671651615567,0.41138091510654373,0.904081435174479,0.5644168134443475,0.025120794773101807
250901,54,0,0.027664285048685296,0.0026893107049373293,10.286756746853175,2.330857315249789,0.35238459884629864,0.050238409624413144,0.6620497703552246,3,1.0,1.0,0.4379098080533993,0.2698446178724601,0.6059749982343385,0.1549267930477303,0.223952252986471,0.9184432965575816,0.5368892151882624,0.02852499485015869
250901,54,1,0.03524087860271231,0.002870461345893006,12.27707826160318,2.5077339678588078,0.29633520043205636,0.03316461267605634,0.8276376724243164,3,1.0,1.0,0.46842977053581314,0.3308845428372878,0.6059749982343385,0.1549267930477303,0.223952252986471,0.9184432965575816,0.5368892151882624,0.02852499485015869
250901,54,2,0.035495069623751076,0.003430778043292652,10.346069948418755,2.336606732500884,0.14405382246540802,0.016006455399061034,0.8561626672744751,3,1.0,1.0,0.30036458035487396,0.2698446178724601,0.3308845428372878,0.1549267930477303,0.223952252986471,0.9184432965575816,0.5368892151882624,0.02852499485015869
250901,1,0,0.0005695915192197937,0.00021655339458873587,2.6302590068895753,0.9670823248033751,0.33884118589463386,0.16307218309859156,0.8773881196975708,1,0.3333333333333333,1.0,0.5763914471045005,0.38151742080652534,0.7712654734024758,0.25096725882076926,0.31712392162214564,0.9039077686174711,0.5269964264705624,0.035198211669921875
250901,1,1,0.0006462920677501683,0.00020966639451137632,3.082478077490015,1.12573384565298,0.34805440982144814,0.14762690727699532,0.9428260326385498,1,0.3333333333333333,1.0,0.609154137479448,0.44704280155642023,0.7712654734024758,0.25096725882076926,0.31712392162214564,0.9039077686174711,0.5269964264705624,0.035198211669921875
250901,1,2,0.0005077957646629923,0.0002406875610331872,2.1097715244337176,0.7465796613354222,0.23188670951394308,0.12517972417840376,0.9780242443084717,2,0.6666666666666666,1.0,0.4142801111814728,0.38151742080652534,0.44704280155642023,0.25096725882076926,0.31712392162214564,0.9039077686174711,0.5269964264705624,0.035198211669921875
488166,1,0,0.001841264204105435,0.00018552831195026026,9.92443781127398,2.2950001818116896,0.6420027681137993,0.15304276315789472,0.9485412836074829,2,0.6666666666666666,1.0,0.7905285124508347,0.7064315937940762,0.8746254311075932,0.2132780479373475,0.2848517525135448,0.9166804825715799,0.47238296262845275,0.03474867343902588
488166,1,1,0.0019279148901844927,0.00020857505818963932,9.243266657455942,2.223895358050446,0.5884715239508801,0.13397680055401662,0.913792610168457,2,0.6666666666666666,1.0,0.8215630702755371,0.768500709443481,0.8746254311075932,0.2132780479373475,0.2848517525135448,0.9166804825715799,0.47238296262845275,0.03474867343902588
488166,1,2,0.0020655769908622143,0.00024036897669505534,8.593359303972717,2.1509897315070585,0.5119455995160442,0.10878635734072022,0.9115302562713623,2,0.6666666666666666,1.0,0.7374661516187786,0.7064315937940762,0.768500709443481,0.2132780479373475,0.2848517525135448,0.9166804825715799,0.47238296262845275,0.03474867343902588
488166,47,0,0.006564603424074248,0.0007443864171129436,8.818811391959358,2.1768870982733084,0.45185190694046706,0.08548303324099724,0.7933038473129272,3,1.0,1.0,0.4275494844903778,0.21949148309106348,0.6356074858896921,0.22509682906725956,0.2894617176765786,0.8480926917565469,0.7522880877090538,0.060133278369903564
488166,47,1,0.00847032505470608,0.0008008834970674948,10.576226224094633,2.3586086733252682,0.3922065566776698,0.057505193905817174,0.8429184556007385,3,1.0,1.0,0.4859469829686697,0.3362864800476474,0.6356074858896921,0.22509682906725956,0.2894617176765786,0.8480926917565469,0.7522880877090538,0.060133278369903564
488166,47,2,0.01984248947311293,0.0008587745013147743,23.105587578146196,3.140074474828157,0.3224646398178145,0.020182652354570636,0.9030517339706421,3,1.0,1.0,0.27788898156935543,0.21949148309106348,0.3362864800476474,0.22509682906725956,0.2894617176765786,0.8480926917565469,0.7522880877090538,0.060133278369903564
325347,1,0,0.0006037396327982825,0.0010130624116452447,0.5959550223779753,-0.5175900789168978,0.5462466070190635,0.6688762186629527,0.9673995971679688,3,1.0,1.0,0.47731760719955507,0.07150654312484568,0.8831286712742644,0.15691636986833588,0.23445508439944415,0.9294708294087657,0.43858174638552794,0.001561582088470459
325347,1,1,0.0006066889516883619,0.0009342822906535669,0.6493636421328244,-0.4317624060928721,0.48850908626538203,0.5952689763231198,0.9689611792564392,3,1.0,1.0,0.48077895030426526,0.07842922933426606,0.8831286712742644,0.15691636986833588,0.23445508439944415,0.9294708294087657,0.43858174638552794,0.001561582088470459
325347,1,2,0.0010963981290889142,0.000720930932150051,1.5208088301861162,0.4192423193643393,0.07246231622915449,0.04885967966573816,0.5472983121871948,0,0.0,0.0,0.07496788622955587,0.07150654312484568,0.07842922933426606,0.15691636986833588,0.23445508439944415,0.9294708294087657,0.43858174638552794,0.001561582088470459
325347,62,0,0.0016679528981429965,0.0012110492055542022,1.3772792130295202,0.32010996887580173,0.29963371738414807,0.2370081824512535,0.9731540679931641,3,1.0,1.0,0.7611634501051862,0.5705478825573951,0.9517790176529772,0.2515551965511013,0.3429709362845496,0.9144758532967647,0.47658089937725756,0.008119463920593262
325347,62,1,0.0015902246211990172,0.0012396258023627674,1.2828263310469745,0.2490657154843669,0.2740453678887837,0.2273633356545961,0.9650346040725708,1,0.3333333333333333,0.0,0.7602359649286698,0.5686929122043626,0.9517790176529772,0.2515551965511013,0.3429709362845496,0.9144758532967647,0.47658089937725756,0.008119463920593262
325347,62,2,0.0024422525482177084,0.0011415906770311124,2.139341705583854,0.7604981679071088,0.2529737891890367,0.1366599930362117,0.8702090978622437,2,0.6666666666666666,1.0,0.5696203973808789,0.5686929122043626,0.5705478825573951,0.2515551965511013,0.3429709362845496,0.9144758532967647,0.47658089937725756,0.008119463920593262
460229,13,0,0.019453566044151743,0.0031668199540504298,6.142934022228604,1.8153024818578554,0.7856561561213865,0.37370267624020886,0.8867852687835693,3,1.0,1.0,0.34420705448136957,0.24301871138184755,0.44539539758089164,0.11630862702699629,0.15731237991920635,0.9611827091354636,0.3163906688205732,0.09989160299301147
460229,13,1,0.031555304273456,0.004799527684867462,6.574668662996309,1.8832241833650882,0.5676519863301017,0.1664572454308094,0.9866768717765808,3,1.0,1.0,0.49549069913356625,0.44539539758089164,0.5455860006862409,0.11630862702699629,0.15731237991920635,0.9611827091354636,0.3163906688205732,0.09989160299301147
460229,13,2,0.03596787480878514,0.006584739953800097,5.462307555906674,1.6978713297889505,0.3530106320076951,0.09081674281984334,0.8505356311798096,3,1.0,1.0,0.3943023560340442,0.24301871138184755,0.5455860006862409,0.11630862702699629,0.15731237991920635,0.9611827091354636,0.3163906688205732,0.09989160299301147
460229,8,0,0.02548549354122235,0.003040009554153918,8.383359683200734,2.1262487510372727,0.32165209297820435,0.05353296344647519,0.8016967177391052,3,1.0,1.0,0.8022058910577715,0.654449862846693,0.94996191926885,0.10325725095485701,0.1181764060997944,0.9555280087264252,0.40860565584708297,0.10268962383270264
460229,8,1,0.026396164132246172,0.0030529973833190297,8.64598321237469,2.157094844617628,0.31687173605528884,0.05091791775456919,0.9307177066802979,3,1.0,1.0,0.8190764571508486,0.6881909950328473,0.94996191926885,0.10325725095485701,0.1181764060997944,0.9555280087264252,0.40860565584708297,0.10268962383270264
460229,8,2,0.02901659524627615,0.0033417264395983657,8.683115079007028,2.161380344394607,0.23976372139116695,0.03504813968668407,0.8280280828475952,3,1.0,1.0,0.6713204289397702,0.654449862846693,0.6881909950328473,0.10325725095485701,0.1181764060997944,0.9555280087264252,0.40860565584708297,0.10268962383270264
198641,72,0,0.011906930444307738,0.0024783746245840986,4.8043303548193546,1.569517668552593,0.4849860981644682,0.16388635177453026,0.908524215221405,3,1.0,1.0,0.6300319851157554,0.3120931893951421,0.9479707808363687,0.1460860815943471,0.2179330369946612,0.9244388168277068,0.4641887593199094,0.015325307846069336
198641,72,1,0.011904457739509012,0.002574013312677955,4.624862535189833,1.5314466484855627,0.45965717362642466,0.15535947286012525,0.9238495230674744,3,1.0,1.0,0.6352202925422993,0.3224698042482299,0.9479707808363687,0.1460860815943471,0.2179330369946612,0.9244388168277068,0.4641887593199094,0.015325307846069336
198641,72,2,0.01757703760175034,0.003283252471121861,5.3535443134505165,1.6777588301116,0.22626255017896382,0.05179410229645094,0.830453634262085,3,1.0,1.0,0.317281496821686,0.3120931893951421,0.3224698042482299,0.1460860815943471,0.2179330369946612,0.9244388168277068,0.4641887593199094,0.015325307846069336
198641,76,0,0.013364501050461502,0.003958452681105185,3.3761932057133976,1.2167488043515176,0.7108688876292862,0.42137265135699375,0.8642242550849915,3,1.0,1.0,0.5194939766618121,0.37433734473551833,0.6646506085881058,0.41629442842275105,0.591867302932319,0.9463320307892521,0.35790638015293574,0.011381983757019043
198641,76,1,0.014458513977774133,0.005138220550114313,2.8139146293824524,1.0345766204839788,0.5451102752133085,0.29866910229645094,0.8528422713279724,3,1.0,1.0,0.5945508423266398,0.5244510760651738,0.6646506085881058,0.41629442842275105,0.591867302932319,0.9463320307892521,0.35790638015293574,0.011381983757019043
198641,76,2,0.016899037734479937,0.006238493906245328,2.708832930790163,0.9965178893482578,0.3368550111031957,0.15791036012526097,0.7219181060791016,3,1.0,1.0,0.4493942104003461,0.37433734473551833,0.5244510760651738,0.41629442842275105,0.591867302932319,0.9463320307892521,0.35790638015293574,0.011381983757019043
135410,4,0,0.02645406313447745,0.0016850326602792136,15.699436421840344,2.7536248150496947,0.42292421626130383,0.044599609375,0.8265194892883301,3,1.0,1.0,0.7222486303410115,0.6605617489503403,0.7839355117316827,0.14944854217968817,0.17672780494504037,0.8793312006347609,0.6675242841107065,0.02919989824295044
135410,4,1,0.03007249487221338,0.0017683971230983877,17.00550994027756,2.8335374057098037,0.3889762258225173,0.036083984375,0.887900173664093,3,1.0,1.0,0.8075831820687609,0.7839355117316827,0.8312308524058389,0.14944854217968817,0.17672780494504037,0.8793312006347609,0.6675242841107065,0.02919989824295044
135410,4,2,0.034060909337102326,0.0018201912972413033,18.712818465846144,2.92920876851318,0.3671572407307737,0.030071614583333333,0.8587002754211426,3,1.0,1.0,0.7458963006780897,0.6605617489503403,0.8312308524058389,0.14944854217968817,0.17672780494504037,0.8793312006347609,0.6675242841107065,0.02919989824295044
135410,1,0,0.0013451993169426013,0.00031815434111382026,4.228134395416656,1.4417608552416044,0.4111809134503671,0.141748046875,0.8557115793228149,2,0.6666666666666666,0.0,0.21380076361253575,0.008396571107363688,0.4192049561177078,0.24017973633104836,0.3602696044965725,0.90919601722449,0.49650017267978175,0.02546060085296631
135410,1,1,0.0013303564303340596,0.0004044115909292458,3.289610033153583,1.1907690275472522,0.18379989316081824,0.06406901041666667,0.9304407835006714,2,0.6666666666666666,0.0,0.22772110641844612,0.03623725671918443,0.4192049561177078,0.24017973633104836,0.3602696044965725,0.90919601722449,0.49650017267978175,0.02546060085296631
135410,1,2,0.0009113232633697579,0.0004425863431356268,2.059085815558942,0.7222621065449346,0.08866965816101258,0.04512044270833333,0.9049801826477051,1,0.3333333333333333,1.0,0.022316913913274058,0.008396571107363688,0.03623725671918443,0.24017973633104836,0.3602696044965725,0.90919601722449,0.49650017267978175,0.02546060085296631
433103,1,0,0.0003365927406079412,0.00011863771687126486,2.8371478029709056,1.0427992557736576,0.46597633426348417,0.23521323529411764,0.9298319220542908,3,1.0,1.0,0.3020358245282139,0.26510654252327687,0.338965106533151,0.1848347324805805,0.21522347057084418,0.8616503085446463,0.6729430477923171,0.05871081352233887
433103,1,1,0.0006143389812953648,0.00012076185002041224,5.087194143716163,1.626726431417979,0.3599989434607232,0.0995625,0.8711211085319519,2,0.6666666666666666,1.0,0.23169083240040364,0.12441655826765628,0.338965106533151,0.1848347324805805,0.21522347057084418,0.8616503085446463,0.6729430477923171,0.05871081352233887
433103,1,2,0.0006000122393023015,0.0001412225187081867,4.248700848435001,1.4466132551512956,0.2207697986053138,0.06251470588235294,0.7960315942764282,3,1.0,1.0,0.19476155039546658,0.12441655826765628,0.26510654252327687,0.1848347324805805,0.21522347057084418,0.8616503085446463,0.6729430477923171,0.05871081352233887
433103,73,0,0.009080869448324657,0.0012069973644592345,7.523520521413563,2.0180341829650614,0.3769625007507959,0.07443382352941176,0.8836016654968262,3,1.0,1.0,0.5583482322393312,0.27100498297893333,0.8456914814997291,0.2308830479321924,0.342944318171576,0.9238968155849274,0.4905874286408368,0.03005516529083252
433103,73,1,0.009592804558382151,0.0012660448617878048,7.576986282507393,2.0251155326397257,0.3386174505802518,0.06329411764705882,0.8392279744148254,3,1.0,1.0,0.5615644819693082,0.27743748243888733,0.8456914814997291,0.2308830479321924,0.342944318171576,0.9238968155849274,0.4905874286408368,0.03005516529083252
433103,73,2,0.015623260099891659,0.001506806392248123,10.368458861004452,2.338768396121722,0.1766962797956906,0.020279411764705883,0.8535465002059937,3,1.0,1.0,0.2742212327089103,0.27100498297893333,0.27743748243888733,0.2308830479321924,0.342944318171576,0.9238968155849274,0.4905874286408368,0.03005516529083252
393093,7,0,0.022027411434601837,0.0027950424802955726,7.88088609815747,2.0644403465980252,0.5778540529673036,0.14798791273584905,0.9061716794967651,3,1.0,1.0,0.7231061432033513,0.49102407688668676,0.9551882095200159,0.32932594673697735,0.4922090261589656,0.9116127979658346,0.5520990148801302,0.009671390056610107
393093,7,1,0.022779230450918203,0.0028181357086586034,8.08308498872034,2.0897736052424136,0.5710892843155767,0.1414283608490566,0.896500289440155,3,1.0,1.0,0.7343339656649075,0.5134797218097992,0.9551882095200159,0.32932594673697735,0.4922090261589656,0.9116127979658346,0.5520990148801302,0.009671390056610107
393093,7,2,0.035456473656018,0.0033039326982102044,10.731596822324429,2.37319236408161,0.4568958293567396,0.07269310141509434,0.6704545021057129,3,1.0,1.0,0.502251899348243,0.49102407688668676,0.5134797218097992,0.32932594673697735,0.4922090261589656,0.9116127979658346,0.5520990148801302,0.009671390056610107
393093,3,0,0.0012452923135406364,0.0008257312079997772,1.5081085708860162,0.4108562644059213,0.302925993461673,0.22369545990566037,0.8644306063652039,3,1.0,1.0,0.13088667404798673,0.1035859834039837,0.15818736469198977,0.21912749678368745,0.2807454307708109,0.9246854476688545,0.4505966725395091,0.12993693351745605
393093,3,1,0.0031909120469863243,0.0008334476692439764,3.828569160259628,1.3424911463052123,0.12678555765851385,0.036538178066037735,0.7344936728477478,3,1.0,1.0,0.38542181491698047,0.15818736469198977,0.6126562651419711,0.21912749678368745,0.2807454307708109,0.9246854476688545,0.4505966725395091,0.12993693351745605
393093,3,2,0.0038967352319702274,0.0008439171748948701,4.617437994241817,1.5298400048314766,0.10503160309604902,0.02478626179245283,0.6748561263084412,2,0.6666666666666666,1.0,0.35812112427297743,0.1035859834039837,0.6126562651419711,0.21912749678368745,0.2807454307708109,0.9246854476688545,0.4505966725395091,0.12993693351745605
309467,1,0,0.004019381825705566,0.00030125648454308075,13.342059071225474,2.590921381990376,0.27223193305027465,0.027271855828220858,0.92933189868927,1,0.3333333333333333,1.0,0.507376479789591,0.11463073153657682,0.9001222280426052,0.13707593530418236,0.20315825094100345,0.8505550991754235,0.7239828607947063,0.031220734119415283
309467,1,1,0.004075772881309708,0.00030891860979966827,13.193678654578763,2.579737825328694,0.25189073595048234,0.024884969325153373,0.8981111645698547,1,0.3333333333333333,1.0,0.5099504903325748,0.11977875262254435,0.9001222280426052,0.13707593530418236,0.20315825094100345,0.8505550991754235,0.7239828607947063,0.031220734119415283
309467,1,2,0.00848304442800746,0.0003762739117414604,22.544864633855706,3.1155073077083535,0.06856288000208385,0.003254409509202454,0.5559618473052979,0,0.0,0.0,0.11720474207956058,0.11463073153657682,0.11977875262254435,0.13707593530418236,0.20315825094100345,0.8505550991754235,0.7239828607947063,0.031220734119415283
309467,27,0,0.013015894532433795,0.0013598450051822658,9.571601523158604,2.2588005398329636,0.2926078048559306,0.0414254217791411,0.7393242120742798,3,1.0,1.0,0.2511184272783525,0.13805840932702299,0.36417844522968196,0.12455947554785345,0.16757586709324357,0.912623103534033,0.4798799849245865,0.021800339221954346
309467,27,1,0.01950625987518292,0.0015228375073730858,12.809153811835325,2.550160056934603,0.18828353018542301,0.01778661809815951,0.7613188624382019,3,1.0,1.0,0.3414842975613078,0.31879014989293364,0.36417844522968196,0.12455947554785345,0.16757586709324357,0.912623103534033,0.4798799849245865,0.021800339221954346
309467,27,2,0.03022937306224393,0.0016762880876927178,18.033518979317467,2.8922321917661256,0.09561149025960505,0.005828220858895706,0.7831192016601562,2,0.6666666666666666,1.0,0.2284242796099783,0.13805840932702299,0.31879014989293364,0.12455947554785345,0.16757586709324357,0.912623103534033,0.4798799849245865,0.021800339221954346
543047,62,0,0.026336175558859625,0.003514942923495914,7.492632490650345,2.0139202031934564,0.14396662087170667,0.021953125,0.6486807465553284,2,0.6666666666666666,1.0,0.36544034474971343,0.33818134171907754,0.39269934778034926,0.12311212620003187,0.15476303248312534,0.9419959810156056,0.40947282923446593,0.02144378423690796
543047,62,1,0.026793922433626764,0.0035239531527059137,7.603370778481924,2.028591672486603,0.1410610110078089,0.021142578125,0.707408607006073,2,0.6666666666666666,1.0,0.3674164842350022,0.3421336206896552,0.39269934778034926,0.12311212620003187,0.15476303248312534,0.9419959810156056,0.40947282923446593,0.02144378423690796
543047,62,2,0.028008020522573472,0.003741919777033066,7.484933452340296,2.0128921270648727,0.07875502193649417,0.011292317708333333,0.685964822769165,2,0.6666666666666666,1.0,0.3401574812043664,0.33818134171907754,0.3421336206896552,0.12311212620003187,0.15476303248312534,0.9419959810156056,0.40947282923446593,0.02144378423690796
543047,67,0,0.012940914553294547,0.0026162859775025094,4.946292056612853,1.598638216485508,0.10474995416728373,0.023108723958333334,0.801905632019043,2,0.6666666666666666,1.0,0.8113200068146199,0.7845249755142018,0.8381150381150381,0.13499141794474454,0.17447306848206487,0.9561774930549525,0.323589555965347,0.040588557720184326
543047,67,1,0.013233913135604968,0.0026423894202160705,5.008312941820099,1.6110991203036509,0.09299768617382127,0.020061848958333333,0.8430235981941223,2,0.6666666666666666,1.0,0.8756707617319565,0.8381150381150381,0.9132264853488749,0.13499141794474454,0.17447306848206487,0.9561774930549525,0.323589555965347,0.040588557720184326
543047,67,2,0.013516032396610677,0.0026549418075096096,5.090895910896857,1.627453829076439,0.0871512316589303,0.018408203125,0.802435040473938,2,0.6666666666666666,1.0,0.8488757304315383,0.7845249755142018,0.9132264853488749,0.13499141794474454,0.17447306848206487,0.9561774930549525,0.323589555965347,0.040588557720184326
561958,1,0,0.00041622682389198665,0.0005147496458982506,0.8086005039538401,-0.2124502961306807,0.37961225334990717,0.43076171875,0.9484208822250366,2,0.6666666666666666,1.0,0.2772787338785961,0.27620143149284254,0.2783560362643496,0.11264545516648676,0.12617449664429528,0.8693186028026886,0.6459843506663272,0.010684430599212646
561958,1,1,0.0011654477695898656,0.00037618228546675627,3.0980931625892962,1.1307868142499204,0.3005317840485839,0.12179361979166667,0.9591053128242493,2,0.6666666666666666,1.0,0.5039484272388858,0.27620143149284254,0.7316954229849291,0.11264545516648676,0.12617449664429528,0.8693186028026886,0.6459843506663272,0.010684430599212646
561958,1,2,0.0012097518706537453,0.0003708402584994703,3.262191306538748,1.1823991503133562,0.30980526180549156,0.12095377604166667,0.9096330404281616,2,0.6666666666666666,1.0,0.5050257296246393,0.2783560362643496,0.7316954229849291,0.11264545516648676,0.12617449664429528,0.8693186028026886,0.6459843506663272,0.010684430599212646
561958,36,0,0.007698837739275692,0.005662821859996171,1.359540866419089,0.3071470446574839,0.5151766639126166,0.43870442708333335,0.9985796809196472,3,1.0,1.0,0.9817069014345066,0.9792479982288477,0.9841658046401655,0.396603914297829,0.5798719583357328,0.953332597169911,0.3541059184133462,0.002058088779449463
561958,36,1,0.007610780159135983,0.005742514434358984,1.325339316915484,0.28166851502268364,0.5054939383608495,0.435439453125,0.9989553093910217,2,0.6666666666666666,0.0,0.9885883548583847,0.9841658046401655,0.9930109050766041,0.396603914297829,0.5798719583357328,0.953332597169911,0.3541059184133462,0.002058088779449463
561958,36,2,0.007618879567621087,0.005739940108261276,1.327344784543689,0.28318054429823647,0.5047494710731251,0.4343359375,1.0010133981704712,2,0.6666666666666666,0.0,0.9861294516527259,0.9792479982288477,0.9930109050766041,0.396603914297829,0.5798719583357328,0.953332597169911,0.3541059184133462,0.002058088779449463
534270,9,0,0.0036017469482588047,0.002243604750418592,1.6053393299249714,0.47333515502745577,0.6495030734388871,0.5358186567946713,0.9735747575759888,3,1.0,1.0,0.2836556386970329,0.19180933769488934,0.3755019396991765,0.15551850195528247,0.2318318622557958,0.909364778928952,0.5297863037994399,0.02650231122970581
534270,9,1,0.0069584865556569135,0.001966372391527291,3.5387430082424416,1.2637715818153143,0.4714384983306029,0.20130755307945164,0.947072446346283,2,0.6666666666666666,1.0,0.4173775294866182,0.3755019396991765,0.4592531192740599,0.15551850195528247,0.2318318622557958,0.909364778928952,0.5297863037994399,0.02650231122970581
534270,9,2,0.011592881549357982,0.001973956920060644,5.872915171385255,1.7703511326921326,0.4045474918856647,0.10368786501383691,0.8031598329544067,3,1.0,1.0,0.3255312284844746,0.19180933769488934,0.4592531192740599,0.15551850195528247,0.2318318622557958,0.909364778928952,0.5297863037994399,0.02650231122970581
534270,1,0,0.0032545002961494743,0.0011440304164441228,2.8447672776221724,1.045481264055421,0.18429012333902245,0.07357493583051049,0.749815821647644,3,1.0,1.0,0.11107103800920348,0.10327277031425697,0.11886930570415001,0.24367195586029208,0.3268489783518898,0.9285018321673485,0.4410072673241161,0.012019932270050049
534270,1,1,0.007406257027488606,0.0011936022488178502,6.204962355440298,1.8253493519625998,0.0969858662220166,0.01701460283303167,0.8817822337150574,3,1.0,1.0,0.39401709396556533,0.11886930570415001,0.6691648822269807,0.24367195586029208,0.3268489783518898,0.9285018321673485,0.4410072673241161,0.012019932270050049
534270,1,2,0.009267400999079472,0.0012072938031344297,7.676177055943514,2.038121644160282,0.08142547748781684,0.011416014333845474,0.8938021659851074,3,1.0,1.0,0.3862188262706188,0.10327277031425697,0.6691648822269807,0.24367195586029208,0.3268489783518898,0.9285018321673485,0.4410072673241161,0.012019932270050049
526392,3,0,0.010967703549332007,0.0017141241718206086,6.39843001063601,1.8560526495250542,0.6703532874654008,0.24117117117117118,0.8031288981437683,3,1.0,1.0,0.23848940883916608,0.10026332786803796,0.3767154898102942,0.10568968887729287,0.1585345333159393,0.9345416963480009,0.39941165326112427,0.10073673725128174
526392,3,1,0.01659977399071769,0.0025517318579747106,6.5052971503782935,1.8726167912855158,0.417483665600194,0.09923723723723724,0.90386563539505,3,1.0,1.0,0.31288159761691925,0.24904770542354435,0.3767154898102942,0.10568968887729287,0.1585345333159393,0.9345416963480009,0.39941165326112427,0.10073673725128174
526392,3,2,0.027689369584117288,0.003341136398126299,8.287410711923645,2.1147375816648566,0.17427576269958497,0.024834834834834833,0.7793756723403931,3,1.0,1.0,0.17465551664579115,0.10026332786803796,0.24904770542354435,0.10568968887729287,0.1585345333159393,0.9345416963480009,0.39941165326112427,0.10073673725128174
526392,10,0,0.008814211850219909,0.0035701935844789216,2.468833030810998,0.9037455819487491,0.252251766739269,0.12021621621621621,0.7418481111526489,2,0.6666666666666666,1.0,0.3019782231052431,0.18135147543720523,0.42260497077328096,0.2977248222801409,0.4065991828343245,0.9575837931967279,0.3810701555331526,0.0679701566696167
526392,10,1,0.013224941801233528,0.0035081181500147126,3.7698108307464655,1.3270248227557688,0.22437349518723612,0.07126726726726727,0.8098182678222656,3,1.0,1.0,0.2755873997107529,0.1285698286482249,0.42260497077328096,0.2977248222801409,0.4065991828343245,0.9575837931967279,0.3810701555331526,0.0679701566696167
526392,10,2,0.01462358016209881,0.003654598064870788,4.001419553811979,1.386649186683256,0.1732913528737269,0.049777777777777775,0.7355358600616455,2,0.6666666666666666,1.0,0.15496065204271506,0.1285698286482249,0.18135147543720523,0.2977248222801409,0.4065991828343245,0.9575837931967279,0.3810701555331526,0.0679701566696167
515077,72,0,0.0053808697738521325,0.0006022423463606687,8.934725027945698,2.189945373611395,0.5759266275669812,0.1319448068893528,0.9736121892929077,3,1.0,1.0,0.8572399812109075,0.8521595095057974,0.8623204529160177,0.1312985073114656,0.18905596503251357,0.8932512214985516,0.6176660577745752,0.0061623454093933105
515077,72,1,0.0059679706917750335,0.000624820733163338,9.5514927169733,2.2566974478880075,0.5508204370622681,0.11377870563674322,0.9961345791816711,3,1.0,1.0,0.9252685980176418,0.8623204529160177,0.9882167431192661,0.1312985073114656,0.18905596503251357,0.8932512214985516,0.6176660577745752,0.0061623454093933105
515077,72,2,0.005994852507166993,0.0006294862507226985,9.523404984240779,2.2537524514345466,0.5467818298736133,0.11243802192066805,0.9899722337722778,3,1.0,1.0,0.9201881263125318,0.8521595095057974,0.9882167431192661,0.1312985073114656,0.18905596503251357,0.8932512214985516,0.6176660577745752,0.0061623454093933105
515077,63,0,0.006683653377449845,0.0016940730323119042,3.9453159610145834,1.3725290427522374,0.3496268608051643,0.11991779749478079,0.9040783643722534,3,1.0,1.0,0.4539842264589409,0.025965195588891488,0.8820032573289902,0.26042841012656354,0.38558254701927075,0.9260263380787486,0.4615302445091577,0.012074887752532959
515077,63,1,0.006919155866078109,0.001742398985796759,3.971051359940437,1.3790308859648321,0.3206830074306688,0.10624673799582464,0.9161532521247864,2,0.6666666666666666,0.0,0.45136066475329345,0.020718072177596705,0.8820032573289902,0.26042841012656354,0.38558254701927075,0.9260263380787486,0.4615302445091577,0.012074887752532959
515077,63,2,0.006919491084753012,0.0021116967894328144,3.2767446141426344,1.1868504340023769,0.11345704217944243,0.03758807411273486,0.8210339546203613,3,1.0,1.0,0.023341633883244096,0.020718072177596705,0.025965195588891488,0.26042841012656354,0.38558254701927075,0.9260263380787486,0.4615302445091577,0.012074887752532959
389381,51,0,0.0034621448291032304,0.004427809363131395,0.7819091890335709,-0.24601667144673425,0.512183622799791,0.5731612569060773,0.9017660617828369,3,1.0,1.0,0.7787182101575494,0.7017429854582737,0.855693434856825,0.41330763045696917,0.4577894489349623,0.9560521694159113,0.3259192651739783,0.0011265277862548828
389381,51,1,0.003192251573099948,0.004676606494110966,0.6825999956244345,-0.38184624860641775,0.44533641289092635,0.540489755985267,0.9659377336502075,3,1.0,1.0,0.8123658617006406,0.7690382885444563,0.855693434856825,0.41330763045696917,0.4577894489349623,0.9560521694159113,0.3259192651739783,0.0011265277862548828
389381,51,2,0.0029357926217621513,0.004624226138610983,0.6348721998291215,-0.45433156011597575,0.3365482941650404,0.44413846685082875,0.9648112058639526,2,0.6666666666666666,0.0,0.735390637001365,0.7017429854582737,0.7690382885444563,0.41330763045696917,0.4577894489349623,0.9560521694159113,0.3259192651739783,0.0011265277862548828
389381,56,0,0.03856818741515413,0.004653284538106909,8.288379335289134,2.1148544537149254,0.2800163401375002,0.04482044198895028,0.7979844808578491,3,1.0,1.0,0.7841850990592132,0.5828267963401369,0.9855434017782895,0.241168753456813,0.3537546820322495,0.9268987626809733,0.45332907255543,0.04338711500167847
389381,56,1,0.038652213824230196,0.004660810632296675,8.293023867586482,2.115414663530889,0.27860853847227274,0.04449815837937385,0.919220507144928,3,1.0,1.0,0.7874664214261268,0.5893894410739641,0.9855434017782895,0.241168753456813,0.3537546820322495,0.9268987626809733,0.45332907255543,0.04338711500167847
389381,56,2,0.044853406450664435,0.005125993947223984,8.750187164423966,2.169075090382932,0.19155078087650718,0.026363950276243095,0.9626076221466064,2,0.6666666666666666,1.0,0.5861081187070505,0.5828267963401369,0.5893894410739641,0.241168753456813,0.3537546820322495,0.9268987626809733,0.45332907255543,0.04338711500167847
13729,63,0,0.015091554674157655,0.0028366699504710044,5.320165874895551,1.67150448242539,0.19328953103130186,0.043095703125,0.7590051889419556,3,1.0,1.0,0.6105987204378205,0.5930571108622621,0.6281403300133789,0.13823601198603752,0.16912751677852347,0.9561960119954307,0.370053401908236,0.02193969488143921
13729,63,1,0.019170406570465932,0.0029059895499404503,6.596860117498328,1.8865937961114931,0.16071972367234438,0.028209635416666667,0.9501655697822571,3,1.0,1.0,0.7736626558491803,0.6281403300133789,0.9191849816849816,0.13823601198603752,0.16912751677852347,0.9561960119954307,0.370053401908236,0.02193969488143921
13729,63,2,0.019459176682852738,0.00292894716319115,6.64374452388817,1.8936757389090364,0.15248553540158666,0.0263671875,0.9282258749008179,3,1.0,1.0,0.7561210462736219,0.5930571108622621,0.9191849816849816,0.13823601198603752,0.16912751677852347,0.9561960119954307,0.370053401908236,0.02193969488143921
13729,67,0,0.002716690005607948,0.0012787744425133824,2.1244481537681885,0.7535120766741975,0.156278313182816,0.0801953125,0.9772307872772217,2,0.6666666666666666,1.0,0.5086197265548873,0.16363394519819102,0.8536055079115835,0.2885155885502629,0.40921103226508265,0.9430721723867724,0.4064591671636695,0.06559306383132935
13729,67,1,0.001954037992716056,0.0013521566821055424,1.4451268977409877,0.36819713672621074,0.09765079823837468,0.06966796875,0.9116377234458923,1,0.3333333333333333,0.0,0.471705764529119,0.08980602114665447,0.8536055079115835,0.2885155885502629,0.40921103226508265,0.9430721723867724,0.4064591671636695,0.06559306383132935
13729,67,2,0.0035470774912097556,0.0012513132164145382,2.8346839479077213,1.0419304490275343,0.15823631221648485,0.06219075520833333,0.8232741355895996,1,0.3333333333333333,1.0,0.12671998317242275,0.08980602114665447,0.16363394519819102,0.2885155885502629,0.40921103226508265,0.9430721723867724,0.4064591671636695,0.06559306383132935
559956,1,0,0.0038600169086962757,0.0012326597309124695,3.131453724628017,1.1414973457511304,0.2546677005246724,0.09837890625,0.9635145664215088,2,0.6666666666666666,1.0,0.4384257113869403,0.23759333906033173,0.6392580837135489,0.22204151771970956,0.3197436985097252,0.9507060360049844,0.37437893751301654,0.057612717151641846
559956,1,1,0.004562467106222325,0.0012845711947010148,3.5517432754924108,1.267438546693261,0.1928164687008528,0.063017578125,0.9059018492698669,2,0.6666666666666666,1.0,0.5046882896671814,0.370118495620814,0.6392580837135489,0.22204151771970956,0.3197436985097252,0.9507060360049844,0.37437893751301654,0.057612717151641846
559956,1,2,0.006598391340200422,0.001367951916446728,4.823555021229306,1.5735112126247413,0.10421687905220427,0.023551432291666667,0.7251582145690918,1,0.3333333333333333,1.0,0.3038559173405729,0.23759333906033173,0.370118495620814,0.22204151771970956,0.3197436985097252,0.9507060360049844,0.37437893751301654,0.057612717151641846
559956,20,0,0.014523099832846453,0.0036604092728052266,3.9676163910897246,1.378165509185462,0.6803020949404595,0.3490983072916667,0.9921858906745911,3,1.0,1.0,0.5641258587697686,0.35670782812761914,0.7715438894119182,0.26399577552786146,0.39549795169058816,0.9431966940934945,0.37468748801582274,0.03408330678939819
559956,20,1,0.015967927416370927,0.004310001261137263,3.7048544641150936,1.3096439770985637,0.5775703172664485,0.26956380208333336,0.9581025838851929,3,1.0,1.0,0.592514539392552,0.41348518937318585,0.7715438894119182,0.26399577552786146,0.39549795169058816,0.9431966940934945,0.37468748801582274,0.03408330678939819
559956,20,2,0.02469207499750411,0.004986615467530952,4.951670156507646,1.5997249250677914,0.41461822706829665,0.12513997395833334,0.793913722038269,2,0.6666666666666666,1.0,0.38509650875040247,0.35670782812761914,0.41348518937318585,0.26399577552786146,0.39549795169058816,0.9431966940934945,0.37468748801582274,0.03408330678939819
117744,1,0,0.0035443645178912285,0.00024196532040635926,14.648233462921668,2.6843197457388097,0.7699312800862876,0.18597231894150418,1.0116721391677856,3,1.0,1.0,0.3104362890284888,0.28989473684210526,0.33097784121487234,0.08732434741561168,0.1054022439728165,0.8890295484071132,0.530902573320251,0.043755412101745605
117744,1,1,0.004943632393234042,0.0005878053034662821,8.410322866553205,2.129459864241336,0.35570136421282894,0.06159905988857939,0.9523260593414307,3,1.0,1.0,0.36783651221109503,0.33097784121487234,0.40469518320731773,0.08732434741561168,0.1054022439728165,0.8890295484071132,0.530902573320251,0.043755412101745605
117744,1,2,0.0041562092628309585,0.000667631267826933,6.225306478130751,1.8286226748141083,0.26230103353818485,0.054030292479108635,0.96791672706604,3,1.0,1.0,0.3472949600247115,0.28989473684210526,0.40469518320731773,0.08732434741561168,0.1054022439728165,0.8890295484071132,0.530902573320251,0.043755412101745605
117744,43,0,0.013249868701844688,0.0026633391583040077,4.974908529977529,1.6044069845828401,0.5310702779006501,0.1854326253481894,0.7514718174934387,3,1.0,1.0,0.2297704738437662,0.21049204725141848,0.24904890043611394,0.10889214220234822,0.1467837908762487,0.8949142473268993,0.6447020194154762,0.17938804626464844
117744,43,1,0.03845401660972015,0.002886602219181839,13.321550278339968,2.5893830456285363,0.4065830155508677,0.04891626044568245,0.9308598637580872,2,0.6666666666666666,1.0,0.5426925517535145,0.24904890043611394,0.836336203070915,0.10889214220234822,0.1467837908762487,0.8949142473268993,0.6447020194154762,0.17938804626464844
117744,43,2,0.03906072965186433,0.0031492355749184547,12.403241583625421,2.51795785650716,0.347294548832999,0.041134227019498606,0.7054940462112427,2,0.6666666666666666,1.0,0.5234141251611668,0.21049204725141848,0.836336203070915,0.10889214220234822,0.1467837908762487,0.8949142473268993,0.6447020194154762,0.17938804626464844
274411,1,0,0.0024816088147802625,0.0004903807060018,5.0605759552672485,1.6214803023763777,0.30577847546476955,0.08006895539906103,0.9815578460693359,2,0.6666666666666666,1.0,0.5032867387888359,0.4921337042272789,0.5144397733503929,0.2231310640677313,0.3171239216221457,0.9000642166300523,0.5133163535505305,0.027885377407073975
274411,1,1,0.0037129753472590825,0.0005172225256029581,7.178680657328213,1.971115613983655,0.23707257362706688,0.041490610328638496,0.953672468662262,2,0.6666666666666666,1.0,0.7340346689013293,0.5144397733503929,0.9536295644522658,0.2231310640677313,0.3171239216221457,0.9000642166300523,0.5133163535505305,0.027885377407073975
274411,1,2,0.0037229750449137493,0.0005219465368914835,7.13286663410685,1.9647132063627737,0.2288641324397794,0.03994644953051643,0.9409668445587158,2,0.6666666666666666,1.0,0.7228816343397724,0.4921337042272789,0.9536295644522658,0.2231310640677313,0.3171239216221457,0.9000642166300523,0.5133163535505305,0.027885377407073975
274411,3,0,0.003576366126444302,0.0004958418370954728,7.21271553078521,1.9758455146185003,0.8877321254598323,0.5229680164319249,0.913575291633606,3,1.0,1.0,0.3569022463544047,0.18442645944960306,0.5293780332592064,0.31683922792305613,0.3911702205890059,0.8931461612082757,0.5606808216186756,0.052222371101379395
274411,3,1,0.006649059283420077,0.0003476106545401166,19.12789259319104,2.951147615129167,0.8810720491556442,0.279181338028169,0.8613529205322266,3,1.0,1.0,0.43742715722155545,0.34547628118390455,0.5293780332592064,0.31683922792305613,0.3911702205890059,0.8931461612082757,0.5606808216186756,0.052222371101379395
274411,3,2,0.01053010992100364,0.0012074521953157084,8.720933179080797,2.1657262482396886,0.4821847280247394,0.09647520539906103,0.5471718311309814,3,1.0,1.0,0.2649513703167538,0.18442645944960306,0.34547628118390455,0.31683922792305613,0.3911702205890059,0.8931461612082757,0.5606808216186756,0.052222371101379395
117719,46,0,0.008628909170482174,0.002254216928850211,3.827896533034889,1.3423154443535568,0.407683354402806,0.15240441176470587,0.9142091274261475,3,1.0,1.0,0.5240157581607051,0.2853490895936332,0.7626824267277771,0.19877673789581404,0.29773313685401054,0.9604100451802677,0.3290031800366859,0.02333623170852661
117719,46,1,0.009509744606654843,0.0023991995734233677,3.963715527475637,1.3771818499905824,0.3426919382688875,0.11624264705882353,0.8908728957176208,3,1.0,1.0,0.5610353111399982,0.3593881955522192,0.7626824267277771,0.19877673789581404,0.29773313685401054,0.9604100451802677,0.3290031800366859,0.02333623170852661
117719,46,2,0.009196975798246958,0.002953922871393928,3.1134786504406984,1.1357406383225122,0.12413876257836516,0.04354044117647059,0.7342063188552856,1,0.3333333333333333,0.0,0.3223686425729262,0.2853490895936332,0.3593881955522192,0.19877673789581404,0.29773313685401054,0.9604100451802677,0.3290031800366859,0.02333623170852661
117719,44,0,0.00601708340127089,0.0021592315448463735,2.786678164667291,1.0248502646629611,0.3884880849616148,0.18565073529411766,0.8400809168815613,3,1.0,1.0,0.4598266477289055,0.24684241589612432,0.6728108795616867,0.28336966700533206,0.4245588523764232,0.9706943605686817,0.2618622248581784,0.006941676139831543
117719,44,1,0.006772000901113556,0.0023001547199264028,2.94415016498807,1.079820206842577,0.3029785393006497,0.12864705882352942,0.8331392407417297,3,1.0,1.0,0.5148634896674646,0.3569160997732426,0.6728108795616867,0.28336966700533206,0.4245588523764232,0.9706943605686817,0.2618622248581784,0.006941676139831543
117719,44,2,0.008880864570005967,0.0025769349711732233,3.4462897457270367,1.2372982164384658,0.1462504479142207,0.04735294117647059,0.7117969989776611,3,1.0,1.0,0.3018792578346835,0.24684241589612432,0.3569160997732426,0.28336966700533206,0.4245588523764232,0.9706943605686817,0.2618622248581784,0.006941676139831543
92177,61,0,0.02521247223735948,0.007584180731342967,3.3243501344634536,1.2012742067633078,0.6918078864594044,0.40307008785942494,0.9561865925788879,3,1.0,1.0,0.41672493840156155,0.37401016611254545,0.45943971069057765,0.2361002213991932,0.3496503935922085,0.948409185693965,0.3472776801997915,0.020837128162384033
92177,61,1,0.03726903931767303,0.009557641767444832,3.89939696638549,1.3608219172031886,0.46985503917877564,0.18519369009584666,0.977023720741272,3,1.0,1.0,0.6359324150814402,0.45943971069057765,0.8124251194723027,0.2361002213991932,0.3496503935922085,0.948409185693965,0.3472776801997915,0.020837128162384033
92177,61,2,0.03873953244226358,0.010416905083878361,3.718909995493728,1.313430613410424,0.39784511402790895,0.15085862619808307,0.9387490749359131,3,1.0,1.0,0.5932176427924241,0.37401016611254545,0.8124251194723027,0.2361002213991932,0.3496503935922085,0.948409185693965,0.3472776801997915,0.020837128162384033
92177,42,0,0.015753337789154925,0.0062345900568812245,2.526764012212949,0.9269394375685548,0.2769711132018298,0.13164686501597445,0.8813347816467285,2,0.6666666666666666,1.0,0.4660576667587666,0.30096344150267,0.6311518920148631,0.33044476342685375,0.493354464039143,0.9402501239979459,0.400044142850879,0.05175572633743286
92177,42,1,0.017536432154391806,0.006576858387358467,2.666384331070988,0.9807233716151273,0.19464506982997026,0.08310952476038339,0.8295790553092957,2,0.6666666666666666,1.0,0.49850774935744246,0.36586360670002177,0.6311518920148631,0.33044476342685375,0.493354464039143,0.9402501239979459,0.400044142850879,0.05175572633743286
92177,42,2,0.02243892987394827,0.006827864650400999,3.28637590514394,1.18978540908282,0.12666562174304954,0.042267372204472846,0.7068575620651245,2,0.6666666666666666,1.0,0.3334135241013459,0.30096344150267,0.36586360670002177,0.33044476342685375,0.493354464039143,0.9402501239979459,0.400044142850879,0.05175572633743286
181796,47,0,0.005599390677375235,0.0005882307721843073,9.51903731092424,2.2532937210665342,0.47669975156121014,0.08733940972222222,0.8777392506599426,3,1.0,1.0,0.6353352072863117,0.5883746175861048,0.6822957969865187,0.2518319122109287,0.3344828351704429,0.9027864669831638,0.5407242455994694,0.019259750843048096
181796,47,1,0.005990563431953804,0.0007091312008775092,8.447750453079875,2.1339001875231287,0.35023191312160873,0.05997829861111111,0.8584794998168945,2,0.6666666666666666,1.0,0.7099805493625619,0.6822957969865187,0.7376653017386051,0.2518319122109287,0.3344828351704429,0.9027864669831638,0.5407242455994694,0.019259750843048096
181796,47,2,0.00588609947612126,0.0007572853316038629,7.772631031796688,2.0506087213634694,0.3004957532438198,0.052374131944444444,0.6595668196678162,2,0.6666666666666666,1.0,0.6630199596623549,0.5883746175861048,0.7376653017386051,0.2518319122109287,0.3344828351704429,0.9027864669831638,0.5407242455994694,0.019259750843048096
181796,49,0,0.0030584173023579333,0.0010992505183216698,2.7822750579597035,1.0232689595230522,0.1552598527899673,0.06196614583333333,0.8057914972305298,2,0.6666666666666666,1.0,0.3481260402556059,0.22970447781853415,0.4665476026926776,0.1671321319892969,0.2477095357736037,0.937419139641607,0.4178495587967902,0.11103200912475586
181796,49,1,0.005042699451669794,0.0010996043038922208,4.5859218895692315,1.5229911521229031,0.12682130311779122,0.030698784722222223,0.9168235063552856,2,0.6666666666666666,1.0,0.4691333722574561,0.4665476026926776,0.4717191418222346,0.1671321319892969,0.2477095357736037,0.937419139641607,0.4178495587967902,0.11103200912475586
181796,49,2,0.009836139827867565,0.0010881030697676723,9.039713325069497,2.201627462174325,0.12209559941190092,0.015151909722222223,0.7630760669708252,2,0.6666666666666666,1.0,0.3507118098203844,0.22970447781853415,0.4717191418222346,0.1671321319892969,0.2477095357736037,0.937419139641607,0.4178495587967902,0.11103200912475586
32901,1,0,0.004256324252995846,0.0005758433804798795,7.391461619403133,2.0003254990489325,0.6705492478169016,0.21591117216117217,0.8556853532791138,2,0.6666666666666666,1.0,0.09719288421790409,0.0935206042135948,0.1008651642222134,0.13086700210601945,0.16337893726566188,0.915060947967692,0.48029914048069083,0.010723292827606201
32901,1,1,0.01075479691020425,0.0011606840114824922,9.265912853578204,2.2263423820764734,0.17161588694755492,0.021869276556776555,0.9337823987007141,2,0.6666666666666666,1.0,0.5135360755037536,0.1008651642222134,0.9262069867852938,0.13086700210601945,0.16337893726566188,0.915060947967692,0.48029914048069083,0.010723292827606201
32901,1,2,0.010866827511894227,0.001174116406590322,9.255323783607265,2.22519893022809,0.16065131078400052,0.020260989010989012,0.9445056915283203,2,0.6666666666666666,1.0,0.5098637954994443,0.0935206042135948,0.9262069867852938,0.13086700210601945,0.16337893726566188,0.915060947967692,0.48029914048069083,0.010723292827606201
32901,62,0,0.002837319957831966,0.0020548593989603947,1.380785448331235,0.3226525030657504,0.34053686639747416,0.27218692765567765,0.9443931579589844,3,1.0,1.0,0.3507536460657155,0.3447724039829303,0.35673488814850074,0.1764912808928589,0.2626686811616421,0.9196398059664632,0.42618050325689794,0.01029902696609497
32901,62,1,0.006559818625704414,0.0017747285543727662,3.6962377180698383,1.3073154695231772,0.29807866690455975,0.10305059523809523,0.9778619408607483,3,1.0,1.0,0.6414618569399095,0.35673488814850074,0.9261888257313184,0.1764912808928589,0.2626686811616421,0.9196398059664632,0.42618050325689794,0.01029902696609497
32901,62,2,0.006593906685117258,0.0018097654601781708,3.6435144921069362,1.2929487357954623,0.2783932595638121,0.09574748168498169,0.9675629138946533,3,1.0,1.0,0.6354806148571244,0.3447724039829303,0.9261888257313184,0.1764912808928589,0.2626686811616421,0.9196398059664632,0.42618050325689794,0.01029902696609497
362434,88,0,0.0430674753811081,0.0019409645733686068,22.18869728476002,3.09958302793298,0.8313545685231396,0.18178133333333332,0.8094500303268433,3,1.0,1.0,0.2930679978914438,0.20679338261175642,0.3793426131711311,0.10974564619630033,0.1510461302065699,0.892793814220653,0.5191265214635674,0.04640322923660278
362434,88,1,0.05846696808587991,0.005737461250355207,10.190390056589893,2.321445124889099,0.43324885702251326,0.06978133333333333,0.8770121932029724,3,1.0,1.0,0.458860949906424,0.3793426131711311,0.538379286641717,0.10974564619630033,0.1510461302065699,0.892793814220653,0.5191265214635674,0.04640322923660278
362434,88,2,0.06395675213762064,0.007283670627072855,8.78084078803857,2.1725721648133987,0.2556550478400555,0.037642666666666665,0.9234154224395752,3,1.0,1.0,0.3725863346267367,0.20679338261175642,0.538379286641717,0.10974564619630033,0.1510461302065699,0.892793814220653,0.5191265214635674,0.04640322923660278
362434,84,0,0.004048338760486312,0.0018173078358095804,2.227657130227025,0.8009504191890651,0.23851679191269556,0.12327466666666667,0.7960761189460754,3,1.0,1.0,0.26471402426523843,0.10953926022063595,0.41988878830984094,0.2941434113913292,0.4396497572833325,0.9631159471312978,0.28743800565442784,0.07246214151382446
362434,84,1,0.004409049384616395,0.001964215072289888,2.2446876844456876,0.80856639568366,0.11043042075354279,0.05240533333333333,0.8894283175468445,3,1.0,1.0,0.3386451775509933,0.2574015667921457,0.41988878830984094,0.2941434113913292,0.4396497572833325,0.9631159471312978,0.28743800565442784,0.07246214151382446
362434,84,2,0.00660982382277836,0.002030473458855778,3.2553116075931605,1.1802880032092746,0.04267682260184772,0.013509333333333333,0.961890459060669,2,0.6666666666666666,1.0,0.18347041350639082,0.10953926022063595,0.2574015667921457,0.2941434113913292,0.4396497572833325,0.9631159471312978,0.28743800565442784,0.07246214151382446
549055,42,0,0.01694561502219281,0.004498197409897107,3.76720127514662,1.3263323584927365,0.3121802230306862,0.10752467105263158,0.8131608963012695,3,1.0,1.0,0.4474231693655327,0.433700997946808,0.4611453407842575,0.12367807187572633,0.17777887636820805,0.9505281398308291,0.3284424365075667,0.02669590711593628
549055,42,1,0.031033062794939986,0.004518505696238522,6.867992401537923,1.9268718367095203,0.2643183403522704,0.04971217105263158,0.9597681164741516,3,1.0,1.0,0.7002101794285844,0.4611453407842575,0.9392750180729112,0.12367807187572633,0.17777887636820805,0.9505281398308291,0.3284424365075667,0.02669590711593628
549055,42,2,0.03185468708464939,0.004559084645928317,6.987079545915315,1.9440626643823715,0.2554390909089396,0.046803042763157894,0.9330722093582153,3,1.0,1.0,0.6864880080098597,0.433700997946808,0.9392750180729112,0.12367807187572633,0.17777887636820805,0.9505281398308291,0.3284424365075667,0.02669590711593628
549055,1,0,0.00046577449906768026,0.0007562165483779061,0.6159274078977046,-0.48462616456775137,0.43251135157285053,0.5530530427631579,0.9757117033004761,3,1.0,1.0,0.6244704473846429,0.46720938651616556,0.7817315082531201,0.15290059327487548,0.22108166885844333,0.9424662096320168,0.3824725888171984,0.00205230712890625
549055,1,1,0.0004931772702827557,0.0006786396194335151,0.7267145262867412,-0.3192215501457531,0.3708149816494495,0.44781558388157894,0.9777640104293823,3,1.0,1.0,0.676317434798829,0.5709033613445378,0.7817315082531201,0.15290059327487548,0.22108166885844333,0.9424662096320168,0.3824725888171984,0.00205230712890625
549055,1,2,0.0007532483933226658,0.0005403792172424764,1.3939255394989518,0.3321238972457056,0.3280033751597902,0.2593493009868421,0.9155259132385254,3,1.0,1.0,0.5190563739303516,0.46720938651616556,0.5709033613445378,0.15290059327487548,0.22108166885844333,0.9424662096320168,0.3824725888171984,0.00205230712890625
521509,1,0,0.007112704310941302,0.000966401750729163,7.359986980792083,1.9960581639656947,0.2545853606210198,0.04434645784543326,0.5558114051818848,3,1.0,1.0,0.16921571956023468,0.12738810043668122,0.21104333868378813,0.11196868809284337,0.1285357758527598,0.9243689446714786,0.45812510409250284,0.08750230073928833
521509,1,1,0.008561428749875368,0.0010537208609163718,8.124949461762524,2.094939508222493,0.17050271277723827,0.02467432669789227,0.6433137059211731,2,0.6666666666666666,1.0,0.29779592098765234,0.21104333868378813,0.3845485032915166,0.11196868809284337,0.1285357758527598,0.9243689446714786,0.45812510409250284,0.08750230073928833
521509,1,2,0.008950146901786355,0.001112664812817096,8.043884187441927,2.084912074534346,0.11641511210179677,0.016115339578454332,0.4900909960269928,2,0.6666666666666666,1.0,0.2559683018640989,0.12738810043668122,0.3845485032915166,0.11196868809284337,0.1285357758527598,0.9243689446714786,0.45812510409250284,0.08750230073928833
521509,65,0,0.013326267844041012,0.0016450281972337697,8.100935812741161,2.091979587517255,0.48630361174273395,0.1046326112412178,0.937267541885376,3,1.0,1.0,0.7320619242039097,0.6698602933491272,0.7942635550586921,0.13678365677349627,0.19701925938272205,0.9344253752349566,0.4186964533850879,0.003743112087249756
521509,65,1,0.014393489084375224,0.001819846688601676,7.909176727148175,2.0680236964257865,0.4181747267089114,0.08330283957845433,0.9410106539726257,3,1.0,1.0,0.7839166793744888,0.7735698036902856,0.7942635550586921,0.13678365677349627,0.19701925938272205,0.9344253752349566,0.4186964533850879,0.003743112087249756
521509,65,2,0.013779532147301697,0.0020363766759625163,6.766691203640876,1.912012223599453,0.3400361999213885,0.0707552693208431,0.8808773756027222,3,1.0,1.0,0.7217150485197064,0.6698602933491272,0.7735698036902856,0.13678365677349627,0.19701925938272205,0.9344253752349566,0.4186964533850879,0.003743112087249756
193926,1,0,0.0020107442425167546,0.0014072548192599343,1.4288416096136374,0.35686405328340154,0.49144529440214835,0.40345584381551364,0.9223600625991821,3,1.0,1.0,0.5400111622129941,0.4597956716139346,0.6202266528120535,0.2947101724130785,0.3865389070630917,0.9542350221440584,0.33656034413034736,0.02733701467514038
193926,1,1,0.002451692602465741,0.001383288703755188,1.7723650847706716,0.5723148611498389,0.3717845608630351,0.25032429245283017,0.8950230479240417,3,1.0,1.0,0.677215453345084,0.6202266528120535,0.7342042538781145,0.2947101724130785,0.3865389070630917,0.9542350221440584,0.33656034413034736,0.02733701467514038
193926,1,2,0.0026005850881920573,0.0014339483976591881,1.8135834529497237,0.5953046966842843,0.29274704782773897,0.18582285115303984,0.8364245891571045,3,1.0,1.0,0.5969999627460245,0.4597956716139346,0.7342042538781145,0.2947101724130785,0.3865389070630917,0.9542350221440584,0.33656034413034736,0.02733701467514038
193926,2,0,0.011434335629301398,0.0020099876894565482,5.68875903250144,1.738492128218068,0.6260214823463118,0.227355214884696,0.9016327857971191,2,0.6666666666666666,1.0,0.307838363792191,0.2167364980634386,0.39894022952094343,0.1303177949743817,0.17374391080205506,0.9127987156872953,0.5724482993245328,0.00038063526153564453
193926,2,1,0.021284508367608777,0.0024397987299255514,8.723878776481854,2.166063952884258,0.46587599859720624,0.09089360587002096,0.9012521505355835,2,0.6666666666666666,1.0,0.46921357552505927,0.39894022952094343,0.5394869215291751,0.1303177949743817,0.17374391080205506,0.9127987156872953,0.5724482993245328,0.00038063526153564453
193926,2,2,0.0292379977757578,0.002847396042063193,10.268328442398174,2.329064249520048,0.34823373542107827,0.04945951257861635,0.8231496810913086,2,0.6666666666666666,1.0,0.3781117097963068,0.2167364980634386,0.5394869215291751,0.1303177949743817,0.17374391080205506,0.9127987156872953,0.5724482993245328,0.00038063526153564453
169169,3,0,0.001906868645698013,0.0005327883410937678,3.5790359792865263,1.2750934851458835,0.3761164578576414,0.14416015625,0.8141821622848511,3,1.0,1.0,0.5310027797964483,0.46926994161288904,0.5927356179800075,0.3501964696402349,0.4382427000124806,0.8901402720671512,0.5798856370519432,0.04854971170425415
169169,3,1,0.002480416492791786,0.0005561649574547116,4.459857556800328,1.495116827987958,0.3081338220135427,0.09079427083333333,0.8627318739891052,3,1.0,1.0,0.6609122994282371,0.5927356179800075,0.7290889808764668,0.3501964696402349,0.4382427000124806,0.8901402720671512,0.5798856370519432,0.04854971170425415
169169,3,2,0.0029352528223407877,0.0005554006061341558,5.284929084767428,1.6648592013642391,0.29612017564135623,0.07373372395833333,0.7961064577102661,3,1.0,1.0,0.5991794612446779,0.46926994161288904,0.7290889808764668,0.3501964696402349,0.4382427000124806,0.8901402720671512,0.5798856370519432,0.04854971170425415
169169,1,0,0.00038998353423662846,0.00013063527771702555,2.9852849710022653,1.0936952125244785,0.34414102791795603,0.1494921875,0.9407824277877808,3,1.0,1.0,0.6486753467827573,0.44220057207991914,0.8551501214855953,0.26243622767186486,0.3678517819045872,0.838367077657188,0.7535408065767701,0.008134663105010986
169169,1,1,0.00043158936307042753,0.00013061747614525368,3.304223695811219,1.1952015602272468,0.32833537511920197,0.128876953125,0.9326477646827698,3,1.0,1.0,0.6560244741445874,0.45689882680357957,0.8551501214855953,0.26243622767186486,0.3678517819045872,0.838367077657188,0.7535408065767701,0.008134663105010986
169169,1,2,0.0005378007093645025,0.00014218951729799099,3.782280971213482,1.3303272610372783,0.21840045878775968,0.06879557291666667,0.7858291864395142,3,1.0,1.0,0.4495496994417494,0.44220057207991914,0.45689882680357957,0.26243622767186486,0.3678517819045872,0.838367077657188,0.7535408065767701,0.008134663105010986
97679,36,0,0.00523647057985278,0.0015305137068071795,3.421381039020719,1.2300442823342828,0.8223053878108706,0.574931640625,0.9813618659973145,3,1.0,1.0,0.7272957996325465,0.6685310204104576,0.7860605788546354,0.27816593743688206,0.4041204155856544,0.8970886904550943,0.5583778448009562,0.019660472869873047
97679,36,1,0.005781430015504278,0.001846274364328528,3.1314035032250067,1.1414813078084483,0.72829444606108,0.4612044270833333,0.9617013931274414,3,1.0,1.0,0.7449032239299069,0.7037458690051783,0.7860605788546354,0.27816593743688206,0.4041204155856544,0.8970886904550943,0.5583778448009562,0.019660472869873047
97679,36,2,0.0044531144085988425,0.0031520724294986924,1.412757640183513,0.3455435677600605,0.4759541407078723,0.3913118489583333,0.945178747177124,3,1.0,1.0,0.686138444707818,0.6685310204104576,0.7037458690051783,0.27816593743688206,0.4041204155856544,0.8970886904550943,0.5583778448009562,0.019660472869873047
97679,3,0,0.01319606326006826,0.004348925236203219,3.0343274580076725,1.109989804646735,0.736042445250488,0.4788899739583333,0.9961434602737427,3,1.0,1.0,0.6351636863643029,0.4827410443044427,0.7875863284241631,0.24740968370148328,0.33335573765071475,0.9156855326960387,0.39774322050584454,0.015003025531768799
97679,3,1,0.008677813423186628,0.008529369658635471,1.0174038375020436,0.01725412538613034,0.3837530914071943,0.37968098958333335,0.9811404347419739,3,1.0,1.0,0.6935025854405225,0.5994188424568818,0.7875863284241631,0.24740968370148328,0.33335573765071475,0.9156855326960387,0.39774322050584454,0.015003025531768799
97679,3,2,0.010640674357570486,0.007967384784290233,1.3355291158041982,0.28932755485004163,0.2866668899238677,0.23130533854166666,0.8706710338592529,3,1.0,1.0,0.5410799433806622,0.4827410443044427,0.5994188424568818,0.24740968370148328,0.33335573765071475,0.9156855326960387,0.39774322050584454,0.015003025531768799
257370,72,0,0.0031082053247444732,0.0026042546695630307,1.1935105118089278,0.17689897462801718,0.4112779648598222,0.36921549479166665,0.8996113538742065,3,1.0,1.0,0.19938159911115338,0.18751547544846783,0.2112477227738389,0.2726827830345015,0.3714068536251731,0.9009466221875189,0.5655578188658338,0.10249769687652588
257370,72,1,0.009227020538940362,0.0018222538768545484,5.06352086889446,1.6220620653267335,0.43231612121060803,0.13073567708333333,0.7877042293548584,3,1.0,1.0,0.38027373781389373,0.2112477227738389,0.5492997528539485,0.2726827830345015,0.3714068536251731,0.9009466221875189,0.5655578188658338,0.10249769687652588
257370,72,2,0.010754843283714713,0.002064421932912866,5.209614908193785,1.650505939152163,0.32194771723402416,0.08352864583333333,0.7971136569976807,3,1.0,1.0,0.36840761415120815,0.18751547544846783,0.5492997528539485,0.2726827830345015,0.3714068536251731,0.9009466221875189,0.5655578188658338,0.10249769687652588
257370,1,0,0.002473858334053362,0.0007895112868288269,3.1334046418215578,1.1421201587812722,0.39859546300411824,0.17458984375,0.961008608341217,2,0.6666666666666666,1.0,0.3848454484519428,0.09928100435867825,0.6704098925452073,0.28898376397588454,0.39185210588212194,0.9195154247689719,0.4926955217177539,0.029056787490844727
257370,1,1,0.0028001907397124056,0.000855268012558725,3.274050584519068,1.1860279295590541,0.3033575173417536,0.11738932291666666,0.9319518208503723,2,0.6666666666666666,1.0,0.40773077928359996,0.1450516660219926,0.6704098925452073,0.28898376397588454,0.39185210588212194,0.9195154247689719,0.4926955217177539,0.029056787490844727
257370,1,2,0.007817933390647088,0.0009634946203877625,8.114143262560807,2.0936086209752776,0.12640172379823772,0.01751953125,0.8607553243637085,1,0.3333333333333333,1.0,0.12216633519033543,0.09928100435867825,0.1450516660219926,0.28898376397588454,0.39185210588212194,0.9195154247689719,0.4926955217177539,0.029056787490844727
9378,1,0,0.004021570481300907,0.000499498491365066,8.051216455647841,2.0858231927656243,0.7646468900897473,0.2875125,0.9068310260772705,3,1.0,1.0,0.38128872189781715,0.28886427851372265,0.47371316528191165,0.25829715388324515,0.2860682045612733,0.9306571693954584,0.380346167918594,0.04009193181991577
9378,1,1,0.005781778019997894,0.0007716887746532701,7.4923702435652935,2.01388520205554,0.5650929271881096,0.14779166666666665,0.8667390942573547,3,1.0,1.0,0.5126121050694692,0.47371316528191165,0.5515110448570267,0.25829715388324515,0.2860682045612733,0.9306571693954584,0.380346167918594,0.04009193181991577
9378,1,2,0.006229509175248567,0.001041475473596171,5.981426665533378,1.7886591125007627,0.3737398197234858,0.09072083333333333,0.8616780042648315,3,1.0,1.0,0.4201876616853747,0.28886427851372265,0.5515110448570267,0.25829715388324515,0.2860682045612733,0.9306571693954584,0.380346167918594,0.04009193181991577
9378,34,0,0.009867662530869585,0.0009730404728983827,10.14106072210527,2.316592600496063,0.7734566567399841,0.2518708333333333,0.9342684149742126,3,1.0,1.0,0.4365606150424476,0.2550915823579977,0.6180296477268975,0.11582495236643998,0.15850511557691202,0.8722636021226705,0.6711919262318371,0.030402064323425293
9378,34,1,0.008307778209521529,0.002267892973949812,3.6632144026573292,1.2983410141880996,0.4047021777332215,0.15653333333333333,0.9038663506507874,3,1.0,1.0,0.4619840970562792,0.3059385463856608,0.6180296477268975,0.11582495236643998,0.15850511557691202,0.8722636021226705,0.6711919262318371,0.030402064323425293
9378,34,2,0.023459605755076683,0.0018179933852821347,12.90412051666066,2.5575466803027536,0.47071265491273667,0.064475,0.7865409851074219,3,1.0,1.0,0.28051506437182927,0.2550915823579977,0.3059385463856608,0.11582495236643998,0.15850511557691202,0.8722636021226705,0.6711919262318371,0.030402064323425293
97924,19,0,0.04091342668686513,0.004013876388620017,10.1929961751359,2.32170083496645,0.36670459484953577,0.053754166666666665,0.7450735569000244,2,0.6666666666666666,1.0,0.19764320563343646,0.14160595256549371,0.25368045870137923,0.08595873371585172,0.08973103233143656,0.8955639751280392,0.5970710963163506,0.15643978118896484
97924,19,1,0.07044709817747512,0.00510463962530795,13.800601675074098,2.624712190869968,0.16048396532123754,0.0136625,0.9015133380889893,2,0.6666666666666666,1.0,0.38075224588449536,0.25368045870137923,0.5078240330676115,0.08595873371585172,0.08973103233143656,0.8955639751280392,0.5970710963163506,0.15643978118896484
97924,19,2,0.07453367628905559,0.0054713562946529,13.622522873948833,2.611724516617153,0.0946576799142456,0.0076166666666666666,0.7177184820175171,2,0.6666666666666666,1.0,0.3247149928165526,0.14160595256549371,0.5078240330676115,0.08595873371585172,0.08973103233143656,0.8955639751280392,0.5970710963163506,0.15643978118896484
97924,8,0,0.01838010072519604,0.003415061408247602,5.3820703415244,1.6830731220478479,0.46886709166045354,0.14090833333333333,0.925849437713623,3,1.0,1.0,0.7170680608322006,0.6490424400047287,0.7850936816596725,0.1318054515026322,0.19563087277586202,0.9102262656380617,0.5443237889165478,0.020898401737213135
97924,8,1,0.02164282599183139,0.0035157312349759504,6.155995592144131,1.8174264999966114,0.4340311637809989,0.110775,0.9467478394508362,3,1.0,1.0,0.8038468483356533,0.7850936816596725,0.822600015011634,0.1318054515026322,0.19563087277586202,0.9102262656380617,0.5443237889165478,0.020898401737213135
97924,8,2,0.022207356915232755,0.003841863581765454,5.780360608027481,1.7544660697152976,0.3681787736043804,0.09157916666666667,0.9192361831665039,3,1.0,1.0,0.7358212275081814,0.6490424400047287,0.822600015011634,0.1318054515026322,0.19563087277586202,0.9102262656380617,0.5443237889165478,0.020898401737213135
276055,28,0,0.007644012377835463,0.0024209631891707758,3.1574261058038853,1.149757172345368,0.2254978200558151,0.08442666666666666,0.9057563543319702,3,1.0,1.0,0.7801876457925341,0.7356466876971609,0.8247286038879071,0.0958596474797251,0.10686838665753787,0.9542811763219269,0.36619214500277697,0.002292633056640625
276055,28,1,0.00923512145897972,0.002383953828546023,3.873867582720076,1.3542533834867223,0.2251249392124747,0.06976533333333333,0.9522346258163452,3,1.0,1.0,0.8578014917110403,0.8247286038879071,0.8908743795341734,0.0958596474797251,0.10686838665753787,0.9542811763219269,0.36619214500277697,0.002292633056640625
276055,28,2,0.010324719459299248,0.002366162799121074,4.363486510214319,1.473271396207477,0.22473005290557033,0.06229333333333333,0.9499419927597046,3,1.0,1.0,0.8132605336156671,0.7356466876971609,0.8908743795341734,0.0958596474797251,0.10686838665753787,0.9542811763219269,0.36619214500277697,0.002292633056640625
276055,1,0,0.00371730856685456,0.0008306523743294411,4.475167563784136,1.4985437957158414,0.6262269205056359,0.2724,1.0013587474822998,3,1.0,1.0,0.39174900381796934,0.3300963300963301,0.4534016775396086,0.11593711268566094,0.17388663067063276,0.9414144575888642,0.43260614820116955,0.025625884532928467
276055,1,1,0.005736479243750212,0.0010185993826273487,5.631732490669643,1.7284171197964615,0.44995624609264856,0.126832,0.9757328629493713,3,1.0,1.0,0.5854868349078279,0.4534016775396086,0.7175719922760474,0.11593711268566094,0.17388663067063276,0.9414144575888642,0.43260614820116955,0.025625884532928467
276055,1,2,0.006930126780949959,0.0010825906895689439,6.401428389623327,1.8565211514863054,0.391669752854,0.09138666666666667,0.8424563407897949,3,1.0,1.0,0.5238341611861888,0.3300963300963301,0.7175719922760474,0.11593711268566094,0.17388663067063276,0.9414144575888642,0.43260614820116955,0.025625884532928467
575970,62,0,0.011516669983843708,0.0027046395341634227,4.258116408531992,1.4488269049660063,0.21222365487961334,0.059501953125,0.8938175439834595,3,1.0,1.0,0.7104171780063131,0.5956786763905518,0.8251556796220743,0.13696632928150052,0.1790625490502187,0.9538724735548894,0.3351727613939457,0.01556318998336792
575970,62,1,0.012896928500855678,0.0027075636525705302,4.7632965097046505,1.560939972678492,0.2043869997334315,0.051171875,0.8782543540000916,3,1.0,1.0,0.7618320448253183,0.6985084100285623,0.8251556796220743,0.13696632928150052,0.1790625490502187,0.9538724735548894,0.3351727613939457,0.01556318998336792
575970,62,2,0.013256369999241239,0.002855179783539594,4.6429195355832436,1.5353433786988333,0.14753943814954215,0.0359375,0.7522120475769043,3,1.0,1.0,0.647093543209557,0.5956786763905518,0.6985084100285623,0.13696632928150052,0.1790625490502187,0.9538724735548894,0.3351727613939457,0.01556318998336792
575970,67,0,0.01013266922894838,0.0028644244284047045,3.5374189400605656,1.2633973483349947,0.3159658395425623,0.115498046875,0.863879382610321,3,1.0,1.0,0.6125068618768008,0.32892148597763166,0.8960922377759699,0.2290976205664571,0.34362416107382543,0.9514933398012213,0.3218907147585547,0.050854265689849854
575970,67,1,0.010381291414635377,0.002924497319583294,3.549769507931988,1.2668826741326784,0.29295342300402594,0.104521484375,0.9341618418693542,3,1.0,1.0,0.6272339204468121,0.3583756031176543,0.8960922377759699,0.2290976205664571,0.34362416107382543,0.9514933398012213,0.3218907147585547,0.050854265689849854
575970,67,2,0.011294442477634462,0.003400414409807889,3.3214900047877007,1.200413478960655,0.11722901337741495,0.03844401041666667,0.8833075761795044,3,1.0,1.0,0.343648544547643,0.32892148597763166,0.3583756031176543,0.2290976205664571,0.34362416107382543,0.9514933398012213,0.3218907147585547,0.050854265689849854
332845,62,0,0.009014642868505505,0.0012885026520815716,6.996215992994787,1.9453694305749758,0.3071039049756641,0.05957682291666667,0.9218180179595947,3,1.0,1.0,0.6020974135026297,0.3336955340649788,0.8704992929402806,0.09176985949406975,0.09587440072387217,0.930184847524545,0.4685600742807229,0.027775228023529053
332845,62,1,0.01016731612716164,0.0012835306250555494,7.921366207214765,2.0695636919590727,0.3044904250525794,0.052373046875,0.9495932459831238,3,1.0,1.0,0.6242187377157447,0.3779381824912086,0.8704992929402806,0.09176985949406975,0.09587440072387217,0.930184847524545,0.4685600742807229,0.027775228023529053
332845,62,2,0.01796369036223684,0.0014122777001067217,12.719658710294524,2.543148726655999,0.20885063601730286,0.02033203125,0.8702242374420166,3,1.0,1.0,0.35581685827809373,0.3336955340649788,0.3779381824912086,0.09176985949406975,0.09587440072387217,0.930184847524545,0.4685600742807229,0.027775228023529053
332845,65,0,0.008754954299210773,0.0018551079960966422,4.719377153735962,1.551676832050091,0.6987166521873099,0.3294921875,0.998046875,3,1.0,1.0,0.8303815192326107,0.7687953770929027,0.8919676613723186,0.2666060549672728,0.3965541756489798,0.953201551762357,0.3244654759563192,0.002790689468383789
332845,65,1,0.009658870446989537,0.0018210357091109585,5.304053288664508,1.6684712998190723,0.6887750007495915,0.29440755208333336,1.0008375644683838,3,1.0,1.0,0.876069606872214,0.8601715523721095,0.8919676613723186,0.2666060549672728,0.3965541756489798,0.953201551762357,0.3244654759563192,0.002790689468383789
332845,65,2,0.010309313225521867,0.00203078812184803,5.076508528651339,1.6246237278806008,0.6327552485385017,0.2533984375,0.9153784513473511,3,1.0,1.0,0.8144834647325061,0.7687953770929027,0.8601715523721095,0.2666060549672728,0.3965541756489798,0.953201551762357,0.3244654759563192,0.002790689468383789
551815,17,0,0.01873095252296009,0.0042210943620644035,4.437463584529276,1.4900829485179878,0.7450806606643969,0.39710611979166666,0.8752869367599487,3,1.0,1.0,0.2994163405832778,0.26568292742546584,0.33314975374108985,0.20280871211965068,0.3006830852944889,0.9405359306751603,0.4337703209966859,0.016302824020385742
551815,17,1,0.03641670603332034,0.005153660359663492,7.066182768131035,1.955320414484842,0.5635056497523675,0.15447591145833334,0.8915897607803345,3,1.0,1.0,0.4895363158308431,0.33314975374108985,0.6459228779205964,0.20280871211965068,0.3006830852944889,0.9405359306751603,0.4337703209966859,0.016302824020385742
551815,17,2,0.04145831688921958,0.006150571354406468,6.740563517367689,1.908143529371444,0.4507731348339242,0.108544921875,0.8600361347198486,3,1.0,1.0,0.45580290267303114,0.26568292742546584,0.6459228779205964,0.20280871211965068,0.3006830852944889,0.9405359306751603,0.4337703209966859,0.016302824020385742
551815,65,0,0.006683360129227643,0.0037432292464316076,1.785453064039128,0.5796722005639111,0.21526865575199267,0.13318033854166667,0.6451339721679688,3,1.0,1.0,0.07249153448864035,0.05444488681606188,0.09053818216121881,0.3560906737257739,0.3624161073825503,0.9484251234056492,0.40310758453233964,0.08942514657974243
551815,65,1,0.008754366748334573,0.0035742215214486614,2.4493072668694156,0.8958052364734859,0.22911979907832145,0.10821614583333333,0.7357733845710754,3,1.0,1.0,0.09832105164018966,0.05444488681606188,0.14219721646431743,0.3560906737257739,0.3624161073825503,0.9484251234056492,0.40310758453233964,0.08942514657974243
551815,65,2,0.02388832095571693,0.0037861498425145897,6.3093966015729555,1.842040046281339,0.100201552657952,0.01734375,0.8251985311508179,3,1.0,1.0,0.11636769931276812,0.09053818216121881,0.14219721646431743,0.3560906737257739,0.3624161073825503,0.9484251234056492,0.40310758453233964,0.08942514657974243
503755,1,0,0.0012158533565766493,0.0003010909768408187,4.038159380582465,1.3957889901131029,0.7900174029042297,0.4823177083333333,0.9546334743499756,3,1.0,1.0,0.21856749161987155,0.17138750944618375,0.26574747379355934,0.27448689422067246,0.4091133309657751,0.9285289196531353,0.4387822188749686,0.07391023635864258
503755,1,1,0.002138137949976446,0.0005364917973182577,3.985406592754769,1.3826393383092945,0.3701245566195418,0.12849609375,0.874782919883728,1,0.3333333333333333,1.0,0.4436626058016558,0.26574747379355934,0.6215777378097522,0.27448689422067246,0.4091133309657751,0.9285289196531353,0.4387822188749686,0.07391023635864258
503755,1,2,0.0024638846735563244,0.0005868489396478963,4.198498971193732,1.434727074005926,0.2748878822507302,0.08281575520833333,0.880723237991333,2,0.6666666666666666,1.0,0.396482623627968,0.17138750944618375,0.6215777378097522,0.27448689422067246,0.4091133309657751,0.9285289196531353,0.4387822188749686,0.07391023635864258
503755,43,0,0.0039142085959183665,0.002608862912749693,1.500350430560766,0.4056987014524979,0.42836313424778544,0.33309244791666665,0.933560311794281,1,0.3333333333333333,0.0,0.0571504361544814,0.03595188150177662,0.07834899080718619,0.3810286780947107,0.5219459304216565,0.8994312252194118,0.6078492498846613,0.029649794101715088
503755,43,1,0.017269804244500392,0.001728081123481967,9.993630507177388,2.301947940831316,0.4802968029598958,0.0846484375,0.9644033312797546,3,1.0,1.0,0.394501140115242,0.07834899080718619,0.7106532894232979,0.3810286780947107,0.5219459304216565,0.8994312252194118,0.6078492498846613,0.029649794101715088
503755,43,2,0.01634058849616068,0.0021833536076632603,7.484169504803699,2.0127900571748274,0.3262478130836994,0.06076822916666667,0.9347535371780396,3,1.0,1.0,0.37330258546253725,0.03595188150177662,0.7106532894232979,0.3810286780947107,0.5219459304216565,0.8994312252194118,0.6078492498846613,0.029649794101715088
343706,77,0,0.01356921365894375,0.0016969053833355214,7.996446816778308,2.078997295187926,0.633786398387429,0.1779202368951613,0.8836206197738647,3,1.0,1.0,0.4923544577479546,0.39279228942589745,0.5919166260700118,0.1671218273592067,0.22310916326374738,0.8954737031125777,0.6214627403050288,0.03263270854949951
343706,77,1,0.013876391617219232,0.0025609841383897928,5.418382489680537,1.6897973373451622,0.401854764160984,0.11031376008064517,0.856517493724823,3,1.0,1.0,0.6170217653120218,0.5919166260700118,0.6421269045540317,0.1671218273592067,0.22310916326374738,0.8954737031125777,0.6214627403050288,0.03263270854949951
343706,77,2,0.017006202508591015,0.0027643771184239687,6.151911180676646,1.8167627946866374,0.3275362876319026,0.07336504536290323,0.9162533283233643,3,1.0,1.0,0.5174595969899646,0.39279228942589745,0.6421269045540317,0.1671218273592067,0.22310916326374738,0.8954737031125777,0.6214627403050288,0.03263270854949951
343706,1,0,0.0025143284869948886,0.0013924093270988034,1.8057394734836734,0.5909701888867536,0.2786030713119785,0.1761907762096774,0.7978760004043579,2,0.6666666666666666,0.0,0.3645155044684255,0.35714285714285715,0.37188815179399387,0.18027724434363146,0.22527729425090573,0.9708916269598005,0.2662233017942902,0.0017459392547607422
343706,1,1,0.002727911784991474,0.001509476480645025,1.8071906506410755,0.5917735131301427,0.11349289684822265,0.06615423387096774,0.9682517051696777,2,0.6666666666666666,0.0,0.6626511898632116,0.37188815179399387,0.9534142279324292,0.18027724434363146,0.22527729425090573,0.9708916269598005,0.2662233017942902,0.0017459392547607422
343706,1,2,0.0027608614414883124,0.0015111430572211815,1.8270020342999274,0.6026763912221121,0.10967299736447529,0.06316469254032259,0.9699976444244385,2,0.6666666666666666,0.0,0.6552785425376432,0.35714285714285715,0.9534142279324292,0.18027724434363146,0.22527729425090573,0.9708916269598005,0.2662233017942902,0.0017459392547607422
99182,65,0,0.011428488041932649,0.001603247927395595,7.128334825524699,1.9640776624306748,0.40017163868502414,0.0855808383233533,0.74469393491745,3,1.0,1.0,0.8572587617676042,0.8540995463212572,0.8604179772139512,0.10793712033187682,0.16166188548664476,0.9179330930388682,0.5449199450569195,0.0735517144203186
99182,65,1,0.012111539736150636,0.0015659079937121948,7.734515550753459,2.0456928513451005,0.41266471212006556,0.0832754491017964,0.8840088248252869,3,1.0,1.0,0.8682768991025016,0.8540995463212572,0.8824542518837459,0.10793712033187682,0.16166188548664476,0.9179330930388682,0.5449199450569195,0.0735517144203186
99182,65,2,0.01169845629188763,0.0017066834446065164,6.854496844158622,1.9249049105748783,0.3532482383329422,0.07380239520958083,0.9575605392456055,3,1.0,1.0,0.8714361145488485,0.8604179772139512,0.8824542518837459,0.10793712033187682,0.16166188548664476,0.9179330930388682,0.5449199450569195,0.0735517144203186
99182,84,0,0.01016576842850988,0.001357774851390948,7.487079621933389,2.0131788179816197,0.709898834513996,0.24632934131736528,0.9399796724319458,3,1.0,1.0,0.7771499606370018,0.6352169157856362,0.9190830054883675,0.21550559273113035,0.3174100193940846,0.9159692102882416,0.48416234157769716,0.011637687683105469
99182,84,1,0.010530516984436038,0.0014724554070845051,7.151671233382223,1.9673460684227664,0.6772726607207495,0.2268682634730539,0.9516173601150513,3,1.0,1.0,0.8045451978455351,0.6900073902027027,0.9190830054883675,0.21550559273113035,0.3174100193940846,0.9159692102882416,0.48416234157769716,0.011637687683105469
99182,84,2,0.011175714876547076,0.0021078615197917235,5.301920817051312,1.6680691733014712,0.49598778623069484,0.1565508982035928,0.812021017074585,3,1.0,1.0,0.6626121529941695,0.6352169157856362,0.6900073902027027,0.21550559273113035,0.3174100193940846,0.9159692102882416,0.48416234157769716,0.011637687683105469
482275,1,0,0.0013049725884026506,0.0003938866392251526,3.313066387975751,1.1978741625116462,0.5635601733149965,0.2804459635416667,0.8889991641044617,2,0.6666666666666666,1.0,0.2553053485154804,0.25216816529340036,0.2584425317375605,0.23302597824578544,0.343778642853527,0.9192327074649901,0.45238028114156803,0.005805373191833496
482275,1,1,0.002649499487841278,0.00047472865420277713,5.581081863932486,1.7193826404030577,0.3276832923629028,0.08031575520833334,0.9301321506500244,2,0.6666666666666666,1.0,0.6092933627540328,0.2584425317375605,0.9601441937705051,0.23302597824578544,0.343778642853527,0.9192327074649901,0.45238028114156803,0.005805373191833496
482275,1,2,0.002663789618268372,0.0004808363575944314,5.539908891363985,1.7119780553971984,0.31673890820010037,0.077216796875,0.9243267774581909,2,0.6666666666666666,1.0,0.6061561795319528,0.25216816529340036,0.9601441937705051,0.23302597824578544,0.343778642853527,0.9192327074649901,0.45238028114156803,0.005805373191833496
482275,61,0,0.03383269143156645,0.002830059443437468,11.954763529107208,2.481129820661173,0.37429045345172157,0.04765299479166667,0.8978153467178345,3,1.0,1.0,0.60436740150979,0.5584389047813649,0.6502958982382151,0.11299575475768409,0.15476303248312537,0.8961412789858555,0.5995799406992998,0.008162915706634521
482275,61,1,0.04324665293508857,0.003048352015796827,14.186895967655225,2.6523187193913724,0.3144695833116458,0.03132161458333333,0.9320358633995056,3,1.0,1.0,0.7527624469901222,0.6502958982382151,0.8552289957420293,0.11299575475768409,0.15476303248312537,0.8961412789858555,0.5995799406992998,0.008162915706634521
482275,61,2,0.04640674575390335,0.0031467878169995083,14.747338695179415,2.6910626390829244,0.28905102694939294,0.026829427083333333,0.9238729476928711,2,0.6666666666666666,1.0,0.7068339502616972,0.5584389047813649,0.8552289957420293,0.11299575475768409,0.15476303248312537,0.8961412789858555,0.5995799406992998,0.008162915706634521
88848,1,0,0.001580234321963698,0.002104175182409011,0.7509994103264409,-0.28635041176999243,0.3371316212576025,0.40377685546875,0.8457224369049072,1,0.3333333333333333,0.0,0.08765376098171496,0.08382267976259257,0.09148484220083733,0.44357997118915105,0.6173156431812874,0.9278442753164157,0.47007198462590727,0.06338036060333252
88848,1,1,0.004076521573536574,0.0016499510927605314,2.4706923671570515,0.9044984221954192,0.21540090696662176,0.1000048828125,0.7823420763015747,2,0.6666666666666666,0.0,0.32247522044517685,0.08382267976259257,0.5611277611277611,0.44357997118915105,0.6173156431812874,0.9278442753164157,0.47007198462590727,0.06338036060333252
88848,1,2,0.0038810693230275756,0.001739088718400949,2.231668390307574,0.8027494630882844,0.146983738173715,0.07167724609375,0.5925511121749878,1,0.3333333333333333,0.0,0.3263063016642992,0.09148484220083733,0.5611277611277611,0.44357997118915105,0.6173156431812874,0.9278442753164157,0.47007198462590727,0.06338036060333252
88848,11,0,0.05862004044452672,0.006868509644465185,8.534608447879167,2.1441294791571313,0.39737459418120075,0.07172119140625,0.8461840152740479,3,1.0,1.0,0.6344189608093932,0.5023651522885826,0.7664727693302038,0.21768739198701773,0.29450754468697576,0.9071355927973069,0.576563855117694,0.04213392734527588
88848,11,1,0.0717106261934838,0.007018323899802869,10.217628483245177,2.324114511213314,0.3731772140367417,0.05505859375,0.9560708999633789,3,1.0,1.0,0.7104083704807047,0.6543439716312057,0.7664727693302038,0.21768739198701773,0.29450754468697576,0.9071355927973069,0.576563855117694,0.04213392734527588
88848,11,2,0.07512852717077483,0.008165534342309358,9.200687182503044,2.2192781750291966,0.25605420401250284,0.0360595703125,0.913936972618103,3,1.0,1.0,0.5783545619598942,0.5023651522885826,0.6543439716312057,0.21768739198701773,0.29450754468697576,0.9071355927973069,0.576563855117694,0.04213392734527588
27972,42,0,0.009536717869147702,0.014603314503197205,0.6530515977319197,-0.4260991362876893,0.8290966574028121,0.8813563673708921,0.9550260305404663,3,1.0,1.0,0.01739919308808991,0.015495981841604809,0.01930240433457501,0.13347956318932572,0.19862167452996324,0.9291096167644659,0.4857298823922094,0.0892518162727356
27972,42,1,0.0718388068168284,0.008269990362947434,8.686685673783334,2.161791471119548,0.20821449123923033,0.02938306924882629,0.8657742142677307,2,0.6666666666666666,1.0,0.3176644254611924,0.015495981841604809,0.61983286908078,0.13347956318932572,0.19862167452996324,0.9291096167644659,0.4857298823922094,0.0892518162727356
27972,42,2,0.0742377026732289,0.008565648712456226,8.666909554276375,2.1595122744675637,0.17530861010430415,0.023939994131455398,0.7627952098846436,2,0.6666666666666666,1.0,0.31956763670767746,0.01930240433457501,0.61983286908078,0.13347956318932572,0.19862167452996324,0.9291096167644659,0.4857298823922094,0.0892518162727356
27972,1,0,0.0012869497759249251,0.0026293700400572217,0.48945175301665267,-0.7144693848989061,0.499886885460334,0.6712881455399061,0.8920044302940369,3,1.0,1.0,0.0047507264726476366,0.0024447232919389034,0.00705672965335637,0.1180789666016928,0.17705609910059597,0.9305094352834162,0.42498201111122696,0.0595894455909729
27972,1,1,0.0073486929819016516,0.0015032476264104262,4.888544540436693,1.5868946193267892,0.16365201987955608,0.038486649061032864,0.832414984703064,2,0.6666666666666666,0.0,0.08461680020082785,0.00705672965335637,0.1621768707482993,0.1180789666016928,0.17705609910059597,0.9305094352834162,0.42498201111122696,0.0595894455909729
27972,1,2,0.009000407383754119,0.0016658062512925364,5.403033738988233,1.68696059944516,0.044316121636417356,0.008509389671361502,0.6664484739303589,2,0.6666666666666666,0.0,0.0823107970201191,0.0024447232919389034,0.1621768707482993,0.1180789666016928,0.17705609910059597,0.9305094352834162,0.42498201111122696,0.0595894455909729
556193,1,0,0.0030852895444744644,0.00046999779083126147,6.564476680737565,1.881672791381033,0.48905790277892686,0.12725525525525525,0.8872536420822144,2,0.6666666666666666,1.0,0.09028819487242698,0.09008458646616542,0.09049180327868853,0.15413575677324765,0.23093190406524083,0.9374002518597723,0.3866663441157987,0.009916961193084717
556193,1,1,0.004688199204302112,0.0007533201021604357,6.223382576189739,1.8283135816850449,0.07344413557646977,0.012576576576576577,0.9257165789604187,2,0.6666666666666666,1.0,0.5221506635441061,0.09049180327868853,0.9538095238095238,0.15413575677324765,0.23093190406524083,0.9374002518597723,0.3866663441157987,0.009916961193084717
556193,1,2,0.0046762148876901164,0.0007554998032732963,6.189564658045274,1.8228647545574908,0.07028275653096,0.012066066066066066,0.9356335401535034,2,0.6666666666666666,1.0,0.5219470551378446,0.09008458646616542,0.9538095238095238,0.15413575677324765,0.23093190406524083,0.9374002518597723,0.3866663441157987,0.009916961193084717
556193,72,0,0.008719718546969188,0.0012526771192702462,6.960866775540723,1.9403040034225791,0.23008657249151768,0.04116516516516516,0.8638188242912292,3,1.0,1.0,0.5765220764763099,0.40695719643088063,0.7460869565217392,0.17042440066567843,0.24328864646128265,0.9254948292144256,0.46450803914396144,0.017567694187164307
556193,72,1,0.008085772127640093,0.0013499333060951356,5.989756742160488,1.7900508007687155,0.16168441165719574,0.031195195195195195,0.8813865184783936,2,0.6666666666666666,0.0,0.5812935934859426,0.41650023045014595,0.7460869565217392,0.17042440066567843,0.24328864646128265,0.9254948292144256,0.46450803914396144,0.017567694187164307
556193,72,2,0.012546317117791613,0.0012878267882105168,9.742239579814106,2.2764710276287268,0.19446199569631836,0.02418018018018018,0.745036244392395,3,1.0,1.0,0.4117287134405133,0.40695719643088063,0.41650023045014595,0.17042440066567843,0.24328864646128265,0.9254948292144256,0.46450803914396144,0.017567694187164307
177934,8,0,0.016639761818071128,0.0026179326231777337,6.356069542965228,1.8494101899845325,0.2886969229597058,0.06002278645833333,0.9220336079597473,3,1.0,1.0,0.6585579239019095,0.4327955538768683,0.8843202939269506,0.13937436457353083,0.2089900328371732,0.9099227167264814,0.573050862815603,0.046476542949676514
177934,8,1,0.01629299083190847,0.00273412737839482,5.959119152493476,1.78492267701035,0.25197336215616206,0.05350260416666667,0.8755570650100708,3,1.0,1.0,0.6824508236007929,0.48058135327463514,0.8843202939269506,0.13937436457353083,0.2089900328371732,0.9099227167264814,0.573050862815603,0.046476542949676514
177934,8,2,0.02570123565662582,0.0028560839995697557,8.99876742123086,2.1970876147996115,0.1962457287099473,0.026416015625,0.7542221546173096,3,1.0,1.0,0.4566884535757517,0.4327955538768683,0.48058135327463514,0.13937436457353083,0.2089900328371732,0.9099227167264814,0.573050862815603,0.046476542949676514
177934,4,0,0.042286558673447154,0.00313272889141015,13.498314129862093,2.602564798400492,0.5147385997833198,0.07285807291666667,0.8784365057945251,3,1.0,1.0,0.49365724022220386,0.30391938288669906,0.6833950975577087,0.13465442237661215,0.1933071493830196,0.9018170720823588,0.5744949067320924,0.042488038539886475
177934,4,1,0.04623885995486958,0.003872460027114638,11.940435696990686,2.4799305978555526,0.3852828985619939,0.049873046875,0.8165303468704224,3,1.0,1.0,0.5632511236926531,0.4431071498275974,0.6833950975577087,0.13465442237661215,0.1933071493830196,0.9018170720823588,0.5744949067320924,0.042488038539886475
177934,4,2,0.052482860289365295,0.004923204875748454,10.66030392869365,2.3665269294848064,0.19583504736204804,0.022333984375,0.8359484672546387,2,0.6666666666666666,1.0,0.3735132663571482,0.30391938288669906,0.4431071498275974,0.13465442237661215,0.1933071493830196,0.9018170720823588,0.5744949067320924,0.042488038539886475
177489,51,0,0.020762209209010316,0.0013274507648770356,15.640662345238017,2.749874083708388,0.2195485513206284,0.017668017782426777,0.7533057332038879,1,0.3333333333333333,1.0,0.5265335100168725,0.405815032477575,0.6472519875561701,0.10832867392861656,0.13471823110936523,0.8960103506660726,0.6025055916148632,0.021524786949157715
177489,51,1,0.01962282410842277,0.0014253922712524794,13.766613226697068,2.6222463295043186,0.15839885913937204,0.01348718619246862,0.7748305201530457,1,0.3333333333333333,1.0,0.5507717766862958,0.45429156581642155,0.6472519875561701,0.10832867392861656,0.13471823110936523,0.8960103506660726,0.6025055916148632,0.021524786949157715
177489,51,2,0.018542186989072392,0.0014651203478319565,12.65574326631587,2.538111125342175,0.13367794580170267,0.012045632845188285,0.7064996957778931,1,0.3333333333333333,1.0,0.4300532991469983,0.405815032477575,0.45429156581642155,0.10832867392861656,0.13471823110936523,0.8960103506660726,0.6025055916148632,0.021524786949157715
177489,67,0,0.007820736563589918,0.003057187601090195,2.558147415697647,0.9392833309037811,0.11874903365041209,0.05003922594142259,0.7036057710647583,1,0.3333333333333333,0.0,0.25003061443795205,0.2084657285519746,0.29159550032392956,0.2170904135844293,0.3081448643208177,0.9540111860164512,0.36147639674525994,0.026219308376312256
177489,67,1,0.013299979047169215,0.0030742028920778077,4.3263179138621,1.4647168140094464,0.08735828642878728,0.021646182008368202,0.8147311806678772,3,1.0,1.0,0.4421104159025886,0.29159550032392956,0.5926253314812476,0.2170904135844293,0.3081448643208177,0.9540111860164512,0.36147639674525994,0.026219308376312256
177489,67,2,0.013559858359879221,0.0030905600869128853,4.387508404354129,1.4787615043862055,0.08056491419198034,0.019580282426778242,0.7885118722915649,3,1.0,1.0,0.4005455300166111,0.2084657285519746,0.5926253314812476,0.2170904135844293,0.3081448643208177,0.9540111860164512,0.36147639674525994,0.026219308376312256
569825,1,0,0.0023422305361946354,0.0011299117798742226,2.072932219878645,0.7289641367124866,0.29650897646862984,0.16897041420118344,0.9222809672355652,2,0.6666666666666666,1.0,0.25902628128915756,0.1098985659321441,0.408153996646171,0.25676024313427626,0.3804510378987891,0.9598041596354601,0.2794989976171817,0.058897316455841064
569825,1,1,0.002357010720948952,0.0012583662358575138,1.873072124721858,0.6275799307379096,0.1227855381193522,0.06953254437869823,0.8348499536514282,2,0.6666666666666666,1.0,0.33808141558438354,0.268008834522596,0.408153996646171,0.25676024313427626,0.3804510378987891,0.9598041596354601,0.2794989976171817,0.058897316455841064
569825,1,2,0.004519850740454845,0.0012737542168355892,3.548448104953202,1.266510354594799,0.06363783859056614,0.018792899408284023,0.8633836507797241,2,0.6666666666666666,1.0,0.18895370022737004,0.1098985659321441,0.268008834522596,0.25676024313427626,0.3804510378987891,0.9598041596354601,0.2794989976171817,0.058897316455841064
569825,40,0,0.019106919416309057,0.005634241608951616,3.39121406908802,1.2211879898049105,0.4056786526952949,0.16755621301775148,0.8532798290252686,3,1.0,1.0,0.29719907701663406,0.24992940844275024,0.3444687455905178,0.10460489237519434,0.14428124691644137,0.9649991642362186,0.2825918839948673,0.07245922088623047
569825,40,1,0.028135679098167114,0.006646036135638041,4.233452620436669,1.44301788249089,0.20665714291294526,0.05796449704142012,0.8475294709205627,3,1.0,1.0,0.5295222331281862,0.3444687455905178,0.7145757206658546,0.10460489237519434,0.14428124691644137,0.9649991642362186,0.2825918839948673,0.07245922088623047
569825,40,2,0.030122205141507586,0.006917342880346538,4.354591879887261,1.4712308929468458,0.1602671858339328,0.04198816568047337,0.925739049911499,3,1.0,1.0,0.48225256455430243,0.24992940844275024,0.7145757206658546,0.10460489237519434,0.14428124691644137,0.9649991642362186,0.2825918839948673,0.07245922088623047
100510,1,0,0.0007665228911076867,0.00022637683751405944,3.386048220035023,1.2196635259167987,0.29719470370166284,0.11102083333333333,0.8279024362564087,3,1.0,1.0,0.2479840156327202,0.1320112929011191,0.3639567383643213,0.291969561849256,0.42443776875384337,0.8576088334939861,0.6707401216918892,0.020972073078155518
100510,1,1,0.0012819276014967185,0.00020440305005415966,6.271567840526277,1.8360263784769473,0.3404476774140343,0.07604583333333333,0.8069303631782532,3,1.0,1.0,0.33811631476326165,0.31227589116220206,0.3639567383643213,0.291969561849256,0.42443776875384337,0.8576088334939861,0.6707401216918892,0.020972073078155518
100510,1,2,0.0027328283193573796,0.00021678622202318362,12.606097754953389,2.5341806460637226,0.26384780693883136,0.027645833333333335,0.6675457954406738,3,1.0,1.0,0.22214359203166056,0.1320112929011191,0.31227589116220206,0.291969561849256,0.42443776875384337,0.8576088334939861,0.6707401216918892,0.020972073078155518
100510,19,0,0.024987870662400675,0.005455206026325775,4.580554893295223,1.521820146568664,0.40980449880829184,0.13163333333333332,0.9332831501960754,2,0.6666666666666666,1.0,0.724368559827882,0.6274311694872442,0.8213059501685198,0.2827004125723251,0.35480864953732344,0.9542998849346264,0.36190093728987976,0.012127339839935303
100510,19,1,0.027836719499942368,0.005595689180183822,4.974672216167168,1.6043594822783347,0.3790269912349297,0.1092875,0.9454104900360107,2,0.6666666666666666,1.0,0.76674447738294,0.7121830045973603,0.8213059501685198,0.2827004125723251,0.35480864953732344,0.9542998849346264,0.36190093728987976,0.012127339839935303
100510,19,2,0.0324526115784692,0.005811599656835993,5.584109967848895,1.719925058679655,0.33612935302357366,0.08313333333333334,0.8463972806930542,2,0.6666666666666666,1.0,0.6698070870423023,0.6274311694872442,0.7121830045973603,0.2827004125723251,0.35480864953732344,0.9542998849346264,0.36190093728987976,0.012127339839935303
517832,62,0,0.0221863178595901,0.013172030748543083,1.6843505972197725,0.5213800873194073,0.1779661986725244,0.11389404296875,0.7805862426757812,1,0.3333333333333333,0.0,0.05149120536853445,0.03446273553407078,0.06851967520299812,0.41820156504201433,0.6270692785506565,0.9582113460004565,0.3030961234454985,0.01648920774459839
517832,62,1,0.03922336810567386,0.012599103451530487,3.1131872401441374,1.1356470374898875,0.1659702261355255,0.06008056640625,0.9133915305137634,2,0.6666666666666666,0.0,0.0371372184731551,0.03446273553407078,0.03981170141223941,0.41820156504201433,0.6270692785506565,0.9582113460004565,0.3030961234454985,0.01648920774459839
517832,62,2,0.027755940952500578,0.013437439699290905,2.06556766553525,0.7254050872356229,0.10393105641743809,0.05316650390625,0.896902322769165,2,0.6666666666666666,1.0,0.05416568830761877,0.03981170141223941,0.06851967520299812,0.41820156504201433,0.6270692785506565,0.9582113460004565,0.3030961234454985,0.01648920774459839
517832,18,0,0.03720224454079403,0.004921013046030734,7.559875209687019,2.022854683426929,0.555725820568363,0.14197021484375,0.9801580905914307,3,1.0,1.0,0.78699008096818,0.6024995272558491,0.9714806346805109,0.13489497565951447,0.18648748726969125,0.9193571098488236,0.5012560298201603,0.010971248149871826
517832,18,1,0.03754994377418752,0.0050133668722846594,7.489965271499377,2.0135641608960615,0.5453029993079862,0.138017578125,0.9691868424415588,3,1.0,1.0,0.7956144155153864,0.6197481963502617,0.9714806346805109,0.13489497565951447,0.18648748726969125,0.9193571098488236,0.5012560298201603,0.010971248149871826
517832,18,2,0.043233970023457254,0.0063457968224973306,6.8130088664940756,1.9188338532220155,0.3894667262982767,0.085615234375,0.7654403448104858,3,1.0,1.0,0.6111238618030554,0.6024995272558491,0.6197481963502617,0.13489497565951447,0.18648748726969125,0.9193571098488236,0.5012560298201603,0.010971248149871826
453841,8,0,0.011083577482562997,0.0011732807083642395,9.446654491207656,2.2456606568208315,0.7227127459990255,0.21624188790560472,0.953973650932312,3,1.0,1.0,0.614840595772971,0.5288128307766703,0.7008683607692717,0.38097745532767274,0.5242461112939307,0.9229838189927355,0.442077648477852,0.020362675189971924
453841,8,1,0.010326389549442164,0.001976296850983277,5.225120679152679,1.6534778941695454,0.49970028859752225,0.16047787610619468,0.9336109757423401,3,1.0,1.0,0.7224801945711183,0.7008683607692717,0.7440920283729648,0.38097745532767274,0.5242461112939307,0.9229838189927355,0.442077648477852,0.020362675189971924
453841,8,2,0.010804126737435263,0.002300138059260763,4.697164454646003,1.5469590192232296,0.38929309561790754,0.11949262536873156,0.8689115047454834,3,1.0,1.0,0.6364524295748175,0.5288128307766703,0.7440920283729648,0.38097745532767274,0.5242461112939307,0.9229838189927355,0.442077648477852,0.020362675189971924
453841,10,0,0.0058390874440359345,0.0046772962501096535,1.2483894819898684,0.22185430635790337,0.41903833022157994,0.36619469026548673,0.9046996831893921,3,1.0,1.0,0.5108279689592308,0.39232531500572737,0.6293306229127341,0.3612404801311835,0.447613437619006,0.9530867113736811,0.3652094511956665,0.010688841342926025
453841,10,1,0.006907275532356466,0.004783980733643271,1.4438343119438843,0.3673022916108615,0.2032138618807909,0.15012389380530974,0.9153885245323181,2,0.6666666666666666,1.0,0.3300455550424038,0.2677657950790802,0.39232531500572737,0.3612404801311835,0.447613437619006,0.9530867113736811,0.3652094511956665,0.010688841342926025
453841,10,2,0.005193759855734203,0.005064499967445551,1.0255227343457414,0.02520246751244784,0.3010998532141697,0.29582300884955753,0.8129788637161255,2,0.6666666666666666,1.0,0.4485482089959072,0.2677657950790802,0.6293306229127341,0.3612404801311835,0.447613437619006,0.9530867113736811,0.3652094511956665,0.010688841342926025
94336,17,0,0.022603154752391132,0.0022232315640728266,10.166801833641076,2.3191276900133557,0.8291129690054098,0.32305357142857144,0.9672154188156128,3,1.0,1.0,0.5489096460616001,0.26338964939108644,0.8344296427321136,0.12634472956428136,0.15704706493669476,0.9433285897892151,0.40210249144430577,0.02192831039428711
94336,17,1,0.02668994410066709,0.002207386140644625,12.091198543441793,2.492477794857457,0.8169247201534878,0.2695654761904762,0.9891437292098999,3,1.0,1.0,0.574791849705423,0.31515405667873225,0.8344296427321136,0.12634472956428136,0.15704706493669476,0.9433285897892151,0.40210249144430577,0.02192831039428711
94336,17,2,0.04245266214483646,0.00567670400320542,7.4783998097111715,2.0120188399408314,0.41030025656143326,0.08511904761904762,0.7703008651733398,3,1.0,1.0,0.2892718530349093,0.26338964939108644,0.31515405667873225,0.12634472956428136,0.15704706493669476,0.9433285897892151,0.40210249144430577,0.02192831039428711
94336,81,0,0.00934911776559646,0.0039473003878112084,2.368483987713966,0.8622500829481375,0.7205000818550122,0.5211607142857143,0.7608715295791626,3,1.0,1.0,0.23717643427728813,0.13256684858310688,0.34178601997146935,0.32026291029790777,0.4667284185347529,0.9572109062494336,0.34407749928470016,0.01523822546005249
94336,81,1,0.015767609162882838,0.004803376741752058,3.2826092991092146,1.1886386242238287,0.41662422516522013,0.17868452380952382,0.8961378931999207,3,1.0,1.0,0.29500914133760425,0.24823226270373921,0.34178601997146935,0.32026291029790777,0.4667284185347529,0.9572109062494336,0.34407749928470016,0.01523822546005249
94336,81,2,0.022386104129833995,0.005599224608812746,3.9980721778158226,1.3858122894406126,0.2293974396045806,0.06929761904761905,0.8808996677398682,3,1.0,1.0,0.19039955564342304,0.13256684858310688,0.24823226270373921,0.32026291029790777,0.4667284185347529,0.9572109062494336,0.34407749928470016,0.01523822546005249
289222,10,0,0.05313700802123386,0.009775250932621106,5.435871506732768,1.693019858561969,0.36864277389688505,0.09699544270833334,0.805799126625061,3,1.0,1.0,0.5327919778710887,0.34725525002511975,0.7183287057170575,0.08962498412244213,0.09587440072387217,0.9523471605543803,0.3556763104275495,0.0749356746673584
289222,10,1,0.059585737584460945,0.010537380706265637,5.654701034325916,1.7324872406941243,0.2992322632993009,0.07021158854166666,0.8643683195114136,3,1.0,1.0,0.6007282723912997,0.48312783906554185,0.7183287057170575,0.08962498412244213,0.09587440072387217,0.9523471605543803,0.3556763104275495,0.0749356746673584
289222,10,2,0.07496159209462191,0.011838407532071358,6.332067204580671,1.8456267554597805,0.18200189578093384,0.0339453125,0.939303994178772,3,1.0,1.0,0.4151915445453308,0.34725525002511975,0.48312783906554185,0.08962498412244213,0.09587440072387217,0.9523471605543803,0.3556763104275495,0.0749356746673584
289222,1,0,0.000217990875645735,0.00013890763354579866,1.5693224951855482,0.45064399908200264,0.7024571357766233,0.6006998697916667,0.8640404939651489,2,0.6666666666666666,0.0,0.3477092615656775,0.2208266504833326,0.47459187264802233,0.3973909767608869,0.5430827513268014,0.8532678860327334,0.699957377761053,0.03539395332336426
289222,1,1,0.0003632652586746385,0.00011563975111462096,3.1413527963513244,1.1446535367572042,0.5569563309419576,0.2858072916666667,0.8994344472885132,2,0.6666666666666666,0.0,0.46739815097477777,0.4602044293015332,0.47459187264802233,0.3973909767608869,0.5430827513268014,0.8532678860327334,0.699957377761053,0.03539395332336426
289222,1,2,0.000548860279404181,0.00013094846527440045,4.191421977055103,1.4330400521805051,0.3907652443171955,0.13271809895833334,0.7409460544586182,2,0.6666666666666666,0.0,0.3405155398924329,0.2208266504833326,0.4602044293015332,0.3973909767608869,0.5430827513268014,0.8532678860327334,0.699957377761053,0.03539395332336426
163951,52,0,0.05982770417225837,0.003384075064157952,17.67918944477253,2.8723882102913505,0.6337804242543391,0.08916129976580796,0.8239145278930664,3,1.0,1.0,0.6389547645763205,0.582974358974359,0.694935170178282,0.11013214047402255,0.16347291332207026,0.8625389591302811,0.7289026866072914,0.08792275190353394
163951,52,1,0.08023839099932764,0.003513249815600346,22.838794616937214,3.1284606083173037,0.6092605311239385,0.06390881147540983,0.8929445147514343,3,1.0,1.0,0.7543311720145518,0.694935170178282,0.8137271738508215,0.11013214047402255,0.16347291332207026,0.8625389591302811,0.7289026866072914,0.08792275190353394
163951,52,2,0.09163769618241593,0.0038489355725612405,23.808581471689287,3.1700460817373943,0.5664941898542931,0.052030884074941455,0.9808672666549683,3,1.0,1.0,0.6983507664125903,0.582974358974359,0.8137271738508215,0.11013214047402255,0.16347291332207026,0.8625389591302811,0.7289026866072914,0.08792275190353394
163951,62,0,0.0028837086167922193,0.0047825380105962325,0.602966167712642,-0.5058941900947449,0.48112294775355186,0.6059572599531616,0.856148362159729,3,1.0,1.0,0.010114362357373227,0.010044025574655427,0.010184699140091024,0.1317968641973787,0.14522636574453388,0.9265579343963498,0.5046071093208351,0.0034435391426086426
163951,62,1,0.015296148725933963,0.002657331847005684,5.7562056983638135,1.7502785247903667,0.3247605880640875,0.07711138758782202,0.9426127076148987,2,0.6666666666666666,1.0,0.4069245624286763,0.010184699140091024,0.8036644257172616,0.1317968641973787,0.14522636574453388,0.9265579343963498,0.5046071093208351,0.0034435391426086426
163951,62,2,0.010689278419614714,0.00316308363286654,3.379385326763613,1.2176938370635773,0.18334321983987795,0.06229508196721312,0.9460562467575073,2,0.6666666666666666,1.0,0.4068542256459585,0.010044025574655427,0.8036644257172616,0.1317968641973787,0.14522636574453388,0.9265579343963498,0.5046071093208351,0.0034435391426086426
416451,84,0,0.004152526094285441,0.0012808845196641508,3.241920740936362,1.1761659756725928,0.387434289888751,0.16324544270833333,0.8274033069610596,2,0.6666666666666666,1.0,0.3219297776105024,0.07391329967983344,0.5699462555411714,0.38453463932623017,0.5644365332862151,0.8862502200439618,0.6227053734040031,0.0276869535446167
416451,84,1,0.004939282770277413,0.0014058725461141622,3.5133218728940188,1.2565619926576201,0.2746712555430329,0.09729817708333334,0.7997163534164429,2,0.6666666666666666,1.0,0.34630080677890407,0.12265535801663677,0.5699462555411714,0.38453463932623017,0.5644365332862151,0.8862502200439618,0.6227053734040031,0.0276869535446167
416451,84,2,0.006581029256678589,0.001677437913207366,3.9232624951059965,1.3669235769700823,0.05540332287613479,0.014729817708333334,0.6534198522567749,1,0.3333333333333333,0.0,0.0982843288482351,0.07391329967983344,0.12265535801663677,0.38453463932623017,0.5644365332862151,0.8862502200439618,0.6227053734040031,0.0276869535446167
416451,63,0,0.023014416364185813,0.004384877466547808,5.248588252354599,1.657959136172326,0.31174473717013024,0.079443359375,0.871064305305481,3,1.0,1.0,0.8260943146892848,0.7928819584713581,0.8593066709072116,0.1555320604370358,0.17774389523675016,0.9556713070669387,0.35843253026794863,0.038893938064575195
416451,63,1,0.023781188911823552,0.004458164507633586,5.334300442652892,1.6741577501722982,0.2951911949748558,0.07279947916666667,0.9698106050491333,3,1.0,1.0,0.8534217170044196,0.8475367631016276,0.8593066709072116,0.1555320604370358,0.17774389523675016,0.9556713070669387,0.35843253026794863,0.038893938064575195
416451,63,2,0.025119764337122243,0.00452572153483688,5.550444086807294,1.7138779402380258,0.27851234037818856,0.06502604166666667,0.9309166669845581,3,1.0,1.0,0.8202093607864929,0.7928819584713581,0.8475367631016276,0.1555320604370358,0.17774389523675016,0.9556713070669387,0.35843253026794863,0.038893938064575195
5193,42,0,0.02275068447263792,0.003285124425573133,6.92536461894998,1.9351907032872135,0.4252113905308763,0.0965110294117647,0.9308230876922607,3,1.0,1.0,0.7686508512644356,0.7617593848937132,0.7755423176351579,0.23912212744592531,0.3578195082768591,0.9176384306285477,0.4920236206673497,0.03859400749206543
5193,42,1,0.024052495801936823,0.003572010281824306,6.733602060887425,1.9071102250170269,0.3620176134950219,0.07772058823529411,0.970899224281311,1,0.3333333333333333,0.0,0.8708636307170783,0.7755423176351579,0.9661849437989988,0.23912212744592531,0.3578195082768591,0.9176384306285477,0.4920236206673497,0.03859400749206543
5193,42,2,0.024348379454040107,0.003600669834674046,6.762180528968741,1.91134540154045,0.35523764240531336,0.07533823529411765,0.9323052167892456,1,0.3333333333333333,0.0,0.863972164346356,0.7617593848937132,0.9661849437989988,0.23912212744592531,0.3578195082768591,0.9176384306285477,0.4920236206673497,0.03859400749206543
5193,1,0,0.0012964166536634822,0.0011714171152785514,1.1067079656322925,0.1013898126777654,0.19789681694768718,0.18229411764705883,0.8917666673660278,2,0.6666666666666666,1.0,0.8483530592257167,0.8291619797525309,0.8675441386989025,0.35122234925078266,0.4959683726035012,0.9517769759173523,0.35703022607117424,0.006517231464385986
5193,1,1,0.001242226875464921,0.0011848491107016657,1.0484262200111287,0.0472902025083457,0.16959303890416352,0.16303676470588235,0.8852494359016418,2,0.6666666666666666,1.0,0.8746912264963804,0.8675441386989025,0.8818383142938584,0.35122234925078266,0.4959683726035012,0.9517769759173523,0.35703022607117424,0.006517231464385986
5193,1,2,0.0013461226977252991,0.0011668681338710863,1.1536202399374087,0.14290503315953543,0.17189592190093192,0.15249632352941175,0.8317639827728271,2,0.6666666666666666,1.0,0.8555001470231947,0.8291619797525309,0.8818383142938584,0.35122234925078266,0.4959683726035012,0.9517769759173523,0.35703022607117424,0.006517231464385986
150265,11,0,0.012950872660849978,0.003276857208597454,3.9522236803357473,1.3742783776363974,0.2553494339838782,0.07983723958333333,0.7823845148086548,2,0.6666666666666666,1.0,0.19266759033455585,0.1554959785522788,0.2298392021168329,0.23938752693890084,0.3265036867293579,0.9175137554084695,0.5267490776110392,0.04924076795578003
150265,11,1,0.043561852531525634,0.0033042014686544947,13.183776150332836,2.578986994157339,0.19908839795958633,0.018505859375,0.8316252827644348,2,0.6666666666666666,1.0,0.4316713017386885,0.2298392021168329,0.6335034013605442,0.23938752693890084,0.3265036867293579,0.9175137554084695,0.5267490776110392,0.04924076795578003
150265,11,2,0.06035663193627498,0.00332141071047509,18.171986899346653,2.8998812269882315,0.19020424545315578,0.012760416666666666,0.7255804538726807,2,0.6666666666666666,1.0,0.3944996899564115,0.1554959785522788,0.6335034013605442,0.23938752693890084,0.3265036867293579,0.9175137554084695,0.5267490776110392,0.04924076795578003
150265,1,0,0.004864019541266743,0.0013363892228313717,3.6396728247492174,1.2918937945038393,0.3843440325002306,0.14640950520833335,0.922748327255249,2,0.6666666666666666,0.0,0.37893344981310206,0.2527065400656669,0.5051603595605372,0.33698225029596696,0.48001516768960534,0.9331142921018406,0.42381605118668003,0.07135254144668579
150265,1,1,0.00518693392568437,0.0015850985753767572,3.2723100020320146,1.1854961583426882,0.2081148792660202,0.07434244791666667,0.8513957858085632,2,0.6666666666666666,0.0,0.39798891859353475,0.2908174776265323,0.5051603595605372,0.33698225029596696,0.48001516768960534,0.9331142921018406,0.42381605118668003,0.07135254144668579
150265,1,2,0.007029127700994861,0.0016517409651402865,4.25558719259728,1.448232753256801,0.14189131353599466,0.03740234375,0.5314198732376099,2,0.6666666666666666,0.0,0.2717620088460996,0.2527065400656669,0.2908174776265323,0.33698225029596696,0.48001516768960534,0.9331142921018406,0.42381605118668003,0.07135254144668579
511599,9,0,0.028354017156005593,0.0035014578611688623,8.097774776144995,2.091589304977041,0.1937001751246853,0.028811848958333334,0.887851357460022,3,1.0,1.0,0.45468304718293195,0.4323737099402499,0.4769923844256141,0.3561576630695554,0.5342349029337293,0.9048081015719638,0.5259263679412784,0.020519912242889404
511599,9,1,0.02949850760273159,0.003806109872508817,7.75030374400022,2.0477320354053608,0.11199533726991105,0.016012369791666668,0.9083712697029114,3,1.0,1.0,0.6775057314861985,0.4769923844256141,0.8780190785467831,0.3561576630695554,0.5342349029337293,0.9048081015719638,0.5259263679412784,0.020519912242889404
511599,9,2,0.030485236475461846,0.0038416159040137315,7.935524328623082,2.0713494297894437,0.10197683996350713,0.014108072916666667,0.8842039108276367,2,0.6666666666666666,1.0,0.6551963942435165,0.4323737099402499,0.8780190785467831,0.3561576630695554,0.5342349029337293,0.9048081015719638,0.5259263679412784,0.020519912242889404
511599,1,0,0.00036927205770945887,0.00042354773120589914,0.8718546450154165,-0.13713255775578043,0.2898895854434688,0.31890950520833333,0.8952195048332214,2,0.6666666666666666,1.0,0.12211860203607582,0.1022054227804399,0.14203178129171173,0.22237596456094166,0.31878267749277944,0.883989539364327,0.5898130498723174,0.050602495670318604
511599,1,1,0.0014408963124906123,0.0003370775592698094,4.274672901207857,1.4527075858180212,0.22223672660171184,0.06265625,0.8446170091629028,2,0.6666666666666666,1.0,0.3446837520556527,0.14203178129171173,0.5473357228195938,0.22237596456094166,0.31878267749277944,0.883989539364327,0.5898130498723174,0.050602495670318604
511599,1,2,0.001826427158973646,0.00034282837750316424,5.3275261719816704,1.6728869981458265,0.1921607009426838,0.042740885416666666,0.7501108646392822,2,0.6666666666666666,1.0,0.3247705728000168,0.1022054227804399,0.5473357228195938,0.22237596456094166,0.31878267749277944,0.883989539364327,0.5898130498723174,0.050602495670318604
189752,1,0,0.0018857648147329576,0.0007754736482315038,2.4317587278455624,0.8886147524124953,0.35463287482153816,0.18431966145833334,0.9109128713607788,2,0.6666666666666666,1.0,0.4910715627936292,0.30679676985195153,0.6753463557353068,0.3356116973233396,0.4893280260017449,0.9338875037021783,0.3960747187217243,0.02395421266555786
189752,1,1,0.002225745049066241,0.000789766117992942,2.818233139583609,1.0361101427902386,0.301032766146413,0.13256184895833334,0.886958658695221,2,0.6666666666666666,1.0,0.4805972250753632,0.28584809441541953,0.6753463557353068,0.3356116973233396,0.4893280260017449,0.9338875037021783,0.3960747187217243,0.02395421266555786
189752,1,2,0.002947194999676408,0.0008353965798325418,3.52789928436059,1.2607025905595228,0.20607316965117564,0.06853190104166666,0.640406608581543,2,0.6666666666666666,1.0,0.29632243213368553,0.28584809441541953,0.30679676985195153,0.3356116973233396,0.4893280260017449,0.9338875037021783,0.3960747187217243,0.02395421266555786
189752,59,0,0.03800987507880514,0.004398147954695183,8.64224565924072,2.156662463334385,0.5009458707798022,0.1040625,0.8092285394668579,2,0.6666666666666666,1.0,0.35119707566256697,0.2608790659923831,0.4415150853327509,0.12598311593009814,0.15241016775201544,0.9021458173518864,0.6062209510273541,0.047883450984954834
189752,59,1,0.06345319847547662,0.005196568602793408,12.210595743729208,2.502304078408322,0.3723568710232588,0.046334635416666665,0.8674572110176086,2,0.6666666666666666,1.0,0.5152939432835728,0.4415150853327509,0.5890728012343948,0.12598311593009814,0.15241016775201544,0.9021458173518864,0.6062209510273541,0.047883450984954834
189752,59,2,0.0743854566473148,0.006021420802289249,12.353472556955518,2.5139372022649593,0.2583055433731417,0.027418619791666668,0.8195737600326538,2,0.6666666666666666,1.0,0.4249759336133889,0.2608790659923831,0.5890728012343948,0.12598311593009814,0.15241016775201544,0.9021458173518864,0.6062209510273541,0.047883450984954834
18150,63,0,0.006784586326128879,0.001501613790483106,4.5181965992919615,1.5081129319193243,0.29737737791496666,0.08565104166666666,0.8141745328903198,3,1.0,1.0,0.8277404815559593,0.8198692417524611,0.8356117213594573,0.12151217180198241,0.18223317312514398,0.9466160125902225,0.35563349852401255,0.047567784786224365
18150,63,1,0.006671836075701706,0.001499580459574733,4.449135108858807,1.4927097198783361,0.3000374607888249,0.08787760416666666,0.9227778315544128,3,1.0,1.0,0.8213414186062213,0.8070711158529855,0.8356117213594573,0.12151217180198241,0.18223317312514398,0.9466160125902225,0.35563349852401255,0.047567784786224365
18150,63,2,0.006900870775541885,0.0015702378524396277,4.394793285886869,1.4804204962480172,0.2543073881726084,0.07201171875,0.9703456163406372,3,1.0,1.0,0.8134701788027233,0.8070711158529855,0.8198692417524611,0.12151217180198241,0.18223317312514398,0.9466160125902225,0.35563349852401255,0.047567784786224365
18150,59,0,0.02389223971625124,0.00234563655392061,10.18582340308893,2.3209968911351395,0.6057822591190121,0.13108723958333332,0.8641344308853149,3,1.0,1.0,0.7539327033777303,0.5628520604802846,0.945013346275176,0.2420377914402335,0.3370923066627051,0.8529389343448919,0.7599806428063747,0.059326112270355225
18150,59,1,0.023444854003806193,0.002443500208082045,9.594782892453187,2.261219502091883,0.588741022271373,0.12983072916666666,0.9242238402366638,3,1.0,1.0,0.7485125976006834,0.552011848926191,0.945013346275176,0.2420377914402335,0.3370923066627051,0.8529389343448919,0.7599806428063747,0.059326112270355225
18150,59,2,0.03161192852359919,0.0030314210723367337,10.428088925568968,2.344503023643147,0.4575412319066799,0.07483072916666667,0.8648977279663086,3,1.0,1.0,0.5574319547032378,0.552011848926191,0.5628520604802846,0.2420377914402335,0.3370923066627051,0.8529389343448919,0.7599806428063747,0.059326112270355225
460333,1,0,0.002115069223131512,0.001076134953210258,1.9654312080994487,0.6757116660450574,0.20885895479928615,0.11841471354166666,0.7855631113052368,2,0.6666666666666666,1.0,0.08213972997836103,0.0665612734409071,0.09771818651581496,0.20658321856789827,0.3055424514461965,0.9407842155777764,0.4092580337070992,0.08837008476257324
460333,1,1,0.007351413436924602,0.0011183041307882928,6.573715707523027,1.8830792294662426,0.0795244745036991,0.012972005208333333,0.9837230443954468,2,0.6666666666666666,1.0,0.394279419481245,0.09771818651581496,0.690840652446675,0.20658321856789827,0.3055424514461965,0.9407842155777764,0.4092580337070992,0.08837008476257324
460333,1,2,0.008023244713352235,0.0011374524198538925,7.0536969865773695,1.9535518747608716,0.05995948369040426,0.008961588541666666,0.8953529596328735,2,0.6666666666666666,1.0,0.3787009629437911,0.0665612734409071,0.690840652446675,0.20658321856789827,0.3055424514461965,0.9407842155777764,0.4092580337070992,0.08837008476257324
460333,65,0,0.008818852557546105,0.003013539283670187,2.9264103515781024,1.0737765360695917,0.3038572568482931,0.129794921875,0.8471109867095947,3,1.0,1.0,0.435480275694549,0.38067085848843907,0.49028969290065894,0.27438155863509067,0.4102981229023202,0.9473322385390411,0.386175567017664,0.05893540382385254
460333,65,1,0.014673364730505565,0.0030051490417025944,4.882741096032127,1.5857067622453898,0.25434172330356236,0.06529622395833333,0.9060463905334473,3,1.0,1.0,0.6250740552842693,0.49028969290065894,0.7598584176678798,0.27438155863509067,0.4102981229023202,0.9473322385390411,0.386175567017664,0.05893540382385254
460333,65,2,0.014662935219256094,0.003198206815709227,4.584736403739963,1.5227326131184955,0.19312633174615615,0.049615885416666665,0.8036662340164185,3,1.0,1.0,0.5702646380781594,0.38067085848843907,0.7598584176678798,0.27438155863509067,0.4102981229023202,0.9473322385390411,0.386175567017664,0.05893540382385254
141671,1,0,0.00025398886359810814,9.733715034490865e-05,2.6093722703894744,0.9591096869154313,0.23508118254413018,0.10536847014925373,0.8022712469100952,1,0.3333333333333333,0.0,0.47924530632257123,0.4447085754534249,0.5137820371917176,0.34084626803439155,0.4716603411273402,0.8589018144992719,0.6870041692760427,0.0029550790786743164
141671,1,1,0.0002949653873082232,0.00010325354742694726,2.856709447781484,1.0496704231058367,0.14312006413606668,0.05523787313432836,0.9068090915679932,1,0.3333333333333333,0.0,0.6860759293402172,0.5137820371917176,0.8583698214887168,0.34084626803439155,0.4716603411273402,0.8589018144992719,0.6870041692760427,0.0029550790786743164
141671,1,2,0.00030216434784601464,0.0001044103241007883,2.894008303817965,1.0626425008366664,0.12660743580649658,0.047700559701492534,0.9038540124893188,1,0.3333333333333333,0.0,0.6515391984710708,0.4447085754534249,0.8583698214887168,0.34084626803439155,0.4716603411273402,0.8589018144992719,0.6870041692760427,0.0029550790786743164
141671,4,0,0.031407240575261314,0.001288348894289351,24.377900031658385,3.1936769854964884,0.31668699762609925,0.018656716417910446,0.885676383972168,1,0.3333333333333333,0.0,0.5225365400344734,0.24876293297345928,0.7963101470954874,0.08710153650266665,0.1207745517002541,0.8384769520011168,0.7911829853212089,0.0229264497756958
141671,4,1,0.03613577829256171,0.0013299670931218278,27.170430345438003,3.3021292623334277,0.291948270636146,0.014948694029850747,0.8627499341964722,1,0.3333333333333333,0.0,0.5406456191987432,0.28498109130199895,0.7963101470954874,0.08710153650266665,0.1207745517002541,0.8384769520011168,0.7911829853212089,0.0229264497756958
141671,4,2,0.04194175755311363,0.001557937880257707,26.921328544405434,3.2929188551578594,0.16408874845969063,0.0072388059701492535,0.7708338499069214,1,0.3333333333333333,0.0,0.2668720121377291,0.24876293297345928,0.28498109130199895,0.08710153650266665,0.1207745517002541,0.8384769520011168,0.7911829853212089,0.0229264497756958
320554,17,0,0.05880108920927373,0.001982049938524628,29.666805077260822,3.3900287465957986,0.5653368997623971,0.042,0.8379974365234375,3,1.0,1.0,0.7854875571356018,0.7517775520568817,0.8191975622143219,0.0887424513714128,0.09360848704253902,0.8636665286292218,0.7530966650956448,0.06771326065063477
320554,17,1,0.06801025187384523,0.0021000852949156503,32.38451886031245,3.4776804956706835,0.5358058463065712,0.034416,0.9721463918685913,3,1.0,1.0,0.8684551269927956,0.8191975622143219,0.9177126917712691,0.0887424513714128,0.09360848704253902,0.8636665286292218,0.7530966650956448,0.06771326065063477
320554,17,2,0.07043203183917511,0.002213846419604368,31.814326045231066,3.4599166929206286,0.509225355323345,0.031584,0.9044331312179565,2,0.6666666666666666,1.0,0.8347451219140753,0.7517775520568817,0.9177126917712691,0.0887424513714128,0.09360848704253902,0.8636665286292218,0.7530966650956448,0.06771326065063477
320554,15,0,0.013166502884474697,0.004418403987411659,2.979922822586404,1.0918974017969543,0.2626510777432355,0.10677333333333333,0.7690480947494507,2,0.6666666666666666,0.0,0.5091230122971712,0.3277639357076555,0.6904820888866868,0.17686675366690763,0.2643540417764072,0.9554147777085447,0.33823737878224336,0.016933560371398926
320554,15,1,0.015031799935244042,0.004565454295372475,3.292509126022289,1.1916499264587392,0.21117571480227035,0.07519466666666667,0.8633170127868652,2,0.6666666666666666,0.0,0.5748195727245076,0.4591570565623284,0.6904820888866868,0.17686675366690763,0.2643540417764072,0.9554147777085447,0.33823737878224336,0.016933560371398926
320554,15,2,0.01604977830489249,0.004927878000978517,3.25693499279986,1.1807865669308897,0.11447361753297648,0.038176,0.8463834524154663,2,0.6666666666666666,0.0,0.39346049613499195,0.3277639357076555,0.4591570565623284,0.17686675366690763,0.2643540417764072,0.9554147777085447,0.33823737878224336,0.016933560371398926
429011,3,0,0.010141693510937027,0.0017266423821975724,5.873650276182613,1.7704762935102616,0.4000826170223103,0.10196337463556851,0.7953885793685913,3,1.0,1.0,0.2787849470956545,0.107114237378684,0.450455656812625,0.270553063613209,0.4058290475233386,0.9123544523674976,0.5373463806045703,0.07804423570632935
429011,3,1,0.011890211910690719,0.0021291191213931903,5.584568653596884,1.720007196605076,0.21469526355478938,0.04667000728862974,0.8734328150749207,3,1.0,1.0,0.33636561045143976,0.22227556409025445,0.450455656812625,0.270553063613209,0.4058290475233386,0.9123544523674976,0.5373463806045703,0.07804423570632935
429011,3,2,0.030376998499275693,0.002266453723518724,13.402876119046365,2.595469319708557,0.133043039655955,0.01132015306122449,0.6150230169296265,2,0.6666666666666666,1.0,0.16469490073446924,0.107114237378684,0.22227556409025445,0.270553063613209,0.4058290475233386,0.9123544523674976,0.5373463806045703,0.07804423570632935
429011,8,0,0.01726149939683526,0.002384533998458771,7.238940355118939,1.9794748359537162,0.43720921241263727,0.09691599854227405,0.7743231654167175,3,1.0,1.0,0.3891391070804153,0.23389368895567242,0.5443845252051582,0.14580061687106727,0.16659628422410036,0.8747853894142941,0.6398817328083977,0.00665205717086792
429011,8,1,0.017931147206135124,0.003035206685793871,5.907718668436393,1.776259744843022,0.24889180449963438,0.05311133381924198,0.8266910910606384,3,1.0,1.0,0.48189578960888346,0.41940705401260864,0.5443845252051582,0.14580061687106727,0.16659628422410036,0.8747853894142941,0.6398817328083977,0.00665205717086792
429011,8,2,0.023052297891343918,0.0033780510173487864,6.824141425374929,1.9204665347212466,0.13727742639798018,0.022786078717201168,0.8333431482315063,2,0.6666666666666666,1.0,0.32665037148414056,0.23389368895567242,0.41940705401260864,0.14580061687106727,0.16659628422410036,0.8747853894142941,0.6398817328083977,0.00665205717086792
232649,70,0,0.018214057275132874,0.006604373671966331,2.7578780633943283,1.0144615664813863,0.2245656297510756,0.09502933333333333,0.9215692281723022,3,1.0,1.0,0.6510518914377563,0.5520757465404225,0.7500280363350903,0.136307305753912,0.17932724035273878,0.9676578739992827,0.3261929168505815,0.0023832321166992188
232649,70,1,0.0238100035033181,0.006469075740451171,3.680588148126541,1.303072562312999,0.22063912918264994,0.071424,0.923346757888794,3,1.0,1.0,0.742587629796319,0.7351472232575476,0.7500280363350903,0.136307305753912,0.17932724035273878,0.9676578739992827,0.3261929168505815,0.0023832321166992188
232649,70,2,0.026745637450282418,0.006648091544851881,4.0230549272400635,1.3920415462153555,0.18293940477666892,0.05272,0.9257299900054932,2,0.6666666666666666,1.0,0.643611484898985,0.5520757465404225,0.7351472232575476,0.136307305753912,0.17932724035273878,0.9676578739992827,0.3261929168505815,0.0023832321166992188
232649,81,0,0.012763465360433738,0.0041890297930703615,3.046878630106815,1.1141176667013866,0.4114146234037946,0.18660266666666667,0.9329743385314941,2,0.6666666666666666,1.0,0.5921891121911563,0.4975046342506773,0.6868735901316353,0.17772713428074205,0.2395958814930827,0.9603205933026305,0.3291747355720725,0.015901386737823486
232649,81,1,0.01742271226633404,0.004074163126087118,4.276390444579636,1.4531092997578088,0.38664153760676073,0.12846933333333332,0.9619577527046204,2,0.6666666666666666,1.0,0.7050345090675569,0.6868735901316353,0.7231954280034787,0.17772713428074205,0.2395958814930827,0.9603205933026305,0.3291747355720725,0.015901386737823486
232649,81,2,0.018038886319472525,0.004526280293578021,3.9853666024795453,1.382629303669677,0.29119599666034457,0.09345066666666667,0.9460563659667969,3,1.0,1.0,0.610350031127078,0.4975046342506773,0.7231954280034787,0.17772713428074205,0.2395958814930827,0.9603205933026305,0.3291747355720725,0.015901386737823486
155145,9,0,0.007539222072829865,0.002458737121193931,3.0662985500876228,1.12047115029948,0.681461188712458,0.41096533333333335,0.9285567402839661,3,1.0,1.0,0.035472750386258134,0.03471154927465607,0.0362339514978602,0.30339162211343296,0.45303839619859565,0.9130062360743215,0.45790195069720674,0.011300146579742432
155145,9,1,0.026802836916586213,0.0037499319160183516,7.147552944880584,1.9667700526926313,0.20373418174771485,0.03456,0.9172565937042236,2,0.6666666666666666,1.0,0.45940660332664635,0.0362339514978602,0.8825792551554325,0.30339162211343296,0.45303839619859565,0.9130062360743215,0.45790195069720674,0.011300146579742432
155145,9,2,0.027610904466782195,0.0038165665747424866,7.234487835813708,1.978859567816258,0.18633015145872736,0.030682666666666667,0.8294968605041504,2,0.6666666666666666,1.0,0.45864540221504424,0.03471154927465607,0.8825792551554325,0.30339162211343296,0.45303839619859565,0.9130062360743215,0.45790195069720674,0.011300146579742432
155145,28,0,0.0032636091141066198,0.002668886926267685,1.2228352879107511,0.20117216920943926,0.30159169884356035,0.260976,0.8614718317985535,2,0.6666666666666666,1.0,0.056699030467868644,0.013720786537273289,0.099677274398464,0.08625464112743954,0.08642894155693114,0.870811675997489,0.6721668650337214,0.03323054313659668
155145,28,1,0.024957306075810044,0.00198508849880193,12.572389633157542,2.5315031106330323,0.322760857633955,0.03652266666666667,0.8282412886619568,1,0.3333333333333333,0.0,0.02216204181300704,0.013720786537273289,0.030603297088740794,0.08625464112743954,0.08642894155693114,0.870811675997489,0.6721668650337214,0.03323054313659668
155145,28,2,0.01966830146280314,0.0023716137945598956,8.29321430817525,2.1154376272425934,0.18219030876744785,0.02616,0.789306640625,2,0.6666666666666666,1.0,0.0651402857436024,0.030603297088740794,0.099677274398464,0.08625464112743954,0.08642894155693114,0.870811675997489,0.6721668650337214,0.03323054313659668
512403,84,0,0.003874243384032305,0.0008717135210367212,4.444399778244006,1.4916448270902327,0.5707276865510728,0.23026346880907372,0.8755664825439453,3,1.0,1.0,0.7881753037476114,0.608166143195949,0.9681844642992736,0.20165220134243741,0.2744922913768428,0.9058952472573881,0.5486261332949797,0.0259971022605896
512403,84,1,0.003786130056009844,0.0009024320720518879,4.1954737304556655,1.4340062612104916,0.5549285615823291,0.22909971644612476,0.8978762030601501,3,1.0,1.0,0.7898539785864007,0.6115234928735277,0.9681844642992736,0.20165220134243741,0.2744922913768428,0.9058952472573881,0.5486261332949797,0.0259971022605896
512403,84,2,0.0051715027346851666,0.0009743926863007134,5.307411274823285,1.6691041977055838,0.46405862051158386,0.1402616965973535,0.9238733053207397,3,1.0,1.0,0.6098448180347383,0.608166143195949,0.6115234928735277,0.20165220134243741,0.2744922913768428,0.9058952472573881,0.5486261332949797,0.0259971022605896
512403,86,0,0.017404808579653475,0.00472655766745296,3.6823434305732707,1.303549351352289,0.4089858290174375,0.15819647920604915,0.9591554403305054,3,1.0,1.0,0.5862455351204514,0.585352207239971,0.587138863000932,0.1581607208324768,0.20482257636796472,0.9485400240503471,0.374465885892302,0.025828540325164795
512403,86,1,0.025257579162464953,0.004825717323827458,5.23395330939075,1.6551668834716755,0.35007544199093815,0.09330990075614366,0.9913789629936218,3,1.0,1.0,0.7911165893685506,0.587138863000932,0.9950943157361691,0.1581607208324768,0.20482257636796472,0.9485400240503471,0.374465885892302,0.025828540325164795
512403,86,2,0.025297258050152954,0.004831301171077553,5.236116969142423,1.6555801872460703,0.34901605912009576,0.09288161625708885,0.965550422668457,3,1.0,1.0,0.79022326148807,0.585352207239971,0.9950943157361691,0.1581607208324768,0.20482257636796472,0.9485400240503471,0.374465885892302,0.025828540325164795
261097,1,0,0.0016575487460903364,0.0005958213328498401,2.7819560192318904,1.023154284932819,0.17568442812996587,0.07115915915915916,0.9371340274810791,2,0.6666666666666666,0.0,0.7643715129565645,0.5994603254911881,0.9292827004219409,0.2691795838759715,0.3736765825728634,0.9273191189450334,0.45033320854891373,0.0026895999908447266
261097,1,1,0.0017059398714424912,0.0005980884231860372,2.8523204971976743,1.0481328731210133,0.16808567650235093,0.06615015015015015,0.9398236274719238,2,0.6666666666666666,0.0,0.7865976551697231,0.6439126099175052,0.9292827004219409,0.2691795838759715,0.3736765825728634,0.9273191189450334,0.45033320854891373,0.0026895999908447266
261097,1,2,0.0024970920400830543,0.000589812416778645,4.2337054372093705,1.4430775998874448,0.15905101995227902,0.042762762762762765,0.834455132484436,2,0.6666666666666666,0.0,0.6216864677043467,0.5994603254911881,0.6439126099175052,0.2691795838759715,0.3736765825728634,0.9273191189450334,0.45033320854891373,0.0026895999908447266
261097,15,0,0.00441056549767021,0.0017098010525874758,2.5795781845004924,0.9476258914139374,0.1603027823988421,0.0689069069069069,0.8761526346206665,2,0.6666666666666666,0.0,0.4024555373625175,0.1780644114545307,0.6268466632705043,0.21301147247347063,0.23104065784728617,0.956273850311774,0.3043201697854925,0.037220537662506104
261097,15,1,0.004715196127128231,0.001759421944871213,2.679968917173764,0.9858051965980964,0.11483728798785789,0.04617417417417417,0.8389320969581604,2,0.6666666666666666,0.0,0.45207429523268255,0.2773019271948608,0.6268466632705043,0.21301147247347063,0.23104065784728617,0.956273850311774,0.3043201697854925,0.037220537662506104
261097,15,2,0.007470567724791388,0.0017919130794021448,4.169045812821919,1.4276871878956041,0.07215739111991774,0.018312312312312312,0.6680234670639038,3,1.0,1.0,0.22768316932469573,0.1780644114545307,0.2773019271948608,0.21301147247347063,0.23104065784728617,0.956273850311774,0.3043201697854925,0.037220537662506104
189436,72,0,0.005180151670589847,0.0010985481055447715,4.71545273231849,1.550844931248624,0.30912188685047864,0.08666341145833334,0.7781028151512146,3,1.0,1.0,0.6957488970360719,0.5491101599459338,0.84238763412621,0.23751548905317596,0.35626011477931807,0.9567182452704824,0.3446446226303356,0.16057658195495605
189436,72,1,0.005650352612711276,0.0011207518425074407,5.041573337973067,1.6177182037780198,0.2847602826743325,0.07319010416666667,0.9618613719940186,3,1.0,1.0,0.7463394179167039,0.6502912017071978,0.84238763412621,0.23751548905317596,0.35626011477931807,0.9567182452704824,0.3446446226303356,0.16057658195495605
189436,72,2,0.006773962065710403,0.0011860475005188997,5.711375014099685,1.742459802899433,0.22222629661022866,0.04764322916666667,0.8012847900390625,3,1.0,1.0,0.5997006808265658,0.5491101599459338,0.6502912017071978,0.23751548905317596,0.35626011477931807,0.9567182452704824,0.3446446226303356,0.16057658195495605
189436,88,0,0.017936227034374308,0.003915207986651363,4.581168380056818,1.5219540704640449,0.7479954730273551,0.3931705729166667,0.9223809242248535,2,0.6666666666666666,1.0,0.34128235419854214,0.24028630701964643,0.44227840137743785,0.12810558788803428,0.17144959021418996,0.9421033109814998,0.40080747329889366,0.012263715267181396
189436,88,1,0.025755905236910792,0.0059884363103036966,4.300939994685135,1.4588336022632453,0.4753333800451015,0.173994140625,0.9567558169364929,2,0.6666666666666666,1.0,0.4903771223609025,0.44227840137743785,0.5384758433443672,0.12810558788803428,0.17144959021418996,0.9421033109814998,0.40080747329889366,0.012263715267181396
189436,88,2,0.03486808684357943,0.006747730115494005,5.167380176979608,1.6423658245212602,0.352492611972818,0.09530924479166666,0.9444921016693115,2,0.6666666666666666,1.0,0.3893810751820068,0.24028630701964643,0.5384758433443672,0.12810558788803428,0.17144959021418996,0.9421033109814998,0.40080747329889366,0.012263715267181396
275749,1,0,0.003204025286969978,0.0018337418908913703,1.7472607792502688,0.5580492929343223,0.09988446787597054,0.05971733333333333,0.9169459342956543,1,0.3333333333333333,0.0,0.5945474714671424,0.5674323215750615,0.6216626213592233,0.21058759131093077,0.30933950608855443,0.9386255149335666,0.4008420491076598,0.026114165782928467
275749,1,1,0.0038300318682744773,0.0018056275101281044,2.1211638860562014,0.7519649411547805,0.10858716094080664,0.054309333333333334,0.9273712038993835,2,0.6666666666666666,0.0,0.6966141364898535,0.6216626213592233,0.7715656516204837,0.21058759131093077,0.30933950608855443,0.9386255149335666,0.4008420491076598,0.026114165782928467
275749,1,2,0.004137377924620793,0.0018177126139778028,2.2761452445942987,0.8224833301964914,0.09111754784519345,0.042186666666666664,0.953485369682312,2,0.6666666666666666,0.0,0.6694989865977726,0.5674323215750615,0.7715656516204837,0.21058759131093077,0.30933950608855443,0.9386255149335666,0.4008420491076598,0.026114165782928467
275749,72,0,0.006089433998125212,0.0020716524412809547,2.9394090793630197,1.078208567898987,0.25008598378530666,0.10189333333333334,0.8988813161849976,2,0.6666666666666666,1.0,0.6654628387699119,0.6210036104861075,0.7099220670537162,0.16958980691284245,0.23086406195322912,0.9579256923515046,0.32089434450796156,0.0010248422622680664
275749,72,1,0.0059675436915219374,0.002208653368333477,2.7018923722389316,0.9939524062841615,0.17429485415108256,0.072464,0.8651458621025085,2,0.6666666666666666,1.0,0.7672147060456685,0.7099220670537162,0.8245073450376209,0.16958980691284245,0.23086406195322912,0.9579256923515046,0.32089434450796156,0.0010248422622680664
275749,72,2,0.00676315612834079,0.002191525363646442,3.0860496699895084,1.1268918492248585,0.17262823903313418,0.063328,0.8978564739227295,2,0.6666666666666666,1.0,0.7227554777618642,0.6210036104861075,0.8245073450376209,0.16958980691284245,0.23086406195322912,0.9579256923515046,0.32089434450796156,0.0010248422622680664
303305,6,0,0.029885425053855795,0.004563439428734792,6.548881718277261,1.8792943050705844,0.8150971976956007,0.40231770833333336,0.9509105086326599,3,1.0,1.0,0.6940950722918815,0.4372774936889119,0.950912650894851,0.4089911369238944,0.6046751759591761,0.9468120906367297,0.328230787500742,0.043667614459991455
303305,6,1,0.03035731531819346,0.005079940625380542,5.975919316959231,1.7877379465941412,0.7873771114083522,0.38259440104166664,0.9072428941726685,3,1.0,1.0,0.7053227538973149,0.4597328568997788,0.950912650894851,0.4089911369238944,0.6046751759591761,0.9468120906367297,0.328230787500742,0.043667614459991455
303305,6,2,0.027644456296560024,0.011998397998846534,2.3040122770484537,0.8346520714356794,0.3296971104297917,0.17592447916666668,0.7115054130554199,3,1.0,1.0,0.4485051752943453,0.4372774936889119,0.4597328568997788,0.4089911369238944,0.6046751759591761,0.9468120906367297,0.328230787500742,0.043667614459991455
303305,1,0,0.00038708335064801934,0.00026190188786310995,1.4779708246027154,0.39067008513294693,0.5055922445746986,0.40895182291666665,0.9562532901763916,2,0.6666666666666666,1.0,0.8445236010507045,0.7252567062007482,0.9637904959006607,0.3565956116871061,0.49225505215278126,0.8737190269009555,0.6240984558648213,0.012355446815490723
303305,1,1,0.0003852572805585969,0.0002661494545634786,1.4475223319279353,0.36985336087116094,0.48498622761682975,0.39414388020833335,0.9686087369918823,2,0.6666666666666666,1.0,0.8581475088335407,0.7525045217664208,0.9637904959006607,0.3565956116871061,0.49225505215278126,0.8737190269009555,0.6240984558648213,0.012355446815490723
303305,1,2,0.0003590454621275754,0.00029371981009840357,1.2224080520305323,0.20082272926044914,0.34012386636900305,0.2965950520833333,0.6463103294372559,2,0.6666666666666666,1.0,0.7388806139835845,0.7252567062007482,0.7525045217664208,0.3565956116871061,0.49225505215278126,0.8737190269009555,0.6240984558648213,0.012355446815490723
210030,48,0,0.01694057544358016,0.0061603320298781504,2.7499451910492714,1.0115809810113563,0.4689278332168668,0.24305,0.7169176936149597,3,1.0,1.0,0.13434206032732549,0.13069139966273188,0.13799272099191906,0.13388123429803975,0.20081420256599145,0.9600463040342466,0.38279147817261006,0.05473381280899048
210030,48,1,0.05323682165251678,0.007231470001488295,7.361825691622641,1.9963079579257734,0.2041443961348969,0.03367,0.896995484828949,3,1.0,1.0,0.5420435835431825,0.13799272099191906,0.946094446094446,0.13388123429803975,0.20081420256599145,0.9600463040342466,0.38279147817261006,0.05473381280899048
210030,48,2,0.05382697733203623,0.007298299148026804,7.375276928627106,1.9981334511838447,0.19528092750164874,0.031855,0.9517292976379395,2,0.6666666666666666,1.0,0.538392922878589,0.13069139966273188,0.946094446094446,0.13388123429803975,0.20081420256599145,0.9600463040342466,0.38279147817261006,0.05473381280899048
210030,61,0,0.024865468755131893,0.00418243994723372,5.94520640173992,1.782585248123587,0.7210830805800715,0.303065,0.8048033714294434,3,1.0,1.0,0.3512942768053058,0.28998729645455595,0.4126012571560556,0.18054186080167445,0.2280870575543315,0.9309445661449997,0.46092068222835225,0.0912742018699646
210030,61,1,0.04884342707696109,0.004963816120898538,9.839894524191132,2.2864449919409187,0.5844203498885264,0.125045,0.950893223285675,3,1.0,1.0,0.5575099030133666,0.4126012571560556,0.7024185488706776,0.18054186080167445,0.2280870575543315,0.9309445661449997,0.46092068222835225,0.0912742018699646
210030,61,2,0.05187743138725373,0.0064591570311096575,8.031610182158675,2.083385028693106,0.4362607005000851,0.087885,0.8596190214157104,3,1.0,1.0,0.4962029226626168,0.28998729645455595,0.7024185488706776,0.18054186080167445,0.2280870575543315,0.9309445661449997,0.46092068222835225,0.0912742018699646
491090,1,0,0.003905729464914353,0.0005744949176667261,6.79854484001125,1.9167085954220946,0.4697177495398214,0.11527196652719665,0.9663544297218323,3,1.0,1.0,0.31948021455655423,0.17464637015619242,0.4643140589569161,0.33444764814992206,0.5008654676387057,0.8853785289343624,0.5924913967990388,0.05591559410095215
491090,1,1,0.0053324333722438114,0.0007107767959093523,7.502261462994654,2.015204503678532,0.2981899999746855,0.05359898012552301,0.9104388356208801,3,1.0,1.0,0.4139779574629916,0.3636418559690672,0.4643140589569161,0.33444764814992206,0.5008654676387057,0.8853785289343624,0.5924913967990388,0.05591559410095215
491090,1,2,0.011003604781396774,0.0007515892934898264,14.640449061832292,2.6837881817760434,0.23168869804274694,0.020181746861924685,0.8588601350784302,3,1.0,1.0,0.2691441130626298,0.17464637015619242,0.3636418559690672,0.33444764814992206,0.5008654676387057,0.8853785289343624,0.5924913967990388,0.05591559410095215
491090,4,0,0.014540269814117532,0.0032732363160984266,4.442169280037444,1.4911428337832395,0.6548409285716403,0.299274320083682,0.8383110761642456,3,1.0,1.0,0.3813078057807908,0.2573181113706315,0.5052975001909501,0.26675627662796225,0.30453377242147206,0.9503343289957201,0.34334456011473347,0.024439990520477295
491090,4,1,0.018044393120597704,0.004606981053786239,3.916750016119819,1.3652622324624892,0.411874596703815,0.1516801778242678,0.8138710856437683,3,1.0,1.0,0.5062691318224993,0.5052975001909501,0.5072407634540486,0.26675627662796225,0.30453377242147206,0.9503343289957201,0.34334456011473347,0.024439990520477295
491090,4,2,0.01873972854313037,0.005632105800793186,3.3273040675414682,1.2021623868244042,0.2179567246907075,0.07728817991631799,0.5317178964614868,2,0.6666666666666666,1.0,0.38227943741234005,0.2573181113706315,0.5072407634540486,0.26675627662796225,0.30453377242147206,0.9503343289957201,0.34334456011473347,0.024439990520477295
206027,59,0,0.020904989669609582,0.0017790766355673016,11.750471699715762,2.463893384488889,0.7909990539574476,0.24361979166666667,0.83155357837677,2,0.6666666666666666,1.0,0.5792927067651904,0.5482160499230895,0.6103693636072913,0.36316913997591294,0.5359444854288462,0.9079265292950293,0.5161008605457262,0.08127492666244507
206027,59,1,0.026016075850340676,0.0027267991027002778,9.54088470068688,2.25558621711998,0.6439845188708802,0.159375,0.9484297633171082,1,0.3333333333333333,1.0,0.40180950408332444,0.2554029582435594,0.5482160499230895,0.36316913997591294,0.5359444854288462,0.9079265292950293,0.5161008605457262,0.08127492666244507
206027,59,2,0.020579668898764853,0.003947172347329803,5.213775098387301,1.6513041804499453,0.47877342642355714,0.14978841145833333,0.8671548366546631,2,0.6666666666666666,1.0,0.43288616092542537,0.2554029582435594,0.6103693636072913,0.36316913997591294,0.5359444854288462,0.9079265292950293,0.5161008605457262,0.08127492666244507
206027,67,0,0.0025109842735734867,0.004094756468439286,0.6132194410861574,-0.4890324277734737,0.3560621265062209,0.4741569010416667,0.9649965167045593,3,1.0,1.0,0.6701823613711622,0.4061891187990895,0.9341756039432347,0.4481702483669044,0.5940597036600035,0.9803896816754952,0.240950106299347,0.007416367530822754
206027,67,1,0.0024507429373299043,0.00409166329237566,0.5989600711519003,-0.5125603418592675,0.33403518496853085,0.45575846354166666,0.9575801491737366,1,0.3333333333333333,0.0,0.6653364041341644,0.39649720432509405,0.9341756039432347,0.4481702483669044,0.5940597036600035,0.9803896816754952,0.240950106299347,0.007416367530822754
206027,67,2,0.0020445780137903235,0.0036594651863763707,0.5587095133035465,-0.5821255946025674,0.11952203176921546,0.19547200520833333,0.7774627208709717,0,0.0,0.0,0.40134316156209177,0.39649720432509405,0.4061891187990895,0.4481702483669044,0.5940597036600035,0.9803896816754952,0.240950106299347,0.007416367530822754
