image_id,category_id,method,pg,epg,pacc,ap,iou
356347,51,clip_baseline,0.0,0.7538290905993729,0.3717315051020408,0.7379612268245197,0.3108604407135362
356347,51,CS_MAP,1.0,0.7854429028448028,0.3847058354591837,0.7461821858281706,0.3165910348644161
356347,50,clip_baseline,0.0,0.1039510072868035,0.6325334821428571,0.2728376183229913,0.1162768404907975
356347,50,CS_MAP,0.0,0.0757448339419346,0.6694834183673469,0.2505789354189583,0.1255470603743738
207585,32,clip_baseline,1.0,0.1958608933575807,0.7532485650510204,0.5557533818567141,0.0848547564491093
207585,32,CS_MAP,1.0,0.0489910931913108,0.492008131377551,0.4589225896578909,0.0380057367149758
207585,88,clip_baseline,1.0,0.8409416118071882,0.6974848533163265,0.8954071172886943,0.5237512550200804
207585,88,CS_MAP,1.0,0.8272067730593308,0.8973214285714286,0.9587719323098972,0.8377680511383317
248752,39,clip_baseline,1.0,0.0454367087284943,0.6146564094387755,0.3140915794795806,0.0353240532854363
248752,39,CS_MAP,0.0,0.0222490602695384,0.5263472576530612,0.1558347269651625,0.0289286589850453
248752,1,clip_baseline,1.0,0.5575883163681079,0.7591278698979592,0.5953424721053624,0.3784520442273077
248752,1,CS_MAP,0.0,0.3508215434772978,0.74609375,0.4126521425276093,0.4524904379216984
227187,52,clip_baseline,0.0,0.147125161185672,0.7753308354591837,0.3073385894282912,0.0877235574977745
227187,52,CS_MAP,1.0,0.0626958502222651,0.6211336096938775,0.4122556841138782,0.0571371887709552
227187,16,clip_baseline,0.0,0.1447550678493455,0.7644889987244898,0.354272901168556,0.09780119102153
227187,16,CS_MAP,0.0,0.0807289578283927,0.7094826211734694,0.5780517685253624,0.0864824215078022
110042,64,clip_baseline,1.0,0.1429140519165128,0.7166175063775511,0.5694344047683556,0.0989226869455006
110042,64,CS_MAP,1.0,0.0744057305666476,0.5913584183673469,0.7634625843428554,0.068761922063766
110042,70,clip_baseline,0.0,0.3873798090849664,0.8339046556122449,0.7201997194051427,0.2159924741298212
110042,70,CS_MAP,1.0,0.1847748644192696,0.7930285395408163,0.8969111639463366,0.180153153864372
304404,1,clip_baseline,1.0,0.2750411864719507,0.5288185586734694,0.2831247429900281,0.1397278218470271
304404,1,CS_MAP,1.0,0.3134763159466115,0.6887555803571429,0.5616804556013014,0.3555482193702802
304404,28,clip_baseline,1.0,0.2655759164319699,0.7793965242346939,0.8870254689545545,0.0576366422611953
304404,28,CS_MAP,0.0,0.0632968995248969,0.6736686862244898,0.8392533789066254,0.0399296394019349
339823,1,clip_baseline,1.0,0.5479893558102671,0.6958107461734694,0.5910035676866416,0.3589129704301075
339823,1,CS_MAP,1.0,0.4686495424396819,0.802375637755102,0.7513138132087555,0.5403726708074534
339823,28,clip_baseline,1.0,0.6790519623156752,0.8935945471938775,0.8105134702310748,0.6898815055762082
339823,28,CS_MAP,1.0,0.4687866112196318,0.9003706951530612,0.7785261442377995,0.7064419519642962
467176,1,clip_baseline,1.0,0.3183019653145593,0.666015625,0.3418842002169269,0.2240588970690373
467176,1,CS_MAP,1.0,0.2265217087475267,0.6181640625,0.6287378386650977,0.2819772889105423
467176,84,clip_baseline,1.0,0.3880911146269887,0.8243981186224489,0.600708433649723,0.2497445504087193
467176,84,CS_MAP,1.0,0.133441809430277,0.6916653380102041,0.7807756498263614,0.1641815235008103
345027,8,clip_baseline,1.0,0.2841465050069758,0.8383689413265306,0.5145158434916756,0.1562630045776113
345027,8,CS_MAP,1.0,0.0681149243148755,0.7396364795918368,0.6733155103229574,0.1022539857064321
345027,4,clip_baseline,0.0,0.3139494761802175,0.8751395089285714,0.7947435379849905,0.1243885394828791
345027,4,CS_MAP,0.0,0.1361034166396008,0.8356186224489796,0.8514353732128657,0.0973954913547822
269942,3,clip_baseline,0.0,0.1305378070185938,0.7642099808673469,0.5239362470881819,0.0441913071578607
269942,3,CS_MAP,0.0,0.0516542014132041,0.607063137755102,0.619505748041046,0.0269950155455756
269942,10,clip_baseline,1.0,0.1583581846559175,0.7138273278061225,0.6699651873991588,0.0807298335467349
269942,10,CS_MAP,1.0,0.062006170456592,0.5353356186224489,0.828162718809199,0.0516189391474129
125405,34,clip_baseline,1.0,0.0495330220904758,0.6424784757653061,0.3889956682046576,0.0302194831873716
125405,34,CS_MAP,1.0,0.0237301112026198,0.5129743303571429,0.9289500475870412,0.0223635781725076
125405,18,clip_baseline,1.0,0.6002000975476028,0.9153579400510204,0.8658589981149533,0.654321992511802
125405,18,CS_MAP,0.0,0.4678424820804829,0.8800223214285714,0.8362455717180078,0.591004823697262
319721,1,clip_baseline,1.0,0.1369712618039018,0.5650111607142857,0.1814345236559799,0.0503002349664955
319721,1,CS_MAP,1.0,0.3405483682552594,0.8601721938775511,0.915003393477114,0.5820575445285042
319721,19,clip_baseline,1.0,0.7270881654615715,0.9043168048469388,0.9180764852763922,0.7250128873360444
319721,19,CS_MAP,0.0,0.4895317851949085,0.8087332589285714,0.920440611993067,0.5911124366239189
147338,8,clip_baseline,1.0,0.4750530773198276,0.7857342155612245,0.8048088553011324,0.3982761515643365
147338,8,CS_MAP,1.0,0.3202998546196358,0.8937340561224489,0.9380535296876428,0.5813113466823714
147338,3,clip_baseline,0.0,0.199593159032283,0.7045001594387755,0.3957482151779383,0.1555897260664047
147338,3,CS_MAP,0.0,0.1366525051315266,0.7525908801020408,0.3082162138837986,0.1926378772112383
571804,70,clip_baseline,0.0,0.0441105970299677,0.6539779974489796,0.0497879819630654,0.0452045754509458
571804,70,CS_MAP,1.0,0.0415677529662277,0.5427495216836735,0.0529040869361747,0.0366560295599596
571804,86,clip_baseline,0.0,0.0566047331260159,0.6823182397959183,0.1363100489399313,0.0390064508349912
571804,86,CS_MAP,1.0,0.0264090454693868,0.6058075573979592,0.5928127384601206,0.0317701194439005
151820,62,clip_baseline,1.0,0.3483184034824249,0.7091637436224489,0.5815150162054339,0.3217605502881576
151820,62,CS_MAP,1.0,0.3368163944064904,0.8350805165816326,0.7485779292146749,0.491051110154376
151820,1,clip_baseline,1.0,0.3098423376566087,0.6149752869897959,0.3060163334541349,0.2105671788166067
151820,1,CS_MAP,1.0,0.3651493809788922,0.8164461096938775,0.7736650331044402,0.5324161039752247
112997,77,clip_baseline,1.0,0.7933934546638687,0.8113440688775511,0.8332800010956258,0.5988813085300224
112997,77,CS_MAP,1.0,0.5624597999623213,0.7932876275510204,0.7891985163450579,0.612116679132386
112997,1,clip_baseline,0.0,0.147973595143786,0.610969387755102,0.1752860610183868,0.1159820660296182
112997,1,CS_MAP,0.0,0.2691141280715322,0.7930484693877551,0.7419686950615171,0.474972191323693
226903,2,clip_baseline,1.0,0.3430406461091727,0.8818957270408163,0.6833625335130038,0.1497847919655667
226903,2,CS_MAP,0.0,0.0995468195993986,0.6745854591836735,0.6507542265484206,0.061123569662469
226903,67,clip_baseline,1.0,0.5994856056936082,0.8469786352040817,0.8067789597343404,0.5618580232823557
226903,67,CS_MAP,1.0,0.3580089478244389,0.7512755102040817,0.7449737593633359,0.4522952690248398
139684,17,clip_baseline,1.0,0.1486096587039238,0.6294244260204082,0.4455883760945117,0.0994333317188937
139684,17,CS_MAP,1.0,0.1045205975170711,0.554069674744898,0.9380866034381152,0.1007194244604316
139684,63,clip_baseline,0.0,0.3111621036784375,0.6636838329081632,0.3364442569122006,0.3336886993603412
139684,63,CS_MAP,0.0,0.3718060585602862,0.7563775510204082,0.6265022613754633,0.4785650300729429
192871,51,clip_baseline,1.0,0.7559005538076476,0.5713887117346939,0.74510521361978,0.3183950304259635
192871,51,CS_MAP,1.0,0.6337699869062164,0.5815529336734694,0.7001769228206761,0.3378327236028762
192871,53,clip_baseline,1.0,0.4358691009550599,0.7529695471938775,0.632083693690406,0.3805287620570743
192871,53,CS_MAP,1.0,0.2741243278236558,0.6648995535714286,0.7297561097508011,0.3096567580883561
176232,86,clip_baseline,1.0,0.1354290663814293,0.6898915816326531,0.2666845274673005,0.1510257529463116
176232,86,CS_MAP,1.0,0.1006929126499207,0.5650310905612245,0.6040649098505427,0.1121191163907082
176232,84,clip_baseline,1.0,0.0983757613089802,0.7552216198979592,0.4001113920894414,0.0608655757761125
176232,84,CS_MAP,0.0,0.0501182199372012,0.6817004145408163,0.6177892247004768,0.0474742052841891
248111,79,clip_baseline,0.0,0.1069865454797658,0.6896324936224489,0.2633971580666802,0.0748529673854927
248111,79,CS_MAP,0.0,0.0523441198980527,0.6247807716836735,0.1268871196753821,0.0601068344066696
248111,82,clip_baseline,1.0,0.3207864489364681,0.7255660076530612,0.624615449131924,0.2753012999315825
248111,82,CS_MAP,1.0,0.1993354209372959,0.6796277104591837,0.5204753336881885,0.2606135872314981
276434,1,clip_baseline,1.0,0.3848274999527212,0.8061423788265306,0.3372431669785823,0.2633850814085574
276434,1,CS_MAP,1.0,0.2145254146200937,0.6652582908163265,0.8369602164840622,0.2675098124727431
276434,55,clip_baseline,1.0,0.1735552392747622,0.7587492028061225,0.5080577746438242,0.0886161722632133
276434,55,CS_MAP,1.0,0.0999517345958649,0.7273796237244898,0.8448049563453421,0.0820079189316153
322944,1,clip_baseline,1.0,0.6549420710183796,0.5757134885204082,0.6796821704167209,0.3381932355135538
322944,1,CS_MAP,0.0,0.5805162668240865,0.6208346619897959,0.7115339375717245,0.499907998843414
322944,88,clip_baseline,1.0,0.658371510771828,0.8860809948979592,0.8840997387070186,0.660105845275614
322944,88,CS_MAP,1.0,0.5542872869361174,0.8971819196428571,0.9502100743637238,0.6910223393423969
137294,79,clip_baseline,1.0,0.4078404831747282,0.7365872130102041,0.6042901678317173,0.3584603436559557
137294,79,CS_MAP,1.0,0.2700728308795442,0.6290457589285714,0.5364577631084566,0.3220789627039627
137294,1,clip_baseline,1.0,0.5559596697949425,0.8053651147959183,0.6898075621094042,0.3992372047244094
137294,1,CS_MAP,0.0,0.3309770801389327,0.8891701211734694,0.9356416127510832,0.6032674609402868
499266,77,clip_baseline,1.0,0.8074788150861286,0.6013034119897959,0.8011369511364781,0.3931074234748051
499266,77,CS_MAP,1.0,0.7225715720689353,0.6221699617346939,0.802096286976244,0.4290618882698389
499266,1,clip_baseline,0.0,0.1990922357331135,0.7050980548469388,0.2492479839744149,0.2478523865195953
499266,1,CS_MAP,0.0,0.1982427547520216,0.7378029336734694,0.7876947701882978,0.328501429154757
345356,67,clip_baseline,1.0,0.2396403550074886,0.7461734693877551,0.4406856131946154,0.1971253861186408
345356,67,CS_MAP,1.0,0.1170794868004097,0.5818518813775511,0.4022424765111309,0.1406160399770623
345356,1,clip_baseline,1.0,0.6887379086750417,0.7254663584183674,0.6519828659121365,0.3865781973637335
345356,1,CS_MAP,1.0,0.4877941725659735,0.7938456632653061,0.7527487706924043,0.5689820409183716
278848,6,clip_baseline,1.0,0.4568614469457039,0.7351323341836735,0.509787170012761,0.3345683957540556
278848,6,CS_MAP,0.0,0.3448580453068682,0.6964485012755102,0.4461242548702285,0.3234275053304904
278848,28,clip_baseline,1.0,0.4956158497961357,0.8445671237244898,0.8969958384537313,0.3764790534058203
278848,28,CS_MAP,1.0,0.3268380316024477,0.8311941964285714,0.9020948356744236,0.3600785735871865
321333,1,clip_baseline,0.0,0.5585295139897778,0.4696269132653061,0.568596691194416,0.2693828245113112
321333,1,CS_MAP,0.0,0.7144540060954543,0.7792370854591837,0.8398665954046557,0.6673373776202774
321333,88,clip_baseline,1.0,0.5545038667108705,0.8829121492346939,0.9197444425146538,0.4963997942739585
321333,88,CS_MAP,0.0,0.3916857236201314,0.909538424744898,0.8743831530423013,0.5497917079944455
117908,44,clip_baseline,0.0,0.2185667067537389,0.7568160076530612,0.4133757895851261,0.1647042716319824
117908,44,CS_MAP,1.0,0.130754999827123,0.7589285714285714,0.7832670466207841,0.1677445988716114
117908,1,clip_baseline,1.0,0.5382651461532131,0.7156210140306123,0.5611993322574433,0.3755907579205321
117908,1,CS_MAP,0.0,0.5385856130008635,0.9149992028061223,0.8768379128268458,0.7799618222153434
101762,2,clip_baseline,1.0,0.8971266447668852,0.8094905931122449,0.9220876170159944,0.6656757134862898
101762,2,CS_MAP,1.0,0.8453946294192871,0.890625,0.9522966006376848,0.8065221223338621
101762,17,clip_baseline,1.0,0.5008020131591451,0.8900271045918368,0.8643863067779428,0.3220297333824794
101762,17,CS_MAP,1.0,0.216753622419121,0.8132374043367347,0.8001427534515961,0.2158158995815899
82812,27,clip_baseline,0.0,0.1397604718223594,0.8007613201530612,0.2362613316637869,0.0929135287179021
82812,27,CS_MAP,1.0,0.0459147845918226,0.6289261798469388,0.2985348559694217,0.0521787823253919
82812,7,clip_baseline,0.0,0.3958938502468083,0.8203523596938775,0.6065316325172474,0.3506699322864141
82812,7,CS_MAP,1.0,0.2038972898105055,0.6495735012755102,0.7872918945507308,0.2251112775990481
54592,35,clip_baseline,0.0,0.2022073289735124,0.7457549426020408,0.4253617075063353,0.1293338793338793
54592,35,CS_MAP,1.0,0.0915956311653217,0.6306600765306123,0.5510676366702745,0.0957353371718551
54592,1,clip_baseline,0.0,0.3491340137693374,0.5537906568877551,0.3500762896857677,0.2180973667667807
54592,1,CS_MAP,0.0,0.4573768293757387,0.8159478635204082,0.6873066882940528,0.6015446347672261
27696,1,clip_baseline,0.0,0.0259816623111105,0.5862763073979592,0.0310391657557649,0.0198772426817752
27696,1,CS_MAP,0.0,0.0882248834885184,0.5874123086734694,0.5743730779640417,0.0984234822750631
27696,49,clip_baseline,1.0,0.0711180574738576,0.6360411352040817,0.2327997315454463,0.0445746573192424
27696,49,CS_MAP,1.0,0.0407967449631998,0.4890186543367347,0.4256026171650803,0.0363089644803608
20553,88,clip_baseline,0.0,0.335044060862161,0.8429727359693877,0.525296223835975,0.2035782876781562
20553,88,CS_MAP,1.0,0.1248332273333655,0.7769451530612245,0.6455160101311614,0.1806734992679355
20553,44,clip_baseline,0.0,0.1306129058323163,0.8250358737244898,0.3823879333572285,0.0565287479849543
20553,44,CS_MAP,0.0,0.0515485177672125,0.8173828125,0.5048259228878421,0.0542883682526576
15956,19,clip_baseline,1.0,0.3579568977514293,0.8660714285714286,0.7535414929394386,0.3561985054608163
15956,19,CS_MAP,1.0,0.2016397992429109,0.6960100446428571,0.7808760438324305,0.1891446494072617
15956,1,clip_baseline,0.0,0.0571087502092012,0.7006935586734694,0.0609554886560045,0.0667412378821774
15956,1,CS_MAP,1.0,0.0935013397010829,0.6788703762755102,0.7250896546250901,0.0870304266530681
20333,32,clip_baseline,0.0,0.2791647925623538,0.8621452487244898,0.4045912790310928,0.2070388627765677
20333,32,CS_MAP,1.0,0.1269714783155847,0.8390864158163265,0.5689940652890327,0.1863347777889751
20333,1,clip_baseline,1.0,0.8023734859760856,0.8036511479591837,0.8818481282331995,0.619760710150521
20333,1,CS_MAP,1.0,0.6596855487902881,0.8836694834183674,0.8484062700873204,0.7924105555160396
347174,1,clip_baseline,1.0,0.7512598601076489,0.9163942920918368,0.8581867208210343,0.7355648008068583
347174,1,CS_MAP,1.0,0.3244473352091315,0.8350605867346939,0.903262243045521,0.6073631274314452
347174,65,clip_baseline,1.0,0.515700502858996,0.7996851084183674,0.7183567183322316,0.5175442807084913
347174,65,CS_MAP,1.0,0.4428240324006227,0.8625637755102041,0.8646311068285946,0.6398391392907505
116068,38,clip_baseline,1.0,0.5577142498169062,0.9096380739795918,0.7876544865358652,0.5613814452936055
116068,38,CS_MAP,1.0,0.3064678322242315,0.7553411989795918,0.945095555323518,0.319134775374376
116068,1,clip_baseline,1.0,0.4819588356218016,0.7572544642857143,0.572186640845263,0.391121775644871
116068,1,CS_MAP,1.0,0.3326836778521209,0.7680564413265306,0.6722339777068549,0.4819496995326063
569700,64,clip_baseline,1.0,0.7512143563363707,0.8393455038265306,0.9004584011990417,0.7059853375642849
569700,64,CS_MAP,0.0,0.7019621886677387,0.9079241071428572,0.9096691072254394,0.8360539389638041
569700,86,clip_baseline,0.0,0.0878035501039137,0.6358617665816326,0.0961629706803964,0.1055465805061927
569700,86,CS_MAP,1.0,0.115653930487075,0.5755739795918368,0.2448370839146542,0.1451852446513868
353096,76,clip_baseline,1.0,0.3129738570008391,0.7122927295918368,0.8239115337605006,0.2624156958920907
353096,76,CS_MAP,1.0,0.2095409380811584,0.6013831313775511,0.975638747224338,0.2045102016465815
353096,72,clip_baseline,1.0,0.6303951730296719,0.5183553890306123,0.6221635321909824,0.2975321919600034
353096,72,CS_MAP,1.0,0.5378985432536966,0.5188337053571429,0.6036711861042386,0.3600773960983884
393115,1,clip_baseline,1.0,0.4641825342374158,0.7558394451530612,0.5039828054446855,0.4500112233445567
393115,1,CS_MAP,0.0,0.4305556168959999,0.8594547193877551,0.8712959708282397,0.6198177799342283
393115,41,clip_baseline,1.0,0.4749009904881565,0.7787986288265306,0.5028150308544814,0.4201452379708479
393115,41,CS_MAP,1.0,0.3708545904066935,0.7527503188775511,0.5715555836586933,0.4112566438876234
409424,55,clip_baseline,1.0,0.3588396450664353,0.7593670280612245,0.7165201972164743,0.2525690231521604
409424,55,CS_MAP,1.0,0.2167433911055881,0.7756497130102041,0.8860352313840767,0.2810703793587942
409424,67,clip_baseline,0.0,0.8469307309534988,0.3580994897959184,0.8420602558354315,0.3424925997754414
409424,67,CS_MAP,1.0,0.8481267369623942,0.2653858418367347,0.8138066920655695,0.2536195200971955
156278,51,clip_baseline,0.0,0.1375276356335979,0.6970463966836735,0.2934074418016734,0.1038203042094092
156278,51,CS_MAP,0.0,0.0620126044917826,0.6065848214285714,0.3144566589888852,0.0538273498538081
156278,49,clip_baseline,0.0,0.0395277207433117,0.6381736288265306,0.1086048673736538,0.0374827695896511
156278,49,CS_MAP,0.0,0.0295552619431181,0.5911391900510204,0.3141674722076767,0.032356964294137
456143,57,clip_baseline,1.0,0.1675788678790136,0.6642020089285714,0.7046486037242127,0.0723959480290684
456143,57,CS_MAP,1.0,0.0608143455254331,0.5746771364795918,0.6999088211902812,0.0543271148136659
456143,54,clip_baseline,1.0,0.5379270579040779,0.8416772959183674,0.8003865054228682,0.5662334825816315
456143,54,CS_MAP,1.0,0.3640867335702953,0.7903579400510204,0.8889380908322364,0.5062661347101619
31620,62,clip_baseline,1.0,0.1127352550970358,0.7249282525510204,0.620153857241239,0.0504953219592735
31620,62,CS_MAP,1.0,0.054255663604936,0.6730110012755102,0.9136634320361844,0.0428771438571928
31620,1,clip_baseline,0.0,0.0718710825857852,0.7301698022959183,0.0795168595947583,0.0548691099476439
31620,1,CS_MAP,1.0,0.165788630011277,0.579460299744898,0.5823564294578243,0.1653085443037974
7574,44,clip_baseline,0.0,0.1165439190382026,0.7095822704081632,0.467243625708134,0.0484523964999347
7574,44,CS_MAP,1.0,0.0405191109303719,0.6964684311224489,0.636991439164157,0.0464562985224142
7574,79,clip_baseline,0.0,0.0448014744206646,0.6140385841836735,0.0509448193048162,0.0481199311870238
7574,79,CS_MAP,0.0,0.0326578784253229,0.5004783163265306,0.0336165618407634,0.0338074862187271
49060,1,clip_baseline,0.0,0.0207047878721573,0.8243183992346939,0.0348308458958032,0.0415352832445362
49060,1,CS_MAP,1.0,0.0587702971791419,0.6169882015306123,0.5717267237890548,0.0649540213107575
49060,7,clip_baseline,1.0,0.8730163842799259,0.8190369897959183,0.9205523011876396,0.656060606060606
49060,7,CS_MAP,1.0,0.691033957120693,0.8393056441326531,0.8803052994766274,0.7305147058823529
127394,62,clip_baseline,1.0,0.1383659170906696,0.6651985012755102,0.7584719292464349,0.047405727246952
127394,62,CS_MAP,0.0,0.0456392839118525,0.5473134566326531,0.5874202478744955,0.0367260390161153
127394,50,clip_baseline,0.0,0.0614719606622241,0.6230269451530612,0.1299934480159097,0.0432957361792524
127394,50,CS_MAP,0.0,0.0466092239252904,0.5920958227040817,0.2473225854827087,0.0555145362251961
287874,1,clip_baseline,0.0,0.0006427614669916,0.8204719387755102,0.0101019795595151,0.0005547542438699
287874,1,CS_MAP,1.0,0.024700924476186,0.5392020089285714,0.5156913589743726,0.0233589591957421
287874,7,clip_baseline,1.0,0.464529197764373,0.7683952487244898,0.8643066155813824,0.2733241620810405
287874,7,CS_MAP,1.0,0.1742171915088666,0.6460658482142857,0.6461581427204707,0.2020578720345075
331799,52,clip_baseline,1.0,0.0978504713181385,0.7126315369897959,0.3597670207083778,0.0384769271805814
331799,52,CS_MAP,1.0,0.0356045832882374,0.6293646364795918,0.6529921188271847,0.0300928340461041
331799,53,clip_baseline,0.0,0.1435472036261317,0.7367067920918368,0.3381297418543033,0.0771219001047851
331799,53,CS_MAP,0.0,0.0413708902025337,0.6173070790816326,0.0939192804129712,0.0536224741251848
174482,2,clip_baseline,1.0,0.775614449070788,0.7868702168367347,0.8684475136678008,0.6043362438952198
174482,2,CS_MAP,1.0,0.7481256993822522,0.9260801977040816,0.9603452300562036,0.8562068698146856
174482,3,clip_baseline,1.0,0.1549289140466118,0.6384925063775511,0.7273148175965772,0.092777833350005
174482,3,CS_MAP,1.0,0.096819613167203,0.4930644132653061,0.6654579619853583,0.066842761758016
303713,62,clip_baseline,0.0,0.0321181293426724,0.5928332270408163,0.0925125715891651,0.0235625866271567
303713,62,CS_MAP,0.0,0.0110275533563164,0.481624681122449,0.0164795907396738,0.0104998858708057
303713,1,clip_baseline,1.0,0.92614364902451,0.3533960459183674,0.8819377639640654,0.2482854494902687
303713,1,CS_MAP,1.0,0.8610852880622906,0.6042330994897959,0.9252467212438976,0.5425794116969571
243344,17,clip_baseline,1.0,0.4963687123487166,0.9063895089285714,0.9677901554393484,0.3791964049696008
243344,17,CS_MAP,0.0,0.2852497936534813,0.8784080038265306,0.9486388170432464,0.3198439241917503
243344,82,clip_baseline,1.0,0.597908406488335,0.8399234693877551,0.8431675080301323,0.6230700642920831
243344,82,CS_MAP,0.0,0.4913313821687228,0.7808314732142857,0.7646263539049203,0.5501881544502618
113403,65,clip_baseline,1.0,0.965002348317893,0.4171117665816326,0.9624457530791126,0.4122977996583944
113403,65,CS_MAP,1.0,0.9579231567818915,0.4106943558673469,0.944645651149767,0.409588275228625
113403,88,clip_baseline,1.0,0.7947662290657777,0.8895089285714286,0.921265597847018,0.7211828605914303
113403,88,CS_MAP,1.0,0.6728224574715927,0.9262994260204082,0.9555337049621896,0.8149519615692554
476258,41,clip_baseline,1.0,0.3117136835726855,0.8122010522959183,0.6899243801375514,0.2085503107676801
476258,41,CS_MAP,1.0,0.1632608740862858,0.7518534757653061,0.7072836023465019,0.1662648988884424
476258,1,clip_baseline,1.0,0.4634504821642111,0.785514987244898,0.5569551541337776,0.4125225176046727
476258,1,CS_MAP,0.0,0.2678918815547148,0.7122528698979592,0.3265987169853143,0.3857999744756881
492992,21,clip_baseline,1.0,0.847892040358592,0.8787866709183674,0.9352574734307983,0.7333508702705073
492992,21,CS_MAP,1.0,0.7191181367033125,0.9343510841836736,0.9564843621246628,0.8523465865794074
492992,16,clip_baseline,1.0,0.3875688890220502,0.9038584183673468,0.7241099700293667,0.2676483983604069
492992,16,CS_MAP,1.0,0.1364718855031938,0.6937779017857143,0.8321648523798073,0.1029308734236338
214720,63,clip_baseline,1.0,0.5560296747765003,0.8841677295918368,0.8478902358973838,0.5503636082314715
214720,63,CS_MAP,1.0,0.3216768496130193,0.7917131696428571,0.7632459248266439,0.412369974697779
214720,64,clip_baseline,0.0,0.2654899620034175,0.8055444834183674,0.4094463103146103,0.1708166907453046
214720,64,CS_MAP,1.0,0.1461317898366563,0.7444395727040817,0.5292423629982617,0.137253582722196
465129,1,clip_baseline,1.0,0.436007246857047,0.7348931760204082,0.4708942466432161,0.3088433960303439
465129,1,CS_MAP,1.0,0.4017398581862753,0.9015664859693876,0.8796600672367554,0.657275692179585
465129,79,clip_baseline,0.0,0.0308464958712545,0.568718112244898,0.0359222146172515,0.034445832589684
465129,79,CS_MAP,0.0,0.0296196080589492,0.5619021045918368,0.1228287237438496,0.0401711640904724
528705,88,clip_baseline,1.0,0.6332216323055708,0.8141741071428571,0.7745960084464788,0.5144761508019162
528705,88,CS_MAP,1.0,0.4412598062175129,0.7863719706632653,0.8348941569249432,0.489060489060489
528705,1,clip_baseline,0.0,0.0444269113475538,0.6273915816326531,0.0782919216988629,0.0464143629501173
528705,1,CS_MAP,0.0,0.023303713440929,0.5752949617346939,0.0259230672587913,0.0364442032917344
132544,1,clip_baseline,1.0,0.4222471188499623,0.6620894451530612,0.4317527334592196,0.2429113641437821
132544,1,CS_MAP,1.0,0.3174003613771105,0.6531409438775511,0.5939203170790738,0.3389798321242736
132544,28,clip_baseline,1.0,0.2820435458461741,0.7571548150510204,0.5128409010669424,0.1787423333557997
132544,28,CS_MAP,1.0,0.1672855798152159,0.7288345025510204,0.7778702417374154,0.1785800531272639
356094,1,clip_baseline,1.0,0.4535688644143592,0.6430365114795918,0.5309561923321846,0.3004881859011912
356094,1,CS_MAP,0.0,0.3880793965376363,0.7996053890306123,0.6604902557352931,0.5626359286646369
356094,39,clip_baseline,1.0,0.0761634020469188,0.6360212053571429,0.4153111900445766,0.0320135686648645
356094,39,CS_MAP,1.0,0.0395658441594621,0.6498126594387755,0.7464153215007739,0.0334983498349834
7816,1,clip_baseline,1.0,0.3827217914862884,0.7403340242346939,0.4472106374867375,0.1819551704652477
7816,1,CS_MAP,0.0,0.1520274795562504,0.5993901466836735,0.4112853310187287,0.185006487187804
7816,4,clip_baseline,0.0,0.5046431012044174,0.8551299426020408,0.6621063704118506,0.4912513997760358
7816,4,CS_MAP,1.0,0.3194758856450277,0.7251873405612245,0.7874995518813119,0.3507698102547201
197388,35,clip_baseline,0.0,0.033453450663683,0.6244220344387755,0.121663076681965,0.0244344359890252
197388,35,CS_MAP,0.0,0.0187411458989749,0.5402383609693877,0.1876407567834303,0.0204246284501061
197388,1,clip_baseline,1.0,0.1654282705237925,0.6445910395408163,0.1622663113053684,0.1057566944138
197388,1,CS_MAP,1.0,0.1695974643161047,0.5856784119897959,0.5260869577550731,0.2222305361218152
457848,4,clip_baseline,1.0,0.8553066485567268,0.6562101403061225,0.8780926469883104,0.5073399211743874
457848,4,CS_MAP,0.0,0.7843793684544647,0.6642020089285714,0.8570235618005544,0.5211583823571205
457848,1,clip_baseline,0.0,0.1540671991862694,0.742805325255102,0.1512137468383223,0.0986869674535549
457848,1,CS_MAP,0.0,0.0551631496138944,0.4928850446428571,0.0517311374771067,0.0432412107539011
212226,8,clip_baseline,1.0,0.7440045798581769,0.5583545918367347,0.746250774240632,0.3597596209407142
212226,8,CS_MAP,1.0,0.70708078222692,0.7127710459183674,0.7979670065855062,0.5716069199215267
212226,1,clip_baseline,0.0,0.3564334567277009,0.7576929209183674,0.5210748822215302,0.2933449578610869
212226,1,CS_MAP,1.0,0.2090177097706164,0.7475486288265306,0.6282040188111673,0.3107144800565924
111086,9,clip_baseline,1.0,0.8026871525534074,0.8361567283163265,0.8821502168700803,0.6452795995857784
111086,9,CS_MAP,1.0,0.615565373583945,0.8352399553571429,0.8712719363659706,0.6481379016812088
111086,3,clip_baseline,1.0,0.6015751855387057,0.8408402423469388,0.7923315255081607,0.5797726794359083
111086,3,CS_MAP,1.0,0.5268403092851877,0.8836694834183674,0.9033642542989232,0.6817339149400218
384527,84,clip_baseline,0.0,0.0382135460955063,0.6803651147959183,0.0487255012010157,0.0484158063367746
384527,84,CS_MAP,0.0,0.0441013245353926,0.5109016262755102,0.0382352932508266,0.0316840277777777
384527,62,clip_baseline,0.0,0.5094128244716064,0.8009606186224489,0.6697074641923229,0.4902511229073091
384527,62,CS_MAP,1.0,0.4612771267645222,0.8560467155612245,0.904689295914578,0.615122289124527
61108,18,clip_baseline,1.0,0.4398050581692707,0.8521205357142857,0.7287878436867656,0.1980979141899924
61108,18,CS_MAP,1.0,0.085993976644454,0.5362922512755102,0.4763390281094651,0.0667067789811472
61108,2,clip_baseline,1.0,0.5971656477440106,0.8230030293367347,0.7001204312021415,0.5540323390579491
61108,2,CS_MAP,1.0,0.5489563752857481,0.8486128826530612,0.8124115646721328,0.600483879450902
245026,61,clip_baseline,1.0,0.5588104534112139,0.8188775510204082,0.8531386852948629,0.4526290429440462
245026,61,CS_MAP,0.0,0.4002688165231283,0.8330676020408163,0.692921446041882,0.4811373350678312
245026,1,clip_baseline,1.0,0.5880648218075699,0.8143734056122449,0.7296497620709622,0.4550029256875366
245026,1,CS_MAP,0.0,0.393559500078954,0.8831513073979592,0.6903133080636368,0.6304676667086853
310980,76,clip_baseline,1.0,0.2089143221167655,0.6535794005102041,0.6554699833026248,0.1718519224355615
310980,76,CS_MAP,1.0,0.1559867659702566,0.5809351084183674,0.7707497781647593,0.1460076354479733
310980,73,clip_baseline,1.0,0.9342843747053392,0.5935706313775511,0.9410629826465324,0.4569397102684278
310980,73,CS_MAP,1.0,0.9233014354094048,0.7476084183673469,0.9684932434220874,0.6622663146385044
135561,80,clip_baseline,1.0,0.0927765339368928,0.5981345663265306,0.8354166770448297,0.0336895576747975
135561,80,CS_MAP,1.0,0.0261571740294805,0.5433673469387755,0.2119848192576595,0.0297692144823205
135561,82,clip_baseline,1.0,0.2037410900497867,0.6049505739795918,0.3495641402430144,0.2007258064516129
135561,82,CS_MAP,1.0,0.1277853428005014,0.5177574936224489,0.1770462621057006,0.11340319507548
547144,73,clip_baseline,1.0,0.1670862452810608,0.6870416135204082,0.7928862003956118,0.0975805988161599
547144,73,CS_MAP,0.0,0.0607858707252642,0.5326849489795918,0.4194021223599585,0.0661887694145758
547144,76,clip_baseline,0.0,0.1616957841923135,0.7034438775510204,0.3901824995577505,0.1333216844312423
547144,76,CS_MAP,1.0,0.1058115718495141,0.5423708545918368,0.7481852338804447,0.0914055080721747
579321,18,clip_baseline,1.0,0.7034802600474656,0.8266900510204082,0.7662940028760391,0.5431333403383419
579321,18,CS_MAP,1.0,0.5573319992600085,0.8370336415816326,0.8060672280144436,0.5588346371729161
579321,1,clip_baseline,0.0,0.0221039324562462,0.5338010204081632,0.0857215360313828,0.0126208264741885
579321,1,CS_MAP,0.0,0.1157667568521285,0.3168048469387755,0.0826175156671654,0.056505105551427
395388,1,clip_baseline,1.0,0.4716811515126504,0.7228754783163265,0.4637986452058413,0.3470604808414725
395388,1,CS_MAP,0.0,0.4290165546786674,0.8962452168367347,0.908464372013878,0.7237316917851836
395388,20,clip_baseline,1.0,0.1772172877808306,0.7488440688775511,0.6131027928845795,0.0927938953279101
395388,20,CS_MAP,1.0,0.0963983067697329,0.7251474808673469,0.7551835240398986,0.0874139756484912
243204,54,clip_baseline,1.0,0.2301338050443557,0.8430524553571429,0.7400405777765063,0.0820608462524769
243204,54,CS_MAP,1.0,0.071387835341546,0.7849569515306123,0.9470690460376964,0.0612493474856446
243204,50,clip_baseline,1.0,0.1329152265189823,0.7237324617346939,0.3227983950570872,0.1127184279587787
243204,50,CS_MAP,1.0,0.0991220942128452,0.7626953125,0.7158514574996976,0.1290322580645161
580410,84,clip_baseline,0.0,0.0967174396365027,0.7718032525510204,0.1553989117213848,0.0646189036843395
580410,84,CS_MAP,1.0,0.0563080598195113,0.8017976721938775,0.3736906823999963,0.0799333888426311
580410,31,clip_baseline,1.0,0.2269939481105991,0.7591677295918368,0.6619498681492749,0.121035787023567
580410,31,CS_MAP,1.0,0.0902342397725857,0.6257971938775511,0.8006245909108588,0.080419237927319
89648,62,clip_baseline,0.0,0.3653451412187322,0.6464046556122449,0.4496148015474593,0.3235473539728534
89648,62,CS_MAP,0.0,0.3560254162824902,0.6752431441326531,0.5424761930414013,0.3698031480836911
89648,1,clip_baseline,0.0,0.4961414726786632,0.6311184630102041,0.4668850817397633,0.2815108109157253
89648,1,CS_MAP,1.0,0.4244877505165574,0.7929288903061225,0.7516633760676562,0.5794543835505546
375493,17,clip_baseline,1.0,0.0874706940388305,0.694953762755102,0.4531472879976105,0.0407370268237653
375493,17,CS_MAP,1.0,0.0603722248441621,0.6986407844387755,0.7164338993627039,0.0413972359579054
375493,11,clip_baseline,1.0,0.1639358355774355,0.6956911670918368,0.7049029000309867,0.0853052177559456
375493,11,CS_MAP,1.0,0.0590446206610435,0.6192602040816326,0.6095093120921451,0.0643549808992065
3553,41,clip_baseline,1.0,0.2732816784687703,0.8109454719387755,0.6058976130136814,0.253012048192771
3553,41,CS_MAP,0.0,0.1434083720071406,0.7199457908163265,0.5079094197276784,0.1806413994169096
3553,1,clip_baseline,1.0,0.667419236831795,0.8535953443877551,0.8170442829681196,0.6420426858980606
3553,1,CS_MAP,1.0,0.5298057006260988,0.8905652104591837,0.84659808824343,0.7222137906612031
356612,6,clip_baseline,0.0,0.1303463402555738,0.7290935905612245,0.1829314484025113,0.1122648902821316
356612,6,CS_MAP,1.0,0.0578287823619742,0.6976442920918368,0.1505481872912888,0.0824361920890286
356612,8,clip_baseline,1.0,0.4384955601220495,0.7709064094387755,0.6009072568920112,0.3598596647546918
356612,8,CS_MAP,1.0,0.2807138848918517,0.6730508609693877,0.7516735871237291,0.291268846934808
307172,59,clip_baseline,1.0,0.7533506130999761,0.6115274234693877,0.7526945063189783,0.3737107605307971
307172,59,CS_MAP,1.0,0.7046382098177159,0.6616509885204082,0.8078855354941578,0.470989654742615
307172,1,clip_baseline,1.0,0.3095575528331786,0.6859255420918368,0.3629281596936123,0.2752483443708609
307172,1,CS_MAP,1.0,0.2859276112269731,0.8515027104591837,0.8136316011385775,0.5312067446835284
465806,47,clip_baseline,1.0,0.3919476249462243,0.8366948341836735,0.6869394582901197,0.2581930110447221
465806,47,CS_MAP,1.0,0.2143857015545309,0.758171237244898,0.8771134197573763,0.1967961871979877
465806,51,clip_baseline,0.0,0.1954112232598297,0.7191685267857143,0.3022297135068199,0.1587964897618052
465806,51,CS_MAP,0.0,0.114137416049892,0.5706513073979592,0.6174327757770935,0.121697651663405
184324,1,clip_baseline,1.0,0.4323680221574383,0.7536670918367347,0.5092933429159897,0.3113438823267216
184324,1,CS_MAP,0.0,0.2252093595936878,0.6906090561224489,0.5644606236167407,0.3087541187995369
184324,3,clip_baseline,1.0,0.2442864228665061,0.8668686224489796,0.3952503592231463,0.0686001115448968
184324,3,CS_MAP,1.0,0.0560332909032019,0.7065330038265306,0.4123510542906551,0.0415907315803176
513524,42,clip_baseline,0.0,0.1560316492749852,0.7244897959183674,0.4961470502283513,0.1028619637873969
513524,42,CS_MAP,1.0,0.0581955550329042,0.5039859693877551,0.7538973658569048,0.0598723227439277
513524,1,clip_baseline,1.0,0.2524288178222556,0.6830357142857143,0.3387249513049138,0.2010449110820858
513524,1,CS_MAP,1.0,0.2785801332627347,0.8153300382653061,0.5536967588734432,0.3969410999023755
579158,33,clip_baseline,0.0,0.0475077858856425,0.6220105229591837,0.159082691691216,0.036280487804878
579158,33,CS_MAP,0.0,0.0164640389814105,0.4840361926020408,0.0153888208708622,0.025153443536544
579158,5,clip_baseline,1.0,0.7396433310845268,0.8453045280612245,0.8438564955546473,0.6613438045375218
579158,5,CS_MAP,0.0,0.6220888060162734,0.8718909438775511,0.8674779477110659,0.7263050327854892
2149,53,clip_baseline,0.0,0.2148874024097869,0.5570990114795918,0.2097944234000008,0.1817144119596435
2149,53,CS_MAP,0.0,0.2546101332027653,0.5895049426020408,0.2355567473946451,0.2779569515529692
2149,51,clip_baseline,1.0,0.6848946942844278,0.328125,0.702437316552086,0.1926236378876781
2149,51,CS_MAP,1.0,0.7516553632489866,0.3045679209183674,0.7110190767506046,0.1861647541748297
196843,6,clip_baseline,1.0,0.8593973125813873,0.6867227359693877,0.8729742490512566,0.4807412790697674
196843,6,CS_MAP,1.0,0.7180861310346136,0.6860451211734694,0.8308504992733152,0.5098173444938856
196843,2,clip_baseline,1.0,0.2595434737590437,0.7344746492346939,0.7763071276539234,0.1534502478078536
196843,2,CS_MAP,1.0,0.1893317580362994,0.7676179846938775,0.9163341057581252,0.1728736610626374
300233,50,clip_baseline,0.0,0.0548874784849729,0.5732621173469388,0.0540759350652963,0.0550750220653133
300233,50,CS_MAP,0.0,0.0705014179696502,0.6633450255102041,0.1125818768540579,0.0971190336201828
300233,51,clip_baseline,1.0,0.3321361948269304,0.7400151466836735,0.4986037857258604,0.3265011100211678
300233,51,CS_MAP,1.0,0.2475685247088618,0.727180325255102,0.5229707120238998,0.2329803328290469
378515,1,clip_baseline,1.0,0.6183655244838632,0.8605508609693877,0.7531356059214377,0.5123702000139383
378515,1,CS_MAP,1.0,0.2513951104064484,0.6896922831632653,0.543717945110897,0.3083995913472216
378515,2,clip_baseline,0.0,0.0744166219277097,0.7069913903061225,0.2230631067382155,0.048106183230819
378515,2,CS_MAP,0.0,0.0543887482078043,0.5704918686224489,0.6319071217236989,0.0333273526509374
493286,5,clip_baseline,1.0,0.6734111385152902,0.8762755102040817,0.863856803106206,0.6559902471461819
493286,5,CS_MAP,1.0,0.4991729785703983,0.8604113520408163,0.8483359961557936,0.6287304532202491
493286,3,clip_baseline,1.0,0.8037497341052596,0.8790258290816326,0.9104739931565876,0.7203409352683714
493286,3,CS_MAP,1.0,0.6063866067207248,0.8645169005102041,0.8061705131073796,0.7122783256443899
472298,1,clip_baseline,1.0,0.241631046532971,0.8028539540816326,0.502590438678956,0.1399008781845057
472298,1,CS_MAP,1.0,0.0555364675133377,0.3906050701530612,0.5529989710183346,0.0501382373955453
472298,9,clip_baseline,1.0,0.3768703977385581,0.8023158482142857,0.5448859420982058,0.2757739485981308
472298,9,CS_MAP,1.0,0.1655912485971377,0.4978276466836734,0.6919095344057391,0.1432797252728571
10363,3,clip_baseline,1.0,0.8645442780928779,0.8102080676020408,0.9312432012806512,0.6561845620622427
10363,3,CS_MAP,1.0,0.832804170583634,0.8984375,0.9666555338415432,0.8158161052479399
10363,17,clip_baseline,1.0,0.6968430290570037,0.9148397640306124,0.9099782407660038,0.6006542056074766
10363,17,CS_MAP,1.0,0.3813716772018659,0.8748804209183674,0.921753524384058,0.5082634918148351
211120,8,clip_baseline,0.0,0.7262721937748954,0.9145806760204082,0.8764730078291266,0.6862831210657298
211120,8,CS_MAP,1.0,0.5783167150207502,0.9658801020408164,0.9289670004617632,0.8561827956989247
211120,88,clip_baseline,1.0,0.6537451536663281,0.7957389987244898,0.7394789071426371,0.5299917453911768
211120,88,CS_MAP,1.0,0.546508468414933,0.8115433673469388,0.7589670805510785,0.5284731225690635
296634,56,clip_baseline,1.0,0.2778263465848092,0.7106784119897959,0.54221962412821,0.2039372669445053
296634,56,CS_MAP,1.0,0.1352990676501285,0.5897042410714286,0.4056495111410562,0.1569615069615069
296634,51,clip_baseline,1.0,0.8516575807936417,0.5211854272959183,0.8583983338509229,0.4181399854686364
296634,51,CS_MAP,1.0,0.8852944251062026,0.6015027104591837,0.9418379472987388,0.5048291233283804
283268,58,clip_baseline,1.0,0.6705875856101998,0.928810586734694,0.8690163734982925,0.7043780518083258
283268,58,CS_MAP,1.0,0.2571880154536687,0.7458745216836735,0.8002424384115046,0.414016544117647
283268,1,clip_baseline,0.0,0.2557595825526051,0.5869140625,0.2557678659509031,0.2090138910090062
283268,1,CS_MAP,1.0,0.3437133202597247,0.7788584183673469,0.8125820082076869,0.4855341246290801
9772,72,clip_baseline,1.0,0.2739789194713434,0.8278260522959183,0.7772973286973764,0.1090140264026402
9772,72,CS_MAP,1.0,0.0317797968373832,0.4829201211734694,0.4726375992154786,0.0379338475229902
9772,1,clip_baseline,0.0,0.1634987220368246,0.7651666135204082,0.3992686097063794,0.0591664005110188
9772,1,CS_MAP,1.0,0.0318742167482979,0.5511599170918368,0.7148796653350876,0.0316880213259953
189806,17,clip_baseline,1.0,0.3336720165497534,0.8631417410714286,0.7879806355048551,0.1928772919605077
189806,17,CS_MAP,1.0,0.115731287987281,0.764030612244898,0.9389688769292504,0.1221826809015421
189806,18,clip_baseline,1.0,0.3808332213394251,0.8363360969387755,0.6950843962867548,0.2800280554094336
189806,18,CS_MAP,1.0,0.2032974178610971,0.7693917410714286,0.8305745527407089,0.2253464551114681
180383,72,clip_baseline,1.0,0.4476470552760862,0.8761559311224489,0.5019371246669231,0.421953488372093
180383,72,CS_MAP,1.0,0.2560341169881877,0.8315529336734694,0.6162603750756026,0.3799427774924804
180383,21,clip_baseline,1.0,0.6215860718943167,0.7649872448979592,0.6991293741196105,0.4460468830741767
180383,21,CS_MAP,1.0,0.5248887449134197,0.8602519132653061,0.8516834316348093,0.6349817803227485
505789,1,clip_baseline,1.0,0.452693300952447,0.8034319196428571,0.4270618719244998,0.2783874743927422
505789,1,CS_MAP,1.0,0.1930370174944085,0.6858458227040817,0.7174909088505825,0.2771587105058009
505789,64,clip_baseline,0.0,0.179045690790072,0.7593670280612245,0.5484382357196673,0.0644661397799473
505789,64,CS_MAP,0.0,0.0725418219754907,0.6804249043367347,0.6138945416113071,0.0493270883974625
127530,1,clip_baseline,1.0,0.5608449811999545,0.7026068239795918,0.5749579461228335,0.3699810006333122
127530,1,CS_MAP,0.0,0.4354475530028808,0.7655652104591837,0.4998493543319791,0.554785965709095
127530,43,clip_baseline,1.0,0.1519049470117351,0.8013193558673469,0.4489694991939958,0.0696220251983201
127530,43,CS_MAP,1.0,0.0422815815121489,0.5330835459183674,0.6781908226308726,0.0331792670848464
476415,1,clip_baseline,1.0,0.7506584761263191,0.3477758290816326,0.7640284842333247,0.2862065957075554
476415,1,CS_MAP,1.0,0.7802710623728667,0.3601323341836734,0.7608050589301156,0.3211113930474499
476415,32,clip_baseline,0.0,0.3705313678129933,0.7563376913265306,0.5300447103262627,0.2546030971832703
476415,32,CS_MAP,1.0,0.2016330721384333,0.5841836734693877,0.7023681753015036,0.1896531634753563
513283,49,clip_baseline,0.0,0.0216354501901098,0.6486766581632653,0.0276057646801661,0.0281713435139754
513283,49,CS_MAP,1.0,0.0237596149827788,0.4965122767857143,0.5576815667660966,0.0227835370570942
513283,44,clip_baseline,0.0,0.1512355269829071,0.7160993303571429,0.256323612746178,0.1207332880686377
513283,44,CS_MAP,1.0,0.1241803522003421,0.7584701849489796,0.7309067794588341,0.158870072182121
236784,18,clip_baseline,1.0,0.8412657850273285,0.9428013392857144,0.9212353079039808,0.757006180679028
236784,18,CS_MAP,1.0,0.5474974842996375,0.9611168686224488,0.974526054551608,0.845526524148852
236784,63,clip_baseline,1.0,0.7529895527078166,0.7893415178571429,0.8541654873358918,0.6325650919456322
236784,63,CS_MAP,1.0,0.7253362596144669,0.9164540816326532,0.9231345996769564,0.8499642090193271
306700,59,clip_baseline,1.0,0.8363198933478573,0.9511918048469388,0.9729500884931186,0.8486590038314177
306700,59,CS_MAP,1.0,0.6007196443549423,0.887336575255102,0.9766765900891228,0.7164141667502759
306700,1,clip_baseline,1.0,0.5025211116761358,0.6918646364795918,0.6536341633848125,0.3698390055023436
306700,1,CS_MAP,1.0,0.4576334050807233,0.8944714604591837,0.8373742290124382,0.7037927948086821
162415,40,clip_baseline,1.0,0.6414989190539645,0.9030213647959184,0.9332662600914254,0.5002567525932012
162415,40,CS_MAP,1.0,0.3435927621374373,0.8555285395408163,0.94035189528525,0.4011070720423
162415,1,clip_baseline,1.0,0.7901947091298853,0.6580237563775511,0.7607183058457689,0.4066530654586949
162415,1,CS_MAP,1.0,0.6166213287911543,0.7350924744897959,0.7803303092862873,0.5570366914386643
74209,67,clip_baseline,0.0,0.4213674992816255,0.694694674744898,0.4461016332822626,0.3795212442788286
74209,67,CS_MAP,1.0,0.3280614176250684,0.6189612563775511,0.4313489415849472,0.3406104500775996
74209,82,clip_baseline,0.0,0.023087353133585,0.5225207270408163,0.0257333102270332,0.0219627694317439
74209,82,CS_MAP,0.0,0.0190081191639302,0.4813855229591837,0.0177214575980737,0.0187782805429864
347335,67,clip_baseline,1.0,0.9959985520317978,0.3680444834183674,0.996063460922345,0.366238282733396
347335,67,CS_MAP,1.0,0.994500329630076,0.3933354591836734,0.9939673174087896,0.3923302657057872
347335,47,clip_baseline,1.0,0.2428952820138819,0.7018893494897959,0.8520032405267056,0.140641158221303
347335,47,CS_MAP,1.0,0.1291250892709914,0.6572265625,0.865844788076855,0.1247773650195918
172330,3,clip_baseline,1.0,0.8332566841013673,0.7953603316326531,0.925447417093429,0.6596844756728092
172330,3,CS_MAP,1.0,0.8220799100467957,0.9444555165816326,0.9757340389333756,0.9048350747797582
172330,17,clip_baseline,0.0,0.3809501924322598,0.8977000956632653,0.7317742441840115,0.2877757735534896
172330,17,CS_MAP,1.0,0.1778892621669928,0.7886838329081632,0.9293417496801116,0.1645918688937913
466125,1,clip_baseline,0.0,0.481386992012527,0.5890066964285714,0.4820404801337036,0.3081490924950515
466125,1,CS_MAP,1.0,0.5403416265323625,0.8049665178571429,0.8507760091853109,0.6221475732653771
466125,84,clip_baseline,0.0,0.0637919616036311,0.7671595982142857,0.1047801488284735,0.0390689258101661
466125,84,CS_MAP,0.0,0.0199132145262281,0.5939293686224489,0.0824355165463407,0.0247463143787095
294162,73,clip_baseline,1.0,0.7220985986787877,0.6798270089285714,0.7805151978622641,0.4683104418335264
294162,73,CS_MAP,1.0,0.7453510865244478,0.8708545918367347,0.9088261832013838,0.7624372181691536
294162,74,clip_baseline,0.0,0.5224021651333298,0.8950693558673469,0.8937579513449807,0.289377783776488
294162,74,CS_MAP,1.0,0.2179684006264038,0.7275988520408163,0.970184849517338,0.135593220338983
79229,18,clip_baseline,1.0,0.2655582618586391,0.8676658163265306,0.8471670941647323,0.0924002186987424
79229,18,CS_MAP,1.0,0.0631688944547661,0.7548429528061225,0.914487311336058,0.0520921630577175
79229,19,clip_baseline,1.0,0.4454136251842472,0.8563456632653061,0.7394556544827288,0.3793697261925262
79229,19,CS_MAP,1.0,0.2515596528686265,0.8542729591836735,0.7352133608150293,0.3859590191467921
213224,86,clip_baseline,0.0,0.1555858361960395,0.5782844387755102,0.1719809286895545,0.1430075736098173
213224,86,CS_MAP,0.0,0.1832152009820473,0.5546875,0.5354899989254682,0.2068439175038159
213224,62,clip_baseline,0.0,0.1315788868140719,0.6986806441326531,0.2631627842209253,0.1074443591711435
213224,62,CS_MAP,1.0,0.0835478876176967,0.5295161033163265,0.5228011453314687,0.0717964848818464
563349,1,clip_baseline,0.0,0.266194852590577,0.7712850765306123,0.4877185660740331,0.2228617864156565
563349,1,CS_MAP,1.0,0.162983858202299,0.6685267857142857,0.6633655947773408,0.1668169522091974
563349,36,clip_baseline,0.0,0.0943808950636867,0.6906887755102041,0.3049844966190935,0.0571081409477521
563349,36,CS_MAP,1.0,0.0289108988213255,0.5075733418367347,0.1507263030474504,0.0361614979520187
363461,72,clip_baseline,1.0,0.2254488502862438,0.7340760522959183,0.4322610023639954,0.1569469893220446
363461,72,CS_MAP,0.0,0.0802719823167645,0.5717275191326531,0.2472246939091766,0.1180019701198489
363461,73,clip_baseline,1.0,0.3151350601001094,0.7541852678571429,0.6549578176193285,0.2201568032372281
363461,73,CS_MAP,0.0,0.1497231591782066,0.6363400829081632,0.5221582571610917,0.1575326654046816
64868,18,clip_baseline,1.0,0.4212926103262083,0.8740433673469388,0.885040095368822,0.2893286854829641
64868,18,CS_MAP,1.0,0.1625831140460577,0.7755301339285714,0.8393454693565991,0.1850806743361551
64868,79,clip_baseline,1.0,0.6661762936089066,0.8490513392857143,0.8343290652579888,0.5938002788801888
64868,79,CS_MAP,1.0,0.5064289438326038,0.8729272959183674,0.8767795862361095,0.6687448046550291
239773,39,clip_baseline,0.0,0.0737939699624395,0.6567283163265306,0.2313841527715487,0.0452328159645232
239773,39,CS_MAP,1.0,0.0428698293797657,0.562141262755102,0.6682720557970608,0.035811463179145
239773,40,clip_baseline,1.0,0.0863926444383155,0.6553132971938775,0.4881422554995832,0.0435239464660988
239773,40,CS_MAP,1.0,0.0344100249342804,0.5675023915816326,0.7366765931974295,0.0349964425471362
393226,8,clip_baseline,1.0,0.689365558418695,0.8866589604591837,0.7741071087833763,0.5965235899255055
393226,8,CS_MAP,0.0,0.3336580094661865,0.7830038265306123,0.5979608475662641,0.4324437030859049
393226,3,clip_baseline,0.0,0.0050105220552204,0.7355907206632653,0.0097833816283973,0.0062916635458018
393226,3,CS_MAP,1.0,0.0239657009461076,0.5851602359693877,0.2452412408467312,0.020931326434619
34139,33,clip_baseline,1.0,0.7334710923563823,0.7517737563775511,0.7013706149517283,0.4708106730115567
34139,33,CS_MAP,0.0,0.6489962380175744,0.8317123724489796,0.854072529572643,0.6160072760345612
34139,1,clip_baseline,1.0,0.3554668730526492,0.7226163903061225,0.6379086197552349,0.232576091751213
34139,1,CS_MAP,0.0,0.1586614457966669,0.6834941007653061,0.6352926363743755,0.2402525953212457
116439,9,clip_baseline,1.0,0.4664886113547034,0.8099091198979592,0.8157579297546023,0.401668653158522
116439,9,CS_MAP,1.0,0.3086588216620731,0.7797154017857143,0.8058166372433139,0.3747949544657503
116439,62,clip_baseline,1.0,0.1188333984210573,0.7073700573979592,0.5867312918597309,0.0353459036856973
116439,62,CS_MAP,0.0,0.0168391527209824,0.4262794961734694,0.1313189877029541,0.0183461210571185
121591,41,clip_baseline,0.0,0.008587352652556,0.6410435267857143,0.0099179881647081,0.0112538427755819
121591,41,CS_MAP,0.0,0.0121105792510908,0.4407684948979591,0.0244212024127545,0.0152658361115985
121591,1,clip_baseline,0.0,0.0245239119961108,0.6650390625,0.0467958760138802,0.0225078515761312
121591,1,CS_MAP,1.0,0.1346580512872146,0.7497010522959183,0.7343547640686356,0.2017922969365705
156372,9,clip_baseline,1.0,0.489945946771626,0.6709183673469388,0.5014472483371479,0.3468871133612847
156372,9,CS_MAP,0.0,0.3423859578155494,0.4648238201530612,0.3856742262489726,0.2078293704643341
156372,62,clip_baseline,1.0,0.5462501331413657,0.8251155931122449,0.8126082315830512,0.334167994536763
156372,62,CS_MAP,0.0,0.3110656208871312,0.7710857780612245,0.8227567247361447,0.3152906110283159
260105,47,clip_baseline,0.0,0.1929641251549863,0.7859933035714286,0.4882387557581547,0.086594079618918
260105,47,CS_MAP,0.0,0.0424402830757453,0.6090361926020408,0.409977260967687,0.0493336564090138
260105,48,clip_baseline,0.0,0.1488097649114602,0.7669204400510204,0.6138842576239932,0.0566266032104541
260105,48,CS_MAP,0.0,0.0313962759885599,0.6675900829081632,0.7496549994956674,0.0403889304412864
44195,1,clip_baseline,1.0,0.3170214462319052,0.6235650510204082,0.3055817251805369,0.1959131545338442
44195,1,CS_MAP,1.0,0.4097425521268725,0.8688416772959183,0.8399890425086528,0.6357648882001329
44195,36,clip_baseline,1.0,0.2060014493424635,0.7234733737244898,0.582994428164826,0.0881309148264984
44195,36,CS_MAP,0.0,0.0477782506488418,0.6352040816326531,0.1246355454850748,0.0537145220493201
280930,79,clip_baseline,1.0,0.3550820572491851,0.7684351084183674,0.5566182509320148,0.2863898783933177
280930,79,CS_MAP,1.0,0.2421070549448517,0.6887555803571429,0.7279447574548362,0.2612233312834098
280930,1,clip_baseline,1.0,0.4930822742970975,0.6533402423469388,0.5040251730151628,0.3059335222058178
280930,1,CS_MAP,0.0,0.4571954709527334,0.8586176658163265,0.7759703082167753,0.6593680975703448
224675,38,clip_baseline,0.0,0.1814173149853144,0.7622767857142857,0.2472022182642623,0.1864684217705633
224675,38,CS_MAP,0.0,0.1382648775860765,0.6787308673469388,0.6390773125777363,0.1450543622381331
224675,31,clip_baseline,1.0,0.1956397476584429,0.7250677614795918,0.353598207042364,0.1552874900495989
224675,31,CS_MAP,1.0,0.1322823118810387,0.6671914859693877,0.7965960165705442,0.1472270452456337
402346,51,clip_baseline,1.0,0.4361772837487153,0.6001474808673469,0.519976477298512,0.2653068697817489
402346,51,CS_MAP,0.0,0.4343235312042175,0.6407645089285714,0.5852256197770086,0.2899629717166942
402346,86,clip_baseline,0.0,0.0162112178179644,0.5951052295918368,0.0188609026424147,0.0176015473887814
402346,86,CS_MAP,0.0,0.0132492784483919,0.4643255739795918,0.0133511628133191,0.0172577696526508
66817,50,clip_baseline,1.0,0.0446018876009295,0.6212531887755102,0.2066424009737808,0.0359172077922077
66817,50,CS_MAP,1.0,0.0219060343802866,0.5096659757653061,0.1548980529942882,0.0224491417673235
66817,67,clip_baseline,0.0,0.1928502501240773,0.4996811224489796,0.1845642451760233,0.1293913646610022
66817,67,CS_MAP,1.0,0.2609834044334129,0.6764588647959183,0.3148771941839664,0.3606395967074948
536073,44,clip_baseline,1.0,0.3469835620134206,0.7691525829081632,0.5848889296297521,0.2415531691985332
536073,44,CS_MAP,1.0,0.1831114066843071,0.7838807397959183,0.7113533596298875,0.2580733442802408
536073,47,clip_baseline,1.0,0.4369914678593392,0.8049266581632653,0.8685065692038162,0.2662118599595172
536073,47,CS_MAP,1.0,0.1435461455364619,0.6307995854591837,0.9233230498513122,0.1605492115280043
483999,67,clip_baseline,1.0,0.6162784845735056,0.8387077487244898,0.7906789009352375,0.5714815207031664
483999,67,CS_MAP,1.0,0.5180577254296758,0.8739835778061225,0.8180240064908614,0.6775295797633619
483999,1,clip_baseline,1.0,0.6814737895468226,0.7611806441326531,0.6496166799921637,0.4205512572533849
483999,1,CS_MAP,1.0,0.5377850266572878,0.8866589604591837,0.9354423879056464,0.7405802390292856
405432,75,clip_baseline,1.0,0.1933048690125935,0.7591677295918368,0.951266976377288,0.0409523809523809
405432,75,CS_MAP,1.0,0.0487818351435906,0.6005261479591837,0.9463313150129532,0.0250972762645914
405432,60,clip_baseline,0.0,0.1990493247238494,0.7481863839285714,0.2827008675654946,0.2217910815471791
405432,60,CS_MAP,1.0,0.1153558122684166,0.58203125,0.2888718353905193,0.1451514286878897
133645,9,clip_baseline,1.0,0.3007952093443218,0.7119140625,0.5142726143690866,0.1831487341772152
133645,9,CS_MAP,0.0,0.1589227718746679,0.6071428571428571,0.576252226784912,0.1444444444444444
133645,15,clip_baseline,1.0,0.2089516954340129,0.7667211415816326,0.5953782360823902,0.0847603409179763
133645,15,CS_MAP,1.0,0.0974402344844694,0.6683075573979592,0.803270996224554,0.0619434111148686
291634,4,clip_baseline,1.0,0.5142853554789243,0.7759486607142857,0.5710931814902485,0.4950819672131147
291634,4,CS_MAP,0.0,0.3964253002526904,0.7340361926020408,0.6102111597110036,0.4724462365591398
291634,2,clip_baseline,1.0,0.4348107534543027,0.7442203443877551,0.5562524988530012,0.387398568019093
291634,2,CS_MAP,0.0,0.3290739509341661,0.7307477678571429,0.676973190117094,0.4144671260780999
189775,62,clip_baseline,0.0,0.0487943415493261,0.6545161033163265,0.0692887714361053,0.0413648177846596
189775,62,CS_MAP,0.0,0.0346947187614785,0.5892458545918368,0.1697006442620478,0.0361051351604153
189775,1,clip_baseline,0.0,0.4454431004175387,0.6718550701530612,0.4380207917860997,0.351414165287954
189775,1,CS_MAP,0.0,0.397380573981428,0.8078364158163265,0.6258601014216717,0.5918730158730159
249129,62,clip_baseline,0.0,0.2902749925107705,0.7773636798469388,0.4693192178507014,0.2594630427577063
249129,62,CS_MAP,1.0,0.2009055921163218,0.7865314094387755,0.5449323574978084,0.2755985391586636
249129,67,clip_baseline,1.0,0.2141636867150132,0.7690330038265306,0.5525539197959386,0.1452909506600782
249129,67,CS_MAP,1.0,0.0896881594474337,0.7171157525510204,0.380418032359834,0.1063401120695082
481582,19,clip_baseline,1.0,0.6602532007757211,0.8845264668367347,0.8369852644329059,0.6357120402389186
481582,19,CS_MAP,1.0,0.4307195570815168,0.7975326849489796,0.9155371402826608,0.5180740037950664
481582,1,clip_baseline,1.0,0.3809565901751269,0.6680484693877551,0.4082821265542732,0.307960777796244
481582,1,CS_MAP,1.0,0.4054852383856832,0.8328683035714286,0.8929942182669889,0.5732315521628498
372260,3,clip_baseline,1.0,0.6461581531211835,0.9281329719387756,0.814338339552177,0.6078729882557634
372260,3,CS_MAP,1.0,0.4003260788256548,0.8824936224489796,0.954826446935762,0.4865900383141762
372260,85,clip_baseline,1.0,0.3823485103509157,0.8329081632653061,0.9847753583692662,0.1088435374149659
372260,85,CS_MAP,1.0,0.1030944050609928,0.6744060905612245,0.9871104927139918,0.0589827774897759
199551,1,clip_baseline,1.0,0.3381448827005825,0.7757095025510204,0.5088852683426908,0.2609666403992645
199551,1,CS_MAP,1.0,0.1623971340239674,0.6821388711734694,0.695788147256302,0.227838295812152
199551,65,clip_baseline,1.0,0.7010432327969726,0.6959502551020408,0.713203685203597,0.432651543324656
199551,65,CS_MAP,1.0,0.5954920453050274,0.7335379464285714,0.7719536991218952,0.4911706500228345
71877,1,clip_baseline,0.0,0.3858048316581866,0.7881656568877551,0.6225290923545916,0.3134607931791758
71877,1,CS_MAP,1.0,0.1868039652656339,0.6239636479591837,0.8421742350506658,0.215108781563293
71877,41,clip_baseline,1.0,0.1037479836129473,0.7741749043367347,0.3618806675047458,0.0456497936494567
71877,41,CS_MAP,0.0,0.0319288896281929,0.6869419642857143,0.316053754114953,0.0333538461538461
500478,62,clip_baseline,0.0,0.053625580118799,0.6352240114795918,0.0754289036345326,0.0514614427860696
500478,62,CS_MAP,1.0,0.0453907803026251,0.6205357142857143,0.3583137115455372,0.0557897346888172
500478,1,clip_baseline,1.0,0.6358149097235591,0.6724728954081632,0.6291093382612751,0.4017473607571896
500478,1,CS_MAP,1.0,0.5449934045599977,0.7360889668367347,0.7174101093268039,0.5371224832214765
350148,67,clip_baseline,0.0,0.5496395143793228,0.6862045599489796,0.5511574500373921,0.3879256725237132
350148,67,CS_MAP,1.0,0.6146805686822016,0.8970224808673469,0.858024517696619,0.7786393625224917
350148,3,clip_baseline,0.0,0.1549699737085788,0.7592673788265306,0.2358445036172346,0.1361035617222142
350148,3,CS_MAP,1.0,0.0907662743116083,0.5682397959183674,0.5635290915749283,0.0844391851914462
226130,67,clip_baseline,1.0,0.9825756879978096,0.2942841198979591,0.9841252440689412,0.2912613586325607
226130,67,CS_MAP,1.0,0.9854443732252732,0.3892498405612244,0.9832203230135104,0.3874185423579738
226130,58,clip_baseline,1.0,0.89654786618928,0.7026068239795918,0.9277873679926314,0.5602640419638121
226130,58,CS_MAP,1.0,0.8214223180512794,0.8302973533163265,0.918589525155838,0.7540581133383398
125778,62,clip_baseline,1.0,0.1766035985977481,0.6251195790816326,0.3037248681579133,0.1619887730553328
125778,62,CS_MAP,1.0,0.1760687270871234,0.6730707908163265,0.814331796784275,0.220527441197434
125778,63,clip_baseline,1.0,0.3579339883470016,0.7341757015306123,0.5885120042902069,0.3704630197762779
125778,63,CS_MAP,1.0,0.3294862589518497,0.7885642538265306,0.4884714355848667,0.462209154965276
403565,1,clip_baseline,0.0,0.2972090513346381,0.8096500318877551,0.4055068739601155,0.2081087803664704
403565,1,CS_MAP,0.0,0.1366917462291968,0.7282764668367347,0.447485268909857,0.176641101515792
403565,27,clip_baseline,0.0,0.0248196740329966,0.6943160076530612,0.0278644769726583,0.0296703991902321
403565,27,CS_MAP,0.0,0.0226076265042849,0.6890545280612245,0.0334514077428325,0.036318715256331
84241,1,clip_baseline,0.0,0.6641288317650913,0.7012715242346939,0.5849686434273431,0.3496897913141568
84241,1,CS_MAP,1.0,0.5125399192010165,0.7931680484693877,0.836377684141081,0.5812789993947952
84241,79,clip_baseline,0.0,0.0358376765889923,0.5736407844387755,0.0574078286667586,0.0168206259478836
84241,79,CS_MAP,0.0,0.1272299499021932,0.5661471619897959,0.2041231174255314,0.1581003209962486
112298,44,clip_baseline,1.0,0.156356526685843,0.7803332270408163,0.2720460407366428,0.1074580937727751
112298,44,CS_MAP,1.0,0.0938241903891682,0.7838608099489796,0.5661149137817428,0.1090207032533683
112298,1,clip_baseline,1.0,0.5059149314062564,0.8501275510204082,0.7792043694542001,0.4782850006937699
112298,1,CS_MAP,1.0,0.2618382035511755,0.9132055165816326,0.8571032449061645,0.615859574843433
231822,67,clip_baseline,1.0,0.9746644997864616,0.4293486926020408,0.9747397414355564,0.415295078619563
231822,67,CS_MAP,1.0,0.9644176250262873,0.4697664221938775,0.9581206411870418,0.4647096696310007
231822,56,clip_baseline,1.0,0.2104381888493585,0.7657645089285714,0.8869618670432267,0.1030982905982905
231822,56,CS_MAP,1.0,0.0531420941206291,0.5293765943877551,0.8912156472205705,0.0541157620668936
436617,46,clip_baseline,0.0,0.1046159052313869,0.7376235650510204,0.2305013272352576,0.0934444291419914
436617,46,CS_MAP,1.0,0.0517579009323944,0.5772480867346939,0.3627784934523501,0.0606677885041183
436617,31,clip_baseline,1.0,0.0693700558429656,0.6642817283163265,0.3373625460995078,0.0452304029926883
436617,31,CS_MAP,0.0,0.0191593032320023,0.5799186862244898,0.0216319782970498,0.0268248764947596
434479,62,clip_baseline,0.0,0.0428440522940953,0.6765186543367347,0.0451756360494812,0.0522597220600256
434479,62,CS_MAP,1.0,0.0688881503382461,0.6115274234693877,0.3410575069658962,0.0831177383696316
434479,59,clip_baseline,1.0,0.7495869539583025,0.7724011479591837,0.8205099970166221,0.5034782608695653
434479,59,CS_MAP,1.0,0.532430572537846,0.8160873724489796,0.6142993406268377,0.6529522376833397
16228,1,clip_baseline,0.0,0.1230953585185957,0.7559390943877551,0.0906831551830089,0.0561122244488977
16228,1,CS_MAP,1.0,0.093056439640596,0.498664700255102,0.5164192965362455,0.101189838139136
16228,28,clip_baseline,1.0,0.198061167159111,0.7882653061224489,0.6064214478972466,0.0814456164620439
16228,28,CS_MAP,0.0,0.0686333390439737,0.6101323341836735,0.8053242051350532,0.0460818257180474
210388,1,clip_baseline,1.0,0.431955466005681,0.8313934948979592,0.4596276127934086,0.3727758007117437
210388,1,CS_MAP,0.0,0.2336234535257452,0.8532963966836735,0.5785579902795518,0.4448299268421449
210388,33,clip_baseline,0.0,0.2778859032837483,0.8532366071428571,0.5914207962022824,0.1055508320174905
210388,33,CS_MAP,1.0,0.0882380480529529,0.7545440051020408,0.7733988655763772,0.0653411246869545
10707,27,clip_baseline,0.0,0.0825369467687582,0.706413424744898,0.2504444901383156,0.0349819849328529
10707,27,CS_MAP,1.0,0.030859133975825,0.6120455994897959,0.3383089764010017,0.0261643904147281
10707,67,clip_baseline,1.0,0.1888590766885491,0.7051977040816326,0.3518716849623451,0.1843396746622553
10707,67,CS_MAP,0.0,0.1003595643403086,0.4997010522959184,0.2886912246807488,0.1155932919954904
88462,6,clip_baseline,1.0,0.7682120612046733,0.9179886798469388,0.9568212652795536,0.6913672841821046
88462,6,CS_MAP,0.0,0.4251528345944462,0.8840282206632653,0.9402049832922852,0.6227308091286307
88462,3,clip_baseline,1.0,0.1646374622197735,0.7431441326530612,0.6582162391258024,0.0716035153436104
88462,3,CS_MAP,1.0,0.0619570194438411,0.5081513073979592,0.8253330521640269,0.0387177190044015
451714,1,clip_baseline,1.0,0.5300768258598776,0.831413424744898,0.6353463351390839,0.4829462102689486
451714,1,CS_MAP,0.0,0.3151280751337029,0.8679448341836735,0.5809074871435038,0.5769107975225082
451714,35,clip_baseline,0.0,0.1025366919509692,0.7009725765306123,0.3041883378890345,0.0786047654139032
451714,35,CS_MAP,1.0,0.0478696519592064,0.4310028698979591,0.52066309722052,0.0426530749111394
347930,63,clip_baseline,1.0,0.6453895429289582,0.494319993622449,0.6584166062297007,0.3570433063882624
347930,63,CS_MAP,1.0,0.7487646458549929,0.723014987244898,0.8850086685064155,0.6063335599365511
347930,18,clip_baseline,1.0,0.6440435720883765,0.8877551020408163,0.7751114366750494,0.543005517689062
347930,18,CS_MAP,0.0,0.4245808875074287,0.8972616390306123,0.7872928237854913,0.6110314645740587
341921,15,clip_baseline,1.0,0.2858792830272826,0.7341757015306123,0.725649892197609,0.2469512195121951
341921,15,CS_MAP,1.0,0.2596884423153678,0.7741549744897959,0.7298781663804436,0.282920964373853
341921,1,clip_baseline,0.0,0.3023578819590996,0.823860012755102,0.5588588550626427,0.1570011446012972
341921,1,CS_MAP,1.0,0.0744364036397695,0.6544563137755102,0.414345427440611,0.0882894252510911
182611,61,clip_baseline,0.0,0.1494586122665434,0.6663544323979592,0.5058618863021517,0.0976661456368242
182611,61,CS_MAP,1.0,0.0627789106871847,0.5157445790816326,0.4567856615226214,0.0702177323690353
182611,67,clip_baseline,1.0,0.6530942477529896,0.8030532525510204,0.8016990455377215,0.5949834009590557
182611,67,CS_MAP,0.0,0.539771193667853,0.8121611926020408,0.8241228727535932,0.6479662346393755
284725,3,clip_baseline,1.0,0.3349416688547854,0.7563974808673469,0.6836188852116065,0.2528271899260346
284725,3,CS_MAP,1.0,0.2444865504448653,0.7326211734693877,0.9546762472478156,0.2328892446680771
284725,6,clip_baseline,1.0,0.7490656963299992,0.8801817602040817,0.8362873564256872,0.6237090818050949
284725,6,CS_MAP,0.0,0.5475190821695298,0.8319116709183674,0.8348571550492329,0.5563387690689111
25603,59,clip_baseline,1.0,0.3061706489573504,0.8533362563775511,0.5950531175597016,0.1975793261367353
25603,59,CS_MAP,0.0,0.0569530959654694,0.5451809630102041,0.3296143101904323,0.0736726741354115
25603,62,clip_baseline,0.0,0.2833851844142933,0.6988400829081632,0.3478372387212003,0.2370878982178018
25603,62,CS_MAP,0.0,0.2377239122484256,0.7579918686224489,0.7806388693169709,0.3446489287063522
449312,3,clip_baseline,0.0,0.0832075845774481,0.6936184630102041,0.1289927763949311,0.0800670217222189
449312,3,CS_MAP,0.0,0.0828185880457008,0.6677096619897959,0.2752932095413847,0.0888075199475352
449312,1,clip_baseline,1.0,0.3896315955663257,0.6574258609693877,0.4261981242795292,0.2727003469577727
449312,1,CS_MAP,1.0,0.4705339990380476,0.9130859375,0.9697329056745606,0.7334840799364419
179112,1,clip_baseline,1.0,0.8568112289575786,0.8063018176020408,0.8838989165521987,0.6778374436488995
179112,1,CS_MAP,1.0,0.6814429668623504,0.7651865433673469,0.8345350078178437,0.6407707787060186
179112,77,clip_baseline,1.0,0.2941701670983229,0.8090720663265306,0.6885269133036479,0.1394178943586058
179112,77,CS_MAP,0.0,0.1073914212813376,0.8481146364795918,0.4259827866876143,0.1707290533188248
153529,33,clip_baseline,1.0,0.3715212071237326,0.7964564732142857,0.6724349466385374,0.3222509788307121
153529,33,CS_MAP,0.0,0.2101899204102453,0.7805723852040817,0.7983805545841095,0.3059320431192082
153529,1,clip_baseline,1.0,0.6450052431811486,0.7335578762755102,0.5984960009502605,0.3633203162205924
153529,1,CS_MAP,1.0,0.4463900604936943,0.7660833864795918,0.741014033595605,0.5104688021354689
375278,33,clip_baseline,1.0,0.7546385879924851,0.7859534438775511,0.7609592461414301,0.5224331895593401
375278,33,CS_MAP,1.0,0.6304008785140977,0.8534558354591837,0.871473707902977,0.6625051636296875
375278,17,clip_baseline,1.0,0.8094009568766583,0.9187061543367347,0.8751464100072086,0.7325070496425995
375278,17,CS_MAP,0.0,0.6281166935059388,0.9250039859693876,0.8688246286997792,0.7640160541828672
246963,1,clip_baseline,1.0,0.061425470680178,0.5900629783163265,0.0730930208833093,0.0439693237276318
246963,1,CS_MAP,1.0,0.0605238980993059,0.296516262755102,0.1752365623692827,0.0460257830869436
246963,4,clip_baseline,1.0,0.2389114599566284,0.7319236288265306,0.4719521949253619,0.2031870149872638
246963,4,CS_MAP,1.0,0.1669341188387432,0.5266661352040817,0.6211139403036379,0.1417006974811174
259640,1,clip_baseline,0.0,0.2232224489053041,0.7155412946428571,0.2249783043354311,0.208594399778209
259640,1,CS_MAP,0.0,0.1525728631467139,0.6455078125,0.7353363037899664,0.2261811537457582
259640,8,clip_baseline,0.0,0.4495258092330136,0.6412228954081632,0.4625013190537457,0.277753259779338
259640,8,CS_MAP,1.0,0.3900568873827447,0.7076092155612245,0.610732642109905,0.4306725134851953
177861,1,clip_baseline,0.0,0.4265054956466824,0.7912547831632653,0.4888874115646752,0.2470165348670021
177861,1,CS_MAP,1.0,0.1764185905984167,0.6134008290816326,0.6557490145321847,0.2146240738491437
177861,28,clip_baseline,1.0,0.1839898932406139,0.6887954400510204,0.543335116342389,0.0882816605359958
177861,28,CS_MAP,1.0,0.0785932048920799,0.6115473533163265,0.5780935045116026,0.0743256079027355
528399,51,clip_baseline,1.0,0.3798920069294373,0.7187898596938775,0.4617442717476774,0.349169741697417
528399,51,CS_MAP,0.0,0.2483774358004123,0.6267936862244898,0.4512657769740643,0.3254079757916351
528399,67,clip_baseline,0.0,0.0747600572381921,0.5838448660714286,0.0779166334016408,0.0784677170219338
528399,67,CS_MAP,0.0,0.0753703733956033,0.5353555484693877,0.0944225911022921,0.1127939721439987
554328,1,clip_baseline,1.0,0.7337265693796592,0.5821109693877551,0.6492733635054808,0.3273234737416188
554328,1,CS_MAP,1.0,0.6010279442545083,0.6390106823979592,0.7244789785172872,0.4242896192231898
554328,40,clip_baseline,0.0,0.2169957408184899,0.7548030931122449,0.4987230368546637,0.1724068343871922
554328,40,CS_MAP,1.0,0.1099095746211396,0.6859454719387755,0.5201450485196046,0.1195664320035758
97337,63,clip_baseline,0.0,0.2074552715858498,0.6541175063775511,0.2239266739478295,0.2061931116498193
97337,63,CS_MAP,0.0,0.2240792815301407,0.6673907844387755,0.647329321199033,0.2741388308977035
97337,1,clip_baseline,0.0,0.0075348795481192,0.5826092155612245,0.0228005066848342,0.0051776553296598
97337,1,CS_MAP,1.0,0.0335451084330032,0.4699856505102041,0.0443099964310656,0.0297347586559159
512564,6,clip_baseline,0.0,0.2830794712167018,0.8143136160714286,0.7348723622665977,0.113004569687738
512564,6,CS_MAP,0.0,0.0561208124108049,0.6100924744897959,0.3376930208587473,0.0572020625512023
512564,8,clip_baseline,0.0,0.1276105277317988,0.7913942920918368,0.2189868593281794,0.0708388814913448
512564,8,CS_MAP,0.0,0.0342311808117208,0.6458466198979592,0.1645176964441014,0.0425646551724137
292082,1,clip_baseline,1.0,0.3331760064338461,0.6398875956632653,0.3827759995307277,0.2742790585589204
292082,1,CS_MAP,1.0,0.36963922479991,0.8195153061224489,0.7393357319634072,0.54317998385795
292082,62,clip_baseline,1.0,0.1475623339119282,0.6260363520408163,0.4382274000684867,0.1186886477854492
292082,62,CS_MAP,1.0,0.1357708719421228,0.5869539221938775,0.4617899389166578,0.1212262550881953
535094,21,clip_baseline,1.0,0.7769296499931622,0.8648557079081632,0.8971480414204734,0.6415772503832127
535094,21,CS_MAP,1.0,0.4994067349796444,0.7901187818877551,0.8397927673803806,0.579667917298635
535094,1,clip_baseline,0.0,0.0022457202298874,0.5771882971938775,0.0415058247633203,0.0
535094,1,CS_MAP,1.0,0.1040184672514044,0.6456074617346939,0.7202347569535442,0.1327968788100463
323799,1,clip_baseline,1.0,0.5589951272398745,0.6658163265306123,0.5601399340304907,0.4009717062017719
323799,1,CS_MAP,1.0,0.4957750422837035,0.8117227359693877,0.771810130499774,0.618472598037236
323799,34,clip_baseline,1.0,0.1799856457757809,0.7805923150510204,0.3815789432571069,0.0629840837518086
323799,34,CS_MAP,1.0,0.044687078578288,0.5676419005102041,0.5943615389841375,0.0367212823586874
290163,1,clip_baseline,1.0,0.4620462214693925,0.4690290178571428,0.4591064607229994,0.1708577119382547
290163,1,CS_MAP,1.0,0.5514560804445953,0.7411710778061225,0.7587022093451092,0.5635942067945832
290163,51,clip_baseline,0.0,0.0529020042682999,0.7351522640306123,0.0621554867027034,0.0835804427280877
290163,51,CS_MAP,1.0,0.0861404631317906,0.6768973214285714,0.2085086505131109,0.1158859137263456
288430,1,clip_baseline,1.0,0.140510984931715,0.7196069834183674,0.3726739176482522,0.077140045916694
288430,1,CS_MAP,0.0,0.0704399480816016,0.5259287308673469,0.393341550047292,0.0719079204057744
288430,38,clip_baseline,1.0,0.1662186959443049,0.8399633290816326,0.455880040036539,0.1135886963240975
288430,38,CS_MAP,0.0,0.0568150992062375,0.6847895408163265,0.5594671940754504,0.0610863757791629
21503,76,clip_baseline,1.0,0.1272524045650069,0.6558115433673469,0.9181478174329114,0.0748875080351403
21503,76,CS_MAP,1.0,0.0594576741283783,0.7022480867346939,0.4551969476315499,0.082816624716066
21503,54,clip_baseline,0.0,0.6967203395660078,0.6221699617346939,0.701330348745574,0.4582654664952136
21503,54,CS_MAP,1.0,0.6872485945077402,0.6823182397959183,0.7275929083636907,0.5670243107429037
256407,85,clip_baseline,1.0,0.5110205967339345,0.7495615433673469,0.6447649199681628,0.4615186835790195
256407,85,CS_MAP,1.0,0.4409500616501179,0.7826251594387755,0.6486976897650711,0.5360894900259453
256407,47,clip_baseline,1.0,0.2153726122999281,0.7578722895408163,0.4213859656566425,0.1762272850556007
256407,47,CS_MAP,1.0,0.1314396341882926,0.7380819515306123,0.5407903474202789,0.1808775866367489
14226,73,clip_baseline,1.0,0.4753912314565763,0.8789660395408163,0.8681625336812113,0.3471296495377338
14226,73,CS_MAP,1.0,0.2066249833217778,0.7419682716836735,0.8367102641660062,0.2080376804502079
14226,62,clip_baseline,1.0,0.2243880313079165,0.6733896683673469,0.3809972727426887,0.2073518742442563
14226,62,CS_MAP,1.0,0.1861217881416129,0.6248007015306123,0.7369426208431258,0.2025922317760176
187243,1,clip_baseline,0.0,0.4937706510558873,0.8019571109693877,0.6172107087981923,0.5013798986401726
187243,1,CS_MAP,0.0,0.4011179749799571,0.8837292729591837,0.8277642770466218,0.6471086377933705
187243,70,clip_baseline,1.0,0.490714873056632,0.849250637755102,0.7593349550633463,0.3905897518530454
187243,70,CS_MAP,1.0,0.2949140457290575,0.7236328125,0.8964195528973398,0.29163261136085
311180,87,clip_baseline,1.0,0.4548152162279701,0.8642976721938775,0.6521629296797449,0.4357338195077484
311180,87,CS_MAP,1.0,0.3230386015471552,0.9095583545918368,0.7513552037756869,0.5466080527525228
311180,1,clip_baseline,1.0,0.6083371332860643,0.6724330357142857,0.6293075899450475,0.4423559747574133
311180,1,CS_MAP,1.0,0.6551443404161125,0.8933553890306123,0.9542293669984112,0.7966636266909864
450303,67,clip_baseline,1.0,0.327278085363604,0.7417091836734694,0.6397808126272082,0.2817557082686766
450303,67,CS_MAP,1.0,0.1983040866767781,0.7069913903061225,0.4175767492672574,0.2511587633066775
450303,62,clip_baseline,1.0,0.05618972767431,0.6380739795918368,0.2188785036827651,0.0460180710233242
450303,62,CS_MAP,0.0,0.048018363481147,0.6913265306122449,0.2691887561126221,0.0634901439109928
365886,1,clip_baseline,1.0,0.9279498293030832,0.5830078125,0.9304397471866634,0.4772517176764522
365886,1,CS_MAP,1.0,0.8399251192875925,0.6481784119897959,0.9030068494992224,0.5823554462004353
365886,77,clip_baseline,1.0,0.7618752428847069,0.9402503188775512,0.9627704288287142,0.6853814671004302
365886,77,CS_MAP,1.0,0.5562248589278136,0.9494579081632653,0.9058413466440052,0.7149600989097449
498807,1,clip_baseline,0.0,0.3221584735278395,0.7247289540816326,0.3769537616961436,0.336440067259188
498807,1,CS_MAP,1.0,0.3453609789577316,0.8726283482142857,0.7935743376160593,0.5671227309672175
498807,42,clip_baseline,1.0,0.280312950989239,0.7794563137755102,0.7748156537557317,0.187518355359765
498807,42,CS_MAP,1.0,0.1043300790574118,0.6003866390306123,0.7873499568377167,0.1158391392539024
173004,49,clip_baseline,1.0,0.1234471154423534,0.747429049744898,0.300477831013048,0.0509248857934546
173004,49,CS_MAP,1.0,0.0289254736042139,0.5481305803571429,0.1486717636822803,0.0352735937367032
173004,62,clip_baseline,1.0,0.0792450913088411,0.6534797512755102,0.3301699212586926,0.0584317123361854
173004,62,CS_MAP,0.0,0.050835060969404,0.4686304209183674,0.5256420142976987,0.0401756785945712
185950,1,clip_baseline,1.0,0.4857243473161812,0.8024354272959183,0.6495857543048675,0.3959907384840361
185950,1,CS_MAP,1.0,0.2645896549765629,0.8478356186224489,0.9159671718306366,0.5118910625239739
185950,41,clip_baseline,0.0,0.0487600259703813,0.6289859693877551,0.3303426376587479,0.0280881278062023
185950,41,CS_MAP,0.0,0.0131910566086936,0.4318997130102041,0.0154268357052639,0.0185242571359708
511999,7,clip_baseline,1.0,0.7386283055869564,0.8090919961734694,0.8200702458450295,0.5746447602131439
511999,7,CS_MAP,1.0,0.558581969219201,0.8164261798469388,0.8900692687383965,0.6323834610472542
511999,1,clip_baseline,0.0,0.4351373681563235,0.8892099808673469,0.5069172610062798,0.289947630604164
511999,1,CS_MAP,1.0,0.1059518645521985,0.5660873724489796,0.7266813814091302,0.1035164292184797
80153,18,clip_baseline,1.0,0.285045283813043,0.8614078443877551,0.7391288398099216,0.2281052281052281
80153,18,CS_MAP,1.0,0.2308921228122962,0.8448860012755102,0.9293774910486972,0.2088839194958325
80153,1,clip_baseline,0.0,0.2940035837240117,0.7628148915816326,0.5576653791047179,0.274240761068423
80153,1,CS_MAP,1.0,0.1917042344021268,0.8453842474489796,0.7176326566093062,0.3718218623481781
364126,1,clip_baseline,0.0,0.2010113425331066,0.7824258609693877,0.3305393846783063,0.1894721211671245
364126,1,CS_MAP,0.0,0.1096656440897443,0.8189572704081632,0.3332931037913689,0.2383028676840516
364126,42,clip_baseline,1.0,0.0888801237064032,0.7016701211734694,0.3179234537362133,0.0593225664550996
364126,42,CS_MAP,0.0,0.0335814573007595,0.5429288903061225,0.5753050486381485,0.0395342993550548
354072,81,clip_baseline,1.0,0.2252142911522569,0.7460140306122449,0.780713121961353,0.1354138398914518
354072,81,CS_MAP,1.0,0.1249249673601481,0.6913265306122449,0.6961216575762723,0.11416151910318
354072,64,clip_baseline,0.0,0.514684761566782,0.8365353954081632,0.8100547444417646,0.4746012427134712
354072,64,CS_MAP,1.0,0.3843576322971389,0.8377710459183674,0.8936460992412809,0.4634146341463415
276018,88,clip_baseline,1.0,0.2035343371034634,0.7839604591836735,0.637972665027821,0.1457840819542947
276018,88,CS_MAP,1.0,0.1130355568169138,0.6889748086734694,0.7768556914776448,0.1063902885936784
276018,1,clip_baseline,1.0,0.8748184629861921,0.4651227678571428,0.8540937568081151,0.3423831810051211
276018,1,CS_MAP,0.0,0.7993814923158458,0.5302535076530612,0.8575197669804628,0.420400334431712
56288,72,clip_baseline,1.0,0.3540840985155219,0.7192283163265306,0.4520396480354808,0.3043650009875568
56288,72,CS_MAP,1.0,0.3053023867950718,0.7986886160714286,0.6566449384619275,0.441779497098646
56288,76,clip_baseline,0.0,0.014907911919885,0.6564692283163265,0.0188480586556965,0.016040643909122
56288,76,CS_MAP,1.0,0.0574266884314369,0.7002949617346939,0.84376720243378,0.0598311972491403
564091,1,clip_baseline,1.0,0.63969465903933,0.772102200255102,0.6600587869811732,0.4915518008003557
564091,1,CS_MAP,1.0,0.5202130765626038,0.8869379783163265,0.9165362399053532,0.7251586647933724
564091,31,clip_baseline,0.0,0.0647018506496123,0.6593989158163265,0.0885450585561036,0.0870726495726495
564091,31,CS_MAP,0.0,0.0656468517898504,0.5836455676020408,0.2946563826272032,0.0774156509450627
6763,32,clip_baseline,0.0,0.25094103252333,0.8169842155612245,0.3952417564600384,0.1572136563876651
6763,32,CS_MAP,1.0,0.0829302209365815,0.7146444515306123,0.5212589620558468,0.114806800618238
6763,1,clip_baseline,1.0,0.9262630201576908,0.6842315051020408,0.9187862758862844,0.4851163395294423
6763,1,CS_MAP,1.0,0.7060930016738336,0.8160275829081632,0.9163609935685512,0.7155491186983853
186873,9,clip_baseline,1.0,0.2514720982014797,0.8237802933673469,0.5256140872099403,0.1848437355950954
186873,9,CS_MAP,1.0,0.0864426200914481,0.5033083545918368,0.6383822841605711,0.0772363744075829
186873,1,clip_baseline,0.0,0.0154916314682029,0.714485012755102,0.0175246837030957,0.0207122838198099
186873,1,CS_MAP,1.0,0.0251296556053032,0.4043168048469387,0.5239602800349416,0.0194862710363153
380913,1,clip_baseline,1.0,0.6676042194224018,0.6959103954081632,0.7038322657264879,0.4578017838740627
380913,1,CS_MAP,0.0,0.5016418017039557,0.7528499681122449,0.7818012112449197,0.5558699233579256
380913,31,clip_baseline,1.0,0.1986807358756932,0.7227558992346939,0.4410823882069346,0.1126491037826114
380913,31,CS_MAP,1.0,0.0865376655497815,0.5981345663265306,0.7954093258375046,0.0825788252422767
128372,6,clip_baseline,1.0,0.7536622547461541,0.8477558992346939,0.8869460738386409,0.6575207352611522
128372,6,CS_MAP,1.0,0.620194636098868,0.8647959183673469,0.928146399709021,0.6986496090973703
128372,1,clip_baseline,1.0,0.3521625781833501,0.7905572385204082,0.6194902320293809,0.2008972701695688
128372,1,CS_MAP,0.0,0.1313569223117437,0.6198182397959183,0.8132043996352327,0.1299429874572406
356424,44,clip_baseline,0.0,0.0934362758660921,0.7023278061224489,0.3818218768909044,0.0513813909177516
356424,44,CS_MAP,1.0,0.0513139022017842,0.5725645727040817,0.6991167114671499,0.0363497483824586
356424,47,clip_baseline,1.0,0.3050840610829477,0.754524075255102,0.6889770500371297,0.19412457471866
356424,47,CS_MAP,1.0,0.1396333619409151,0.6263153698979592,0.7232322348554356,0.1383668029961858
61584,19,clip_baseline,0.0,0.1528729990825539,0.7168566645408163,0.4294015157110404,0.0768081096887387
61584,19,CS_MAP,0.0,0.1260124674133859,0.6353037308673469,0.7506805708483669,0.0699364675984752
61584,1,clip_baseline,1.0,0.0900863500296533,0.6313775510204082,0.1549683257025589,0.061640708233981
61584,1,CS_MAP,0.0,0.1104178461336909,0.6261758609693877,0.5140792129216234,0.1092273353279194
250137,28,clip_baseline,1.0,0.5102375782280022,0.8459223533163265,0.7949594329235652,0.3929805276381909
250137,28,CS_MAP,1.0,0.3124498493111083,0.8570033482142857,0.8975296528950213,0.424665223318098
250137,31,clip_baseline,1.0,0.384360996793141,0.7646285076530612,0.7034797871486829,0.2592360283510004
250137,31,CS_MAP,1.0,0.230330763866652,0.7824457908163265,0.8317916161283117,0.3039153169238617
184611,1,clip_baseline,0.0,0.1412041530343002,0.6238839285714286,0.1465579562734933,0.0994034836554521
184611,1,CS_MAP,1.0,0.2285447534042047,0.5958625637755102,0.6774321281022933,0.2699452764976958
184611,2,clip_baseline,1.0,0.6016755066838315,0.8028140943877551,0.6828635182410129,0.5037616611495637
184611,2,CS_MAP,1.0,0.4573291975933634,0.8164660395408163,0.6693139507627058,0.5441540441540441
4134,32,clip_baseline,1.0,0.0925011311078195,0.6261360012755102,0.443271088730496,0.0552953618371355
4134,32,CS_MAP,0.0,0.0444253950193713,0.6246611926020408,0.6394722206128446,0.0555165496489468
4134,1,clip_baseline,1.0,0.7761586149386223,0.5377670599489796,0.7530351987502285,0.3438666968428199
4134,1,CS_MAP,1.0,0.7920798881691267,0.8364357461734694,0.9519175119997112,0.755299800232565
213605,6,clip_baseline,1.0,0.7441119503677045,0.8969228316326531,0.8739881870310506,0.6741842005795641
213605,6,CS_MAP,1.0,0.5056281580542225,0.8756776147959183,0.8780119091730453,0.6423370219597501
213605,3,clip_baseline,1.0,0.3088809249360431,0.7595065369897959,0.8144739887592634,0.1864212513484358
213605,3,CS_MAP,1.0,0.1828747928695354,0.7293925382653061,0.896803365548171,0.1657142857142857
375430,51,clip_baseline,0.0,0.029231004491865,0.6621293048469388,0.0330813200977043,0.0259695489801781
375430,51,CS_MAP,1.0,0.019612910003951,0.5886080994897959,0.0360362259242965,0.0299356172752479
375430,67,clip_baseline,1.0,0.4115929222222576,0.3904854910714285,0.4374309465081432,0.1779205419063491
375430,67,CS_MAP,0.0,0.3779897809016661,0.3626833545918367,0.3498342434261946,0.155495695346749
419408,15,clip_baseline,1.0,0.1628894785560622,0.7137874681122449,0.7808164348121046,0.0960533769748851
419408,15,CS_MAP,1.0,0.0744437236250745,0.6019411670918368,0.8145835773776248,0.0702015734835436
419408,1,clip_baseline,0.0,0.3547080474955033,0.8116031568877551,0.4800418360503123,0.2311508743391622
419408,1,CS_MAP,1.0,0.1317281157384802,0.7211615114795918,0.7279722669022386,0.1967504880009186
7281,1,clip_baseline,1.0,0.1690474811551278,0.7265425701530612,0.2341272598023795,0.1062402292860865
7281,1,CS_MAP,0.0,0.0874459673039336,0.6088368941326531,0.3224418223528796,0.1120209926254354
7281,19,clip_baseline,1.0,0.5008229248748901,0.8878746811224489,0.7181506219994527,0.3794396646812266
7281,19,CS_MAP,1.0,0.2763219411428972,0.8535355548469388,0.7400881043994292,0.324105582635887
367095,1,clip_baseline,1.0,0.3965463576513324,0.7663823341836735,0.4468826219829518,0.3881087853004124
367095,1,CS_MAP,1.0,0.3277001634921962,0.8288026147959183,0.8790795719722749,0.5176325247079964
367095,72,clip_baseline,0.0,0.0518332834851145,0.6650191326530612,0.0588930153420373,0.0696850611612331
367095,72,CS_MAP,0.0,0.0631166357577474,0.5726642219387755,0.3932620557912474,0.0876909330723737
434297,57,clip_baseline,1.0,0.2807482289570036,0.7179328762755102,0.8711646662594863,0.1635837125465398
434297,57,CS_MAP,1.0,0.1271102170114361,0.7106784119897959,0.958923305098038,0.1601388487127567
434297,54,clip_baseline,0.0,0.5399498386216471,0.8023557079081632,0.7775075477313438,0.5214957780458384
434297,54,CS_MAP,1.0,0.3673870271004067,0.6954918686224489,0.7273940854448384,0.4132488479262672
400573,60,clip_baseline,1.0,0.538835086766326,0.912986288265306,0.9038530778621146,0.454999375858195
400573,60,CS_MAP,1.0,0.2888461184371184,0.8516222895408163,0.9789805635974292,0.3286744815148782
400573,1,clip_baseline,1.0,0.8926129848883326,0.716179049744898,0.9396603818945536,0.6149936467598475
400573,1,CS_MAP,0.0,0.8556217319190295,0.7843989158163265,0.9630939929598265,0.7030306357746788
368900,72,clip_baseline,1.0,0.3952910650760158,0.7802933673469388,0.8513100803530707,0.1996515173515318
368900,72,CS_MAP,1.0,0.2018114053829537,0.7465322066326531,0.9188003898012292,0.1775205328849511
368900,82,clip_baseline,0.0,0.03681666643753,0.6044722576530612,0.0422914633809391,0.0425511385565418
368900,82,CS_MAP,0.0,0.0290282848646074,0.5371492346938775,0.0388095611997514,0.0375865069827193
434204,15,clip_baseline,0.0,0.0160692338137163,0.5863360969387755,0.0193292876394999,0.010110644792064
434204,15,CS_MAP,0.0,0.0179068281870834,0.5148875956632653,0.0164011110655465,0.0179140609239459
434204,1,clip_baseline,0.0,0.3000140011799599,0.6652184311224489,0.2726919373809225,0.1958062045193412
434204,1,CS_MAP,0.0,0.3052749747329923,0.7324418048469388,0.6342585650733743,0.412215411558669
213593,3,clip_baseline,1.0,0.2409949994659768,0.7647680165816326,0.5186995940204421,0.1751345307149346
213593,3,CS_MAP,0.0,0.2387542897681998,0.8143734056122449,0.6808289171279187,0.2161252314425181
213593,13,clip_baseline,1.0,0.4554588559758033,0.7974330357142857,0.952452146138928,0.2605311022189887
213593,13,CS_MAP,0.0,0.1948081124485911,0.7091238839285714,0.6417619059070743,0.1964875578066505
60449,73,clip_baseline,1.0,0.6748847815142865,0.9130460778061223,0.9676517478589816,0.439779147406266
60449,73,CS_MAP,1.0,0.2640405117934634,0.8141541772959183,0.9631000413063896,0.2685127078757452
60449,62,clip_baseline,0.0,0.1180729886531178,0.7094826211734694,0.535206813988371,0.0662353468707962
60449,62,CS_MAP,1.0,0.0517129408162919,0.7114158163265306,0.211480718529401,0.0653843671335441
119677,61,clip_baseline,1.0,0.2920326379585496,0.7331792091836735,0.768624357297523,0.30946977511863
119677,61,CS_MAP,1.0,0.1930401193444409,0.6666733099489796,0.8530611462727243,0.2665760392913524
119677,48,clip_baseline,0.0,0.1699458670372772,0.6812220982142857,0.5824554230660516,0.0707604717364782
119677,48,CS_MAP,0.0,0.0826516164241347,0.5697743941326531,0.5986929948741172,0.053409340057005
16451,42,clip_baseline,1.0,0.2947096319807971,0.7807716836734694,0.7204555015457677,0.1548213599692662
16451,42,CS_MAP,1.0,0.0937270098490017,0.7296316964285714,0.8611483031968942,0.1292682926829268
16451,62,clip_baseline,1.0,0.0950026786421677,0.6992984693877551,0.2956816018808813,0.0634388578522656
16451,62,CS_MAP,1.0,0.0582657767524906,0.7092235331632653,0.2602622714091556,0.0667775361391838
578545,62,clip_baseline,0.0,0.1284171747106181,0.6880978954081632,0.2321048832324614,0.1035628365219383
578545,62,CS_MAP,1.0,0.0860108172457685,0.7185905612244898,0.5121856820341396,0.1274255345445556
578545,1,clip_baseline,1.0,0.4669889234375093,0.8067004145408163,0.6859111428039258,0.4023293073699778
578545,1,CS_MAP,0.0,0.2819729253054555,0.824577487244898,0.6772307139569878,0.4562303082720702
496954,55,clip_baseline,1.0,0.429469510954054,0.8542729591836735,0.9604968732842863,0.1664386684906521
496954,55,CS_MAP,0.0,0.1417501319117494,0.9001514668367347,0.8690737001461304,0.2256568778979907
496954,48,clip_baseline,1.0,0.1556897587104668,0.6990194515306123,0.6015903529942944,0.0845608292416803
496954,48,CS_MAP,1.0,0.0666494411319193,0.6081592793367347,0.7230109887005385,0.0674919370138493
397133,67,clip_baseline,1.0,0.3761939649726439,0.6749840561224489,0.4811562922205159,0.312246963562753
397133,67,CS_MAP,1.0,0.2646471450720857,0.6093351403061225,0.4654606941109981,0.3076923076923077
397133,1,clip_baseline,0.0,0.4362102462106162,0.8217275191326531,0.5255560901096727,0.3085723119734096
397133,1,CS_MAP,0.0,0.1916664232511294,0.7843191964285714,0.714678597364521,0.3069928278688524
121586,84,clip_baseline,1.0,0.4450387802410033,0.8083745216836735,0.6480415659845041,0.3110983735759833
121586,84,CS_MAP,0.0,0.2584278047121872,0.769172512755102,0.6840121419160808,0.2818255100142618
121586,72,clip_baseline,1.0,0.4322175993891361,0.8018574617346939,0.516209327147114,0.2962412401783818
121586,72,CS_MAP,1.0,0.2481544401135471,0.817024075255102,0.6120874707962523,0.3243302914336179
27768,1,clip_baseline,0.0,0.0379074419681021,0.7320232780612245,0.0396660596056782,0.0219668315391329
27768,1,CS_MAP,1.0,0.0277440898912185,0.4579081632653061,0.2747566516205333,0.0297149787750151
27768,6,clip_baseline,1.0,0.870383558271636,0.7597058354591837,0.9043586970133886,0.593163719800243
27768,6,CS_MAP,0.0,0.8068880534245313,0.8692402742346939,0.9515067605783796,0.7782846715328468
492905,76,clip_baseline,1.0,0.0535677497419236,0.6718152104591837,0.2080204483017451,0.0380863368187394
492905,76,CS_MAP,0.0,0.0327039928298276,0.6044124681122449,0.6275412786022304,0.0318033266669918
492905,72,clip_baseline,0.0,0.0819769853965237,0.6076411033163265,0.0825439320483376,0.0856014862981885
492905,72,CS_MAP,0.0,0.0875658786401875,0.5981146364795918,0.2349585308831882,0.1073878978354211
178028,81,clip_baseline,0.0,0.1512349332287171,0.6765385841836735,0.2474915554421764,0.1611102496511087
178028,81,CS_MAP,0.0,0.1382685310659095,0.5540098852040817,0.6663685833647554,0.1422767343809889
178028,47,clip_baseline,0.0,0.0490616874440521,0.6890146683673469,0.0712203287197238,0.0432276657060518
178028,47,CS_MAP,0.0,0.0283946231781325,0.5658681441326531,0.5217241083805847,0.0314792583700146
521717,62,clip_baseline,1.0,0.0645137992702475,0.6878985969387755,0.415561071057587,0.024724419256399
521717,62,CS_MAP,1.0,0.0283771870908279,0.598274075255102,0.6136931769346416,0.0245826276312605
521717,1,clip_baseline,0.0,0.2275028489160792,0.7301299426020408,0.2684070186494299,0.1979506011964698
521717,1,CS_MAP,0.0,0.1507551976577328,0.7067920918367347,0.3455971570777362,0.2387063389391979
11511,15,clip_baseline,1.0,0.2446604279145455,0.6840322066326531,0.4048034586913075,0.2544907363867206
11511,15,CS_MAP,1.0,0.1897899229969121,0.6911870216836735,0.4821399818955016,0.2746126117691119
11511,31,clip_baseline,1.0,0.3390846644984544,0.8151506696428571,0.6445387037125957,0.2366255144032922
11511,31,CS_MAP,1.0,0.1428171622664042,0.5913584183673469,0.6041166894629509,0.1033366860541391
572462,27,clip_baseline,0.0,0.0919965987619629,0.7083864795918368,0.1690165528749507,0.0767871790018297
572462,27,CS_MAP,0.0,0.044163799431322,0.4970503826530612,0.1736266937799579,0.0539101747019569
572462,15,clip_baseline,0.0,0.0173148155607658,0.5999481823979592,0.0182388258902041,0.0168968557155451
572462,15,CS_MAP,1.0,0.0194232001215796,0.5384048150510204,0.0558179007838306,0.0260712333375383
414510,3,clip_baseline,0.0,0.2402006729444458,0.6905094068877551,0.5175810779836818,0.1757430997876857
414510,3,CS_MAP,1.0,0.1722452044483165,0.6539182079081632,0.7353398502258943,0.1699330783938814
414510,8,clip_baseline,1.0,0.5234767381062978,0.8166653380102041,0.6849964088301211,0.3701903327399699
414510,8,CS_MAP,1.0,0.2636652545657493,0.7159996811224489,0.5172121432335527,0.2527921975774737
60823,1,clip_baseline,1.0,0.1021265480122522,0.7216398278061225,0.1149434481031696,0.0676234979973297
60823,1,CS_MAP,0.0,0.0940176518369716,0.6049306441326531,0.4715045832996608,0.1010792671866497
60823,21,clip_baseline,1.0,0.7187008149316259,0.9140425701530612,0.873390502591942,0.6288934778867665
60823,21,CS_MAP,1.0,0.388930665423306,0.8724489795918368,0.9049235670836324,0.5361646615451515
424162,18,clip_baseline,1.0,0.471493450699983,0.8907246492346939,0.8506404431882327,0.3332117232153715
424162,18,CS_MAP,1.0,0.2244990344817533,0.8794443558673469,0.8388204255847819,0.3130819895525777
424162,1,clip_baseline,0.0,0.1762369591991166,0.6624282525510204,0.1711005837527629,0.1422494556135109
424162,1,CS_MAP,1.0,0.1757126441893839,0.6350645727040817,0.7092668898133248,0.2259141830479814
555597,14,clip_baseline,0.0,0.0216285030676484,0.6742267219387755,0.0228252911234887,0.0262123197903014
555597,14,CS_MAP,0.0,0.021085056487758,0.5724449936224489,0.0890914540630926,0.0235320892125625
555597,8,clip_baseline,0.0,0.0520510958037136,0.7463528380102041,0.0654601263565671,0.0828048428942058
555597,8,CS_MAP,1.0,0.0615723345631178,0.7438217474489796,0.0778579175621507,0.1039386545834785
193245,1,clip_baseline,0.0,0.2452554016584809,0.7184510522959183,0.245204646896311,0.2021348695357506
193245,1,CS_MAP,0.0,0.1911480975632317,0.714225924744898,0.7823156186650925,0.2696852398899867
193245,38,clip_baseline,0.0,0.0841955481074305,0.7842594068877551,0.2038708600700242,0.0676944276978727
193245,38,CS_MAP,0.0,0.0396943045141721,0.6552136479591837,0.1214310834616458,0.0434590290832688
457078,72,clip_baseline,1.0,0.3260943088371791,0.8087332589285714,0.6876073086159649,0.1714581714581714
457078,72,CS_MAP,1.0,0.1053188734458539,0.7238321109693877,0.6963060663423745,0.1211948249619482
457078,1,clip_baseline,0.0,0.0830604547337798,0.6585220025510204,0.1191648040116678,0.0846244256865049
457078,1,CS_MAP,0.0,0.0837856757020557,0.7064732142857143,0.6278673878586348,0.114744244755665
154718,1,clip_baseline,0.0,0.2953641041606131,0.7540058992346939,0.3946859420125416,0.3373597466043915
154718,1,CS_MAP,1.0,0.2664167506731453,0.7498206313775511,0.9201359300517612,0.3419479974837492
154718,70,clip_baseline,1.0,0.5226546072996326,0.7028659119897959,0.5862909459737347,0.3723847611029257
154718,70,CS_MAP,0.0,0.4501556366144164,0.6724728954081632,0.7335487091115893,0.4286409623474603
263068,1,clip_baseline,0.0,0.1172398460340766,0.7620176977040817,0.1118207099461826,0.0985883596285951
263068,1,CS_MAP,0.0,0.0973294893158287,0.6197983099489796,0.5977848809661682,0.110587906196093
263068,41,clip_baseline,0.0,0.0254892997758128,0.5923150510204082,0.0503410710437363,0.0248832109829345
263068,41,CS_MAP,0.0,0.0154613032545156,0.4910714285714285,0.0176376189353024,0.0202578268876611
214224,44,clip_baseline,1.0,0.2669479638196371,0.6951729910714286,0.5288127617579628,0.1886372075751949
214224,44,CS_MAP,1.0,0.2082307963226717,0.7809510522959183,0.4516055222311852,0.2725046333068573
214224,84,clip_baseline,0.0,0.0043368858950398,0.6539182079081632,0.0163977866912991,0.0001727314601566
214224,84,CS_MAP,0.0,0.0297646820866523,0.5690369897959183,0.0435347769833589,0.0517037231943165
567825,54,clip_baseline,1.0,0.655020036521606,0.8035315688775511,0.8294946372786399,0.6037622090920053
567825,54,CS_MAP,0.0,0.5195784588784703,0.7994060905612245,0.8930014103464414,0.637323436148746
567825,46,clip_baseline,1.0,0.5317018689727758,0.8674465880102041,0.8320015182619733,0.4794960087650649
567825,46,CS_MAP,1.0,0.3389415633584909,0.8077168367346939,0.8861354913441963,0.3883993660855784
546976,4,clip_baseline,0.0,0.5059597048545217,0.8201729910714286,0.5595841697919006,0.454539958892516
546976,4,CS_MAP,1.0,0.4553281720724855,0.8840481505102041,0.7546384991610833,0.6188417190775681
546976,1,clip_baseline,1.0,0.7805627700836046,0.8525390625,0.838920515039698,0.6138913531284246
546976,1,CS_MAP,1.0,0.5119161304630568,0.8870575573979592,0.8882656461137026,0.7197883702531646
107851,1,clip_baseline,0.0,0.0128287114265945,0.7632334183673469,0.0278094114734401,0.0192355320729794
107851,1,CS_MAP,0.0,0.0391227381682773,0.5851403061224489,0.1688619199053535,0.0535600618350459
107851,22,clip_baseline,1.0,0.5170487987857657,0.8669682716836735,0.7492920247185141,0.2722416048844309
107851,22,CS_MAP,1.0,0.1085756775957853,0.4977479272959184,0.5553592714009682,0.0745813748531139
499768,11,clip_baseline,1.0,0.3286104345320921,0.808952487244898,0.6378289707986042,0.2276828875281985
499768,11,CS_MAP,1.0,0.1054842856216918,0.4892777423469387,0.4193951975352963,0.0740044807400448
499768,3,clip_baseline,1.0,0.3068516773207361,0.7969746492346939,0.8319850354087122,0.1161721325698421
499768,3,CS_MAP,1.0,0.1238202864925516,0.6709382971938775,0.9434805385366204,0.0744436347328886
368684,73,clip_baseline,1.0,0.5614719753831974,0.8746811224489796,0.798943778660396,0.4942491755811147
368684,73,CS_MAP,1.0,0.3525568270229312,0.7917928890306123,0.8740109144820406,0.3927221996163459
368684,65,clip_baseline,1.0,0.3592231376842952,0.7447385204081632,0.6421107600650524,0.2982686828840675
368684,65,CS_MAP,1.0,0.2326805640057352,0.7586894132653061,0.935208549481598,0.3168970380818053
456292,17,clip_baseline,1.0,0.363036403486057,0.8229631696428571,0.7072824714304109,0.2047448522829006
456292,17,CS_MAP,1.0,0.092188901263854,0.7384008290816326,0.6321469409577635,0.1579960228366155
456292,44,clip_baseline,1.0,0.0746850046126285,0.7253667091836735,0.3813502076649672,0.0321674392470852
456292,44,CS_MAP,1.0,0.0295187755734965,0.5799386160714286,0.8072152134863538,0.0238514264542423
333745,6,clip_baseline,1.0,0.6164652678061907,0.5763711734693877,0.5806239490732121,0.2707061003225142
333745,6,CS_MAP,1.0,0.5957714964113116,0.6422791772959183,0.6745795420922193,0.4071345995045417
333745,1,clip_baseline,0.0,0.2357479975181749,0.6386918048469388,0.231562256469416,0.2046591208212687
333745,1,CS_MAP,1.0,0.2413491854950767,0.6691844706632653,0.5768154435314125,0.3182322257362303
34257,56,clip_baseline,1.0,0.2693697938615643,0.6615911989795918,0.4698851030156887,0.2381550610193826
34257,56,CS_MAP,0.0,0.2116169931720597,0.6269929846938775,0.5871465570081469,0.2514198864090872
34257,57,clip_baseline,1.0,0.6042031418110692,0.8467992665816326,0.8078611963626398,0.5280864387009638
34257,57,CS_MAP,1.0,0.385388273192853,0.875358737244898,0.928996028635484,0.6196095128033574
100428,32,clip_baseline,0.0,0.0689805166235441,0.7078683035714286,0.1202010415285877,0.0605050634534034
100428,32,CS_MAP,1.0,0.0386471052479204,0.6754623724489796,0.1554524389874361,0.0566562391379909
100428,1,clip_baseline,1.0,0.510104673470835,0.5691366390306123,0.4910298346778085,0.2244861355239086
100428,1,CS_MAP,0.0,0.4769936135514849,0.6744060905612245,0.6217446142094424,0.4748465074415764
26926,11,clip_baseline,1.0,0.754545337546567,0.8787468112244898,0.8887334532235299,0.7307130527154428
26926,11,CS_MAP,1.0,0.6418529714524376,0.9265186543367347,0.9371859644000944,0.8353944372516631
26926,3,clip_baseline,1.0,0.2229160747215622,0.7489237882653061,0.6104170244380345,0.1142515643675736
26926,3,CS_MAP,0.0,0.1005903780494177,0.7028061224489796,0.7388341150881694,0.0926680864009735
91654,50,clip_baseline,0.0,0.170152784334238,0.6759606186224489,0.3958979795324976,0.1457019756200084
91654,50,CS_MAP,1.0,0.1082245684110121,0.6140983737244898,0.4557460130252173,0.1318986774265859
91654,67,clip_baseline,0.0,0.1298069818325449,0.6735291772959183,0.1921500383371416,0.1853896265353821
91654,67,CS_MAP,1.0,0.0840205977421149,0.5750558035714286,0.1710330683030902,0.1027227201952615
199771,47,clip_baseline,1.0,0.648699638769022,0.8992745535714286,0.8962865056164153,0.3732638888888889
199771,47,CS_MAP,1.0,0.1476957897366148,0.6994579081632653,0.8635427671918731,0.1676326102555611
199771,51,clip_baseline,1.0,0.3005479108198154,0.7945830676020408,0.6927204872546167,0.1642747101273007
199771,51,CS_MAP,1.0,0.1008495946751452,0.6459661989795918,0.8532347613582645,0.1023749368367862
329542,61,clip_baseline,1.0,0.3643987519543155,0.8101283482142857,0.6849750898797724,0.3722738354088423
329542,61,CS_MAP,1.0,0.2432637016965258,0.6866629464285714,0.7826324606198597,0.2704746879495151
329542,47,clip_baseline,1.0,0.0465554233212149,0.6095942283163265,0.1092302157943265,0.0421026894865525
329542,47,CS_MAP,0.0,0.0146419747804739,0.5893654336734694,0.0130173825879691,0.0098990869774147
413689,28,clip_baseline,1.0,0.2739486635138465,0.8489118303571429,0.797009074866203,0.1434866116822958
413689,28,CS_MAP,1.0,0.1238396305629087,0.7183115433673469,0.88917949829798,0.0820885829328484
413689,1,clip_baseline,1.0,0.2022849901778796,0.6897520727040817,0.3505866090308471,0.1507364975450081
413689,1,CS_MAP,1.0,0.109071065569429,0.6053890306122449,0.5676259851490282,0.1373300801673057
98853,62,clip_baseline,0.0,0.0758375236221536,0.6993582589285714,0.0944066176014785,0.0723202755058114
98853,62,CS_MAP,1.0,0.059844260532772,0.5868542729591837,0.4190751227259746,0.0578129260976274
98853,43,clip_baseline,0.0,0.0405401087032707,0.6370376275510204,0.1202419061158375,0.0334872366396009
98853,43,CS_MAP,0.0,0.0076686664360209,0.5376076211734694,0.0081190555610508,0.0
405249,67,clip_baseline,0.0,0.6901617092192012,0.8191764987244898,0.7778293973120507,0.5991783000530129
405249,67,CS_MAP,1.0,0.6422001540878147,0.9020448022959184,0.8937637891606133,0.7771278284133678
405249,1,clip_baseline,1.0,0.8710203122589046,0.6181242028061225,0.8303184131757592,0.4214499230049216
405249,1,CS_MAP,0.0,0.756916723919502,0.7828244579081632,0.9252130526775288,0.6677743902439024
223182,62,clip_baseline,0.0,0.0488183426309196,0.6675103635204082,0.0828464863395347,0.0402140144977563
223182,62,CS_MAP,0.0,0.0294397597245231,0.6155731823979592,0.0806527908342108,0.037907127537533
223182,43,clip_baseline,1.0,0.2146982086325244,0.7677176339285714,0.548824034664596,0.1274238227146814
223182,43,CS_MAP,1.0,0.0877385178760475,0.6974250637755102,0.5445653156784966,0.0897535823490617
351530,62,clip_baseline,1.0,0.6848819092875524,0.8412986288265306,0.7805445577513396,0.5780297811456733
351530,62,CS_MAP,1.0,0.5358383183004647,0.857063137755102,0.8357568851287329,0.6405553049666717
351530,15,clip_baseline,0.0,0.1604514511691605,0.6843510841836735,0.1769714571096739,0.1724750509431004
351530,15,CS_MAP,0.0,0.1489468024289887,0.6984215561224489,0.2405312459375891,0.2022353437368199
443969,28,clip_baseline,1.0,0.4594988840515047,0.8555086096938775,0.8996390140060488,0.273401483263179
443969,28,CS_MAP,1.0,0.2071775004870342,0.7574736926020408,0.944508111043739,0.1852025443588885
443969,1,clip_baseline,0.0,0.3367793751532575,0.6805046237244898,0.3323466515658165,0.2475122042808862
443969,1,CS_MAP,0.0,0.2420063936723216,0.721320950255102,0.6336349099436294,0.3883737205843758
181542,1,clip_baseline,1.0,0.397656482308156,0.7054966517857143,0.3457816144184383,0.1986877067404154
181542,1,CS_MAP,0.0,0.2666460517450473,0.5843630420918368,0.4967655015312889,0.2400889083224019
181542,8,clip_baseline,1.0,0.3363668912421766,0.7583904655612245,0.8530134966918126,0.1450634696755994
181542,8,CS_MAP,1.0,0.1049513098628042,0.5600087691326531,0.8327806736842981,0.086027737528462
359833,1,clip_baseline,1.0,0.6442071599200939,0.8461415816326531,0.7902246028333615,0.5159267619764234
359833,1,CS_MAP,1.0,0.4277307556663465,0.7016501913265306,0.9235880432734472,0.390224032586558
359833,53,clip_baseline,1.0,0.7077312478635385,0.8537747130102041,0.8242399919681668,0.6567164179104478
359833,53,CS_MAP,1.0,0.5599099906451425,0.8761758609693877,0.8554540455298719,0.7245400133008202
23034,1,clip_baseline,0.0,0.5498228932444146,0.7898596938775511,0.5115789583549164,0.3150578147330128
23034,1,CS_MAP,1.0,0.3779650253720762,0.8748206313775511,0.9003183971980068,0.5612601285275216
23034,19,clip_baseline,1.0,0.4260529170765276,0.8986168686224489,0.7674496755469995,0.2827129159616469
23034,19,CS_MAP,1.0,0.1630033812858714,0.8844866071428571,0.8026041321144364,0.2563510392609699
36936,72,clip_baseline,1.0,0.1862222750473518,0.8073780293367347,0.337845182732982,0.1229582577132486
36936,72,CS_MAP,0.0,0.088325089532167,0.6841717155612245,0.4466424760278053,0.0968311865952353
36936,63,clip_baseline,0.0,0.176862439770397,0.7027264030612245,0.2156326987369781,0.2154841424288644
36936,63,CS_MAP,0.0,0.1703915853410564,0.6644013073979592,0.4929079356045726,0.1919090123812266
184384,67,clip_baseline,1.0,0.093907192998884,0.6044921875,0.1551814540900012,0.0985691573926868
184384,67,CS_MAP,0.0,0.0972642294774778,0.668586575255102,0.2727393741730729,0.1342669720949604
184384,1,clip_baseline,0.0,0.1241418778479978,0.6660754145408163,0.3438983486624922,0.0755352019421761
184384,1,CS_MAP,1.0,0.0602255497401461,0.5792012117346939,0.5698531614290075,0.0673204346673734
520832,28,clip_baseline,0.0,0.0149743879386726,0.6288265306122449,0.0230931627426489,0.0092563038621129
520832,28,CS_MAP,0.0,0.0426839501126535,0.4971301020408163,0.0757001592245038,0.0489615920998077
520832,31,clip_baseline,1.0,0.1060342861703097,0.6797871492346939,0.6270792331441004,0.0427192564346997
520832,31,CS_MAP,1.0,0.0262055446088873,0.5486686862244898,0.3831190572286956,0.0269828993726905
289059,43,clip_baseline,0.0,0.2659601174664289,0.7568558673469388,0.6043697718101175,0.213207790532697
289059,43,CS_MAP,0.0,0.1729892454786847,0.7295519770408163,0.7103441128539472,0.2031708749266001
289059,1,clip_baseline,1.0,0.6703266270053105,0.6576849489795918,0.6854034000060758,0.4339572897442657
289059,1,CS_MAP,0.0,0.6301853871802855,0.8711535395408163,0.8872577348792451,0.7730304732481393
315492,1,clip_baseline,1.0,0.3749291605862387,0.8303172831632653,0.6409402930677418,0.2706869967449032
315492,1,CS_MAP,1.0,0.1276078315968727,0.6333904655612245,0.6625237645679465,0.156308764848874
315492,70,clip_baseline,1.0,0.1694498185016391,0.7288544323979592,0.3858307380751015,0.1364646144081244
315492,70,CS_MAP,0.0,0.079771736582465,0.6252590880102041,0.1791695283463804,0.1015815375794352
394275,1,clip_baseline,0.0,0.0172505114392816,0.6501514668367347,0.0292956197447835,0.0139310189866307
394275,1,CS_MAP,1.0,0.0477658872512201,0.4926857461734694,0.3370853332218415,0.0612553473963711
394275,6,clip_baseline,1.0,0.8855845835566806,0.6810028698979592,0.904512516156976,0.5225225225225225
394275,6,CS_MAP,1.0,0.8030415548888591,0.7920719068877551,0.9279703523371708,0.6983897545604348
415716,63,clip_baseline,0.0,0.1062006677250274,0.6131417410714286,0.3217367506849724,0.0830892772791686
415716,63,CS_MAP,0.0,0.0635813824585728,0.6303013392857143,0.1418137279414382,0.0812283308568598
415716,62,clip_baseline,1.0,0.3205707284875609,0.7608019770408163,0.6201013638754052,0.3035859347800859
415716,62,CS_MAP,1.0,0.2625502062732686,0.7320830676020408,0.7830416484449926,0.2764021961459791
455267,57,clip_baseline,0.0,0.062717900386204,0.6774154974489796,0.1862170832956073,0.0407159367036093
455267,57,CS_MAP,0.0,0.0208528588485928,0.5206672512755102,0.1762400801073295,0.0282424242424242
455267,79,clip_baseline,1.0,0.847963642047223,0.5157047193877551,0.8691672866213042,0.4380983212320214
455267,79,CS_MAP,1.0,0.8112343916833448,0.4976482780612244,0.8492062603198881,0.447588156654759
194875,4,clip_baseline,1.0,0.8024378798903479,0.8927375637755102,0.8673812354128538,0.7359175662414131
194875,4,CS_MAP,1.0,0.6271670415110098,0.8991948341836735,0.9278665945906664,0.7535568115377119
194875,1,clip_baseline,1.0,0.3835204008539781,0.7815688775510204,0.407342924814994,0.2707432297558054
194875,1,CS_MAP,0.0,0.1810708021282859,0.6515066964285714,0.6491501005548947,0.2431941138281757
381360,42,clip_baseline,0.0,0.0697556753089279,0.7074099170918368,0.2204427772927411,0.0508792345487458
381360,42,CS_MAP,1.0,0.0279861755505852,0.5553850446428571,0.5683367886591599,0.0340751645306546
381360,1,clip_baseline,1.0,0.2932336408331535,0.7765465561224489,0.5867352509233835,0.1948872612379721
381360,1,CS_MAP,0.0,0.1868744177994093,0.8768136160714286,0.7251880176985626,0.3119991095280499
10583,67,clip_baseline,0.0,0.8565537673907117,0.3667091836734694,0.8371168432737972,0.3595743394401112
10583,67,CS_MAP,1.0,0.913452920295176,0.4672552614795918,0.9039756829626122,0.4488226318611076
10583,54,clip_baseline,1.0,0.4906056537318369,0.7345543686224489,0.590562762859413,0.4216925014111415
10583,54,CS_MAP,0.0,0.3163263985383871,0.6072026466836735,0.4176930106034792,0.3370446365501698
329456,31,clip_baseline,1.0,0.0684248522350165,0.716796875,0.3352337544024915,0.034908992121706
329456,31,CS_MAP,0.0,0.0165044599681391,0.5428691007653061,0.137733283909656,0.0165923512262047
329456,1,clip_baseline,1.0,0.6666599828786186,0.5500239158163265,0.6713656571119128,0.3594166713953356
329456,1,CS_MAP,0.0,0.7284038502436339,0.8238201530612245,0.9052656558578616,0.7234475207257939
335529,15,clip_baseline,1.0,0.7192606940736893,0.9130261479591836,0.8986929280658299,0.6369082286379899
335529,15,CS_MAP,0.0,0.4699741927608559,0.9091996173469388,0.942644420593573,0.6297440065014221
335529,9,clip_baseline,0.0,0.0928226245360748,0.7338767538265306,0.1600991356853642,0.0421777490854314
335529,9,CS_MAP,1.0,0.0503224022437697,0.7045798788265306,0.311595234502652,0.0620728929384965
451084,1,clip_baseline,1.0,0.594501252049385,0.8809590242346939,0.8003853644427507,0.4608719198483618
451084,1,CS_MAP,1.0,0.1982179097513499,0.6980628188775511,0.6975088953419273,0.2596393490690514
451084,41,clip_baseline,0.0,0.1640890923562187,0.7183514030612245,0.7051086847289821,0.0757357750163505
451084,41,CS_MAP,1.0,0.0453997653618462,0.5057597257653061,0.793261014452481,0.0446122433254998
458702,14,clip_baseline,1.0,0.2027431468568233,0.7081273915816326,0.553506996164911,0.1749760576868908
458702,14,CS_MAP,0.0,0.1180093686809078,0.6739277742346939,0.5292726362938052,0.1612324413001127
458702,3,clip_baseline,1.0,0.2200616367576333,0.7421675701530612,0.8280470750601083,0.096830494275342
458702,3,CS_MAP,1.0,0.1390947516404911,0.6962492028061225,0.8837645167522376,0.0815354947571411
499622,1,clip_baseline,1.0,0.1821720416302845,0.7238719706632653,0.20294326281629,0.0829968892712952
499622,1,CS_MAP,0.0,0.0982438824855612,0.6254583864795918,0.393331266860337,0.1169532938633587
499622,4,clip_baseline,0.0,0.4954703063410699,0.7706871811224489,0.542076512184948,0.4568542296072507
499622,4,CS_MAP,1.0,0.4073048673700037,0.8107461734693877,0.7021553281928603,0.564982362911723
458109,1,clip_baseline,0.0,0.0524838400231256,0.8214485012755102,0.0655923177776187,0.0519576719576719
458109,1,CS_MAP,1.0,0.0205126295788777,0.5693957270408163,0.5085930698144653,0.0232368896925858
458109,7,clip_baseline,1.0,0.6631528643715067,0.6665935905612245,0.718981406868507,0.4332226588968695
458109,7,CS_MAP,1.0,0.5568863015156619,0.6250199298469388,0.6517267730569989,0.4348492130241499
192191,59,clip_baseline,1.0,0.4885658031776467,0.8716318558673469,0.7900475801803923,0.3993285461158258
192191,59,CS_MAP,1.0,0.2405880388245392,0.7626155931122449,0.959708806471997,0.264435249799296
192191,79,clip_baseline,1.0,0.9239768043282416,0.6958904655612245,0.963146710758889,0.5866785849721003
192191,79,CS_MAP,1.0,0.8049559380098216,0.6408442283163265,0.8968934402348714,0.5336059421827687
78565,1,clip_baseline,0.0,0.0252128148303655,0.645866549744898,0.0261323646667991,0.0271024967148488
78565,1,CS_MAP,1.0,0.0312834232583554,0.4663783482142857,0.3240435586762584,0.0283070223189983
78565,9,clip_baseline,1.0,0.2658096502112391,0.7976522640306123,0.7086729326280929,0.1575672087620312
78565,9,CS_MAP,1.0,0.1064505130107521,0.7690130739795918,0.6028688356460759,0.1407813774186374
118515,15,clip_baseline,1.0,0.7264283838043327,0.9308235012755102,0.931767346725185,0.7115192819148937
118515,15,CS_MAP,1.0,0.4358203612382436,0.9610770089285714,0.9253617137367712,0.8096862210095498
118515,17,clip_baseline,1.0,0.6131236953832718,0.9025430484693876,0.7769469060607752,0.5382436260623229
118515,17,CS_MAP,1.0,0.4120524770126875,0.8895687181122449,0.90488510119846,0.5161966297040077
511076,15,clip_baseline,1.0,0.1360998758462306,0.6939174107142857,0.3638477306202159,0.0937094299539714
511076,15,CS_MAP,1.0,0.1086765599664161,0.6528818558673469,0.8010827112913277,0.0858657429276229
511076,31,clip_baseline,1.0,0.1449166405968929,0.6646006058673469,0.9877982114097836,0.0468396012686905
511076,31,CS_MAP,1.0,0.0405125596013138,0.5626395089285714,0.8504557353858196,0.0363165290707886
452084,67,clip_baseline,0.0,0.2981796429483415,0.6907286352040817,0.3540133547756903,0.3151204872451231
452084,67,CS_MAP,1.0,0.3560739299833378,0.6654177295918368,0.5050047580357704,0.4004713949003642
452084,58,clip_baseline,1.0,0.2705150006683156,0.8234614158163265,0.8998339360153133,0.1308016877637131
452084,58,CS_MAP,1.0,0.0519195882338015,0.5731425382653061,0.4687748496474702,0.0585908311722561
447465,36,clip_baseline,0.0,0.0459242144618719,0.7067920918367347,0.0524556260857787,0.0611359285258455
447465,36,CS_MAP,0.0,0.0338517640027337,0.5688576211734694,0.0385151037757668,0.0435916707193067
447465,1,clip_baseline,1.0,0.3304664515626562,0.5915577168367347,0.3285628394502128,0.2226226150286386
447465,1,CS_MAP,0.0,0.3727297659775963,0.7677574936224489,0.5483270672638332,0.4513653483992467
26204,8,clip_baseline,1.0,0.1385486604685709,0.7111168686224489,0.258365344144826,0.0866990107743683
26204,8,CS_MAP,1.0,0.0791430706141659,0.5824497767857143,0.4036104423647861,0.0691340471853201
26204,6,clip_baseline,0.0,0.3813142825639074,0.8410794005102041,0.5453719487891595,0.2505639097744361
26204,6,CS_MAP,1.0,0.1658973929374533,0.6072823660714286,0.6495036605525918,0.1330077437521999
353970,17,clip_baseline,1.0,0.8370036050853245,0.8385483099489796,0.9149699365167354,0.652213111235135
353970,17,CS_MAP,0.0,0.7299258463407284,0.9135841836734694,0.911042663796954,0.8277108912464736
353970,62,clip_baseline,1.0,0.7327074206593993,0.7214803890306123,0.7979922874840419,0.5213385395259624
353970,62,CS_MAP,1.0,0.7545715854967867,0.8398636798469388,0.9188081505622456,0.714250151143355
248631,73,clip_baseline,1.0,0.6590163240288336,0.7268016581632653,0.7392723874868607,0.4901246047982146
248631,73,CS_MAP,1.0,0.6145806383597803,0.7864716198979592,0.784541098973836,0.5901927784577723
248631,74,clip_baseline,1.0,0.2693307077830082,0.7965959821428571,0.8828833316289686,0.1590309822017139
248631,74,CS_MAP,0.0,0.1680859156278019,0.7311463647959183,0.9285948722241064,0.1251621271076524
349594,1,clip_baseline,1.0,0.8759212152862385,0.6760801977040817,0.9016458290745352,0.5107759918126543
349594,1,CS_MAP,1.0,0.7518569178811376,0.8537946428571429,0.9031128969396456,0.790919713854134
349594,60,clip_baseline,1.0,0.3306469698807096,0.8672871492346939,0.8370927331976526,0.1742311507936507
349594,60,CS_MAP,0.0,0.1207820847073092,0.7602838010204082,0.7702007395183514,0.1045931660835256
252219,1,clip_baseline,1.0,0.1448570073647919,0.6614516900510204,0.3930911712786313,0.1156289046230737
252219,1,CS_MAP,0.0,0.0880223512179648,0.5962611607142857,0.4705892362011968,0.1144817939415133
252219,10,clip_baseline,0.0,0.0520847748088219,0.6913066007653061,0.0792444574861479,0.0404534754057737
252219,10,CS_MAP,0.0,0.0207142158945382,0.5666454081632653,0.024600344818177,0.0281576830249396
132329,82,clip_baseline,1.0,0.9767947091369062,0.4619738520408163,0.982009438827354,0.435832062025872
132329,82,CS_MAP,1.0,0.9687160612432107,0.5514389349489796,0.987587818020898,0.5290732952524428
132329,44,clip_baseline,1.0,0.4324307127553961,0.8096301020408163,0.7890915849903211,0.3660737987788691
132329,44,CS_MAP,0.0,0.2478538147017166,0.7685945471938775,0.7815466767614441,0.3004157377839369
435003,72,clip_baseline,0.0,0.3732039879906293,0.7746731505102041,0.4182724453679168,0.350379223167088
435003,72,CS_MAP,1.0,0.2030334772530888,0.5820511798469388,0.3638761198479874,0.2201480049087055
435003,62,clip_baseline,1.0,0.36254497147673,0.7624960140306123,0.5754727135268047,0.321587157007856
435003,62,CS_MAP,1.0,0.2877376147006295,0.8079559948979592,0.6643215515350356,0.3740824943163365
163290,24,clip_baseline,1.0,0.4074339006255097,0.8287627551020408,0.7200767394973512,0.2967176884668904
163290,24,CS_MAP,1.0,0.2642387780858552,0.8223453443877551,0.9511257976461336,0.3000392618767177
163290,25,clip_baseline,1.0,0.1746016808783538,0.7126116071428571,0.5464711723366499,0.1030106991789002
163290,25,CS_MAP,1.0,0.0733817608798794,0.609016262755102,0.4783264778647071,0.0779281819890957
239347,1,clip_baseline,0.0,0.119939173066785,0.6507692920918368,0.1217992244432367,0.1208609271523178
239347,1,CS_MAP,1.0,0.1261457744760641,0.5844029017857143,0.435983504109746,0.1718098415346121
239347,65,clip_baseline,1.0,0.6303621277225377,0.7881257971938775,0.6539948896899499,0.4348819902190091
239347,65,CS_MAP,1.0,0.3850177400438401,0.7586495535714286,0.584011601707949,0.4358520450945681
9590,1,clip_baseline,1.0,0.3256343925599139,0.6666135204081632,0.3761988867641959,0.2421510442622208
9590,1,CS_MAP,1.0,0.2604615477110307,0.6671117665816326,0.668108330130269,0.3334264506345279
9590,51,clip_baseline,1.0,0.1685273442977172,0.8114038584183674,0.4619016813955215,0.0827760007754192
9590,51,CS_MAP,1.0,0.0470194489095233,0.6755022321428571,0.4881956318376689,0.0562800672346838
162581,43,clip_baseline,0.0,0.089717517583537,0.6770169005102041,0.5348233646264613,0.0379912145316395
162581,43,CS_MAP,1.0,0.0359927309019631,0.5626992984693877,0.7515258480749091,0.0283411566734567
162581,1,clip_baseline,1.0,0.263356771550655,0.6903101084183674,0.2889228043970707,0.170279794959419
162581,1,CS_MAP,0.0,0.2044622407182051,0.7186503507653061,0.3553810343606935,0.2957345971563981
490125,16,clip_baseline,1.0,0.3245053583924169,0.8286830357142857,0.4749137107451648,0.2592847910383455
490125,16,CS_MAP,1.0,0.1896517911882079,0.848014987244898,0.6912209839109303,0.2856206088992974
490125,8,clip_baseline,0.0,0.5493379377709844,0.8932158801020408,0.6537192037410217,0.5233944138053727
490125,8,CS_MAP,1.0,0.2930962570454299,0.697265625,0.9491162350620316,0.2818985486692195
313562,1,clip_baseline,1.0,0.7741729238515003,0.8172831632653061,0.8264809460060882,0.5951960438007771
313562,1,CS_MAP,0.0,0.5538168870403433,0.9225326849489796,0.9085031464307408,0.8177171262427312
313562,57,clip_baseline,1.0,0.4529084654124934,0.8811184630102041,0.8501860501501103,0.2984828883923321
313562,57,CS_MAP,1.0,0.152621667729282,0.8003427933673469,0.9477146679971244,0.2035299729686754
402720,1,clip_baseline,1.0,0.6285310499750577,0.7148636798469388,0.5249756256669806,0.2831805200661356
402720,1,CS_MAP,1.0,0.3139119189946094,0.6242028061224489,0.6023291450093119,0.3322709727681575
402720,44,clip_baseline,0.0,0.0971329671308557,0.7766860650510204,0.2078815275756635,0.0591939546599496
402720,44,CS_MAP,0.0,0.0394912559705985,0.5961415816326531,0.4341010734351168,0.0345878989995235
261888,2,clip_baseline,1.0,0.4379462548952686,0.8639987244897959,0.6627627502306821,0.3551922895209298
261888,2,CS_MAP,0.0,0.2369118071984121,0.7439413265306123,0.7464672868052222,0.2327720052549862
261888,1,clip_baseline,0.0,0.1721400551594761,0.7204639668367347,0.2749322243419111,0.1257791074545001
261888,1,CS_MAP,0.0,0.1164198535069878,0.6675502232142857,0.5044881325915493,0.1226529216851627
229849,1,clip_baseline,1.0,0.6404612706248042,0.5714086415816326,0.6122720101523811,0.3316239316239316
229849,1,CS_MAP,1.0,0.6230743907787291,0.7602040816326531,0.8455819389644513,0.6043016410694906
229849,43,clip_baseline,0.0,0.0052405801830586,0.6630261479591837,0.0137418571096569,0.0005910864168341
229849,43,CS_MAP,0.0,0.0098175305933796,0.6242227359693877,0.0091406232907574,5.3033517182859566e-05
475064,60,clip_baseline,1.0,0.3605275894645258,0.8090521364795918,0.8772369086512931,0.2064109997515116
475064,60,CS_MAP,1.0,0.1734638164765856,0.7643096301020408,0.9472154155465794,0.1723124300111982
475064,1,clip_baseline,0.0,0.141987983057369,0.7368861607142857,0.1370133355731185,0.1427272727272727
475064,1,CS_MAP,0.0,0.1477998854860602,0.6452287946428571,0.8026627721642039,0.1683330218650719
181859,81,clip_baseline,0.0,0.2467823341196503,0.7024473852040817,0.3947532368240617,0.2613299030279042
181859,81,CS_MAP,0.0,0.1432860918560259,0.5531728316326531,0.1478795394373773,0.1440461191921505
181859,17,clip_baseline,1.0,0.7408463219789753,0.9074059311224488,0.876753465422673,0.6750594488739684
181859,17,CS_MAP,1.0,0.5652070939222369,0.9134845344387756,0.9636100255955096,0.7037264537264537
461009,53,clip_baseline,1.0,0.4239539555244014,0.8561862244897959,0.9541321274474556,0.1546391752577319
461009,53,CS_MAP,1.0,0.1383747235489337,0.8061224489795918,0.9338418534543385,0.1188405797101449
461009,62,clip_baseline,0.0,0.0939978435193291,0.6915258290816326,0.1054773280253359,0.1115830559063253
461009,62,CS_MAP,1.0,0.0839162060701571,0.6324736926020408,0.2132200143094523,0.1048927288612756
507975,1,clip_baseline,1.0,0.2759823605679383,0.7887834821428571,0.2152184389410641,0.1954755940180672
507975,1,CS_MAP,1.0,0.2099563741488726,0.7078085140306123,0.822728273289314,0.2885082014947103
507975,19,clip_baseline,1.0,0.6886362755579419,0.7818279655612245,0.7243117420302351,0.525734338445542
507975,19,CS_MAP,1.0,0.591139718732522,0.8405213647959183,0.8894235093859049,0.6752698644590537
187144,1,clip_baseline,1.0,0.1634683864651429,0.7503388073979592,0.4541452930964266,0.0811940736394308
187144,1,CS_MAP,0.0,0.0501439640322082,0.5372090242346939,0.5990368898920758,0.0487095452683326
187144,6,clip_baseline,1.0,0.7319496679886546,0.8831313775510204,0.8218201667476139,0.6692984434919919
187144,6,CS_MAP,1.0,0.587957068393039,0.9162946428571428,0.8377675702370421,0.7506382473431099
152686,43,clip_baseline,0.0,0.0989237830679198,0.7402144451530612,0.3465924486347753,0.0461729840480023
152686,43,CS_MAP,1.0,0.0294345198335306,0.5407963966836735,0.8675024226502858,0.0266559648529908
152686,1,clip_baseline,1.0,0.3583428542093558,0.7265824298469388,0.4020456451617552,0.2835657214475952
152686,1,CS_MAP,1.0,0.2628261138962072,0.7964764030612245,0.4647839779610531,0.4315297261189045
115870,1,clip_baseline,1.0,0.3783374176919004,0.7339963329081632,0.3375339817034362,0.2399635556061727
115870,1,CS_MAP,0.0,0.2780460353680838,0.6417410714285714,0.6675021660741509,0.3172028715767083
115870,63,clip_baseline,1.0,0.462153552706175,0.7346141581632653,0.5135992086262825,0.4112133003183587
115870,63,CS_MAP,1.0,0.4873638691418226,0.8453045280612245,0.8521109517320056,0.6291093272171254
32610,73,clip_baseline,1.0,0.564973847735224,0.6555923150510204,0.6614374052592328,0.4086709553791404
32610,73,CS_MAP,1.0,0.594655439066582,0.8857621173469388,0.8847337257232898,0.759664570230608
32610,27,clip_baseline,0.0,0.5814964638729101,0.8616270727040817,0.8685560059874812,0.6127718906860011
32610,27,CS_MAP,1.0,0.4958794547699144,0.941505899234694,0.9652147348041512,0.791311149032992
530061,67,clip_baseline,0.0,0.430179705264423,0.7744539221938775,0.6331100462535482,0.3830680331443524
530061,67,CS_MAP,0.0,0.3241171170008876,0.6784917091836735,0.8196496138678492,0.3075503283684594
530061,51,clip_baseline,1.0,0.6590904504860357,0.8965441645408163,0.9274602408487432,0.5889619130572492
530061,51,CS_MAP,1.0,0.3490007875187201,0.7466717155612245,0.9329689590807444,0.3705867789056697
321214,1,clip_baseline,1.0,0.781754505634343,0.7380221619897959,0.8068019825037895,0.5370500810030288
321214,1,CS_MAP,1.0,0.615014875571172,0.8213687818877551,0.8864514303868647,0.6915160901738083
321214,62,clip_baseline,0.0,0.03767565674575,0.6306002869897959,0.0402931391713754,0.0325190520931203
321214,62,CS_MAP,1.0,0.0605722092215039,0.6436344068877551,0.1614122371166398,0.0962345211018448
291490,65,clip_baseline,1.0,0.8726253265297457,0.8048070790816326,0.9512206032434908,0.7141856596725713
291490,65,CS_MAP,1.0,0.808143747565876,0.8003427933673469,0.9277238825784236,0.7316079944274768
291490,17,clip_baseline,1.0,0.7284696844385132,0.922951211734694,0.8898317541956454,0.6744969268333755
291490,17,CS_MAP,1.0,0.3819249769286993,0.8980389030612245,0.7244860515950704,0.6308003175290466
21465,62,clip_baseline,1.0,0.2277512656837301,0.678093112244898,0.6931358678411542,0.1712247934732413
21465,62,CS_MAP,1.0,0.1213624004381449,0.5912587691326531,0.5564266536624622,0.1208419067215363
21465,86,clip_baseline,1.0,0.1908869704482025,0.7590481505102041,0.5454787166914742,0.120023291360361
21465,86,CS_MAP,0.0,0.0516172796406158,0.5310108418367347,0.1807848118468498,0.0692560218328521
316666,44,clip_baseline,1.0,0.1646621967058659,0.7345942283163265,0.7958554668852351,0.0446915351506456
316666,44,CS_MAP,1.0,0.0384983944104456,0.6586415816326531,0.5834484020134817,0.0350966142752521
316666,67,clip_baseline,0.0,0.0545067557688305,0.5826690051020408,0.0708229439920151,0.057266342517558
316666,67,CS_MAP,0.0,0.0341632398579631,0.5315290178571429,0.0298329718322375,0.0230257689110556
49269,19,clip_baseline,1.0,0.6747743357913734,0.8057637117346939,0.771797490286535,0.5261571373006613
49269,19,CS_MAP,1.0,0.5899958982254925,0.9370216836734694,0.943112074286321,0.8270388615216201
49269,18,clip_baseline,1.0,0.7897881384742573,0.9129663584183674,0.8635527248791709,0.6995528035775713
49269,18,CS_MAP,1.0,0.5096098663680669,0.9572704081632653,0.9454183884205276,0.8429879165140974
89556,11,clip_baseline,1.0,0.2433410180189961,0.7343351403061225,0.8593713387585882,0.0723084417843969
89556,11,CS_MAP,1.0,0.036464569363931,0.5564811862244898,0.6329288858458998,0.0444005496392992
89556,3,clip_baseline,0.0,0.3286542513173053,0.711555325255102,0.3271940446784318,0.3162146839270528
89556,3,CS_MAP,1.0,0.333651760727848,0.752311862244898,0.4707851641908939,0.4019249278152069
179898,84,clip_baseline,0.0,0.0154187616506496,0.6587611607142857,0.0155719149378507,0.0157507472982294
179898,84,CS_MAP,0.0,0.0192481274605009,0.4775191326530612,0.2045594971090276,0.0206582240651499
179898,67,clip_baseline,1.0,0.0765998594411732,0.6470623405612245,0.5433922856046696,0.0493343354090616
179898,67,CS_MAP,0.0,0.057549255363825,0.5741589604591837,0.7428677702280078,0.041236650812169
491497,62,clip_baseline,0.0,0.2917933919118736,0.7179926658163265,0.5489249620796951,0.3343056078283778
491497,62,CS_MAP,1.0,0.2539953880938473,0.7348134566326531,0.777633333428519,0.3660790852787041
491497,84,clip_baseline,1.0,0.3455150697918528,0.8161670918367347,0.7620036056644366,0.2057861201997589
491497,84,CS_MAP,1.0,0.1402303967566396,0.8635801977040817,0.7548390999351353,0.2587980508933405
261161,18,clip_baseline,1.0,0.7461619236250135,0.8726084183673469,0.8402572246885051,0.6389312545896175
261161,18,CS_MAP,1.0,0.6980832926186057,0.9403698979591836,0.9502243212659384,0.8341003604103133
261161,15,clip_baseline,1.0,0.5978333113517863,0.8751793686224489,0.7905426400853037,0.5155101725071556
261161,15,CS_MAP,1.0,0.4389927342993328,0.8387675382653061,0.8696631184727425,0.4787035247116438
492110,77,clip_baseline,0.0,0.232127213741971,0.8329480229591837,0.5074937094951014,0.0673194614443084
492110,77,CS_MAP,1.0,0.0296128924789121,0.5189732142857143,0.5645521077625999,0.0244533365668323
492110,1,clip_baseline,1.0,0.7502412717744424,0.7691127232142857,0.7426589948538729,0.4677967658948916
492110,1,CS_MAP,0.0,0.6013161847241804,0.8963647959183674,0.7998253781201977,0.7666068222621185
281687,31,clip_baseline,1.0,0.3631963960794044,0.7495814732142857,0.597801554065344,0.2816305528557544
281687,31,CS_MAP,0.0,0.3046545413344805,0.7596859056122449,0.7206939166094867,0.3170206740300198
281687,1,clip_baseline,1.0,0.6464753002641199,0.757194674744898,0.6399027342422473,0.4328476327917694
281687,1,CS_MAP,1.0,0.3783511072989816,0.738639987244898,0.5970721737878248,0.504833106781453
498463,78,clip_baseline,0.0,0.020468037038765,0.6012635522959183,0.0218223273758356,0.0263285964570761
498463,78,CS_MAP,0.0,0.0149424073507176,0.4577686543367347,0.0123627391629287,0.0095380246823692
498463,82,clip_baseline,1.0,0.6914531247369714,0.6785315688775511,0.7962390169038402,0.4958587279262385
498463,82,CS_MAP,1.0,0.6044372501865113,0.7090441645408163,0.7159057133391487,0.575066946093841
187236,63,clip_baseline,1.0,0.575924430439868,0.5948461415816326,0.5658607971340194,0.3438448131172939
187236,63,CS_MAP,0.0,0.50584148274425,0.6353037308673469,0.5275354618983406,0.4357037128407549
187236,17,clip_baseline,1.0,0.6652974653857822,0.7540656887755102,0.6859434553468091,0.4810110611094755
187236,17,CS_MAP,1.0,0.6440812799903434,0.8896085778061225,0.9130750265031472,0.7585650771510767
470952,1,clip_baseline,1.0,0.8398896888643546,0.7398557079081632,0.7907080273614904,0.5096359743040685
470952,1,CS_MAP,1.0,0.6333216403134849,0.8342833227040817,0.8658431285625361,0.695777842821601
470952,35,clip_baseline,0.0,0.0306847771923147,0.6299027423469388,0.0675975874805515,0.0339697237684024
470952,35,CS_MAP,1.0,0.0207646591803619,0.5407565369897959,0.1864390695041421,0.0256247621463909
167159,65,clip_baseline,1.0,0.9461016425265916,0.3898078762755102,0.9482001371467824,0.3807115839721677
167159,65,CS_MAP,1.0,0.9469150378443696,0.4286511479591837,0.9508955446768788,0.4199579151829071
167159,84,clip_baseline,1.0,0.5071327874205231,0.9004304846938775,0.6476704753327899,0.4750998108846396
167159,84,CS_MAP,1.0,0.3419642441228347,0.8854830994897959,0.7968702477143856,0.4528661207389068
133244,1,clip_baseline,1.0,0.4086435444322034,0.6432756696428571,0.4151665642822951,0.2740509409474367
133244,1,CS_MAP,0.0,0.3983071307735714,0.8208306760204082,0.55408904812887,0.5917347865576749
133244,62,clip_baseline,0.0,0.1375540288766376,0.6791892538265306,0.1514630605232582,0.1208629164391043
133244,62,CS_MAP,1.0,0.1197801414308461,0.6470025510204082,0.3257055332202159,0.1539527107714354
540414,28,clip_baseline,1.0,0.1220550340109113,0.7668407206632653,0.1780295516377819,0.1081719774355847
540414,28,CS_MAP,1.0,0.0819586746617325,0.6881776147959183,0.6673639055175876,0.0882284382284382
540414,1,clip_baseline,1.0,0.2872661179108924,0.6699617346938775,0.2680958520245407,0.1721241813727941
540414,1,CS_MAP,1.0,0.2375594731661055,0.6469029017857143,0.568820380081911,0.2900420757363254
572555,10,clip_baseline,0.0,0.0194035089947973,0.7536471619897959,0.0218519458390526,0.0262328659209075
572555,10,CS_MAP,0.0,0.0202109604366727,0.5586336096938775,0.1209293261435455,0.0232435054911127
572555,7,clip_baseline,1.0,0.7056729958626508,0.7266023596938775,0.7566708844067132,0.4829639680385949
572555,7,CS_MAP,1.0,0.503273839769371,0.6365194515306123,0.7138400393371483,0.4754975267456574
463802,88,clip_baseline,1.0,0.786835571681975,0.8356186224489796,0.8430025071090447,0.571643728901584
463802,88,CS_MAP,1.0,0.5937919645760191,0.9137236926020408,0.8822431699923673,0.7822105951602355
463802,43,clip_baseline,1.0,0.4201275939960919,0.7675183354591837,0.6206708344399847,0.3478139326847814
463802,43,CS_MAP,1.0,0.3721598501367568,0.7643295599489796,0.8748523431012211,0.396806774127729
3501,51,clip_baseline,1.0,0.8232405235989838,0.6012834821428571,0.8473285432737414,0.4892128577629127
3501,51,CS_MAP,1.0,0.7374713175045726,0.5282206632653061,0.7855846456059281,0.408495752123938
3501,56,clip_baseline,1.0,0.451013159246026,0.9052734375,0.870207342393101,0.4660750393170074
3501,56,CS_MAP,1.0,0.2058734202540038,0.6413026147959183,0.9036586317979756,0.1884018759018759
348708,67,clip_baseline,0.0,0.98738465308058,0.4442163584183674,0.984601655360842,0.4390175212729577
348708,67,CS_MAP,1.0,0.9912039594911656,0.5212053571428571,0.994838556153924,0.5163764469048817
348708,51,clip_baseline,1.0,0.7898227459414395,0.7292729591836735,0.8672149660182669,0.5394161326416438
348708,51,CS_MAP,0.0,0.6864411500261105,0.7482661033163265,0.8542623652215782,0.5845885680457804
332901,20,clip_baseline,1.0,0.7563544863831513,0.8208306760204082,0.7837261099366813,0.5313314565738714
332901,20,CS_MAP,1.0,0.4856419134161673,0.82421875,0.8572580657608477,0.6134799947412244
332901,1,clip_baseline,0.0,0.0211762966131208,0.7527303890306123,0.0195418838534132,0.0180451127819548
332901,1,CS_MAP,1.0,0.0300417667391844,0.5607063137755102,0.5021523741424767,0.0348119280115601
409358,70,clip_baseline,1.0,0.1544675627742668,0.7219786352040817,0.3249755346601117,0.1671641791044776
409358,70,CS_MAP,0.0,0.1149894896389003,0.6721938775510204,0.2811115084278764,0.1409620306053167
409358,81,clip_baseline,1.0,0.1540553792026302,0.7405731823979592,0.5678436641032901,0.1027708850289495
409358,81,CS_MAP,1.0,0.077228082227133,0.6996970663265306,0.769573884312592,0.0900416691829216
46497,1,clip_baseline,1.0,0.4175471852887251,0.6215521364795918,0.4226940071461224,0.2422283411149687
46497,1,CS_MAP,0.0,0.4124649503370055,0.8693797831632653,0.7264869677804396,0.6929635528904713
46497,9,clip_baseline,1.0,0.3802365348035079,0.7342554209183674,0.7120430246609731,0.2773683069585952
46497,9,CS_MAP,1.0,0.2084809893392161,0.5928531568877551,0.7412517083911067,0.2098321342925659
131138,76,clip_baseline,1.0,0.0901090848517182,0.6290856186224489,0.361470101276294,0.0683319983980776
131138,76,CS_MAP,1.0,0.0565395777775835,0.5611049107142857,0.8106142387396883,0.0614958448753462
131138,72,clip_baseline,0.0,0.0937000106819964,0.6373166454081632,0.1029249269075158,0.0987073448566192
131138,72,CS_MAP,0.0,0.1348468999052316,0.6546157525510204,0.3837138650197767,0.2287837657425125
476215,19,clip_baseline,1.0,0.5134727747340516,0.8951092155612245,0.720746314627981,0.3822044840943773
476215,19,CS_MAP,1.0,0.2788309136055176,0.8872767857142857,0.6670339228538414,0.3652788688138256
476215,1,clip_baseline,1.0,0.0887110926434527,0.6886360012755102,0.3663521767859285,0.0442310045271014
476215,1,CS_MAP,1.0,0.0351988595115899,0.634406887755102,0.7945142127523569,0.0377675199328577
280891,44,clip_baseline,1.0,0.073803327152814,0.6558514030612245,0.361136213723861,0.036867644598137
280891,44,CS_MAP,1.0,0.034020903085684,0.5571986607142857,0.2635402257324192,0.030162818106421
280891,55,clip_baseline,1.0,0.5347886695281382,0.8434909119897959,0.7978302169478396,0.4747508527857668
280891,55,CS_MAP,0.0,0.3459021159796819,0.8203722895408163,0.7309597941548468,0.4404990998820535
532855,1,clip_baseline,0.0,0.2653513854528457,0.7163783482142857,0.3397977247124861,0.2403651115618661
532855,1,CS_MAP,0.0,0.185856248806589,0.7059550382653061,0.680864366421166,0.2547732094150924
532855,41,clip_baseline,1.0,0.0473169789760118,0.6965880102040817,0.1244085994913566,0.0381602223907
532855,41,CS_MAP,0.0,0.0319368413268239,0.6273915816326531,0.2059731317384679,0.0366859027205276
296231,84,clip_baseline,0.0,0.2189756888967313,0.7800940688775511,0.5741406109249488,0.0899043220059386
296231,84,CS_MAP,0.0,0.087311860138005,0.6219905931122449,0.6703885084325056,0.0523607294529103
296231,72,clip_baseline,1.0,0.3640503828317106,0.7430644132653061,0.6047147656967584,0.2581851660049485
296231,72,CS_MAP,1.0,0.292413151361067,0.8045280612244898,0.7134100362178755,0.3565993177643663
463522,19,clip_baseline,1.0,0.6997427080171925,0.901725924744898,0.8828636569396129,0.6800129785853342
463522,19,CS_MAP,1.0,0.5400246776006085,0.9228714923469388,0.937691928771082,0.7451767959438994
463522,1,clip_baseline,0.0,0.0186465609132758,0.6740274234693877,0.0195450064246699,0.0259647451167222
463522,1,CS_MAP,0.0,0.0275265622577379,0.5811543367346939,0.1863078965421317,0.0315207373271889
115946,3,clip_baseline,0.0,0.1262050237928429,0.7340561224489796,0.4023529486324453,0.0670488708662518
115946,3,CS_MAP,1.0,0.1069259216824097,0.7648078762755102,0.6931965038745599,0.0751567398119122
115946,10,clip_baseline,1.0,0.1106318243886914,0.7081871811224489,0.7709203600007232,0.046558572637885
115946,10,CS_MAP,1.0,0.0416935752764122,0.6574457908163265,0.7194942949674628,0.0399374406524046
427256,1,clip_baseline,1.0,0.5083531669856571,0.5880899234693877,0.5392106656061875,0.313537930118241
427256,1,CS_MAP,1.0,0.4817241338377833,0.7763273278061225,0.7867306828384554,0.5712648508232417
427256,40,clip_baseline,0.0,0.0422947128063092,0.6188018176020408,0.2743272519037693,0.0256240448293428
427256,40,CS_MAP,1.0,0.0215622740459756,0.5504424426020408,0.8565703195050368,0.0218126626192541
12748,19,clip_baseline,1.0,0.7366157146266398,0.8905253507653061,0.929452164984618,0.7075858397657706
12748,19,CS_MAP,1.0,0.6097360798375655,0.8670878507653061,0.9447766962709958,0.6786953170167662
12748,1,clip_baseline,0.0,0.2924718222184723,0.4844945790816326,0.3202118585965576,0.1656129032258064
12748,1,CS_MAP,0.0,0.5202668463746131,0.913803411989796,0.9101089426185808,0.7925261441043845
100283,3,clip_baseline,1.0,0.073371860143636,0.6447903380102041,0.3209032088172504,0.0340360956045742
100283,3,CS_MAP,1.0,0.073655934631206,0.5822504783163265,0.7070088201961537,0.0446652385944122
100283,13,clip_baseline,1.0,0.6132610789429678,0.8629424426020408,0.918986367860788,0.6250885896527285
100283,13,CS_MAP,1.0,0.477372987689514,0.8077566964285714,0.8749687263756081,0.5444197799083739
67213,1,clip_baseline,0.0,0.0488550529074197,0.6863042091836735,0.0494848159749406,0.0531761308950914
67213,1,CS_MAP,1.0,0.042944326298895,0.5805763711734694,0.1241212826999896,0.0662022451967875
67213,3,clip_baseline,1.0,0.6230181734169764,0.8899473852040817,0.7965048650873566,0.5362781323480014
67213,3,CS_MAP,1.0,0.4682742396142173,0.9111328125,0.9047188078475537,0.6004480286738352
223955,1,clip_baseline,1.0,0.5030940263409373,0.7884646045918368,0.4845261445944612,0.3612949813455289
223955,1,CS_MAP,0.0,0.3587198909376182,0.8024752869897959,0.4889521053412816,0.4809636030374443
223955,34,clip_baseline,1.0,0.1118661031797126,0.7623565051020408,0.6923810167627451,0.0420951156812339
223955,34,CS_MAP,1.0,0.0366436908797557,0.4491589604591837,0.8748611452256689,0.018605972375102
332318,8,clip_baseline,1.0,0.3168873780454433,0.9012077487244898,0.530483556022992,0.1618194115657761
332318,8,CS_MAP,0.0,0.0875980714875396,0.6684869260204082,0.6928864327566648,0.0544028196236711
332318,21,clip_baseline,0.0,0.1053586193905752,0.7442203443877551,0.3821846928128229,0.0539584254754533
332318,21,CS_MAP,0.0,0.0512718970834675,0.6901108099489796,0.440221111964248,0.0449603832688409
473219,84,clip_baseline,1.0,0.3218507085579947,0.8733458227040817,0.5540896351570227,0.1202934662236987
473219,84,CS_MAP,1.0,0.1166749637276883,0.7351522640306123,0.8070167092256537,0.0611134661579765
473219,62,clip_baseline,0.0,0.1550885807757031,0.6682278380102041,0.1627519875699623,0.1665248084914634
473219,62,CS_MAP,1.0,0.2036607739397125,0.6867825255102041,0.590781879166073,0.2331414072411437
334483,1,clip_baseline,0.0,0.7274437940831713,0.6543765943877551,0.7029541105260255,0.3807755480968364
334483,1,CS_MAP,1.0,0.6401757534452863,0.8454639668367347,0.905783419357207,0.7089557841002928
334483,61,clip_baseline,1.0,0.3395969886129399,0.8002830038265306,0.5222801366842645,0.2594590600059119
334483,61,CS_MAP,0.0,0.1663593610361526,0.7250279017857143,0.4618165976972194,0.2104721030042918
303566,53,clip_baseline,1.0,0.5601254884460213,0.8353794642857143,0.6504186866024465,0.4890194865450046
303566,53,CS_MAP,1.0,0.3746817223014639,0.8190369897959183,0.673817784919678,0.5116179001721171
303566,55,clip_baseline,1.0,0.119087704949534,0.6848094706632653,0.2564219996949614,0.0849389573569403
303566,55,CS_MAP,0.0,0.0921006411001297,0.6224091198979592,0.4660493457346225,0.1045044193411164
530624,65,clip_baseline,1.0,0.860682807817088,0.6261360012755102,0.8836070416723227,0.5147195778145696
530624,65,CS_MAP,1.0,0.8350035177235904,0.7140664859693877,0.9249855519282728,0.6295636457526466
530624,18,clip_baseline,1.0,0.7342852181268336,0.9267578125,0.9071541674097036,0.7215909090909091
530624,18,CS_MAP,1.0,0.6093002601983787,0.9727758290816326,0.9843515772953634,0.8871074380165289
382696,82,clip_baseline,0.0,0.1893112982388095,0.6820990114795918,0.237229166276716,0.1344150206207944
382696,82,CS_MAP,0.0,0.1295679925070426,0.6242825255102041,0.2203729938855554,0.1353483465578131
382696,79,clip_baseline,1.0,0.2918356788459552,0.7678770727040817,0.4157587405681542,0.2231708130460881
382696,79,CS_MAP,0.0,0.1675614396076913,0.7238719706632653,0.4146037366631789,0.2303205377479029
175251,90,clip_baseline,0.0,0.1265966612237399,0.8009406887755102,0.56413647544423,0.0502092050209205
175251,90,CS_MAP,1.0,0.0421986439270955,0.6177455357142857,0.690896445902967,0.0267911508017048
175251,1,clip_baseline,1.0,0.6374970627173046,0.5669642857142857,0.6488483384808746,0.3601507744861299
175251,1,CS_MAP,0.0,0.6436761194637067,0.803093112244898,0.8802646256872548,0.682570281124498
514508,1,clip_baseline,1.0,0.3816203930070362,0.6786511479591837,0.4302496548878343,0.2339778611810537
514508,1,CS_MAP,1.0,0.2842197930094865,0.6839126275510204,0.8080533452824464,0.3778928375303993
514508,72,clip_baseline,1.0,0.4981429410771632,0.5419323979591837,0.5270272582378561,0.2778685434208873
514508,72,CS_MAP,0.0,0.5306830771782153,0.7026466836734694,0.6322571295112243,0.4739811028063743
157138,61,clip_baseline,1.0,0.5320746520186039,0.8906847895408163,0.9040535318278804,0.6155194167951773
157138,61,CS_MAP,1.0,0.3184834330820413,0.7526705994897959,0.8888564989342312,0.4070428591905968
157138,48,clip_baseline,1.0,0.1984053324799258,0.7259048150510204,0.7741420586659096,0.1494743351886209
157138,48,CS_MAP,1.0,0.0912245487055596,0.5948461415816326,0.7262024783640834,0.0924958707200571
116479,65,clip_baseline,1.0,0.8476653567065401,0.621452487244898,0.8357251420637077,0.4071230140150451
116479,65,CS_MAP,1.0,0.7711741816950023,0.6945352359693877,0.9091934133861478,0.5128873351342762
116479,63,clip_baseline,0.0,0.0930484670266206,0.7618582589285714,0.3545234356052436,0.0656814449917898
116479,63,CS_MAP,0.0,0.0271606859147607,0.5294363839285714,0.0826798456629139,0.033682573463207
283785,84,clip_baseline,0.0,0.1003103788007827,0.7754504145408163,0.1631338794642235,0.0548611693649861
283785,84,CS_MAP,0.0,0.0410498260502588,0.7266222895408163,0.248696541242278,0.0513175185005878
283785,1,clip_baseline,1.0,0.5494371086941201,0.7119738520408163,0.5502509238884715,0.3489796837695392
283785,1,CS_MAP,0.0,0.4254064117354109,0.7502192283163265,0.6607946771664097,0.3863892288861689
400803,1,clip_baseline,0.0,0.0095934011765754,0.6729711415816326,0.0131108437810412,0.0110294117647058
400803,1,CS_MAP,0.0,0.0312287955145677,0.5688177614795918,0.7027977469773643,0.0264590739324123
400803,9,clip_baseline,1.0,0.5339192941295624,0.7072106186224489,0.5924358525687912,0.3835081829626521
400803,9,CS_MAP,1.0,0.3732746971363139,0.7274593431122449,0.5975909131735863,0.4158728802699585
396200,8,clip_baseline,0.0,0.086005134150467,0.7727000956632653,0.1663797877900793,0.0521110372340425
396200,8,CS_MAP,1.0,0.0323281691273217,0.5498844068877551,0.4916610946636317,0.0270118904015164
396200,1,clip_baseline,0.0,0.2483136279196724,0.8264309630102041,0.2848710976377947,0.2032021957913998
396200,1,CS_MAP,0.0,0.0712295202438343,0.5422313456632653,0.2523584271859528,0.0915598797658598
398377,63,clip_baseline,1.0,0.0967338479472184,0.6430165816326531,0.1992099828985475,0.0843003936404069
398377,63,CS_MAP,1.0,0.0773479521295854,0.6364995216836735,0.2790661248934594,0.0901880580635506
398377,1,clip_baseline,1.0,0.5936982133381031,0.5210060586734694,0.5764833829534787,0.2748830894554231
398377,1,CS_MAP,1.0,0.5998805332519376,0.7190688775510204,0.8246445104142958,0.5740746336304577
63740,73,clip_baseline,1.0,0.2206649871333404,0.6489158163265306,0.3594404496537707,0.1841422749166358
63740,73,CS_MAP,1.0,0.1427165633424574,0.5812739158163265,0.2768651515927896,0.1687438180019782
63740,76,clip_baseline,1.0,0.2956366806281187,0.6805444834183674,0.6968052774320896,0.2699157367342291
63740,76,CS_MAP,1.0,0.2712399989519647,0.7299306441326531,0.9563029491411644,0.3176049954678215
200421,65,clip_baseline,0.0,0.4596279792798841,0.7806720344387755,0.6301880703282196,0.4231575636859209
200421,65,CS_MAP,1.0,0.3764698888976716,0.7356903698979592,0.7530235024054768,0.372569428017221
200421,1,clip_baseline,1.0,0.6515308910798278,0.8262914540816326,0.7735460114909847,0.5751815567578106
200421,1,CS_MAP,1.0,0.4997971899161894,0.8660714285714286,0.794098557468816,0.6966002979818502
79031,1,clip_baseline,1.0,0.2773446252593105,0.5977957589285714,0.2775431009476568,0.1731470479780391
79031,1,CS_MAP,0.0,0.3041838373300737,0.8124800701530612,0.4700224997006277,0.4477314081117567
79031,42,clip_baseline,1.0,0.5489932138453301,0.8762954400510204,0.7669450881348585,0.5713397790055249
79031,42,CS_MAP,1.0,0.32990251892577,0.7100805165816326,0.7730359123688375,0.3740802891441848
195165,81,clip_baseline,0.0,0.0864851639059842,0.6982222576530612,0.2553443986948259,0.0588600907452296
195165,81,CS_MAP,0.0,0.0460539383751583,0.5593909438775511,0.4840592110405942,0.040992495553724
195165,44,clip_baseline,1.0,0.1591297586742475,0.7261041135204082,0.3948422520626034,0.0807972710855461
195165,44,CS_MAP,0.0,0.0710289239423093,0.6943359375,0.4518715282526308,0.0850137215129459
441543,1,clip_baseline,0.0,0.2923203672118868,0.6507692920918368,0.3147891948465017,0.2318179825522774
441543,1,CS_MAP,1.0,0.2596287936144304,0.5855588329081632,0.6713065532433043,0.2979642820971608
441543,28,clip_baseline,1.0,0.7865785479450205,0.8587771045918368,0.9229776043535046,0.7122903893783751
441543,28,CS_MAP,1.0,0.7436741919918852,0.9521683673469388,0.9879712158370788,0.897378885705734
270474,39,clip_baseline,1.0,0.2943366196407602,0.9000916772959183,0.771593179826548,0.1600201072386059
270474,39,CS_MAP,1.0,0.0891370578377023,0.4914500956632653,0.8831874412952809,0.0360758537322453
270474,1,clip_baseline,1.0,0.4512469299072745,0.7650470344387755,0.5921797844899547,0.3932266200010293
270474,1,CS_MAP,0.0,0.4155492100409008,0.8585578762755102,0.5940837496712853,0.5924309423993568
571598,32,clip_baseline,1.0,0.2230325837286146,0.7586495535714286,0.5864393374534949,0.1273329970454709
571598,32,CS_MAP,1.0,0.0636765658223104,0.6643614477040817,0.3353501211154073,0.0838320095745838
571598,1,clip_baseline,1.0,0.8214718056028782,0.6928611288265306,0.8477613945065883,0.5221543518030448
571598,1,CS_MAP,1.0,0.670117869754414,0.782844387755102,0.905583468236708,0.6546543691166683
31248,84,clip_baseline,1.0,0.3488866020226688,0.8313137755102041,0.5691420963069189,0.2589090272305402
31248,84,CS_MAP,1.0,0.1678041232222064,0.877570950255102,0.7038823021935275,0.3263515736374602
31248,62,clip_baseline,1.0,0.4444408987453023,0.8037906568877551,0.8630098052319716,0.3790602333648691
31248,62,CS_MAP,1.0,0.249119901440889,0.8303571428571429,0.7548673089447998,0.4122764620589657
574702,1,clip_baseline,0.0,0.1573114039059404,0.7747528698979592,0.156889108271085,0.1319508448540706
574702,1,CS_MAP,1.0,0.116371532918146,0.4784956951530612,0.5048151424011479,0.1124113836029985
574702,4,clip_baseline,1.0,0.5741960339470509,0.8277861926020408,0.7216365216550261,0.5197576835436003
574702,4,CS_MAP,1.0,0.4410295416552737,0.8409996811224489,0.7681523943165741,0.5632561449608584
185599,55,clip_baseline,1.0,0.7800417785416988,0.6399274553571429,0.8329620889691958,0.4480830914922865
185599,55,CS_MAP,1.0,0.7512490190405465,0.8070192920918368,0.9289941486741714,0.6873425896028414
185599,53,clip_baseline,0.0,0.4714378072499791,0.5314891581632653,0.5249570432976924,0.2929286852949138
185599,53,CS_MAP,1.0,0.42117818056381,0.4432796556122449,0.4515826808921349,0.2482372571182518
192699,1,clip_baseline,1.0,0.6854840822500626,0.6889548788265306,0.6643566929473861,0.4113009694089246
192699,1,CS_MAP,1.0,0.5734397594891991,0.8325693558673469,0.8104120231633274,0.6558236715965423
192699,4,clip_baseline,0.0,0.2310212533784414,0.7543247767857143,0.3721595211983463,0.192254767053273
192699,4,CS_MAP,1.0,0.1700855051699822,0.7326211734693877,0.4741969701072218,0.179349155860044
13201,41,clip_baseline,1.0,0.1774476514331044,0.7612603635204082,0.7817389311888691,0.0783257674848041
13201,41,CS_MAP,0.0,0.0517357480404034,0.7295918367346939,0.3189897997758302,0.0697929521458933
13201,1,clip_baseline,1.0,0.5266002364065104,0.8180803571428571,0.6040372461255775,0.4166666666666667
13201,1,CS_MAP,1.0,0.3426312889604043,0.8669682716836735,0.8708282827047994,0.5850944803580308
27982,81,clip_baseline,0.0,0.060689431240824,0.7185706313775511,0.2406459789627041,0.0376857026032438
27982,81,CS_MAP,0.0,0.021984529541955,0.6231265943877551,0.1266857615067955,0.0284128859887992
27982,70,clip_baseline,0.0,0.4459681110812725,0.8552096619897959,0.6959327602238123,0.4204690491384811
27982,70,CS_MAP,1.0,0.2226946418497156,0.6519052933673469,0.7554043331954133,0.2184885229764195
489339,42,clip_baseline,0.0,0.5650469165169529,0.6378746811224489,0.5980563793076494,0.3794610839793723
489339,42,CS_MAP,1.0,0.609197854723681,0.8420360331632653,0.8867259890552793,0.7070520402128918
489339,1,clip_baseline,1.0,0.342302963166597,0.5852000956632653,0.3742861927420016,0.1623873148744365
489339,1,CS_MAP,0.0,0.3548439755721881,0.860710299744898,0.7048430323094265,0.5953332175322795
135872,62,clip_baseline,0.0,0.1059508979948568,0.5986926020408163,0.1419104817331147,0.1137714009066502
135872,62,CS_MAP,1.0,0.1297526267617381,0.6798070790816326,0.679513050411699,0.1705730511099638
135872,76,clip_baseline,0.0,0.0358253162368638,0.6661352040816326,0.0753993332799623,0.0286443233213498
135872,76,CS_MAP,0.0,0.017752383205582,0.4868662308673469,0.0652302913867283,0.018488868557487
357978,1,clip_baseline,1.0,0.2804181582496987,0.6201570471938775,0.2730556792913767,0.1919358941745103
357978,1,CS_MAP,1.0,0.3175036617402941,0.8146524234693877,0.7288526100846813,0.5494404340874958
357978,62,clip_baseline,0.0,0.053202645551709,0.6708187181122449,0.1485350369121558,0.0356162783908448
357978,62,CS_MAP,1.0,0.0274019211644882,0.5623405612244898,0.4007702080297085,0.0266388901201187
366711,55,clip_baseline,1.0,0.7363823219668558,0.8408402423469388,0.8380333998762711,0.6185153339065634
366711,55,CS_MAP,1.0,0.5378298953981667,0.8026546556122449,0.792716011918182,0.5968241042345277
366711,1,clip_baseline,1.0,0.4473124504778439,0.7865712691326531,0.4399960112398865,0.204678796880802
366711,1,CS_MAP,0.0,0.2049609665530382,0.7012316645408163,0.6442935869781599,0.2572093945099594
185802,52,clip_baseline,1.0,0.6064500141196141,0.8893096301020408,0.8076962719150799,0.4916712429068277
185802,52,CS_MAP,1.0,0.2624968343791982,0.7558195153061225,0.6477669041669054,0.3161801640899704
185802,62,clip_baseline,1.0,0.5762365934807903,0.8643375318877551,0.8442983243047437,0.5060590668311443
185802,62,CS_MAP,1.0,0.3052796800226879,0.7940449617346939,0.8800995854056938,0.4223588596981554
126592,13,clip_baseline,1.0,0.4072308016899378,0.8261918048469388,0.8553060409771076,0.3138473642800944
126592,13,CS_MAP,1.0,0.2098525385652969,0.7210020727040817,0.788049722315315,0.2230978411676563
126592,3,clip_baseline,0.0,0.2322667696039175,0.7118542729591837,0.4904304706160842,0.1948992092660652
126592,3,CS_MAP,1.0,0.1579830383131402,0.6190609056122449,0.767547831140373,0.1555182468852169
433243,25,clip_baseline,1.0,0.5230435671661161,0.8321308992346939,0.7729419143891354,0.4513418447107868
433243,25,CS_MAP,1.0,0.3230623836367079,0.7544842155612245,0.8416225542367153,0.3855553892962242
433243,24,clip_baseline,1.0,0.4594315604810884,0.8076769770408163,0.5855004464873612,0.3997263000746454
433243,24,CS_MAP,1.0,0.3204611728331604,0.7744140625,0.7686811013686421,0.4069164265129683
173371,59,clip_baseline,0.0,0.5259292474516678,0.8125996492346939,0.6871356258337991,0.4881606880409341
173371,59,CS_MAP,0.0,0.3574945627514438,0.7742944834183674,0.67303413377266,0.4288091995763353
173371,47,clip_baseline,1.0,0.0613722404520527,0.6349250637755102,0.3378053554989721,0.0382737438966766
173371,47,CS_MAP,1.0,0.0246451846573084,0.5242745535714286,0.5472469366211743,0.0296353510305296
477288,28,clip_baseline,1.0,0.55703141924371,0.8657525510204082,0.7456973221034765,0.4127800540493418
477288,28,CS_MAP,1.0,0.3836487480447891,0.9021045918367347,0.8720076819118993,0.5169633198937948
477288,1,clip_baseline,1.0,0.48323176435617,0.3877152423469387,0.5320623596946332,0.175491801078876
477288,1,CS_MAP,1.0,0.5689240838098015,0.529296875,0.5729986629299972,0.3587641181581233
39951,1,clip_baseline,0.0,0.1192950949797481,0.7214604591836735,0.1266054019889286,0.1092983238799311
39951,1,CS_MAP,0.0,0.1148344358153008,0.7315250318877551,0.6837873070957886,0.1585358235992254
39951,43,clip_baseline,0.0,0.0878450737864926,0.7061941964285714,0.4345626717082524,0.040109389243391
39951,43,CS_MAP,0.0,0.0274737016398222,0.6293845663265306,0.758788000161509,0.0320632937747241
6471,1,clip_baseline,0.0,0.3941804397761439,0.5955835459183674,0.4063430941719378,0.2419023424365823
6471,1,CS_MAP,0.0,0.3703783015240243,0.7315051020408163,0.6107280705547016,0.4858996374737645
6471,15,clip_baseline,1.0,0.0488586248783073,0.6510881696428571,0.1656224765780367,0.0418673380035026
6471,15,CS_MAP,0.0,0.0279526094281677,0.5470344387755102,0.2125986119840361,0.0312020460358056
189078,55,clip_baseline,1.0,0.4017013592323385,0.7347138073979592,0.6804978261519631,0.3352808988764045
189078,55,CS_MAP,1.0,0.242031114792679,0.6899314413265306,0.6186556557208804,0.2889721676340204
189078,53,clip_baseline,0.0,0.20169510146933,0.6791892538265306,0.3075373725587199,0.2027241208519068
189078,53,CS_MAP,0.0,0.1446224331899364,0.6390106823979592,0.3698522197565531,0.1953354064860062
189451,61,clip_baseline,1.0,0.5634520404841148,0.8444276147959183,0.8019133706057968,0.5269090909090909
189451,61,CS_MAP,1.0,0.3514268368612289,0.8185786033163265,0.8576038177457347,0.5566648809233916
189451,49,clip_baseline,1.0,0.1712510619042245,0.7674386160714286,0.3717136972996501,0.1261139818767318
189451,49,CS_MAP,1.0,0.1028543792066345,0.7083067602040817,0.5917080672351582,0.1029114311982837
172396,59,clip_baseline,1.0,0.6510936113621408,0.8191167091836735,0.7303017432904121,0.5281272746178642
172396,59,CS_MAP,1.0,0.4821117270258019,0.8892099808673469,0.8039396786086468,0.7084644430459408
172396,79,clip_baseline,1.0,0.9881064428149602,0.4060108418367347,0.989203570023314,0.3977651599345309
172396,79,CS_MAP,1.0,0.9812237443508824,0.5505620216836735,0.9847129337830474,0.547604718343765
116208,46,clip_baseline,0.0,0.0737907500043357,0.6850486288265306,0.0950534683464901,0.0791329176621409
116208,46,CS_MAP,0.0,0.074348008793758,0.680305325255102,0.2195634486781217,0.0929601357082273
116208,47,clip_baseline,1.0,0.2024279023153513,0.7101403061224489,0.5254361349504764,0.0886647033022119
116208,47,CS_MAP,1.0,0.0580928122826182,0.5940090880102041,0.385412677407329,0.0770659659296846
467511,4,clip_baseline,1.0,0.6683334367490135,0.7872090242346939,0.7710304164369017,0.544379960740804
467511,4,CS_MAP,1.0,0.6480295322073606,0.8869778380102041,0.9419819492548912,0.7642387960422383
467511,1,clip_baseline,1.0,0.541390293371495,0.728156887755102,0.5534526506796852,0.3846431471623207
467511,1,CS_MAP,1.0,0.3950251265532253,0.8800422512755102,0.8919066221578433,0.6707150281744078
98839,72,clip_baseline,1.0,0.7414190975170124,0.5987523915816326,0.7161392313411257,0.3245546348173247
98839,72,CS_MAP,1.0,0.6772317149190589,0.6449697066326531,0.777119625144855,0.4013509426353463
98839,17,clip_baseline,1.0,0.7340216294833358,0.929946588010204,0.9280928130687096,0.7608518165736835
98839,17,CS_MAP,1.0,0.6004457065054499,0.9448740433673468,0.9635303274553656,0.8053346470546836
209142,56,clip_baseline,1.0,0.3921240485199275,0.7368861607142857,0.533262292898762,0.3644634862561979
209142,56,CS_MAP,1.0,0.273883958813974,0.6719148596938775,0.6834580499728017,0.3509186972636227
209142,48,clip_baseline,1.0,0.1080516584440598,0.5675821109693877,0.2547790365788712,0.0673572902338376
209142,48,CS_MAP,1.0,0.1063233660341445,0.5466757015306123,0.3317326266210925,0.0933152628851596
64898,42,clip_baseline,0.0,0.0881027599398058,0.7619180484693877,0.335445924702708,0.050321965180062
64898,42,CS_MAP,0.0,0.012909543299462,0.4942801339285714,0.012051350861264,0.0134136858475894
64898,1,clip_baseline,0.0,0.1956722900528843,0.7930285395408163,0.283094838136995,0.0866314863676341
64898,1,CS_MAP,1.0,0.0629651818856184,0.5608458227040817,0.6964282603677572,0.0611018790745238
201418,1,clip_baseline,1.0,0.524931482767693,0.8493303571428571,0.439478891997368,0.273356401384083
201418,1,CS_MAP,1.0,0.2255202532725627,0.8097496811224489,0.7995219908661316,0.3265608465608465
201418,72,clip_baseline,0.0,0.1970883195869441,0.7695711096938775,0.4861123350060879,0.0783579115185332
201418,72,CS_MAP,0.0,0.0324735178758809,0.5801578443877551,0.1768811856874125,0.0432373512580615
73946,42,clip_baseline,0.0,0.628542047704025,0.8289819834183674,0.6951746559548526,0.6043069261274555
73946,42,CS_MAP,0.0,0.4399079091840688,0.8195950255102041,0.7095574210154479,0.5915899657101606
73946,1,clip_baseline,1.0,0.531074026114107,0.5765704719387755,0.518349287028882,0.2955570291777188
73946,1,CS_MAP,0.0,0.5692747383933242,0.7622369260204082,0.7227149664638679,0.5987623179632059
579970,72,clip_baseline,1.0,0.0763330522157696,0.6931600765306123,0.3908844847176717,0.0422990793729783
579970,72,CS_MAP,0.0,0.0163666733958686,0.6157326211734694,0.0204399910995817,0.0264088063017572
579970,63,clip_baseline,0.0,0.1482875361023793,0.6899314413265306,0.5167405316832266,0.1018358157256667
579970,63,CS_MAP,1.0,0.0701028680926699,0.6009048150510204,0.3195474670636098,0.083649842126939
61333,17,clip_baseline,1.0,0.7179309651326119,0.9226921237244898,0.9048021482389914,0.7163644340450425
61333,17,CS_MAP,1.0,0.65647984116395,0.9740314094387756,0.9898019420670676,0.9012729201394152
61333,84,clip_baseline,1.0,0.8766699903408174,0.8901666135204082,0.9298922581859522,0.7548051254671649
61333,84,CS_MAP,1.0,0.6984550366120551,0.9220145089285714,0.9620346412014495,0.8210300036589828
409198,1,clip_baseline,1.0,0.4156058661835646,0.7649274553571429,0.5313479393009637,0.3655873493975903
409198,1,CS_MAP,0.0,0.3231331453126878,0.7883051658163265,0.4629352400335245,0.4572581881355066
409198,34,clip_baseline,1.0,0.1224018254963517,0.7541055484693877,0.6377306000922063,0.0544869338646639
409198,34,CS_MAP,1.0,0.0364786469088554,0.516242825255102,0.7521041368622045,0.0284582132564841
211042,17,clip_baseline,1.0,0.5894821665148696,0.9038384885204082,0.8823339808774491,0.4908726390207871
211042,17,CS_MAP,1.0,0.309270277318665,0.8355389030612245,0.9676304700530456,0.3614979882389353
211042,70,clip_baseline,1.0,0.3135322112868105,0.7951610331632653,0.7317520642602913,0.2245944926442852
211042,70,CS_MAP,0.0,0.1057347815677366,0.6262356505102041,0.4604088636219143,0.1319200148120718
340894,1,clip_baseline,0.0,0.0568215602302447,0.7251076211734694,0.064910379407295,0.0657048025469078
340894,1,CS_MAP,1.0,0.0485433012492957,0.6867825255102041,0.2385670567338936,0.0703892109310304
340894,76,clip_baseline,1.0,0.3454520683752408,0.7482063137755102,0.6497916005102717,0.3832560410056139
340894,76,CS_MAP,1.0,0.298719235868513,0.708625637755102,0.9423009893733882,0.3641819605114377
502136,64,clip_baseline,1.0,0.2655143065606654,0.7542450573979592,0.6317400072533302,0.1299654272207719
502136,64,CS_MAP,1.0,0.1573901037654382,0.8321109693877551,0.8090345839500818,0.1815001943256898
502136,86,clip_baseline,0.0,0.0902589310602271,0.7449577487244898,0.3207686068162106,0.039192131541407
502136,86,CS_MAP,1.0,0.0439884319161753,0.7823461415816326,0.2701352164261847,0.0456174080223717
91495,1,clip_baseline,0.0,0.2292448260161944,0.5635762117346939,0.2945931388797839,0.1235541324794877
91495,1,CS_MAP,0.0,0.3466362545268396,0.5950454400510204,0.3564326568580405,0.303452058551301
91495,40,clip_baseline,1.0,0.0640684473589352,0.59765625,0.5202532755374117,0.0342056164186958
91495,40,CS_MAP,1.0,0.0285657196340404,0.4561543367346938,0.4638707814437258,0.0286893998718587
12576,47,clip_baseline,1.0,0.3528129497358913,0.7622568558673469,0.5075134653305469,0.2405297001336983
12576,47,CS_MAP,0.0,0.1914647978319122,0.7790377869897959,0.5729961194789606,0.2831372041898358
12576,67,clip_baseline,1.0,0.8977867434685586,0.5133928571428571,0.908886961519896,0.4523104531179901
12576,67,CS_MAP,0.0,0.8752319140184327,0.5,0.9045751136385796,0.4306463326071169
331280,19,clip_baseline,1.0,0.6554294505728648,0.8410196109693877,0.8272068788163173,0.5430748081108947
331280,19,CS_MAP,1.0,0.4731200781005568,0.8455436862244898,0.8994536922938067,0.5709461329790179
331280,1,clip_baseline,0.0,0.0589107807087801,0.5104432397959183,0.1051086750095459,0.0332559329371482
331280,1,CS_MAP,0.0,0.165662629300409,0.6516262755102041,0.2134539528200474,0.2391398972751806
140556,11,clip_baseline,1.0,0.324156342951225,0.7410116390306123,0.8193387292957572,0.2131395700877989
140556,11,CS_MAP,1.0,0.1587102989402689,0.6731505102040817,0.75202338384867,0.1785624843476083
140556,1,clip_baseline,1.0,0.6243178039478443,0.4886001275510204,0.5708976417112877,0.2054005512030471
140556,1,CS_MAP,1.0,0.6900305847769369,0.8453643176020408,0.91993745966813,0.7449039978958443
397351,57,clip_baseline,1.0,0.3677579255156868,0.7630939094387755,0.5002974173410276,0.305625328582277
397351,57,CS_MAP,1.0,0.2596973204111455,0.6593989158163265,0.5996378342107196,0.2819026009496197
397351,1,clip_baseline,1.0,0.4053989039041022,0.7578722895408163,0.5214588710067558,0.2953016241299304
397351,1,CS_MAP,0.0,0.287898076582568,0.652702487244898,0.7507617110753704,0.2792323282458535
80932,62,clip_baseline,0.0,0.0675919831833834,0.6687659438775511,0.1098476002985074,0.0632925660823987
80932,62,CS_MAP,0.0,0.0579703199374877,0.6291454081632653,0.4527261301208382,0.0598696508866771
80932,48,clip_baseline,1.0,0.0506852915209376,0.6478794642857143,0.2971378311990343,0.0337963469320791
80932,48,CS_MAP,1.0,0.0238683247919335,0.5581154336734694,0.1403136212885112,0.0234319943622269
50828,33,clip_baseline,1.0,0.1769348892174908,0.7256855867346939,0.7701771792369007,0.0496444106883932
50828,33,CS_MAP,1.0,0.0326575062493955,0.4924266581632653,0.7728622781417096,0.0262664882431657
50828,65,clip_baseline,1.0,0.7709731344703139,0.9006098533163265,0.921167396312224,0.7766781604048184
50828,65,CS_MAP,1.0,0.6195882432224903,0.9417849170918368,0.963210580599428,0.8659476824231299
435205,88,clip_baseline,1.0,0.746407218080173,0.9584661989795918,0.9328525044510082,0.77086311159978
435205,88,CS_MAP,1.0,0.4145293857580701,0.9276945153061223,0.9779529933103536,0.6597899474868717
435205,1,clip_baseline,1.0,0.5717640202092712,0.3479950573979591,0.57193324382993,0.2443176568419107
435205,1,CS_MAP,1.0,0.6787635965128433,0.4886200573979591,0.6934094046110794,0.3988895656655578
491464,39,clip_baseline,1.0,0.1105532759031435,0.7297512755102041,0.2668940768525065,0.065343258891646
491464,39,CS_MAP,0.0,0.0445181862190843,0.6661949936224489,0.1728171699797473,0.0493785118338157
491464,1,clip_baseline,1.0,0.5937068515254589,0.7978316326530612,0.6037332815198992,0.3287009463304877
491464,1,CS_MAP,0.0,0.2283113962000215,0.6941167091836735,0.4425207482017942,0.2609784283513097
412894,1,clip_baseline,0.0,0.3771260621499163,0.8132374043367347,0.3444051518907741,0.264096120621957
412894,1,CS_MAP,1.0,0.1511385854890382,0.6244419642857143,0.594483377353264,0.212174422007609
412894,10,clip_baseline,1.0,0.3309380737874568,0.7913942920918368,0.7663771308746402,0.1545234248788368
412894,10,CS_MAP,1.0,0.0917209697733333,0.7279775191326531,0.8324159056212486,0.1225893545898688
481573,41,clip_baseline,1.0,0.5865128603348543,0.6203164859693877,0.5925945733412008,0.3837619278667313
481573,41,CS_MAP,0.0,0.5450026178155997,0.7386798469387755,0.6480834691501802,0.5790014448547118
481573,1,clip_baseline,1.0,0.3563588676151938,0.7582509566326531,0.5826439696680984,0.3184627486234408
481573,1,CS_MAP,1.0,0.2606088939127555,0.8415577168367347,0.7726579869437892,0.4189870642402982
58029,70,clip_baseline,0.0,0.0501110161024832,0.6927016900510204,0.0749837272403463,0.0579214272621738
58029,70,CS_MAP,1.0,0.0349927951978008,0.5633569834183674,0.2070750603690646,0.0481796854635502
58029,81,clip_baseline,1.0,0.1994156139788331,0.7410913584183674,0.7254398810281345,0.1137262928093873
58029,81,CS_MAP,1.0,0.0773781149133246,0.6111487563775511,0.6888605852642549,0.0783220747319193
329614,3,clip_baseline,1.0,0.3441039165278046,0.8507653061224489,0.6495945681471552,0.1969973190348525
329614,3,CS_MAP,1.0,0.1220380931338144,0.7193877551020408,0.6779399756071219,0.1151332327802916
329614,6,clip_baseline,0.0,0.5060331627644558,0.8448262117346939,0.7973017913535647,0.2300237341772152
329614,6,CS_MAP,1.0,0.1742675662163876,0.699577487244898,0.7970607654732202,0.1341260267677638
355257,1,clip_baseline,0.0,0.2060820060585516,0.7943638392857143,0.1928535855344052,0.1245545562531817
355257,1,CS_MAP,1.0,0.0853999236187365,0.6665537308673469,0.5570986855915284,0.1339165545087483
355257,65,clip_baseline,0.0,0.616169434488164,0.8709343112244898,0.8323382911290618,0.5749819518277877
355257,65,CS_MAP,1.0,0.2956202594449394,0.7465720663265306,0.8702392189540011,0.4343919580108531
308466,70,clip_baseline,1.0,0.1703675539176349,0.7177136479591837,0.5125230108280948,0.1369203582962647
308466,70,CS_MAP,1.0,0.0679222912498486,0.5943279655612245,0.2185239105740024,0.0913757700205338
308466,81,clip_baseline,0.0,0.0781735417341015,0.6815011160714286,0.1984080257298345,0.0636864307475978
308466,81,CS_MAP,0.0,0.0476783414694511,0.6248007015306123,0.1645200917308568,0.0582762243009354
6614,55,clip_baseline,0.0,0.3340990509850899,0.7557995854591837,0.3891559080663097,0.3505935976256095
6614,55,CS_MAP,1.0,0.2830305329127008,0.7395567602040817,0.7816371069018023,0.3707021092169893
6614,53,clip_baseline,1.0,0.4840624794425837,0.7412109375,0.5104557614126547,0.4307321350284963
6614,53,CS_MAP,1.0,0.4518791767919521,0.7873883928571429,0.6530872456932706,0.5361940785183253
565563,3,clip_baseline,0.0,0.3621932829981371,0.8053850446428571,0.6969641282538214,0.1802384150436534
565563,3,CS_MAP,1.0,0.2100413453356374,0.7764469068877551,0.7897692991598181,0.1655259633983038
565563,65,clip_baseline,1.0,0.2059910562087713,0.8042889030612245,0.6972010807637582,0.0716581584420495
565563,65,CS_MAP,1.0,0.0505320022418389,0.5556242028061225,0.8244521174338223,0.0328779006723053
72281,41,clip_baseline,0.0,0.2454229900144482,0.7483657525510204,0.4346904284373879,0.1439419621669265
72281,41,CS_MAP,0.0,0.1130199690285799,0.6635443239795918,0.6131661299840037,0.1117074454091028
72281,1,clip_baseline,1.0,0.6510463664555078,0.8721898915816326,0.863175465405612,0.6393341206906248
72281,1,CS_MAP,1.0,0.3539631091644167,0.8317522321428571,0.9076196910273168,0.5843631529712964
187362,42,clip_baseline,0.0,0.1415652406206689,0.8629623724489796,0.4052191057445563,0.0868525896414342
187362,42,CS_MAP,0.0,0.0261973525724672,0.3533960459183674,0.6860637826331393,0.0195817720294935
187362,1,clip_baseline,0.0,0.2736515107063465,0.8554288903061225,0.3163616580284142,0.2430345403318376
187362,1,CS_MAP,0.0,0.143879829279773,0.7986288265306123,0.2568231342825945,0.2021478205938092
60347,15,clip_baseline,1.0,0.3959344780012986,0.8057437818877551,0.6327817945530526,0.2868222726274969
60347,15,CS_MAP,1.0,0.2446509033779855,0.8762157206632653,0.8266837002901888,0.4026735910752068
60347,1,clip_baseline,0.0,0.6218014014650731,0.8914819834183674,0.836801847329341,0.5635270541082165
60347,1,CS_MAP,0.0,0.3865890003960276,0.8760562818877551,0.8918913926096775,0.5338779793134463
489091,81,clip_baseline,1.0,0.1686266829251957,0.6502511160714286,0.857024410539221,0.0912903893951947
489091,81,CS_MAP,0.0,0.0699637935551813,0.5965003188775511,0.1962037219107264,0.0792250318355466
489091,70,clip_baseline,1.0,0.1233613739131494,0.6892338966836735,0.3809922116544483,0.0874348920231755
489091,70,CS_MAP,1.0,0.059154772204431,0.6900111607142857,0.145291270201494,0.1052177414715526
319617,67,clip_baseline,1.0,0.9813370263472494,0.3940529336734694,0.9808335139952028,0.3858770299749535
319617,67,CS_MAP,1.0,0.9749614197835104,0.5276028380102041,0.9781576080941468,0.5254464643228958
319617,58,clip_baseline,0.0,0.7233366663081809,0.9205795599489796,0.8216274470333569,0.6656879194630873
319617,58,CS_MAP,1.0,0.4943831538856731,0.9325573979591836,0.93125260594003,0.7010336602173337
488075,62,clip_baseline,0.0,0.2669809401790791,0.7755699936224489,0.4206093742951977,0.2660018250554035
488075,62,CS_MAP,0.0,0.2461250222344386,0.8529177295918368,0.7568263357850279,0.3742580973376293
488075,82,clip_baseline,0.0,0.0696647461260288,0.6572863520408163,0.2219857188363072,0.0562537731189287
488075,82,CS_MAP,1.0,0.044304455681783,0.484195631377551,0.4225344469802173,0.0380955920612502
231879,62,clip_baseline,1.0,0.2698062140626458,0.7724011479591837,0.7860902270668727,0.159119357926515
231879,62,CS_MAP,1.0,0.1599754671516449,0.7355508609693877,0.7910823269080756,0.139382539888442
231879,1,clip_baseline,1.0,0.8705846623498987,0.4809470663265306,0.8678050965007746,0.3653841467872024
231879,1,CS_MAP,1.0,0.8497907219204824,0.6752232142857143,0.9048877586340514,0.6077411900635471
249550,65,clip_baseline,1.0,0.7138570769306877,0.7643494897959183,0.8346225772028733,0.5695041141775286
249550,65,CS_MAP,1.0,0.5995031618925228,0.7659638073979592,0.7880220630661874,0.5433759769802077
249550,64,clip_baseline,1.0,0.2531047929362908,0.7566366390306123,0.7788037126401406,0.1456059333893087
249550,64,CS_MAP,1.0,0.1370935961578311,0.7058952487244898,0.8673036109994626,0.1310722487193075
376322,46,clip_baseline,1.0,0.1772293041341945,0.7179926658163265,0.5630335422069886,0.0734071115185646
376322,46,CS_MAP,0.0,0.0580162747749784,0.6321149553571429,0.4683347392577764,0.0596056854653828
376322,44,clip_baseline,0.0,0.062263708006221,0.7247289540816326,0.0856644548930692,0.0512433026514631
376322,44,CS_MAP,0.0,0.0306748455953484,0.6358019770408163,0.1985266697791028,0.042544273289322
290081,55,clip_baseline,1.0,0.902718863869282,0.8108059630102041,0.913303626270898,0.6515435157655177
290081,55,CS_MAP,1.0,0.8153503841602894,0.8506656568877551,0.9331881606397354,0.7212010715880339
290081,51,clip_baseline,1.0,0.6608583568702561,0.8718909438775511,0.7586510165119185,0.6059584380555385
290081,51,CS_MAP,1.0,0.4229507973037618,0.876953125,0.8499216232794483,0.6378885630498534
458755,1,clip_baseline,1.0,0.84989058008362,0.8142737563775511,0.9261505838517284,0.6790756939183139
458755,1,CS_MAP,1.0,0.7242451912540743,0.8857222576530612,0.9526714756607284,0.8017083376560501
458755,20,clip_baseline,1.0,0.7090980729219177,0.8724489795918368,0.857756659493834,0.6600987837909608
458755,20,CS_MAP,0.0,0.6355281680585978,0.8969427614795918,0.8738377534271576,0.7257636826474332
180135,41,clip_baseline,1.0,0.208333657350589,0.7014309630102041,0.3041649589453783,0.1514104452248782
180135,41,CS_MAP,1.0,0.1722614182881882,0.6493742028061225,0.8554915178889171,0.1532871306189238
180135,1,clip_baseline,1.0,0.7447818497208116,0.6866629464285714,0.6931678643299124,0.4018186660579081
180135,1,CS_MAP,0.0,0.4618564954612696,0.631477200255102,0.5734063002210041,0.404035195152609
560911,33,clip_baseline,1.0,0.4894977997151478,0.8041892538265306,0.6851282895877794,0.405446293494705
560911,33,CS_MAP,1.0,0.4342935187962203,0.9170519770408164,0.9199430118500876,0.6714815691846239
560911,1,clip_baseline,1.0,0.601542031069747,0.7320232780612245,0.6465709545553622,0.4266831535411248
560911,1,CS_MAP,0.0,0.5332056289339961,0.9164341517857144,0.8620615668194849,0.7912580275800268
460494,48,clip_baseline,0.0,0.0272735708930349,0.585319674744898,0.0271347783739753,0.0294337158317007
460494,48,CS_MAP,1.0,0.0384920300705283,0.5832071109693877,0.3309484766947918,0.0458962543911674
460494,57,clip_baseline,1.0,0.3281210817110342,0.7727997448979592,0.8395667879227982,0.1498247445745394
460494,57,CS_MAP,1.0,0.1164797175752571,0.6341677295918368,0.917817062249398,0.1018251211038802
67616,62,clip_baseline,0.0,0.164605268394124,0.8331473214285714,0.2844652762520984,0.0891089108910891
67616,62,CS_MAP,0.0,0.048579078409632,0.6417610012755102,0.2076353191492355,0.043933833306739
67616,67,clip_baseline,1.0,0.1461975907363968,0.7899194834183674,0.6342048651873734,0.0519830920046766
67616,67,CS_MAP,1.0,0.0475103906861801,0.6915058992346939,0.5419285314836068,0.0360567941213102
256868,1,clip_baseline,0.0,0.0706607807974532,0.5643933354591837,0.0941984126689103,0.0508511377453534
256868,1,CS_MAP,1.0,0.2216682930699035,0.7054966517857143,0.8080444978902498,0.2839560013567863
256868,15,clip_baseline,1.0,0.127403109239142,0.6902303890306123,0.393512077608788,0.0899882903981264
256868,15,CS_MAP,0.0,0.0659140681621089,0.6350446428571429,0.5159967707521739,0.0815528137225398
101420,63,clip_baseline,1.0,0.811172114998205,0.7339963329081632,0.8996337294013861,0.5769438017052838
101420,63,CS_MAP,1.0,0.7674127752761682,0.902702487244898,0.9692801516104856,0.8405252670434129
101420,17,clip_baseline,1.0,0.451564200045765,0.9171316964285714,0.8279164440427095,0.4169120740429112
101420,17,CS_MAP,1.0,0.2437262518126409,0.8671675701530612,0.9592435216053692,0.3084664868229923
465675,8,clip_baseline,1.0,0.2677762704635235,0.7893215880102041,0.5289335202768822,0.207155178879472
465675,8,CS_MAP,1.0,0.2232202765802095,0.8403220663265306,0.9006672896837423,0.2685776885156107
465675,9,clip_baseline,1.0,0.5689254605601726,0.8694595025510204,0.8188915762197849,0.3567079159300726
465675,9,CS_MAP,0.0,0.1958966182934692,0.7793367346938775,0.7608190063473151,0.2582568500033496
139872,18,clip_baseline,1.0,0.7352165776348552,0.915298150510204,0.8451673369575173,0.6724722564734895
139872,18,CS_MAP,1.0,0.4741679551569613,0.9213767538265306,0.936405521060789,0.7136531900994411
139872,34,clip_baseline,0.0,0.2623712720199717,0.7864516900510204,0.5187486035279181,0.2219156197806985
139872,34,CS_MAP,1.0,0.1472322880979115,0.7065130739795918,0.8276801430806006,0.1632003636776906
546823,19,clip_baseline,1.0,0.3972562100893834,0.8467793367346939,0.7055959755097221,0.1654363873208858
546823,19,CS_MAP,1.0,0.0940272437373189,0.7197066326530612,0.6781580329214871,0.0971883425343433
546823,1,clip_baseline,0.0,0.0678402838314083,0.6384925063775511,0.0687941507848189,0.0541273400427595
546823,1,CS_MAP,0.0,0.0854852637346545,0.5907405931122449,0.3128690908629418,0.115366389523112
190637,65,clip_baseline,1.0,0.4935373823853345,0.7041214923469388,0.6140496063686494,0.4577397910731244
190637,65,CS_MAP,1.0,0.5368681024742333,0.7716836734693877,0.8937764624942109,0.5892434564359985
190637,75,clip_baseline,1.0,0.0973987570486513,0.6785116390306123,0.354309154859562,0.0526779422128259
190637,75,CS_MAP,0.0,0.03553508281861,0.5457987882653061,0.3541906977854034,0.032518254372559
550691,3,clip_baseline,0.0,0.0757852497288902,0.7187300701530612,0.1253347713822596,0.0684488448844884
550691,3,CS_MAP,1.0,0.0509785456408872,0.5284000318877551,0.596581725084282,0.0419838056680162
550691,6,clip_baseline,1.0,0.7004166097093086,0.7693120216836735,0.7547067037105604,0.5085134389197911
550691,6,CS_MAP,1.0,0.5863803000731963,0.8219666772959183,0.7951454249023987,0.6258899405310328
273711,55,clip_baseline,1.0,0.0940296086823,0.7390186543367347,0.300267562907541,0.0411510580654609
273711,55,CS_MAP,1.0,0.0317925760604632,0.6910674426020408,0.383256997939536,0.0349271572655958
273711,47,clip_baseline,0.0,0.0261400819821025,0.7210817920918368,0.0315504148725538,0.0386068558082022
273711,47,CS_MAP,0.0,0.0193524734532598,0.5719467474489796,0.0263165170695219,0.0308199088488786
570756,1,clip_baseline,0.0,0.1156275122229527,0.8235012755102041,0.1336003864824658,0.1361685524775653
570756,1,CS_MAP,1.0,0.056998201826464,0.525390625,0.4490479793388157,0.0623301964798992
570756,38,clip_baseline,0.0,0.092551383746344,0.7209422831632653,0.1227128499608583,0.0907201766348464
570756,38,CS_MAP,0.0,0.0651187060474113,0.6864237882653061,0.2514574701637307,0.0912031421475192
25394,46,clip_baseline,1.0,0.1346116601013211,0.7154217155612245,0.3986051271825722,0.0837985242220083
25394,46,CS_MAP,1.0,0.0544138136933773,0.5667051977040817,0.5845201151798534,0.0578523140925637
25394,44,clip_baseline,1.0,0.1706078824403851,0.6908880739795918,0.2087616968216157,0.1550907010949501
25394,44,CS_MAP,1.0,0.1281239939839168,0.5771683673469388,0.3104166661224761,0.1483280478503472
358195,1,clip_baseline,1.0,0.4591564460012135,0.7614995216836735,0.4859256571507466,0.3102991182064434
358195,1,CS_MAP,1.0,0.2645596990531515,0.7651865433673469,0.5499192074144881,0.3949260476581758
358195,41,clip_baseline,1.0,0.2109544409399477,0.8888911033163265,0.3935270574815743,0.1167617237008872
358195,41,CS_MAP,1.0,0.0583574245026215,0.6955516581632653,0.5399201471494904,0.0460251046025104
438907,41,clip_baseline,1.0,0.1884935941562175,0.7370455994897959,0.498129633309775,0.0856548856548856
438907,41,CS_MAP,0.0,0.0810824996403987,0.6331513073979592,0.5209439166396623,0.0658241981323589
438907,1,clip_baseline,1.0,0.603952815275902,0.8422751913265306,0.6585563017639788,0.5057456907319511
438907,1,CS_MAP,1.0,0.327754495859834,0.7520926339285714,0.8938507122404347,0.4436443331246086
267300,65,clip_baseline,1.0,0.2164499020802008,0.6566485969387755,0.4155395594814322,0.2077623470983169
267300,65,CS_MAP,1.0,0.2152801257845011,0.7094626913265306,0.7298040928113142,0.2500257228109888
267300,64,clip_baseline,1.0,0.4621303450688228,0.8406808035714286,0.8689119519028149,0.3558420628525383
267300,64,CS_MAP,1.0,0.2556232683227139,0.7431042729591837,0.8405545975871186,0.2360123281175912
366611,37,clip_baseline,1.0,0.2862060315590828,0.8311742665816326,0.7333477792922668,0.0827287493232268
366611,37,CS_MAP,1.0,0.0379485725408685,0.4543805803571428,0.8923786503457146,0.0271489996801819
366611,18,clip_baseline,1.0,0.4958159010377251,0.9158761160714286,0.8893119025302284,0.3611321325866505
366611,18,CS_MAP,1.0,0.1900524219761927,0.8912228954081632,0.8919666855043399,0.2971023824855119
109976,78,clip_baseline,0.0,0.1777654599186647,0.6734494579081632,0.2238141208596951,0.2103233890789917
109976,78,CS_MAP,1.0,0.137473809051044,0.5555843431122449,0.700208113204662,0.1789764359351988
109976,79,clip_baseline,1.0,0.2936447932540493,0.6499322385204082,0.4881290834461484,0.2504160798873384
109976,79,CS_MAP,0.0,0.1918787628041509,0.5826690051020408,0.248729612596705,0.2441797509474824
378873,1,clip_baseline,1.0,0.3531689238238714,0.7806720344387755,0.4613196455599382,0.2001598953412312
378873,1,CS_MAP,1.0,0.1408510420403262,0.6888552295918368,0.7625101753878829,0.194011357769747
378873,57,clip_baseline,0.0,0.0278845528040905,0.6257174744897959,0.1404045810437319,0.0158780066027354
378873,57,CS_MAP,1.0,0.0187659676161791,0.5007772640306123,0.3137929779000116,0.0208349620827144
362520,1,clip_baseline,0.0,0.5473997104241336,0.7674984056122449,0.6641483287964383,0.4941023417172593
362520,1,CS_MAP,1.0,0.4053110261797834,0.8795838647959183,0.8588642508510631,0.6813627254509018
362520,41,clip_baseline,0.0,0.4009284064372361,0.7088448660714286,0.4274024784323569,0.3382705983602844
362520,41,CS_MAP,1.0,0.3850825521427864,0.7337372448979592,0.5480387138877885,0.41735717400785
227044,81,clip_baseline,1.0,0.4957163469809093,0.7868303571428571,0.7182376293062799,0.4349410956733055
227044,81,CS_MAP,0.0,0.3792332301741463,0.6930604272959183,0.7563020164160671,0.3695607679397437
227044,17,clip_baseline,1.0,0.7562249408346655,0.8956473214285714,0.8534096005583063,0.7339430894308943
227044,17,CS_MAP,0.0,0.6051508947848844,0.896125637755102,0.8005980359768733,0.7508723292385642
125572,1,clip_baseline,0.0,0.1815289830739344,0.8029934630102041,0.1914000564577517,0.112975592246949
125572,1,CS_MAP,0.0,0.0797858290281414,0.7323022959183674,0.4786447962662527,0.1197326168163051
125572,2,clip_baseline,0.0,0.2906077137409185,0.8878746811224489,0.5450051473347961,0.1365868631062001
125572,2,CS_MAP,1.0,0.1060906097503048,0.7993064413265306,0.7045932668819802,0.0812043795620438
277584,17,clip_baseline,1.0,0.4261064238183664,0.9045958227040816,0.7912789735163133,0.3292700014011489
277584,17,CS_MAP,1.0,0.1962877733931726,0.8109454719387755,0.8446406524069832,0.209104552276138
277584,15,clip_baseline,1.0,0.8481201220298852,0.738639987244898,0.8394863013605165,0.504234084379253
277584,15,CS_MAP,1.0,0.6259497533776324,0.7960578762755102,0.872460626527835,0.6277013752455796
440171,22,clip_baseline,1.0,0.8532943571364514,0.7850167410714286,0.9111306031762388,0.6385659239403585
440171,22,CS_MAP,0.0,0.8104678488910259,0.8881138392857143,0.9620974102431944,0.8128417122282972
440171,1,clip_baseline,0.0,0.2007599759256635,0.7769252232142857,0.2936914697961692,0.1505653790695909
440171,1,CS_MAP,1.0,0.1056245201753621,0.7069515306122449,0.8149557854329078,0.1255946717411988
450399,51,clip_baseline,0.0,0.0537990655366786,0.7197863520408163,0.0538144770781229,0.0556152606125738
450399,51,CS_MAP,0.0,0.0389730053580533,0.5208067602040817,0.0685980381661032,0.0520422646270304
450399,60,clip_baseline,0.0,0.3838876807793882,0.8084941007653061,0.3838424759248997,0.249941456560768
450399,60,CS_MAP,1.0,0.1970820495200151,0.6932597257653061,0.7524895597532923,0.2329047049441786
565778,1,clip_baseline,0.0,0.014056090107047,0.7166972257653061,0.0146111709936279,0.0151042749255179
565778,1,CS_MAP,1.0,0.0294085998823955,0.5988321109693877,0.5665836638794997,0.0310950661853188
565778,7,clip_baseline,1.0,0.5853516403966963,0.7117147640306123,0.6427704637627705,0.4260376160622173
565778,7,CS_MAP,1.0,0.561606340616956,0.8165856186224489,0.7354424879060611,0.6344970014694785
366199,17,clip_baseline,1.0,0.608363491808652,0.9540417729591836,0.967813435034484,0.5453470031545742
366199,17,CS_MAP,0.0,0.1749913432835523,0.7417689732142857,0.8415146363920959,0.1759730348511829
366199,65,clip_baseline,1.0,0.4573729953160635,0.5781449298469388,0.5101021209403498,0.3425376611275043
366199,65,CS_MAP,1.0,0.4561009788823409,0.6967474489795918,0.661106586270611,0.5264533798082908
165039,3,clip_baseline,1.0,0.2468221553841687,0.7107979910714286,0.5904447669774279,0.1416656808233763
165039,3,CS_MAP,1.0,0.1235952034199993,0.5626793686224489,0.813239698625583,0.104623168890521
165039,10,clip_baseline,0.0,0.0719312270499436,0.6767378826530612,0.5495493841006321,0.025708793849111
165039,10,CS_MAP,1.0,0.017947827034717,0.5189732142857143,0.530900168278798,0.0178237161227313
297830,44,clip_baseline,0.0,0.2325650189787444,0.9143016581632653,0.3257725183552121,0.1486834290239556
297830,44,CS_MAP,0.0,0.1183821720338695,0.6973852040816326,0.7562419877744649,0.0527169505271695
297830,18,clip_baseline,1.0,0.7643087082637012,0.8276666135204082,0.8488674002909736,0.5875310055332952
297830,18,CS_MAP,1.0,0.6026900598710411,0.8564453125,0.8567192560535112,0.6888284085018144
261318,1,clip_baseline,1.0,0.422527360654809,0.7886838329081632,0.5334918284124679,0.4004862603188963
261318,1,CS_MAP,1.0,0.2611160571560709,0.8291214923469388,0.838710226023367,0.4774181751691351
261318,31,clip_baseline,0.0,0.0901918203894756,0.7640904017857143,0.113148752721935,0.1014877789585547
261318,31,CS_MAP,0.0,0.0749437164165045,0.6949936224489796,0.2704095198038591,0.0888306739699928
308430,51,clip_baseline,1.0,0.8518583056282785,0.5420918367346939,0.8645299986861991,0.4440438454279284
308430,51,CS_MAP,1.0,0.7492190353333987,0.287906568877551,0.7268916877205147,0.2491331301880844
308430,57,clip_baseline,0.0,0.2038542293312916,0.6902303890306123,0.2510641839309699,0.1979876160990712
308430,57,CS_MAP,1.0,0.1473579665943822,0.6385921556122449,0.3157961749298116,0.179828132066938
384661,79,clip_baseline,1.0,0.6036801418141287,0.7069116709183674,0.719083141246883,0.4521272632441696
384661,79,CS_MAP,1.0,0.5348962778297542,0.7559390943877551,0.7982712050058409,0.5770240397899973
384661,85,clip_baseline,1.0,0.1117484847746065,0.7446388711734694,0.5884436520328783,0.0438059701492537
384661,85,CS_MAP,0.0,0.0219828833536727,0.5047233737244898,0.5487620543006123,0.0230757134994889
180751,82,clip_baseline,0.0,0.1146892200685313,0.6835538903061225,0.3141749712093631,0.0762159646264836
180751,82,CS_MAP,1.0,0.05119123223589,0.5543088329081632,0.2648739984491176,0.057606405394016
180751,1,clip_baseline,1.0,0.6159158747712897,0.8620655293367347,0.826654159632686,0.5784248035572882
180751,1,CS_MAP,1.0,0.3133754742516171,0.8688018176020408,0.920514014971778,0.5955394445809781
479596,55,clip_baseline,1.0,0.6091300370417644,0.6885164221938775,0.6676321210675875,0.4147976186018647
479596,55,CS_MAP,1.0,0.5471318938040102,0.8242984693877551,0.8687466651929773,0.6592455163883735
479596,53,clip_baseline,1.0,0.6170839910991105,0.6708187181122449,0.66945267070353,0.4024456423428964
479596,53,CS_MAP,1.0,0.4072674510170017,0.4364835778061224,0.4020823719170259,0.2423836445968757
82986,1,clip_baseline,0.0,0.0955482922517697,0.6673309948979592,0.0996252348092191,0.071118530884808
82986,1,CS_MAP,0.0,0.0718621781996912,0.5294762436224489,0.2529570389581965,0.0745197961583692
82986,31,clip_baseline,0.0,0.0467254378269099,0.7189492984693877,0.0631301131169414,0.0291222030981067
82986,31,CS_MAP,0.0,0.0101595484869645,0.4818439094387755,0.0088961119656141,0.0012293035227229
223090,57,clip_baseline,1.0,0.3441160288152566,0.8272082270408163,0.822468309591689,0.2227003765465303
223090,57,CS_MAP,1.0,0.1421240513029659,0.6472815688775511,0.8979867779968322,0.1218180915992656
223090,49,clip_baseline,1.0,0.2563753381817427,0.7280970982142857,0.6068971792008435,0.1975649923538407
223090,49,CS_MAP,1.0,0.2289508820627384,0.7331592793367347,0.7626213308003967,0.2119018188239449
38576,74,clip_baseline,1.0,0.1736650801824833,0.7905173788265306,0.6357727848046438,0.0639415798379196
38576,74,CS_MAP,0.0,0.0410004678463331,0.5074936224489796,0.6003586666292166,0.0283489953996775
38576,76,clip_baseline,0.0,0.337047503900616,0.6884964923469388,0.3559960325825364,0.3057961359093937
38576,76,CS_MAP,1.0,0.3909993550562472,0.7440409757653061,0.8674915206442017,0.4563809523809524
544519,1,clip_baseline,1.0,0.8960345277335955,0.5814532844387755,0.9029142676578192,0.466871445978879
544519,1,CS_MAP,1.0,0.8425380498006702,0.7488440688775511,0.9444956054691264,0.6871710852944097
544519,90,clip_baseline,0.0,0.2233144437768195,0.8956074617346939,0.5807085903193294,0.1364985163204747
544519,90,CS_MAP,1.0,0.0773047137140401,0.7987284757653061,0.6169072811288647,0.0757756017205088
220732,3,clip_baseline,0.0,0.0480764565654396,0.6656768176020408,0.067354367646041,0.0354760809567617
220732,3,CS_MAP,0.0,0.0365391307156297,0.5887077487244898,0.2099337448801536,0.0387983232417326
220732,8,clip_baseline,1.0,0.1974038212973119,0.6635841836734694,0.2108901984604297,0.1625737957037257
220732,8,CS_MAP,0.0,0.1644076439898143,0.6021205357142857,0.2490513926225951,0.1947727181059169
233567,21,clip_baseline,1.0,0.3324498472786341,0.7063337053571429,0.727296237530485,0.3150971460444361
233567,21,CS_MAP,0.0,0.2121592888181328,0.6482581313775511,0.6405145376619135,0.2781890311234714
233567,20,clip_baseline,1.0,0.7212827682515806,0.8127989477040817,0.8408656354788044,0.6110397946084724
233567,20,CS_MAP,1.0,0.6257305866859828,0.882194674744898,0.929365642122432,0.7601833820188251
206487,3,clip_baseline,0.0,0.2308111105581916,0.676399075255102,0.2408936440193165,0.2141992934230266
206487,3,CS_MAP,1.0,0.3075927427059862,0.714485012755102,0.902804784385006,0.3152989533049753
206487,1,clip_baseline,1.0,0.1296443647883239,0.6918247767857143,0.2567490451349148,0.0803497085761865
206487,1,CS_MAP,1.0,0.05504909771702,0.5572185905612245,0.4992105995565166,0.0766385437014255
277051,49,clip_baseline,1.0,0.383327634373684,0.8444475446428571,0.5953092786456357,0.2688524590163934
277051,49,CS_MAP,1.0,0.175397535755653,0.6257573341836735,0.8114375402843453,0.1329362330886087
277051,44,clip_baseline,1.0,0.4318781976301161,0.8279854910714286,0.6618497509837945,0.3398852772466539
277051,44,CS_MAP,0.0,0.2499157097826481,0.7898995535714286,0.561744249287238,0.2917702384951293
520871,44,clip_baseline,1.0,0.3171986636180274,0.7616988201530612,0.8249229135055866,0.2126818989925594
520871,44,CS_MAP,1.0,0.1839718097315966,0.8050860969387755,0.8118968296855765,0.2464170134073046
520871,47,clip_baseline,0.0,0.098673264080858,0.7470304528061225,0.2207896726694033,0.0651789659743703
520871,47,CS_MAP,0.0,0.0400276239336453,0.5810148278061225,0.1352242975438228,0.0404837973528069
222094,8,clip_baseline,1.0,0.0671242663491427,0.7222377232142857,0.1000841795765552,0.0631847818780668
222094,8,CS_MAP,0.0,0.0379593035818071,0.6506895727040817,0.1433413814179951,0.0503359341135674
222094,13,clip_baseline,1.0,0.2292967646612935,0.7967952806122449,0.9387434499346824,0.0931246108689851
222094,13,CS_MAP,0.0,0.0778811644748425,0.651008450255102,0.6512583695364729,0.0564177174264468
388903,1,clip_baseline,1.0,0.8220250392638845,0.5675422512755102,0.761025176486999,0.3064974911310684
388903,1,CS_MAP,1.0,0.732056657969993,0.7580715880102041,0.8715240710099397,0.617404185577408
388903,53,clip_baseline,1.0,0.6515711264592092,0.9180086096938777,0.916444794166296,0.5343520090548953
388903,53,CS_MAP,1.0,0.376237494896924,0.9064293686224488,0.970034648438076,0.5101210350584308
471087,1,clip_baseline,1.0,0.7174622372090542,0.5111806441326531,0.6842580647994359,0.2813864229000029
471087,1,CS_MAP,0.0,0.7737200541891717,0.8973612882653061,0.916990296879228,0.8334142002264273
471087,32,clip_baseline,1.0,0.3425368307885366,0.8364756058673469,0.7776939514416175,0.1712121212121212
471087,32,CS_MAP,0.0,0.1367600549036702,0.7268614477040817,0.6241728323434655,0.110064935064935
326462,1,clip_baseline,1.0,0.2682212832675383,0.7000757334183674,0.4723442552965127,0.1665835963892119
326462,1,CS_MAP,1.0,0.1550032710769671,0.5328842474489796,0.7849656139826406,0.1448794191688861
326462,60,clip_baseline,1.0,0.7035233255881334,0.9200414540816326,0.9290878332830896,0.7133466704772792
326462,60,CS_MAP,1.0,0.5309989169328676,0.923569036989796,0.9299202891240778,0.7230447028237164
183965,67,clip_baseline,1.0,0.9150894745485084,0.4506536989795918,0.924310172976328,0.4233714070540981
183965,67,CS_MAP,1.0,0.9141290273193918,0.5103037308673469,0.9278968307482592,0.4853055154066905
183965,47,clip_baseline,1.0,0.4960478325800994,0.8555285395408163,0.8079772800131838,0.3575290259682708
183965,47,CS_MAP,1.0,0.126022845739708,0.6819395727040817,0.4872423821127796,0.1961011484988918
277689,47,clip_baseline,1.0,0.2977658768614077,0.7456353635204082,0.3862082903312862,0.253451099672438
277689,47,CS_MAP,0.0,0.2500461521637276,0.7498206313775511,0.5829583315149739,0.2922703952190336
277689,61,clip_baseline,1.0,0.8016014440952667,0.9275151466836736,0.91983954308278,0.7293294634218948
277689,61,CS_MAP,1.0,0.4662441981036371,0.8843470982142857,0.7796130126474502,0.6014149323442544
215114,44,clip_baseline,1.0,0.2536292137291123,0.7800741390306123,0.6530464862286609,0.1477448254556688
215114,44,CS_MAP,1.0,0.0912473375758001,0.5901626275510204,0.7055748761115446,0.0856380613606047
215114,82,clip_baseline,1.0,0.9239267717723572,0.5221221301020408,0.925975372012688,0.4118281943728996
215114,82,CS_MAP,1.0,0.8740632649394061,0.6416015625,0.9282385338863508,0.5670294216786247
501523,81,clip_baseline,1.0,0.6278758060045411,0.8237603635204082,0.823731957971788,0.5897471584319184
501523,81,CS_MAP,1.0,0.5706283854638421,0.8781090561224489,0.9004111666269372,0.7071161766114357
501523,44,clip_baseline,0.0,0.1495557621517539,0.7386200573979592,0.2689563574471527,0.14
501523,44,CS_MAP,0.0,0.0906839036002691,0.6586615114795918,0.4195021395719922,0.1113474809318736
468505,2,clip_baseline,0.0,0.0105498092438803,0.7154017857142857,0.0184659835761107,0.0046699658465184
468505,2,CS_MAP,0.0,0.0317785060020247,0.5029296875,0.2042777507378472,0.0355748037585553
468505,47,clip_baseline,1.0,0.2314962598264658,0.8076570471938775,0.7066464076955252,0.0529879305269355
468505,47,CS_MAP,1.0,0.0220892249530356,0.5807158801020408,0.7809973236737855,0.0245734421364985
78823,64,clip_baseline,1.0,0.3039138164620236,0.7455157844387755,0.8751767498631434,0.1284553955361408
78823,64,CS_MAP,1.0,0.1321590536701985,0.6755221619897959,0.9216925288967784,0.1039625756741882
78823,18,clip_baseline,1.0,0.4669072401029124,0.8785076530612245,0.7055122872484787,0.3589905362776025
78823,18,CS_MAP,1.0,0.2778405550019314,0.8858019770408163,0.7775276192867527,0.3589887011970019
311928,39,clip_baseline,0.0,0.360415102329888,0.8756975446428571,0.5497860158850194,0.2337837837837837
311928,39,CS_MAP,1.0,0.152176069311752,0.8499083227040817,0.6342512611291349,0.2017171931312274
311928,1,clip_baseline,1.0,0.6451611724288233,0.8093510841836735,0.703201165354664,0.4482321047470727
311928,1,CS_MAP,0.0,0.4673351185247016,0.9127072704081632,0.7987713107132794,0.725116103928706
167898,70,clip_baseline,1.0,0.1906187542651109,0.7142857142857143,0.2686630641526699,0.1979411435604789
167898,70,CS_MAP,1.0,0.1488352574812624,0.6808633609693877,0.4021955765275939,0.205743762710183
167898,81,clip_baseline,1.0,0.2486341301417235,0.7432238520408163,0.6722791490007151,0.200793995409714
167898,81,CS_MAP,1.0,0.143796649753498,0.7522520727040817,0.5492402762465721,0.2065994383456727
456303,1,clip_baseline,0.0,0.3464410558599741,0.7302495216836735,0.3417647517533309,0.2659580237539997
456303,1,CS_MAP,1.0,0.2717562340476753,0.7836814413265306,0.6737803984396555,0.4040847699571758
456303,36,clip_baseline,0.0,0.0800618499674867,0.6750837053571429,0.1086315025870297,0.0743243243243243
456303,36,CS_MAP,1.0,0.0484180891524003,0.5742785395408163,0.0696305400377814,0.0670422781271837
167122,3,clip_baseline,1.0,0.9377300909476866,0.8072783801020408,0.9348788857551318,0.6405070820476597
167122,3,CS_MAP,0.0,0.7884369043576249,0.8096500318877551,0.9535133085275428,0.6502233941258332
167122,17,clip_baseline,1.0,0.1834997740652904,0.7285754145408163,0.7592439315000408,0.0456870576693994
167122,17,CS_MAP,1.0,0.0156803264903192,0.5184550382653061,0.0610479621494351,0.0259221931062285
568195,61,clip_baseline,1.0,0.3424619393866874,0.8185387436224489,0.7458504208917051,0.1946753935963205
568195,61,CS_MAP,1.0,0.1240558015611172,0.7670200892857143,0.759352021096808,0.1583873290136789
568195,1,clip_baseline,1.0,0.5486309842960652,0.552734375,0.5477040464376826,0.2866270383673988
568195,1,CS_MAP,1.0,0.54900910257562,0.8487125318877551,0.8004604126219296,0.7280088860224301
13177,1,clip_baseline,1.0,0.6535693984621208,0.8286033163265306,0.7298490121315181,0.5529913197151619
13177,1,CS_MAP,1.0,0.4721104501005919,0.9013273278061223,0.9424999341767524,0.7281910513313203
13177,2,clip_baseline,0.0,0.1312717452005184,0.6827766262755102,0.1422046904614325,0.1575186577039115
13177,2,CS_MAP,1.0,0.1656116591207019,0.6620894451530612,0.7858793720334488,0.1770615929718973
457262,52,clip_baseline,1.0,0.702023356776476,0.9158960459183674,0.8651545233340635,0.691925828588115
457262,52,CS_MAP,1.0,0.4785934742788293,0.9284917091836736,0.9321300810031004,0.7336105130299205
457262,67,clip_baseline,1.0,0.9294110309963668,0.5402981505102041,0.9245852661724197,0.523813456099424
457262,67,CS_MAP,1.0,0.9484132782000372,0.5623405612244898,0.9709822658900246,0.5364154528182394
377486,19,clip_baseline,0.0,0.3267984162534043,0.7843391262755102,0.549992819926489,0.2820938101240628
377486,19,CS_MAP,0.0,0.1856040262855948,0.6652981505102041,0.5542065367004115,0.2057696855048474
377486,1,clip_baseline,0.0,0.1150732205416753,0.6711575255102041,0.1134664609589949,0.0850108135085676
377486,1,CS_MAP,0.0,0.1476948984926267,0.6604352678571429,0.4361125484895286,0.1997181775481446
538236,58,clip_baseline,1.0,0.834129232318703,0.6131417410714286,0.7518464896251733,0.3197238382280787
538236,58,CS_MAP,1.0,0.5919280851775506,0.7129504145408163,0.7592569775156199,0.5904282545640676
538236,1,clip_baseline,0.0,0.0762290527997634,0.7372648278061225,0.0781237533081668,0.0834318292428561
538236,1,CS_MAP,0.0,0.0907766571613854,0.5832469706632653,0.460425188267121,0.0981195549038212
201646,62,clip_baseline,1.0,0.280765968227864,0.7787786989795918,0.4650688419248675,0.2640721341908108
201646,62,CS_MAP,1.0,0.1910041714144587,0.7625558035714286,0.7373179401002555,0.2538360368259535
201646,1,clip_baseline,1.0,0.6303563256694396,0.8697983099489796,0.7662389949982157,0.6293543628730285
201646,1,CS_MAP,0.0,0.3761520333564737,0.7924904336734694,0.5471663787299977,0.5203611571770775
436738,6,clip_baseline,1.0,0.4990747275911569,0.8846061862244898,0.8309709698531914,0.3696930111038536
436738,6,CS_MAP,1.0,0.218752228595174,0.6702208227040817,0.9161252994260368,0.1701188625307187
436738,3,clip_baseline,0.0,0.271946935937108,0.8367944834183674,0.4968066341708691,0.1788829840569537
436738,3,CS_MAP,0.0,0.1164765544598845,0.7128507653061225,0.5339386811447803,0.1100129717709555
356387,4,clip_baseline,1.0,0.4032633784206967,0.8492107780612245,0.4937600881613956,0.3388675288360713
356387,4,CS_MAP,1.0,0.256675609054876,0.8466796875,0.5235494925335339,0.3416345742404792
356387,2,clip_baseline,1.0,0.1576405021027566,0.8144929846938775,0.3519768393741201,0.1073175409993286
356387,2,CS_MAP,0.0,0.0739956092113758,0.7979910714285714,0.3182131172011051,0.1028500619578686
14038,65,clip_baseline,1.0,0.1118236539576807,0.6981823979591837,0.6640529268415681,0.0443014009844755
14038,65,CS_MAP,1.0,0.0221084736341331,0.5108019770408163,0.4835170116017243,0.0277656751297183
14038,82,clip_baseline,0.0,0.1018728532106222,0.6694036989795918,0.1551893646968705,0.1001898562516951
14038,82,CS_MAP,0.0,0.0553353836518386,0.5527543048469388,0.0893376410255729,0.0716885910482336
60899,62,clip_baseline,0.0,0.4083729038173857,0.705436862244898,0.4855231863411379,0.4150241431172326
60899,62,CS_MAP,1.0,0.4197367768263141,0.6839325573979592,0.7341156077230373,0.4509987191470211
60899,1,clip_baseline,1.0,0.592001380608949,0.8361965880102041,0.7497765383683476,0.5414016292824462
60899,1,CS_MAP,0.0,0.3474932032223166,0.7306481186224489,0.705725037977479,0.4412749596924222
421060,35,clip_baseline,1.0,0.0484959188826227,0.6484773596938775,0.3083542297217447,0.0237449493551779
421060,35,CS_MAP,0.0,0.0125898659982717,0.4897759885204081,0.0502276569513746,0.0147398399014778
421060,1,clip_baseline,1.0,0.2472189727490314,0.7511360012755102,0.2865763618526452,0.1985237483953787
421060,1,CS_MAP,0.0,0.0935527370815921,0.6182238520408163,0.1659651298063877,0.126334032655295
537991,1,clip_baseline,1.0,0.7612535331965075,0.7783203125,0.7831853732796686,0.5254692832764505
537991,1,CS_MAP,1.0,0.5485930349622292,0.8866788903061225,0.8533581734333981,0.7487739141960854
537991,77,clip_baseline,0.0,0.2592537105142091,0.8512236926020408,0.6774470146556453,0.0969029760464553
537991,77,CS_MAP,1.0,0.0500365227989886,0.687858737244898,0.5637826796480752,0.0486545587074044
127660,33,clip_baseline,1.0,0.8173057836357022,0.8246970663265306,0.8825371067476571,0.594822423879497
127660,33,CS_MAP,1.0,0.6225384066043547,0.8586375956632653,0.904287966987201,0.6768859329446064
127660,1,clip_baseline,1.0,0.4537127900531469,0.5716677295918368,0.4952405859826134,0.2718525545466865
127660,1,CS_MAP,1.0,0.3961986365988044,0.6774154974489796,0.6206624280498392,0.416047333862472
568439,6,clip_baseline,1.0,0.7192224278586679,0.8840082908163265,0.8484057779572766,0.6498405631430119
568439,6,CS_MAP,1.0,0.5230189192035605,0.8613879145408163,0.8446319377461265,0.6102768127311442
568439,1,clip_baseline,1.0,0.3922926057806358,0.8376514668367347,0.7077903617064435,0.1951388202746764
568439,1,CS_MAP,1.0,0.093803348396377,0.5713687818877551,0.8638442628453313,0.087487801773516
284445,1,clip_baseline,0.0,0.5179086351528629,0.8024752869897959,0.5411828561973302,0.3685250079643198
284445,1,CS_MAP,0.0,0.2633492388535339,0.7060945471938775,0.6807179678323155,0.3699209570604572
284445,10,clip_baseline,1.0,0.1436032853056293,0.7879663584183674,0.4951142757109768,0.0750304294905233
284445,10,CS_MAP,1.0,0.0466137540047708,0.6285674426020408,0.7101349391441407,0.0442564102564102
422998,44,clip_baseline,1.0,0.6422901666347917,0.9043367346938777,0.9213973569815452,0.5473406261788004
422998,44,CS_MAP,1.0,0.2328998092773412,0.7161391900510204,0.702131801101486,0.285205259460002
422998,1,clip_baseline,0.0,0.4538563567929299,0.4483617665816326,0.4724375550260823,0.233608373020268
422998,1,CS_MAP,0.0,0.6963863079874247,0.9431401466836736,0.9497531273408792,0.8963412418704356
181499,73,clip_baseline,0.0,0.7058775293841592,0.6794483418367347,0.7524367085566599,0.4861177673408096
181499,73,CS_MAP,1.0,0.630045244851209,0.6583625637755102,0.7478304646137979,0.4782688093498904
181499,76,clip_baseline,1.0,0.294672503460359,0.7090043048469388,0.417280971072368,0.3234953435574295
181499,76,CS_MAP,1.0,0.2878368121620325,0.7292530293367347,0.9261514535497696,0.345648090169067
27186,63,clip_baseline,1.0,0.6722341058279553,0.8757174744897959,0.8443775809236702,0.6655403593456691
27186,63,CS_MAP,1.0,0.5498605291416182,0.8949896364795918,0.8654258112264323,0.7186114819759679
27186,1,clip_baseline,1.0,0.5142183838802071,0.6618502869897959,0.6501018848878863,0.3658855626565011
27186,1,CS_MAP,0.0,0.4485778838986196,0.7619778380102041,0.6049495202887215,0.5110938267561814
150649,41,clip_baseline,0.0,0.0907011152959506,0.7485650510204082,0.2868221291186159,0.0508576587421005
150649,41,CS_MAP,1.0,0.0263773632042858,0.5518176020408163,0.258623633855888,0.0291832153341391
150649,1,clip_baseline,0.0,0.1126503064682261,0.6027782206632653,0.1122730891801319,0.0945804751737609
150649,1,CS_MAP,0.0,0.1563450669559196,0.5773875956632653,0.5232292793437565,0.1955614567526555
446005,79,clip_baseline,1.0,0.4407617999213873,0.8032525510204082,0.7207756517283905,0.369684586898225
446005,79,CS_MAP,1.0,0.1692587684591036,0.5822106186224489,0.4557974978525586,0.2015920170627666
446005,78,clip_baseline,0.0,0.1147860262421277,0.7108179209183674,0.1365063380444974,0.113676623297294
446005,78,CS_MAP,0.0,0.0649292102171651,0.5272241709183674,0.1852786908351549,0.08136157688882
532575,18,clip_baseline,1.0,0.8452160333552222,0.9302455357142856,0.9607798353264336,0.8260091469477033
532575,18,CS_MAP,1.0,0.7471161343840873,0.9379384566326532,0.9623053370213324,0.8511472275334608
532575,9,clip_baseline,1.0,0.7024260260234684,0.7361886160714286,0.6953946867514365,0.4640239705227355
532575,9,CS_MAP,1.0,0.6256233487092947,0.7212213010204082,0.7429683022002225,0.4649632802937576
169076,1,clip_baseline,0.0,0.0202805274280623,0.6139588647959183,0.0260350331157566,0.0228029462213701
169076,1,CS_MAP,1.0,0.0678055535311112,0.6013632015306123,0.6579315541096185,0.078163886072449
169076,17,clip_baseline,0.0,0.4850204750317514,0.8184590242346939,0.7335372721716222,0.5016140504459157
169076,17,CS_MAP,1.0,0.4099432723035615,0.8479352678571429,0.8072780214130795,0.5632512879221523
356347,51,GE_MAP,1.0,0.7838528016454508,0.4340919961734694,0.7840654681588677,0.3641249580114209
356347,50,GE_MAP,1.0,0.15012256118691691,0.6137994260204082,0.6587947003423736,0.10901650650604626
207585,32,GE_MAP,1.0,0.21561843334306127,0.7253667091836735,0.43014464521769097,0.04636678200692042
207585,88,GE_MAP,1.0,0.8879585826275423,0.7878667091836735,0.9421931233890319,0.6598382921606852
248752,39,GE_MAP,0.0,0.046499132296642584,0.6471420599489796,0.25704541432248856,0.03756251358991085
248752,1,GE_MAP,1.0,0.5213932973005163,0.7198062818877551,0.5302569179784945,0.32398903688031927
227187,52,GE_MAP,1.0,0.17880875233171653,0.7711057079081632,0.39106288193547717,0.09574049287457681
227187,16,GE_MAP,1.0,0.17781091029026078,0.7569355867346939,0.4945030730424688,0.09282951502529009
110042,64,GE_MAP,1.0,0.20513967812519085,0.7123724489795918,0.6628008127688245,0.0941501380868692
110042,70,GE_MAP,1.0,0.5471064023474407,0.9035395408163265,0.8625932053292314,0.31609439027836655
304404,1,GE_MAP,1.0,0.29147931115299514,0.5555444834183674,0.29859674319428564,0.14607903201102773
304404,28,GE_MAP,1.0,0.2585847832076826,0.8122409119897959,0.8340889862078287,0.06741239358542862
339823,1,GE_MAP,1.0,0.45625133315823974,0.6554926658163265,0.44222778566325716,0.30137816756254293
339823,28,GE_MAP,1.0,0.6736801576821112,0.8857820471938775,0.8103869142608121,0.6528770442156269
467176,1,GE_MAP,1.0,0.2934574672847309,0.6632453762755102,0.27210216701152296,0.19472906638707524
467176,84,GE_MAP,0.0,0.2807633832180067,0.8111049107142857,0.3586969178439507,0.2205592105263158
345027,8,GE_MAP,1.0,0.14448467631565134,0.7912946428571429,0.25106076146947476,0.12044347387871661
345027,4,GE_MAP,1.0,0.42973501057291147,0.8924784757653061,0.8565826814962526,0.14160700079554495
269942,3,GE_MAP,0.0,0.20782221286914382,0.7656050701530612,0.6700667243059734,0.04444263893402665
269942,10,GE_MAP,1.0,0.16991696842342874,0.7037826849489796,0.853614782867367,0.07854928704277743
125405,34,GE_MAP,1.0,0.09837548103716208,0.7836415816326531,0.6198301491666379,0.0489706526500219
125405,18,GE_MAP,1.0,0.7405288494253129,0.9262794961734694,0.8680178252829442,0.6731754726983566
319721,1,GE_MAP,1.0,0.18256363217727398,0.5937699298469388,0.19343914923346767,0.11689268229279494
319721,19,GE_MAP,1.0,0.7512096267978037,0.9079639668367347,0.9279113671690226,0.7265190098306289
147338,8,GE_MAP,1.0,0.5023849761404913,0.8004025829081632,0.8007275859551257,0.4143617332319747
147338,3,GE_MAP,0.0,0.2216274850871597,0.8093510841836735,0.24851051038795766,0.21769708864900228
571804,70,GE_MAP,0.0,0.058468586953331896,0.7588687818877551,0.05663641467860193,0.060709572238180264
571804,86,GE_MAP,0.0,0.05943902886411642,0.7099210778061225,0.17872725493323063,0.04237120863214685
151820,62,GE_MAP,1.0,0.39628902869821886,0.7497409119897959,0.7056710553944698,0.35082458770614694
151820,1,GE_MAP,1.0,0.3075585035886712,0.5693558673469388,0.31177491066262475,0.1616357569643827
112997,77,GE_MAP,1.0,0.6852082528845644,0.6955117984693877,0.7009337502861703,0.4313258393508524
112997,1,GE_MAP,0.0,0.13526224381640084,0.5935307716836735,0.18329042795213407,0.1045398665261679
226903,2,GE_MAP,1.0,0.3240863360138888,0.8426139987244898,0.7674061702668776,0.12050339681479007
226903,67,GE_MAP,1.0,0.5718764283623585,0.8384287308673469,0.7782881225922914,0.5646079484425349
139684,17,GE_MAP,1.0,0.08692923397926887,0.5931122448979592,0.15216164657360193,0.07636626854867898
139684,63,GE_MAP,1.0,0.33814700065844444,0.6535594706632653,0.35893115960631317,0.34716641003492693
192871,51,GE_MAP,1.0,0.7374234043671416,0.5651307397959183,0.7118024055218721,0.30580300330872995
192871,53,GE_MAP,1.0,0.48071361313452726,0.7641302614795918,0.6889906234319316,0.38224240526150954
176232,86,GE_MAP,0.0,0.1634622309314622,0.6728515625,0.3657565257031671,0.14389277146135393
176232,84,GE_MAP,0.0,0.07076797568545684,0.6484375,0.36928356944659424,0.043176394011716204
248111,79,GE_MAP,0.0,0.07805008773960904,0.6552734375,0.14119984533528993,0.06335625710727243
248111,82,GE_MAP,1.0,0.30443068182492505,0.720085299744898,0.46325748850414683,0.26856577439850016
276434,1,GE_MAP,1.0,0.39849465683964513,0.7784996811224489,0.45881122847239186,0.28208772043149666
276434,55,GE_MAP,1.0,0.24730911621618257,0.7881058673469388,0.7091975004813332,0.10240607851414099
322944,1,GE_MAP,1.0,0.6857929897787756,0.6051897321428571,0.7062988371827361,0.3903489875053856
322944,88,GE_MAP,1.0,0.7539812793379861,0.9261798469387755,0.9310816344503341,0.7495605138607166
137294,79,GE_MAP,1.0,0.36123676643605857,0.7094826211734694,0.46883691998800076,0.30878657119825503
137294,1,GE_MAP,0.0,0.3470068814265992,0.7050183354591837,0.4170188384967539,0.30213588570889716
499266,77,GE_MAP,1.0,0.8318730776811832,0.6333306760204082,0.8349767195836042,0.43762799938865965
499266,1,GE_MAP,0.0,0.2391399755894674,0.6843510841836735,0.27950171552204733,0.24491060786650776
345356,67,GE_MAP,1.0,0.22494933447426413,0.7473294005102041,0.38990210692181354,0.21166521576918293
345356,1,GE_MAP,1.0,0.4096190739001713,0.571906887755102,0.3884999392051,0.19646865180308246
278848,6,GE_MAP,1.0,0.5266767452078801,0.7815290178571429,0.5683037402641278,0.4082910504156321
278848,28,GE_MAP,1.0,0.5356089457392593,0.8714126275510204,0.9278282721197509,0.42243308566824816
321333,1,GE_MAP,0.0,0.4251595218335474,0.39217952806122447,0.5302267707490746,0.16649357748018584
321333,88,GE_MAP,1.0,0.7384640060814841,0.9399115114795918,0.9100322505891003,0.6498257839721254
117908,44,GE_MAP,0.0,0.237060883019882,0.7547233737244898,0.5459317230328007,0.16534418446931162
117908,1,GE_MAP,0.0,0.38815728834946084,0.6001275510204082,0.4021186136416863,0.26189162344112127
101762,2,GE_MAP,1.0,0.9022640631277457,0.7926698022959183,0.9243729925915048,0.6348799663063316
101762,17,GE_MAP,1.0,0.6551138172834662,0.9327766262755102,0.8924020738162928,0.4321548821548822
82812,27,GE_MAP,0.0,0.11114836503819497,0.7307876275510204,0.23087064829164528,0.06995318094188929
82812,7,GE_MAP,0.0,0.3691487239370592,0.7818080357142857,0.6203044843436564,0.303739506486899
54592,35,GE_MAP,1.0,0.2509959589703044,0.7411710778061225,0.6252809836302424,0.12474727052163365
54592,1,GE_MAP,0.0,0.3829160151407724,0.5585538903061225,0.3915678361119425,0.2191080557024502
27696,1,GE_MAP,0.0,0.002864838409276966,0.5631576849489796,0.030708246004970352,0.0
27696,49,GE_MAP,1.0,0.05115283519756711,0.6122648278061225,0.13125494162827442,0.03559212809200416
20553,88,GE_MAP,1.0,0.32227408734878477,0.8681042729591837,0.5770191824045288,0.2696170400618033
20553,44,GE_MAP,0.0,0.14502784490934376,0.8007214604591837,0.5159711775800185,0.049976247030878856
15956,19,GE_MAP,1.0,0.5616457882913369,0.9075653698979592,0.8412890477177948,0.4400579500181094
15956,1,GE_MAP,0.0,0.029471535665818973,0.7690529336734694,0.037849325457624025,0.04452506596306069
20333,32,GE_MAP,1.0,0.3051578206865302,0.8563655931122449,0.6714013551232165,0.1981530930129061
20333,1,GE_MAP,1.0,0.6384480956551547,0.6982421875,0.7295761401187792,0.4688672957519206
347174,1,GE_MAP,1.0,0.6143117753445861,0.8302375637755102,0.7476608469057872,0.5369897265858564
347174,65,GE_MAP,1.0,0.4643008640583381,0.7777822066326531,0.6038616620157933,0.4872620252000368
116068,38,GE_MAP,1.0,0.6453485996239476,0.9260204081632653,0.9220767094023858,0.6115529510255336
116068,1,GE_MAP,1.0,0.4344976011901095,0.7133290816326531,0.47658865497393876,0.3102522297880502
569700,64,GE_MAP,1.0,0.8107091014733848,0.8895089285714286,0.9449532953527786,0.7941329372447085
569700,86,GE_MAP,0.0,0.10495845336340309,0.6449298469387755,0.10547837493780984,0.1482526174881675
353096,76,GE_MAP,1.0,0.31178725090137527,0.7348533163265306,0.8654687898001784,0.27734926670287885
353096,72,GE_MAP,1.0,0.600804629533723,0.5090680803571429,0.61272944508602,0.31411148855599486
393115,1,GE_MAP,0.0,0.33759006623797333,0.6640824298469388,0.3372871815743801,0.2831015269448343
393115,41,GE_MAP,1.0,0.5516236938922525,0.7848573022959183,0.5994776766016476,0.4243894635811027
409424,55,GE_MAP,1.0,0.3905048551946357,0.7988480548469388,0.7460998695670673,0.28812244322189307
409424,67,GE_MAP,1.0,0.9026552787888743,0.38173628826530615,0.9029475427032555,0.33656971770744226
156278,51,GE_MAP,1.0,0.10655698359063545,0.6959502551020408,0.14315913252450982,0.09813194608654528
156278,49,GE_MAP,0.0,0.05139238949347925,0.6625478316326531,0.11008438990748723,0.03806385637995682
456143,57,GE_MAP,1.0,0.14798526811991441,0.6770766900510204,0.5699052387610003,0.07135488308115544
456143,54,GE_MAP,1.0,0.5734168870095346,0.8339046556122449,0.8174697138476951,0.5326903667152629
31620,62,GE_MAP,1.0,0.10017276334870255,0.7626554528061225,0.3279308833769438,0.05783227848101266
31620,1,GE_MAP,0.0,0.21635727264673704,0.7729193239795918,0.1683801509323146,0.13478624041309134
7574,44,GE_MAP,1.0,0.1034866551418418,0.7191884566326531,0.5370891167028343,0.0500269687162891
7574,79,GE_MAP,0.0,0.04392709062082732,0.6121851084183674,0.047912334574004206,0.05621301775147929
49060,1,GE_MAP,0.0,0.039829455043124684,0.7534877232142857,0.036683157165879166,0.034878277153558054
49060,7,GE_MAP,1.0,0.8529733778383847,0.7946627869897959,0.9032072391443156,0.6182801674632284
127394,62,GE_MAP,0.0,0.06373620595632812,0.6095942283163265,0.2960091145467737,0.040554439927511385
127394,50,GE_MAP,0.0,0.07452064158596867,0.6482182716836735,0.1293854772249437,0.0569031844411199
287874,1,GE_MAP,1.0,0.24084011024912141,0.8267697704081632,0.5114654280198706,0.05644811115935736
287874,7,GE_MAP,1.0,0.4802917722680051,0.7880859375,0.8383353387464301,0.29610750695088045
331799,52,GE_MAP,1.0,0.13067642401718393,0.7204440369897959,0.6034933219901198,0.03792866941015089
331799,53,GE_MAP,1.0,0.12525482823144468,0.7533880739795918,0.20214210840445518,0.07255284065357517
174482,2,GE_MAP,1.0,0.8451346916468718,0.8573620854591837,0.9229613086681391,0.7226613965744401
174482,3,GE_MAP,1.0,0.10022965104575846,0.635124362244898,0.39435763704263876,0.08829241571634878
303713,62,GE_MAP,0.0,0.017665296166709747,0.5988520408163265,0.020551712626562375,0.020725892770263696
303713,1,GE_MAP,1.0,0.8596497641725263,0.4094985650510204,0.8552259528292485,0.3321687778929811
243344,17,GE_MAP,1.0,0.6025863398563891,0.9219148596938775,0.952107372931446,0.4227199057020775
243344,82,GE_MAP,1.0,0.6640643940164042,0.7942841198979592,0.7757566805477746,0.5155127904247829
113403,65,GE_MAP,1.0,0.9635153106146382,0.4016063456632653,0.9602205240742849,0.3952181444627966
113403,88,GE_MAP,1.0,0.791672086984034,0.8923987563775511,0.903997443088308,0.7276670870113493
476258,41,GE_MAP,1.0,0.34166853582880957,0.8251753826530612,0.8321530758728437,0.22061306086183918
476258,1,GE_MAP,1.0,0.29183005477699137,0.6741071428571429,0.2933677424444449,0.27039086203819385
492992,21,GE_MAP,1.0,0.8194181320522947,0.815070950255102,0.8651678320900148,0.6015544486430779
492992,16,GE_MAP,1.0,0.45500928890047976,0.8912228954081632,0.8895595185729834,0.24414900983243318
214720,63,GE_MAP,1.0,0.4146597996493928,0.7730986926020408,0.7517322218365964,0.3929942418426104
214720,64,GE_MAP,0.0,0.2055969053590739,0.771843112244898,0.31069207839991037,0.1417004048582996
465129,1,GE_MAP,1.0,0.31916243641739594,0.6334502551020408,0.350520720679801,0.19340408736075781
465129,79,GE_MAP,0.0,0.0322083987575713,0.6544961734693877,0.04330428494282005,0.044111160123511246
528705,88,GE_MAP,1.0,0.633523637491167,0.8189373405612245,0.769060429980769,0.5108227439155718
528705,1,GE_MAP,0.0,0.007478813303872375,0.5907007334183674,0.013648928914422605,0.002961452568210506
132544,1,GE_MAP,1.0,0.33265593113103276,0.6181042729591837,0.3129619304948444,0.19188596491228072
132544,28,GE_MAP,0.0,0.43511720225403433,0.8234414859693877,0.6831010148600973,0.24126413155190132
356094,1,GE_MAP,0.0,0.4032163871966031,0.5965401785714286,0.40372440760561157,0.2329203137433216
356094,39,GE_MAP,1.0,0.12214415511199107,0.7080078125,0.6273315184044324,0.03990825688073395
7816,1,GE_MAP,0.0,0.2897349655019344,0.7468311543367347,0.3226344630019447,0.19335788671577342
7816,4,GE_MAP,1.0,0.6005972518578755,0.8839285714285714,0.7988245802375658,0.5576148879605013
197388,35,GE_MAP,1.0,0.0318407841929494,0.6211933992346939,0.20340082193686077,0.024231223368756095
197388,1,GE_MAP,1.0,0.08058327404181478,0.5406768176020408,0.11835794181334389,0.04744781979747882
457848,4,GE_MAP,1.0,0.8719482877665755,0.6206752232142857,0.8835318161156127,0.44835082024230477
457848,1,GE_MAP,0.0,0.028438232705518488,0.6100924744897959,0.041085355234700166,0.026569807941088666
212226,8,GE_MAP,1.0,0.7296807307866116,0.5343789859693877,0.7134148039679666,0.31275187527577586
212226,1,GE_MAP,1.0,0.4274397200121632,0.7853356186224489,0.6758359278421421,0.31971199393671446
111086,9,GE_MAP,1.0,0.8063641803951647,0.8042291135204082,0.8593166543846282,0.5789360881306528
111086,3,GE_MAP,1.0,0.5941694817447902,0.8204320790816326,0.801798925457774,0.5459584761136868
384527,84,GE_MAP,0.0,0.045793499360523224,0.6516661352040817,0.04766321202694565,0.03871961280387196
384527,62,GE_MAP,1.0,0.6377526875469878,0.8505660076530612,0.8203545119781331,0.5824004455583403
61108,18,GE_MAP,1.0,0.43400445477463545,0.8430923150510204,0.642478979714074,0.18279011833091136
61108,2,GE_MAP,1.0,0.6861541676112397,0.8333466198979592,0.7611057784291936,0.5378067654211807
245026,61,GE_MAP,1.0,0.5270297547807575,0.8347616390306123,0.7619169322063278,0.4799924736578023
245026,1,GE_MAP,1.0,0.5323013214168972,0.8111049107142857,0.6781738951755469,0.48221797323135757
310980,76,GE_MAP,1.0,0.2840546141797793,0.6696428571428571,0.7821751559071971,0.17916212736456374
310980,73,GE_MAP,1.0,0.972712458673229,0.6255181760204082,0.9696126468094617,0.4971229760471029
135561,80,GE_MAP,0.0,0.05819610700228577,0.6250597895408163,0.24596706776961552,0.03602172576347612
135561,82,GE_MAP,1.0,0.2022228460353359,0.6676299426020408,0.25429002072986995,0.2314392368311904
547144,73,GE_MAP,1.0,0.13015989310262505,0.6971859056122449,0.4849661651980279,0.09752910430030887
547144,76,GE_MAP,1.0,0.21454640401631678,0.7161591198979592,0.5882728608761219,0.1390920631082633
579321,18,GE_MAP,1.0,0.7921096313177547,0.839225924744898,0.8217219483256547,0.5503845725114257
579321,1,GE_MAP,0.0,0.03632980949339207,0.606086575255102,0.08293564346343951,0.02688198513120969
395388,1,GE_MAP,0.0,0.4753776848378044,0.7746930803571429,0.48392214671795886,0.41190240857306354
395388,20,GE_MAP,1.0,0.35092531936584914,0.8192362882653061,0.8857823179868595,0.1258673862760216
243204,54,GE_MAP,1.0,0.26872144063827774,0.8248764349489796,0.8024886688790899,0.07417553471710041
243204,50,GE_MAP,1.0,0.17602065365915914,0.6951132015306123,0.5729731331348558,0.10180836073273837
580410,84,GE_MAP,0.0,0.10337618270011509,0.7529296875,0.322730310203462,0.06310459492140266
580410,31,GE_MAP,0.0,0.2367100023732327,0.7844387755102041,0.5238441451467188,0.13305546649567168
89648,62,GE_MAP,1.0,0.4654273156366947,0.7077287946428571,0.5551274868851128,0.3618919154120616
89648,1,GE_MAP,1.0,0.501159367971417,0.630241549744898,0.4452300410665947,0.24501505656384798
375493,17,GE_MAP,1.0,0.13801153762280266,0.7230747767857143,0.7652798056100392,0.04488589496838053
375493,11,GE_MAP,1.0,0.2320945411350963,0.7575733418367347,0.6421365353884446,0.09365919082035616
3553,41,GE_MAP,1.0,0.24900396516939938,0.7992267219387755,0.5049731782797983,0.24078679629210942
3553,1,GE_MAP,1.0,0.6050409282163697,0.8347616390306123,0.7411220658552452,0.6146230361624988
356612,6,GE_MAP,0.0,0.035476491183705,0.7183514030612245,0.04231113683338254,0.0441017316017316
356612,8,GE_MAP,1.0,0.5158645495364946,0.7983896683673469,0.693259317898376,0.36928736205499096
307172,59,GE_MAP,1.0,0.7973225849255156,0.6248804209183674,0.8006876942489082,0.367752771246221
307172,1,GE_MAP,0.0,0.20259812991324794,0.6182836415816326,0.20537123469846613,0.17988353172903998
465806,47,GE_MAP,1.0,0.4616566523796156,0.8549705038265306,0.7980709554353974,0.2856581918130951
465806,51,GE_MAP,0.0,0.22553404238860844,0.7524314413265306,0.3335495390261742,0.1787650403279122
184324,1,GE_MAP,0.0,0.23874588907863054,0.6705795599489796,0.24264704833727185,0.21057407584296495
184324,3,GE_MAP,1.0,0.23494980300323334,0.8522799744897959,0.5526622468372449,0.08221892025755324
513524,42,GE_MAP,0.0,0.19206871580037368,0.7354910714285714,0.6000520503084664,0.10668371811267416
513524,1,GE_MAP,0.0,0.23075985046378666,0.7086654974489796,0.25522472102210214,0.20657837603126358
579158,33,GE_MAP,0.0,0.006370689543737698,0.6461654974489796,0.012759117468456581,0.006046355391333557
579158,5,GE_MAP,1.0,0.8090466563059879,0.8715720663265306,0.8796102386013792,0.6973084691624782
2149,53,GE_MAP,0.0,0.2062451873738113,0.5745575573979592,0.21907097733374287,0.17836111004195374
2149,51,GE_MAP,1.0,0.8338969981374749,0.4672154017857143,0.8210490624212641,0.338946587537092
196843,6,GE_MAP,1.0,0.8638487384243326,0.6912468112244898,0.8753662622349758,0.48507611513660837
196843,2,GE_MAP,1.0,0.34211495320466123,0.7811503507653061,0.7990050569486729,0.18101133651551313
300233,50,GE_MAP,0.0,0.1172438126279762,0.6379145408163265,0.20688944757740893,0.10423035203628833
300233,51,GE_MAP,0.0,0.2871463545410935,0.7199657206632653,0.3370682900996853,0.2980466603387121
378515,1,GE_MAP,0.0,0.3003911029763797,0.6940569196428571,0.2897404066494903,0.21929512281950872
378515,2,GE_MAP,1.0,0.09141487669507249,0.7172751913265306,0.29309753803542243,0.04638343640763646
493286,5,GE_MAP,1.0,0.7364496681404579,0.8798828125,0.8212995826492854,0.6356546971345666
493286,3,GE_MAP,1.0,0.9033446762122753,0.8719308035714286,0.9309319861760631,0.6904176904176904
472298,1,GE_MAP,1.0,0.21614805643990584,0.7612005739795918,0.4364716623893828,0.10748603351955308
472298,9,GE_MAP,1.0,0.45968168151284905,0.7926299426020408,0.7399869103473744,0.28762152540052033
10363,3,GE_MAP,1.0,0.8972709109101293,0.8331473214285714,0.9427155734727493,0.6904075142371127
10363,17,GE_MAP,1.0,0.6874665523465143,0.9357262436224489,0.9291040664402379,0.6659761781460383
211120,8,GE_MAP,0.0,0.726824976823813,0.9128069196428571,0.876554485777478,0.6863574449781347
211120,88,GE_MAP,1.0,0.7439390848035455,0.8290617028061225,0.7662216221475677,0.5442372070779531
296634,56,GE_MAP,1.0,0.17741389656892823,0.6499920280612245,0.30215576126173754,0.13235512079442716
296634,51,GE_MAP,1.0,0.8868860111524487,0.564811862244898,0.9020037069592426,0.45817721644624204
283268,58,GE_MAP,1.0,0.5988716981943302,0.8654137436224489,0.7792930522908849,0.5408933306139099
283268,1,GE_MAP,0.0,0.2897648280155013,0.6101522640306123,0.2903434242039883,0.25952984820380814
9772,72,GE_MAP,1.0,0.12082750599366723,0.7219786352040817,0.3267479357786649,0.06588991562876657
9772,1,GE_MAP,0.0,0.029362521648504628,0.6637834821428571,0.03939901391911356,0.023557330555073218
189806,17,GE_MAP,1.0,0.29732245987263334,0.8205317283163265,0.8786203464108526,0.15469820707781845
189806,18,GE_MAP,1.0,0.42863888037877385,0.8411391900510204,0.7922571413433153,0.2853044024029409
180383,72,GE_MAP,1.0,0.45061600975218447,0.8657724808673469,0.478046705460697,0.3753478018920423
180383,21,GE_MAP,1.0,0.6391304866900744,0.7657645089285714,0.6926658130184529,0.43708989894152017
505789,1,GE_MAP,1.0,0.12381704590629423,0.6375757334183674,0.13572343705177944,0.08424816194984389
505789,64,GE_MAP,0.0,0.16964242979757135,0.7755102040816326,0.36628711168236433,0.06878306878306878
127530,1,GE_MAP,1.0,0.5238631145094591,0.6804249043367347,0.5302984396312009,0.35392239816269794
127530,43,GE_MAP,1.0,0.15944960940952352,0.7307477678571429,0.5302033453677664,0.0568935427574171
476415,1,GE_MAP,1.0,0.7626641250401582,0.3445671237244898,0.7824552126131417,0.2748180815876516
476415,32,GE_MAP,1.0,0.3888921251438017,0.7255261479591837,0.6523200896092272,0.24989106753812637
513283,49,GE_MAP,0.0,0.03140897569174077,0.6525430484693877,0.048487464204544334,0.030205262279579464
513283,44,GE_MAP,1.0,0.1965633249035476,0.7229950573979592,0.4260244298686738,0.12683754240482473
236784,18,GE_MAP,1.0,0.6585403261929489,0.8408801020408163,0.6152475042043293,0.4097730464995934
236784,63,GE_MAP,1.0,0.8301331816790258,0.8454041772959183,0.9122166113815103,0.7135947422832669
306700,59,GE_MAP,1.0,0.8854359023363414,0.9644252232142857,0.978848573623048,0.8842112091333679
306700,1,GE_MAP,1.0,0.5881644709782904,0.7366669323979592,0.6931849348359583,0.3843250547504776
162415,40,GE_MAP,1.0,0.709554146590109,0.9119897959183674,0.9620912583065123,0.5236245954692557
162415,1,GE_MAP,1.0,0.588127345842476,0.43203922193877553,0.4925080780777221,0.1680144804834613
74209,67,GE_MAP,0.0,0.3219434522539527,0.5954639668367347,0.3243869787582928,0.2612999490501492
74209,82,GE_MAP,0.0,0.018289224027333947,0.6205556441326531,0.020412055407145923,0.023891309920533198
347335,67,GE_MAP,1.0,0.9941227770787918,0.4188655931122449,0.9938675649168092,0.41797241461905427
347335,47,GE_MAP,1.0,0.259947153581769,0.7083864795918368,0.7493413107589484,0.13665329242388483
172330,3,GE_MAP,1.0,0.885634215124369,0.7626554528061225,0.921492660362094,0.6042338240669968
172330,17,GE_MAP,1.0,0.5597942010154655,0.9399912308673469,0.9448854959799173,0.4129459933710275
466125,1,GE_MAP,1.0,0.5977965478640006,0.6128627232142857,0.6172588168114025,0.334327130667215
466125,84,GE_MAP,0.0,0.03840823967062828,0.6542370854591837,0.10153022624421339,0.027195245037568688
294162,73,GE_MAP,1.0,0.8413113654897797,0.8036511479591837,0.8808811090365256,0.6359874376501016
294162,74,GE_MAP,1.0,0.4223716040353564,0.795280612244898,0.9587656361101073,0.17268041237113402
79229,18,GE_MAP,1.0,0.34065846520256626,0.8961057079081632,0.8973968501527745,0.11479028697571744
79229,19,GE_MAP,1.0,0.5322109475447937,0.8866788903061225,0.8268651058465651,0.4381422924901186
213224,86,GE_MAP,0.0,0.19022582348897102,0.6382134885204082,0.2524349852631158,0.23087026523176002
213224,62,GE_MAP,0.0,0.19449541695991182,0.6867227359693877,0.4899729932797344,0.10422840209710509
563349,1,GE_MAP,0.0,0.07064585848973433,0.6238440688775511,0.07150756404821906,0.06262726595480507
563349,36,GE_MAP,0.0,0.0644990520572239,0.7030851403061225,0.09270151559071228,0.059113300492610835
363461,72,GE_MAP,1.0,0.14710693785567316,0.6428770727040817,0.4133049287924627,0.12807162668483285
363461,73,GE_MAP,0.0,0.18190010812482313,0.6958107461734694,0.24928671604309738,0.15007239113487025
64868,18,GE_MAP,1.0,0.2869551415625332,0.734733737244898,0.7421839578199934,0.16336664780941607
64868,79,GE_MAP,1.0,0.6736885396223814,0.8456831951530612,0.8414214735265547,0.5862455915357486
239773,39,GE_MAP,1.0,0.12308458207482477,0.6862444196428571,0.67793188661308,0.04927833806389275
239773,40,GE_MAP,0.0,0.07353663347769526,0.6530612244897959,0.3568566398602974,0.04114568989259157
393226,8,GE_MAP,1.0,0.7279512840662345,0.9053132971938775,0.8277866556482122,0.6486726318124676
393226,3,GE_MAP,0.0,0.03968198269068875,0.7382214604591837,0.05561199358460169,0.030770365997638726
34139,33,GE_MAP,1.0,0.8435028667105406,0.8191964285714286,0.8706220047177915,0.5802720458961784
34139,1,GE_MAP,0.0,0.2250438531600252,0.6708785076530612,0.3784969065791848,0.1923904538341158
116439,9,GE_MAP,1.0,0.46604186124607183,0.8172034438775511,0.7767476366753702,0.41419173532605225
116439,62,GE_MAP,1.0,0.036911819086087004,0.6740872130102041,0.12307871254845203,0.022242152466367713
121591,41,GE_MAP,0.0,0.0031736988895624844,0.6488958864795918,0.006327410739487106,0.002943007527307714
121591,1,GE_MAP,0.0,0.03851921566507074,0.6781728316326531,0.052330951069874454,0.03983826852182186
156372,9,GE_MAP,1.0,0.43106449244874073,0.5786033163265306,0.4289474226085909,0.2551257662227859
156372,62,GE_MAP,1.0,0.5520891511485979,0.8513233418367347,0.8321161697312618,0.3852999340804219
260105,47,GE_MAP,1.0,0.14520951311527622,0.7244300063775511,0.49873288207892585,0.06857527787133715
260105,48,GE_MAP,0.0,0.14008834778868667,0.7086854272959183,0.7746364752417689,0.04532688916465286
44195,1,GE_MAP,0.0,0.20813390249414568,0.6081792091836735,0.22121803131943596,0.1357102035433244
44195,36,GE_MAP,1.0,0.15429587358428182,0.7217992665816326,0.3273543148789113,0.10017404757300329
280930,79,GE_MAP,1.0,0.4610975970648605,0.7782206632653061,0.6429960848074309,0.26059800664451827
280930,1,GE_MAP,1.0,0.4376342716130777,0.6515066964285714,0.45836319955902377,0.32355899419729206
224675,38,GE_MAP,0.0,0.17562739189964155,0.7206234056122449,0.2740986302574485,0.16100071821881734
224675,31,GE_MAP,1.0,0.2276772078705611,0.7370854591836735,0.5601062653145371,0.17250031363693388
402346,51,GE_MAP,1.0,0.7042029874670088,0.7593869579081632,0.6151795079915547,0.37985411958085064
402346,86,GE_MAP,0.0,0.009438502488504332,0.5526147959183674,0.009559103283201965,0.009836354814520753
66817,50,GE_MAP,0.0,0.032108635047531316,0.6484972895408163,0.056494824121925004,0.028853036727052476
66817,67,GE_MAP,0.0,0.16626829161331225,0.47654257015306123,0.1712028815028737,0.11011350160935118
536073,44,GE_MAP,1.0,0.5095788600444586,0.8786870216836735,0.7159247583379255,0.3855239248940036
536073,47,GE_MAP,1.0,0.48628258359697757,0.8331074617346939,0.8412207025650904,0.2951771736385826
483999,67,GE_MAP,1.0,0.6118394522447547,0.842155612244898,0.7479489636064754,0.5884003741814781
483999,1,GE_MAP,1.0,0.5870117475513218,0.6902303890306123,0.5841480879431967,0.3680422850172799
405432,75,GE_MAP,1.0,0.27677636441980863,0.7755699936224489,0.9682334380881756,0.0438142141462172
405432,60,GE_MAP,0.0,0.13478211612784993,0.6419403698979592,0.1451223153065971,0.14317054559328501
133645,9,GE_MAP,1.0,0.40611372752009034,0.778938137755102,0.6418788799075517,0.22859725989289936
133645,15,GE_MAP,1.0,0.3184622303854307,0.8195750956632653,0.8433570149181938,0.10825453112687156
291634,4,GE_MAP,1.0,0.4953615147928789,0.7596061862244898,0.532383724268014,0.4716832377031229
291634,2,GE_MAP,1.0,0.42574776790478963,0.7686941964285714,0.5728330235434893,0.42536020201019953
189775,62,GE_MAP,0.0,0.061451279821742685,0.6778140943877551,0.14459112604923224,0.04144678327898014
189775,1,GE_MAP,1.0,0.47648972669997824,0.6681481186224489,0.4729539970973978,0.3231575952197065
249129,62,GE_MAP,0.0,0.3109217032806053,0.79296875,0.4539542348668662,0.26591760299625467
249129,67,GE_MAP,1.0,0.21474447542726005,0.7801339285714286,0.524584823868335,0.15086206896551724
481582,19,GE_MAP,1.0,0.6647469369259567,0.8818160076530612,0.8168452921053404,0.6127220480668757
481582,1,GE_MAP,1.0,0.34722572439669336,0.6606146364795918,0.34596814659033986,0.2666236003445306
372260,3,GE_MAP,1.0,0.7304251151495763,0.9355668048469388,0.9257556486498815,0.6255935147654893
372260,85,GE_MAP,1.0,0.37906576139217474,0.7744738520408163,0.986607269721766,0.08298217179902755
199551,1,GE_MAP,0.0,0.23000995947530992,0.7212213010204082,0.2901167341198691,0.21278631324216332
199551,65,GE_MAP,1.0,0.7869905628796595,0.7674784757653061,0.8384685838934647,0.5466132980997164
71877,1,GE_MAP,1.0,0.29652862029428245,0.7413703762755102,0.5012540877992988,0.2765637194782027
71877,41,GE_MAP,1.0,0.11705695806800655,0.7749123086734694,0.5713113420034638,0.04579249746535992
500478,62,GE_MAP,0.0,0.055848356496602095,0.6631855867346939,0.0803092831590512,0.05943900267141585
500478,1,GE_MAP,1.0,0.6497744281206007,0.705695950255102,0.6831271492169497,0.4501210202941724
350148,67,GE_MAP,0.0,0.5464058242236511,0.7085060586734694,0.5609381859401198,0.42942966372786145
350148,3,GE_MAP,0.0,0.12007267692779029,0.7837611607142857,0.1613076647758734,0.1346997368211181
226130,67,GE_MAP,0.0,0.9836955553946201,0.32284359056122447,0.9844702176690033,0.3188661467834733
226130,58,GE_MAP,1.0,0.9250819995975572,0.6838727678571429,0.9210806721626996,0.533895565807646
125778,62,GE_MAP,1.0,0.19572479564287315,0.6789899553571429,0.2910820992492579,0.21167776037588096
125778,63,GE_MAP,1.0,0.3775294959395571,0.7550223214285714,0.5833043035918499,0.37559687087270144
403565,1,GE_MAP,1.0,0.1985107270758737,0.7474689094387755,0.2777886631346085,0.16561306466482287
403565,27,GE_MAP,0.0,0.04574377184508326,0.7406329719387755,0.06039314932983623,0.04287710524380378
84241,1,GE_MAP,1.0,0.529094201958359,0.6102917729591837,0.4530779234744622,0.23006654329251486
84241,79,GE_MAP,0.0,0.0490166139640778,0.6093351403061225,0.07334880360498137,0.03099510603588907
112298,44,GE_MAP,1.0,0.24138552275028166,0.7925502232142857,0.5299830455122145,0.11307089297886844
112298,1,GE_MAP,1.0,0.4179145902435387,0.8116230867346939,0.5131067215785183,0.3736664236962428
231822,67,GE_MAP,1.0,0.9824073759975771,0.4633091517857143,0.9811603866721437,0.4482101510153064
231822,56,GE_MAP,1.0,0.19099080630157833,0.7787786989795918,0.5006123860880324,0.10850534093647096
436617,46,GE_MAP,0.0,0.11171952635555958,0.7391581632653061,0.2440142806884839,0.09475722783234196
436617,31,GE_MAP,0.0,0.028463222746750404,0.6205755739795918,0.029539429387210915,0.02996025680220116
434479,62,GE_MAP,1.0,0.08496554561139134,0.6531808035714286,0.1298737308201089,0.07559096945551129
434479,59,GE_MAP,1.0,0.7252262754357167,0.8393056441326531,0.8395853249806838,0.660662430032406
16228,1,GE_MAP,0.0,0.033893341959931385,0.7308673469387755,0.05341001842135623,0.03328799484572983
16228,28,GE_MAP,1.0,0.2507481758744462,0.7697704081632653,0.8137173713538642,0.07391374058040724
210388,1,GE_MAP,1.0,0.28766398412868566,0.7483458227040817,0.33503405247470086,0.26114686951433586
210388,33,GE_MAP,1.0,0.2315743555898854,0.8145727040816326,0.6085375731371996,0.08434209231374865
10707,27,GE_MAP,1.0,0.09018792249708402,0.7042211415816326,0.386660998594857,0.030380243041944335
10707,67,GE_MAP,1.0,0.25550149519320753,0.7209223533163265,0.5917695962924024,0.19305019305019305
88462,6,GE_MAP,1.0,0.810420419291926,0.9250837053571429,0.9276855491097448,0.6933681376947549
88462,3,GE_MAP,1.0,0.23423850291397558,0.7986088966836735,0.7600498014869392,0.08955761780340571
451714,1,GE_MAP,1.0,0.44303852375049324,0.8119618941326531,0.44914187505410325,0.4113793748830245
451714,35,GE_MAP,0.0,0.11825842373987352,0.6899115114795918,0.3438647606119622,0.07568466702310937
347930,63,GE_MAP,1.0,0.6913422654164877,0.5646324936224489,0.7004049735656169,0.41303705295966897
347930,18,GE_MAP,1.0,0.6495265974792871,0.913444674744898,0.7930379539307787,0.6155956806514428
341921,15,GE_MAP,1.0,0.4047522124306387,0.7944634885204082,0.8489555302565319,0.30119257351944706
341921,1,GE_MAP,0.0,0.22970765922527223,0.7902981505102041,0.4091287920587849,0.12911769574573745
182611,61,GE_MAP,0.0,0.11788831317475258,0.6776546556122449,0.24957315260591273,0.09848949333927874
182611,67,GE_MAP,0.0,0.6701332047108001,0.8086535395408163,0.7839163035806319,0.6061451368092874
284725,3,GE_MAP,1.0,0.45212117708293387,0.8027543048469388,0.8193053051371806,0.28536356415625674
284725,6,GE_MAP,1.0,0.7861117835975,0.8923788265306123,0.8544266973487392,0.6573821458029313
25603,59,GE_MAP,1.0,0.3146196962947239,0.8252351721938775,0.6805872246635205,0.17156353330184224
25603,62,GE_MAP,0.0,0.3496764131598738,0.7529296875,0.5043514837582667,0.3108183233266622
449312,3,GE_MAP,0.0,0.10308903710476322,0.6867426658163265,0.16481778115919607,0.08307082020767705
449312,1,GE_MAP,0.0,0.5508026702736106,0.7347735969387755,0.5615265703695779,0.34346324617661567
179112,1,GE_MAP,1.0,0.8168078774094524,0.7153220663265306,0.8305134112827284,0.532055692055692
179112,77,GE_MAP,1.0,0.28290748081282313,0.8613879145408163,0.5131820054527887,0.18147581499352713
153529,33,GE_MAP,1.0,0.32634707768066396,0.7727598852040817,0.7492406443059954,0.29781992856263084
153529,1,GE_MAP,1.0,0.6091480342736204,0.6896125637755102,0.5371024514634464,0.2919299840872926
375278,33,GE_MAP,1.0,0.7529433077266415,0.7985889668367347,0.8202496426382041,0.5354844640558927
375278,17,GE_MAP,1.0,0.7905276477177189,0.9126275510204082,0.8680222989374977,0.7122982018637617
246963,1,GE_MAP,0.0,0.01733380735409232,0.6039740114795918,0.04837682582584263,0.014188619338195168
246963,4,GE_MAP,1.0,0.3682083143511243,0.8353595344387755,0.6654710096128919,0.31828684601419377
259640,1,GE_MAP,0.0,0.19722226184300226,0.6862643494897959,0.2096002881451399,0.18485915492957747
259640,8,GE_MAP,1.0,0.4514750727677459,0.6839325573979592,0.4877672847014836,0.3585584856819285
177861,1,GE_MAP,1.0,0.4707656596568187,0.7930883290816326,0.5116163114371495,0.2448905374936359
177861,28,GE_MAP,1.0,0.2607184340531689,0.7966358418367347,0.6499697366806789,0.13016793112266645
528399,51,GE_MAP,1.0,0.43355590647395786,0.7323022959183674,0.547509660069311,0.336035590706871
528399,67,GE_MAP,0.0,0.07908423955682359,0.6099728954081632,0.08489940117766547,0.09615739885460928
554328,1,GE_MAP,1.0,0.6920174107068681,0.5467753507653061,0.6116955206780338,0.27056068770849373
554328,40,GE_MAP,1.0,0.19896589374648033,0.7415098852040817,0.40013126862183324,0.13028900958894923
97337,63,GE_MAP,0.0,0.2174230695478355,0.6218909438775511,0.23262273375207496,0.21310659477395272
97337,1,GE_MAP,0.0,0.013319362043611204,0.6274314413265306,0.023196960264567225,0.012049466229785435
512564,6,GE_MAP,1.0,0.32866496450680566,0.8523995535714286,0.7089897473563179,0.13481308411214954
512564,8,GE_MAP,0.0,0.18225930425572395,0.8312141262755102,0.3164424183500733,0.08601338225771639
292082,1,GE_MAP,1.0,0.4366565957636725,0.6769770408163265,0.3777364360695725,0.21209469641728648
292082,62,GE_MAP,1.0,0.13995363424412832,0.6098931760204082,0.23392257630505958,0.08907297096053611
535094,21,GE_MAP,1.0,0.7483829058417838,0.8588568239795918,0.8834258360427576,0.6460061981405578
535094,1,GE_MAP,0.0,0.00295919922101238,0.5586734693877551,0.040667045685037026,0.0
323799,1,GE_MAP,0.0,0.5320965614829768,0.5963010204081632,0.526020714696171,0.2935267857142857
323799,34,GE_MAP,1.0,0.2155756689755701,0.7955197704081632,0.4060904693172653,0.07459186434563002
290163,1,GE_MAP,1.0,0.47592022711309107,0.5133729272959183,0.46452439795536876,0.21825574694243452
290163,51,GE_MAP,0.0,0.13903927900894894,0.7605030293367347,0.16141710638670093,0.13052601114246437
288430,1,GE_MAP,0.0,0.0792544804039229,0.7041812818877551,0.09609238919527259,0.0696377084116836
288430,38,GE_MAP,0.0,0.1783577849991093,0.841438137755102,0.3829634946465008,0.11452420701168614
21503,76,GE_MAP,1.0,0.09544645946506952,0.6543566645408163,0.3662202964669388,0.06993081997104092
21503,54,GE_MAP,1.0,0.7988788186924068,0.6087771045918368,0.7945445931774188,0.38854971343134814
256407,85,GE_MAP,1.0,0.5993123768517518,0.8005221619897959,0.6781480019943742,0.522585261149535
256407,47,GE_MAP,1.0,0.29889747268740235,0.787468112244898,0.6064492818334025,0.21159248854058849
14226,73,GE_MAP,1.0,0.4887664456664166,0.85546875,0.9132605120535461,0.31797235023041476
14226,62,GE_MAP,0.0,0.2130236581848212,0.7037627551020408,0.2661251361238801,0.22952519178934272
187243,1,GE_MAP,0.0,0.3483440802187884,0.7031847895408163,0.36627053694671025,0.30575237740070854
187243,70,GE_MAP,1.0,0.4847345485251349,0.8249162946428571,0.731564774150991,0.3509899527186761
311180,87,GE_MAP,1.0,0.49489207453515105,0.9174904336734694,0.757961358067686,0.5575032064985036
311180,1,GE_MAP,0.0,0.6377980846044319,0.7208027742346939,0.7132767828031579,0.5264830150414062
450303,67,GE_MAP,1.0,0.35141242451268934,0.7597456951530612,0.5406547428234232,0.2959761723996963
450303,62,GE_MAP,0.0,0.07802153996592612,0.6896524234693877,0.25659218850444665,0.058866191224465125
365886,1,GE_MAP,1.0,0.9304697126039639,0.5183155293367347,0.9164176631079363,0.40261505759058774
365886,77,GE_MAP,1.0,0.7155058783039724,0.9286910076530612,0.8958981305838455,0.627563235141043
498807,1,GE_MAP,0.0,0.31632811176490583,0.7308872767857143,0.3558625867759404,0.3016291698991466
498807,42,GE_MAP,1.0,0.3000009636168166,0.7780612244897959,0.7357422551931369,0.1838170624450308
173004,49,GE_MAP,0.0,0.04497631615240864,0.6768176020408163,0.06598810917606031,0.043303834808259584
173004,62,GE_MAP,0.0,0.07700080387160667,0.6294443558673469,0.25978579512550176,0.05585741126288529
185950,1,GE_MAP,0.0,0.46809389023419407,0.7834422831632653,0.6016361156740114,0.34922441157094086
185950,41,GE_MAP,1.0,0.06138196033830591,0.6161511479591837,0.90216054954196,0.027174462066875443
511999,7,GE_MAP,1.0,0.7873909364117552,0.8433115433673469,0.8607189084639862,0.6250476917207173
511999,1,GE_MAP,0.0,0.2512915739390331,0.7692522321428571,0.3748144618307227,0.15569167942827974
80153,18,GE_MAP,1.0,0.422273740703243,0.8573222257653061,0.9084622272128051,0.22303017147818538
80153,1,GE_MAP,1.0,0.29012093839854347,0.7570352359693877,0.5238470923149349,0.2655581661545876
364126,1,GE_MAP,0.0,0.120794914979954,0.7502192283163265,0.1384399983180207,0.12582827648741018
364126,42,GE_MAP,1.0,0.1273574688084003,0.7192482461734694,0.7210227695537053,0.06280353935200586
354072,81,GE_MAP,1.0,0.2564644266025903,0.7687141262755102,0.8711694792101825,0.14675391515329755
354072,64,GE_MAP,1.0,0.46189941936175444,0.8285435267857143,0.6866636114746061,0.4388493901245842
276018,88,GE_MAP,1.0,0.3424064876748059,0.8589564732142857,0.8597959028137918,0.20812353138637127
276018,1,GE_MAP,1.0,0.8010459525871052,0.4021843112244898,0.7862733783148919,0.2925805386538371
56288,72,GE_MAP,1.0,0.34819045812918936,0.6824178890306123,0.5047933492950164,0.27863286555002265
56288,76,GE_MAP,1.0,0.07892121000202279,0.6381337691326531,0.5047918838428703,0.03987097456506795
564091,1,GE_MAP,0.0,0.6659575232201674,0.7821468431122449,0.6450003334180241,0.4891578652210487
564091,31,GE_MAP,0.0,0.10386184107393748,0.6476203762755102,0.23317929332559534,0.08992176240477662
6763,32,GE_MAP,0.0,0.2409507832341027,0.8216079400510204,0.46192519933900905,0.17235321312991217
6763,1,GE_MAP,1.0,0.9161374011546505,0.6923230229591837,0.9061223388897572,0.497493652756982
186873,9,GE_MAP,1.0,0.3272015866680607,0.8291812818877551,0.7365813485738938,0.19882220975883344
186873,1,GE_MAP,0.0,0.01798234987023711,0.7114357461734694,0.017902049494102693,0.020630411255411256
380913,1,GE_MAP,1.0,0.535772586285731,0.5767697704081632,0.5020453690695547,0.26480872425134155
380913,31,GE_MAP,1.0,0.25446636291377317,0.7479870854591837,0.6641649701140808,0.1228496115427303
128372,6,GE_MAP,1.0,0.7634760421251903,0.8227439413265306,0.838244961378328,0.5921680117388114
128372,1,GE_MAP,1.0,0.4007499938356039,0.8293407206632653,0.6806537950898017,0.23496828374877154
356424,44,GE_MAP,1.0,0.17472473196317048,0.7154017857142857,0.8366097627163116,0.0535524920466596
356424,47,GE_MAP,1.0,0.17903559443611647,0.6818997130102041,0.3247197755791381,0.13546744664716714
61584,19,GE_MAP,1.0,0.3153739418756054,0.8090122767857143,0.719173072803684,0.11522481765303295
61584,1,GE_MAP,1.0,0.14862191241657713,0.6902104591836735,0.311754341447206,0.09769547802867591
250137,28,GE_MAP,1.0,0.5358132723932595,0.8260722257653061,0.893301753492184,0.3702554481166113
250137,31,GE_MAP,1.0,0.4273657550644529,0.7993463010204082,0.6855733381554131,0.30146395615069727
184611,1,GE_MAP,0.0,0.1579281354354587,0.6403260522959183,0.17802077156754195,0.1525240666823198
184611,2,GE_MAP,1.0,0.6855010675495016,0.8231624681122449,0.7370436297708065,0.5180598555211559
4134,32,GE_MAP,1.0,0.1114419544552182,0.6936583227040817,0.4906158047229059,0.06684069936862555
4134,1,GE_MAP,1.0,0.8198359465808787,0.5726642219387755,0.7929983684640625,0.37576057527147805
213605,6,GE_MAP,1.0,0.757831678067493,0.9080237563775511,0.8776271754784741,0.6895391860073999
213605,3,GE_MAP,1.0,0.29098769900756377,0.7776426977040817,0.6582310332181098,0.19152173913043477
375430,51,GE_MAP,0.0,0.024467337208068634,0.6645009566326531,0.025598428385083197,0.030020167098818783
375430,67,GE_MAP,1.0,0.44643252371059733,0.5079520089285714,0.4533733933175207,0.2752597898197616
419408,15,GE_MAP,1.0,0.21223971583797885,0.7245695153061225,0.8494473733245532,0.09767563332462784
419408,1,GE_MAP,0.0,0.2158021616615334,0.7499800701530612,0.25534416523548153,0.14885677454372753
7281,1,GE_MAP,1.0,0.16127460787710932,0.7163384885204082,0.21029639799380753,0.08545910171560753
7281,19,GE_MAP,1.0,0.5550585249622462,0.8973612882653061,0.8401197405188477,0.402690790999768
367095,1,GE_MAP,1.0,0.43739377151885644,0.7962771045918368,0.5829295698958347,0.4362764021397452
367095,72,GE_MAP,0.0,0.0927662864697575,0.6516063456632653,0.1355670644661467,0.0772763262074426
434297,57,GE_MAP,1.0,0.3852921596309037,0.8126594387755102,0.8156864293914129,0.2274819197896121
434297,54,GE_MAP,1.0,0.5696495615024497,0.7878268494897959,0.714970417251363,0.48594881699662
400573,60,GE_MAP,1.0,0.591907204272713,0.9129264987244898,0.9722806470415699,0.45482904916396305
400573,1,GE_MAP,1.0,0.8866163095119982,0.6499123086734694,0.9001577088516189,0.5230259585098295
368900,72,GE_MAP,1.0,0.3996804540474774,0.7869300063775511,0.7921635240959437,0.19099508134695423
368900,82,GE_MAP,0.0,0.0188458476976554,0.6299625318877551,0.021791642325594232,0.02345763425024983
434204,15,GE_MAP,1.0,0.03055795628197493,0.6109494579081632,0.09623314458718209,0.02473021582733813
434204,1,GE_MAP,1.0,0.30722857448693974,0.6513472576530612,0.29061962619850606,0.1991026873597949
213593,3,GE_MAP,1.0,0.24956819293165894,0.822624362244898,0.5905272232506893,0.22182390487015827
213593,13,GE_MAP,1.0,0.46998581033357456,0.8554288903061225,0.7934146295352589,0.3305029995385325
60449,73,GE_MAP,1.0,0.655650281772555,0.9122488839285714,0.9775718649096169,0.4371004858092559
60449,62,GE_MAP,0.0,0.08563805213580013,0.7409319196428571,0.11535877281558246,0.06923958184161536
119677,61,GE_MAP,1.0,0.37735761969046444,0.7363879145408163,0.790929312159996,0.3031819618586029
119677,48,GE_MAP,1.0,0.25313149091942305,0.7766262755102041,0.691165487900743,0.09802028005794303
16451,42,GE_MAP,1.0,0.3863360877524739,0.7947624362244898,0.8444678206546069,0.16310442909386427
16451,62,GE_MAP,1.0,0.11756430517378023,0.7522321428571429,0.24203343690734724,0.0769916103645408
578545,62,GE_MAP,0.0,0.1595539810280686,0.7130301339285714,0.2860842207980671,0.1047068333022446
578545,1,GE_MAP,1.0,0.4884262404085635,0.8293606505102041,0.5261924593414857,0.4084156705589719
496954,55,GE_MAP,1.0,0.465557153882371,0.8795041454081632,0.9447903563939307,0.19429637526652452
496954,48,GE_MAP,0.0,0.11216730025322241,0.6833545918367347,0.3839279952004746,0.08156540840511012
397133,67,GE_MAP,1.0,0.3439487089788545,0.6708585778061225,0.45397860939484086,0.3296667613751674
397133,1,GE_MAP,0.0,0.20399654338699816,0.7130102040816326,0.2271423475927481,0.19219118142039718
121586,84,GE_MAP,1.0,0.45302947039137514,0.8251155931122449,0.6139097113088892,0.3068172841456671
121586,72,GE_MAP,1.0,0.5000036264848902,0.8337850765306123,0.6911848806075849,0.3396151714308338
27768,1,GE_MAP,0.0,0.0047950752572375665,0.7151426977040817,0.01491119347896493,0.0060500695410292075
27768,6,GE_MAP,1.0,0.9350844207105574,0.7951211734693877,0.9425978739847857,0.6418991883512732
492905,76,GE_MAP,1.0,0.06105951500732575,0.6568478954081632,0.4338011752063343,0.03648573027420257
492905,72,GE_MAP,0.0,0.10471428681462616,0.6626275510204082,0.11786772390579472,0.10881811002895499
178028,81,GE_MAP,1.0,0.19984792952056413,0.6837930484693877,0.4836415593215914,0.18760880696364568
178028,47,GE_MAP,0.0,0.11855325495252099,0.696906887755102,0.6463799336361625,0.044483538577532046
521717,62,GE_MAP,1.0,0.04571539945711068,0.6949338329081632,0.14100943802220167,0.030834494111687982
521717,1,GE_MAP,0.0,0.19347801301322057,0.7108777104591837,0.19813452553354907,0.13843686898681554
11511,15,GE_MAP,0.0,0.23690494595335757,0.6887555803571429,0.3601164656530362,0.24650197819164335
11511,31,GE_MAP,1.0,0.3560295332841479,0.75,0.6526114213538674,0.17037037037037037
572462,27,GE_MAP,0.0,0.06872123271564182,0.6632055165816326,0.09086791000388633,0.0558162923231646
572462,15,GE_MAP,0.0,0.013601420852546578,0.6745455994897959,0.014702192165905483,0.01406749984906116
414510,3,GE_MAP,1.0,0.3009074672072678,0.7101403061224489,0.7403056861580515,0.1909212283044059
414510,8,GE_MAP,1.0,0.5152739578168403,0.7847775829081632,0.6711026959205304,0.33663001412863197
60823,1,GE_MAP,0.0,0.06801180467844369,0.6821189413265306,0.06584135421004118,0.06697864872769815
60823,21,GE_MAP,1.0,0.7477536617308906,0.9091198979591837,0.8364629292879171,0.5833333333333334
424162,18,GE_MAP,1.0,0.58600340419461,0.9182676977040817,0.9072477148032397,0.4020122484689414
424162,1,GE_MAP,0.0,0.1992787444443962,0.6909478635204082,0.19043219222579102,0.1584174535981765
555597,14,GE_MAP,0.0,0.01455218554682452,0.6352240114795918,0.014908121523561878,0.017235824742268042
555597,8,GE_MAP,1.0,0.1226654064923294,0.7411312181122449,0.1668836252530792,0.10085836909871244
193245,1,GE_MAP,1.0,0.20894535697646904,0.6880779655612245,0.2092782783586276,0.15257999891710433
193245,38,GE_MAP,0.0,0.1086757530320719,0.8033920599489796,0.33971713738180315,0.07379588771007417
457078,72,GE_MAP,1.0,0.2873482094647813,0.7391780931122449,0.6762374214261365,0.12502507187270173
457078,1,GE_MAP,0.0,0.08054776405402149,0.6402861926020408,0.11322649077663798,0.07155349794238683
154718,1,GE_MAP,0.0,0.24224275675371912,0.7441605548469388,0.2995710931073828,0.3221207160585098
154718,70,GE_MAP,1.0,0.5739811862602598,0.7284159757653061,0.6515387961974869,0.40417996589567573
263068,1,GE_MAP,0.0,0.1673304725547781,0.7574736926020408,0.1844359507385311,0.10771374101774454
263068,41,GE_MAP,0.0,0.03380720244461378,0.591179049744898,0.12768644121485384,0.02407345734811361
214224,44,GE_MAP,1.0,0.2819450092555182,0.7105389030612245,0.60629314001845,0.2173303874548688
214224,84,GE_MAP,0.0,0.05852314551070462,0.6565489477040817,0.10024129132742071,0.06030863187741971
567825,54,GE_MAP,1.0,0.7390567831232432,0.8410196109693877,0.9002989696260953,0.6561786129908194
567825,46,GE_MAP,1.0,0.5926235425974529,0.9066685267857143,0.8150899731334608,0.5513508334930063
546976,4,GE_MAP,1.0,0.5673302187362201,0.841438137755102,0.6707238672348219,0.5074294205052006
546976,1,GE_MAP,1.0,0.7142511020632627,0.8360570790816326,0.8196116590143459,0.5911124366239189
107851,1,GE_MAP,0.0,0.1869775584582174,0.7974330357142857,0.2681239598042576,0.07826244672168314
107851,22,GE_MAP,1.0,0.5959154236935331,0.9079041772959183,0.767950830342584,0.3327075812274368
499768,11,GE_MAP,1.0,0.31030254273397473,0.8069794323979592,0.4963013345363204,0.20327410332346166
499768,3,GE_MAP,1.0,0.28656491692713537,0.7388592155612245,0.9233226692593325,0.09177237124835379
368684,73,GE_MAP,1.0,0.6857270179415439,0.9125079719387755,0.8756989531553813,0.593819393042191
368684,65,GE_MAP,1.0,0.4844307924777603,0.8235212053571429,0.7694614709211244,0.3700647364302483
456292,17,GE_MAP,1.0,0.3196901767750407,0.7891222895408163,0.7238650984729416,0.17772769661175009
456292,44,GE_MAP,1.0,0.10660177175733418,0.7107182716836735,0.6853745582564664,0.032268817921194744
333745,6,GE_MAP,1.0,0.7599513661227155,0.6647999043367347,0.7279296772593444,0.379830383480826
333745,1,GE_MAP,0.0,0.2774696904302572,0.6856863839285714,0.2827171903954204,0.2278958190541467
34257,56,GE_MAP,1.0,0.35751636338657267,0.7372847576530612,0.6501362837906659,0.3182311869666408
34257,57,GE_MAP,1.0,0.6582102333857367,0.8780492665816326,0.862912686005629,0.5997252567541048
100428,32,GE_MAP,0.0,0.09875956025152083,0.7322225765306123,0.23874859079719188,0.06707401749756978
100428,1,GE_MAP,1.0,0.6339701107846049,0.6258370535714286,0.5883107974565487,0.3004694835680751
26926,11,GE_MAP,1.0,0.8225586746357797,0.8969826211734694,0.9299084079245404,0.7610705371175003
26926,3,GE_MAP,1.0,0.20033041833538853,0.7208625637755102,0.6500083799266715,0.10177643814532161
91654,50,GE_MAP,1.0,0.13083055193404478,0.5996293048469388,0.29493896080369475,0.09095434182542196
91654,67,GE_MAP,0.0,0.10570670106764386,0.6528818558673469,0.11994542078129244,0.12428980843682437
199771,47,GE_MAP,1.0,0.4208513072289799,0.8078962053571429,0.8744099613777653,0.23838495575221239
199771,51,GE_MAP,1.0,0.254471728668288,0.7669802295918368,0.7201674096258296,0.14557147033031279
329542,61,GE_MAP,1.0,0.4912068696748551,0.7998046875,0.8247047070418171,0.34543203440635994
329542,47,GE_MAP,0.0,0.0025093011468618988,0.6518056441326531,0.014391802362540784,0.001999314520735748
413689,28,GE_MAP,0.0,0.3066799489388169,0.7977718431122449,0.7764434844595359,0.1107703093506266
413689,1,GE_MAP,0.0,0.15555044521333508,0.6611926020408163,0.2722897298597625,0.12699635392594874
98853,62,GE_MAP,1.0,0.15111762833318243,0.740852200255102,0.44471300322199186,0.08410227512854829
98853,43,GE_MAP,0.0,0.0078140237233863,0.6049505739795918,0.010278245603835522,0.005119453924914676
405249,67,GE_MAP,1.0,0.7496311649611197,0.8457429846938775,0.8508547392118607,0.6444975197501378
405249,1,GE_MAP,1.0,0.8318479682095413,0.5983936543367347,0.7713760548330727,0.3945012019230769
223182,62,GE_MAP,0.0,0.05624424836967142,0.6592793367346939,0.12160889504279325,0.044489157165213504
223182,43,GE_MAP,1.0,0.173567609580279,0.7025868941326531,0.43815845794722563,0.08660790794466887
351530,62,GE_MAP,1.0,0.6859491841879964,0.8555484693877551,0.7989916328127994,0.6052932527364809
351530,15,GE_MAP,0.0,0.15355992963651555,0.7033641581632653,0.17818097749342832,0.18403596294062827
443969,28,GE_MAP,1.0,0.4945561231586559,0.8760363520408163,0.9678622998512778,0.30696378830083565
443969,1,GE_MAP,1.0,0.41944705646983,0.7107780612244898,0.35825272622406495,0.22295994859713
181542,1,GE_MAP,1.0,0.4011763275134028,0.7270208864795918,0.3584635756011769,0.2502189621195533
181542,8,GE_MAP,1.0,0.34812809762499225,0.791015625,0.7153461616763921,0.16085147247119078
359833,1,GE_MAP,1.0,0.5513506887403109,0.7829838966836735,0.6053323701269008,0.37670291929021177
359833,53,GE_MAP,0.0,0.7374848795827673,0.8404815051020408,0.7932027154830562,0.6067410209797082
23034,1,GE_MAP,0.0,0.47382142813109546,0.7620176977040817,0.4039733415291821,0.2480005038100636
23034,19,GE_MAP,1.0,0.539914336108804,0.9376793686224489,0.8457335507246362,0.3855374336804873
36936,72,GE_MAP,1.0,0.21921328161956127,0.7228156887755102,0.48562280583909206,0.10009705596894208
36936,63,GE_MAP,1.0,0.2800798468625037,0.7150629783163265,0.49430154395925374,0.22273567467652494
184384,67,GE_MAP,0.0,0.08580492877659265,0.5759725765306123,0.13921618142879166,0.08768920715235196
184384,1,GE_MAP,0.0,0.06746652062940192,0.6059470663265306,0.19616921627406622,0.03832684824902724
520832,28,GE_MAP,0.0,0.06017559766987875,0.646125637755102,0.07141092960392692,0.05230572160546541
520832,31,GE_MAP,0.0,0.042388858460215874,0.6772759885204082,0.05693834321916898,0.03864877701258609
289059,43,GE_MAP,1.0,0.21826222331774023,0.7081473214285714,0.49953497225848875,0.18901257130198815
289059,1,GE_MAP,1.0,0.8407328172417023,0.7380022321428571,0.7864919262409458,0.5009490547414774
315492,1,GE_MAP,1.0,0.2312967600513459,0.7119738520408163,0.46351153395581535,0.17009302859768002
315492,70,GE_MAP,1.0,0.2094706809528097,0.7465919961734694,0.4885754999417267,0.14186407504893028
394275,1,GE_MAP,0.0,0.006775601024895333,0.6821588010204082,0.027152343215431404,0.0075917859365276915
394275,6,GE_MAP,1.0,0.8945867110360178,0.7243901466836735,0.9152942453689994,0.5887530853183454
415716,63,GE_MAP,0.0,0.07853630035179751,0.6613919005102041,0.09492146219388585,0.07808345542351729
415716,62,GE_MAP,1.0,0.30567349140478145,0.7280373086734694,0.6577065594258473,0.26547529335773495
455267,57,GE_MAP,1.0,0.09135968791245469,0.7030851403061225,0.42241596563358264,0.04481631082900558
455267,79,GE_MAP,1.0,0.8950489347731804,0.5421715561224489,0.9175851573296905,0.45624541387554146
194875,4,GE_MAP,1.0,0.8213381282497011,0.8759167729591837,0.8974149821218582,0.6817949504242052
194875,1,GE_MAP,1.0,0.25720582564369066,0.6745057397959183,0.24316881305476606,0.11685502622613962
381360,42,GE_MAP,1.0,0.09589971538820945,0.6906289859693877,0.589406779192981,0.04825260576333538
381360,1,GE_MAP,1.0,0.27613056694837507,0.7892817283163265,0.485684954171583,0.19950030284675954
10583,67,GE_MAP,0.0,0.849499652596985,0.37131297831632654,0.8529149305637949,0.35349332896112146
10583,54,GE_MAP,1.0,0.5158876517589092,0.7569953762755102,0.5818646300801563,0.43678691856436785
329456,31,GE_MAP,0.0,0.040299844347593046,0.6953722895408163,0.07240353594164986,0.026990896938060983
329456,1,GE_MAP,0.0,0.6464983834238176,0.5338408801020408,0.6443138751092045,0.3360018168398342
335529,15,GE_MAP,1.0,0.7983267008320739,0.9394132653061225,0.958179899883441,0.7116570236175661
335529,9,GE_MAP,1.0,0.10944127162076257,0.6766780931122449,0.2827571375354798,0.0553744031675789
451084,1,GE_MAP,1.0,0.4626465570407388,0.8393853635204082,0.6022916058289971,0.3680207026348808
451084,41,GE_MAP,1.0,0.18191969148614082,0.6994379783163265,0.8568516930225663,0.07130980971734713
458702,14,GE_MAP,1.0,0.19958093475907865,0.7419084821428571,0.33598659820996596,0.19540229885057472
458702,3,GE_MAP,1.0,0.2319118775376851,0.7465122767857143,0.844065743361192,0.09985845718329794
499622,1,GE_MAP,1.0,0.08232013589917653,0.7173349808673469,0.07620711310258388,0.05320427236315087
499622,4,GE_MAP,1.0,0.5761121180760453,0.7804328762755102,0.6234950838650672,0.4563264903276747
458109,1,GE_MAP,0.0,0.01253322957020738,0.6920440051020408,0.013236952669815694,0.012399335293365716
458109,7,GE_MAP,1.0,0.6095343000381833,0.5939692283163265,0.5985032785137747,0.3199479270979371
192191,59,GE_MAP,0.0,0.49707512212837063,0.8926179846938775,0.7966050734242157,0.44188937228091985
192191,79,GE_MAP,1.0,0.9113764632488249,0.6819196428571429,0.9437196864192696,0.5666576160738528
78565,1,GE_MAP,0.0,0.028541036603878574,0.6768574617346939,0.027661018724170934,0.023782286712023603
78565,9,GE_MAP,1.0,0.35958295804174134,0.8722895408163265,0.6783730743400839,0.22608695652173913
118515,15,GE_MAP,1.0,0.7945143219369993,0.9344905931122449,0.9522180767492737,0.7202315090646012
118515,17,GE_MAP,1.0,0.6548929993423367,0.9072265625,0.8840589331522324,0.5593525179856115
511076,15,GE_MAP,0.0,0.1458737785276238,0.7287946428571429,0.2936316223468842,0.10207852193995381
511076,31,GE_MAP,0.0,0.0530385678064711,0.6685467155612245,0.09240552100862644,0.04677021837565198
452084,67,GE_MAP,0.0,0.38120229717732607,0.6580835459183674,0.3903616590194835,0.33694055808920154
452084,58,GE_MAP,0.0,0.1105861227786321,0.7592673788265306,0.18430199649184298,0.092895764493842
447465,36,GE_MAP,0.0,0.026968463967700505,0.6231066645408163,0.02929144587214658,0.027011730808808396
447465,1,GE_MAP,1.0,0.3227928590590944,0.5982342155612245,0.3264047275499419,0.21339940689870454
26204,8,GE_MAP,1.0,0.20248617509011024,0.7786192602040817,0.46789931525726514,0.12652355115200126
26204,6,GE_MAP,0.0,0.43931763222493103,0.8761559311224489,0.6528669361874934,0.32072584171403584
353970,17,GE_MAP,1.0,0.8847538478006622,0.8605907206632653,0.947715703219559,0.6939400568803326
353970,62,GE_MAP,1.0,0.7296539187352409,0.6585020727040817,0.7501562933492117,0.4203511383241433
248631,73,GE_MAP,1.0,0.7408649024622476,0.7924904336734694,0.7902435175660716,0.5780515480628952
248631,74,GE_MAP,1.0,0.3883802012050128,0.8316924426020408,0.9684115888542143,0.18602409638554218
349594,1,GE_MAP,1.0,0.8820415644491278,0.6884964923469388,0.9022229706984185,0.5293161080495077
349594,60,GE_MAP,1.0,0.3780489580971335,0.8956273915816326,0.7130582727376436,0.21153267088226438
252219,1,GE_MAP,0.0,0.10398829714578905,0.6126833545918368,0.16743918840741323,0.08343158986935811
252219,10,GE_MAP,0.0,0.08128665880990105,0.6583027742346939,0.41125762680153033,0.04908485856905158
132329,82,GE_MAP,1.0,0.9808183783169026,0.4520687181122449,0.9827566649218333,0.42582962638097027
132329,44,GE_MAP,1.0,0.38886763938902386,0.7573142538265306,0.6891295769172027,0.28992944194996795
435003,72,GE_MAP,1.0,0.46280927257316024,0.8013592155612245,0.6126898379979251,0.4047064444842621
435003,62,GE_MAP,0.0,0.33819798306332965,0.7236527423469388,0.5155009067358628,0.26440318302387267
163290,24,GE_MAP,1.0,0.566143833134632,0.8919403698979592,0.9052151767077973,0.4071725344412858
163290,25,GE_MAP,1.0,0.11736573087836538,0.7570750956632653,0.23926346197733495,0.10996714129244249
239347,1,GE_MAP,0.0,0.10362236857676813,0.6320551658163265,0.106554388774066,0.09215184893784421
239347,65,GE_MAP,1.0,0.6300802746192163,0.8122608418367347,0.7150448194626217,0.5150079802296247
9590,1,GE_MAP,0.0,0.13423581670915263,0.5215441645408163,0.1502512313411364,0.08043819665223886
9590,51,GE_MAP,1.0,0.13795886886847844,0.7327606823979592,0.4087501682576604,0.06079708622259578
162581,43,GE_MAP,1.0,0.16771596313624007,0.7267617984693877,0.8712471546696644,0.0445993031358885
162581,1,GE_MAP,1.0,0.2804569926675032,0.7255660076530612,0.31986374997023226,0.21354731852190303
490125,16,GE_MAP,1.0,0.30501921124020476,0.7759685905612245,0.609786799866794,0.21331093848414864
490125,8,GE_MAP,1.0,0.7470724812179628,0.9402503188775511,0.9509866361369106,0.6637882695973982
313562,1,GE_MAP,1.0,0.7021912826825065,0.731804049744898,0.6814093795814414,0.42959477789081046
313562,57,GE_MAP,1.0,0.5379705604909594,0.8728874362244898,0.8379296917265827,0.28385358185492926
402720,1,GE_MAP,1.0,0.6536305346475602,0.7566764987244898,0.5617226078719102,0.3392325593981707
402720,44,GE_MAP,1.0,0.13948167283026605,0.7467713647959183,0.37178633766237296,0.04623930340789671
261888,2,GE_MAP,1.0,0.45596662422071454,0.8564054528061225,0.7230376303070922,0.3474913964861438
261888,1,GE_MAP,0.0,0.04716969946695961,0.6186423788265306,0.04756156077803143,0.05211274582652202
229849,1,GE_MAP,1.0,0.6329433291746607,0.5561623086734694,0.6156635225561987,0.3168082952418934
229849,43,GE_MAP,0.0,0.0023804021114510756,0.7016701211734694,0.011629857349721185,0.0
475064,60,GE_MAP,1.0,0.5835666674639594,0.8930365114795918,0.9460389464086777,0.3170886881282606
475064,1,GE_MAP,0.0,0.19566137979851916,0.7197664221938775,0.25533520373259777,0.16263696998570748
181859,81,GE_MAP,0.0,0.15127706581355227,0.6015425701530612,0.1623818724985201,0.12560682265471243
181859,17,GE_MAP,1.0,0.7256168677294232,0.9249441964285714,0.867368238979916,0.726248455331831
461009,53,GE_MAP,1.0,0.48314481109296253,0.8813376913265306,0.9494280471740341,0.1806797853309481
461009,62,GE_MAP,0.0,0.10512519661307139,0.6495934311224489,0.1358215265970742,0.10199703764237193
507975,1,GE_MAP,1.0,0.18387530584983952,0.7173748405612245,0.15408443711685002,0.094502266777345
507975,19,GE_MAP,1.0,0.777897585105825,0.8215880102040817,0.8046263934487373,0.5898093841642229
187144,1,GE_MAP,1.0,0.13471536105725207,0.708366549744898,0.4386907445897854,0.07280446077810164
187144,6,GE_MAP,1.0,0.8193477671022767,0.9020647321428571,0.8906133489478466,0.7015668650552654
152686,43,GE_MAP,1.0,0.15744674102615022,0.7214405293367347,0.9113155087559622,0.04319550930996714
152686,1,GE_MAP,0.0,0.23138452228847436,0.6550342793367347,0.23032751163889928,0.19780321638782036
115870,1,GE_MAP,1.0,0.33670589227167724,0.658203125,0.35708313413174886,0.24981409387165915
115870,63,GE_MAP,1.0,0.5510247837218636,0.8336455676020408,0.8026785039540428,0.5881888598352163
32610,73,GE_MAP,1.0,0.6373016620541506,0.7184709821428571,0.7427116976722254,0.4938368926472696
32610,27,GE_MAP,1.0,0.6010936464224713,0.8681242028061225,0.9101173877821773,0.6125651384741495
530061,67,GE_MAP,1.0,0.3578048978821253,0.7525310905612245,0.46799356836528455,0.35429017160686427
530061,51,GE_MAP,1.0,0.6275745552780873,0.871711575255102,0.9113181591033694,0.5203785112882796
321214,1,GE_MAP,1.0,0.7457419226686426,0.7404934630102041,0.7716645342001567,0.5373600994848108
321214,62,GE_MAP,0.0,0.047256337141282564,0.6017219387755102,0.04842616975258629,0.04946727549467275
291490,65,GE_MAP,1.0,0.8895803817524786,0.7587691326530612,0.9398222060814392,0.6447835656639765
291490,17,GE_MAP,1.0,0.6999041307814591,0.9069674744897959,0.8785250231656904,0.6184404119666503
21465,62,GE_MAP,1.0,0.2552745343311055,0.7186702806122449,0.7576373559524964,0.18920160827110855
21465,86,GE_MAP,1.0,0.2091598286349758,0.7592873086734694,0.5793175089055679,0.12044858724147975
316666,44,GE_MAP,0.0,0.08026606549946692,0.7560786033163265,0.16406383464794638,0.04479825177554047
316666,67,GE_MAP,0.0,0.08108073940397441,0.6313376913265306,0.13274820040332475,0.09060518165281943
49269,19,GE_MAP,1.0,0.7621656817185705,0.8535355548469388,0.8497359515290651,0.6153564325342824
49269,18,GE_MAP,1.0,0.782042804642628,0.9273955676020408,0.901702419377717,0.731895790403297
89556,11,GE_MAP,1.0,0.1488501780515741,0.6728117028061225,0.6067028052355098,0.055462861745584256
89556,3,GE_MAP,0.0,0.4422354592303253,0.775031887755102,0.5171016564481596,0.40903617611643367
179898,84,GE_MAP,0.0,0.03527624488109256,0.69921875,0.055331285356601465,0.03013945119208277
179898,67,GE_MAP,0.0,0.10463650187786379,0.6877590880102041,0.4773984460151315,0.05415358609031635
491497,62,GE_MAP,0.0,0.3104322544909377,0.6933394451530612,0.536916208010835,0.28315863032844163
491497,84,GE_MAP,1.0,0.3296652462944844,0.8417171556122449,0.7013155856626826,0.2313201703445606
261161,18,GE_MAP,1.0,0.8592810740997933,0.9241669323979592,0.9288806231390048,0.7636058648111332
261161,15,GE_MAP,1.0,0.6102418067560795,0.8524792729591837,0.7750065207678993,0.4621812104918986
492110,77,GE_MAP,0.0,0.1075868286408637,0.7372050382653061,0.2665379910935282,0.04386919005148285
492110,1,GE_MAP,0.0,0.7456569927002415,0.8207310267857143,0.754187568737879,0.5763270689086712
281687,31,GE_MAP,0.0,0.38276530588820284,0.7610212053571429,0.5692853404965447,0.2947300317609693
281687,1,GE_MAP,1.0,0.49129127290968816,0.6554328762755102,0.44210152278020104,0.27326607818411097
498463,78,GE_MAP,0.0,0.01679455923462666,0.5808155293367347,0.017278771723481086,0.017241379310344827
498463,82,GE_MAP,1.0,0.6824430400994413,0.6697425063775511,0.7446012642505125,0.48429962966420814
187236,63,GE_MAP,1.0,0.5073714004718082,0.6115672831632653,0.49567099115158153,0.3735536127539213
187236,17,GE_MAP,1.0,0.7671668157125502,0.8072385204081632,0.817589091910951,0.5652252090263418
470952,1,GE_MAP,1.0,0.6798609285416551,0.6575454400510204,0.6451000562605883,0.4062543192812716
470952,35,GE_MAP,0.0,0.044560895007012075,0.6683474170918368,0.1212403619154067,0.03653311718388143
167159,65,GE_MAP,1.0,0.9561389247225176,0.37741151147959184,0.9562596666865081,0.36065573770491804
167159,84,GE_MAP,1.0,0.6177286519257699,0.9090003188775511,0.7267651066818666,0.4883460331689825
133244,1,GE_MAP,0.0,0.4015415332020059,0.6591796875,0.3946087543178705,0.2849257787999164
133244,62,GE_MAP,0.0,0.28475516030968195,0.7793566645408163,0.2833588884233067,0.1462831585441086
540414,28,GE_MAP,0.0,0.15896226295659138,0.7340760522959183,0.3503451889678641,0.10033038904996291
540414,1,GE_MAP,0.0,0.21408563682152684,0.6759008290816326,0.19971629581109163,0.16442297811119103
572555,10,GE_MAP,1.0,0.031851837346920736,0.7625757334183674,0.0528398562811673,0.023924621056943877
572555,7,GE_MAP,1.0,0.741430604609824,0.7483258928571429,0.7911752282744671,0.5149978876214618
463802,88,GE_MAP,1.0,0.7740267763126365,0.8410794005102041,0.7980313113294565,0.5794081966348437
463802,43,GE_MAP,1.0,0.5645407625500752,0.8115433673469388,0.7018283003042171,0.39177976458480734
3501,51,GE_MAP,1.0,0.874832603680774,0.6338089923469388,0.9056665508793862,0.5114986839656501
3501,56,GE_MAP,1.0,0.5114069320496769,0.9052734375,0.9180783747771727,0.4645110410094637
348708,67,GE_MAP,1.0,0.9922749253009054,0.4520687181122449,0.992351557764416,0.446843185384894
348708,51,GE_MAP,1.0,0.8132893074508478,0.7155412946428571,0.8380069134465183,0.5159069325735992
332901,20,GE_MAP,1.0,0.8020627774231743,0.8373126594387755,0.8161224716679185,0.5582314103257928
332901,1,GE_MAP,1.0,0.12211682027958996,0.7921316964285714,0.1703104635452346,0.05302342473215907
409358,70,GE_MAP,1.0,0.12665639584073007,0.7270806760204082,0.18908575422212237,0.12915739268680446
409358,81,GE_MAP,1.0,0.17536586135424076,0.7675183354591837,0.5808177757751201,0.11333231985405899
46497,1,GE_MAP,1.0,0.402214251926936,0.5943478954081632,0.3982388768435061,0.20610031983774085
46497,9,GE_MAP,1.0,0.3639818748747618,0.7338568239795918,0.5905010566606568,0.27071159412375073
131138,76,GE_MAP,1.0,0.12115811245697242,0.6585419323979592,0.5983148473738037,0.07768087855297158
131138,72,GE_MAP,0.0,0.18546117392981934,0.6893734056122449,0.22029369752546457,0.17808363655539736
476215,19,GE_MAP,1.0,0.5298838985410534,0.8612085459183674,0.7048840071051341,0.31362113148038634
476215,1,GE_MAP,0.0,0.1001186081700808,0.7480668048469388,0.2672935512789166,0.05410056869200838
280891,44,GE_MAP,1.0,0.08007175053490122,0.6989198022959183,0.32951295184348267,0.04009403990341848
280891,55,GE_MAP,1.0,0.5492290015495778,0.8565848214285714,0.787851030662336,0.4892106757524134
532855,1,GE_MAP,0.0,0.2462032038699013,0.7055763711734694,0.3155428260711189,0.24264328924433506
532855,41,GE_MAP,0.0,0.04112737355171402,0.7169363839285714,0.04976127069202076,0.045240656090346866
296231,84,GE_MAP,1.0,0.28633812721037,0.8043088329081632,0.6227642038582328,0.09368654236662359
296231,72,GE_MAP,1.0,0.46433901307821707,0.8472576530612245,0.694016513544634,0.41294523171198777
463522,19,GE_MAP,1.0,0.7220905782882927,0.9134247448979592,0.8773168748324608,0.6933719206606903
463522,1,GE_MAP,0.0,0.017525083634487636,0.6897520727040817,0.018596181833243866,0.018907165815844205
115946,3,GE_MAP,1.0,0.15764533050173632,0.7577726403061225,0.7237540614068861,0.07292143401983218
115946,10,GE_MAP,1.0,0.13814094703264868,0.7547632334183674,0.72852433783167,0.05317020621729763
427256,1,GE_MAP,1.0,0.5118032410144497,0.5708904655612245,0.5346204874845112,0.27663363010246933
427256,40,GE_MAP,0.0,0.04451495243669591,0.6742267219387755,0.12576925876259498,0.02985340376283459
12748,19,GE_MAP,1.0,0.8441722201635138,0.9412268813775511,0.9404009561712839,0.8157450796626055
12748,1,GE_MAP,1.0,0.22331442473019564,0.4706234056122449,0.2907030150965261,0.13484463552863005
100283,3,GE_MAP,1.0,0.11997137611882683,0.6896324936224489,0.4817731921881739,0.05141012365231163
100283,13,GE_MAP,1.0,0.665862378803184,0.9085419323979592,0.8994492300903117,0.7171474358974359
67213,1,GE_MAP,0.0,0.0175035518074136,0.6984215561224489,0.024982209356906454,0.020645912885897354
67213,3,GE_MAP,0.0,0.4768299497368203,0.8516422193877551,0.627660289462529,0.4659971305595409
223955,1,GE_MAP,1.0,0.4108001146501247,0.7554209183673469,0.40223618696305724,0.32826098855985547
223955,34,GE_MAP,1.0,0.16726490382865403,0.7627551020408163,0.7613235786516865,0.042162858062439655
332318,8,GE_MAP,1.0,0.39374247933550083,0.8830915178571429,0.8117686138677738,0.14026088230983438
332318,21,GE_MAP,1.0,0.13800896283008632,0.7782007334183674,0.40375585871839353,0.06171486383947391
473219,84,GE_MAP,1.0,0.36295359855510867,0.8597735969387755,0.666068854278452,0.10981781376518218
473219,62,GE_MAP,0.0,0.12255215302950585,0.6263552295918368,0.12429082639816823,0.11703480431403947
334483,1,GE_MAP,1.0,0.676276730168956,0.6013432716836735,0.6467316043560323,0.3301968925796946
334483,61,GE_MAP,0.0,0.2687471030084046,0.7746532206632653,0.38690964672071426,0.236168344254543
303566,53,GE_MAP,0.0,0.5658034215646132,0.8376913265306123,0.6426302751758255,0.49582120968241195
303566,55,GE_MAP,1.0,0.14980929257153536,0.7012117346938775,0.32788260398720187,0.09909260260801635
530624,65,GE_MAP,1.0,0.8685675218330408,0.5791414221938775,0.8892448885083362,0.457982546201232
530624,18,GE_MAP,1.0,0.7386180023147431,0.9006297831632653,0.863168873259877,0.6379873665868002
382696,82,GE_MAP,0.0,0.15922502135073624,0.7155412946428571,0.16715447817741325,0.153841593549917
382696,79,GE_MAP,1.0,0.2851109276421203,0.7381218112244898,0.4715534862869697,0.21897289586305277
175251,90,GE_MAP,0.0,0.19395719099778713,0.7928491709183674,0.689060701365102,0.048342794360007324
175251,1,GE_MAP,1.0,0.6657553841786203,0.5479312818877551,0.6533208292165064,0.31794810115163724
514508,1,GE_MAP,0.0,0.14246345321941772,0.5763711734693877,0.16767766242322782,0.10008467400508043
514508,72,GE_MAP,1.0,0.5126024204376164,0.5864158163265306,0.5065166362656378,0.29458154871167314
157138,61,GE_MAP,1.0,0.5869865299927786,0.9072265625,0.9413908449414907,0.6550062995627363
157138,48,GE_MAP,1.0,0.17526562567166018,0.6450494260204082,0.7918742823337943,0.11931958660930624
116479,65,GE_MAP,1.0,0.8853152469691575,0.6519252232142857,0.8852064412641532,0.4481483822042467
116479,63,GE_MAP,0.0,0.03896870265437841,0.6838727678571429,0.04924324990172182,0.04238106737503019
283785,84,GE_MAP,0.0,0.10885740029310725,0.8006417410714286,0.18620434031462268,0.06940180481905293
283785,1,GE_MAP,1.0,0.5428706679652555,0.7091836734693877,0.521455443114842,0.3332724115873161
400803,1,GE_MAP,0.0,0.011837974584464157,0.6720543686224489,0.012515625908732016,0.013548348420358491
400803,9,GE_MAP,1.0,0.6699500889899633,0.8283442283163265,0.7843478734159095,0.581974373907979
396200,8,GE_MAP,1.0,0.09983056004047942,0.7336774553571429,0.35656088667043545,0.044339555174140025
396200,1,GE_MAP,1.0,0.09684986513573868,0.6459064094387755,0.113162792185941,0.06450084245998315
398377,63,GE_MAP,1.0,0.15187667499260255,0.6789102359693877,0.38287826518581125,0.09828174847484189
398377,1,GE_MAP,1.0,0.6811998048672621,0.5586136798469388,0.6561069320069377,0.3261630206590197
63740,73,GE_MAP,0.0,0.1667118782982728,0.6458067602040817,0.17547550736840828,0.1536336793980379
63740,76,GE_MAP,1.0,0.32164900424518295,0.7169563137755102,0.7259169599106902,0.2860446410617334
200421,65,GE_MAP,1.0,0.4113742974136923,0.6971859056122449,0.5931511850312599,0.3234482144447413
200421,1,GE_MAP,1.0,0.6972377522873868,0.8420758928571429,0.7944648900862544,0.6141222303384466
79031,1,GE_MAP,0.0,0.2655128954689323,0.6094547193877551,0.25739816640960933,0.17018843955113275
79031,42,GE_MAP,1.0,0.6224750386538828,0.8975805165816326,0.8334497631294253,0.6152291105121294
195165,81,GE_MAP,1.0,0.10054553389890658,0.6559510522959183,0.7388565671662113,0.052056449398715066
195165,44,GE_MAP,1.0,0.19000767941832228,0.7657047193877551,0.486036411340533,0.09888088302928101
441543,1,GE_MAP,1.0,0.1592157122917709,0.5102838010204082,0.18641137542049335,0.09605267998381341
441543,28,GE_MAP,1.0,0.8743850456214527,0.8871173469387755,0.9482854999321293,0.7559041544561282
270474,39,GE_MAP,1.0,0.4102694500031101,0.936164700255102,0.8569285981329248,0.22967772967772968
270474,1,GE_MAP,1.0,0.49005415692757404,0.7882653061224489,0.5867576875503495,0.40717593884269854
571598,32,GE_MAP,1.0,0.17094129388038032,0.7280572385204082,0.5236784425489992,0.10979906054279749
571598,1,GE_MAP,1.0,0.7436628448349557,0.568977200255102,0.7343747011779,0.3638930556781082
31248,84,GE_MAP,0.0,0.34206244221809273,0.8396045918367347,0.5643691963075149,0.2687624931855352
31248,62,GE_MAP,1.0,0.38973021728169643,0.7623565051020408,0.8140544860110529,0.33843763870395027
574702,1,GE_MAP,1.0,0.17576667563582665,0.707649075255102,0.17906923773292902,0.12798715967185828
574702,4,GE_MAP,1.0,0.6116595436904447,0.8470982142857143,0.7555518559490564,0.5396892062158757
185599,55,GE_MAP,1.0,0.7884580545645934,0.6218909438775511,0.7937496374352981,0.4292933850735493
185599,53,GE_MAP,1.0,0.4092060670539851,0.4942602040816326,0.4198088609734008,0.22610551997560233
192699,1,GE_MAP,1.0,0.523501861626312,0.568718112244898,0.48961777329955103,0.2517289073305671
192699,4,GE_MAP,0.0,0.2437222607680771,0.7712452168367347,0.3248738865116055,0.20036226835725232
13201,41,GE_MAP,0.0,0.13747055985612233,0.7160794005102041,0.7799125940644898,0.06669287211740042
13201,1,GE_MAP,1.0,0.5139419721200422,0.7937260841836735,0.5866456021455155,0.38699360341151384
27982,81,GE_MAP,0.0,0.040841821809843096,0.6342673788265306,0.14523933913350415,0.02925306813372831
27982,70,GE_MAP,1.0,0.36108311304663204,0.7038823341836735,0.6772311125140731,0.23722983726063968
489339,42,GE_MAP,1.0,0.6200740352052605,0.6755819515306123,0.6939545209720609,0.4403300670448685
489339,1,GE_MAP,1.0,0.46354480139541815,0.7492028061224489,0.5688486725730086,0.3691914381673267
135872,62,GE_MAP,0.0,0.1854730139573772,0.6846898915816326,0.46069835010606935,0.16845369494376117
135872,76,GE_MAP,1.0,0.038453061954515345,0.6359813456632653,0.1240022571464804,0.02529483963925503
357978,1,GE_MAP,0.0,0.20853169526625367,0.5487484056122449,0.2145656002443898,0.15719337427880142
357978,62,GE_MAP,0.0,0.04682422839006612,0.6469228316326531,0.19910228071370634,0.02931346227603967
366711,55,GE_MAP,1.0,0.7444155157369854,0.8290816326530612,0.8388605250347234,0.5937662829804368
366711,1,GE_MAP,1.0,0.5051230506703194,0.842414700255102,0.5964660497649626,0.34075371018842754
185802,52,GE_MAP,1.0,0.521595884877061,0.8067402742346939,0.7342151436632557,0.34997989006569247
185802,62,GE_MAP,1.0,0.46394045324812827,0.7746332908163265,0.6590212846209628,0.3405260395404444
126592,13,GE_MAP,1.0,0.4132598039351895,0.841796875,0.8287740556373233,0.3361766181635725
126592,3,GE_MAP,1.0,0.28771006497832763,0.7340760522959183,0.5756338921274193,0.2075191542436301
433243,25,GE_MAP,1.0,0.5025599303585104,0.8185586734693877,0.7186892361474218,0.4213436725354351
433243,24,GE_MAP,1.0,0.5518170840739887,0.8352200255102041,0.7117933293100702,0.45407725321888415
173371,59,GE_MAP,0.0,0.5688184141601265,0.8361168686224489,0.7341494337183302,0.5082526013634733
173371,47,GE_MAP,1.0,0.06801523362051537,0.6582429846938775,0.36534403543606153,0.03905855982067806
477288,28,GE_MAP,1.0,0.6239559065244086,0.8973014987244898,0.8322027755645526,0.48247464095611126
477288,1,GE_MAP,1.0,0.45963596837805093,0.38155691964285715,0.5075822298420645,0.1699390113417505
39951,1,GE_MAP,0.0,0.06546596280100245,0.7746532206632653,0.08477459870687198,0.08571197541845234
39951,43,GE_MAP,0.0,0.1410503931646045,0.7359893176020408,0.7300712087198333,0.044434826516626995
6471,1,GE_MAP,1.0,0.4071163824527353,0.646484375,0.39827300495642926,0.2656896837224706
6471,15,GE_MAP,1.0,0.03714949295751732,0.6892139668367347,0.05951902148558701,0.03675335104083019
189078,55,GE_MAP,1.0,0.42306075187576014,0.7408322704081632,0.6083768577624689,0.30693385919096094
189078,53,GE_MAP,0.0,0.19489097777311526,0.7000558035714286,0.2710247869576765,0.20668388593115808
189451,61,GE_MAP,1.0,0.5948072762025989,0.8766741071428571,0.8465139086351772,0.6173396821470534
189451,49,GE_MAP,1.0,0.24114797421002548,0.7937260841836735,0.5466023062076765,0.13714047519799916
172396,59,GE_MAP,1.0,0.7814144214504867,0.9007892219387755,0.8333639534790903,0.7223337795626952
172396,79,GE_MAP,1.0,0.9914790704275996,0.35770089285714285,0.9915321627846805,0.3472281298738126
116208,46,GE_MAP,0.0,0.09969234695415176,0.7256855867346939,0.13845406961374696,0.10687171500875997
116208,47,GE_MAP,1.0,0.07502137619363991,0.6149154974489796,0.2020965602115026,0.04497825227362594
467511,4,GE_MAP,1.0,0.810573735336822,0.8641980229591837,0.9087690330811657,0.6823902302600914
467511,1,GE_MAP,1.0,0.6530196869944728,0.7636120854591837,0.5889151471027749,0.3933612929623568
98839,72,GE_MAP,1.0,0.817436146944064,0.6846301020408163,0.8290859961163994,0.4227345688019845
98839,17,GE_MAP,1.0,0.8088838468048738,0.9622927295918368,0.9640997468960112,0.8570889039957701
209142,56,GE_MAP,1.0,0.40711627621020086,0.7269610969387755,0.6203146741631365,0.3658288200712864
209142,48,GE_MAP,0.0,0.06161761495635107,0.5452008928571429,0.06228661809832963,0.042745081588992824
64898,42,GE_MAP,1.0,0.03370016464210184,0.6705994897959183,0.08023069026034349,0.036099609261095233
64898,1,GE_MAP,0.0,0.03785869648832432,0.7154017857142857,0.03392203088810426,0.03265140224901775
201418,1,GE_MAP,1.0,0.3671158953911453,0.7694515306122449,0.43569507180001366,0.21599457810911554
201418,72,GE_MAP,0.0,0.09749761505449679,0.7050581951530612,0.24737225129834614,0.05672764357192938
73946,42,GE_MAP,1.0,0.6697273229395653,0.8215481505102041,0.7666283984238342,0.5772227206194815
73946,1,GE_MAP,1.0,0.4533179173070712,0.5429886798469388,0.4602931324722305,0.26660696581059906
579970,72,GE_MAP,0.0,0.04280274737626659,0.6893335459183674,0.06438216501914738,0.036171396772398445
579970,63,GE_MAP,1.0,0.14067344994374256,0.6706792091836735,0.4494045325038053,0.10014703479823558
61333,17,GE_MAP,1.0,0.7152875594929136,0.9223134566326531,0.8970139961526213,0.7127063679245284
61333,84,GE_MAP,1.0,0.8590035765815609,0.8607900191326531,0.9188341000289708,0.683593042217793
409198,1,GE_MAP,1.0,0.34012413528328356,0.6841318558673469,0.5243541163095289,0.2659441433930804
409198,34,GE_MAP,1.0,0.1509543503997059,0.7274394132653061,0.7981936690031605,0.04941961493014527
211042,17,GE_MAP,1.0,0.5892498455644245,0.925422512755102,0.9218407422811716,0.5547358400761542
211042,70,GE_MAP,1.0,0.30273966195271595,0.8011798469387755,0.713990605793847,0.21368329786395523
340894,1,GE_MAP,0.0,0.024218893542710538,0.7791772959183674,0.02782828153077349,0.03332751701273774
340894,76,GE_MAP,1.0,0.45084781455175704,0.8185985331632653,0.8283551479672846,0.4534974482137496
502136,64,GE_MAP,1.0,0.37150332470006886,0.8066206951530612,0.8595036100583497,0.16049489531060737
502136,86,GE_MAP,0.0,0.10673509719256564,0.7855747767857143,0.272903203036739,0.04559567107247405
91495,1,GE_MAP,0.0,0.23762011626298218,0.5154854910714286,0.2787151154323285,0.13821339950372208
91495,40,GE_MAP,1.0,0.1051566598108685,0.6547751913265306,0.7727012743592498,0.04403973509933775
12576,47,GE_MAP,1.0,0.43485352618465445,0.8023158482142857,0.5643787844709353,0.28635153608173247
12576,67,GE_MAP,1.0,0.9314013149556664,0.5618622448979592,0.948527171439864,0.49305907854079234
331280,19,GE_MAP,1.0,0.7100268656873178,0.8643973214285714,0.8742048386577383,0.5899969870442905
331280,1,GE_MAP,0.0,0.04142220484507168,0.5237364477040817,0.10846774458878629,0.025328330206378986
140556,11,GE_MAP,1.0,0.3181380516537819,0.7427056760204082,0.6949710896545521,0.210687209586696
140556,1,GE_MAP,0.0,0.6252443866115367,0.5305923150510204,0.5984875118453018,0.28795574097587523
397351,57,GE_MAP,1.0,0.419244668966164,0.7832429846938775,0.5095129749155256,0.33185895073104804
397351,1,GE_MAP,1.0,0.45613507097345524,0.7983298788265306,0.5744989391736908,0.3470349099825773
80932,62,GE_MAP,0.0,0.08919179753143541,0.6260363520408163,0.31954228961388453,0.060343532475336775
80932,48,GE_MAP,0.0,0.018953232997156094,0.6202766262755102,0.021940314179749006,0.022872967844504846
50828,33,GE_MAP,1.0,0.17514419014337984,0.673210299744898,0.7918771936967036,0.041895524132289357
50828,65,GE_MAP,1.0,0.7768505926487981,0.9002909757653061,0.9393057238782468,0.7755596429052084
435205,88,GE_MAP,1.0,0.7046084335479086,0.9570113201530612,0.9573023517168093,0.7646737944577787
435205,1,GE_MAP,1.0,0.6586957949446222,0.45005580357142855,0.6452029148984371,0.3441087685103753
491464,39,GE_MAP,1.0,0.1245493914104256,0.7652264030612245,0.355627482829666,0.0806929920399563
491464,1,GE_MAP,1.0,0.4005596677193963,0.7078085140306123,0.4716287245598384,0.23144265045082826
412894,1,GE_MAP,1.0,0.2340179179878502,0.7437220982142857,0.2097306437012943,0.16293451373519072
412894,10,GE_MAP,1.0,0.32608427006185264,0.7606226084183674,0.7774487661296337,0.13114872685185186
481573,41,GE_MAP,0.0,0.4994996796885349,0.5691167091836735,0.5029572743701503,0.30147652741430003
481573,1,GE_MAP,1.0,0.2922761002892348,0.7289142219387755,0.40332707594177764,0.23858038513210927
58029,70,GE_MAP,0.0,0.04600162588350335,0.6930404974489796,0.06584606493004591,0.061711848918671944
58029,81,GE_MAP,1.0,0.23154359053121004,0.7617386798469388,0.7590575703612222,0.1221822453924664
329614,3,GE_MAP,1.0,0.2453735158056563,0.8493901466836735,0.36401864196230777,0.18925008046346958
329614,6,GE_MAP,1.0,0.6095224198430961,0.9100167410714286,0.9065598646594196,0.34087591240875914
355257,1,GE_MAP,0.0,0.22321110936202407,0.7651666135204082,0.3044597976162147,0.12828290301102316
355257,65,GE_MAP,1.0,0.6092691426379025,0.8458824936224489,0.8339962197364217,0.5333132166566084
308466,70,GE_MAP,0.0,0.10620490443074218,0.7153818558673469,0.1499988385444443,0.12187173338252474
308466,81,GE_MAP,1.0,0.08360294150711536,0.7319435586734694,0.15880182797869613,0.0726696083838941
6614,55,GE_MAP,1.0,0.47230822103248277,0.8083346619897959,0.5662351805028466,0.4315521929306065
6614,53,GE_MAP,1.0,0.5878888770841675,0.7931680484693877,0.6069928623807327,0.4908751962323391
565563,3,GE_MAP,1.0,0.4233034164067676,0.8546715561224489,0.7570927676357374,0.2317741255794353
565563,65,GE_MAP,1.0,0.22389254303024486,0.7657445790816326,0.809781444115674,0.060581841432225066
72281,41,GE_MAP,0.0,0.2672417150556655,0.7691924426020408,0.5972780046463005,0.1547949204495694
72281,1,GE_MAP,1.0,0.5714672754588787,0.8009406887755102,0.730178610976965,0.4716182616515897
187362,42,GE_MAP,1.0,0.20058969591830297,0.8318518813775511,0.7277945892042783,0.07183718371837183
187362,1,GE_MAP,0.0,0.1859577809127143,0.8318518813775511,0.19358664273278808,0.17300529307978826
60347,15,GE_MAP,1.0,0.49115973798794477,0.8676259566326531,0.706514686993643,0.35181028593734753
60347,1,GE_MAP,1.0,0.6422328477188622,0.9067482461734694,0.8359065385006083,0.5922795399093761
489091,81,GE_MAP,0.0,0.09064175269176189,0.651008450255102,0.12916679897749592,0.0888229784576959
489091,70,GE_MAP,1.0,0.15949161421389652,0.7284359056122449,0.5123509815660271,0.11277510092459955
319617,67,GE_MAP,1.0,0.9792468901636263,0.44529257015306123,0.9822110128100714,0.4404302372336148
319617,58,GE_MAP,1.0,0.7992129061263809,0.9344308035714286,0.9642988468277385,0.7069042316258352
488075,62,GE_MAP,0.0,0.2609440510995753,0.7293526785714286,0.5666450478979145,0.2414679104060772
488075,82,GE_MAP,1.0,0.11941150168417242,0.7046795280612245,0.4095273022572557,0.06469734267499842
231879,62,GE_MAP,1.0,0.23257643838223307,0.7372050382653061,0.7086176198601255,0.13687242259605945
231879,1,GE_MAP,1.0,0.8438579254400926,0.41824776785714285,0.8300905148977529,0.2905922667509174
249550,65,GE_MAP,0.0,0.7662004878106154,0.8330476721938775,0.8780089796885554,0.6430306387693356
249550,64,GE_MAP,1.0,0.3496854405889647,0.8222257653061225,0.8318136589737177,0.19523637675929267
376322,46,GE_MAP,1.0,0.08445205379032401,0.6547154017857143,0.1984056914145737,0.056783536585365856
376322,44,GE_MAP,0.0,0.12111889380255988,0.7706473214285714,0.221936922255401,0.06385747986659074
290081,55,GE_MAP,1.0,0.9276575380677655,0.8041693239795918,0.9348962890518995,0.6275208491281273
290081,51,GE_MAP,1.0,0.5768600256448776,0.8098294005102041,0.7672309656544771,0.5001571503404924
458755,1,GE_MAP,1.0,0.8169331841208316,0.7745934311224489,0.8852643796978764,0.62018940157163
458755,20,GE_MAP,1.0,0.7786957577455151,0.9011280293367347,0.8655976796510477,0.7189871983686417
180135,41,GE_MAP,1.0,0.4798166401535018,0.8171237244897959,0.7758863474137279,0.23660565723793678
180135,1,GE_MAP,1.0,0.5888584187164897,0.5991709183673469,0.5563055477477745,0.2984757054658342
560911,33,GE_MAP,0.0,0.5441399652657462,0.8434111926020408,0.7685610222855497,0.49808355691835954
560911,1,GE_MAP,1.0,0.592721229310545,0.6895727040816326,0.4963769237935156,0.28008874098724346
460494,48,GE_MAP,1.0,0.05105768970825879,0.6194794323979592,0.1697262321918505,0.04122727729235714
460494,57,GE_MAP,1.0,0.3004629618104941,0.7662826849489796,0.908872561673529,0.15003261578604044
67616,62,GE_MAP,0.0,0.15566365170967184,0.8237205038265306,0.27328162994582217,0.08313465326008085
67616,67,GE_MAP,1.0,0.15493356049542,0.8029735331632653,0.7538627341609124,0.055327281414237935
256868,1,GE_MAP,0.0,0.21761676287195875,0.6966677295918368,0.21778108770203336,0.1602295299050982
256868,15,GE_MAP,1.0,0.1498272549423858,0.6680285395408163,0.566793065173179,0.08402529557327468
101420,63,GE_MAP,1.0,0.8149559335650702,0.7423070790816326,0.907014329109468,0.5958238254509081
101420,17,GE_MAP,1.0,0.5001375844584848,0.9086415816326531,0.9522685996668115,0.39332980412916885
465675,8,GE_MAP,0.0,0.2816433620903297,0.85546875,0.32147690293208137,0.2778331009759012
465675,9,GE_MAP,1.0,0.5594716784735444,0.8784478635204082,0.7407107792712029,0.3733689509914723
139872,18,GE_MAP,1.0,0.8076073777956461,0.9569714604591837,0.9405325091148962,0.8065758824583408
139872,34,GE_MAP,1.0,0.3185863807285923,0.8406010841836735,0.7719594424649585,0.27078774617067836
546823,19,GE_MAP,1.0,0.5056572247820521,0.9267378826530612,0.729761338243852,0.2882865440464666
546823,1,GE_MAP,0.0,0.08578355235533883,0.6284478635204082,0.09499417312695368,0.07045273234942162
190637,65,GE_MAP,0.0,0.5387718211915783,0.7113360969387755,0.5572909095653976,0.4703042715038034
190637,75,GE_MAP,1.0,0.09557698810513421,0.6449298469387755,0.36572898744193805,0.03920616944399504
550691,3,GE_MAP,1.0,0.12106991292709315,0.7593271683673469,0.3604267101033264,0.07809756469959539
550691,6,GE_MAP,1.0,0.8107225254658672,0.8356784119897959,0.858516478113015,0.6185342833348756
273711,55,GE_MAP,1.0,0.15482245253788657,0.7924107142857143,0.41843599641025986,0.05058791359037462
273711,47,GE_MAP,0.0,0.005457428718545112,0.6713169642857143,0.011912239292460935,0.005307599517490953
570756,1,GE_MAP,0.0,0.12206740485190357,0.7538464604591837,0.15050112366303223,0.10415608906941322
570756,38,GE_MAP,0.0,0.13347909680024456,0.7755699936224489,0.231739110723955,0.12030310132020935
25394,46,GE_MAP,1.0,0.1339389578206835,0.7263034119897959,0.41816688812847574,0.08611166566846343
25394,44,GE_MAP,0.0,0.17894897588619973,0.696647799744898,0.21399516028750057,0.16797857220946757
358195,1,GE_MAP,1.0,0.41564128289147273,0.7643295599489796,0.46203415999710856,0.32405396135817993
358195,41,GE_MAP,0.0,0.23870532469779757,0.8449856505102041,0.5241438323216834,0.08655314151497358
438907,41,GE_MAP,1.0,0.2196860050581764,0.7773636798469388,0.5029673198171393,0.10157632298536272
438907,1,GE_MAP,1.0,0.4996451176535077,0.758430325255102,0.4864942856896778,0.3140350877192982
267300,65,GE_MAP,1.0,0.40402573485901083,0.7897799744897959,0.7439408741132275,0.3143971400714982
267300,64,GE_MAP,1.0,0.4667344350366928,0.8308155293367347,0.7037994664037973,0.31396476482948116
366611,37,GE_MAP,1.0,0.48798693325077813,0.8817163584183674,0.9265716609251023,0.11404687266756232
366611,18,GE_MAP,1.0,0.5774355243850384,0.9143415178571429,0.8994644185988253,0.3508533454161003
109976,78,GE_MAP,1.0,0.2089668660431018,0.6479791135204082,0.3613584773463214,0.20885962554868762
109976,79,GE_MAP,1.0,0.24941523340378088,0.620475924744898,0.361407310720831,0.2252013996256815
378873,1,GE_MAP,0.0,0.173321851722729,0.7345344387755102,0.17768978229204657,0.16447120812946933
378873,57,GE_MAP,0.0,0.029762749057934766,0.6500717474489796,0.074789016170593,0.0200915280723295
362520,1,GE_MAP,0.0,0.5464977706018868,0.7825255102040817,0.6722947443030446,0.503887247101614
362520,41,GE_MAP,0.0,0.43656122168491807,0.7263831313775511,0.5212628953272316,0.3984576961836744
227044,81,GE_MAP,1.0,0.5303066229132264,0.8126195790816326,0.7218158460973118,0.4723905723905724
227044,17,GE_MAP,1.0,0.7975042296717502,0.9101961096938775,0.8756865912426536,0.7610309715740348
125572,1,GE_MAP,0.0,0.1067457868555599,0.7136678890306123,0.12751059236317128,0.06738072054527751
125572,2,GE_MAP,1.0,0.41568212650469677,0.9273158482142857,0.7685728764891026,0.19616486665197266
277584,17,GE_MAP,1.0,0.5456252204592712,0.9360251913265306,0.8849290990380719,0.4352568613652357
277584,15,GE_MAP,1.0,0.8569360273160467,0.7633330676020408,0.8593162765660136,0.5410273257836354
440171,22,GE_MAP,1.0,0.8844529683256356,0.7939652423469388,0.9435273576553017,0.6489524262283949
440171,1,GE_MAP,0.0,0.25097760920915807,0.7889827806122449,0.34805157603881764,0.14962653602120313
450399,51,GE_MAP,0.0,0.04155216445700384,0.6837531887755102,0.041183746136616364,0.04103462863358917
450399,60,GE_MAP,1.0,0.4124091020671813,0.7932477678571429,0.5176434162104054,0.2684577956420563
565778,1,GE_MAP,0.0,0.13329715821691052,0.7186304209183674,0.4836970914913422,0.042328042328042326
565778,7,GE_MAP,1.0,0.6594098821756171,0.7773636798469388,0.7732615698497349,0.5346386169548011
366199,17,GE_MAP,1.0,0.5985898811105971,0.9146006058673469,0.9607845710262019,0.39237095859330684
366199,65,GE_MAP,1.0,0.5821845775358659,0.6614317602040817,0.6427070087038713,0.3757395362510565
165039,3,GE_MAP,1.0,0.4019479852313217,0.7798947704081632,0.7767947829522821,0.18512506456135172
165039,10,GE_MAP,1.0,0.05322029104081425,0.6950932716836735,0.21745830546309827,0.0318926786053281
297830,44,GE_MAP,0.0,0.29744139707191203,0.8506457270408163,0.6422524958214778,0.10133109485549827
297830,18,GE_MAP,1.0,0.8131513606782916,0.8475765306122449,0.877970369874191,0.6222836823389964
261318,1,GE_MAP,1.0,0.49078465248846675,0.7782605229591837,0.4937052044367405,0.30596968373775807
261318,31,GE_MAP,0.0,0.10179524253481875,0.7700095663265306,0.11375812152177595,0.10222498833048078
308430,51,GE_MAP,1.0,0.9027303404957643,0.5860969387755102,0.9248316805615588,0.48227551478286884
308430,57,GE_MAP,0.0,0.23529746657691264,0.7075494260204082,0.3033293601429342,0.2019361505411432
384661,79,GE_MAP,1.0,0.6575843917453016,0.7431242028061225,0.743843714929621,0.5037730037730038
384661,85,GE_MAP,0.0,0.08535240575517694,0.6963887117346939,0.47774227634621785,0.03710258517160736
180751,82,GE_MAP,0.0,0.09121885498744825,0.6677893813775511,0.21284743673439088,0.06401257791004548
180751,1,GE_MAP,1.0,0.505666484985898,0.804069674744898,0.590007010096849,0.4397652154091634
479596,55,GE_MAP,1.0,0.6521571931267147,0.7583306760204082,0.7555694038611817,0.5259207131128313
479596,53,GE_MAP,1.0,0.4557141698927092,0.5208266900510204,0.4805159784815936,0.26178267677853173
82986,1,GE_MAP,0.0,0.04201014660995724,0.5885483099489796,0.04461952574320817,0.02970343563472294
82986,31,GE_MAP,0.0,0.03492753809193768,0.6995176977040817,0.049829435013150465,0.023952871107658445
223090,57,GE_MAP,1.0,0.36193005979075155,0.7755102040816326,0.9308376902823434,0.17930783242258652
223090,49,GE_MAP,1.0,0.4141564656817675,0.8420161033163265,0.7008021340974071,0.30373298199385157
38576,74,GE_MAP,1.0,0.09668849797727597,0.646843112244898,0.5530530802442035,0.038993437822007704
38576,76,GE_MAP,0.0,0.38567739274567703,0.7094228316326531,0.4621946211047333,0.3531786522337075
544519,1,GE_MAP,1.0,0.8863011106627189,0.6059072066326531,0.913292317241215,0.5010723387076427
544519,90,GE_MAP,1.0,0.21181576662137908,0.8765146683673469,0.6564125630113001,0.11788154897494305
220732,3,GE_MAP,1.0,0.06294556638408856,0.6800661670918368,0.17677597360163405,0.036839263214735705
220732,8,GE_MAP,0.0,0.248342030289262,0.6970463966836735,0.30948332048858257,0.2370507930134511
233567,21,GE_MAP,1.0,0.4320376588169469,0.7956792091836735,0.6762287790983894,0.40794640794640796
233567,20,GE_MAP,1.0,0.8733860471171969,0.8715919961734694,0.9305062760815834,0.7050043496176915
206487,3,GE_MAP,0.0,0.2815061265089199,0.7262834821428571,0.31700944290867045,0.29921420553117667
206487,1,GE_MAP,0.0,0.05770000415938422,0.7121332908163265,0.05228229478100091,0.05378316410088438
277051,49,GE_MAP,1.0,0.4336249320629819,0.8345623405612245,0.7194485226497191,0.25544891918557716
277051,44,GE_MAP,0.0,0.3617903562474752,0.8122209821428571,0.455679981809506,0.2833346010496691
520871,44,GE_MAP,1.0,0.3341717713807785,0.7443797831632653,0.7964230482373076,0.1943467336683417
520871,47,GE_MAP,0.0,0.045072695725414606,0.7100007971938775,0.062383533464986755,0.048145483090207365
222094,8,GE_MAP,1.0,0.1261364771981102,0.7822066326530612,0.2839457784262155,0.08337527260526757
222094,13,GE_MAP,1.0,0.26664704613394175,0.7932676977040817,0.933932525809746,0.09168126094570928
388903,1,GE_MAP,1.0,0.7289832619083797,0.6225286989795918,0.7067517984854814,0.41860822052368235
388903,53,GE_MAP,1.0,0.7138045865986989,0.9320790816326531,0.9772651264976089,0.5876588021778585
471087,1,GE_MAP,1.0,0.8116225253553174,0.5792012117346939,0.745444238961795,0.3196932594406496
471087,32,GE_MAP,1.0,0.32796114032149665,0.822265625,0.7403964687353264,0.15970978988033543
326462,1,GE_MAP,0.0,0.15756682220064272,0.6615513392857143,0.18185573954382855,0.0974702380952381
326462,60,GE_MAP,1.0,0.7899468758130934,0.9559550382653061,0.9166668672736993,0.811191798376762
183965,67,GE_MAP,1.0,0.9448320038370621,0.43574617346938777,0.9489093345589972,0.39577864566660265
183965,47,GE_MAP,1.0,0.3447218579273206,0.7719029017857143,0.577460016479277,0.2345505617977528
277689,47,GE_MAP,0.0,0.15767794262902515,0.7008928571428571,0.1603791847484156,0.1740685707996258
277689,61,GE_MAP,1.0,0.7848320003799639,0.9271962691326531,0.8789352508433493,0.7250282273240497
215114,44,GE_MAP,1.0,0.30056704669719764,0.7812898596938775,0.822612059061886,0.1506849315068493
215114,82,GE_MAP,1.0,0.9471627199095086,0.49776785714285715,0.9359872482407319,0.3811698836010019
501523,81,GE_MAP,1.0,0.6271438760385408,0.8200534119897959,0.830708142627413,0.5841087056655919
501523,44,GE_MAP,1.0,0.13156035656870335,0.6683872767857143,0.32322429843403316,0.11414577011127083
468505,2,GE_MAP,0.0,0.05062075285604892,0.6914859693877551,0.06227535983421162,0.041901343071114684
468505,47,GE_MAP,1.0,0.1229635619790709,0.7238121811224489,0.4892564818950194,0.03697011813759555
78823,64,GE_MAP,1.0,0.4156624457518957,0.7982302295918368,0.9317485495397382,0.15906636763850818
78823,18,GE_MAP,1.0,0.6165746161503969,0.9131855867346939,0.7756150381241259,0.42669123453540403
311928,39,GE_MAP,1.0,0.4810700860064531,0.9087810905612245,0.7986421032881871,0.29367283950617284
311928,1,GE_MAP,1.0,0.5095910506667403,0.7701092155612245,0.5111645361926532,0.38272595922298924
167898,70,GE_MAP,1.0,0.16633728838172446,0.668327487244898,0.2558999622292012,0.1382560066280033
167898,81,GE_MAP,1.0,0.2707480952720785,0.7762077487244898,0.7678919578619657,0.2237660721692244
456303,1,GE_MAP,0.0,0.26370529838115514,0.662468112244898,0.27542274299975394,0.20521845229715144
456303,36,GE_MAP,0.0,0.0538904792214227,0.6852080676020408,0.05678941589898474,0.07355270103818405
167122,3,GE_MAP,1.0,0.9357427576934648,0.7826849489795918,0.9252208023168389,0.5967604748345106
167122,17,GE_MAP,0.0,0.03172318591971386,0.6268933354591837,0.07950413489114724,0.02737946799667498
568195,61,GE_MAP,1.0,0.3966904094500709,0.8226841517857143,0.8572636432621974,0.19832402234636873
568195,1,GE_MAP,1.0,0.6381391240843834,0.6166493941326531,0.6498753025753518,0.3694889697446488
13177,1,GE_MAP,1.0,0.6326863153010291,0.7956194196428571,0.7038417377947189,0.492527711797308
13177,2,GE_MAP,0.0,0.18666328909786117,0.7242307079081632,0.22168256034840406,0.185723533219561
457262,52,GE_MAP,1.0,0.8388447550156175,0.9513711734693877,0.9208152181294385,0.7830339676329362
457262,67,GE_MAP,1.0,0.9839842844414936,0.5191127232142857,0.9830782346864135,0.4844230769230769
377486,19,GE_MAP,0.0,0.32272707160929043,0.8118622448979592,0.41057205633804417,0.30888059155135805
377486,1,GE_MAP,1.0,0.2303788977747101,0.7113360969387755,0.3161253232473306,0.168828187765408
538236,58,GE_MAP,1.0,0.7886345864901617,0.6662946428571429,0.7699316320720051,0.4423313905079101
538236,1,GE_MAP,0.0,0.05565410283685111,0.6931202168367347,0.06413614855304098,0.06576871738866642
201646,62,GE_MAP,1.0,0.3719580174779373,0.8031728316326531,0.6920767234868427,0.2861066936533179
201646,1,GE_MAP,1.0,0.5771740437908343,0.7856744260204082,0.6640633734983675,0.45894546186355406
436738,6,GE_MAP,1.0,0.5591056192267854,0.8718112244897959,0.9413338144419335,0.34487675697698106
436738,3,GE_MAP,1.0,0.3515963513301344,0.8715720663265306,0.7041192078409885,0.21663019693654267
356387,4,GE_MAP,0.0,0.40702117923084274,0.8756776147959183,0.47296083313304477,0.38566082332085877
356387,2,GE_MAP,1.0,0.17387705883503773,0.8270487882653061,0.36066244225502625,0.11791014433828013
14038,65,GE_MAP,1.0,0.07297749610738252,0.6315768494897959,0.6770577334386334,0.036334254287650525
14038,82,GE_MAP,0.0,0.06547732754242262,0.6426179846938775,0.06885240185496305,0.07227482021832479
60899,62,GE_MAP,1.0,0.5038249965404549,0.7367665816326531,0.6115371987031492,0.4336677814938685
60899,1,GE_MAP,0.0,0.4504564761076453,0.7300302933673469,0.5216646369748188,0.35882993326075635
421060,35,GE_MAP,0.0,0.018239278239229783,0.6130420918367347,0.029370197466505352,0.01681182904597934
421060,1,GE_MAP,0.0,0.17735876986944626,0.718132174744898,0.16278597742862194,0.12697530864197532
537991,1,GE_MAP,1.0,0.7679388725941939,0.8174824617346939,0.8452367027066078,0.5897321028581668
537991,77,GE_MAP,1.0,0.17483916408710345,0.7987882653061225,0.506395766900661,0.07333639284075263
127660,33,GE_MAP,1.0,0.7958088145396818,0.8161870216836735,0.8649686008647702,0.5760125040224336
127660,1,GE_MAP,1.0,0.5599997345107253,0.6973254145408163,0.5835803894121441,0.384743153459731
568439,6,GE_MAP,1.0,0.7265448564849627,0.8890904017857143,0.8195808291068507,0.6538317989549639
568439,1,GE_MAP,1.0,0.40733607932382154,0.8261519451530612,0.7557334440068777,0.19126645651770813
284445,1,GE_MAP,0.0,0.4103970905055675,0.7108777104591837,0.4563463415852549,0.27290497193263835
284445,10,GE_MAP,1.0,0.14998048405601314,0.6925422512755102,0.8134563426968897,0.052977286678944135
422998,44,GE_MAP,1.0,0.5098285448227706,0.8151307397959183,0.7778855007354024,0.36404771698889343
422998,1,GE_MAP,1.0,0.6208519811588005,0.606086575255102,0.6450172973075737,0.4131706303257029
181499,73,GE_MAP,1.0,0.7760185622199246,0.7105389030612245,0.7878247039102231,0.5093574758462266
181499,76,GE_MAP,1.0,0.5212497190852882,0.8051658163265306,0.9383767749918063,0.4271986875256343
27186,63,GE_MAP,1.0,0.6964305868806815,0.8425542091836735,0.821749773195387,0.5866471326915027
27186,1,GE_MAP,1.0,0.5413773585248988,0.6727917729591837,0.5367055606454125,0.32120560631744327
150649,41,GE_MAP,1.0,0.09023386829268837,0.7314652423469388,0.4021577817849353,0.047773851590106005
150649,1,GE_MAP,0.0,0.13698165319550148,0.6307198660714286,0.1359086435515644,0.09180472502695815
446005,79,GE_MAP,0.0,0.2867987588619516,0.7100605867346939,0.44119369798840596,0.2587384082339753
446005,78,GE_MAP,1.0,0.10174522936639296,0.6486168686224489,0.2143688805644601,0.09977023232065356
532575,18,GE_MAP,1.0,0.9128074435332448,0.9416852678571429,0.9804286984856475,0.84927625817751
532575,9,GE_MAP,1.0,0.5974249242707567,0.6681281887755102,0.5863555351519936,0.36525120073187467
169076,1,GE_MAP,0.0,0.014653224310684356,0.5913783482142857,0.025194516071396767,0.014563106796116505
169076,17,GE_MAP,1.0,0.5270622676703817,0.7702487244897959,0.7087505964218208,0.39555369127516776
