image_id,category_id,category,prompt,baseline_iou,own_map_baseline,baseline_group,method,iou,pacc,dice,precision,recall,predicted_pixels,target_intersection_pixels,distractor_intersection_pixels,target_overlap_preferred,max_distractor_iou,max_distractor_category_id,semantic_success,precise_wrong_object,delta_iou,candidate,use_sam
356347,51,bowl,a photo of a bowl,0.3641249580114209,GE_MAP,all,GE_MAP,0.3641249580114209,0.4340919961734694,0.5338586555035706,0.7874854707477722,0.403804604266521,20648,16260,546,True,0.03930661864025214,50,True,False,0.0,-1,False
356347,51,bowl,a photo of a bowl,0.3641249580114209,GE_MAP,all,GE_POS3_SAM,0.6303116147308782,0.6983019770408163,0.7732406602953953,0.9742931561662451,0.6409715151364641,26491,25810,0,True,3.457216940363008e-05,50,True,False,0.26618665671945724,0,True
356347,51,bowl,a photo of a bowl,0.3641249580114209,GE_MAP,all,GE_POS3_SMART,0.6079445637321882,0.6797672193877551,0.7561760242792109,0.9720282448406351,0.6187697121712569,25633,24916,0,True,3.5629030534079165e-05,50,True,False,0.24381960572076727,1,True
356347,51,bowl,a photo of a bowl,0.3641249580114209,GE_MAP,all,GE_POS3_CASR,0.3641249580114209,0.4340919961734694,0.5338586555035706,0.7874854707477722,0.403804604266521,20648,16260,546,True,0.03930661864025214,50,True,False,0.0,1,False
356347,50,spoon,a photo of a spoon,0.10901650650604626,GE_MAP,all,GE_MAP,0.10901650650604626,0.6137994260204082,0.19660033167495855,0.10933825224809776,0.9737166324435318,21685,2371,16958,False,0.40080495636051194,51,False,False,0.0,-1,False
356347,50,spoon,a photo of a spoon,0.10901650650604626,GE_MAP,all,GE_POS3_SAM,0.4782964782964783,0.94921875,0.6470914127423822,0.48819226750261235,0.9593429158110883,4785,2336,2448,False,0.07633131853692333,51,True,False,0.36927997179043204,1,True
356347,50,spoon,a photo of a spoon,0.10901650650604626,GE_MAP,all,GE_POS3_SMART,0.4782964782964783,0.94921875,0.6470914127423822,0.48819226750261235,0.9593429158110883,4785,2336,2448,False,0.07633131853692333,51,True,False,0.36927997179043204,1,True
356347,50,spoon,a photo of a spoon,0.10901650650604626,GE_MAP,all,GE_POS3_CASR,0.4782964782964783,0.94921875,0.6470914127423822,0.48819226750261235,0.9593429158110883,4785,2336,2448,False,0.07633131853692333,51,True,False,0.36927997179043204,1,True
207585,32,tie,a photo of a tie,0.04636678200692042,GE_MAP,all,GE_MAP,0.04636678200692042,0.7253667091836735,0.08862433862433862,0.04801146542457901,0.575107296137339,13955,670,11092,False,0.3678596008258775,88,False,False,0.0,-1,False
207585,32,tie,a photo of a tie,0.04636678200692042,GE_MAP,all,GE_POS3_SAM,0.06073260947380981,0.8431122448979592,0.11451068616422948,0.06588996763754046,0.4369098712446352,7725,509,7184,False,0.2580526103878674,88,False,False,0.014365827466889393,1,True
207585,32,tie,a photo of a tie,0.04636678200692042,GE_MAP,all,GE_POS3_SMART,0.031429461781596404,0.5663863201530612,0.06094350209331434,0.03208507544082894,0.6060085836909871,22004,706,21176,False,0.7319194487188064,88,False,True,-0.014937320225324013,0,True
207585,32,tie,a photo of a tie,0.04636678200692042,GE_MAP,all,GE_POS3_CASR,0.031429461781596404,0.5663863201530612,0.06094350209331434,0.03208507544082894,0.6060085836909871,22004,706,21176,False,0.7319194487188064,88,False,True,-0.014937320225324013,0,True
207585,88,teddy bear,a photo of a teddy bear,0.6598382921606852,GE_MAP,all,GE_MAP,0.6598382921606852,0.7878667091836735,0.7950633447572105,0.9313875857091303,0.6935505542492442,22168,20647,2,True,0.018330205560162353,32,True,False,0.0,-1,False
207585,88,teddy bear,a photo of a teddy bear,0.6598382921606852,GE_MAP,all,GE_POS3_SAM,0.03285001506881425,0.4243861607142857,0.0636104266632084,0.9134078212290503,0.03295263688276789,1074,981,0,True,0.00044682752457551384,32,True,False,-0.626988277091871,2,True
207585,88,teddy bear,a photo of a teddy bear,0.6598382921606852,GE_MAP,all,GE_POS3_SMART,0.4362876254180602,0.6640824298469388,0.6075212481080452,0.9901328273244782,0.43819281155525697,13175,13045,3,True,0.0368763557483731,32,True,False,-0.22355066674262503,0,True
207585,88,teddy bear,a photo of a teddy bear,0.6598382921606852,GE_MAP,all,GE_POS3_CASR,0.4362876254180602,0.6640824298469388,0.6075212481080452,0.9901328273244782,0.43819281155525697,13175,13045,3,True,0.0368763557483731,32,True,False,-0.22355066674262503,0,True
248752,39,baseball bat,a photo of a baseball bat,0.03756251358991085,GE_MAP,all,GE_MAP,0.03756251358991085,0.6471420599489796,0.07240530203803636,0.03759725773981174,0.9759887005649718,18379,691,10853,False,0.5780952870432235,1,False,True,0.0,-1,False
248752,39,baseball bat,a photo of a baseball bat,0.03756251358991085,GE_MAP,all,GE_POS3_SAM,0.3201803833145434,0.9759646045918368,0.4850555081127242,0.34761321909424725,0.8022598870056498,1634,568,987,False,0.10890459925331639,1,True,False,0.28261786972463254,2,True
248752,39,baseball bat,a photo of a baseball bat,0.03756251358991085,GE_MAP,all,GE_POS3_SMART,0.07530266343825666,0.8477758290816326,0.14005854537266382,0.07609493516026425,0.8785310734463276,8174,622,7206,False,0.5891472868217055,1,False,True,0.03774014984834581,0,True
248752,39,baseball bat,a photo of a baseball bat,0.03756251358991085,GE_MAP,all,GE_POS3_CASR,0.07530266343825666,0.8477758290816326,0.14005854537266382,0.07609493516026425,0.8785310734463276,8174,622,7206,False,0.5891472868217055,1,False,True,0.03774014984834581,0,True
248752,1,person,a photo of a person,0.32398903688031927,GE_MAP,all,GE_MAP,0.32398903688031927,0.7198062818877551,0.48941347376066824,0.44302715497402856,0.546649359078371,15209,6738,72,True,0.00766016713091922,39,True,False,0.0,-1,False
248752,1,person,a photo of a person,0.32398903688031927,GE_MAP,all,GE_POS3_SAM,0.804161758932077,0.9502949617346939,0.8914519498607242,0.9615962441314554,0.8308453675158202,10650,10241,0,True,0.0,-1,True,False,0.4801727220517577,0,True
248752,1,person,a photo of a person,0.32398903688031927,GE_MAP,all,GE_POS3_SMART,0.5651089841550712,0.8922393176020408,0.722133717046097,0.984999299032665,0.5700146032776245,7133,7026,0,True,0.0,-1,True,False,0.2411199472747519,1,True
248752,1,person,a photo of a person,0.32398903688031927,GE_MAP,all,GE_POS3_CASR,0.5651089841550712,0.8922393176020408,0.722133717046097,0.984999299032665,0.5700146032776245,7133,7026,0,True,0.0,-1,True,False,0.2411199472747519,1,True
227187,52,banana,a photo of a banana,0.09574049287457681,GE_MAP,all,GE_MAP,0.09574049287457681,0.7711057079081632,0.17475030538190703,0.09624821909134082,0.9477786438035853,12634,1216,799,True,0.06174710205318585,16,True,False,0.0,-1,False
227187,52,banana,a photo of a banana,0.09574049287457681,GE_MAP,all,GE_POS3_SAM,0.10079518590156888,0.9166135204081632,0.18313158922295977,0.12216723104975254,0.36554949337490256,3839,469,514,False,0.11326791808873721,16,False,False,0.005054693026992074,1,True
227187,52,banana,a photo of a banana,0.09574049287457681,GE_MAP,all,GE_POS3_SMART,0.263921568627451,0.9625916772959183,0.4176233322991002,0.34690721649484535,0.524551831644583,1940,673,502,True,0.1886860007160759,16,True,False,0.16818107575287417,2,True
227187,52,banana,a photo of a banana,0.09574049287457681,GE_MAP,all,GE_POS3_CASR,0.263921568627451,0.9625916772959183,0.4176233322991002,0.34690721649484535,0.524551831644583,1940,673,502,True,0.1886860007160759,16,True,False,0.16818107575287417,2,True
227187,16,bird,a photo of a bird,0.09282951502529009,GE_MAP,all,GE_MAP,0.09282951502529009,0.7569355867346939,0.1698883746256466,0.09375,0.9043478260869565,13312,1248,513,True,0.037460904179698606,52,True,False,0.0,-1,False
227187,16,bird,a photo of a bird,0.09282951502529009,GE_MAP,all,GE_POS3_SAM,0.672627235213205,0.9905133928571429,0.8042763157894737,0.9296577946768061,0.7086956521739131,1052,978,6,True,0.004301075268817204,52,True,False,0.5797977201879149,1,True
227187,16,bird,a photo of a bird,0.09282951502529009,GE_MAP,all,GE_POS3_SMART,0.672627235213205,0.9905133928571429,0.8042763157894737,0.9296577946768061,0.7086956521739131,1052,978,6,True,0.004301075268817204,52,True,False,0.5797977201879149,1,True
227187,16,bird,a photo of a bird,0.09282951502529009,GE_MAP,all,GE_POS3_CASR,0.672627235213205,0.9905133928571429,0.8042763157894737,0.9296577946768061,0.7086956521739131,1052,978,6,True,0.004301075268817204,52,True,False,0.5797977201879149,1,True
110042,64,potted plant,a photo of a potted plant,0.0941501380868692,GE_MAP,all,GE_MAP,0.0941501380868692,0.7123724489795918,0.1720972923359339,0.09463125354867201,0.9487666034155597,15851,1500,2449,False,0.1358202415972961,70,False,False,0.0,-1,False
110042,64,potted plant,a photo of a potted plant,0.0941501380868692,GE_MAP,all,GE_POS3_SAM,0.21006235218232638,0.9267777423469388,0.34719260838663824,0.24141339263652087,0.6179633143580012,4047,977,1927,False,0.4363677536231884,70,False,False,0.11591221409545718,1,True
110042,64,potted plant,a photo of a potted plant,0.0941501380868692,GE_MAP,all,GE_POS3_SMART,0.21006235218232638,0.9267777423469388,0.34719260838663824,0.24141339263652087,0.6179633143580012,4047,977,1927,False,0.4363677536231884,70,False,False,0.11591221409545718,1,True
110042,64,potted plant,a photo of a potted plant,0.0941501380868692,GE_MAP,all,GE_POS3_CASR,0.21006235218232638,0.9267777423469388,0.34719260838663824,0.24141339263652087,0.6179633143580012,4047,977,1927,False,0.4363677536231884,70,False,False,0.11591221409545718,1,True
110042,70,toilet,a photo of a toilet,0.31609439027836655,GE_MAP,all,GE_MAP,0.31609439027836655,0.9035395408163265,0.4803521580416577,0.31875178113422625,0.9743031358885017,7018,2237,360,True,0.04293511218920558,64,True,False,0.0,-1,False
110042,70,toilet,a photo of a toilet,0.31609439027836655,GE_MAP,all,GE_POS3_SAM,0.9586776859504132,0.9981066645408163,0.9789029535864979,0.9986406887177164,0.9599303135888502,2207,2204,0,True,0.0,-1,True,False,0.6425832956720468,1,True
110042,70,toilet,a photo of a toilet,0.31609439027836655,GE_MAP,all,GE_POS3_SMART,0.8826597131681877,0.9946189413265306,0.9376731301939059,0.9975442043222004,0.884581881533101,2036,2031,0,True,0.0,-1,True,False,0.5665653228898211,2,True
110042,70,toilet,a photo of a toilet,0.31609439027836655,GE_MAP,all,GE_POS3_CASR,0.8826597131681877,0.9946189413265306,0.9376731301939059,0.9975442043222004,0.884581881533101,2036,2031,0,True,0.0,-1,True,False,0.5665653228898211,2,True
304404,1,person,a photo of a person,0.14607903201102773,GE_MAP,all,GE_MAP,0.14607903201102773,0.5555444834183674,0.2549196485249407,0.22202176569865564,0.2992626294320678,17183,3815,331,True,0.013962992394142355,28,True,False,0.0,-1,False
304404,1,person,a photo of a person,0.14607903201102773,GE_MAP,all,GE_POS3_SAM,0.2222135922330097,0.800422512755102,0.3636248093543467,0.9574966532797858,0.22442736115469092,2988,2861,78,True,0.041916167664670656,39,True,False,0.07613456022198198,0,True
304404,1,person,a photo of a person,0.14607903201102773,GE_MAP,all,GE_POS3_SMART,0.2222135922330097,0.800422512755102,0.3636248093543467,0.9574966532797858,0.22442736115469092,2988,2861,78,True,0.041916167664670656,39,True,False,0.07613456022198198,0,True
304404,1,person,a photo of a person,0.14607903201102773,GE_MAP,all,GE_POS3_CASR,0.2222135922330097,0.800422512755102,0.3636248093543467,0.9574966532797858,0.22442736115469092,2988,2861,78,True,0.041916167664670656,39,True,False,0.07613456022198198,0,True
304404,28,umbrella,a photo of a umbrella,0.06741239358542862,GE_MAP,all,GE_MAP,0.06741239358542862,0.8122409119897959,0.12630993230084392,0.06741239358542862,1.0,10102,681,2824,False,0.137268564602827,1,False,False,0.0,-1,False
304404,28,umbrella,a photo of a umbrella,0.06741239358542862,GE_MAP,all,GE_POS3_SAM,0.5525876460767947,0.9893176020408163,0.7118279569892473,0.5614927905004241,0.9720998531571219,1179,662,41,True,0.0036754107812049584,1,True,False,0.48517525249136606,0,True
304404,28,umbrella,a photo of a umbrella,0.06741239358542862,GE_MAP,all,GE_POS3_SMART,0.5525876460767947,0.9893176020408163,0.7118279569892473,0.5614927905004241,0.9720998531571219,1179,662,41,True,0.0036754107812049584,1,True,False,0.48517525249136606,0,True
304404,28,umbrella,a photo of a umbrella,0.06741239358542862,GE_MAP,all,GE_POS3_CASR,0.5525876460767947,0.9893176020408163,0.7118279569892473,0.5614927905004241,0.9720998531571219,1179,662,41,True,0.0036754107812049584,1,True,False,0.48517525249136606,0,True
339823,1,person,a photo of a person,0.30137816756254293,GE_MAP,all,GE_MAP,0.30137816756254293,0.6554926658163265,0.46316770186335404,0.4411381921438713,0.48751307531380755,16904,7457,3436,True,0.1332365081791775,28,True,False,0.0,-1,False
339823,1,person,a photo of a person,0.30137816756254293,GE_MAP,all,GE_POS3_SAM,0.0022956182386869063,0.3070591517857143,0.004580720890950214,0.004074772067437477,0.005230125523012552,19633,80,26,True,0.0008036349024819955,28,True,False,-0.29908254932385603,2,True
339823,1,person,a photo of a person,0.30137816756254293,GE_MAP,all,GE_POS3_SMART,0.1345481717164413,0.2844188456632653,0.2371837090229238,0.1756837566487269,0.36493200836820083,31773,5582,12235,False,0.38232006458423895,28,False,False,-0.16682999584610164,0,True
339823,1,person,a photo of a person,0.30137816756254293,GE_MAP,all,GE_POS3_CASR,0.30137816756254293,0.6554926658163265,0.46316770186335404,0.4411381921438713,0.48751307531380755,16904,7457,3436,True,0.1332365081791775,28,True,False,0.0,0,False
339823,28,umbrella,a photo of a umbrella,0.6528770442156269,GE_MAP,all,GE_MAP,0.6528770442156269,0.8857820471938775,0.7899886401114002,0.7411813243484838,0.8456770751608348,14543,10779,1014,True,0.03928807774023893,1,True,False,0.0,-1,False
339823,28,umbrella,a photo of a umbrella,0.6528770442156269,GE_MAP,all,GE_POS3_SAM,0.9500233899890846,0.9872249681122449,0.9743712766382792,0.9934773746432939,0.9559861917464303,12265,12185,12,True,0.003093608967826467,1,True,False,0.2971463457734578,1,True
339823,28,umbrella,a photo of a umbrella,0.6528770442156269,GE_MAP,all,GE_POS3_SMART,0.9500233899890846,0.9872249681122449,0.9743712766382792,0.9934773746432939,0.9559861917464303,12265,12185,12,True,0.003093608967826467,1,True,False,0.2971463457734578,1,True
339823,28,umbrella,a photo of a umbrella,0.6528770442156269,GE_MAP,all,GE_POS3_CASR,0.9500233899890846,0.9872249681122449,0.9743712766382792,0.9934773746432939,0.9559861917464303,12265,12185,12,True,0.003093608967826467,1,True,False,0.2971463457734578,1,True
467176,1,person,a photo of a person,0.19472906638707524,GE_MAP,all,GE_MAP,0.19472906638707524,0.6632453762755102,0.32598029438749054,0.264380459398253,0.42500520074890785,15455,4086,2753,True,0.14238062882203967,84,True,False,0.0,-1,False
467176,1,person,a photo of a person,0.19472906638707524,GE_MAP,all,GE_POS3_SAM,6.75310642895732e-05,0.7048987563775511,0.00013505300830576002,0.00019249278152069297,0.00010401497815685458,5195,1,2787,False,0.5066788655077767,84,False,True,-0.19466153532278566,1,True
467176,1,person,a photo of a person,0.19472906638707524,GE_MAP,all,GE_POS3_SMART,0.0004210526315789474,0.6688058035714286,0.0008417508417508417,0.0009974351667141636,0.0007281048470979821,7018,7,3084,False,0.42510982003684283,84,False,False,-0.19430801375549628,0,True
467176,1,person,a photo of a person,0.19472906638707524,GE_MAP,all,GE_POS3_CASR,0.0004210526315789474,0.6688058035714286,0.0008417508417508417,0.0009974351667141636,0.0007281048470979821,7018,7,3084,False,0.42510982003684283,84,False,False,-0.19430801375549628,0,True
467176,84,book,a photo of a book,0.2205592105263158,GE_MAP,all,GE_MAP,0.2205592105263158,0.8111049107142857,0.3614068184880744,0.22723036516139963,0.8825271470878578,11803,2682,3453,False,0.16764802093555772,1,True,False,0.0,-1,False
467176,84,book,a photo of a book,0.2205592105263158,GE_MAP,all,GE_POS3_SAM,0.2061334176414796,0.9499561543367347,0.3418086500655308,0.8402061855670103,0.21454425797959856,776,652,0,True,0.0,-1,True,False,-0.014425792884836197,1,True
467176,84,book,a photo of a book,0.2205592105263158,GE_MAP,all,GE_POS3_SMART,0.529599699304642,0.9501155931122449,0.6924683622066593,0.5525490196078431,0.9272787101020072,5100,2818,50,True,0.00627327974906881,47,True,False,0.30904048877832624,0,True
467176,84,book,a photo of a book,0.2205592105263158,GE_MAP,all,GE_POS3_CASR,0.529599699304642,0.9501155931122449,0.6924683622066593,0.5525490196078431,0.9272787101020072,5100,2818,50,True,0.00627327974906881,47,True,False,0.30904048877832624,0,True
345027,8,truck,a photo of a truck,0.12044347387871661,GE_MAP,all,GE_MAP,0.12044347387871661,0.7912946428571429,0.21499250374812592,0.12119675456389452,0.9509283819628647,11832,1434,1723,False,0.07521974306964165,4,True,False,0.0,-1,False
345027,8,truck,a photo of a truck,0.12044347387871661,GE_MAP,all,GE_POS3_SAM,0.000721022120958671,0.30947066326530615,0.0014410052452590927,0.0007532389273877674,0.016578249336870028,33190,25,62,False,0.0017351243007149909,1,False,False,-0.11972245175775793,0,True
345027,8,truck,a photo of a truck,0.12044347387871661,GE_MAP,all,GE_POS3_SMART,0.25950026028110357,0.9432995854591837,0.41206860921678035,0.29930951666166317,0.6611405835543767,3331,997,774,True,0.17814533622559653,9,True,False,0.13905678640238694,1,True
345027,8,truck,a photo of a truck,0.12044347387871661,GE_MAP,all,GE_POS3_CASR,0.25950026028110357,0.9432995854591837,0.41206860921678035,0.29930951666166317,0.6611405835543767,3331,997,774,True,0.17814533622559653,9,True,False,0.13905678640238694,1,True
345027,4,motorcycle,a photo of a motorcycle,0.14160700079554495,GE_MAP,all,GE_MAP,0.14160700079554495,0.8924784757653061,0.2480836236933798,0.14160700079554495,1.0,6285,890,1999,False,0.19013439218081857,8,False,False,0.0,-1,False
345027,4,motorcycle,a photo of a motorcycle,0.14160700079554495,GE_MAP,all,GE_POS3_SAM,0.7281223449447749,0.9936224489795918,0.8426745329400197,0.7491258741258742,0.9629213483146067,1144,857,173,True,0.06978620411456232,8,True,False,0.5865153441492299,1,True
345027,4,motorcycle,a photo of a motorcycle,0.14160700079554495,GE_MAP,all,GE_POS3_SMART,0.7281223449447749,0.9936224489795918,0.8426745329400197,0.7491258741258742,0.9629213483146067,1144,857,173,True,0.06978620411456232,8,True,False,0.5865153441492299,1,True
345027,4,motorcycle,a photo of a motorcycle,0.14160700079554495,GE_MAP,all,GE_POS3_CASR,0.7281223449447749,0.9936224489795918,0.8426745329400197,0.7491258741258742,0.9629213483146067,1144,857,173,True,0.06978620411456232,8,True,False,0.5865153441492299,1,True
269942,3,car,a photo of a car,0.04444263893402665,GE_MAP,all,GE_MAP,0.04444263893402665,0.7656050701530612,0.08510307273434461,0.04444263893402665,1.0,12308,547,1040,False,0.08293460925039872,10,False,False,0.0,-1,False
269942,3,car,a photo of a car,0.04444263893402665,GE_MAP,all,GE_POS3_SAM,0.019924728802302415,0.9117705676020408,0.039070978945083566,0.022167487684729065,0.16453382084095064,4060,90,0,True,0.0,-1,True,False,-0.024517910131724233,0,True
269942,3,car,a photo of a car,0.04444263893402665,GE_MAP,all,GE_POS3_SMART,0.5935334872979214,0.9929846938775511,0.744927536231884,0.617046818727491,0.9396709323583181,833,514,0,True,0.0,-1,True,False,0.5490908483638948,1,True
269942,3,car,a photo of a car,0.04444263893402665,GE_MAP,all,GE_POS3_CASR,0.5935334872979214,0.9929846938775511,0.744927536231884,0.617046818727491,0.9396709323583181,833,514,0,True,0.0,-1,True,False,0.5490908483638948,1,True
269942,10,traffic light,a photo of a traffic light,0.07854928704277743,GE_MAP,all,GE_MAP,0.07854928704277743,0.7037826849489796,0.1456572972351555,0.07857364341085271,0.9960691823899371,16125,1267,415,True,0.025527465091960386,3,True,False,0.0,-1,False
269942,10,traffic light,a photo of a traffic light,0.07854928704277743,GE_MAP,all,GE_POS3_SAM,0.7507042253521127,0.9929448341836735,0.8576025744167337,0.8780889621087314,0.8380503144654088,1214,1066,0,True,0.0,-1,True,False,0.6721549383093353,1,True
269942,10,traffic light,a photo of a traffic light,0.07854928704277743,GE_MAP,all,GE_POS3_SMART,0.7507042253521127,0.9929448341836735,0.8576025744167337,0.8780889621087314,0.8380503144654088,1214,1066,0,True,0.0,-1,True,False,0.6721549383093353,1,True
269942,10,traffic light,a photo of a traffic light,0.07854928704277743,GE_MAP,all,GE_POS3_CASR,0.7507042253521127,0.9929448341836735,0.8576025744167337,0.8780889621087314,0.8380503144654088,1214,1066,0,True,0.0,-1,True,False,0.6721549383093353,1,True
125405,34,frisbee,a photo of a frisbee,0.0489706526500219,GE_MAP,all,GE_MAP,0.0489706526500219,0.7836415816326531,0.09336896609320194,0.0489706526500219,1.0,11415,559,5337,False,0.41158365976496925,18,False,False,0.0,-1,False
125405,34,frisbee,a photo of a frisbee,0.0489706526500219,GE_MAP,all,GE_POS3_SAM,0.06426922609646459,0.8465003188775511,0.12077625570776256,0.0645043287403975,0.9463327370304114,8201,529,7505,False,0.8994626063591581,18,False,True,0.015298573446442684,1,True
125405,34,frisbee,a photo of a frisbee,0.0489706526500219,GE_MAP,all,GE_POS3_SMART,0.06426922609646459,0.8465003188775511,0.12077625570776256,0.0645043287403975,0.9463327370304114,8201,529,7505,False,0.8994626063591581,18,False,True,0.015298573446442684,1,True
125405,34,frisbee,a photo of a frisbee,0.0489706526500219,GE_MAP,all,GE_POS3_CASR,0.06426922609646459,0.8465003188775511,0.12077625570776256,0.0645043287403975,0.9463327370304114,8201,529,7505,False,0.8994626063591581,18,False,True,0.015298573446442684,1,True
125405,18,dog,a photo of a dog,0.6731754726983566,GE_MAP,all,GE_MAP,0.6731754726983566,0.9262794961734694,0.8046681100491102,0.7490169091624066,0.8692527096406161,10172,7619,1,True,0.037312711454809085,34,True,False,0.0,-1,False
125405,18,dog,a photo of a dog,0.6731754726983566,GE_MAP,all,GE_POS3_SAM,0.9020572450805009,0.9825414540816326,0.9485069362802727,0.9782951376258033,0.9204791785510553,8247,8068,0,True,0.06365503080082136,34,True,False,0.22888177238214424,1,True
125405,18,dog,a photo of a dog,0.6731754726983566,GE_MAP,all,GE_POS3_SMART,0.9020572450805009,0.9825414540816326,0.9485069362802727,0.9782951376258033,0.9204791785510553,8247,8068,0,True,0.06365503080082136,34,True,False,0.22888177238214424,1,True
125405,18,dog,a photo of a dog,0.6731754726983566,GE_MAP,all,GE_POS3_CASR,0.9020572450805009,0.9825414540816326,0.9485069362802727,0.9782951376258033,0.9204791785510553,8247,8068,0,True,0.06365503080082136,34,True,False,0.22888177238214424,1,True
319721,1,person,a photo of a person,0.11689268229279494,GE_MAP,all,GE_MAP,0.11689268229279494,0.5937699298469388,0.20931766166259358,0.16873045653533458,0.2756154867708653,15990,2698,7569,False,0.3372243261305413,19,False,False,0.0,-1,False
319721,1,person,a photo of a person,0.11689268229279494,GE_MAP,all,GE_POS3_SAM,0.012528944756864042,0.524055325255102,0.02474782537673051,0.02061504966662131,0.030953110634385536,14698,303,31,True,0.0010804781987382803,19,True,False,-0.1043637375359309,0,True
319721,1,person,a photo of a person,0.11689268229279494,GE_MAP,all,GE_POS3_SMART,0.003574777308954524,0.6611328125,0.007124087591240876,0.00831515812431843,0.006231484319133722,7336,61,24,True,0.0011248593925759281,19,True,False,-0.11331790498384041,2,True
319721,1,person,a photo of a person,0.11689268229279494,GE_MAP,all,GE_POS3_CASR,0.11689268229279494,0.5937699298469388,0.20931766166259358,0.16873045653533458,0.2756154867708653,15990,2698,7569,False,0.3372243261305413,19,False,False,0.0,2,False
319721,19,horse,a photo of a horse,0.7265190098306289,GE_MAP,all,GE_MAP,0.7265190098306289,0.9079639668367347,0.8415997804760925,0.8108393919365499,0.8747860810039931,15130,12268,137,True,0.00552820595593576,1,True,False,0.0,-1,False
319721,19,horse,a photo of a horse,0.7265190098306289,GE_MAP,all,GE_POS3_SAM,0.38162015945330297,0.8268694196428571,0.5524241331341131,0.9955431754874652,0.3822732458642327,5385,5361,0,True,0.0,-1,True,False,-0.3448988503773259,1,True
319721,19,horse,a photo of a horse,0.7265190098306289,GE_MAP,all,GE_POS3_SMART,0.9017300056721498,0.9723772321428571,0.9483260010439192,0.9937490232848882,0.90687393040502,12798,12718,0,True,0.0,-1,True,False,0.1752109958415209,0,True
319721,19,horse,a photo of a horse,0.7265190098306289,GE_MAP,all,GE_POS3_CASR,0.9017300056721498,0.9723772321428571,0.9483260010439192,0.9937490232848882,0.90687393040502,12798,12718,0,True,0.0,-1,True,False,0.1752109958415209,0,True
147338,8,truck,a photo of a truck,0.4143617332319747,GE_MAP,all,GE_MAP,0.4143617332319747,0.8004025829081632,0.5859345929631621,0.4283900610603954,0.9267590897201151,16541,7086,7465,False,0.328125,11,True,False,0.0,-1,False
147338,8,truck,a photo of a truck,0.4143617332319747,GE_MAP,all,GE_POS3_SAM,0.8779665251061703,0.9805285395408163,0.935018290655138,0.951278928136419,0.9193042113523411,7389,7029,110,True,0.36237160317253936,3,True,False,0.4636047918741956,0,True
147338,8,truck,a photo of a truck,0.4143617332319747,GE_MAP,all,GE_POS3_SMART,0.8381636317004361,0.9748485331632653,0.9119575833682154,0.9772727272727273,0.8548260528380853,6688,6536,81,True,0.37336704593341763,3,True,False,0.42380189846846134,1,True
147338,8,truck,a photo of a truck,0.4143617332319747,GE_MAP,all,GE_POS3_CASR,0.8381636317004361,0.9748485331632653,0.9119575833682154,0.9772727272727273,0.8548260528380853,6688,6536,81,True,0.37336704593341763,3,True,False,0.42380189846846134,1,True
147338,3,car,a photo of a car,0.21769708864900228,GE_MAP,all,GE_MAP,0.21769708864900228,0.8093510841836735,0.35755540631296173,0.2255741038895009,0.8617675623179022,11801,2662,7532,False,0.5811854622327018,8,False,True,0.0,-1,False
147338,3,car,a photo of a car,0.21769708864900228,GE_MAP,all,GE_POS3_SAM,0.0,0.8508450255102041,0.0,0.0,0.0,4395,0,4301,False,0.5524755028365137,8,False,True,-0.21769708864900228,0,True
147338,3,car,a photo of a car,0.21769708864900228,GE_MAP,all,GE_POS3_SMART,0.0,0.8508450255102041,0.0,0.0,0.0,4395,0,4301,False,0.5524755028365137,8,False,True,-0.21769708864900228,0,True
147338,3,car,a photo of a car,0.21769708864900228,GE_MAP,all,GE_POS3_CASR,0.0,0.8508450255102041,0.0,0.0,0.0,4395,0,4301,False,0.5524755028365137,8,False,True,-0.21769708864900228,0,True
571804,70,toilet,a photo of a toilet,0.060709572238180264,GE_MAP,all,GE_MAP,0.060709572238180264,0.7588687818877551,0.11446973578277099,0.06635553669919389,0.4164004259850905,11785,782,4764,False,0.17544934640522875,81,False,False,0.0,-1,False
571804,70,toilet,a photo of a toilet,0.060709572238180264,GE_MAP,all,GE_POS3_SAM,0.0,0.8535754145408163,0.0,0.0,0.0,5469,0,5397,False,0.9720821325648416,81,False,True,-0.060709572238180264,1,True
571804,70,toilet,a photo of a toilet,0.060709572238180264,GE_MAP,all,GE_POS3_SMART,0.0,0.8535754145408163,0.0,0.0,0.0,5469,0,5397,False,0.9720821325648416,81,False,True,-0.060709572238180264,1,True
571804,70,toilet,a photo of a toilet,0.060709572238180264,GE_MAP,all,GE_POS3_CASR,0.0,0.8535754145408163,0.0,0.0,0.0,5469,0,5397,False,0.9720821325648416,81,False,True,-0.060709572238180264,1,True
571804,86,vase,a photo of a vase,0.04237120863214685,GE_MAP,all,GE_MAP,0.04237120863214685,0.7099210778061225,0.08129773401502241,0.04238515203369751,0.9922958397534669,15194,644,8401,False,0.23003010697585036,51,False,False,0.0,-1,False
571804,86,vase,a photo of a vase,0.04237120863214685,GE_MAP,all,GE_POS3_SAM,0.0416800772449308,0.7626355229591837,0.08002471805963232,0.04212409530779865,0.7981510015408321,12297,518,10212,False,0.38385489646582593,81,False,False,-0.0006911313872160485,0,True
571804,86,vase,a photo of a vase,0.04237120863214685,GE_MAP,all,GE_POS3_SMART,0.0416800772449308,0.7626355229591837,0.08002471805963232,0.04212409530779865,0.7981510015408321,12297,518,10212,False,0.38385489646582593,81,False,False,-0.0006911313872160485,0,True
571804,86,vase,a photo of a vase,0.04237120863214685,GE_MAP,all,GE_POS3_CASR,0.0416800772449308,0.7626355229591837,0.08002471805963232,0.04212409530779865,0.7981510015408321,12297,518,10212,False,0.38385489646582593,81,False,False,-0.0006911313872160485,0,True
151820,62,chair,a photo of a chair,0.35082458770614694,GE_MAP,all,GE_MAP,0.35082458770614694,0.7497409119897959,0.5194228634850167,0.37735639214813993,0.8330468941811933,17983,6786,4758,True,0.12311164500746241,1,True,False,0.0,-1,False
151820,62,chair,a photo of a chair,0.35082458770614694,GE_MAP,all,GE_POS3_SAM,0.4062723586930599,0.9007692920918368,0.5778003900619011,0.9341924869755964,0.41824208200343727,3647,3407,90,True,0.007933117715262098,1,True,False,0.05544777098691295,1,True
151820,62,chair,a photo of a chair,0.35082458770614694,GE_MAP,all,GE_POS3_SMART,0.4062723586930599,0.9007692920918368,0.5778003900619011,0.9341924869755964,0.41824208200343727,3647,3407,90,True,0.007933117715262098,1,True,False,0.05544777098691295,1,True
151820,62,chair,a photo of a chair,0.35082458770614694,GE_MAP,all,GE_POS3_CASR,0.4062723586930599,0.9007692920918368,0.5778003900619011,0.9341924869755964,0.41824208200343727,3647,3407,90,True,0.007933117715262098,1,True,False,0.05544777098691295,1,True
151820,1,person,a photo of a person,0.1616357569643827,GE_MAP,all,GE_MAP,0.1616357569643827,0.5693558673469388,0.2782899131596526,0.2440538957234915,0.3236985236985237,17070,4166,2293,True,0.07156212816590175,62,True,False,0.0,-1,False
151820,1,person,a photo of a person,0.1616357569643827,GE_MAP,all,GE_POS3_SAM,0.3268757687576876,0.8254942602040817,0.49269988412514487,0.9685649202733485,0.3303807303807304,4390,4252,4,True,0.006374789511667068,67,True,False,0.1652400117933049,0,True
151820,1,person,a photo of a person,0.1616357569643827,GE_MAP,all,GE_POS3_SMART,0.048858163740873074,0.7559590242346939,0.0931644819669703,0.9936808846761453,0.048873348873348876,633,629,0,True,0.0,-1,True,False,-0.11277759322350964,2,True
151820,1,person,a photo of a person,0.1616357569643827,GE_MAP,all,GE_POS3_CASR,0.048858163740873074,0.7559590242346939,0.0931644819669703,0.9936808846761453,0.048873348873348876,633,629,0,True,0.0,-1,True,False,-0.11277759322350964,2,True
112997,77,cell phone,a photo of a cell phone,0.4313258393508524,GE_MAP,all,GE_MAP,0.4313258393508524,0.6955117984693877,0.6026941280490976,0.6434203220433092,0.5668166699276072,18010,11588,883,True,0.03943981831945496,1,True,False,0.0,-1,False
112997,77,cell phone,a photo of a cell phone,0.4313258393508524,GE_MAP,all,GE_POS3_SAM,0.9741551665285024,0.9894371811224489,0.9869084082600533,0.9968562874251496,0.9771571121111329,20040,19977,17,True,0.002413242241936032,1,True,False,0.5428293271776501,0,True
112997,77,cell phone,a photo of a cell phone,0.4313258393508524,GE_MAP,all,GE_POS3_SMART,0.9741551665285024,0.9894371811224489,0.9869084082600533,0.9968562874251496,0.9771571121111329,20040,19977,17,True,0.002413242241936032,1,True,False,0.5428293271776501,0,True
112997,77,cell phone,a photo of a cell phone,0.4313258393508524,GE_MAP,all,GE_POS3_CASR,0.9741551665285024,0.9894371811224489,0.9869084082600533,0.9968562874251496,0.9771571121111329,20040,19977,17,True,0.002413242241936032,1,True,False,0.5428293271776501,0,True
112997,1,person,a photo of a person,0.1045398665261679,GE_MAP,all,GE_MAP,0.1045398665261679,0.5935307716836735,0.18929125094407123,0.1516077682266794,0.2519043588658485,15705,2381,10851,False,0.4363650812572019,77,False,False,0.0,-1,False
112997,1,person,a photo of a person,0.1045398665261679,GE_MAP,all,GE_POS3_SAM,0.00302927161334241,0.41623485331632654,0.006040245681903016,0.0044462207123944645,0.009415996614473128,20017,89,19894,False,0.9729373902867173,77,False,True,-0.10151059491282549,0,True
112997,1,person,a photo of a person,0.1045398665261679,GE_MAP,all,GE_POS3_SMART,0.0023150249659555154,0.5619618941326531,0.0046193560074272,0.004038324491250297,0.00539568345323741,12629,51,12551,False,0.6150502978806524,77,False,True,-0.10222484156021239,1,True
112997,1,person,a photo of a person,0.1045398665261679,GE_MAP,all,GE_POS3_CASR,0.0023150249659555154,0.5619618941326531,0.0046193560074272,0.004038324491250297,0.00539568345323741,12629,51,12551,False,0.6150502978806524,77,False,True,-0.10222484156021239,1,True
226903,2,bicycle,a photo of a bicycle,0.12050339681479007,GE_MAP,all,GE_MAP,0.12050339681479007,0.8426139987244898,0.21508796342311898,0.12050339681479007,1.0,8979,1082,1503,False,0.05532510629472156,67,True,False,0.0,-1,False
226903,2,bicycle,a photo of a bicycle,0.12050339681479007,GE_MAP,all,GE_POS3_SAM,0.39395807644882863,0.9804089604591837,0.5652366209641752,0.5419847328244275,0.5905730129390019,1179,639,0,True,0.0,-1,True,False,0.2734546796340386,2,True
226903,2,bicycle,a photo of a bicycle,0.12050339681479007,GE_MAP,all,GE_POS3_SMART,0.39395807644882863,0.9804089604591837,0.5652366209641752,0.5419847328244275,0.5905730129390019,1179,639,0,True,0.0,-1,True,False,0.2734546796340386,2,True
226903,2,bicycle,a photo of a bicycle,0.12050339681479007,GE_MAP,all,GE_POS3_CASR,0.39395807644882863,0.9804089604591837,0.5652366209641752,0.5419847328244275,0.5905730129390019,1179,639,0,True,0.0,-1,True,False,0.2734546796340386,2,True
226903,67,dining table,a photo of a dining table,0.5646079484425349,GE_MAP,all,GE_MAP,0.5646079484425349,0.8384287308673469,0.721724504857035,0.5919815304915818,0.9243010374538421,17759,10513,1954,True,0.22122033523261603,61,True,False,0.0,-1,False
226903,67,dining table,a photo of a dining table,0.5646079484425349,GE_MAP,all,GE_POS3_SAM,0.3338315456303851,0.848991549744898,0.500560279480588,1.0,0.3338315456303851,3797,3797,0,True,0.09666403992645127,54,True,False,-0.23077640281214984,1,True
226903,67,dining table,a photo of a dining table,0.5646079484425349,GE_MAP,all,GE_POS3_SMART,0.3338315456303851,0.848991549744898,0.500560279480588,1.0,0.3338315456303851,3797,3797,0,True,0.09666403992645127,54,True,False,-0.23077640281214984,1,True
226903,67,dining table,a photo of a dining table,0.5646079484425349,GE_MAP,all,GE_POS3_CASR,0.3338315456303851,0.848991549744898,0.500560279480588,1.0,0.3338315456303851,3797,3797,0,True,0.09666403992645127,54,True,False,-0.23077640281214984,1,True
139684,17,cat,a photo of a cat,0.07636626854867898,GE_MAP,all,GE_MAP,0.07636626854867898,0.5931122448979592,0.14189643577673167,0.07930840067656456,0.6730462519936204,21284,1688,3780,False,0.09445088620175585,63,False,False,0.0,-1,False
139684,17,cat,a photo of a cat,0.07636626854867898,GE_MAP,all,GE_POS3_SAM,0.7986509274873524,0.9881018813775511,0.8880555034689668,0.8382300884955752,0.9441786283891547,2825,2368,155,True,0.20820555325321177,63,True,False,0.7222846589386734,2,True
139684,17,cat,a photo of a cat,0.07636626854867898,GE_MAP,all,GE_POS3_SMART,0.7986509274873524,0.9881018813775511,0.8880555034689668,0.8382300884955752,0.9441786283891547,2825,2368,155,True,0.20820555325321177,63,True,False,0.7222846589386734,2,True
139684,17,cat,a photo of a cat,0.07636626854867898,GE_MAP,all,GE_POS3_CASR,0.7986509274873524,0.9881018813775511,0.8880555034689668,0.8382300884955752,0.9441786283891547,2825,2368,155,True,0.20820555325321177,63,True,False,0.7222846589386734,2,True
139684,63,couch,a photo of a couch,0.34716641003492693,GE_MAP,all,GE_MAP,0.34716641003492693,0.6535594706632653,0.515402414206462,0.3832663045731581,0.7865895166780122,24119,9244,6124,True,0.15879686856201072,62,True,False,0.0,-1,False
139684,63,couch,a photo of a couch,0.34716641003492693,GE_MAP,all,GE_POS3_SAM,0.0,0.7086854272959183,0.0,0.0,0.0,2865,0,2753,False,0.6686907942676706,62,False,True,-0.34716641003492693,1,True
139684,63,couch,a photo of a couch,0.34716641003492693,GE_MAP,all,GE_POS3_SMART,0.003329199033879496,0.6957110969387755,0.006636304489264801,0.014096185737976783,0.004339686861810755,3618,51,3432,False,0.8202005730659025,62,False,True,-0.3438372110010474,0,True
139684,63,couch,a photo of a couch,0.34716641003492693,GE_MAP,all,GE_POS3_CASR,0.003329199033879496,0.6957110969387755,0.006636304489264801,0.014096185737976783,0.004339686861810755,3618,51,3432,False,0.8202005730659025,62,False,True,-0.3438372110010474,0,True
192871,51,bowl,a photo of a bowl,0.30580300330872995,GE_MAP,all,GE_MAP,0.30580300330872995,0.5651307397959183,0.4683754020076016,0.7012987012987013,0.351598507571878,13706,9612,1874,True,0.21604773829186424,53,True,False,0.0,-1,False
192871,51,bowl,a photo of a bowl,0.30580300330872995,GE_MAP,all,GE_POS3_SAM,0.19533464137780684,0.5586336096938775,0.32682837862484043,0.9669064748201439,0.1966493525495647,5560,5376,60,True,0.05445402298850575,53,True,False,-0.1104683619309231,2,True
192871,51,bowl,a photo of a bowl,0.30580300330872995,GE_MAP,all,GE_POS3_SMART,0.8995164075993092,0.942024075255102,0.9471004346165737,0.9417061439988428,0.952556880532592,27653,26041,1544,True,0.48000953548562864,55,True,False,0.5937134042905792,0,True
192871,51,bowl,a photo of a bowl,0.30580300330872995,GE_MAP,all,GE_POS3_CASR,0.8995164075993092,0.942024075255102,0.9471004346165737,0.9417061439988428,0.952556880532592,27653,26041,1544,True,0.48000953548562864,55,True,False,0.5937134042905792,0,True
192871,53,apple,a photo of a apple,0.38224240526150954,GE_MAP,all,GE_MAP,0.38224240526150954,0.7641302614795918,0.5530757901891923,0.42175891263030585,0.8031366527747313,17363,7323,9980,False,0.4731413129448985,51,False,False,0.0,-1,False
192871,53,apple,a photo of a apple,0.38224240526150954,GE_MAP,all,GE_POS3_SAM,0.8908373520385796,0.9801498724489796,0.9422675631810804,0.9992623555446275,0.8914235577977627,8134,8128,6,True,0.21238635586848043,51,True,False,0.5085949467770701,1,True
192871,53,apple,a photo of a apple,0.38224240526150954,GE_MAP,all,GE_POS3_SMART,0.4378775674587193,0.7774633290816326,0.6090609901267419,0.4473359391071796,0.9539372669445054,19444,8698,10744,False,0.5305241117581627,51,False,True,0.055635162197209764,0,True
192871,53,apple,a photo of a apple,0.38224240526150954,GE_MAP,all,GE_POS3_CASR,0.4378775674587193,0.7774633290816326,0.6090609901267419,0.4473359391071796,0.9539372669445054,19444,8698,10744,False,0.5305241117581627,51,False,True,0.055635162197209764,0,True
176232,86,vase,a photo of a vase,0.14389277146135393,GE_MAP,all,GE_MAP,0.14389277146135393,0.6728515625,0.25158437058313954,0.14399039716089976,0.9953102453102453,19161,2759,0,True,0.0,-1,True,False,0.0,-1,False
176232,86,vase,a photo of a vase,0.14389277146135393,GE_MAP,all,GE_POS3_SAM,0.9256686349426885,0.995735012755102,0.9613997113997114,0.9613997113997114,0.9613997113997114,2772,2665,0,True,0.0,-1,True,False,0.7817758634813345,1,True
176232,86,vase,a photo of a vase,0.14389277146135393,GE_MAP,all,GE_POS3_SMART,0.24618874773139746,0.8344427614795918,0.39510667734653754,0.2475139129641456,0.9787157287157288,10961,2713,1,True,8.506294658046955e-05,84,True,False,0.10229597627004353,0,True
176232,86,vase,a photo of a vase,0.14389277146135393,GE_MAP,all,GE_POS3_CASR,0.24618874773139746,0.8344427614795918,0.39510667734653754,0.2475139129641456,0.9787157287157288,10961,2713,1,True,8.506294658046955e-05,84,True,False,0.10229597627004353,0,True
176232,84,book,a photo of a book,0.043176394011716204,GE_MAP,all,GE_MAP,0.043176394011716204,0.6484375,0.08277870216306156,0.043176394011716204,1.0,18436,796,364,True,0.017463058913836114,86,True,False,0.0,-1,False
176232,84,book,a photo of a book,0.043176394011716204,GE_MAP,all,GE_POS3_SAM,0.445460085313833,0.9818638392857143,0.6163575042158516,0.46383248730964466,0.9183417085427136,1576,731,0,True,0.0,-1,True,False,0.40228369130211683,1,True
176232,84,book,a photo of a book,0.043176394011716204,GE_MAP,all,GE_POS3_SMART,0.42536475869809204,0.9795918367346939,0.5968503937007874,0.43463302752293576,0.9522613065326633,1744,758,0,True,0.0,-1,True,False,0.38218836468637585,2,True
176232,84,book,a photo of a book,0.043176394011716204,GE_MAP,all,GE_POS3_CASR,0.42536475869809204,0.9795918367346939,0.5968503937007874,0.43463302752293576,0.9522613065326633,1744,758,0,True,0.0,-1,True,False,0.38218836468637585,2,True
248111,79,oven,a photo of a oven,0.06335625710727243,GE_MAP,all,GE_MAP,0.06335625710727243,0.6552734375,0.11916280490910017,0.06375674350171653,0.9097978227060654,18351,1170,4328,False,0.1988755805426546,82,False,False,0.0,-1,False
248111,79,oven,a photo of a oven,0.06335625710727243,GE_MAP,all,GE_POS3_SAM,0.0956179536268879,0.8305365114795918,0.17454616056693525,0.09972268441486412,0.6990668740279938,9015,899,3825,False,0.3366484773807428,82,False,False,0.03226169651961547,1,True
248111,79,oven,a photo of a oven,0.06335625710727243,GE_MAP,all,GE_POS3_SMART,0.0905039950829748,0.7640704719387755,0.16598562773002679,0.09126123334366285,0.9160186625194401,12908,1178,6164,False,0.4593850390087196,82,False,False,0.02714773797570237,0,True
248111,79,oven,a photo of a oven,0.06335625710727243,GE_MAP,all,GE_POS3_CASR,0.0905039950829748,0.7640704719387755,0.16598562773002679,0.09126123334366285,0.9160186625194401,12908,1178,6164,False,0.4593850390087196,82,False,False,0.02714773797570237,0,True
248111,82,refrigerator,a photo of a refrigerator,0.26856577439850016,GE_MAP,all,GE_MAP,0.26856577439850016,0.720085299744898,0.42341639640379325,0.28355418705668883,0.8355476344782891,18187,5157,1281,True,0.060678686202952234,79,True,False,0.0,-1,False
248111,82,refrigerator,a photo of a refrigerator,0.26856577439850016,GE_MAP,all,GE_POS3_SAM,0.7891415801235704,0.9680325255102041,0.8821454812637767,0.8070717934928744,0.9726182760855476,7438,6003,2,True,0.00022930520522815867,79,True,False,0.5205758057250702,1,True
248111,82,refrigerator,a photo of a refrigerator,0.26856577439850016,GE_MAP,all,GE_POS3_SMART,0.6809158583352132,0.9436184630102041,0.8101724485003019,0.6914442790058413,0.9781270252754375,8731,6037,11,True,0.0010993403957625424,79,True,False,0.412350083936713,0,True
248111,82,refrigerator,a photo of a refrigerator,0.26856577439850016,GE_MAP,all,GE_POS3_CASR,0.6809158583352132,0.9436184630102041,0.8101724485003019,0.6914442790058413,0.9781270252754375,8731,6037,11,True,0.0010993403957625424,79,True,False,0.412350083936713,0,True
276434,1,person,a photo of a person,0.28208772043149666,GE_MAP,all,GE_MAP,0.28208772043149666,0.7784996811224489,0.44004433696090284,0.31843371736911186,0.7119334854907076,13714,4367,5116,False,0.1594331809956139,67,True,False,0.0,-1,False
276434,1,person,a photo of a person,0.28208772043149666,GE_MAP,all,GE_POS3_SAM,0.38900022266755735,0.890625,0.5601154216094902,0.5509303058971933,0.5696119986957939,6342,3494,2420,True,0.08768229911352587,67,True,False,0.10691250223606069,2,True
276434,1,person,a photo of a person,0.28208772043149666,GE_MAP,all,GE_POS3_SMART,0.38900022266755735,0.890625,0.5601154216094902,0.5509303058971933,0.5696119986957939,6342,3494,2420,True,0.08768229911352587,67,True,False,0.10691250223606069,2,True
276434,1,person,a photo of a person,0.28208772043149666,GE_MAP,all,GE_POS3_CASR,0.38900022266755735,0.890625,0.5601154216094902,0.5509303058971933,0.5696119986957939,6342,3494,2420,True,0.08768229911352587,67,True,False,0.10691250223606069,2,True
276434,55,orange,a photo of a orange,0.10240607851414099,GE_MAP,all,GE_MAP,0.10240607851414099,0.7881058673469388,0.1857864910399755,0.10248394727948631,0.9926350245499181,11836,1213,9762,False,0.34454074516836025,61,False,False,0.0,-1,False
276434,55,orange,a photo of a orange,0.10240607851414099,GE_MAP,all,GE_POS3_SAM,0.8303777949113339,0.9956154336734694,0.9073294018534119,0.9348958333333334,0.881342062193126,1152,1077,75,True,0.0755787113368067,61,True,False,0.7279717163971929,1,True
276434,55,orange,a photo of a orange,0.10240607851414099,GE_MAP,all,GE_POS3_SMART,0.22992935131663456,0.9283123405612245,0.37389033942558747,0.23745301790846784,0.8788870703764321,4523,1074,3447,False,0.29661351956779547,61,False,False,0.12752327280249356,0,True
276434,55,orange,a photo of a orange,0.10240607851414099,GE_MAP,all,GE_POS3_CASR,0.22992935131663456,0.9283123405612245,0.37389033942558747,0.23745301790846784,0.8788870703764321,4523,1074,3447,False,0.29661351956779547,61,False,False,0.12752327280249356,0,True
322944,1,person,a photo of a person,0.3903489875053856,GE_MAP,all,GE_MAP,0.3903489875053856,0.6051897321428571,0.5615122404710258,0.6291666666666667,0.5069949636261891,20160,12684,183,True,0.012744103474511792,88,True,False,0.0,-1,False
322944,1,person,a photo of a person,0.3903489875053856,GE_MAP,all,GE_POS3_SAM,0.1519341432225064,0.5770487882653061,0.26378963435787134,0.9984243697478992,0.1519705811815493,3808,3802,0,True,0.0,-1,True,False,-0.2384148442828792,2,True
322944,1,person,a photo of a person,0.3903489875053856,GE_MAP,all,GE_POS3_SMART,0.1519341432225064,0.5770487882653061,0.26378963435787134,0.9984243697478992,0.1519705811815493,3808,3802,0,True,0.0,-1,True,False,-0.2384148442828792,2,True
322944,1,person,a photo of a person,0.3903489875053856,GE_MAP,all,GE_POS3_CASR,0.1519341432225064,0.5770487882653061,0.26378963435787134,0.9984243697478992,0.1519705811815493,3808,3802,0,True,0.0,-1,True,False,-0.2384148442828792,2,True
322944,88,teddy bear,a photo of a teddy bear,0.7495605138607166,GE_MAP,all,GE_MAP,0.7495605138607166,0.9261798469387755,0.8568557736899057,0.7867991483321505,0.9406075004242321,14090,11086,2350,True,0.11269809656585199,1,True,False,0.0,-1,False
322944,88,teddy bear,a photo of a teddy bear,0.7495605138607166,GE_MAP,all,GE_POS3_SAM,0.3390422347855005,0.8415577168367347,0.5063951322488514,0.9439814814814815,0.34600373324283046,4320,4078,58,True,0.007901607805414318,1,True,False,-0.41051827907521615,1,True
322944,88,teddy bear,a photo of a teddy bear,0.7495605138607166,GE_MAP,all,GE_POS3_SMART,0.3900169538303828,0.6916653380102041,0.5611686285633244,0.42149218117516724,0.8393008654335653,23469,9892,13241,False,0.4466390190052809,1,False,False,-0.35954356003033383,0,True
322944,88,teddy bear,a photo of a teddy bear,0.7495605138607166,GE_MAP,all,GE_POS3_CASR,0.3900169538303828,0.6916653380102041,0.5611686285633244,0.42149218117516724,0.8393008654335653,23469,9892,13241,False,0.4466390190052809,1,False,False,-0.35954356003033383,0,True
137294,79,oven,a photo of a oven,0.30878657119825503,GE_MAP,all,GE_MAP,0.30878657119825503,0.7094826211734694,0.47186696134198036,0.36111573226861865,0.6806020066889632,18033,6512,2303,True,0.09634673407812118,1,True,False,0.0,-1,False
137294,79,oven,a photo of a oven,0.30878657119825503,GE_MAP,all,GE_POS3_SAM,0.28544189150538657,0.8506257971938775,0.4441148112437885,0.7647509578544062,0.3129180602006689,3915,2994,815,True,0.0692397856664434,1,True,False,-0.023344679692868464,1,True
137294,79,oven,a photo of a oven,0.30878657119825503,GE_MAP,all,GE_POS3_SMART,0.4768507819120253,0.8646564094387755,0.645767043972667,0.6445902322190982,0.6469481605351171,9603,6190,3048,True,0.20434527304756311,1,True,False,0.16806421071377026,0,True
137294,79,oven,a photo of a oven,0.30878657119825503,GE_MAP,all,GE_POS3_CASR,0.4768507819120253,0.8646564094387755,0.645767043972667,0.6445902322190982,0.6469481605351171,9603,6190,3048,True,0.20434527304756311,1,True,False,0.16806421071377026,0,True
137294,1,person,a photo of a person,0.30213588570889716,GE_MAP,all,GE_MAP,0.30213588570889716,0.7050183354591837,0.4640619908027664,0.3415596183572304,0.7235772357723578,18761,6408,2598,True,0.10638547158758055,79,True,False,0.0,-1,False
137294,1,person,a photo of a person,0.30213588570889716,GE_MAP,all,GE_POS3_SAM,0.00903999213913727,0.7990074936224489,0.017918005648066997,0.06510969568294409,0.01038843721770551,1413,92,1277,False,0.1315952184666117,79,False,False,-0.2930958935697599,2,True
137294,1,person,a photo of a person,0.30213588570889716,GE_MAP,all,GE_POS3_SMART,0.00903999213913727,0.7990074936224489,0.017918005648066997,0.06510969568294409,0.01038843721770551,1413,92,1277,False,0.1315952184666117,79,False,False,-0.2930958935697599,2,True
137294,1,person,a photo of a person,0.30213588570889716,GE_MAP,all,GE_POS3_CASR,0.00903999213913727,0.7990074936224489,0.017918005648066997,0.06510969568294409,0.01038843721770551,1413,92,1277,False,0.1315952184666117,79,False,False,-0.2930958935697599,2,True
499266,77,cell phone,a photo of a cell phone,0.43762799938865965,GE_MAP,all,GE_MAP,0.43762799938865965,0.6333306760204082,0.6088195271304644,0.8363710713868443,0.47860533529451094,17118,14317,1820,True,0.08883155178768891,1,True,False,0.0,-1,False
499266,77,cell phone,a photo of a cell phone,0.43762799938865965,GE_MAP,all,GE_POS3_SAM,0.9853702528474565,0.9912707270408163,0.9926312247644684,0.9991532886269728,0.9861937554322391,29526,29501,23,True,0.001083303241576623,1,True,False,0.5477422534587968,0,True
499266,77,cell phone,a photo of a cell phone,0.43762799938865965,GE_MAP,all,GE_POS3_SMART,0.9853702528474565,0.9912707270408163,0.9926312247644684,0.9991532886269728,0.9861937554322391,29526,29501,23,True,0.001083303241576623,1,True,False,0.5477422534587968,0,True
499266,77,cell phone,a photo of a cell phone,0.43762799938865965,GE_MAP,all,GE_POS3_CASR,0.9853702528474565,0.9912707270408163,0.9926312247644684,0.9991532886269728,0.9861937554322391,29526,29501,23,True,0.001083303241576623,1,True,False,0.5477422534587968,0,True
499266,1,person,a photo of a person,0.24491060786650776,GE_MAP,all,GE_MAP,0.24491060786650776,0.6843510841836735,0.39345894607843135,0.2621185835289315,0.7886091495241019,19598,5137,12391,False,0.3376921622132764,77,False,False,0.0,-1,False
499266,1,person,a photo of a person,0.24491060786650776,GE_MAP,all,GE_POS3_SAM,0.06881002087682672,0.33328683035714285,0.12876005937963902,0.07753348179280495,0.3794903285231808,31883,2472,29408,False,0.9099675475197033,77,False,True,-0.17610058698968103,0,True
499266,1,person,a photo of a person,0.24491060786650776,GE_MAP,all,GE_POS3_SMART,0.06881002087682672,0.33328683035714285,0.12876005937963902,0.07753348179280495,0.3794903285231808,31883,2472,29408,False,0.9099675475197033,77,False,True,-0.17610058698968103,0,True
499266,1,person,a photo of a person,0.24491060786650776,GE_MAP,all,GE_POS3_CASR,0.06881002087682672,0.33328683035714285,0.12876005937963902,0.07753348179280495,0.3794903285231808,31883,2472,29408,False,0.9099675475197033,77,False,True,-0.17610058698968103,0,True
345356,67,dining table,a photo of a dining table,0.21166521576918293,GE_MAP,all,GE_MAP,0.21166521576918293,0.7473294005102041,0.3493790413630299,0.2120475923503395,0.9915525779201865,16053,3404,3998,False,0.139330699355013,1,True,False,0.0,-1,False
345356,67,dining table,a photo of a dining table,0.21166521576918293,GE_MAP,all,GE_POS3_SAM,0.16155938349954668,0.907844387755102,0.27817670933499844,0.29969727547931385,0.25953976114185845,2973,891,1786,False,0.09999467546988978,1,True,False,-0.05010583226963625,1,True
345356,67,dining table,a photo of a dining table,0.21166521576918293,GE_MAP,all,GE_POS3_SMART,0.16155938349954668,0.907844387755102,0.27817670933499844,0.29969727547931385,0.25953976114185845,2973,891,1786,False,0.09999467546988978,1,True,False,-0.05010583226963625,1,True
345356,67,dining table,a photo of a dining table,0.21166521576918293,GE_MAP,all,GE_POS3_CASR,0.16155938349954668,0.907844387755102,0.27817670933499844,0.29969727547931385,0.25953976114185845,2973,891,1786,False,0.09999467546988978,1,True,False,-0.05010583226963625,1,True
345356,1,person,a photo of a person,0.19646865180308246,GE_MAP,all,GE_MAP,0.19646865180308246,0.571906887755102,0.3284142071035518,0.3673241012729053,0.2969580459120208,14298,5252,342,True,0.03566932438103231,77,True,False,0.0,-1,False
345356,1,person,a photo of a person,0.19646865180308246,GE_MAP,all,GE_POS3_SAM,0.3385711055844449,0.7667809311224489,0.5058694367029811,0.9989993328885924,0.33868596630102904,5996,5990,0,True,0.0006367398917542184,67,True,False,0.14210245378136246,1,True
345356,1,person,a photo of a person,0.19646865180308246,GE_MAP,all,GE_POS3_SMART,0.3385711055844449,0.7667809311224489,0.5058694367029811,0.9989993328885924,0.33868596630102904,5996,5990,0,True,0.0006367398917542184,67,True,False,0.14210245378136246,1,True
345356,1,person,a photo of a person,0.19646865180308246,GE_MAP,all,GE_POS3_CASR,0.19646865180308246,0.571906887755102,0.3284142071035518,0.3673241012729053,0.2969580459120208,14298,5252,342,True,0.03566932438103231,77,True,False,0.0,1,False
278848,6,bus,a photo of a bus,0.4082910504156321,GE_MAP,all,GE_MAP,0.4082910504156321,0.7815290178571429,0.5798390187811422,0.49613013249376886,0.6975285872371818,15246,7564,456,True,0.027357998957790515,3,True,False,0.0,-1,False
278848,6,bus,a photo of a bus,0.4082910504156321,GE_MAP,all,GE_POS3_SAM,0.49743052912067,0.7895009566326531,0.6643787734350175,0.5068360321923786,0.9640354112873478,20626,10454,238,True,0.009427235997781827,28,True,False,0.08913947870503791,0,True
278848,6,bus,a photo of a bus,0.4082910504156321,GE_MAP,all,GE_POS3_SMART,0.49743052912067,0.7895009566326531,0.6643787734350175,0.5068360321923786,0.9640354112873478,20626,10454,238,True,0.009427235997781827,28,True,False,0.08913947870503791,0,True
278848,6,bus,a photo of a bus,0.4082910504156321,GE_MAP,all,GE_POS3_CASR,0.49743052912067,0.7895009566326531,0.6643787734350175,0.5068360321923786,0.9640354112873478,20626,10454,238,True,0.009427235997781827,28,True,False,0.08913947870503791,0,True
278848,28,umbrella,a photo of a umbrella,0.42243308566824816,GE_MAP,all,GE_MAP,0.42243308566824816,0.8714126275510204,0.5939584644430459,0.4277556200145033,0.9713874022231371,11032,4719,1990,True,0.08536368486573004,1,True,False,0.0,-1,False
278848,28,umbrella,a photo of a umbrella,0.42243308566824816,GE_MAP,all,GE_POS3_SAM,0.7685817597428686,0.9770408163265306,0.8691503861880964,0.9695894576786619,0.7875668999588308,3946,3826,35,True,0.003128351805505899,1,True,False,0.3461486740746204,2,True
278848,28,umbrella,a photo of a umbrella,0.42243308566824816,GE_MAP,all,GE_POS3_SMART,0.9177592371871275,0.9917490433673469,0.9571162212554382,0.963302752293578,0.9510086455331412,4796,4620,55,True,0.004242222591914823,1,True,False,0.4953261515188793,1,True
278848,28,umbrella,a photo of a umbrella,0.42243308566824816,GE_MAP,all,GE_POS3_CASR,0.9177592371871275,0.9917490433673469,0.9571162212554382,0.963302752293578,0.9510086455331412,4796,4620,55,True,0.004242222591914823,1,True,False,0.4953261515188793,1,True
321333,1,person,a photo of a person,0.16649357748018584,GE_MAP,all,GE_MAP,0.16649357748018584,0.39217952806122447,0.2854599128438218,0.46980797408806974,0.2050143025408043,12967,6092,3761,True,0.25753569539925963,88,False,False,0.0,-1,False
321333,1,person,a photo of a person,0.16649357748018584,GE_MAP,all,GE_POS3_SAM,0.0,0.3843470982142857,0.0,0.0,0.0,1176,0,0,False,0.0,-1,False,False,-0.16649357748018584,1,True
321333,1,person,a photo of a person,0.16649357748018584,GE_MAP,all,GE_POS3_SMART,0.0,0.38699776785714285,0.0,0.0,0.0,1043,0,0,False,0.0,-1,False,False,-0.16649357748018584,2,True
321333,1,person,a photo of a person,0.16649357748018584,GE_MAP,all,GE_POS3_CASR,0.0,0.38699776785714285,0.0,0.0,0.0,1043,0,0,False,0.0,-1,False,False,-0.16649357748018584,2,True
321333,88,teddy bear,a photo of a teddy bear,0.6498257839721254,GE_MAP,all,GE_MAP,0.6498257839721254,0.9399115114795918,0.7877507919746568,0.6866715758468336,0.9237246161466073,8148,5595,2081,True,0.06794719918767982,1,True,False,0.0,-1,False
321333,88,teddy bear,a photo of a teddy bear,0.6498257839721254,GE_MAP,all,GE_POS3_SAM,0.8455047062641999,0.9810267857142857,0.9162856137882518,0.980244590780809,0.86016179626878,5315,5210,64,True,0.008202619081882285,1,True,False,0.1956789222920745,2,True
321333,88,teddy bear,a photo of a teddy bear,0.6498257839721254,GE_MAP,all,GE_POS3_SMART,0.8669555448563634,0.9834781568877551,0.9287372131006619,0.9687948350071736,0.8918606570909692,5576,5402,111,True,0.010421736765253242,1,True,False,0.21712976088423797,1,True
321333,88,teddy bear,a photo of a teddy bear,0.6498257839721254,GE_MAP,all,GE_POS3_CASR,0.8669555448563634,0.9834781568877551,0.9287372131006619,0.9687948350071736,0.8918606570909692,5576,5402,111,True,0.010421736765253242,1,True,False,0.21712976088423797,1,True
117908,44,bottle,a photo of a bottle,0.16534418446931162,GE_MAP,all,GE_MAP,0.16534418446931162,0.7547233737244898,0.2837688412966304,0.16534418446931162,1.0,14745,2438,10565,False,0.33649880821762324,82,False,False,0.0,-1,False
117908,44,bottle,a photo of a bottle,0.16534418446931162,GE_MAP,all,GE_POS3_SAM,0.48357870894677235,0.9727359693877551,0.6519083969465649,0.8585790884718498,0.5254306808859721,1492,1281,137,True,0.06689868522815158,82,True,False,0.3182345244774607,1,True
117908,44,bottle,a photo of a bottle,0.16534418446931162,GE_MAP,all,GE_POS3_SMART,0.5646677471636953,0.9732342155612245,0.721773358193495,0.7291753871912934,0.7145200984413453,2389,1742,591,True,0.11090152834203908,82,True,False,0.3993235626943836,0,True
117908,44,bottle,a photo of a bottle,0.16534418446931162,GE_MAP,all,GE_POS3_CASR,0.5646677471636953,0.9732342155612245,0.721773358193495,0.7291753871912934,0.7145200984413453,2389,1742,591,True,0.11090152834203908,82,True,False,0.3993235626943836,0,True
117908,1,person,a photo of a person,0.26189162344112127,GE_MAP,all,GE_MAP,0.26189162344112127,0.6001275510204082,0.4150778380269372,0.373230575652721,0.46749408983451535,19074,7119,8369,False,0.2400012508208512,82,True,False,0.0,-1,False
117908,1,person,a photo of a person,0.26189162344112127,GE_MAP,all,GE_POS3_SAM,0.10839296074260298,0.632453762755102,0.19558579778417517,0.29124447908547674,0.1472287890727607,7698,2242,31,True,0.0035488679111363476,82,True,False,-0.1534986626985183,2,True
117908,1,person,a photo of a person,0.26189162344112127,GE_MAP,all,GE_POS3_SMART,0.10839296074260298,0.632453762755102,0.19558579778417517,0.29124447908547674,0.1472287890727607,7698,2242,31,True,0.0035488679111363476,82,True,False,-0.1534986626985183,2,True
117908,1,person,a photo of a person,0.26189162344112127,GE_MAP,all,GE_POS3_CASR,0.10839296074260298,0.632453762755102,0.19558579778417517,0.29124447908547674,0.1472287890727607,7698,2242,31,True,0.0035488679111363476,82,True,False,-0.1534986626985183,2,True
101762,2,bicycle,a photo of a bicycle,0.6348799663063316,GE_MAP,all,GE_MAP,0.6348799663063316,0.7926698022959183,0.7766685987849123,0.9217324840764332,0.6710565365781274,19625,18089,450,True,0.02822301261028223,17,True,False,0.0,-1,False
101762,2,bicycle,a photo of a bicycle,0.6348799663063316,GE_MAP,all,GE_POS3_SAM,0.8825266733119208,0.9365832270408163,0.9375980545967995,0.9945498419038109,0.8868155512687342,24036,23905,22,True,0.021212237240111804,17,True,False,0.24764670700558922,1,True
101762,2,bicycle,a photo of a bicycle,0.6348799663063316,GE_MAP,all,GE_POS3_SMART,0.9562035783542497,0.9761439732142857,0.9776115215561583,0.985853860952884,0.9695058614037692,26509,26134,25,True,0.020877119237774976,17,True,False,0.32132361204791815,0,True
101762,2,bicycle,a photo of a bicycle,0.6348799663063316,GE_MAP,all,GE_POS3_CASR,0.9562035783542497,0.9761439732142857,0.9776115215561583,0.985853860952884,0.9695058614037692,26509,26134,25,True,0.020877119237774976,17,True,False,0.32132361204791815,0,True
101762,17,cat,a photo of a cat,0.4321548821548822,GE_MAP,all,GE_MAP,0.4321548821548822,0.9327766262755102,0.6035029975314447,0.4371594005449591,0.9741935483870968,5872,2567,1217,True,0.05583429821175865,2,True,False,0.0,-1,False
101762,17,cat,a photo of a cat,0.4321548821548822,GE_MAP,all,GE_POS3_SAM,0.7181751287711553,0.984733737244898,0.8359743040685225,0.9592137592137592,0.7407969639468691,2035,1952,62,True,0.014664706705865883,2,True,False,0.2860202466162731,1,True
101762,17,cat,a photo of a cat,0.4321548821548822,GE_MAP,all,GE_POS3_SMART,0.7181751287711553,0.984733737244898,0.8359743040685225,0.9592137592137592,0.7407969639468691,2035,1952,62,True,0.014664706705865883,2,True,False,0.2860202466162731,1,True
101762,17,cat,a photo of a cat,0.4321548821548822,GE_MAP,all,GE_POS3_CASR,0.7181751287711553,0.984733737244898,0.8359743040685225,0.9592137592137592,0.7407969639468691,2035,1952,62,True,0.014664706705865883,2,True,False,0.2860202466162731,1,True
82812,27,backpack,a photo of a backpack,0.06995318094188929,GE_MAP,all,GE_MAP,0.06995318094188929,0.7307876275510204,0.13075933075933077,0.0700158500447936,0.9873663751214772,14511,1016,4671,False,0.23602214068039057,1,False,False,0.0,-1,False
82812,27,backpack,a photo of a backpack,0.06995318094188929,GE_MAP,all,GE_POS3_SAM,0.18741007194244605,0.9549784757653061,0.3156619206301121,0.22931338028169015,0.5063168124392614,2272,521,1559,False,0.4271708683473389,33,False,False,0.11745689100055676,1,True
82812,27,backpack,a photo of a backpack,0.06995318094188929,GE_MAP,all,GE_POS3_SMART,0.18741007194244605,0.9549784757653061,0.3156619206301121,0.22931338028169015,0.5063168124392614,2272,521,1559,False,0.4271708683473389,33,False,False,0.11745689100055676,1,True
82812,27,backpack,a photo of a backpack,0.06995318094188929,GE_MAP,all,GE_POS3_CASR,0.18741007194244605,0.9549784757653061,0.3156619206301121,0.22931338028169015,0.5063168124392614,2272,521,1559,False,0.4271708683473389,33,False,False,0.11745689100055676,1,True
82812,7,train,a photo of a train,0.303739506486899,GE_MAP,all,GE_MAP,0.303739506486899,0.7818080357142857,0.46595121951219515,0.3158521261821308,0.8878973786949247,15121,4776,1157,True,0.03504158512720157,33,True,False,0.0,-1,False
82812,7,train,a photo of a train,0.303739506486899,GE_MAP,all,GE_POS3_SAM,0.8649616368286445,0.9842155612244898,0.927591881513988,0.9125742039935241,0.9431121026213051,5559,5073,0,True,0.0,-1,True,False,0.5612221303417455,1,True
82812,7,train,a photo of a train,0.303739506486899,GE_MAP,all,GE_POS3_SMART,0.8649616368286445,0.9842155612244898,0.927591881513988,0.9125742039935241,0.9431121026213051,5559,5073,0,True,0.0,-1,True,False,0.5612221303417455,1,True
82812,7,train,a photo of a train,0.303739506486899,GE_MAP,all,GE_POS3_CASR,0.8649616368286445,0.9842155612244898,0.927591881513988,0.9125742039935241,0.9431121026213051,5559,5073,0,True,0.0,-1,True,False,0.5612221303417455,1,True
54592,35,skis,a photo of a skis,0.12474727052163365,GE_MAP,all,GE_MAP,0.12474727052163365,0.7411710778061225,0.22182275750494337,0.12568751273171724,0.9434250764525994,14727,1851,2967,False,0.07546588106330501,1,True,False,0.0,-1,False
54592,35,skis,a photo of a skis,0.12474727052163365,GE_MAP,all,GE_POS3_SAM,0.6755056179775281,0.9856106505102041,0.8063304721030042,0.8510758776896942,0.7660550458715596,1766,1503,85,True,0.005728626766326586,1,True,False,0.5507583474558944,2,True
54592,35,skis,a photo of a skis,0.12474727052163365,GE_MAP,all,GE_POS3_SMART,0.7005197920831667,0.9850725446428571,0.823889019515636,0.7647315582714972,0.8929663608562691,2291,1752,146,True,0.008833076145373278,1,True,False,0.575772521561533,1,True
54592,35,skis,a photo of a skis,0.12474727052163365,GE_MAP,all,GE_POS3_CASR,0.7005197920831667,0.9850725446428571,0.823889019515636,0.7647315582714972,0.8929663608562691,2291,1752,146,True,0.008833076145373278,1,True,False,0.575772521561533,1,True
54592,1,person,a photo of a person,0.2191080557024502,GE_MAP,all,GE_MAP,0.2191080557024502,0.5585538903061225,0.35945633314054365,0.3469740955783832,0.3728701703863691,17912,6215,1010,True,0.03683646112600536,27,True,False,0.0,-1,False
54592,1,person,a photo of a person,0.2191080557024502,GE_MAP,all,GE_POS3_SAM,0.37094227057378487,0.7856544961734694,0.5411493664405478,0.9366415595923793,0.3804895608351332,6771,6342,394,True,0.04900900900900901,35,True,False,0.15183421487133467,1,True
54592,1,person,a photo of a person,0.2191080557024502,GE_MAP,all,GE_POS3_SMART,0.37094227057378487,0.7856544961734694,0.5411493664405478,0.9366415595923793,0.3804895608351332,6771,6342,394,True,0.04900900900900901,35,True,False,0.15183421487133467,1,True
54592,1,person,a photo of a person,0.2191080557024502,GE_MAP,all,GE_POS3_CASR,0.37094227057378487,0.7856544961734694,0.5411493664405478,0.9366415595923793,0.3804895608351332,6771,6342,394,True,0.04900900900900901,35,True,False,0.15183421487133467,1,True
27696,1,person,a photo of a person,0.0,GE_MAP,all,GE_MAP,0.0,0.5631576849489796,0.0,0.0,0.0,19658,0,17607,False,0.45801867002307534,59,False,False,0.0,-1,False
27696,1,person,a photo of a person,0.0,GE_MAP,all,GE_POS3_SAM,0.0,0.23483338647959184,0.0,0.0,0.0,36132,0,36022,False,0.9682951473278899,59,False,True,0.0,0,True
27696,1,person,a photo of a person,0.0,GE_MAP,all,GE_POS3_SMART,0.0,0.23483338647959184,0.0,0.0,0.0,36132,0,36022,False,0.9682951473278899,59,False,True,0.0,0,True
27696,1,person,a photo of a person,0.0,GE_MAP,all,GE_POS3_CASR,0.0,0.23483338647959184,0.0,0.0,0.0,36132,0,36022,False,0.9682951473278899,59,False,True,0.0,0,True
27696,49,knife,a photo of a knife,0.03559212809200416,GE_MAP,all,GE_MAP,0.03559212809200416,0.6122648278061225,0.06873773395241971,0.03633787134976466,0.6342756183745583,19759,718,18202,False,0.4579527311749156,59,False,False,0.0,-1,False
27696,49,knife,a photo of a knife,0.03559212809200416,GE_MAP,all,GE_POS3_SAM,0.1821505376344086,0.9242067920918368,0.3081680916863744,0.19404352806414663,0.7482332155477032,4365,847,3353,False,0.09043200692509536,59,True,False,0.14655840954240446,1,True
27696,49,knife,a photo of a knife,0.03559212809200416,GE_MAP,all,GE_POS3_SMART,0.04162473698655201,0.5824298469387755,0.07992271210258212,0.04205175600739371,0.803886925795053,21640,910,20462,False,0.5467780493701146,59,False,True,0.006032608894547847,0,True
27696,49,knife,a photo of a knife,0.03559212809200416,GE_MAP,all,GE_POS3_CASR,0.04162473698655201,0.5824298469387755,0.07992271210258212,0.04205175600739371,0.803886925795053,21640,910,20462,False,0.5467780493701146,59,False,True,0.006032608894547847,0,True
20553,88,teddy bear,a photo of a teddy bear,0.2696170400618033,GE_MAP,all,GE_MAP,0.2696170400618033,0.8681042729591837,0.4247218358831711,0.2712033747779751,0.9787660256410257,9008,2443,1393,True,0.10325599920342528,62,True,False,0.0,-1,False
20553,88,teddy bear,a photo of a teddy bear,0.2696170400618033,GE_MAP,all,GE_POS3_SAM,0.0009896790612187191,0.8591757015306123,0.0019774011299435027,0.0015270506108202443,0.0028044871794871795,4584,7,0,True,0.0,-1,True,False,-0.2686273610005846,2,True
20553,88,teddy bear,a photo of a teddy bear,0.2696170400618033,GE_MAP,all,GE_POS3_SMART,0.49466192170818507,0.9688695790816326,0.6619047619047619,0.7198681732580038,0.6125801282051282,2124,1529,0,True,0.0,-1,True,False,0.22504488164638176,1,True
20553,88,teddy bear,a photo of a teddy bear,0.2696170400618033,GE_MAP,all,GE_POS3_CASR,0.49466192170818507,0.9688695790816326,0.6619047619047619,0.7198681732580038,0.6125801282051282,2124,1529,0,True,0.0,-1,True,False,0.22504488164638176,1,True
20553,44,bottle,a photo of a bottle,0.049976247030878856,GE_MAP,all,GE_MAP,0.049976247030878856,0.8007214604591837,0.09519500497692517,0.049976247030878856,1.0,10525,526,3176,False,0.08454106280193237,88,False,False,0.0,-1,False
20553,44,bottle,a photo of a bottle,0.049976247030878856,GE_MAP,all,GE_POS3_SAM,0.25147347740667975,0.9696269132653061,0.40188383045525905,0.2532146389713155,0.973384030418251,2022,512,579,False,0.08551835417507059,67,True,False,0.2014972303758009,1,True
20553,44,bottle,a photo of a bottle,0.049976247030878856,GE_MAP,all,GE_POS3_SMART,0.25147347740667975,0.9696269132653061,0.40188383045525905,0.2532146389713155,0.973384030418251,2022,512,579,False,0.08551835417507059,67,True,False,0.2014972303758009,1,True
20553,44,bottle,a photo of a bottle,0.049976247030878856,GE_MAP,all,GE_POS3_CASR,0.25147347740667975,0.9696269132653061,0.40188383045525905,0.2532146389713155,0.973384030418251,2022,512,579,False,0.08551835417507059,67,True,False,0.2014972303758009,1,True
15956,19,horse,a photo of a horse,0.4400579500181094,GE_MAP,all,GE_MAP,0.4400579500181094,0.9075653698979592,0.6111670020120724,0.46034352109118465,0.9089775561097256,7918,3645,189,True,0.012422360248447204,1,True,False,0.0,-1,False
15956,19,horse,a photo of a horse,0.4400579500181094,GE_MAP,all,GE_POS3_SAM,0.7880195599022005,0.9827208227040817,0.8814440038287981,0.9757795943082047,0.8037406483790523,3303,3223,0,True,0.0,-1,True,False,0.34796160988409114,1,True
15956,19,horse,a photo of a horse,0.4400579500181094,GE_MAP,all,GE_POS3_SMART,0.7880195599022005,0.9827208227040817,0.8814440038287981,0.9757795943082047,0.8037406483790523,3303,3223,0,True,0.0,-1,True,False,0.34796160988409114,1,True
15956,19,horse,a photo of a horse,0.4400579500181094,GE_MAP,all,GE_POS3_CASR,0.7880195599022005,0.9827208227040817,0.8814440038287981,0.9757795943082047,0.8037406483790523,3303,3223,0,True,0.0,-1,True,False,0.34796160988409114,1,True
15956,1,person,a photo of a person,0.04452506596306069,GE_MAP,all,GE_MAP,0.04452506596306069,0.7690529336734694,0.08525418377012946,0.048508803449514915,0.3515625,11132,540,3309,False,0.27136859781696054,19,False,False,0.0,-1,False
15956,1,person,a photo of a person,0.04452506596306069,GE_MAP,all,GE_POS3_SAM,0.0,0.8972616390306123,0.0,0.0,0.0,3619,0,3508,False,0.8512496966755642,19,False,True,-0.04452506596306069,0,True
15956,1,person,a photo of a person,0.04452506596306069,GE_MAP,all,GE_POS3_SMART,0.0,0.9028619260204082,0.0,0.0,0.0,3338,0,3228,False,0.7834951456310679,19,False,True,-0.04452506596306069,1,True
15956,1,person,a photo of a person,0.04452506596306069,GE_MAP,all,GE_POS3_CASR,0.0,0.9028619260204082,0.0,0.0,0.0,3338,0,3228,False,0.7834951456310679,19,False,True,-0.04452506596306069,1,True
20333,32,tie,a photo of a tie,0.1981530930129061,GE_MAP,all,GE_MAP,0.1981530930129061,0.8563655931122449,0.3307642306620856,0.19984290843806105,0.959073774905762,8912,1781,6583,False,0.35487986391664894,1,False,False,0.0,-1,False
20333,32,tie,a photo of a tie,0.1981530930129061,GE_MAP,all,GE_POS3_SAM,0.8106479156202913,0.9924864477040817,0.8954230235783633,0.9233409610983981,0.8691437802907916,1748,1614,131,True,0.0751882972702338,1,True,False,0.6124948226073852,1,True
20333,32,tie,a photo of a tie,0.1981530930129061,GE_MAP,all,GE_POS3_SMART,0.11723108862073439,0.7288145727040817,0.2098600545845189,0.11761260088518614,0.9730748519116855,15364,1807,13470,False,0.6619095128616665,1,False,True,-0.0809220043921717,0,True
20333,32,tie,a photo of a tie,0.1981530930129061,GE_MAP,all,GE_POS3_CASR,0.11723108862073439,0.7288145727040817,0.2098600545845189,0.11761260088518614,0.9730748519116855,15364,1807,13470,False,0.6619095128616665,1,False,True,-0.0809220043921717,0,True
20333,1,person,a photo of a person,0.4688672957519206,GE_MAP,all,GE_MAP,0.4688672957519206,0.6982421875,0.6384066104649775,0.7062615587846763,0.5824472720934286,18925,13366,101,True,0.013607764717358436,32,True,False,0.0,-1,False
20333,1,person,a photo of a person,0.4688672957519206,GE_MAP,all,GE_POS3_SAM,0.9285118799499792,0.9658203125,0.9629309413163298,0.955311575245529,0.9706728255185637,23317,22275,28,True,0.07710080438131096,32,True,False,0.4596445841980586,0,True
20333,1,person,a photo of a person,0.4688672957519206,GE_MAP,all,GE_POS3_SMART,0.9285118799499792,0.9658203125,0.9629309413163298,0.955311575245529,0.9706728255185637,23317,22275,28,True,0.07710080438131096,32,True,False,0.4596445841980586,0,True
20333,1,person,a photo of a person,0.4688672957519206,GE_MAP,all,GE_POS3_CASR,0.9285118799499792,0.9658203125,0.9629309413163298,0.955311575245529,0.9706728255185637,23317,22275,28,True,0.07710080438131096,32,True,False,0.4596445841980586,0,True
347174,1,person,a photo of a person,0.5369897265858564,GE_MAP,all,GE_MAP,0.5369897265858564,0.8302375637755102,0.6987551280237657,0.6414102064666927,0.7673605716948889,15402,9879,1908,True,0.10002708663854816,65,True,False,0.0,-1,False
347174,1,person,a photo of a person,0.5369897265858564,GE_MAP,all,GE_POS3_SAM,0.5845681784164047,0.8893694196428571,0.737826477117083,0.9411977346668273,0.6067267360571695,8299,7811,8,True,0.0022559571368144004,65,True,False,0.04757845183054832,1,True
347174,1,person,a photo of a person,0.5369897265858564,GE_MAP,all,GE_POS3_SMART,0.5845681784164047,0.8893694196428571,0.737826477117083,0.9411977346668273,0.6067267360571695,8299,7811,8,True,0.0022559571368144004,65,True,False,0.04757845183054832,1,True
347174,1,person,a photo of a person,0.5369897265858564,GE_MAP,all,GE_POS3_CASR,0.5845681784164047,0.8893694196428571,0.737826477117083,0.9411977346668273,0.6067267360571695,8299,7811,8,True,0.0022559571368144004,65,True,False,0.04757845183054832,1,True
347174,65,bed,a photo of a bed,0.4872620252000368,GE_MAP,all,GE_MAP,0.4872620252000368,0.7777822066326531,0.6552470471832292,0.5485607786291158,0.8134500230308613,19316,10596,4492,True,0.20143321016683463,1,True,False,0.0,-1,False
347174,65,bed,a photo of a bed,0.4872620252000368,GE_MAP,all,GE_POS3_SAM,0.5216860642517763,0.7813097895408163,0.6856684522615945,0.5469085591555088,0.9187778289574696,21883,11968,9493,True,0.432215262897643,1,True,False,0.03442403905173952,0,True
347174,65,bed,a photo of a bed,0.4872620252000368,GE_MAP,all,GE_POS3_SMART,0.5216860642517763,0.7813097895408163,0.6856684522615945,0.5469085591555088,0.9187778289574696,21883,11968,9493,True,0.432215262897643,1,True,False,0.03442403905173952,0,True
347174,65,bed,a photo of a bed,0.4872620252000368,GE_MAP,all,GE_POS3_CASR,0.5216860642517763,0.7813097895408163,0.6856684522615945,0.5469085591555088,0.9187778289574696,21883,11968,9493,True,0.432215262897643,1,True,False,0.03442403905173952,0,True
116068,38,kite,a photo of a kite,0.6115529510255336,GE_MAP,all,GE_MAP,0.6115529510255336,0.9260204081632653,0.758961038961039,0.6148342977380327,0.9913486005089058,9505,5844,1626,True,0.11212802677684222,1,True,False,0.0,-1,False
116068,38,kite,a photo of a kite,0.6115529510255336,GE_MAP,all,GE_POS3_SAM,0.4299525101763908,0.9330157844387755,0.601352152769541,0.9996056782334385,0.4300254452926209,2536,2535,1,True,0.019904401797816936,1,True,False,-0.18160044084914284,1,True
116068,38,kite,a photo of a kite,0.6115529510255336,GE_MAP,all,GE_POS3_SMART,0.8554537885095753,0.9827008928571429,0.9220965715311434,0.9790356394129979,0.8714164546225615,5247,5137,103,True,0.0365697568111172,1,True,False,0.24390083748404168,0,True
116068,38,kite,a photo of a kite,0.6115529510255336,GE_MAP,all,GE_POS3_CASR,0.8554537885095753,0.9827008928571429,0.9220965715311434,0.9790356394129979,0.8714164546225615,5247,5137,103,True,0.0365697568111172,1,True,False,0.24390083748404168,0,True
116068,1,person,a photo of a person,0.3102522297880502,GE_MAP,all,GE_MAP,0.3102522297880502,0.7133290816326531,0.47357634314156055,0.4157029041377538,0.5501700680272109,15564,6470,2352,True,0.13907319921439568,38,True,False,0.0,-1,False
116068,1,person,a photo of a person,0.3102522297880502,GE_MAP,all,GE_POS3_SAM,0.017370593839314066,0.3833107461734694,0.03414801635608827,0.026976377176110865,0.04651360544217687,20277,547,0,True,0.0,-1,True,False,-0.2928816359487362,2,True
116068,1,person,a photo of a person,0.3102522297880502,GE_MAP,all,GE_POS3_SMART,0.017370593839314066,0.3833107461734694,0.03414801635608827,0.026976377176110865,0.04651360544217687,20277,547,0,True,0.0,-1,True,False,-0.2928816359487362,2,True
116068,1,person,a photo of a person,0.3102522297880502,GE_MAP,all,GE_POS3_CASR,0.3102522297880502,0.7133290816326531,0.47357634314156055,0.4157029041377538,0.5501700680272109,15564,6470,2352,True,0.13907319921439568,38,True,False,0.0,2,False
569700,64,potted plant,a photo of a potted plant,0.7941329372447085,GE_MAP,all,GE_MAP,0.7941329372447085,0.8895089285714286,0.8852554019372465,0.9067627729489082,0.8647446524604747,23585,21386,10,True,0.12429798480343575,86,True,False,0.0,-1,False
569700,64,potted plant,a photo of a potted plant,0.7941329372447085,GE_MAP,all,GE_POS3_SAM,0.25600032216494845,0.6317960778061225,0.407643720542499,0.9843604831217095,0.2570458129473131,6458,6357,0,True,0.0,-1,True,False,-0.5381326150797601,1,True
569700,64,potted plant,a photo of a potted plant,0.7941329372447085,GE_MAP,all,GE_POS3_SMART,0.5078546684927092,0.7564971301020408,0.6736122241812256,0.9925214516256002,0.5098055072580971,12703,12608,0,True,0.0009799118079372856,86,True,False,-0.28627826875199924,0,True
569700,64,potted plant,a photo of a potted plant,0.7941329372447085,GE_MAP,all,GE_POS3_CASR,0.5078546684927092,0.7564971301020408,0.6736122241812256,0.9925214516256002,0.5098055072580971,12703,12608,0,True,0.0009799118079372856,86,True,False,-0.28627826875199924,0,True
569700,86,vase,a photo of a vase,0.1482526174881675,GE_MAP,all,GE_MAP,0.1482526174881675,0.6449298469387755,0.25822299941710386,0.15218138096873926,0.8516890964020873,20377,3101,15040,False,0.6714714492162893,64,False,True,0.0,-1,False
569700,86,vase,a photo of a vase,0.1482526174881675,GE_MAP,all,GE_POS3_SAM,0.0,0.7605030293367347,0.0,0.0,0.0,8376,0,8372,False,0.33846775823731556,64,False,False,-0.1482526174881675,2,True
569700,86,vase,a photo of a vase,0.1482526174881675,GE_MAP,all,GE_POS3_SMART,0.20792021120563214,0.7309271364795918,0.34426149885861385,0.20911021949492564,0.9733589673166713,16948,3544,13307,False,0.6776959304431832,64,False,True,0.059667593717464634,0,True
569700,86,vase,a photo of a vase,0.1482526174881675,GE_MAP,all,GE_POS3_CASR,0.20792021120563214,0.7309271364795918,0.34426149885861385,0.20911021949492564,0.9733589673166713,16948,3544,13307,False,0.6776959304431832,64,False,True,0.059667593717464634,0,True
353096,76,keyboard,a photo of a keyboard,0.27734926670287885,GE_MAP,all,GE_MAP,0.27734926670287885,0.7348533163265306,0.43425752679027046,0.2778926744312616,0.9929988331388565,18374,5106,8669,False,0.23356503933613537,72,True,False,0.0,-1,False
353096,76,keyboard,a photo of a keyboard,0.27734926670287885,GE_MAP,all,GE_POS3_SAM,0.8868360277136259,0.98828125,0.9400244798041616,0.9884169884169884,0.8961493582263711,4662,4608,0,True,0.0,-1,True,False,0.6094867610107471,1,True
353096,76,keyboard,a photo of a keyboard,0.27734926670287885,GE_MAP,all,GE_POS3_SMART,0.3648425733342896,0.8235012755102041,0.5346295323173936,0.3662874423963134,0.9893037728510308,13888,5087,7605,False,0.22570784115866327,72,True,False,0.08749330663141075,0,True
353096,76,keyboard,a photo of a keyboard,0.27734926670287885,GE_MAP,all,GE_POS3_CASR,0.3648425733342896,0.8235012755102041,0.5346295323173936,0.3662874423963134,0.9893037728510308,13888,5087,7605,False,0.22570784115866327,72,True,False,0.08749330663141075,0,True
353096,72,tv,a photo of a tv,0.31411148855599486,GE_MAP,all,GE_MAP,0.31411148855599486,0.5090680803571429,0.4780591164318254,0.5702082490901739,0.41155010762102806,19784,11281,797,True,0.03303079282191554,76,True,False,0.0,-1,False
353096,72,tv,a photo of a tv,0.31411148855599486,GE_MAP,all,GE_POS3_SAM,0.9043453216690067,0.9470463966836735,0.9497703083350663,0.985639174448717,0.9164204151617964,25486,25120,235,True,0.007732043562662455,76,True,False,0.5902338331130119,0,True
353096,72,tv,a photo of a tv,0.31411148855599486,GE_MAP,all,GE_POS3_SMART,0.9043453216690067,0.9470463966836735,0.9497703083350663,0.985639174448717,0.9164204151617964,25486,25120,235,True,0.007732043562662455,76,True,False,0.5902338331130119,0,True
353096,72,tv,a photo of a tv,0.31411148855599486,GE_MAP,all,GE_POS3_CASR,0.9043453216690067,0.9470463966836735,0.9497703083350663,0.985639174448717,0.9164204151617964,25486,25120,235,True,0.007732043562662455,76,True,False,0.5902338331130119,0,True
393115,1,person,a photo of a person,0.2831015269448343,GE_MAP,all,GE_MAP,0.2831015269448343,0.6640824298469388,0.44127689196804454,0.3586979952575986,0.5732495047799501,18556,6656,6304,True,0.26537866432484425,41,True,False,0.0,-1,False
393115,1,person,a photo of a person,0.2831015269448343,GE_MAP,all,GE_POS3_SAM,0.4595007419045125,0.7531688456632653,0.6296683909936309,0.4822737266397948,0.9068125053828267,21832,10529,10594,False,0.4640268925172444,41,False,False,0.1763992149596782,0,True
393115,1,person,a photo of a person,0.2831015269448343,GE_MAP,all,GE_POS3_SMART,0.4595007419045125,0.7531688456632653,0.6296683909936309,0.4822737266397948,0.9068125053828267,21832,10529,10594,False,0.4640268925172444,41,False,False,0.1763992149596782,0,True
393115,1,person,a photo of a person,0.2831015269448343,GE_MAP,all,GE_POS3_CASR,0.4595007419045125,0.7531688456632653,0.6296683909936309,0.4822737266397948,0.9068125053828267,21832,10529,10594,False,0.4640268925172444,41,False,False,0.1763992149596782,0,True
393115,41,skateboard,a photo of a skateboard,0.4243894635811027,GE_MAP,all,GE_MAP,0.4243894635811027,0.7848573022959183,0.5958896417474637,0.5302465023317788,0.6800820302486542,15010,7959,2019,True,0.08488874398891515,1,True,False,0.0,-1,False
393115,41,skateboard,a photo of a skateboard,0.4243894635811027,GE_MAP,all,GE_POS3_SAM,0.07434757069732315,0.7801538584183674,0.1384050613137546,0.8054545454545454,0.075707083653764,1100,886,10,True,0.0014970059880239522,1,True,False,-0.3500418928837795,2,True
393115,41,skateboard,a photo of a skateboard,0.4243894635811027,GE_MAP,all,GE_POS3_SMART,0.8283496041202245,0.9554966517857143,0.9061173008198444,0.8919053136897864,0.9207895411432966,12082,10776,930,True,0.04195435155459783,1,True,False,0.4039601405391218,0,True
393115,41,skateboard,a photo of a skateboard,0.4243894635811027,GE_MAP,all,GE_POS3_CASR,0.8283496041202245,0.9554966517857143,0.9061173008198444,0.8919053136897864,0.9207895411432966,12082,10776,930,True,0.04195435155459783,1,True,False,0.4039601405391218,0,True
409424,55,orange,a photo of a orange,0.28812244322189307,GE_MAP,all,GE_MAP,0.28812244322189307,0.7988480548469388,0.44735257077150525,0.2959930439823201,0.9155087404751233,13801,4085,9630,False,0.3034023537740023,67,False,False,0.0,-1,False
409424,55,orange,a photo of a orange,0.28812244322189307,GE_MAP,all,GE_POS3_SAM,0.5707306240284254,0.9614756058673469,0.7267071963806023,0.9842972041363462,0.575974899148364,2611,2570,41,True,0.057870472981958423,67,True,False,0.2826081808065324,2,True
409424,55,orange,a photo of a orange,0.28812244322189307,GE_MAP,all,GE_POS3_SMART,0.4353505291005291,0.9319395727040817,0.6066121414583573,0.6240815359089832,0.5900941281936352,4219,2633,1586,True,0.27464028776978416,53,True,False,0.14722808587863606,0,True
409424,55,orange,a photo of a orange,0.28812244322189307,GE_MAP,all,GE_POS3_CASR,0.4353505291005291,0.9319395727040817,0.6066121414583573,0.6240815359089832,0.5900941281936352,4219,2633,1586,True,0.27464028776978416,53,True,False,0.14722808587863606,0,True
409424,67,dining table,a photo of a dining table,0.33656971770744226,GE_MAP,all,GE_MAP,0.33656971770744226,0.38173628826530615,0.5036321162277193,0.9055235903337169,0.34881865330910056,17380,15738,0,True,0.05053439867178582,53,True,False,0.0,-1,False
409424,67,dining table,a photo of a dining table,0.33656971770744226,GE_MAP,all,GE_POS3_SAM,0.18486908722696369,0.2138671875,0.312049810767916,0.7321384728701203,0.19828006560574493,12219,8946,0,True,0.00023985129219883673,55,True,False,-0.15170063048047858,0,True
409424,67,dining table,a photo of a dining table,0.33656971770744226,GE_MAP,all,GE_POS3_SMART,0.18486908722696369,0.2138671875,0.312049810767916,0.7321384728701203,0.19828006560574493,12219,8946,0,True,0.00023985129219883673,55,True,False,-0.15170063048047858,0,True
409424,67,dining table,a photo of a dining table,0.33656971770744226,GE_MAP,all,GE_POS3_CASR,0.33656971770744226,0.38173628826530615,0.5036321162277193,0.9055235903337169,0.34881865330910056,17380,15738,0,True,0.05053439867178582,53,True,False,0.0,0,False
156278,51,bowl,a photo of a bowl,0.09813194608654528,GE_MAP,all,GE_MAP,0.09813194608654528,0.6959502551020408,0.17872523686477174,0.10044170145821989,0.8101512933138116,16527,1660,1149,True,0.024869031131450593,62,True,False,0.0,-1,False
156278,51,bowl,a photo of a bowl,0.09813194608654528,GE_MAP,all,GE_POS3_SAM,0.0735359856951274,0.9173907844387755,0.13699770976473039,0.11946259985475671,0.1605661298194241,2754,329,42,True,0.012259194395796848,49,True,False,-0.024595960391417884,1,True
156278,51,bowl,a photo of a bowl,0.09813194608654528,GE_MAP,all,GE_POS3_SMART,0.0735359856951274,0.9173907844387755,0.13699770976473039,0.11946259985475671,0.1605661298194241,2754,329,42,True,0.012259194395796848,49,True,False,-0.024595960391417884,1,True
156278,51,bowl,a photo of a bowl,0.09813194608654528,GE_MAP,all,GE_POS3_CASR,0.0735359856951274,0.9173907844387755,0.13699770976473039,0.11946259985475671,0.1605661298194241,2754,329,42,True,0.012259194395796848,49,True,False,-0.024595960391417884,1,True
156278,49,knife,a photo of a knife,0.03806385637995682,GE_MAP,all,GE_MAP,0.03806385637995682,0.6625478316326531,0.07333625218914186,0.03815924364961841,0.938375350140056,17558,670,3201,False,0.0975705329153605,51,False,False,0.0,-1,False
156278,49,knife,a photo of a knife,0.03806385637995682,GE_MAP,all,GE_POS3_SAM,0.032596388773017106,0.6764588647959183,0.06313481071098799,0.032924039966293485,0.7661064425770309,16614,547,107,True,0.006322382415504609,85,True,False,-0.005467467606939717,0,True
156278,49,knife,a photo of a knife,0.03806385637995682,GE_MAP,all,GE_POS3_SMART,0.032596388773017106,0.6764588647959183,0.06313481071098799,0.032924039966293485,0.7661064425770309,16614,547,107,True,0.006322382415504609,85,True,False,-0.005467467606939717,0,True
156278,49,knife,a photo of a knife,0.03806385637995682,GE_MAP,all,GE_POS3_CASR,0.032596388773017106,0.6764588647959183,0.06313481071098799,0.032924039966293485,0.7661064425770309,16614,547,107,True,0.006322382415504609,85,True,False,-0.005467467606939717,0,True
456143,57,carrot,a photo of a carrot,0.07135488308115544,GE_MAP,all,GE_MAP,0.07135488308115544,0.6770766900510204,0.13320494302680147,0.071687683537744,0.9389140271493213,17367,1245,11889,False,0.38334946757018395,54,False,False,0.0,-1,False
456143,57,carrot,a photo of a carrot,0.07135488308115544,GE_MAP,all,GE_POS3_SAM,0.30999663412992257,0.9591438137755102,0.47327852004111,0.3589243959469992,0.6945701357466063,2566,921,1080,False,0.09766589659842269,54,True,False,0.23864175104876711,1,True
456143,57,carrot,a photo of a carrot,0.07135488308115544,GE_MAP,all,GE_POS3_SMART,0.2888830208608397,0.9463289221938775,0.44826879737758657,0.3077355836849508,0.8250377073906485,3555,1094,1717,False,0.1551036370746969,54,True,False,0.21752813777968427,0,True
456143,57,carrot,a photo of a carrot,0.07135488308115544,GE_MAP,all,GE_POS3_CASR,0.2888830208608397,0.9463289221938775,0.44826879737758657,0.3077355836849508,0.8250377073906485,3555,1094,1717,False,0.1551036370746969,54,True,False,0.21752813777968427,0,True
456143,54,sandwich,a photo of a sandwich,0.5326903667152629,GE_MAP,all,GE_MAP,0.5326903667152629,0.8339046556122449,0.6951049974390868,0.5892934681471372,0.8472308927138144,16121,9500,3633,True,0.14501289767841788,59,True,False,0.0,-1,False
456143,54,sandwich,a photo of a sandwich,0.5326903667152629,GE_MAP,all,GE_POS3_SAM,0.3187416925121843,0.8467793367346939,0.48340276844510144,0.9803761242845462,0.32078837064122,3669,3597,0,True,0.0,-1,True,False,-0.21394867420307861,1,True
456143,54,sandwich,a photo of a sandwich,0.5326903667152629,GE_MAP,all,GE_POS3_SMART,0.3187416925121843,0.8467793367346939,0.48340276844510144,0.9803761242845462,0.32078837064122,3669,3597,0,True,0.0,-1,True,False,-0.21394867420307861,1,True
456143,54,sandwich,a photo of a sandwich,0.5326903667152629,GE_MAP,all,GE_POS3_CASR,0.3187416925121843,0.8467793367346939,0.48340276844510144,0.9803761242845462,0.32078837064122,3669,3597,0,True,0.0,-1,True,False,-0.21394867420307861,1,True
31620,62,chair,a photo of a chair,0.05783227848101266,GE_MAP,all,GE_MAP,0.05783227848101266,0.7626554528061225,0.10934111136040685,0.057850585628363406,0.9945578231292517,12636,731,3169,False,0.22773360566051498,1,False,False,0.0,-1,False
31620,62,chair,a photo of a chair,0.05783227848101266,GE_MAP,all,GE_POS3_SAM,0.21130056837178202,0.9529854910714286,0.34888214187137734,0.2188365650969529,0.8598639455782313,2888,632,267,True,0.03917253521126761,1,True,False,0.15346828989076935,1,True
31620,62,chair,a photo of a chair,0.05783227848101266,GE_MAP,all,GE_POS3_SMART,0.21130056837178202,0.9529854910714286,0.34888214187137734,0.2188365650969529,0.8598639455782313,2888,632,267,True,0.03917253521126761,1,True,False,0.15346828989076935,1,True
31620,62,chair,a photo of a chair,0.05783227848101266,GE_MAP,all,GE_POS3_CASR,0.21130056837178202,0.9529854910714286,0.34888214187137734,0.2188365650969529,0.8598639455782313,2888,632,267,True,0.03917253521126761,1,True,False,0.15346828989076935,1,True
31620,1,person,a photo of a person,0.13478624041309134,GE_MAP,all,GE_MAP,0.13478624041309134,0.7729193239795918,0.23755353319057815,0.16513164015257234,0.4231227651966627,10749,1775,291,True,0.025998391852050388,62,True,False,0.0,-1,False
31620,1,person,a photo of a person,0.13478624041309134,GE_MAP,all,GE_POS3_SAM,0.0015912305516265913,0.6623684630102041,0.003177405119152692,0.002109375,0.006436233611442193,12800,27,7,True,0.0005174452986398581,62,True,False,-0.13319500986146474,1,True
31620,1,person,a photo of a person,0.13478624041309134,GE_MAP,all,GE_POS3_SMART,0.0015912305516265913,0.6623684630102041,0.003177405119152692,0.002109375,0.006436233611442193,12800,27,7,True,0.0005174452986398581,62,True,False,-0.13319500986146474,1,True
31620,1,person,a photo of a person,0.13478624041309134,GE_MAP,all,GE_POS3_CASR,0.0015912305516265913,0.6623684630102041,0.003177405119152692,0.002109375,0.006436233611442193,12800,27,7,True,0.0005174452986398581,62,True,False,-0.13319500986146474,1,True
7574,44,bottle,a photo of a bottle,0.0500269687162891,GE_MAP,all,GE_MAP,0.0500269687162891,0.7191884566326531,0.09528701682290998,0.0500269687162891,1.0,14832,742,2060,False,0.03892418728024181,81,True,False,0.0,-1,False
7574,44,bottle,a photo of a bottle,0.0500269687162891,GE_MAP,all,GE_POS3_SAM,0.17930849638166713,0.9389748086734694,0.3040909090909091,0.18288682340076545,0.9016172506738545,3658,669,1291,False,0.14845309381237526,78,True,False,0.12928152766537804,1,True
7574,44,bottle,a photo of a bottle,0.0500269687162891,GE_MAP,all,GE_POS3_SMART,0.17930849638166713,0.9389748086734694,0.3040909090909091,0.18288682340076545,0.9016172506738545,3658,669,1291,False,0.14845309381237526,78,True,False,0.12928152766537804,1,True
7574,44,bottle,a photo of a bottle,0.0500269687162891,GE_MAP,all,GE_POS3_CASR,0.17930849638166713,0.9389748086734694,0.3040909090909091,0.18288682340076545,0.9016172506738545,3658,669,1291,False,0.14845309381237526,78,True,False,0.12928152766537804,1,True
7574,79,oven,a photo of a oven,0.05621301775147929,GE_MAP,all,GE_MAP,0.05621301775147929,0.6121851084183674,0.10644257703081232,0.05714426585149394,0.7752508361204014,20282,1159,3775,False,0.08124363389435903,81,False,False,0.0,-1,False
7574,79,oven,a photo of a oven,0.05621301775147929,GE_MAP,all,GE_POS3_SAM,0.008811454891358766,0.8027144451530612,0.017468982630272953,0.010256410256410256,0.0588628762541806,8580,88,1351,False,0.13141025641025642,81,False,False,-0.047401562860120525,0,True
7574,79,oven,a photo of a oven,0.05621301775147929,GE_MAP,all,GE_POS3_SMART,0.00039872408293460925,0.9500358737244898,0.0007971303308090873,0.0009861932938856016,0.0006688963210702341,1014,1,938,False,0.36462093862815886,81,False,False,-0.055814293668544686,2,True
7574,79,oven,a photo of a oven,0.05621301775147929,GE_MAP,all,GE_POS3_CASR,0.00039872408293460925,0.9500358737244898,0.0007971303308090873,0.0009861932938856016,0.0006688963210702341,1014,1,938,False,0.36462093862815886,81,False,False,-0.055814293668544686,2,True
49060,1,person,a photo of a person,0.034878277153558054,GE_MAP,all,GE_MAP,0.034878277153558054,0.7534877232142857,0.06740556435195658,0.038557750366600536,0.26766467065868266,11593,447,3390,False,0.10425636609669087,7,False,False,0.0,-1,False
49060,1,person,a photo of a person,0.034878277153558054,GE_MAP,all,GE_POS3_SAM,0.00795474633197808,0.5526147959183674,0.01578393546124167,0.008515469770082317,0.10778443113772455,21138,180,19924,False,0.7931510632421983,7,False,True,-0.026923530821579972,0,True
49060,1,person,a photo of a person,0.034878277153558054,GE_MAP,all,GE_POS3_SMART,0.0,0.8739835778061225,0.0,0.0,0.0,4653,0,3824,False,0.15209609418502903,7,False,False,-0.034878277153558054,2,True
49060,1,person,a photo of a person,0.034878277153558054,GE_MAP,all,GE_POS3_CASR,0.0,0.8739835778061225,0.0,0.0,0.0,4653,0,3824,False,0.15209609418502903,7,False,False,-0.034878277153558054,2,True
49060,7,train,a photo of a train,0.6182801674632284,GE_MAP,all,GE_MAP,0.6182801674632284,0.7946627869897959,0.7641200576936286,0.8617164102034494,0.6863817710689755,19366,16688,44,True,0.011832611832611833,1,True,False,0.0,-1,False
49060,7,train,a photo of a train,0.6182801674632284,GE_MAP,all,GE_POS3_SAM,0.4883283594292956,0.7505580357142857,0.6562105147503159,0.9877615149259903,0.49130095010899516,12093,11945,14,True,0.013251858941323713,1,True,False,-0.12995180803393286,1,True
49060,7,train,a photo of a train,0.6182801674632284,GE_MAP,all,GE_POS3_SMART,0.9015611097630025,0.9514907525510204,0.9482325917733634,0.9818101739704911,0.916875745485954,22705,22292,202,True,0.01702340718487921,1,True,False,0.2832809422997741,0,True
49060,7,train,a photo of a train,0.6182801674632284,GE_MAP,all,GE_POS3_CASR,0.9015611097630025,0.9514907525510204,0.9482325917733634,0.9818101739704911,0.916875745485954,22705,22292,202,True,0.01702340718487921,1,True,False,0.2832809422997741,0,True
127394,62,chair,a photo of a chair,0.040554439927511385,GE_MAP,all,GE_MAP,0.040554439927511385,0.6095942283163265,0.07794775241233232,0.04066997396728719,0.9345372460496614,20359,828,16880,False,0.25963769590881336,1,False,False,0.0,-1,False
127394,62,chair,a photo of a chair,0.040554439927511385,GE_MAP,all,GE_POS3_SAM,0.5965630114566285,0.9901745854591837,0.7473090722706305,0.6845070422535211,0.8227990970654627,1065,729,167,True,0.018002272131434065,1,True,False,0.5560085715291171,1,True
127394,62,chair,a photo of a chair,0.040554439927511385,GE_MAP,all,GE_POS3_SMART,0.5965630114566285,0.9901745854591837,0.7473090722706305,0.6845070422535211,0.8227990970654627,1065,729,167,True,0.018002272131434065,1,True,False,0.5560085715291171,1,True
127394,62,chair,a photo of a chair,0.040554439927511385,GE_MAP,all,GE_POS3_CASR,0.5965630114566285,0.9901745854591837,0.7473090722706305,0.6845070422535211,0.8227990970654627,1065,729,167,True,0.018002272131434065,1,True,False,0.5560085715291171,1,True
127394,50,spoon,a photo of a spoon,0.0569031844411199,GE_MAP,all,GE_MAP,0.0569031844411199,0.6482182716836735,0.10767908599160811,0.05800969551718503,0.7489451476793249,18359,1065,15471,False,0.3192606173242585,67,False,False,0.0,-1,False
127394,50,spoon,a photo of a spoon,0.0569031844411199,GE_MAP,all,GE_POS3_SAM,0.21370042608980663,0.9521882971938775,0.35214690791250336,0.285839544059623,0.45850914205344584,2281,652,1624,False,0.06500905744171098,67,True,False,0.15679724164868675,1,True
127394,50,spoon,a photo of a spoon,0.0569031844411199,GE_MAP,all,GE_POS3_SMART,0.21370042608980663,0.9521882971938775,0.35214690791250336,0.285839544059623,0.45850914205344584,2281,652,1624,False,0.06500905744171098,67,True,False,0.15679724164868675,1,True
127394,50,spoon,a photo of a spoon,0.0569031844411199,GE_MAP,all,GE_POS3_CASR,0.21370042608980663,0.9521882971938775,0.35214690791250336,0.285839544059623,0.45850914205344584,2281,652,1624,False,0.06500905744171098,67,True,False,0.15679724164868675,1,True
287874,1,person,a photo of a person,0.05644811115935736,GE_MAP,all,GE_MAP,0.05644811115935736,0.8267697704081632,0.10686395396629675,0.05668810639921509,0.9302325581395349,9173,520,340,True,0.023198932700859768,7,True,False,0.0,-1,False
287874,1,person,a photo of a person,0.05644811115935736,GE_MAP,all,GE_POS3_SAM,0.14214876033057852,0.9793128188775511,0.24891461649782923,0.20899149453219928,0.3076923076923077,823,172,43,True,0.06294536817102138,33,True,False,0.08570064917122117,0,True
287874,1,person,a photo of a person,0.05644811115935736,GE_MAP,all,GE_POS3_SMART,0.2873303167420814,0.9874441964285714,0.44639718804920914,0.4386873920552677,0.4543828264758497,579,254,37,True,0.09966216216216216,33,True,False,0.23088220558272407,1,True
287874,1,person,a photo of a person,0.05644811115935736,GE_MAP,all,GE_POS3_CASR,0.2873303167420814,0.9874441964285714,0.44639718804920914,0.4386873920552677,0.4543828264758497,579,254,37,True,0.09966216216216216,33,True,False,0.23088220558272407,1,True
287874,7,train,a photo of a train,0.29610750695088045,GE_MAP,all,GE_MAP,0.29610750695088045,0.7880859375,0.4569181265641759,0.299257376062086,0.9656735751295337,14947,4473,40,True,0.003689559194769888,1,True,False,0.0,-1,False
287874,7,train,a photo of a train,0.29610750695088045,GE_MAP,all,GE_POS3_SAM,0.8590078328981723,0.9860092474489796,0.9241573033707865,0.9249567474048442,0.9233592400690847,4624,4277,0,True,0.0,-1,True,False,0.5629003259472918,0,True
287874,7,train,a photo of a train,0.29610750695088045,GE_MAP,all,GE_POS3_SMART,0.8590078328981723,0.9860092474489796,0.9241573033707865,0.9249567474048442,0.9233592400690847,4624,4277,0,True,0.0,-1,True,False,0.5629003259472918,0,True
287874,7,train,a photo of a train,0.29610750695088045,GE_MAP,all,GE_POS3_CASR,0.8590078328981723,0.9860092474489796,0.9241573033707865,0.9249567474048442,0.9233592400690847,4624,4277,0,True,0.0,-1,True,False,0.5629003259472918,0,True
331799,52,banana,a photo of a banana,0.03792866941015089,GE_MAP,all,GE_MAP,0.03792866941015089,0.7204440369897959,0.07308531024912443,0.03799120637537785,0.9584055459272097,14556,553,5274,False,0.19388784145218574,1,False,False,0.0,-1,False
331799,52,banana,a photo of a banana,0.03792866941015089,GE_MAP,all,GE_POS3_SAM,0.13970588235294118,0.9743502869897959,0.24516129032258063,0.18528368794326242,0.36221837088388215,1128,209,618,False,0.35053885422575154,53,False,False,0.1017772129427903,1,True
331799,52,banana,a photo of a banana,0.03792866941015089,GE_MAP,all,GE_POS3_SMART,0.13970588235294118,0.9743502869897959,0.24516129032258063,0.18528368794326242,0.36221837088388215,1128,209,618,False,0.35053885422575154,53,False,False,0.1017772129427903,1,True
331799,52,banana,a photo of a banana,0.03792866941015089,GE_MAP,all,GE_POS3_CASR,0.13970588235294118,0.9743502869897959,0.24516129032258063,0.18528368794326242,0.36221837088388215,1128,209,618,False,0.35053885422575154,53,False,False,0.1017772129427903,1,True
331799,53,apple,a photo of a apple,0.07255284065357517,GE_MAP,all,GE_MAP,0.07255284065357517,0.7533880739795918,0.1352900069881202,0.07413647851727043,0.7725458898643256,13057,968,2974,False,0.10429184549356223,1,False,False,0.0,-1,False
331799,53,apple,a photo of a apple,0.07255284065357517,GE_MAP,all,GE_POS3_SAM,0.04442200908632004,0.962272799744898,0.08506524891251813,0.10784313725490197,0.07023144453312051,816,88,119,False,0.008900523560209424,1,True,False,-0.028130831567255134,2,True
331799,53,apple,a photo of a apple,0.07255284065357517,GE_MAP,all,GE_POS3_SMART,0.06294706723891273,0.9608378507653061,0.11843876177658143,0.13524590163934427,0.10534716679968077,976,132,198,False,0.014720095160211137,1,True,False,-0.009605773414662441,1,True
331799,53,apple,a photo of a apple,0.07255284065357517,GE_MAP,all,GE_POS3_CASR,0.06294706723891273,0.9608378507653061,0.11843876177658143,0.13524590163934427,0.10534716679968077,976,132,198,False,0.014720095160211137,1,True,False,-0.009605773414662441,1,True
174482,2,bicycle,a photo of a bicycle,0.7226613965744401,GE_MAP,all,GE_MAP,0.7226613965744401,0.8573620854591837,0.8390057361376673,0.9028369481022464,0.7836043531240808,20656,18649,0,True,0.0,-1,True,False,0.0,-1,False
174482,2,bicycle,a photo of a bicycle,0.7226613965744401,GE_MAP,all,GE_POS3_SAM,0.6122320567137883,0.8157684948979592,0.759483790393922,0.9972668261018107,0.6132610613891339,14635,14595,0,True,0.0,-1,True,False,-0.11042933986065173,1,True
174482,2,bicycle,a photo of a bicycle,0.7226613965744401,GE_MAP,all,GE_POS3_SMART,0.8407651327656361,0.9243463010204082,0.9134952828038831,0.998008265697356,0.8421782427833102,20083,20043,0,True,9.104980424292088e-05,3,True,False,0.11810373619119607,0,True
174482,2,bicycle,a photo of a bicycle,0.7226613965744401,GE_MAP,all,GE_POS3_CASR,0.8407651327656361,0.9243463010204082,0.9134952828038831,0.998008265697356,0.8421782427833102,20083,20043,0,True,9.104980424292088e-05,3,True,False,0.11810373619119607,0,True
174482,3,car,a photo of a car,0.08829241571634878,GE_MAP,all,GE_MAP,0.08829241571634878,0.635124362244898,0.16225862542326347,0.08878762081225901,0.9405835543766579,19969,1773,13552,False,0.4364764186550264,2,False,False,0.0,-1,False
174482,3,car,a photo of a car,0.08829241571634878,GE_MAP,all,GE_POS3_SAM,0.00627722865039584,0.5772281568877551,0.012476141706624458,0.0068381302306593185,0.07108753315649867,19596,134,19444,False,0.8118241409544487,2,False,True,-0.08201518706595294,0,True
174482,3,car,a photo of a car,0.08829241571634878,GE_MAP,all,GE_POS3_SMART,0.00627722865039584,0.5772281568877551,0.012476141706624458,0.0068381302306593185,0.07108753315649867,19596,134,19444,False,0.8118241409544487,2,False,True,-0.08201518706595294,0,True
174482,3,car,a photo of a car,0.08829241571634878,GE_MAP,all,GE_POS3_CASR,0.00627722865039584,0.5772281568877551,0.012476141706624458,0.0068381302306593185,0.07108753315649867,19596,134,19444,False,0.8118241409544487,2,False,True,-0.08201518706595294,0,True
303713,62,chair,a photo of a chair,0.020725892770263696,GE_MAP,all,GE_MAP,0.020725892770263696,0.5988520408163265,0.04061010486177312,0.02089669380947709,0.7171717171717171,20386,426,17850,False,0.39147659869731627,1,False,False,0.0,-1,False
303713,62,chair,a photo of a chair,0.020725892770263696,GE_MAP,all,GE_POS3_SAM,0.020702070207020702,0.9783163265306123,0.04056437389770723,0.04259259259259259,0.03872053872053872,540,23,430,False,0.01060247868758507,1,True,False,-2.3822563242993644e-05,1,True
303713,62,chair,a photo of a chair,0.020725892770263696,GE_MAP,all,GE_POS3_SMART,0.020702070207020702,0.9783163265306123,0.04056437389770723,0.04259259259259259,0.03872053872053872,540,23,430,False,0.01060247868758507,1,True,False,-2.3822563242993644e-05,1,True
303713,62,chair,a photo of a chair,0.020725892770263696,GE_MAP,all,GE_POS3_CASR,0.020702070207020702,0.9783163265306123,0.04056437389770723,0.04259259259259259,0.03872053872053872,540,23,430,False,0.01060247868758507,1,True,False,-2.3822563242993644e-05,1,True
303713,1,person,a photo of a person,0.3321687778929811,GE_MAP,all,GE_MAP,0.3321687778929811,0.4094985650510204,0.49868872984450874,0.8507678097217412,0.35272013594696155,17322,14737,651,True,0.02384180790960452,27,True,False,0.0,-1,False
303713,1,person,a photo of a person,0.3321687778929811,GE_MAP,all,GE_POS3_SAM,0.09102211595935446,0.24230707908163265,0.16685659186535765,0.9885743962607115,0.09111797228405256,3851,3807,0,True,0.00024721878862793575,43,True,False,-0.24114666193362666,0,True
303713,1,person,a photo of a person,0.3321687778929811,GE_MAP,all,GE_POS3_SMART,0.0492654448006891,0.2080875318877551,0.09390463594280893,0.9937258687258688,0.04928077355735861,2072,2059,0,True,0.0,-1,True,False,-0.282903333092292,1,True
303713,1,person,a photo of a person,0.3321687778929811,GE_MAP,all,GE_POS3_CASR,0.0492654448006891,0.2080875318877551,0.09390463594280893,0.9937258687258688,0.04928077355735861,2072,2059,0,True,0.0,-1,True,False,-0.282903333092292,1,True
243344,17,cat,a photo of a cat,0.4227199057020775,GE_MAP,all,GE_MAP,0.4227199057020775,0.9219148596938775,0.594241922120961,0.4227199057020775,1.0,6787,2869,236,True,0.013328037424422966,82,True,False,0.0,-1,False
243344,17,cat,a photo of a cat,0.4227199057020775,GE_MAP,all,GE_POS3_SAM,0.8883366467859509,0.9932836415816326,0.9408668187401299,0.9473498233215548,0.9344719414430115,2830,2681,0,True,0.0007899310126915583,82,True,False,0.4656167410838734,1,True
243344,17,cat,a photo of a cat,0.4227199057020775,GE_MAP,all,GE_POS3_SMART,0.8883366467859509,0.9932836415816326,0.9408668187401299,0.9473498233215548,0.9344719414430115,2830,2681,0,True,0.0007899310126915583,82,True,False,0.4656167410838734,1,True
243344,17,cat,a photo of a cat,0.4227199057020775,GE_MAP,all,GE_POS3_CASR,0.8883366467859509,0.9932836415816326,0.9408668187401299,0.9473498233215548,0.9344719414430115,2830,2681,0,True,0.0007899310126915583,82,True,False,0.4656167410838734,1,True
243344,82,refrigerator,a photo of a refrigerator,0.5155127904247829,GE_MAP,all,GE_MAP,0.5155127904247829,0.7942841198979592,0.680314667988107,0.6815812337098176,0.6790528007913936,16114,10983,0,True,0.0,-1,True,False,0.0,-1,False
243344,82,refrigerator,a photo of a refrigerator,0.5155127904247829,GE_MAP,all,GE_POS3_SAM,0.7513409268968843,0.9177694515306123,0.8580178940123881,0.9674840912618345,0.7708049956720663,12886,12467,0,True,0.0015256499904646875,17,True,False,0.23582813647210132,1,True
243344,82,refrigerator,a photo of a refrigerator,0.5155127904247829,GE_MAP,all,GE_POS3_SMART,0.9087900848324408,0.9697863520408163,0.9522158482002143,0.9712577160493827,0.9339062693211326,15552,15105,0,True,0.0014134275618374558,17,True,False,0.3932772944076579,0,True
243344,82,refrigerator,a photo of a refrigerator,0.5155127904247829,GE_MAP,all,GE_POS3_CASR,0.9087900848324408,0.9697863520408163,0.9522158482002143,0.9712577160493827,0.9339062693211326,15552,15105,0,True,0.0014134275618374558,17,True,False,0.3932772944076579,0,True
113403,65,bed,a photo of a bed,0.3952181444627966,GE_MAP,all,GE_MAP,0.3952181444627966,0.4016063456632653,0.5665324035976728,0.9642242862057103,0.40109979966474507,20349,19621,0,True,0.17500837725043408,88,True,False,0.0,-1,False
113403,65,bed,a photo of a bed,0.3952181444627966,GE_MAP,all,GE_POS3_SAM,0.15181234931142987,0.17267219387755103,0.2636060455545306,0.9967802522135766,0.1518868310233452,7454,7430,0,True,0.0008575326447086337,88,True,False,-0.2434057951513667,1,True
113403,65,bed,a photo of a bed,0.3952181444627966,GE_MAP,all,GE_POS3_SMART,0.15181234931142987,0.17267219387755103,0.2636060455545306,0.9967802522135766,0.1518868310233452,7454,7430,0,True,0.0008575326447086337,88,True,False,-0.2434057951513667,1,True
113403,65,bed,a photo of a bed,0.3952181444627966,GE_MAP,all,GE_POS3_CASR,0.3952181444627966,0.4016063456632653,0.5665324035976728,0.9642242862057103,0.40109979966474507,20349,19621,0,True,0.17500837725043408,88,True,False,0.0,1,False
113403,88,teddy bear,a photo of a teddy bear,0.7276670870113493,GE_MAP,all,GE_MAP,0.7276670870113493,0.8923987563775511,0.8423695658520919,0.9000499126528575,0.7916369423256324,16028,14426,1602,True,0.32765035365305206,65,True,False,0.0,-1,False
113403,88,teddy bear,a photo of a teddy bear,0.7276670870113493,GE_MAP,all,GE_POS3_SAM,0.3014419650200121,0.7460738201530612,0.46324303829464547,0.9970982952484585,0.30170663447291884,5514,5498,16,True,0.11271924444989574,65,True,False,-0.4262251219913372,2,True
113403,88,teddy bear,a photo of a teddy bear,0.7276670870113493,GE_MAP,all,GE_POS3_SMART,0.5345402833233058,0.8303970025510204,0.6966780724265754,0.9938980982406184,0.5363002798661033,9833,9773,60,True,0.20100985322376222,65,True,False,-0.19312680368804347,0,True
113403,88,teddy bear,a photo of a teddy bear,0.7276670870113493,GE_MAP,all,GE_POS3_CASR,0.5345402833233058,0.8303970025510204,0.6966780724265754,0.9938980982406184,0.5363002798661033,9833,9773,60,True,0.20100985322376222,65,True,False,-0.19312680368804347,0,True
476258,41,skateboard,a photo of a skateboard,0.22061306086183918,GE_MAP,all,GE_MAP,0.22061306086183918,0.8251753826530612,0.36147910904061725,0.22061306086183918,1.0,11255,2483,1526,True,0.07984612985392733,1,True,False,0.0,-1,False
476258,41,skateboard,a photo of a skateboard,0.22061306086183918,GE_MAP,all,GE_POS3_SAM,0.8914604948124502,0.9945790816326531,0.9426160337552743,0.9898094816127603,0.8997180829641562,2257,2234,3,True,0.00102014792144861,1,True,False,0.670847433950611,1,True
476258,41,skateboard,a photo of a skateboard,0.22061306086183918,GE_MAP,all,GE_POS3_SMART,0.8914604948124502,0.9945790816326531,0.9426160337552743,0.9898094816127603,0.8997180829641562,2257,2234,3,True,0.00102014792144861,1,True,False,0.670847433950611,1,True
476258,41,skateboard,a photo of a skateboard,0.22061306086183918,GE_MAP,all,GE_POS3_CASR,0.8914604948124502,0.9945790816326531,0.9426160337552743,0.9898094816127603,0.8997180829641562,2257,2234,3,True,0.00102014792144861,1,True,False,0.670847433950611,1,True
476258,1,person,a photo of a person,0.27039086203819385,GE_MAP,all,GE_MAP,0.27039086203819385,0.6741071428571429,0.4256813711716774,0.31972143083254195,0.6366883799117462,18954,6060,178,True,0.00856269113149847,41,True,False,0.0,-1,False
476258,1,person,a photo of a person,0.27039086203819385,GE_MAP,all,GE_POS3_SAM,0.0025748401335521478,0.29745296556122447,0.005136454717353879,0.0035114798379317,0.009560832107585628,25915,91,0,True,0.0,-1,True,False,-0.2678160219046417,1,True
476258,1,person,a photo of a person,0.27039086203819385,GE_MAP,all,GE_POS3_SMART,0.014998922878069797,0.2709861288265306,0.02955455920197384,0.01976929902395741,0.058520697625551586,28175,557,0,True,0.0,-1,True,False,-0.25539193916012404,0,True
476258,1,person,a photo of a person,0.27039086203819385,GE_MAP,all,GE_POS3_CASR,0.27039086203819385,0.6741071428571429,0.4256813711716774,0.31972143083254195,0.6366883799117462,18954,6060,178,True,0.00856269113149847,41,True,False,0.0,0,False
492992,21,cow,a photo of a cow,0.6015544486430779,GE_MAP,all,GE_MAP,0.6015544486430779,0.815070950255102,0.7512132343083894,0.840271113243762,0.6792242424242424,16672,14009,1325,True,0.07744009351256576,16,True,False,0.0,-1,False
492992,21,cow,a photo of a cow,0.6015544486430779,GE_MAP,all,GE_POS3_SAM,0.9523351912358254,0.9802295918367347,0.9755857452254381,0.9906532713550258,0.9609696969696969,20007,19820,24,True,0.0011496895838123706,16,True,False,0.3507807425927475,0,True
492992,21,cow,a photo of a cow,0.6015544486430779,GE_MAP,all,GE_POS3_SMART,0.9523351912358254,0.9802295918367347,0.9755857452254381,0.9906532713550258,0.9609696969696969,20007,19820,24,True,0.0011496895838123706,16,True,False,0.3507807425927475,0,True
492992,21,cow,a photo of a cow,0.6015544486430779,GE_MAP,all,GE_POS3_CASR,0.9523351912358254,0.9802295918367347,0.9755857452254381,0.9906532713550258,0.9609696969696969,20007,19820,24,True,0.0011496895838123706,16,True,False,0.3507807425927475,0,True
492992,16,bird,a photo of a bird,0.24414900983243318,GE_MAP,all,GE_MAP,0.24414900983243318,0.8912228954081632,0.3924755120213713,0.24414900983243318,1.0,7221,1763,2295,False,0.09311454816675827,21,True,False,0.0,-1,False
492992,16,bird,a photo of a bird,0.24414900983243318,GE_MAP,all,GE_POS3_SAM,0.8619361936193619,0.9949976084183674,0.9258493353028066,0.9660912453760789,0.8888258650028361,1622,1567,0,True,0.0017561239193083574,21,True,False,0.6177871837869288,2,True
492992,16,bird,a photo of a bird,0.24414900983243318,GE_MAP,all,GE_POS3_SMART,0.8619361936193619,0.9949976084183674,0.9258493353028066,0.9660912453760789,0.8888258650028361,1622,1567,0,True,0.0017561239193083574,21,True,False,0.6177871837869288,2,True
492992,16,bird,a photo of a bird,0.24414900983243318,GE_MAP,all,GE_POS3_CASR,0.8619361936193619,0.9949976084183674,0.9258493353028066,0.9660912453760789,0.8888258650028361,1622,1567,0,True,0.0017561239193083574,21,True,False,0.6177871837869288,2,True
214720,63,couch,a photo of a couch,0.3929942418426104,GE_MAP,all,GE_MAP,0.3929942418426104,0.7730986926020408,0.5642438856355494,0.3959709911361805,0.9812300319488818,18615,7371,5961,True,0.14730080513880944,1,True,False,0.0,-1,False
214720,63,couch,a photo of a couch,0.3929942418426104,GE_MAP,all,GE_POS3_SAM,0.1839247881355932,0.8771723533163265,0.31070350072698805,0.9720083974807557,0.1849041533546326,1429,1389,0,True,0.0,-1,True,False,-0.20906945370701718,2,True
214720,63,couch,a photo of a couch,0.3929942418426104,GE_MAP,all,GE_POS3_SMART,0.6966437734871064,0.9533442283163265,0.8212021690979913,0.9632682314997312,0.7156549520766773,5581,5376,1,True,0.0013850415512465374,64,True,False,0.303649531644496,0,True
214720,63,couch,a photo of a couch,0.3929942418426104,GE_MAP,all,GE_POS3_CASR,0.6966437734871064,0.9533442283163265,0.8212021690979913,0.9632682314997312,0.7156549520766773,5581,5376,1,True,0.0013850415512465374,64,True,False,0.303649531644496,0,True
214720,64,potted plant,a photo of a potted plant,0.1417004048582996,GE_MAP,all,GE_MAP,0.1417004048582996,0.771843112244898,0.24822695035460993,0.1470130678282514,0.7967959527824621,12856,1890,7868,False,0.19015659955257272,67,False,False,0.0,-1,False
214720,64,potted plant,a photo of a potted plant,0.1417004048582996,GE_MAP,all,GE_POS3_SAM,0.10741258741258741,0.8728077168367347,0.19398838090426876,0.13847818247385504,0.32377740303541314,5546,768,2631,False,0.25449130560092226,63,False,False,-0.03428781744571219,1,True
214720,64,potted plant,a photo of a potted plant,0.1417004048582996,GE_MAP,all,GE_POS3_SMART,0.10741258741258741,0.8728077168367347,0.19398838090426876,0.13847818247385504,0.32377740303541314,5546,768,2631,False,0.25449130560092226,63,False,False,-0.03428781744571219,1,True
214720,64,potted plant,a photo of a potted plant,0.1417004048582996,GE_MAP,all,GE_POS3_CASR,0.10741258741258741,0.8728077168367347,0.19398838090426876,0.13847818247385504,0.32377740303541314,5546,768,2631,False,0.25449130560092226,63,False,False,-0.03428781744571219,1,True
465129,1,person,a photo of a person,0.19340408736075781,GE_MAP,all,GE_MAP,0.19340408736075781,0.6334502551020408,0.3241217110098486,0.25198560082281013,0.4541241890639481,17501,4410,255,True,0.006725443653215779,47,True,False,0.0,-1,False
465129,1,person,a photo of a person,0.19340408736075781,GE_MAP,all,GE_POS3_SAM,0.05612819402338675,0.7828244579081632,0.10629049454605101,0.2610797743755036,0.06672845227062095,2482,648,0,True,0.0,-1,True,False,-0.13727589333737106,1,True
465129,1,person,a photo of a person,0.19340408736075781,GE_MAP,all,GE_POS3_SMART,0.05612819402338675,0.7828244579081632,0.10629049454605101,0.2610797743755036,0.06672845227062095,2482,648,0,True,0.0,-1,True,False,-0.13727589333737106,1,True
465129,1,person,a photo of a person,0.19340408736075781,GE_MAP,all,GE_POS3_CASR,0.05612819402338675,0.7828244579081632,0.10629049454605101,0.2610797743755036,0.06672845227062095,2482,648,0,True,0.0,-1,True,False,-0.13727589333737106,1,True
465129,79,oven,a photo of a oven,0.044111160123511246,GE_MAP,all,GE_MAP,0.044111160123511246,0.6544961734693877,0.08449514152936206,0.04440497335701599,0.8695652173913043,18016,800,3777,False,0.09432845246082804,1,False,False,0.0,-1,False
465129,79,oven,a photo of a oven,0.044111160123511246,GE_MAP,all,GE_POS3_SAM,0.014207377866400797,0.9211774553571429,0.02801671172278201,0.018100984439504603,0.06195652173913044,3149,57,35,True,0.0021039507519675835,1,True,False,-0.029903782257110448,1,True
465129,79,oven,a photo of a oven,0.044111160123511246,GE_MAP,all,GE_POS3_SMART,0.014207377866400797,0.9211774553571429,0.02801671172278201,0.018100984439504603,0.06195652173913044,3149,57,35,True,0.0021039507519675835,1,True,False,-0.029903782257110448,1,True
465129,79,oven,a photo of a oven,0.044111160123511246,GE_MAP,all,GE_POS3_CASR,0.014207377866400797,0.9211774553571429,0.02801671172278201,0.018100984439504603,0.06195652173913044,3149,57,35,True,0.0021039507519675835,1,True,False,-0.029903782257110448,1,True
528705,88,teddy bear,a photo of a teddy bear,0.5108227439155718,GE_MAP,all,GE_MAP,0.5108227439155718,0.8189373405612245,0.6762179692790192,0.606120623562484,0.7646489884742484,15652,9487,0,True,0.0,-1,True,False,0.0,-1,False
528705,88,teddy bear,a photo of a teddy bear,0.5108227439155718,GE_MAP,all,GE_POS3_SAM,0.3279833079207126,0.8331074617346939,0.49395697365240515,0.9869596715769138,0.3294108164745708,4141,4087,0,True,0.0,-1,True,False,-0.1828394359948592,2,True
528705,88,teddy bear,a photo of a teddy bear,0.5108227439155718,GE_MAP,all,GE_POS3_SMART,0.447046398135334,0.6974051339285714,0.6178743110260992,0.44920588450559906,0.9893608446844523,27326,12275,0,True,0.0,-1,True,False,-0.06377634578023783,0,True
528705,88,teddy bear,a photo of a teddy bear,0.5108227439155718,GE_MAP,all,GE_POS3_CASR,0.447046398135334,0.6974051339285714,0.6178743110260992,0.44920588450559906,0.9893608446844523,27326,12275,0,True,0.0,-1,True,False,-0.06377634578023783,0,True
528705,1,person,a photo of a person,0.002961452568210506,GE_MAP,all,GE_MAP,0.002961452568210506,0.5907007334183674,0.0059054165254852605,0.0031141515213395955,0.05695611577964519,19588,61,6331,False,0.24668796758104738,88,False,False,0.0,-1,False
528705,1,person,a photo of a person,0.002961452568210506,GE_MAP,all,GE_POS3_SAM,0.0,0.4055125956632653,0.0,0.0,0.0,28758,0,12344,False,0.42829880989556224,88,False,False,-0.002961452568210506,0,True
528705,1,person,a photo of a person,0.002961452568210506,GE_MAP,all,GE_POS3_SMART,0.0,0.4055125956632653,0.0,0.0,0.0,28758,0,12344,False,0.42829880989556224,88,False,False,-0.002961452568210506,0,True
528705,1,person,a photo of a person,0.002961452568210506,GE_MAP,all,GE_POS3_CASR,0.0,0.4055125956632653,0.0,0.0,0.0,28758,0,12344,False,0.42829880989556224,88,False,False,-0.002961452568210506,0,True
132544,1,person,a photo of a person,0.19188596491228072,GE_MAP,all,GE_MAP,0.19188596491228072,0.6181042729591837,0.3219871205151794,0.28377198453286767,0.3720968269545306,16034,4550,3363,True,0.14717319772659287,28,True,False,0.0,-1,False
132544,1,person,a photo of a person,0.19188596491228072,GE_MAP,all,GE_POS3_SAM,0.03959226800919883,0.6920440051020408,0.07616883893339711,0.1416184971098266,0.05209355577363428,4498,637,1130,False,0.1651921903599756,28,False,False,-0.1522936969030819,1,True
132544,1,person,a photo of a person,0.19188596491228072,GE_MAP,all,GE_POS3_SMART,0.03262496258605208,0.6779336734693877,0.06318840579710144,0.10852250099561928,0.04456983971213608,5022,545,2567,False,0.45585874799357945,28,False,False,-0.15926100232622864,0,True
132544,1,person,a photo of a person,0.19188596491228072,GE_MAP,all,GE_POS3_CASR,0.03262496258605208,0.6779336734693877,0.06318840579710144,0.10852250099561928,0.04456983971213608,5022,545,2567,False,0.45585874799357945,28,False,False,-0.15926100232622864,0,True
132544,28,umbrella,a photo of a umbrella,0.24126413155190132,GE_MAP,all,GE_MAP,0.24126413155190132,0.8234414859693877,0.3887393914303457,0.24815010570824525,0.8968481375358166,11352,2817,4578,False,0.2273579013116802,1,True,False,0.0,-1,False
132544,28,umbrella,a photo of a umbrella,0.24126413155190132,GE_MAP,all,GE_POS3_SAM,0.7479775980087119,0.9838568239795918,0.8558205767176932,0.9705288655631813,0.7653613498885705,2477,2404,0,True,0.0009529643999727724,1,True,False,0.5067134664568106,1,True
132544,28,umbrella,a photo of a umbrella,0.24126413155190132,GE_MAP,all,GE_POS3_SMART,0.7479775980087119,0.9838568239795918,0.8558205767176932,0.9705288655631813,0.7653613498885705,2477,2404,0,True,0.0009529643999727724,1,True,False,0.5067134664568106,1,True
132544,28,umbrella,a photo of a umbrella,0.24126413155190132,GE_MAP,all,GE_POS3_CASR,0.7479775980087119,0.9838568239795918,0.8558205767176932,0.9705288655631813,0.7653613498885705,2477,2404,0,True,0.0009529643999727724,1,True,False,0.5067134664568106,1,True
356094,1,person,a photo of a person,0.2329203137433216,GE_MAP,all,GE_MAP,0.2329203137433216,0.5965401785714286,0.3778351465978241,0.355133167716217,0.40363779630967234,17309,6147,1,True,0.0002232890476722117,39,True,False,0.0,-1,False
356094,1,person,a photo of a person,0.2329203137433216,GE_MAP,all,GE_POS3_SAM,0.6563481381785554,0.8778698979591837,0.7925243770314193,0.8180610889774237,0.7685337185632675,14307,11704,0,True,0.0,-1,True,False,0.42342782443523386,0,True
356094,1,person,a photo of a person,0.2329203137433216,GE_MAP,all,GE_POS3_SMART,0.6563481381785554,0.8778698979591837,0.7925243770314193,0.8180610889774237,0.7685337185632675,14307,11704,0,True,0.0,-1,True,False,0.42342782443523386,0,True
356094,1,person,a photo of a person,0.2329203137433216,GE_MAP,all,GE_POS3_CASR,0.6563481381785554,0.8778698979591837,0.7925243770314193,0.8180610889774237,0.7685337185632675,14307,11704,0,True,0.0,-1,True,False,0.42342782443523386,0,True
356094,39,baseball bat,a photo of a baseball bat,0.03990825688073395,GE_MAP,all,GE_MAP,0.03990825688073395,0.7080078125,0.07675341861490957,0.03990825688073395,1.0,15260,609,7653,False,0.3326194326675117,1,False,False,0.0,-1,False
356094,39,baseball bat,a photo of a baseball bat,0.03990825688073395,GE_MAP,all,GE_POS3_SAM,0.31758957654723124,0.9749481823979592,0.4820766378244747,0.3217821782178218,0.9605911330049262,1818,585,1166,False,0.0736915034326384,1,True,False,0.2776813196664973,1,True
356094,39,baseball bat,a photo of a baseball bat,0.03990825688073395,GE_MAP,all,GE_POS3_SMART,0.31758957654723124,0.9749481823979592,0.4820766378244747,0.3217821782178218,0.9605911330049262,1818,585,1166,False,0.0736915034326384,1,True,False,0.2776813196664973,1,True
356094,39,baseball bat,a photo of a baseball bat,0.03990825688073395,GE_MAP,all,GE_POS3_CASR,0.31758957654723124,0.9749481823979592,0.4820766378244747,0.3217821782178218,0.9605911330049262,1818,585,1166,False,0.0736915034326384,1,True,False,0.2776813196664973,1,True
7816,1,person,a photo of a person,0.19335788671577342,GE_MAP,all,GE_MAP,0.19335788671577342,0.7468311543367347,0.32405682967062205,0.2192856114071727,0.6205420827389444,13886,3045,1692,True,0.08681607106803957,4,True,False,0.0,-1,False
7816,1,person,a photo of a person,0.19335788671577342,GE_MAP,all,GE_POS3_SAM,0.2070711003815902,0.7970742984693877,0.3430967741935484,0.25101482110827905,0.5418789484410026,10593,2659,7439,False,0.7023520627216726,4,False,True,0.013713213665816792,0,True
7816,1,person,a photo of a person,0.19335788671577342,GE_MAP,all,GE_POS3_SMART,0.2563887725178048,0.8584980867346939,0.4081360453484495,0.34532374100719426,0.49887915223150603,7089,2448,4536,False,0.4557399723374827,4,False,False,0.06303088580203137,1,True
7816,1,person,a photo of a person,0.19335788671577342,GE_MAP,all,GE_POS3_CASR,0.2563887725178048,0.8584980867346939,0.4081360453484495,0.34532374100719426,0.49887915223150603,7089,2448,4536,False,0.4557399723374827,4,False,False,0.06303088580203137,1,True
7816,4,motorcycle,a photo of a motorcycle,0.5576148879605013,GE_MAP,all,GE_MAP,0.5576148879605013,0.8839285714285714,0.7159855652004291,0.5708398133748056,0.9601098613654199,12860,7341,2276,True,0.15415096790957517,1,True,False,0.0,-1,False
7816,4,motorcycle,a photo of a motorcycle,0.5576148879605013,GE_MAP,all,GE_POS3_SAM,0.23336811896686668,0.8828722895408163,0.3784241142252776,0.9889441680486457,0.23397855087627517,1809,1789,0,True,0.0,-1,True,False,-0.3242467689936346,2,True
7816,4,motorcycle,a photo of a motorcycle,0.5576148879605013,GE_MAP,all,GE_POS3_SMART,0.7868106277125013,0.9598612882653061,0.8806872037914691,0.8049599306909249,0.9721422966256866,9234,7433,1719,True,0.14641264693960276,1,True,False,0.22919573975200003,0,True
7816,4,motorcycle,a photo of a motorcycle,0.5576148879605013,GE_MAP,all,GE_POS3_CASR,0.7868106277125013,0.9598612882653061,0.8806872037914691,0.8049599306909249,0.9721422966256866,9234,7433,1719,True,0.14641264693960276,1,True,False,0.22919573975200003,0,True
197388,35,skis,a photo of a skis,0.024231223368756095,GE_MAP,all,GE_MAP,0.024231223368756095,0.6211933992346939,0.047315924013833895,0.024281084417922733,0.921875,19439,472,2017,False,0.08777019572590201,1,False,False,0.0,-1,False
197388,35,skis,a photo of a skis,0.024231223368756095,GE_MAP,all,GE_POS3_SAM,0.046529662659945716,0.901985012755102,0.0889218228973694,0.04911993450675399,0.46875,4886,240,4059,False,0.5312777566298693,1,False,True,0.02229843929118962,1,True
197388,35,skis,a photo of a skis,0.024231223368756095,GE_MAP,all,GE_POS3_SMART,0.1373134328358209,0.9712013711734694,0.24146981627296588,0.16511127063890882,0.44921875,1393,230,674,False,0.10289389067524116,1,True,False,0.1130822094670648,2,True
197388,35,skis,a photo of a skis,0.024231223368756095,GE_MAP,all,GE_POS3_CASR,0.1373134328358209,0.9712013711734694,0.24146981627296588,0.16511127063890882,0.44921875,1393,230,674,False,0.10289389067524116,1,True,False,0.1130822094670648,2,True
197388,1,person,a photo of a person,0.04744781979747882,GE_MAP,all,GE_MAP,0.04744781979747882,0.5406768176020408,0.09059700903602573,0.0632123781730081,0.15984405458089668,18161,1148,1,True,5.3556126820908315e-05,35,True,False,0.0,-1,False
197388,1,person,a photo of a person,0.04744781979747882,GE_MAP,all,GE_POS3_SAM,0.000266514372739387,0.4766820790816326,0.0005328867235079172,0.00036668412781561024,0.0009746588693957114,19090,7,0,True,0.0,-1,True,False,-0.04718130542473943,0,True
197388,1,person,a photo of a person,0.04744781979747882,GE_MAP,all,GE_POS3_SMART,0.000266514372739387,0.4766820790816326,0.0005328867235079172,0.00036668412781561024,0.0009746588693957114,19090,7,0,True,0.0,-1,True,False,-0.04718130542473943,0,True
197388,1,person,a photo of a person,0.04744781979747882,GE_MAP,all,GE_POS3_CASR,0.04744781979747882,0.5406768176020408,0.09059700903602573,0.0632123781730081,0.15984405458089668,18161,1148,1,True,5.3556126820908315e-05,35,True,False,0.0,0,False
457848,4,motorcycle,a photo of a motorcycle,0.44835082024230477,GE_MAP,all,GE_MAP,0.44835082024230477,0.6206752232142857,0.6191190890716616,0.88953421506613,0.4747859181731684,17390,15469,62,True,0.0034784337109918504,1,True,False,0.0,-1,False
457848,4,motorcycle,a photo of a motorcycle,0.44835082024230477,GE_MAP,all,GE_POS3_SAM,0.1857029242628166,0.46944754464285715,0.3132368495730465,0.9820446457457134,0.18633559436481384,6182,6071,0,True,0.0,-1,True,False,-0.2626478959794882,2,True
457848,4,motorcycle,a photo of a motorcycle,0.44835082024230477,GE_MAP,all,GE_POS3_SMART,0.6454429742770033,0.7612802933673469,0.7845218392458804,0.9477550310774981,0.6692550873208312,23007,21805,8,True,0.0007366625310173697,1,True,False,0.19709215403469849,0,True
457848,4,motorcycle,a photo of a motorcycle,0.44835082024230477,GE_MAP,all,GE_POS3_CASR,0.6454429742770033,0.7612802933673469,0.7845218392458804,0.9477550310774981,0.6692550873208312,23007,21805,8,True,0.0007366625310173697,1,True,False,0.19709215403469849,0,True
457848,1,person,a photo of a person,0.026569807941088666,GE_MAP,all,GE_MAP,0.026569807941088666,0.6100924744897959,0.05176424970918961,0.029952883105227732,0.19044222539229672,17828,534,13447,False,0.36391677263995237,4,False,False,0.0,-1,False
457848,1,person,a photo of a person,0.026569807941088666,GE_MAP,all,GE_POS3_SAM,0.0017341040462427746,0.8279057716836735,0.003462204270051933,0.0025592902235113462,0.005349500713266762,5861,15,945,False,0.025202016161292903,4,False,False,-0.024835703894845892,2,True
457848,1,person,a photo of a person,0.026569807941088666,GE_MAP,all,GE_POS3_SMART,0.027670598610957997,0.6484375,0.05385110491310877,0.031691919191919195,0.17902995720399428,15840,502,9798,False,0.2551128852484512,4,False,False,0.001100790669869331,0,True
457848,1,person,a photo of a person,0.026569807941088666,GE_MAP,all,GE_POS3_CASR,0.026569807941088666,0.6100924744897959,0.05176424970918961,0.029952883105227732,0.19044222539229672,17828,534,13447,False,0.36391677263995237,4,False,False,0.0,0,False
212226,8,truck,a photo of a truck,0.31275187527577586,GE_MAP,all,GE_MAP,0.31275187527577586,0.5343789859693877,0.47648284670715035,0.7094148261826917,0.35870445344129553,14987,10632,1117,True,0.05701463613646795,1,True,False,0.0,-1,False
212226,8,truck,a photo of a truck,0.31275187527577586,GE_MAP,all,GE_POS3_SAM,0.7566750357711725,0.8203722895408163,0.8614855000076842,0.7911033334274182,0.9456140350877194,35429,28028,1657,True,0.04301892528691951,1,True,False,0.4439231604953966,0,True
212226,8,truck,a photo of a truck,0.31275187527577586,GE_MAP,all,GE_POS3_SMART,0.7566750357711725,0.8203722895408163,0.8614855000076842,0.7911033334274182,0.9456140350877194,35429,28028,1657,True,0.04301892528691951,1,True,False,0.4439231604953966,0,True
212226,8,truck,a photo of a truck,0.31275187527577586,GE_MAP,all,GE_POS3_CASR,0.7566750357711725,0.8203722895408163,0.8614855000076842,0.7911033334274182,0.9456140350877194,35429,28028,1657,True,0.04301892528691951,1,True,False,0.4439231604953966,0,True
212226,1,person,a photo of a person,0.31971199393671446,GE_MAP,all,GE_MAP,0.31971199393671446,0.7853356186224489,0.4845178272313951,0.3340151765094028,0.8818815331010453,15155,5062,6760,False,0.17984038770511235,8,True,False,0.0,-1,False
212226,1,person,a photo of a person,0.31971199393671446,GE_MAP,all,GE_POS3_SAM,0.8934930936927942,0.9872448979591837,0.9437510986113552,0.9522880454061724,0.9353658536585366,5638,5369,53,True,0.002557690121632375,8,True,False,0.5737810997560797,1,True
212226,1,person,a photo of a person,0.31971199393671446,GE_MAP,all,GE_POS3_SMART,0.8934930936927942,0.9872448979591837,0.9437510986113552,0.9522880454061724,0.9353658536585366,5638,5369,53,True,0.002557690121632375,8,True,False,0.5737810997560797,1,True
212226,1,person,a photo of a person,0.31971199393671446,GE_MAP,all,GE_POS3_CASR,0.8934930936927942,0.9872448979591837,0.9437510986113552,0.9522880454061724,0.9353658536585366,5638,5369,53,True,0.002557690121632375,8,True,False,0.5737810997560797,1,True
111086,9,boat,a photo of a boat,0.5789360881306528,GE_MAP,all,GE_MAP,0.5789360881306528,0.8042291135204082,0.7333242839690511,0.8609676802447886,0.638641951957632,15687,13506,1176,True,0.04186046511627907,3,True,False,0.0,-1,False
111086,9,boat,a photo of a boat,0.5789360881306528,GE_MAP,all,GE_POS3_SAM,0.9642644157988899,0.9844746492346939,0.981807141689437,0.9699598541830096,0.9939474181955741,21671,21020,0,True,0.0,-1,True,False,0.3853283276682371,0,True
111086,9,boat,a photo of a boat,0.5789360881306528,GE_MAP,all,GE_POS3_SMART,0.9642644157988899,0.9844746492346939,0.981807141689437,0.9699598541830096,0.9939474181955741,21671,21020,0,True,0.0,-1,True,False,0.3853283276682371,0,True
111086,9,boat,a photo of a boat,0.5789360881306528,GE_MAP,all,GE_POS3_CASR,0.9642644157988899,0.9844746492346939,0.981807141689437,0.9699598541830096,0.9939474181955741,21671,21020,0,True,0.0,-1,True,False,0.3853283276682371,0,True
111086,3,car,a photo of a car,0.5459584761136868,GE_MAP,all,GE_MAP,0.5459584761136868,0.8204320790816326,0.7063041919290697,0.6201843265212662,0.8201983496101143,17469,10834,4273,True,0.12180455496165465,9,True,False,0.0,-1,False
111086,3,car,a photo of a car,0.5459584761136868,GE_MAP,all,GE_POS3_SAM,0.4587488667271079,0.8572225765306123,0.6289620882535737,0.9955730447614363,0.45968657733363616,6099,6072,0,True,0.0201619304651532,1,True,False,-0.08720960938657885,1,True
111086,3,car,a photo of a car,0.5459584761136868,GE_MAP,all,GE_POS3_SMART,0.4587488667271079,0.8572225765306123,0.6289620882535737,0.9955730447614363,0.45968657733363616,6099,6072,0,True,0.0201619304651532,1,True,False,-0.08720960938657885,1,True
111086,3,car,a photo of a car,0.5459584761136868,GE_MAP,all,GE_POS3_CASR,0.4587488667271079,0.8572225765306123,0.6289620882535737,0.9955730447614363,0.45968657733363616,6099,6072,0,True,0.0201619304651532,1,True,False,-0.08720960938657885,1,True
384527,84,book,a photo of a book,0.03871961280387196,GE_MAP,all,GE_MAP,0.03871961280387196,0.6516661352040817,0.07455257862967277,0.042770352369380316,0.2901896125309151,16460,704,6407,False,0.22607808114314876,62,False,False,0.0,-1,False
384527,84,book,a photo of a book,0.03871961280387196,GE_MAP,all,GE_POS3_SAM,0.0024964633435965713,0.761100924744898,0.004980493068813812,0.0031181789834736516,0.01236603462489695,9621,30,4898,False,0.26902879566045357,62,False,False,-0.03622314946027539,1,True
384527,84,book,a photo of a book,0.03871961280387196,GE_MAP,all,GE_POS3_SMART,0.0024964633435965713,0.761100924744898,0.004980493068813812,0.0031181789834736516,0.01236603462489695,9621,30,4898,False,0.26902879566045357,62,False,False,-0.03622314946027539,1,True
384527,84,book,a photo of a book,0.03871961280387196,GE_MAP,all,GE_POS3_CASR,0.03871961280387196,0.6516661352040817,0.07455257862967277,0.042770352369380316,0.2901896125309151,16460,704,6407,False,0.22607808114314876,62,False,False,0.0,1,False
384527,62,chair,a photo of a chair,0.5824004455583403,GE_MAP,all,GE_MAP,0.5824004455583403,0.8505660076530612,0.7360974236238209,0.6518513901009849,0.8453516572352465,16042,10457,1597,True,0.06142952248381044,2,True,False,0.0,-1,False
384527,62,chair,a photo of a chair,0.5824004455583403,GE_MAP,all,GE_POS3_SAM,0.3417569193742479,0.8364756058673469,0.5094170403587444,0.9781859931113662,0.34438156831042843,4355,4260,5,True,0.027424242424242424,84,True,False,-0.24064352618409235,1,True
384527,62,chair,a photo of a chair,0.5824004455583403,GE_MAP,all,GE_POS3_SMART,0.4461146902091784,0.8612085459183674,0.6169838301616983,0.9650722642807984,0.4534357316087308,5812,5609,7,True,0.02259185700099305,84,True,False,-0.13628575534916187,0,True
384527,62,chair,a photo of a chair,0.5824004455583403,GE_MAP,all,GE_POS3_CASR,0.4461146902091784,0.8612085459183674,0.6169838301616983,0.9650722642807984,0.4534357316087308,5812,5609,7,True,0.02259185700099305,84,True,False,-0.13628575534916187,0,True
61108,18,dog,a photo of a dog,0.18279011833091136,GE_MAP,all,GE_MAP,0.18279011833091136,0.8430923150510204,0.309082931110136,0.1859360152043079,0.9152806652806653,9471,1761,2783,False,0.1601209957353962,2,True,False,0.0,-1,False
61108,18,dog,a photo of a dog,0.18279011833091136,GE_MAP,all,GE_POS3_SAM,0.5462861324551774,0.9752869897959183,0.706578324656886,0.6485664639443962,0.775987525987526,2302,1493,604,True,0.07749518560329371,2,True,False,0.3634960141242661,1,True
61108,18,dog,a photo of a dog,0.18279011833091136,GE_MAP,all,GE_POS3_SMART,0.5462861324551774,0.9752869897959183,0.706578324656886,0.6485664639443962,0.775987525987526,2302,1493,604,True,0.07749518560329371,2,True,False,0.3634960141242661,1,True
61108,18,dog,a photo of a dog,0.18279011833091136,GE_MAP,all,GE_POS3_CASR,0.5462861324551774,0.9752869897959183,0.706578324656886,0.6485664639443962,0.775987525987526,2302,1493,604,True,0.07749518560329371,2,True,False,0.3634960141242661,1,True
61108,2,bicycle,a photo of a bicycle,0.5378067654211807,GE_MAP,all,GE_MAP,0.5378067654211807,0.8333466198979592,0.6994464812019265,0.7001007339185494,0.6987934501580005,13898,9730,348,True,0.04215518377025425,18,True,False,0.0,-1,False
61108,2,bicycle,a photo of a bicycle,0.5378067654211807,GE_MAP,all,GE_POS3_SAM,0.3507138857782755,0.8151108099489796,0.5193015182133789,0.9322790697674419,0.3598822177535191,5375,5011,0,True,0.0,-1,True,False,-0.18709287964290516,1,True
61108,2,bicycle,a photo of a bicycle,0.5378067654211807,GE_MAP,all,GE_POS3_SMART,0.6875903365682429,0.909538424744898,0.8148782576777193,0.9428975932043416,0.7174662453318013,10595,9990,0,True,0.05281305188798251,18,True,False,0.1497835711470622,0,True
61108,2,bicycle,a photo of a bicycle,0.5378067654211807,GE_MAP,all,GE_POS3_CASR,0.6875903365682429,0.909538424744898,0.8148782576777193,0.9428975932043416,0.7174662453318013,10595,9990,0,True,0.05281305188798251,18,True,False,0.1497835711470622,0,True
245026,61,cake,a photo of a cake,0.4799924736578023,GE_MAP,all,GE_MAP,0.4799924736578023,0.8347616390306123,0.6486417764970124,0.48875973943032314,0.9639753117521098,15658,7653,590,True,0.028077242032934487,1,True,False,0.0,-1,False
245026,61,cake,a photo of a cake,0.4799924736578023,GE_MAP,all,GE_POS3_SAM,0.8734006734006734,0.9775191326530612,0.9324227174694465,0.8890666057351765,0.9802242095981861,8753,7782,10,True,0.0022529602850256732,1,True,False,0.3934081997428711,0,True
245026,61,cake,a photo of a cake,0.4799924736578023,GE_MAP,all,GE_POS3_SMART,0.8734006734006734,0.9775191326530612,0.9324227174694465,0.8890666057351765,0.9802242095981861,8753,7782,10,True,0.0022529602850256732,1,True,False,0.3934081997428711,0,True
245026,61,cake,a photo of a cake,0.4799924736578023,GE_MAP,all,GE_POS3_CASR,0.8734006734006734,0.9775191326530612,0.9324227174694465,0.8890666057351765,0.9802242095981861,8753,7782,10,True,0.0022529602850256732,1,True,False,0.3934081997428711,0,True
245026,1,person,a photo of a person,0.48221797323135757,GE_MAP,all,GE_MAP,0.48221797323135757,0.8111049107142857,0.650670794633643,0.5267963714490331,0.8507131842713955,16756,8827,103,True,0.00500569754191763,61,True,False,0.0,-1,False
245026,1,person,a photo of a person,0.48221797323135757,GE_MAP,all,GE_POS3_SAM,0.2201484146615696,0.7926498724489796,0.3608551419093255,0.4976279227380549,0.28305705474171167,5902,2937,0,True,0.0,-1,True,False,-0.262069558569788,1,True
245026,1,person,a photo of a person,0.48221797323135757,GE_MAP,all,GE_POS3_SMART,0.8989289892898928,0.9776187818877551,0.946774728660126,0.9314557493238832,0.9626060138781805,10723,9988,241,True,0.017779232111692845,61,True,False,0.4167110160585353,0,True
245026,1,person,a photo of a person,0.48221797323135757,GE_MAP,all,GE_POS3_CASR,0.8989289892898928,0.9776187818877551,0.946774728660126,0.9314557493238832,0.9626060138781805,10723,9988,241,True,0.017779232111692845,61,True,False,0.4167110160585353,0,True
310980,76,keyboard,a photo of a keyboard,0.17916212736456374,GE_MAP,all,GE_MAP,0.17916212736456374,0.6696428571428571,0.30388039643877035,0.1801792828685259,0.9694533762057878,20080,3618,16169,False,0.5289806617273384,73,False,True,0.0,-1,False
310980,76,keyboard,a photo of a keyboard,0.17916212736456374,GE_MAP,all,GE_POS3_SAM,0.7138700290979632,0.9706034757653061,0.8330503678551217,0.7211444248481286,0.9860664523043944,5103,3680,1111,True,0.1281153064498877,73,True,False,0.5347079017333994,1,True
310980,76,keyboard,a photo of a keyboard,0.17916212736456374,GE_MAP,all,GE_POS3_SMART,0.7138700290979632,0.9706034757653061,0.8330503678551217,0.7211444248481286,0.9860664523043944,5103,3680,1111,True,0.1281153064498877,73,True,False,0.5347079017333994,1,True
310980,76,keyboard,a photo of a keyboard,0.17916212736456374,GE_MAP,all,GE_POS3_CASR,0.7138700290979632,0.9706034757653061,0.8330503678551217,0.7211444248481286,0.9860664523043944,5103,3680,1111,True,0.1281153064498877,73,True,False,0.5347079017333994,1,True
310980,73,laptop,a photo of a laptop,0.4971229760471029,GE_MAP,all,GE_MAP,0.4971229760471029,0.6255181760204082,0.6641043975688238,0.9850975816716164,0.500889871642757,18856,18575,12,True,0.18497534361557025,76,True,False,0.0,-1,False
310980,73,laptop,a photo of a laptop,0.4971229760471029,GE_MAP,all,GE_POS3_SAM,0.9353200656544932,0.9497369260204082,0.9665792054278974,0.9502840168846736,0.9834429942832489,38378,36470,0,True,0.09564448144871728,76,True,False,0.4381970896073903,0,True
310980,73,laptop,a photo of a laptop,0.4971229760471029,GE_MAP,all,GE_POS3_SMART,0.9353200656544932,0.9497369260204082,0.9665792054278974,0.9502840168846736,0.9834429942832489,38378,36470,0,True,0.09564448144871728,76,True,False,0.4381970896073903,0,True
310980,73,laptop,a photo of a laptop,0.4971229760471029,GE_MAP,all,GE_POS3_CASR,0.9353200656544932,0.9497369260204082,0.9665792054278974,0.9502840168846736,0.9834429942832489,38378,36470,0,True,0.09564448144871728,76,True,False,0.4381970896073903,0,True
135561,80,toaster,a photo of a toaster,0.03602172576347612,GE_MAP,all,GE_MAP,0.03602172576347612,0.6250597895408163,0.06953855284633266,0.03602172576347612,1.0,19516,703,4349,False,0.19583629051336646,82,False,False,0.0,-1,False
135561,80,toaster,a photo of a toaster,0.03602172576347612,GE_MAP,all,GE_POS3_SAM,0.23480662983425415,0.9613560267857143,0.38031319910514544,0.24525968672712284,0.8463726884779517,2426,595,7,True,0.0008560596795890913,82,True,False,0.19878490407077803,1,True
135561,80,toaster,a photo of a toaster,0.03602172576347612,GE_MAP,all,GE_POS3_SMART,0.23480662983425415,0.9613560267857143,0.38031319910514544,0.24525968672712284,0.8463726884779517,2426,595,7,True,0.0008560596795890913,82,True,False,0.19878490407077803,1,True
135561,80,toaster,a photo of a toaster,0.03602172576347612,GE_MAP,all,GE_POS3_CASR,0.23480662983425415,0.9613560267857143,0.38031319910514544,0.24525968672712284,0.8463726884779517,2426,595,7,True,0.0008560596795890913,82,True,False,0.19878490407077803,1,True
135561,82,refrigerator,a photo of a refrigerator,0.2314392368311904,GE_MAP,all,GE_MAP,0.2314392368311904,0.6676299426020408,0.3758841360727518,0.23956494776510995,0.8721778395276137,20963,5022,797,True,0.0290192353360247,80,True,False,0.0,-1,False
135561,82,refrigerator,a photo of a refrigerator,0.2314392368311904,GE_MAP,all,GE_POS3_SAM,0.46013612056392805,0.8672074298469388,0.6302646911936075,0.46310038326673736,0.9862799583188607,12263,5679,218,True,0.011008725434233058,51,True,False,0.22869688373273767,0,True
135561,82,refrigerator,a photo of a refrigerator,0.2314392368311904,GE_MAP,all,GE_POS3_SMART,0.46013612056392805,0.8672074298469388,0.6302646911936075,0.46310038326673736,0.9862799583188607,12263,5679,218,True,0.011008725434233058,51,True,False,0.22869688373273767,0,True
135561,82,refrigerator,a photo of a refrigerator,0.2314392368311904,GE_MAP,all,GE_POS3_CASR,0.46013612056392805,0.8672074298469388,0.6302646911936075,0.46310038326673736,0.9862799583188607,12263,5679,218,True,0.011008725434233058,51,True,False,0.22869688373273767,0,True
547144,73,laptop,a photo of a laptop,0.09752910430030887,GE_MAP,all,GE_MAP,0.09752910430030887,0.6971859056122449,0.17772486199805174,0.09785458879618593,0.967020023557126,16780,1642,7924,False,0.3398954703832753,72,False,False,0.0,-1,False
547144,73,laptop,a photo of a laptop,0.09752910430030887,GE_MAP,all,GE_POS3_SAM,0.10439751899087045,0.7438815369897959,0.18905786584211523,0.10587320658703796,0.8822143698468787,14149,1498,7424,False,0.39850858589313815,72,False,False,0.006868414690561583,0,True
547144,73,laptop,a photo of a laptop,0.09752910430030887,GE_MAP,all,GE_POS3_SMART,0.10439751899087045,0.7438815369897959,0.18905786584211523,0.10587320658703796,0.8822143698468787,14149,1498,7424,False,0.39850858589313815,72,False,False,0.006868414690561583,0,True
547144,73,laptop,a photo of a laptop,0.09752910430030887,GE_MAP,all,GE_POS3_CASR,0.10439751899087045,0.7438815369897959,0.18905786584211523,0.10587320658703796,0.8822143698468787,14149,1498,7424,False,0.39850858589313815,72,False,False,0.006868414690561583,0,True
547144,76,keyboard,a photo of a keyboard,0.1390920631082633,GE_MAP,all,GE_MAP,0.1390920631082633,0.7161591198979592,0.2442156654638081,0.13953911461491814,0.9774851316907391,16490,2301,7088,False,0.3360112590160089,72,False,False,0.0,-1,False
547144,76,keyboard,a photo of a keyboard,0.1390920631082633,GE_MAP,all,GE_POS3_SAM,0.732463295269168,0.9836575255102041,0.8455743879472694,0.7594722598105548,0.953695836873407,2956,2245,630,True,0.1531219028741328,73,True,False,0.5933712321609047,1,True
547144,76,keyboard,a photo of a keyboard,0.1390920631082633,GE_MAP,all,GE_POS3_SMART,0.22145669291338582,0.8423549107142857,0.36261079774375504,0.22374701670644392,0.9558198810535259,10056,2250,6170,False,0.38750742595264365,72,False,False,0.08236462980512252,0,True
547144,76,keyboard,a photo of a keyboard,0.1390920631082633,GE_MAP,all,GE_POS3_CASR,0.22145669291338582,0.8423549107142857,0.36261079774375504,0.22374701670644392,0.9558198810535259,10056,2250,6170,False,0.38750742595264365,72,False,False,0.08236462980512252,0,True
579321,18,dog,a photo of a dog,0.5503845725114257,GE_MAP,all,GE_MAP,0.5503845725114257,0.839225924744898,0.7099974835532229,0.7466354150914865,0.6767870605167569,13226,9875,455,True,0.026373973468098548,1,True,False,0.0,-1,False
579321,18,dog,a photo of a dog,0.5503845725114257,GE_MAP,all,GE_POS3_SAM,0.5482767869116266,0.8657326211734694,0.70824130613659,0.962,0.5604139538071414,8500,8177,58,True,0.005787825139588724,1,True,False,-0.0021077855997990724,2,True
579321,18,dog,a photo of a dog,0.5503845725114257,GE_MAP,all,GE_POS3_SMART,0.5605249062667381,0.8691804846938775,0.718379955380127,0.9604221635883905,0.5737783565211432,8717,8372,56,True,0.005838534326555265,1,True,False,0.010140333755312425,1,True
579321,18,dog,a photo of a dog,0.5503845725114257,GE_MAP,all,GE_POS3_CASR,0.5605249062667381,0.8691804846938775,0.718379955380127,0.9604221635883905,0.5737783565211432,8717,8372,56,True,0.005838534326555265,1,True,False,0.010140333755312425,1,True
579321,1,person,a photo of a person,0.02688198513120969,GE_MAP,all,GE_MAP,0.02688198513120969,0.606086575255102,0.05235652298988349,0.0374331550802139,0.08706745335672142,14586,546,8157,False,0.39189962789810134,18,False,False,0.0,-1,False
579321,1,person,a photo of a person,0.02688198513120969,GE_MAP,all,GE_POS3_SAM,0.002770367330186743,0.6126036352040817,0.005525427197380538,0.004067796610169492,0.00861106681549992,13275,54,12930,False,0.8676943699731904,18,False,True,-0.024111617801022948,0,True
579321,1,person,a photo of a person,0.02688198513120969,GE_MAP,all,GE_POS3_SMART,0.002770367330186743,0.6126036352040817,0.005525427197380538,0.004067796610169492,0.00861106681549992,13275,54,12930,False,0.8676943699731904,18,False,True,-0.024111617801022948,0,True
579321,1,person,a photo of a person,0.02688198513120969,GE_MAP,all,GE_POS3_CASR,0.002770367330186743,0.6126036352040817,0.005525427197380538,0.004067796610169492,0.00861106681549992,13275,54,12930,False,0.8676943699731904,18,False,True,-0.024111617801022948,0,True
395388,1,person,a photo of a person,0.41190240857306354,GE_MAP,all,GE_MAP,0.41190240857306354,0.7746930803571429,0.5834715006816256,0.6006675769989379,0.5672326097858013,13182,7918,1294,True,0.08590654205607477,20,True,False,0.0,-1,False
395388,1,person,a photo of a person,0.41190240857306354,GE_MAP,all,GE_POS3_SAM,0.004426709894631835,0.6817602040816326,0.008814400993171942,0.03300790330079033,0.0050863242352604055,2151,71,1048,False,0.3628560280920796,20,False,False,-0.4074756986784317,2,True
395388,1,person,a photo of a person,0.41190240857306354,GE_MAP,all,GE_POS3_SMART,0.004426709894631835,0.6817602040816326,0.008814400993171942,0.03300790330079033,0.0050863242352604055,2151,71,1048,False,0.3628560280920796,20,False,False,-0.4074756986784317,2,True
395388,1,person,a photo of a person,0.41190240857306354,GE_MAP,all,GE_POS3_CASR,0.004426709894631835,0.6817602040816326,0.008814400993171942,0.03300790330079033,0.0050863242352604055,2151,71,1048,False,0.3628560280920796,20,False,False,-0.4074756986784317,2,True
395388,20,sheep,a photo of a sheep,0.1258673862760216,GE_MAP,all,GE_MAP,0.1258673862760216,0.8192362882653061,0.22359185071049478,0.12630560928433268,0.9731743666169895,10340,1306,1448,False,0.06146251965752228,1,True,False,0.0,-1,False
395388,20,sheep,a photo of a sheep,0.1258673862760216,GE_MAP,all,GE_POS3_SAM,0.5607580824972129,0.9842952806122449,0.7185714285714285,0.6899862825788752,0.7496274217585693,1458,1006,0,True,0.0,-1,True,False,0.43489069622119136,1,True
395388,20,sheep,a photo of a sheep,0.1258673862760216,GE_MAP,all,GE_POS3_SMART,0.5607580824972129,0.9842952806122449,0.7185714285714285,0.6899862825788752,0.7496274217585693,1458,1006,0,True,0.0,-1,True,False,0.43489069622119136,1,True
395388,20,sheep,a photo of a sheep,0.1258673862760216,GE_MAP,all,GE_POS3_CASR,0.5607580824972129,0.9842952806122449,0.7185714285714285,0.6899862825788752,0.7496274217585693,1458,1006,0,True,0.0,-1,True,False,0.43489069622119136,1,True
243204,54,sandwich,a photo of a sandwich,0.07417553471710041,GE_MAP,all,GE_MAP,0.07417553471710041,0.8248764349489796,0.1381069151544875,0.07417553471710041,1.0,9491,704,5690,False,0.28532774132449434,79,False,False,0.0,-1,False
243204,54,sandwich,a photo of a sandwich,0.07417553471710041,GE_MAP,all,GE_POS3_SAM,0.1336643116287951,0.9095782844387755,0.2358093313121105,0.13376648194152493,0.9943181818181818,5233,700,4104,False,0.4434110045036225,79,False,False,0.0594887769116947,1,True
243204,54,sandwich,a photo of a sandwich,0.07417553471710041,GE_MAP,all,GE_POS3_SMART,0.1336643116287951,0.9095782844387755,0.2358093313121105,0.13376648194152493,0.9943181818181818,5233,700,4104,False,0.4434110045036225,79,False,False,0.0594887769116947,1,True
243204,54,sandwich,a photo of a sandwich,0.07417553471710041,GE_MAP,all,GE_POS3_CASR,0.1336643116287951,0.9095782844387755,0.2358093313121105,0.13376648194152493,0.9943181818181818,5233,700,4104,False,0.4434110045036225,79,False,False,0.0594887769116947,1,True
243204,50,spoon,a photo of a spoon,0.10180836073273837,GE_MAP,all,GE_MAP,0.10180836073273837,0.6951132015306123,0.18480230203559628,0.10198800141159864,0.9829931972789115,17002,1734,12312,False,0.2780173913043478,1,False,False,0.0,-1,False
243204,50,spoon,a photo of a spoon,0.10180836073273837,GE_MAP,all,GE_POS3_SAM,0.24246231155778894,0.8918407206632653,0.3902932254802831,0.24337957124842372,0.9846938775510204,7137,1737,3252,False,0.3904944871366522,79,False,False,0.14065395082505056,1,True
243204,50,spoon,a photo of a spoon,0.10180836073273837,GE_MAP,all,GE_POS3_SMART,0.24246231155778894,0.8918407206632653,0.3902932254802831,0.24337957124842372,0.9846938775510204,7137,1737,3252,False,0.3904944871366522,79,False,False,0.14065395082505056,1,True
243204,50,spoon,a photo of a spoon,0.10180836073273837,GE_MAP,all,GE_POS3_CASR,0.24246231155778894,0.8918407206632653,0.3902932254802831,0.24337957124842372,0.9846938775510204,7137,1737,3252,False,0.3904944871366522,79,False,False,0.14065395082505056,1,True
580410,84,book,a photo of a book,0.06310459492140266,GE_MAP,all,GE_MAP,0.06310459492140266,0.7529296875,0.11871756593445652,0.06324799272837449,0.9653179190751445,13202,835,3233,False,0.1082370480805069,31,False,False,0.0,-1,False
580410,84,book,a photo of a book,0.06310459492140266,GE_MAP,all,GE_POS3_SAM,0.12309010424103956,0.8776108099489796,0.21919898283534647,0.12314285714285714,0.9965317919075144,7000,862,187,True,0.020762423417290673,62,True,False,0.05998550931963689,0,True
580410,84,book,a photo of a book,0.06310459492140266,GE_MAP,all,GE_POS3_SMART,0.12309010424103956,0.8776108099489796,0.21919898283534647,0.12314285714285714,0.9965317919075144,7000,862,187,True,0.020762423417290673,62,True,False,0.05998550931963689,0,True
580410,84,book,a photo of a book,0.06310459492140266,GE_MAP,all,GE_POS3_CASR,0.12309010424103956,0.8776108099489796,0.21919898283534647,0.12314285714285714,0.9965317919075144,7000,862,187,True,0.020762423417290673,62,True,False,0.05998550931963689,0,True
580410,31,handbag,a photo of a handbag,0.13305546649567168,GE_MAP,all,GE_MAP,0.13305546649567168,0.7844387755102041,0.23486134691567628,0.1331088124448721,0.996996996996997,12471,1660,2344,False,0.0930314613349015,63,True,False,0.0,-1,False
580410,31,handbag,a photo of a handbag,0.13305546649567168,GE_MAP,all,GE_POS3_SAM,0.4507216494845361,0.9734534438775511,0.6213757816941444,0.5898542903399892,0.6564564564564564,1853,1093,0,True,0.0,-1,True,False,0.3176661829888644,1,True
580410,31,handbag,a photo of a handbag,0.13305546649567168,GE_MAP,all,GE_POS3_SMART,0.4507216494845361,0.9734534438775511,0.6213757816941444,0.5898542903399892,0.6564564564564564,1853,1093,0,True,0.0,-1,True,False,0.3176661829888644,1,True
580410,31,handbag,a photo of a handbag,0.13305546649567168,GE_MAP,all,GE_POS3_CASR,0.4507216494845361,0.9734534438775511,0.6213757816941444,0.5898542903399892,0.6564564564564564,1853,1093,0,True,0.0,-1,True,False,0.3176661829888644,1,True
89648,62,chair,a photo of a chair,0.3618919154120616,GE_MAP,all,GE_MAP,0.3618919154120616,0.7077287946428571,0.5314546790632289,0.44917908835601644,0.6506297426269264,18516,8317,4559,True,0.1709328407441615,1,True,False,0.0,-1,False
89648,62,chair,a photo of a chair,0.3618919154120616,GE_MAP,all,GE_POS3_SAM,0.13617339312406576,0.7696508290816326,0.23970530193395606,0.7532038032244729,0.14253305170930142,2419,1822,274,True,0.03125498325625897,1,True,False,-0.22571852228799585,1,True
89648,62,chair,a photo of a chair,0.3618919154120616,GE_MAP,all,GE_POS3_SMART,0.13617339312406576,0.7696508290816326,0.23970530193395606,0.7532038032244729,0.14253305170930142,2419,1822,274,True,0.03125498325625897,1,True,False,-0.22571852228799585,1,True
89648,62,chair,a photo of a chair,0.3618919154120616,GE_MAP,all,GE_POS3_CASR,0.13617339312406576,0.7696508290816326,0.23970530193395606,0.7532038032244729,0.14253305170930142,2419,1822,274,True,0.03125498325625897,1,True,False,-0.22571852228799585,1,True
89648,1,person,a photo of a person,0.24501505656384798,GE_MAP,all,GE_MAP,0.24501505656384798,0.630241549744898,0.3935937244647818,0.4422978035701168,0.3545518784595454,13613,6021,2083,True,0.09481542928245541,62,True,False,0.0,-1,False
89648,1,person,a photo of a person,0.24501505656384798,GE_MAP,all,GE_POS3_SAM,0.23326353913191103,0.7299705038265306,0.37828660579085027,0.8567865308667637,0.24272759392297727,4811,4122,43,True,0.018537590113285273,77,True,False,-0.011751517431936948,0,True
89648,1,person,a photo of a person,0.24501505656384798,GE_MAP,all,GE_POS3_SMART,0.024119493200046496,0.6653579400510204,0.04710288859883094,0.6494522691705791,0.02443763985396302,639,415,18,True,0.07063711911357341,77,False,False,-0.22089556336380148,2,True
89648,1,person,a photo of a person,0.24501505656384798,GE_MAP,all,GE_POS3_CASR,0.024119493200046496,0.6653579400510204,0.04710288859883094,0.6494522691705791,0.02443763985396302,639,415,18,True,0.07063711911357341,77,False,False,-0.22089556336380148,2,True
375493,17,cat,a photo of a cat,0.04488589496838053,GE_MAP,all,GE_MAP,0.04488589496838053,0.7230747767857143,0.08591540030261167,0.04488589496838053,1.0,14548,653,5235,False,0.22208978943186333,1,False,False,0.0,-1,False
375493,17,cat,a photo of a cat,0.04488589496838053,GE_MAP,all,GE_POS3_SAM,0.06693500298151461,0.8752590880102041,0.12547156629872852,0.06903444034440344,0.6875957120980092,6504,449,5966,False,0.7931401223078969,1,False,True,0.022049108013134082,0,True
375493,17,cat,a photo of a cat,0.04488589496838053,GE_MAP,all,GE_POS3_SMART,0.45353159851301117,0.98828125,0.6240409207161125,0.535675082327113,0.7473200612557427,911,488,218,True,0.028128662586274254,1,True,False,0.40864570354463065,2,True
375493,17,cat,a photo of a cat,0.04488589496838053,GE_MAP,all,GE_POS3_CASR,0.45353159851301117,0.98828125,0.6240409207161125,0.535675082327113,0.7473200612557427,911,488,218,True,0.028128662586274254,1,True,False,0.40864570354463065,2,True
375493,11,fire hydrant,a photo of a fire hydrant,0.09365919082035616,GE_MAP,all,GE_MAP,0.09365919082035616,0.7575733418367347,0.17127674070036789,0.0948822463768116,0.879020979020979,13248,1257,2845,False,0.14156745471985555,1,False,False,0.0,-1,False
375493,11,fire hydrant,a photo of a fire hydrant,0.09365919082035616,GE_MAP,all,GE_POS3_SAM,0.8971704623878537,0.9970304528061225,0.9457984721716988,0.9855951478392722,0.9090909090909091,1319,1300,0,True,0.010589094449853944,1,True,False,0.8035112715674976,1,True
375493,11,fire hydrant,a photo of a fire hydrant,0.09365919082035616,GE_MAP,all,GE_POS3_SMART,0.8971704623878537,0.9970304528061225,0.9457984721716988,0.9855951478392722,0.9090909090909091,1319,1300,0,True,0.010589094449853944,1,True,False,0.8035112715674976,1,True
375493,11,fire hydrant,a photo of a fire hydrant,0.09365919082035616,GE_MAP,all,GE_POS3_CASR,0.8971704623878537,0.9970304528061225,0.9457984721716988,0.9855951478392722,0.9090909090909091,1319,1300,0,True,0.010589094449853944,1,True,False,0.8035112715674976,1,True
3553,41,skateboard,a photo of a skateboard,0.24078679629210942,GE_MAP,all,GE_MAP,0.24078679629210942,0.7992267219387755,0.3881195335276968,0.24113207547169813,0.9940883634100809,13250,3195,5987,False,0.3474144902716331,1,False,False,0.0,-1,False
3553,41,skateboard,a photo of a skateboard,0.24078679629210942,GE_MAP,all,GE_POS3_SAM,0.32109617373319543,0.9214963329081632,0.48610567514677105,0.4185576274994383,0.5796515245799627,4451,1863,2563,False,0.24744441604906722,1,True,False,0.08030937744108602,1,True
3553,41,skateboard,a photo of a skateboard,0.24078679629210942,GE_MAP,all,GE_POS3_SMART,0.32109617373319543,0.9214963329081632,0.48610567514677105,0.4185576274994383,0.5796515245799627,4451,1863,2563,False,0.24744441604906722,1,True,False,0.08030937744108602,1,True
3553,41,skateboard,a photo of a skateboard,0.24078679629210942,GE_MAP,all,GE_POS3_CASR,0.32109617373319543,0.9214963329081632,0.48610567514677105,0.4185576274994383,0.5796515245799627,4451,1863,2563,False,0.24744441604906722,1,True,False,0.08030937744108602,1,True
3553,1,person,a photo of a person,0.6146230361624988,GE_MAP,all,GE_MAP,0.6146230361624988,0.8347616390306123,0.7613207818752339,0.6724813100747598,0.8772057847950113,19663,13223,1389,True,0.13129265156759964,41,True,False,0.0,-1,False
3553,1,person,a photo of a person,0.6146230361624988,GE_MAP,all,GE_POS3_SAM,0.13521220159151193,0.7400948660714286,0.23821484899818915,0.9970660146699266,0.13526602096324797,2045,2039,0,True,0.0034344590726960505,41,True,False,-0.4794108345709869,2,True
3553,1,person,a photo of a person,0.6146230361624988,GE_MAP,all,GE_POS3_SMART,0.3794193166107051,0.812141262755102,0.550114547537228,0.980435522286492,0.3823139180045111,5878,5763,109,True,0.17787278144837415,41,True,False,-0.2352037195517937,0,True
3553,1,person,a photo of a person,0.6146230361624988,GE_MAP,all,GE_POS3_CASR,0.3794193166107051,0.812141262755102,0.550114547537228,0.980435522286492,0.3823139180045111,5878,5763,109,True,0.17787278144837415,41,True,False,-0.2352037195517937,0,True
356612,6,bus,a photo of a bus,0.0441017316017316,GE_MAP,all,GE_MAP,0.0441017316017316,0.7183514030612245,0.08447784400103654,0.048047162859248344,0.34941050375133975,13570,652,9825,False,0.4150802791138812,8,False,False,0.0,-1,False
356612,6,bus,a photo of a bus,0.0441017316017316,GE_MAP,all,GE_POS3_SAM,0.0,0.8407206632653061,0.0,0.0,0.0,6126,0,6006,False,0.802628050415661,8,False,True,-0.0441017316017316,1,True
356612,6,bus,a photo of a bus,0.0441017316017316,GE_MAP,all,GE_POS3_SMART,0.0,0.8244977678571429,0.0,0.0,0.0,6940,0,6732,False,0.8696564384998688,8,False,True,-0.0441017316017316,0,True
356612,6,bus,a photo of a bus,0.0441017316017316,GE_MAP,all,GE_POS3_CASR,0.0,0.8244977678571429,0.0,0.0,0.0,6940,0,6732,False,0.8696564384998688,8,False,True,-0.0441017316017316,0,True
356612,8,truck,a photo of a truck,0.36928736205499096,GE_MAP,all,GE_MAP,0.36928736205499096,0.7983896683673469,0.5393862125489481,0.40446599289811525,0.809374145941514,14644,5923,6580,False,0.2736425339366516,21,True,False,0.0,-1,False
356612,8,truck,a photo of a truck,0.36928736205499096,GE_MAP,all,GE_POS3_SAM,0.7867132867132867,0.968391262755102,0.8806262230919765,0.9802278820375335,0.7993987428259087,5968,5850,17,True,0.07068676716917922,1,True,False,0.4174259246582957,1,True
356612,8,truck,a photo of a truck,0.36928736205499096,GE_MAP,all,GE_POS3_SMART,0.852395569197918,0.9779575892857143,0.9203170028818444,0.9733313014324901,0.8727794479365947,6562,6387,42,True,0.06461444681499542,1,True,False,0.48310820714292707,0,True
356612,8,truck,a photo of a truck,0.36928736205499096,GE_MAP,all,GE_POS3_CASR,0.852395569197918,0.9779575892857143,0.9203170028818444,0.9733313014324901,0.8727794479365947,6562,6387,42,True,0.06461444681499542,1,True,False,0.48310820714292707,0,True
307172,59,pizza,a photo of a pizza,0.367752771246221,GE_MAP,all,GE_MAP,0.367752771246221,0.6248804209183674,0.537747433567464,0.8045858749173219,0.40382132713658664,13607,10948,2126,True,0.3622247317899492,67,True,False,0.0,-1,False
307172,59,pizza,a photo of a pizza,0.367752771246221,GE_MAP,all,GE_POS3_SAM,0.9569112473250879,0.9763233418367347,0.9779812432813138,0.9828633163208286,0.973147430932094,26843,26383,405,True,0.7677026133455999,67,True,False,0.5891584760788668,0,True
307172,59,pizza,a photo of a pizza,0.367752771246221,GE_MAP,all,GE_POS3_SMART,0.9569112473250879,0.9763233418367347,0.9779812432813138,0.9828633163208286,0.973147430932094,26843,26383,405,True,0.7677026133455999,67,True,False,0.5891584760788668,0,True
307172,59,pizza,a photo of a pizza,0.367752771246221,GE_MAP,all,GE_POS3_CASR,0.9569112473250879,0.9763233418367347,0.9779812432813138,0.9828633163208286,0.973147430932094,26843,26383,405,True,0.7677026133455999,67,True,False,0.5891584760788668,0,True
307172,1,person,a photo of a person,0.17988353172903998,GE_MAP,all,GE_MAP,0.17988353172903998,0.6182836415816326,0.3049174378515696,0.2202359108781127,0.4954009433962264,19075,4201,13781,False,0.34564128256513027,67,False,False,0.0,-1,False
307172,1,person,a photo of a person,0.17988353172903998,GE_MAP,all,GE_POS3_SAM,0.22241193954341365,0.7549426020408163,0.36389032591826176,0.324147465437788,0.41474056603773585,10850,3517,7171,False,0.1867842329063731,67,True,False,0.04252840781437367,1,True
307172,1,person,a photo of a person,0.17988353172903998,GE_MAP,all,GE_POS3_SMART,0.22241193954341365,0.7549426020408163,0.36389032591826176,0.324147465437788,0.41474056603773585,10850,3517,7171,False,0.1867842329063731,67,True,False,0.04252840781437367,1,True
307172,1,person,a photo of a person,0.17988353172903998,GE_MAP,all,GE_POS3_CASR,0.22241193954341365,0.7549426020408163,0.36389032591826176,0.324147465437788,0.41474056603773585,10850,3517,7171,False,0.1867842329063731,67,True,False,0.04252840781437367,1,True
465806,47,cup,a photo of a cup,0.2856581918130951,GE_MAP,all,GE_MAP,0.2856581918130951,0.8549705038265306,0.4443765747881194,0.2874357961280126,0.9788092835519677,10124,2910,2010,True,0.2913998620825534,51,False,False,0.0,-1,False
465806,47,cup,a photo of a cup,0.2856581918130951,GE_MAP,all,GE_POS3_SAM,0.66232191573204,0.9777981505102041,0.7968636032093362,0.8701712465153325,0.7349478641103263,2511,2185,7,True,0.646494907130018,51,True,False,0.3766637239189449,1,True
465806,47,cup,a photo of a cup,0.2856581918130951,GE_MAP,all,GE_POS3_SMART,0.66232191573204,0.9777981505102041,0.7968636032093362,0.8701712465153325,0.7349478641103263,2511,2185,7,True,0.646494907130018,51,True,False,0.3766637239189449,1,True
465806,47,cup,a photo of a cup,0.2856581918130951,GE_MAP,all,GE_POS3_CASR,0.66232191573204,0.9777981505102041,0.7968636032093362,0.8701712465153325,0.7349478641103263,2511,2185,7,True,0.646494907130018,51,True,False,0.3766637239189449,1,True
465806,51,bowl,a photo of a bowl,0.1787650403279122,GE_MAP,all,GE_MAP,0.1787650403279122,0.7524314413265306,0.30330902972518226,0.1821488716739643,0.9058626465661641,14845,2704,3237,False,0.1780495867768595,47,True,False,0.0,-1,False
465806,51,bowl,a photo of a bowl,0.1787650403279122,GE_MAP,all,GE_POS3_SAM,0.02027906976744186,0.8950494260204082,0.03975200583515682,0.04361744697879152,0.036515912897822446,2499,109,303,False,0.05352315732564426,52,False,False,-0.15848597056047034,2,True
465806,51,bowl,a photo of a bowl,0.1787650403279122,GE_MAP,all,GE_POS3_SMART,0.08716633991856432,0.8793646364795918,0.16035511166597308,0.13683712121212122,0.19363484087102178,4224,578,2229,False,0.4204502814258912,52,False,False,-0.0915987004093479,0,True
465806,51,bowl,a photo of a bowl,0.1787650403279122,GE_MAP,all,GE_POS3_CASR,0.08716633991856432,0.8793646364795918,0.16035511166597308,0.13683712121212122,0.19363484087102178,4224,578,2229,False,0.4204502814258912,52,False,False,-0.0915987004093479,0,True
184324,1,person,a photo of a person,0.21057407584296495,GE_MAP,all,GE_MAP,0.21057407584296495,0.6705795599489796,0.3478912691837298,0.2532743566176471,0.5553596170802368,17408,4409,923,True,0.034074666971585385,3,True,False,0.0,-1,False
184324,1,person,a photo of a person,0.21057407584296495,GE_MAP,all,GE_POS3_SAM,0.018651026392961876,0.6665338010204082,0.03661906955320129,0.03372573973910277,0.04005542259730445,9429,318,199,True,0.026297085998578537,3,False,False,-0.19192304945000307,0,True
184324,1,person,a photo of a person,0.21057407584296495,GE_MAP,all,GE_POS3_SMART,0.024911816578483244,0.8237005739795918,0.04861260486126048,0.16629874908020603,0.02846706134273838,1359,226,206,True,0.18144927536231883,3,False,False,-0.1856622592644817,2,True
184324,1,person,a photo of a person,0.21057407584296495,GE_MAP,all,GE_POS3_CASR,0.024911816578483244,0.8237005739795918,0.04861260486126048,0.16629874908020603,0.02846706134273838,1359,226,206,True,0.18144927536231883,3,False,False,-0.1856622592644817,2,True
184324,3,car,a photo of a car,0.08221892025755324,GE_MAP,all,GE_MAP,0.08221892025755324,0.8522799744897959,0.15194508009153318,0.08237191415457139,0.9779086892488954,8061,664,3494,False,0.22755869264999232,1,False,False,0.0,-1,False
184324,3,car,a photo of a car,0.08221892025755324,GE_MAP,all,GE_POS3_SAM,0.5434782608695652,0.9928850446428571,0.704225352112676,0.8049242424242424,0.625920471281296,528,425,66,True,0.024936448371867814,1,True,False,0.46125934061201196,0,True
184324,3,car,a photo of a car,0.08221892025755324,GE_MAP,all,GE_POS3_SMART,0.4958217270194986,0.9927853954081632,0.6629422718808193,0.9012658227848102,0.524300441826215,395,356,17,True,0.018328445747800588,1,True,False,0.4136028067619454,1,True
184324,3,car,a photo of a car,0.08221892025755324,GE_MAP,all,GE_POS3_CASR,0.4958217270194986,0.9927853954081632,0.6629422718808193,0.9012658227848102,0.524300441826215,395,356,17,True,0.018328445747800588,1,True,False,0.4136028067619454,1,True
513524,42,surfboard,a photo of a surfboard,0.10668371811267416,GE_MAP,all,GE_MAP,0.10668371811267416,0.7354910714285714,0.19279892957061184,0.10668371811267416,1.0,14857,1585,1207,True,0.06118132836497306,1,True,False,0.0,-1,False
513524,42,surfboard,a photo of a surfboard,0.10668371811267416,GE_MAP,all,GE_POS3_SAM,0.7377602701181767,0.9907126913265306,0.8490932642487047,0.872255489021956,0.8271293375394322,1503,1311,0,True,0.0,-1,True,False,0.6310765520055025,2,True
513524,42,surfboard,a photo of a surfboard,0.10668371811267416,GE_MAP,all,GE_POS3_SMART,0.15288104089219332,0.8546715561224489,0.2652156388553003,0.15781268737258664,0.8302839116719243,8339,1316,1,True,6.870491240123669e-05,1,True,False,0.04619732277951916,1,True
513524,42,surfboard,a photo of a surfboard,0.10668371811267416,GE_MAP,all,GE_POS3_CASR,0.15288104089219332,0.8546715561224489,0.2652156388553003,0.15781268737258664,0.8302839116719243,8339,1316,1,True,6.870491240123669e-05,1,True,False,0.04619732277951916,1,True
513524,1,person,a photo of a person,0.20657837603126358,GE_MAP,all,GE_MAP,0.20657837603126358,0.7086654974489796,0.3424201529464687,0.2376818834696809,0.6121923757439279,16013,3806,1219,True,0.07494960601062856,42,True,False,0.0,-1,False
513524,1,person,a photo of a person,0.20657837603126358,GE_MAP,all,GE_POS3_SAM,0.24612851777537686,0.7079679528061225,0.39502910697328764,0.26571872917129524,0.7695029757117581,18004,4784,0,True,0.0,-1,True,False,0.03955014174411328,0,True
513524,1,person,a photo of a person,0.20657837603126358,GE_MAP,all,GE_POS3_SMART,0.24612851777537686,0.7079679528061225,0.39502910697328764,0.26571872917129524,0.7695029757117581,18004,4784,0,True,0.0,-1,True,False,0.03955014174411328,0,True
513524,1,person,a photo of a person,0.20657837603126358,GE_MAP,all,GE_POS3_CASR,0.24612851777537686,0.7079679528061225,0.39502910697328764,0.26571872917129524,0.7695029757117581,18004,4784,0,True,0.0,-1,True,False,0.03955014174411328,0,True
579158,33,suitcase,a photo of a suitcase,0.006046355391333557,GE_MAP,all,GE_MAP,0.006046355391333557,0.6461654974489796,0.012020033388981636,0.006269228536599524,0.14535666218034993,17227,108,13228,False,0.5768624014022787,5,False,True,0.0,-1,False
579158,33,suitcase,a photo of a suitcase,0.006046355391333557,GE_MAP,all,GE_POS3_SAM,0.0,0.7036232461734694,0.0,0.0,0.0,14128,0,13996,False,0.7409603472920747,5,False,True,-0.006046355391333557,1,True
579158,33,suitcase,a photo of a suitcase,0.006046355391333557,GE_MAP,all,GE_POS3_SMART,0.0,0.7036232461734694,0.0,0.0,0.0,14128,0,13996,False,0.7409603472920747,5,False,True,-0.006046355391333557,1,True
579158,33,suitcase,a photo of a suitcase,0.006046355391333557,GE_MAP,all,GE_POS3_CASR,0.0,0.7036232461734694,0.0,0.0,0.0,14128,0,13996,False,0.7409603472920747,5,False,True,-0.006046355391333557,1,True
579158,5,airplane,a photo of a airplane,0.6973084691624782,GE_MAP,all,GE_MAP,0.6973084691624782,0.8715720663265306,0.8216638069408313,0.8542901536513783,0.7914378631977395,17377,14845,43,True,0.002411124817763822,8,True,False,0.0,-1,False
579158,5,airplane,a photo of a airplane,0.6973084691624782,GE_MAP,all,GE_POS3_SAM,0.7849802371541502,0.9186862244897959,0.8795394154118689,0.9855753324952028,0.794103534680386,15113,14895,0,True,0.0,-1,True,False,0.08767176799167198,1,True
579158,5,airplane,a photo of a airplane,0.6973084691624782,GE_MAP,all,GE_POS3_SMART,0.8048866676763088,0.9229711415816326,0.8918971834531368,0.9381030830783714,0.8500293223863091,16996,15944,0,True,0.0,-1,True,False,0.10757819851383055,0,True
579158,5,airplane,a photo of a airplane,0.6973084691624782,GE_MAP,all,GE_POS3_CASR,0.8048866676763088,0.9229711415816326,0.8918971834531368,0.9381030830783714,0.8500293223863091,16996,15944,0,True,0.0,-1,True,False,0.10757819851383055,0,True
2149,53,apple,a photo of a apple,0.17836111004195374,GE_MAP,all,GE_MAP,0.17836111004195374,0.5745575573979592,0.3027274211987588,0.2340522248598414,0.42843934911242604,19799,4634,14978,False,0.5120894041464307,51,False,True,0.0,-1,False
2149,53,apple,a photo of a apple,0.17836111004195374,GE_MAP,all,GE_POS3_SAM,0.0,0.5618622448979592,0.0,0.0,0.0,11168,0,11162,False,0.292835217881785,51,False,False,-0.17836111004195374,2,True
2149,53,apple,a photo of a apple,0.17836111004195374,GE_MAP,all,GE_POS3_SMART,0.1188023675916673,0.5430683992346939,0.21237417980693257,0.16897173782321107,0.285780325443787,18293,3091,15191,False,0.47956560516237345,51,False,False,-0.05955874245028643,0,True
2149,53,apple,a photo of a apple,0.17836111004195374,GE_MAP,all,GE_POS3_CASR,0.1188023675916673,0.5430683992346939,0.21237417980693257,0.16897173782321107,0.285780325443787,18293,3091,15191,False,0.47956560516237345,51,False,False,-0.05955874245028643,0,True
2149,51,bowl,a photo of a bowl,0.338946587537092,GE_MAP,all,GE_MAP,0.338946587537092,0.4672154017857143,0.5062884370325226,0.8547642803691694,0.35965994069953555,16036,13707,7,True,0.10679691686245414,53,True,False,0.0,-1,False
2149,51,bowl,a photo of a bowl,0.338946587537092,GE_MAP,all,GE_POS3_SAM,0.09615982587064677,0.30482700892857145,0.1754485497482448,0.8852576335877863,0.09737346173020912,4192,3711,0,True,0.00026659557451346307,53,True,False,-0.24278676166644525,2,True
2149,51,bowl,a photo of a bowl,0.338946587537092,GE_MAP,all,GE_POS3_SMART,0.09615982587064677,0.30482700892857145,0.1754485497482448,0.8852576335877863,0.09737346173020912,4192,3711,0,True,0.00026659557451346307,53,True,False,-0.24278676166644525,2,True
2149,51,bowl,a photo of a bowl,0.338946587537092,GE_MAP,all,GE_POS3_CASR,0.09615982587064677,0.30482700892857145,0.1754485497482448,0.8852576335877863,0.09737346173020912,4192,3711,0,True,0.00026659557451346307,53,True,False,-0.24278676166644525,2,True
196843,6,bus,a photo of a bus,0.48507611513660837,GE_MAP,all,GE_MAP,0.48507611513660837,0.6912468112244898,0.6532676812891675,0.9153860628488992,0.5078470264815395,15943,14594,202,True,0.012493808134734987,2,True,False,0.0,-1,False
196843,6,bus,a photo of a bus,0.48507611513660837,GE_MAP,all,GE_POS3_SAM,0.9296799224054316,0.9595424107142857,0.9635586830862025,0.995142571100152,0.9339179455057939,26969,26838,2,True,0.0011910028243781263,2,True,False,0.44460380726882326,1,True
196843,6,bus,a photo of a bus,0.48507611513660837,GE_MAP,all,GE_POS3_SMART,0.9118400315208826,0.9464883609693877,0.9538873718378073,0.9417090539165819,0.966384800083516,29490,27771,1266,True,0.04762060936013906,2,True,False,0.4267639163842742,0,True
196843,6,bus,a photo of a bus,0.48507611513660837,GE_MAP,all,GE_POS3_CASR,0.9118400315208826,0.9464883609693877,0.9538873718378073,0.9417090539165819,0.966384800083516,29490,27771,1266,True,0.04762060936013906,2,True,False,0.4267639163842742,0,True
196843,2,bicycle,a photo of a bicycle,0.18101133651551313,GE_MAP,all,GE_MAP,0.18101133651551313,0.7811503507653061,0.3065361540890433,0.18136302495890003,0.9894007337953526,13382,2427,9671,False,0.3054892601431981,6,False,False,0.0,-1,False
196843,2,bicycle,a photo of a bicycle,0.18101133651551313,GE_MAP,all,GE_POS3_SAM,0.5209339774557166,0.9762834821428571,0.6850185283218634,0.9766037735849057,0.5275173257236038,1325,1294,6,True,0.002434225882823702,6,True,False,0.3399226409402034,2,True
196843,2,bicycle,a photo of a bicycle,0.18101133651551313,GE_MAP,all,GE_POS3_SMART,0.5887887103096825,0.9790935905612245,0.7411793733037256,0.93875,0.6123114553607827,1600,1502,46,True,0.004270391949152542,6,True,False,0.40777737379416934,1,True
196843,2,bicycle,a photo of a bicycle,0.18101133651551313,GE_MAP,all,GE_POS3_CASR,0.5887887103096825,0.9790935905612245,0.7411793733037256,0.93875,0.6123114553607827,1600,1502,46,True,0.004270391949152542,6,True,False,0.40777737379416934,1,True
300233,50,spoon,a photo of a spoon,0.10423035203628833,GE_MAP,all,GE_MAP,0.10423035203628833,0.6379145408163265,0.18878371137703162,0.10679464511240212,0.8127643214148405,19795,2114,6979,False,0.24233227571619073,51,False,False,0.0,-1,False
300233,50,spoon,a photo of a spoon,0.10423035203628833,GE_MAP,all,GE_POS3_SAM,0.1705396208070005,0.8299784757653061,0.29138632776808704,0.1858444585717313,0.6743560169165705,9438,1754,1974,False,0.2073529411764706,44,False,False,0.06630926877071217,0,True
300233,50,spoon,a photo of a spoon,0.10423035203628833,GE_MAP,all,GE_POS3_SMART,0.1705396208070005,0.8299784757653061,0.29138632776808704,0.1858444585717313,0.6743560169165705,9438,1754,1974,False,0.2073529411764706,44,False,False,0.06630926877071217,0,True
300233,50,spoon,a photo of a spoon,0.10423035203628833,GE_MAP,all,GE_POS3_CASR,0.1705396208070005,0.8299784757653061,0.29138632776808704,0.1858444585717313,0.6743560169165705,9438,1754,1974,False,0.2073529411764706,44,False,False,0.06630926877071217,0,True
300233,51,bowl,a photo of a bowl,0.2980466603387121,GE_MAP,all,GE_MAP,0.2980466603387121,0.7199657206632653,0.4592233383366047,0.3180001066041256,0.8260869565217391,18761,5966,3750,True,0.12054133445237096,50,True,False,0.0,-1,False
300233,51,bowl,a photo of a bowl,0.2980466603387121,GE_MAP,all,GE_POS3_SAM,0.18816496098895533,0.8403220663265306,0.31673204843936553,0.4123001776198934,0.25713098864580447,4504,1857,1441,True,0.2544138418079096,50,False,False,-0.10988169934975675,1,True
300233,51,bowl,a photo of a bowl,0.2980466603387121,GE_MAP,all,GE_POS3_SMART,0.19452475605348754,0.8223254145408163,0.3256939717116708,0.358893148858143,0.29811686513431185,5999,2153,1596,True,0.22089721749006247,50,False,False,-0.10352190428522454,0,True
300233,51,bowl,a photo of a bowl,0.2980466603387121,GE_MAP,all,GE_POS3_CASR,0.19452475605348754,0.8223254145408163,0.3256939717116708,0.358893148858143,0.29811686513431185,5999,2153,1596,True,0.22089721749006247,50,False,False,-0.10352190428522454,0,True
378515,1,person,a photo of a person,0.21929512281950872,GE_MAP,all,GE_MAP,0.21929512281950872,0.6940569196428571,0.3597080291970803,0.2767118013219534,0.5138226882745471,15583,4312,4226,True,0.22913272194031936,52,False,False,0.0,-1,False
378515,1,person,a photo of a person,0.21929512281950872,GE_MAP,all,GE_POS3_SAM,0.5573190456934897,0.912727200255102,0.7157416423239208,0.7861115072009126,0.6569351763584366,7013,5513,1094,True,0.14593239943452,52,True,False,0.338023922873981,0,True
378515,1,person,a photo of a person,0.21929512281950872,GE_MAP,all,GE_POS3_SMART,0.5573190456934897,0.912727200255102,0.7157416423239208,0.7861115072009126,0.6569351763584366,7013,5513,1094,True,0.14593239943452,52,True,False,0.338023922873981,0,True
378515,1,person,a photo of a person,0.21929512281950872,GE_MAP,all,GE_POS3_CASR,0.5573190456934897,0.912727200255102,0.7157416423239208,0.7861115072009126,0.6569351763584366,7013,5513,1094,True,0.14593239943452,52,True,False,0.338023922873981,0,True
378515,2,bicycle,a photo of a bicycle,0.04638343640763646,GE_MAP,all,GE_MAP,0.04638343640763646,0.7172751913265306,0.08865476037517667,0.04654928152195912,0.9286675639300135,14823,690,3968,False,0.12375651869056488,52,False,False,0.0,-1,False
378515,2,bicycle,a photo of a bicycle,0.04638343640763646,GE_MAP,all,GE_POS3_SAM,0.20030425963488843,0.9685706313775511,0.3337558090409801,0.24322660098522167,0.531628532974428,1624,395,10,True,0.0009994003597841295,1,True,False,0.15392082322725198,1,True
378515,2,bicycle,a photo of a bicycle,0.04638343640763646,GE_MAP,all,GE_POS3_SMART,0.20030425963488843,0.9685706313775511,0.3337558090409801,0.24322660098522167,0.531628532974428,1624,395,10,True,0.0009994003597841295,1,True,False,0.15392082322725198,1,True
378515,2,bicycle,a photo of a bicycle,0.04638343640763646,GE_MAP,all,GE_POS3_CASR,0.20030425963488843,0.9685706313775511,0.3337558090409801,0.24322660098522167,0.531628532974428,1624,395,10,True,0.0009994003597841295,1,True,False,0.15392082322725198,1,True
493286,5,airplane,a photo of a airplane,0.6356546971345666,GE_MAP,all,GE_MAP,0.6356546971345666,0.8798828125,0.7772480319325867,0.7512324069443452,0.8051301684532925,13997,10515,1336,True,0.04323431314485209,3,True,False,0.0,-1,False
493286,5,airplane,a photo of a airplane,0.6356546971345666,GE_MAP,all,GE_POS3_SAM,0.29423474465967386,0.8162866709183674,0.4546852815901562,0.9997398543184183,0.2942572741194487,3844,3843,0,True,0.0,-1,True,False,-0.3414199524748927,1,True
493286,5,airplane,a photo of a airplane,0.6356546971345666,GE_MAP,all,GE_POS3_SMART,0.7672178398058253,0.938835299744898,0.8682776084810507,0.9878894423283524,0.7745022970903522,10239,10115,3,True,0.00020199299757608404,3,True,False,0.13156314267125868,0,True
493286,5,airplane,a photo of a airplane,0.6356546971345666,GE_MAP,all,GE_POS3_CASR,0.7672178398058253,0.938835299744898,0.8682776084810507,0.9878894423283524,0.7745022970903522,10239,10115,3,True,0.00020199299757608404,3,True,False,0.13156314267125868,0,True
493286,3,car,a photo of a car,0.6904176904176904,GE_MAP,all,GE_MAP,0.6904176904176904,0.8719308035714286,0.8168604651162791,0.9176538387654479,0.7360176673000873,15617,14331,62,True,0.010402219140083218,1,True,False,0.0,-1,False
493286,3,car,a photo of a car,0.6904176904176904,GE_MAP,all,GE_POS3_SAM,0.8326554859936938,0.9270169005102041,0.90868741272691,0.8830998885280861,0.9358019618920446,20633,18221,2377,True,0.08205408182927612,5,True,False,0.14223779557600336,0,True
493286,3,car,a photo of a car,0.6904176904176904,GE_MAP,all,GE_POS3_SMART,0.8326554859936938,0.9270169005102041,0.90868741272691,0.8830998885280861,0.9358019618920446,20633,18221,2377,True,0.08205408182927612,5,True,False,0.14223779557600336,0,True
493286,3,car,a photo of a car,0.6904176904176904,GE_MAP,all,GE_POS3_CASR,0.8326554859936938,0.9270169005102041,0.90868741272691,0.8830998885280861,0.9358019618920446,20633,18221,2377,True,0.08205408182927612,5,True,False,0.14223779557600336,0,True
472298,1,person,a photo of a person,0.10748603351955308,GE_MAP,all,GE_MAP,0.10748603351955308,0.7612005739795918,0.19410815173527038,0.10891388029285229,0.891290920321186,13249,1443,4003,False,0.3162787345968149,9,False,False,0.0,-1,False
472298,1,person,a photo of a person,0.10748603351955308,GE_MAP,all,GE_POS3_SAM,0.6158463385354142,0.9872448979591837,0.7622585438335809,0.9561975768872321,0.6337245213094502,1073,1026,35,True,0.05894627021387585,9,True,False,0.508360305015861,1,True
472298,1,person,a photo of a person,0.10748603351955308,GE_MAP,all,GE_POS3_SMART,0.6158463385354142,0.9872448979591837,0.7622585438335809,0.9561975768872321,0.6337245213094502,1073,1026,35,True,0.05894627021387585,9,True,False,0.508360305015861,1,True
472298,1,person,a photo of a person,0.10748603351955308,GE_MAP,all,GE_POS3_CASR,0.6158463385354142,0.9872448979591837,0.7622585438335809,0.9561975768872321,0.6337245213094502,1073,1026,35,True,0.05894627021387585,9,True,False,0.508360305015861,1,True
472298,9,boat,a photo of a boat,0.28762152540052033,GE_MAP,all,GE_MAP,0.28762152540052033,0.7926299426020408,0.4467485510714096,0.30464104423495286,0.8373529998006777,13790,4201,16,True,0.006400627000195938,1,True,False,0.0,-1,False
472298,9,boat,a photo of a boat,0.28762152540052033,GE_MAP,all,GE_POS3_SAM,0.6828677839851024,0.9660594706632653,0.811552506362731,0.9121890547263681,0.7309148893761211,4020,3667,0,True,0.00481111903064861,1,True,False,0.39524625858458207,1,True
472298,9,boat,a photo of a boat,0.28762152540052033,GE_MAP,all,GE_POS3_SMART,0.6828677839851024,0.9660594706632653,0.811552506362731,0.9121890547263681,0.7309148893761211,4020,3667,0,True,0.00481111903064861,1,True,False,0.39524625858458207,1,True
472298,9,boat,a photo of a boat,0.28762152540052033,GE_MAP,all,GE_POS3_CASR,0.6828677839851024,0.9660594706632653,0.811552506362731,0.9121890547263681,0.7309148893761211,4020,3667,0,True,0.00481111903064861,1,True,False,0.39524625858458207,1,True
10363,3,car,a photo of a car,0.6904075142371127,GE_MAP,all,GE_MAP,0.6904075142371127,0.8331473214285714,0.8168533426671334,0.993243602702559,0.6936652424298718,18797,18670,35,True,0.0019408246524339526,17,True,False,0.0,-1,False
10363,3,car,a photo of a car,0.6904075142371127,GE_MAP,all,GE_POS3_SAM,0.6227627181581878,0.7975326849489796,0.7675339237088397,0.999106398188967,0.6231097900798811,16786,16771,5,True,0.0009457077762971242,17,True,False,-0.06764479607892482,1,True
10363,3,car,a photo of a car,0.6904075142371127,GE_MAP,all,GE_POS3_SMART,0.6227627181581878,0.7975326849489796,0.7675339237088397,0.999106398188967,0.6231097900798811,16786,16771,5,True,0.0009457077762971242,17,True,False,-0.06764479607892482,1,True
10363,3,car,a photo of a car,0.6904075142371127,GE_MAP,all,GE_POS3_CASR,0.6227627181581878,0.7975326849489796,0.7675339237088397,0.999106398188967,0.6231097900798811,16786,16771,5,True,0.0009457077762971242,17,True,False,-0.06764479607892482,1,True
10363,17,cat,a photo of a cat,0.6659761781460383,GE_MAP,all,GE_MAP,0.6659761781460383,0.9357262436224489,0.7995026422132422,0.6707698727310661,0.9893829819972303,9586,6430,1388,True,0.041398002853067044,3,True,False,0.0,-1,False
10363,17,cat,a photo of a cat,0.6659761781460383,GE_MAP,all,GE_POS3_SAM,0.9248910920835212,0.9900350765306123,0.9609801779303886,0.9749802058590658,0.947376519464533,6315,6157,7,True,0.0007528986598403855,3,True,False,0.2589149139374829,1,True
10363,17,cat,a photo of a cat,0.6659761781460383,GE_MAP,all,GE_POS3_SMART,0.9248910920835212,0.9900350765306123,0.9609801779303886,0.9749802058590658,0.947376519464533,6315,6157,7,True,0.0007528986598403855,3,True,False,0.2589149139374829,1,True
10363,17,cat,a photo of a cat,0.6659761781460383,GE_MAP,all,GE_POS3_CASR,0.9248910920835212,0.9900350765306123,0.9609801779303886,0.9749802058590658,0.947376519464533,6315,6157,7,True,0.0007528986598403855,3,True,False,0.2589149139374829,1,True
211120,8,truck,a photo of a truck,0.6863574449781347,GE_MAP,all,GE_MAP,0.6863574449781347,0.9128069196428571,0.8140118182204651,0.7649408756791307,0.8698101208321977,12516,9574,2117,True,0.08135416278289401,88,True,False,0.0,-1,False
211120,8,truck,a photo of a truck,0.6863574449781347,GE_MAP,all,GE_POS3_SAM,0.6432461387376127,0.9203603316326531,0.7828968814517006,0.9737802405730505,0.6545834468974289,7399,7205,7,True,0.0025182573659027953,88,True,False,-0.04311130624052195,1,True
211120,8,truck,a photo of a truck,0.6863574449781347,GE_MAP,all,GE_POS3_SMART,0.9122354614974213,0.9803292410714286,0.9541036968146942,0.9772337588112021,0.9320432452075952,10498,10259,4,True,0.0016703786191536749,88,True,False,0.22587801651928663,0,True
211120,8,truck,a photo of a truck,0.6863574449781347,GE_MAP,all,GE_POS3_CASR,0.9122354614974213,0.9803292410714286,0.9541036968146942,0.9772337588112021,0.9320432452075952,10498,10259,4,True,0.0016703786191536749,88,True,False,0.22587801651928663,0,True
211120,88,teddy bear,a photo of a teddy bear,0.5442372070779531,GE_MAP,all,GE_MAP,0.5442372070779531,0.8290617028061225,0.704862186435429,0.8145379354223,0.6212167162006429,12574,10242,885,True,0.04799786676147727,8,True,False,0.0,-1,False
211120,88,teddy bear,a photo of a teddy bear,0.5442372070779531,GE_MAP,all,GE_POS3_SAM,0.6570636451301832,0.8865991709183674,0.79304575543755,0.9904606159716544,0.661248256201856,11007,10902,10,True,0.0031442241968557758,8,True,False,0.11282643805223014,0,True
211120,88,teddy bear,a photo of a teddy bear,0.5442372070779531,GE_MAP,all,GE_POS3_SMART,0.3166072184269391,0.7747130102040817,0.4809440719992653,0.9897939897939898,0.3176442045247771,5291,5237,7,True,0.004066042385411533,8,True,False,-0.22762998865101397,2,True
211120,88,teddy bear,a photo of a teddy bear,0.5442372070779531,GE_MAP,all,GE_POS3_CASR,0.3166072184269391,0.7747130102040817,0.4809440719992653,0.9897939897939898,0.3176442045247771,5291,5237,7,True,0.004066042385411533,8,True,False,-0.22762998865101397,2,True
296634,56,broccoli,a photo of a broccoli,0.13235512079442716,GE_MAP,all,GE_MAP,0.13235512079442716,0.6499920280612245,0.2337696335078534,0.14722206957190745,0.5672242218928647,18197,2679,12695,False,0.3683189190484176,51,False,False,0.0,-1,False
296634,56,broccoli,a photo of a broccoli,0.13235512079442716,GE_MAP,all,GE_POS3_SAM,0.9551106427818756,0.9957549426020408,0.9770399913765225,0.9951690821256038,0.9595596019479145,4554,4532,22,True,0.11701526286037309,51,True,False,0.8227555219874485,1,True
296634,56,broccoli,a photo of a broccoli,0.13235512079442716,GE_MAP,all,GE_POS3_SMART,0.9551106427818756,0.9957549426020408,0.9770399913765225,0.9951690821256038,0.9595596019479145,4554,4532,22,True,0.11701526286037309,51,True,False,0.8227555219874485,1,True
296634,56,broccoli,a photo of a broccoli,0.13235512079442716,GE_MAP,all,GE_POS3_CASR,0.9551106427818756,0.9957549426020408,0.9770399913765225,0.9951690821256038,0.9595596019479145,4554,4532,22,True,0.11701526286037309,51,True,False,0.8227555219874485,1,True
296634,51,bowl,a photo of a bowl,0.45817721644624204,GE_MAP,all,GE_MAP,0.45817721644624204,0.564811862244898,0.6284245992580744,0.9303204353083434,0.47445911917364714,19848,18465,0,True,0.10965090547802918,56,True,False,0.0,-1,False
296634,51,bowl,a photo of a bowl,0.45817721644624204,GE_MAP,all,GE_POS3_SAM,0.4270565882715415,0.5552654655612245,0.5985138806426656,0.9981996039128608,0.42738578549771317,16663,16633,0,True,0.003519309276899254,56,True,False,-0.031120628174700515,1,True
296634,51,bowl,a photo of a bowl,0.45817721644624204,GE_MAP,all,GE_POS3_SMART,0.8644568259429481,0.8947903380102041,0.9273015217241617,0.9991393892631392,0.8651009815509533,33697,33668,0,True,0.1173801768264309,56,True,False,0.4062796094967061,0,True
296634,51,bowl,a photo of a bowl,0.45817721644624204,GE_MAP,all,GE_POS3_CASR,0.8644568259429481,0.8947903380102041,0.9273015217241617,0.9991393892631392,0.8651009815509533,33697,33668,0,True,0.1173801768264309,56,True,False,0.4062796094967061,0,True
283268,58,hot dog,a photo of a hot dog,0.5408933306139099,GE_MAP,all,GE_MAP,0.5408933306139099,0.8654137436224489,0.7020516214427531,0.5841409691629956,0.8796019900497513,13620,7956,2730,True,0.12193640740901401,1,True,False,0.0,-1,False
283268,58,hot dog,a photo of a hot dog,0.5408933306139099,GE_MAP,all,GE_POS3_SAM,0.2693406593406593,0.8674864477040817,0.42437884165873085,0.9780526735833999,0.27097844112769487,2506,2451,6,True,0.0017658245042108122,1,True,False,-0.27155267127325056,2,True
283268,58,hot dog,a photo of a hot dog,0.5408933306139099,GE_MAP,all,GE_POS3_SMART,0.9346502936465563,0.9878029336734694,0.966221437244729,0.9647305191226717,0.9677169707020453,9073,8753,7,True,0.0015504604397669612,1,True,False,0.3937569630326464,0,True
283268,58,hot dog,a photo of a hot dog,0.5408933306139099,GE_MAP,all,GE_POS3_CASR,0.9346502936465563,0.9878029336734694,0.966221437244729,0.9647305191226717,0.9677169707020453,9073,8753,7,True,0.0015504604397669612,1,True,False,0.3937569630326464,0,True
283268,1,person,a photo of a person,0.25952984820380814,GE_MAP,all,GE_MAP,0.25952984820380814,0.6101522640306123,0.4121059117001773,0.3260259641447525,0.5599477295001634,21029,6856,5127,True,0.2092967147854759,58,True,False,0.0,-1,False
283268,1,person,a photo of a person,0.25952984820380814,GE_MAP,all,GE_POS3_SAM,0.015576153128942028,0.6422791772959183,0.030674515310255442,0.045273393910409694,0.02319503430251552,6273,284,2239,False,0.1712800122342866,58,False,False,-0.2439536950748661,2,True
283268,1,person,a photo of a person,0.25952984820380814,GE_MAP,all,GE_POS3_SMART,0.40200557103064066,0.7860730229591837,0.5734721449574823,0.5584274880049528,0.5893498856582816,12922,7216,2436,True,0.12628178835110745,58,True,False,0.14247572282683252,0,True
283268,1,person,a photo of a person,0.25952984820380814,GE_MAP,all,GE_POS3_CASR,0.40200557103064066,0.7860730229591837,0.5734721449574823,0.5584274880049528,0.5893498856582816,12922,7216,2436,True,0.12628178835110745,58,True,False,0.14247572282683252,0,True
9772,72,tv,a photo of a tv,0.06588991562876657,GE_MAP,all,GE_MAP,0.06588991562876657,0.7219786352040817,0.1236336223143611,0.06621357916694705,0.9309366130558183,14861,984,457,True,0.01507571209392302,81,True,False,0.0,-1,False
9772,72,tv,a photo of a tv,0.06588991562876657,GE_MAP,all,GE_POS3_SAM,0.793939393939394,0.9945790816326531,0.8851351351351351,0.7993897787948131,0.9914853358561968,1311,1048,0,True,0.0,-1,True,False,0.7280494783106274,1,True
9772,72,tv,a photo of a tv,0.06588991562876657,GE_MAP,all,GE_POS3_SMART,0.793939393939394,0.9945790816326531,0.8851351351351351,0.7993897787948131,0.9914853358561968,1311,1048,0,True,0.0,-1,True,False,0.7280494783106274,1,True
9772,72,tv,a photo of a tv,0.06588991562876657,GE_MAP,all,GE_POS3_CASR,0.793939393939394,0.9945790816326531,0.8851351351351351,0.7993897787948131,0.9914853358561968,1311,1048,0,True,0.0,-1,True,False,0.7280494783106274,1,True
9772,1,person,a photo of a person,0.023557330555073218,GE_MAP,all,GE_MAP,0.023557330555073218,0.6637834821428571,0.046030309884641483,0.024021719884318008,0.5492577597840755,16943,407,50,True,0.002785515320334262,72,True,False,0.0,-1,False
9772,1,person,a photo of a person,0.023557330555073218,GE_MAP,all,GE_POS3_SAM,0.0005716245569909683,0.8257732780612245,0.0011425959780621572,0.0006241418050181001,0.006747638326585695,8011,5,0,True,0.0,-1,True,False,-0.02298570599808225,1,True
9772,1,person,a photo of a person,0.023557330555073218,GE_MAP,all,GE_POS3_SMART,0.00026939655172413793,0.6302016900510204,0.0005386479935362241,0.00028052064631956913,0.006747638326585695,17824,5,1,True,5.296610169491525e-05,72,True,False,-0.02328793400334908,0,True
9772,1,person,a photo of a person,0.023557330555073218,GE_MAP,all,GE_POS3_CASR,0.00026939655172413793,0.6302016900510204,0.0005386479935362241,0.00028052064631956913,0.006747638326585695,17824,5,1,True,5.296610169491525e-05,72,True,False,-0.02328793400334908,0,True
189806,17,cat,a photo of a cat,0.15469820707781845,GE_MAP,all,GE_MAP,0.15469820707781845,0.8205317283163265,0.2679456954719128,0.15469820707781845,1.0,10653,1648,2871,False,0.23545438565653015,18,False,False,0.0,-1,False
189806,17,cat,a photo of a cat,0.15469820707781845,GE_MAP,all,GE_POS3_SAM,0.3225474031327288,0.9344905931122449,0.4877668692535453,0.32816104005032504,0.9496359223300971,4769,1565,3096,False,0.6098089422887532,18,False,True,0.16784919605491033,0,True
189806,17,cat,a photo of a cat,0.15469820707781845,GE_MAP,all,GE_POS3_SMART,0.4652539732003739,0.9658003826530612,0.635048915355168,0.48886705959397514,0.9059466019417476,3054,1493,1508,False,0.30464646464646467,18,True,False,0.3105557661225555,1,True
189806,17,cat,a photo of a cat,0.15469820707781845,GE_MAP,all,GE_POS3_CASR,0.4652539732003739,0.9658003826530612,0.635048915355168,0.48886705959397514,0.9059466019417476,3054,1493,1508,False,0.30464646464646467,18,True,False,0.3105557661225555,1,True
189806,18,dog,a photo of a dog,0.2853044024029409,GE_MAP,all,GE_MAP,0.2853044024029409,0.8411391900510204,0.4439483780955703,0.2910987100905681,0.9347826086956522,10931,3182,831,True,0.05219573400250941,17,True,False,0.0,-1,False
189806,18,dog,a photo of a dog,0.2853044024029409,GE_MAP,all,GE_POS3_SAM,0.8924137931034483,0.9922273596938775,0.9431486880466472,0.9360532407407407,0.950352526439483,3456,3235,54,True,0.010693069306930694,17,True,False,0.6071093907005074,1,True
189806,18,dog,a photo of a dog,0.2853044024029409,GE_MAP,all,GE_POS3_SMART,0.8924137931034483,0.9922273596938775,0.9431486880466472,0.9360532407407407,0.950352526439483,3456,3235,54,True,0.010693069306930694,17,True,False,0.6071093907005074,1,True
189806,18,dog,a photo of a dog,0.2853044024029409,GE_MAP,all,GE_POS3_CASR,0.8924137931034483,0.9922273596938775,0.9431486880466472,0.9360532407407407,0.950352526439483,3456,3235,54,True,0.010693069306930694,17,True,False,0.6071093907005074,1,True
180383,72,tv,a photo of a tv,0.3753478018920423,GE_MAP,all,GE_MAP,0.3753478018920423,0.8657724808673469,0.5458223750758648,0.4523809523809524,0.6879143294237634,8946,4047,1942,True,0.08715331706234745,21,True,False,0.0,-1,False
180383,72,tv,a photo of a tv,0.3753478018920423,GE_MAP,all,GE_POS3_SAM,0.9218282111899133,0.9901147959183674,0.9593242578317205,0.9267944858184123,0.9942206357300697,6311,5849,8,True,0.1479252454862211,1,True,False,0.546480409297871,1,True
180383,72,tv,a photo of a tv,0.3753478018920423,GE_MAP,all,GE_POS3_SMART,0.3745682069999348,0.8087531887755102,0.5449976292081555,0.3779180640494509,0.9768825429202788,15207,5747,8951,False,0.41185110386927987,21,False,False,-0.0007795948921074936,0,True
180383,72,tv,a photo of a tv,0.3753478018920423,GE_MAP,all,GE_POS3_CASR,0.3745682069999348,0.8087531887755102,0.5449976292081555,0.3779180640494509,0.9768825429202788,15207,5747,8951,False,0.41185110386927987,21,False,False,-0.0007795948921074936,0,True
180383,21,cow,a photo of a cow,0.43708989894152017,GE_MAP,all,GE_MAP,0.43708989894152017,0.7657645089285714,0.6082986168971838,0.6314696927760863,0.5867678261428664,14452,9126,1286,True,0.06751010551735,72,True,False,0.0,-1,False
180383,21,cow,a photo of a cow,0.43708989894152017,GE_MAP,all,GE_POS3_SAM,0.625191717791411,0.8831114477040817,0.7693759584758759,0.9903826685563879,0.6290104802931911,9878,9783,1,True,0.0012069622665480879,72,True,False,0.18810181884989086,1,True
180383,21,cow,a photo of a cow,0.43708989894152017,GE_MAP,all,GE_POS3_SMART,0.625191717791411,0.8831114477040817,0.7693759584758759,0.9903826685563879,0.6290104802931911,9878,9783,1,True,0.0012069622665480879,72,True,False,0.18810181884989086,1,True
180383,21,cow,a photo of a cow,0.43708989894152017,GE_MAP,all,GE_POS3_CASR,0.625191717791411,0.8831114477040817,0.7693759584758759,0.9903826685563879,0.6290104802931911,9878,9783,1,True,0.0012069622665480879,72,True,False,0.18810181884989086,1,True
505789,1,person,a photo of a person,0.08424816194984389,GE_MAP,all,GE_MAP,0.08424816194984389,0.6375757334183674,0.15540383632901397,0.10840406920235858,0.27435224663824204,15433,1673,914,True,0.05384216664506933,64,True,False,0.0,-1,False
505789,1,person,a photo of a person,0.08424816194984389,GE_MAP,all,GE_POS3_SAM,0.007918474144460511,0.7128507653061225,0.015712529034021042,0.013466042154566744,0.018858642177763202,8540,115,0,True,0.0,-1,True,False,-0.07632968780538338,1,True
505789,1,person,a photo of a person,0.08424816194984389,GE_MAP,all,GE_POS3_SMART,0.021377672209026127,0.8357780612244898,0.04186046511627907,0.07194244604316546,0.029517874713020663,2502,180,0,True,0.0,-1,True,False,-0.06287048974081776,2,True
505789,1,person,a photo of a person,0.08424816194984389,GE_MAP,all,GE_POS3_CASR,0.021377672209026127,0.8357780612244898,0.04186046511627907,0.07194244604316546,0.029517874713020663,2502,180,0,True,0.0,-1,True,False,-0.06287048974081776,2,True
505789,64,potted plant,a photo of a potted plant,0.06878306878306878,GE_MAP,all,GE_MAP,0.06878306878306878,0.7755102040816326,0.12871287128712872,0.06878306878306878,1.0,12096,832,776,True,0.04185993242856325,1,True,False,0.0,-1,False
505789,64,potted plant,a photo of a potted plant,0.06878306878306878,GE_MAP,all,GE_POS3_SAM,0.6037414965986394,0.9907126913265306,0.7529162248144221,0.6736242884250474,0.8533653846153846,1054,710,0,True,0.0,-1,True,False,0.5349584278155706,0,True
505789,64,potted plant,a photo of a potted plant,0.06878306878306878,GE_MAP,all,GE_POS3_SMART,0.33389402859545836,0.9842155612244898,0.5006305170239597,0.5265251989389921,0.47716346153846156,754,397,0,True,0.0,-1,True,False,0.2651109598123896,1,True
505789,64,potted plant,a photo of a potted plant,0.06878306878306878,GE_MAP,all,GE_POS3_CASR,0.33389402859545836,0.9842155612244898,0.5006305170239597,0.5265251989389921,0.47716346153846156,754,397,0,True,0.0,-1,True,False,0.2651109598123896,1,True
127530,1,person,a photo of a person,0.35392239816269794,GE_MAP,all,GE_MAP,0.35392239816269794,0.6804249043367347,0.5228104633514865,0.5033234013293605,0.5438672528016841,17452,8784,0,True,0.012527021783714872,43,True,False,0.0,-1,False
127530,1,person,a photo of a person,0.35392239816269794,GE_MAP,all,GE_POS3_SAM,0.8913700573684535,0.9649035395408163,0.9425654740549885,0.9958649207443143,0.8946814438734444,14510,14450,0,True,0.007428346042597949,43,True,False,0.5374476592057555,0,True
127530,1,person,a photo of a person,0.35392239816269794,GE_MAP,all,GE_POS3_SMART,0.8913700573684535,0.9649035395408163,0.9425654740549885,0.9958649207443143,0.8946814438734444,14510,14450,0,True,0.007428346042597949,43,True,False,0.5374476592057555,0,True
127530,1,person,a photo of a person,0.35392239816269794,GE_MAP,all,GE_POS3_CASR,0.8913700573684535,0.9649035395408163,0.9425654740549885,0.9958649207443143,0.8946814438734444,14510,14450,0,True,0.007428346042597949,43,True,False,0.5374476592057555,0,True
127530,43,tennis racket,a photo of a tennis racket,0.0568935427574171,GE_MAP,all,GE_MAP,0.0568935427574171,0.7307477678571429,0.10766182298546896,0.0568935427574171,1.0,14325,815,8098,False,0.39376200493917496,1,False,False,0.0,-1,False
127530,43,tennis racket,a photo of a tennis racket,0.0568935427574171,GE_MAP,all,GE_POS3_SAM,0.595655806182122,0.9903539540816326,0.7465968586387435,0.6511415525114155,0.8748466257668711,1095,713,377,True,0.266304347826087,37,True,False,0.5387622634247049,1,True
127530,43,tennis racket,a photo of a tennis racket,0.0568935427574171,GE_MAP,all,GE_POS3_SMART,0.595655806182122,0.9903539540816326,0.7465968586387435,0.6511415525114155,0.8748466257668711,1095,713,377,True,0.266304347826087,37,True,False,0.5387622634247049,1,True
127530,43,tennis racket,a photo of a tennis racket,0.0568935427574171,GE_MAP,all,GE_POS3_CASR,0.595655806182122,0.9903539540816326,0.7465968586387435,0.6511415525114155,0.8748466257668711,1095,713,377,True,0.266304347826087,37,True,False,0.5387622634247049,1,True
476415,1,person,a photo of a person,0.2748180815876516,GE_MAP,all,GE_MAP,0.2748180815876516,0.3445671237244898,0.4311487035787799,0.7175840626439429,0.30814686611447645,17368,12463,0,True,0.10091658179798167,32,True,False,0.0,-1,False
476415,1,person,a photo of a person,0.2748180815876516,GE_MAP,all,GE_POS3_SAM,0.8938652429680162,0.914421237244898,0.9439586541724309,0.9996406556652017,0.8941525528495488,36177,36164,0,True,0.1767745144088636,32,True,False,0.6190471613803645,0,True
476415,1,person,a photo of a person,0.2748180815876516,GE_MAP,all,GE_POS3_SMART,0.3873807051377145,0.5061782525510204,0.5584346152475318,0.9999361797179144,0.3873902831005069,15669,15668,0,True,0.39105511811023624,32,False,False,0.11256262355006291,1,True
476415,1,person,a photo of a person,0.2748180815876516,GE_MAP,all,GE_POS3_CASR,0.3873807051377145,0.5061782525510204,0.5584346152475318,0.9999361797179144,0.3873902831005069,15669,15668,0,True,0.39105511811023624,32,False,False,0.11256262355006291,1,True
476415,32,tie,a photo of a tie,0.24989106753812637,GE_MAP,all,GE_MAP,0.24989106753812637,0.7255261479591837,0.3998605542966707,0.27748881093504296,0.7153102588088557,16534,4588,11935,False,0.4084190231362468,1,False,False,0.0,-1,False
476415,32,tie,a photo of a tie,0.24989106753812637,GE_MAP,all,GE_POS3_SAM,0.8515000753806724,0.9803691007653061,0.9197948049833076,0.962672575421851,0.8805737449329591,5867,5648,219,True,0.1450611942143652,1,True,False,0.601609007842546,2,True
476415,32,tie,a photo of a tie,0.24989106753812637,GE_MAP,all,GE_POS3_SMART,0.8515000753806724,0.9803691007653061,0.9197948049833076,0.962672575421851,0.8805737449329591,5867,5648,219,True,0.1450611942143652,1,True,False,0.601609007842546,2,True
476415,32,tie,a photo of a tie,0.24989106753812637,GE_MAP,all,GE_POS3_CASR,0.8515000753806724,0.9803691007653061,0.9197948049833076,0.962672575421851,0.8805737449329591,5867,5648,219,True,0.1450611942143652,1,True,False,0.601609007842546,2,True
513283,49,knife,a photo of a knife,0.030205262279579464,GE_MAP,all,GE_MAP,0.030205262279579464,0.6525430484693877,0.058639308855291575,0.030282750543751045,0.9219015280135824,17931,543,3615,False,0.10368104630313259,59,False,False,0.0,-1,False
513283,49,knife,a photo of a knife,0.030205262279579464,GE_MAP,all,GE_POS3_SAM,0.0024399060184348456,0.7799944196428571,0.004867934733615794,0.0025704493526275706,0.04584040747028863,10504,27,1484,False,0.11044223199814772,67,False,False,-0.027765356261144618,0,True
513283,49,knife,a photo of a knife,0.030205262279579464,GE_MAP,all,GE_POS3_SMART,0.0,0.6994579081632653,0.0,0.0,0.0,14491,0,1969,False,0.11634264884568651,67,False,False,-0.030205262279579464,1,True
513283,49,knife,a photo of a knife,0.030205262279579464,GE_MAP,all,GE_POS3_CASR,0.0,0.6994579081632653,0.0,0.0,0.0,14491,0,1969,False,0.11634264884568651,67,False,False,-0.030205262279579464,1,True
513283,44,bottle,a photo of a bottle,0.12683754240482473,GE_MAP,all,GE_MAP,0.12683754240482473,0.7229950573979592,0.22512125773540725,0.12928219248255107,0.8702586206896552,15617,2019,3736,False,0.129901663226903,59,False,False,0.0,-1,False
513283,44,bottle,a photo of a bottle,0.12683754240482473,GE_MAP,all,GE_POS3_SAM,0.16040636278572384,0.8748206313775511,0.2764658449487386,0.18864958339883667,0.5172413793103449,6361,1200,1223,False,0.15033804548248308,59,True,False,0.03356882038089912,2,True
513283,44,bottle,a photo of a bottle,0.12683754240482473,GE_MAP,all,GE_POS3_SMART,0.17633079847908745,0.8273078762755102,0.2997979797979798,0.1844853306812531,0.7995689655172413,10055,1855,1674,True,0.14712603269467392,59,True,False,0.04949325607426272,1,True
513283,44,bottle,a photo of a bottle,0.12683754240482473,GE_MAP,all,GE_POS3_CASR,0.17633079847908745,0.8273078762755102,0.2997979797979798,0.1844853306812531,0.7995689655172413,10055,1855,1674,True,0.14712603269467392,59,True,False,0.04949325607426272,1,True
236784,18,dog,a photo of a dog,0.4097730464995934,GE_MAP,all,GE_MAP,0.4097730464995934,0.8408801020408163,0.5813319349764027,0.6731026108075289,0.5115828334102446,8235,5543,2460,True,0.0820964443564879,63,True,False,0.0,-1,False
236784,18,dog,a photo of a dog,0.4097730464995934,GE_MAP,all,GE_POS3_SAM,0.4180703039179788,0.8733059630102041,0.5896326899490026,0.9808848797250859,0.42150438394093215,4656,4567,1,True,3.4214938242036474e-05,63,True,False,0.008297257418385384,1,True
236784,18,dog,a photo of a dog,0.4097730464995934,GE_MAP,all,GE_POS3_SMART,0.4180703039179788,0.8733059630102041,0.5896326899490026,0.9808848797250859,0.42150438394093215,4656,4567,1,True,3.4214938242036474e-05,63,True,False,0.008297257418385384,1,True
236784,18,dog,a photo of a dog,0.4097730464995934,GE_MAP,all,GE_POS3_CASR,0.4180703039179788,0.8733059630102041,0.5896326899490026,0.9808848797250859,0.42150438394093215,4656,4567,1,True,3.4214938242036474e-05,63,True,False,0.008297257418385384,1,True
236784,63,couch,a photo of a couch,0.7135947422832669,GE_MAP,all,GE_MAP,0.7135947422832669,0.8454041772959183,0.8328628988817306,0.8849764183341728,0.786545661728797,21839,19327,266,True,0.008270073443189533,18,True,False,0.0,-1,False
236784,63,couch,a photo of a couch,0.7135947422832669,GE_MAP,all,GE_POS3_SAM,0.3404615881213686,0.6742267219387755,0.5079766419842273,0.9754913294797688,0.34339899072114605,8650,8438,7,True,0.0003593798131224972,18,True,False,-0.3731331541618983,1,True
236784,63,couch,a photo of a couch,0.7135947422832669,GE_MAP,all,GE_POS3_SMART,0.4974517436494241,0.7504185267857143,0.6643976952967975,0.9727693635721573,0.5044766400781378,12743,12396,29,True,0.001231474797231305,18,True,False,-0.2161429986338428,0,True
236784,63,couch,a photo of a couch,0.7135947422832669,GE_MAP,all,GE_POS3_CASR,0.4974517436494241,0.7504185267857143,0.6643976952967975,0.9727693635721573,0.5044766400781378,12743,12396,29,True,0.001231474797231305,18,True,False,-0.2161429986338428,0,True
306700,59,pizza,a photo of a pizza,0.8842112091333679,GE_MAP,all,GE_MAP,0.8842112091333679,0.9644252232142857,0.9385478706923263,0.9488375330641793,0.9284789864450651,14366,13631,218,True,0.015167930660888408,67,True,False,0.0,-1,False
306700,59,pizza,a photo of a pizza,0.8842112091333679,GE_MAP,all,GE_POS3_SAM,0.5141378807753971,0.7342554209183674,0.6791163305578284,0.5250623302199233,0.9611061916763163,26873,14110,11582,True,0.43648633939262,1,True,False,-0.3700733283579708,0,True
306700,59,pizza,a photo of a pizza,0.8842112091333679,GE_MAP,all,GE_POS3_SMART,0.9333875448939486,0.9804089604591837,0.9655462479408363,0.9945126353790614,0.9382194673387372,13850,13774,0,True,0.006096868254629454,1,True,False,0.04917633576058067,1,True
306700,59,pizza,a photo of a pizza,0.8842112091333679,GE_MAP,all,GE_POS3_CASR,0.9333875448939486,0.9804089604591837,0.9655462479408363,0.9945126353790614,0.9382194673387372,13850,13774,0,True,0.006096868254629454,1,True,False,0.04917633576058067,1,True
306700,1,person,a photo of a person,0.3843250547504776,GE_MAP,all,GE_MAP,0.3843250547504776,0.7366669323979592,0.5552526170520717,0.4854334647754694,0.648529643025633,16991,8248,5848,True,0.22878758486905917,59,True,False,0.0,-1,False
306700,1,person,a photo of a person,0.3843250547504776,GE_MAP,all,GE_POS3_SAM,0.2900487344757114,0.8199936224489796,0.4496709724591762,0.9989171629669734,0.2901399591130681,3694,3690,0,True,0.00010885538562020356,59,True,False,-0.09427632027476623,2,True
306700,1,person,a photo of a person,0.3843250547504776,GE_MAP,all,GE_POS3_SMART,0.473642081189251,0.7247887436224489,0.6428183440676651,0.4789731334078557,0.9770404151596163,25943,12426,12166,True,0.4560573476702509,59,True,False,0.08931702643877337,0,True
306700,1,person,a photo of a person,0.3843250547504776,GE_MAP,all,GE_POS3_CASR,0.473642081189251,0.7247887436224489,0.6428183440676651,0.4789731334078557,0.9770404151596163,25943,12426,12166,True,0.4560573476702509,59,True,False,0.08931702643877337,0,True
162415,40,baseball glove,a photo of a baseball glove,0.5236245954692557,GE_MAP,all,GE_MAP,0.5236245954692557,0.9119897959183674,0.6873406966864911,0.5245866205554955,0.9965099568877027,9253,4854,3191,True,0.2931937172774869,1,True,False,0.0,-1,False
162415,40,baseball glove,a photo of a baseball glove,0.5236245954692557,GE_MAP,all,GE_POS3_SAM,0.929893658920835,0.9929049744897959,0.9636734693877551,0.9580036518563603,0.9694107986039827,4929,4722,196,True,0.18812526352102418,1,True,False,0.4062690634515793,1,True
162415,40,baseball glove,a photo of a baseball glove,0.5236245954692557,GE_MAP,all,GE_POS3_SMART,0.929893658920835,0.9929049744897959,0.9636734693877551,0.9580036518563603,0.9694107986039827,4929,4722,196,True,0.18812526352102418,1,True,False,0.4062690634515793,1,True
162415,40,baseball glove,a photo of a baseball glove,0.5236245954692557,GE_MAP,all,GE_POS3_CASR,0.929893658920835,0.9929049744897959,0.9636734693877551,0.9580036518563603,0.9694107986039827,4929,4722,196,True,0.18812526352102418,1,True,False,0.4062690634515793,1,True
162415,1,person,a photo of a person,0.1680144804834613,GE_MAP,all,GE_MAP,0.1680144804834613,0.43203922193877553,0.28769246150769845,0.41284074605451937,0.22076875863127204,13940,5755,28,True,0.07124145785876994,40,True,False,0.0,-1,False
162415,1,person,a photo of a person,0.1680144804834613,GE_MAP,all,GE_POS3_SAM,0.7907038613560353,0.8902463329081632,0.8831207419827238,0.9884080003800656,0.7981049562682215,21049,20805,0,True,0.03750550374254493,40,True,False,0.622689380872574,0,True
162415,1,person,a photo of a person,0.1680144804834613,GE_MAP,all,GE_POS3_SMART,0.2775747887645581,0.621711575255102,0.43453391724014656,0.9725296706227498,0.2797682982967623,7499,7293,0,True,0.00016170763260025875,40,True,False,0.10956030828109681,2,True
162415,1,person,a photo of a person,0.1680144804834613,GE_MAP,all,GE_POS3_CASR,0.2775747887645581,0.621711575255102,0.43453391724014656,0.9725296706227498,0.2797682982967623,7499,7293,0,True,0.00016170763260025875,40,True,False,0.10956030828109681,2,True
74209,67,dining table,a photo of a dining table,0.2612999490501492,GE_MAP,all,GE_MAP,0.2612999490501492,0.5954639668367347,0.41433435281897396,0.35334645669291337,0.5007671920769982,20320,7180,5780,True,0.21673992154638688,62,True,False,0.0,-1,False
74209,67,dining table,a photo of a dining table,0.2612999490501492,GE_MAP,all,GE_POS3_SAM,0.6452007835455436,0.8844866071428571,0.7843429081708587,0.8406444408996651,0.7351094992328079,12538,10540,1267,True,0.07139448884647501,62,True,False,0.38390083449539436,1,True
74209,67,dining table,a photo of a dining table,0.2612999490501492,GE_MAP,all,GE_POS3_SMART,0.6452007835455436,0.8844866071428571,0.7843429081708587,0.8406444408996651,0.7351094992328079,12538,10540,1267,True,0.07139448884647501,62,True,False,0.38390083449539436,1,True
74209,67,dining table,a photo of a dining table,0.2612999490501492,GE_MAP,all,GE_POS3_CASR,0.2612999490501492,0.5954639668367347,0.41433435281897396,0.35334645669291337,0.5007671920769982,20320,7180,5780,True,0.21673992154638688,62,True,False,0.0,1,False
74209,82,refrigerator,a photo of a refrigerator,0.023891309920533198,GE_MAP,all,GE_MAP,0.023891309920533198,0.6205556441326531,0.04666766811877222,0.024486364352897902,0.4957446808510638,19031,466,4203,False,0.08768212783989048,67,False,False,0.0,-1,False
74209,82,refrigerator,a photo of a refrigerator,0.023891309920533198,GE_MAP,all,GE_POS3_SAM,0.0,0.8608099489795918,0.0,0.0,0.0,6044,0,279,False,0.03020951762221861,51,False,False,-0.023891309920533198,1,True
74209,82,refrigerator,a photo of a refrigerator,0.023891309920533198,GE_MAP,all,GE_POS3_SMART,0.00042494422607032827,0.8124800701530612,0.0008495274503557397,0.0004718650465966734,0.00425531914893617,8477,4,62,False,0.005432322317790856,79,False,False,-0.02346636569446287,0,True
74209,82,refrigerator,a photo of a refrigerator,0.023891309920533198,GE_MAP,all,GE_POS3_CASR,0.00042494422607032827,0.8124800701530612,0.0008495274503557397,0.0004718650465966734,0.00425531914893617,8477,4,62,False,0.005432322317790856,79,False,False,-0.02346636569446287,0,True
347335,67,dining table,a photo of a dining table,0.41797241461905427,GE_MAP,all,GE_MAP,0.41797241461905427,0.4188655931122449,0.5895353256661834,0.9933586337760911,0.41914369783222244,21080,20940,0,True,0.054676645901492404,47,True,False,0.0,-1,False
347335,67,dining table,a photo of a dining table,0.41797241461905427,GE_MAP,all,GE_POS3_SAM,0.1244620588882884,0.12824856505102042,0.22137173576374672,1.0,0.1244620588882884,6218,6218,0,True,0.04325618515562649,48,True,False,-0.2935103557307659,1,True
347335,67,dining table,a photo of a dining table,0.41797241461905427,GE_MAP,all,GE_POS3_SMART,0.1244620588882884,0.12824856505102042,0.22137173576374672,1.0,0.1244620588882884,6218,6218,0,True,0.04325618515562649,48,True,False,-0.2935103557307659,1,True
347335,67,dining table,a photo of a dining table,0.41797241461905427,GE_MAP,all,GE_POS3_CASR,0.1244620588882884,0.12824856505102042,0.22137173576374672,1.0,0.1244620588882884,6218,6218,0,True,0.04325618515562649,48,True,False,-0.2935103557307659,1,True
347335,47,cup,a photo of a cup,0.13665329242388483,GE_MAP,all,GE_MAP,0.13665329242388483,0.7083864795918368,0.2404485049833887,0.13776693831419903,0.9441500203832043,16811,2316,14451,False,0.3353198808071516,67,False,False,0.0,-1,False
347335,47,cup,a photo of a cup,0.13665329242388483,GE_MAP,all,GE_POS3_SAM,0.8475336322869955,0.992546237244898,0.9174757281553398,1.0,0.8475336322869955,2079,2079,0,True,0.0416141235813367,67,True,False,0.7108803398631107,2,True
347335,47,cup,a photo of a cup,0.13665329242388483,GE_MAP,all,GE_POS3_SMART,0.8475336322869955,0.992546237244898,0.9174757281553398,1.0,0.8475336322869955,2079,2079,0,True,0.0416141235813367,67,True,False,0.7108803398631107,2,True
347335,47,cup,a photo of a cup,0.13665329242388483,GE_MAP,all,GE_POS3_CASR,0.8475336322869955,0.992546237244898,0.9174757281553398,1.0,0.8475336322869955,2079,2079,0,True,0.0416141235813367,67,True,False,0.7108803398631107,2,True
172330,3,car,a photo of a car,0.6042338240669968,GE_MAP,all,GE_MAP,0.6042338240669968,0.7626554528061225,0.7532989455803452,0.9137601769022012,0.6407753303964757,19898,18182,1101,True,0.05731841966300226,17,True,False,0.0,-1,False
172330,3,car,a photo of a car,0.6042338240669968,GE_MAP,all,GE_POS3_SAM,0.8746649959973548,0.9282326211734694,0.9331427192217003,0.9860315467315389,0.8856387665198238,25486,25130,61,True,0.005059328819975249,17,True,False,0.27043117193035804,0,True
172330,3,car,a photo of a car,0.6042338240669968,GE_MAP,all,GE_POS3_SMART,0.8746649959973548,0.9282326211734694,0.9331427192217003,0.9860315467315389,0.8856387665198238,25486,25130,61,True,0.005059328819975249,17,True,False,0.27043117193035804,0,True
172330,3,car,a photo of a car,0.6042338240669968,GE_MAP,all,GE_POS3_CASR,0.8746649959973548,0.9282326211734694,0.9331427192217003,0.9860315467315389,0.8856387665198238,25486,25130,61,True,0.005059328819975249,17,True,False,0.27043117193035804,0,True
172330,17,cat,a photo of a cat,0.4129459933710275,GE_MAP,all,GE_MAP,0.4129459933710275,0.9399912308673469,0.5845177314750931,0.413671875,0.995768688293371,5120,2118,1376,True,0.04734060848628873,3,True,False,0.0,-1,False
172330,17,cat,a photo of a cat,0.4129459933710275,GE_MAP,all,GE_POS3_SAM,0.8360732738374824,0.9930444834183674,0.9107188539268355,0.9988776655443322,0.8368594264221909,1782,1780,0,True,0.0009957845122315532,3,True,False,0.4231272804664549,1,True
172330,17,cat,a photo of a cat,0.4129459933710275,GE_MAP,all,GE_POS3_SMART,0.8360732738374824,0.9930444834183674,0.9107188539268355,0.9988776655443322,0.8368594264221909,1782,1780,0,True,0.0009957845122315532,3,True,False,0.4231272804664549,1,True
172330,17,cat,a photo of a cat,0.4129459933710275,GE_MAP,all,GE_POS3_CASR,0.8360732738374824,0.9930444834183674,0.9107188539268355,0.9988776655443322,0.8368594264221909,1782,1780,0,True,0.0009957845122315532,3,True,False,0.4231272804664549,1,True
466125,1,person,a photo of a person,0.334327130667215,GE_MAP,all,GE_MAP,0.334327130667215,0.6128627232142857,0.5011171893058016,0.5455460493205838,0.46337988030778,17883,9756,2212,True,0.0684694482894997,28,True,False,0.0,-1,False
466125,1,person,a photo of a person,0.334327130667215,GE_MAP,all,GE_POS3_SAM,0.6421821905692874,0.8467992665816326,0.782108336404093,0.9698418277680141,0.6552674076185048,14225,13796,417,True,0.02753417590920815,27,True,False,0.3078550599020724,0,True
466125,1,person,a photo of a person,0.334327130667215,GE_MAP,all,GE_POS3_SMART,0.6421821905692874,0.8467992665816326,0.782108336404093,0.9698418277680141,0.6552674076185048,14225,13796,417,True,0.02753417590920815,27,True,False,0.3078550599020724,0,True
466125,1,person,a photo of a person,0.334327130667215,GE_MAP,all,GE_POS3_CASR,0.6421821905692874,0.8467992665816326,0.782108336404093,0.9698418277680141,0.6552674076185048,14225,13796,417,True,0.02753417590920815,27,True,False,0.3078550599020724,0,True
466125,84,book,a photo of a book,0.027195245037568688,GE_MAP,all,GE_MAP,0.027195245037568688,0.6542370854591837,0.05295048856378623,0.027244129873047973,0.9381044487427466,17802,485,8748,False,0.14910876294161596,28,False,False,0.0,-1,False
466125,84,book,a photo of a book,0.027195245037568688,GE_MAP,all,GE_POS3_SAM,0.0001229256299938537,0.837890625,0.0002458210422812193,0.000131250820317627,0.0019342359767891683,7619,1,7582,False,0.3416779748256984,1,False,False,-0.027072319407574832,1,True
466125,84,book,a photo of a book,0.027195245037568688,GE_MAP,all,GE_POS3_SMART,0.07837648705388384,0.8950095663265306,0.14536015574302402,0.07933415973083054,0.8665377176015474,5647,448,4554,False,0.20247691961269984,1,False,False,0.051181242016315145,2,True
466125,84,book,a photo of a book,0.027195245037568688,GE_MAP,all,GE_POS3_CASR,0.027195245037568688,0.6542370854591837,0.05295048856378623,0.027244129873047973,0.9381044487427466,17802,485,8748,False,0.14910876294161596,28,False,False,0.0,2,False
294162,73,laptop,a photo of a laptop,0.6359874376501016,GE_MAP,all,GE_MAP,0.6359874376501016,0.8036511479591837,0.7774967252360089,0.8648879509597025,0.7061453889071218,19902,17213,424,True,0.019703977798334875,74,True,False,0.0,-1,False
294162,73,laptop,a photo of a laptop,0.6359874376501016,GE_MAP,all,GE_POS3_SAM,0.9911652828336537,0.9956951530612245,0.9955630417813566,0.9969966263474039,0.9941335740072202,24306,24233,0,True,3.7808612801996296e-05,74,True,False,0.3551778451835521,0,True
294162,73,laptop,a photo of a laptop,0.6359874376501016,GE_MAP,all,GE_POS3_SMART,0.9911652828336537,0.9956951530612245,0.9955630417813566,0.9969966263474039,0.9941335740072202,24306,24233,0,True,3.7808612801996296e-05,74,True,False,0.3551778451835521,0,True
294162,73,laptop,a photo of a laptop,0.6359874376501016,GE_MAP,all,GE_POS3_CASR,0.9911652828336537,0.9956951530612245,0.9955630417813566,0.9969966263474039,0.9941335740072202,24306,24233,0,True,3.7808612801996296e-05,74,True,False,0.3551778451835521,0,True
294162,74,mouse,a photo of a mouse,0.17268041237113402,GE_MAP,all,GE_MAP,0.17268041237113402,0.795280612244898,0.2945054945054945,0.17268041237113402,1.0,12416,2144,7478,False,0.25552825552825553,73,False,False,0.0,-1,False
294162,74,mouse,a photo of a mouse,0.17268041237113402,GE_MAP,all,GE_POS3_SAM,0.9553734061930783,0.998046875,0.9771774569166278,0.9758139534883721,0.9785447761194029,2150,2098,1,True,0.00015081818867355404,73,True,False,0.7826929938219442,1,True
294162,74,mouse,a photo of a mouse,0.17268041237113402,GE_MAP,all,GE_POS3_SMART,0.9553734061930783,0.998046875,0.9771774569166278,0.9758139534883721,0.9785447761194029,2150,2098,1,True,0.00015081818867355404,73,True,False,0.7826929938219442,1,True
294162,74,mouse,a photo of a mouse,0.17268041237113402,GE_MAP,all,GE_POS3_CASR,0.9553734061930783,0.998046875,0.9771774569166278,0.9758139534883721,0.9785447761194029,2150,2098,1,True,0.00015081818867355404,73,True,False,0.7826929938219442,1,True
79229,18,dog,a photo of a dog,0.11479028697571744,GE_MAP,all,GE_MAP,0.11479028697571744,0.8961057079081632,0.20594059405940593,0.11479028697571744,1.0,5889,676,1382,False,0.12112496005113454,19,False,False,0.0,-1,False
79229,18,dog,a photo of a dog,0.11479028697571744,GE_MAP,all,GE_POS3_SAM,0.002373256786384287,0.12033641581632654,0.004735275547939028,0.002404286499358857,0.15532544378698224,43672,105,1228,False,0.02601843592030925,19,False,False,-0.11241703018933316,0,True
79229,18,dog,a photo of a dog,0.11479028697571744,GE_MAP,all,GE_POS3_SMART,0.7931937172774869,0.9968510841836735,0.8846715328467153,0.8731988472622478,0.8964497041420119,694,606,0,True,0.0,-1,True,False,0.6784034303017694,1,True
79229,18,dog,a photo of a dog,0.11479028697571744,GE_MAP,all,GE_POS3_CASR,0.7931937172774869,0.9968510841836735,0.8846715328467153,0.8731988472622478,0.8964497041420119,694,606,0,True,0.0,-1,True,False,0.6784034303017694,1,True
79229,19,horse,a photo of a horse,0.4381422924901186,GE_MAP,all,GE_MAP,0.4381422924901186,0.8866788903061225,0.6093170262470798,0.44702086903921767,0.9566343042071197,9919,4434,940,True,0.061197916666666664,18,True,False,0.0,-1,False
79229,19,horse,a photo of a horse,0.4381422924901186,GE_MAP,all,GE_POS3_SAM,0.8349134377576257,0.9840361926020408,0.910030326856116,0.9491565135895033,0.8740021574973031,4268,4051,0,True,0.00018501387604070305,1,True,False,0.3967711452675071,1,True
79229,19,horse,a photo of a horse,0.4381422924901186,GE_MAP,all,GE_POS3_SMART,0.8349134377576257,0.9840361926020408,0.910030326856116,0.9491565135895033,0.8740021574973031,4268,4051,0,True,0.00018501387604070305,1,True,False,0.3967711452675071,1,True
79229,19,horse,a photo of a horse,0.4381422924901186,GE_MAP,all,GE_POS3_CASR,0.8349134377576257,0.9840361926020408,0.910030326856116,0.9491565135895033,0.8740021574973031,4268,4051,0,True,0.00018501387604070305,1,True,False,0.3967711452675071,1,True
213224,86,vase,a photo of a vase,0.23087026523176002,GE_MAP,all,GE_MAP,0.23087026523176002,0.6382134885204082,0.37513338611407526,0.2385100236365228,0.8781627719580983,22846,5449,611,True,0.01837773517551398,67,True,False,0.0,-1,False
213224,86,vase,a photo of a vase,0.23087026523176002,GE_MAP,all,GE_POS3_SAM,0.25046719779679355,0.6962492028061225,0.40059778975105204,0.2649568203100614,0.8207896857373086,19222,5093,0,True,0.0,-1,True,False,0.01959693256503353,0,True
213224,86,vase,a photo of a vase,0.23087026523176002,GE_MAP,all,GE_POS3_SMART,0.25046719779679355,0.6962492028061225,0.40059778975105204,0.2649568203100614,0.8207896857373086,19222,5093,0,True,0.0,-1,True,False,0.01959693256503353,0,True
213224,86,vase,a photo of a vase,0.23087026523176002,GE_MAP,all,GE_POS3_CASR,0.25046719779679355,0.6962492028061225,0.40059778975105204,0.2649568203100614,0.8207896857373086,19222,5093,0,True,0.0,-1,True,False,0.01959693256503353,0,True
213224,62,chair,a photo of a chair,0.10422840209710509,GE_MAP,all,GE_MAP,0.10422840209710509,0.6867227359693877,0.18878051297930537,0.10422840209710509,1.0,17548,1829,6365,False,0.2773883436811536,67,False,False,0.0,-1,False
213224,62,chair,a photo of a chair,0.10422840209710509,GE_MAP,all,GE_POS3_SAM,0.33471502590673574,0.9616151147959183,0.5015527950310559,0.47616707616707615,0.5297977036632039,2035,969,0,True,0.0,-1,True,False,0.23048662380963064,0,True
213224,62,chair,a photo of a chair,0.10422840209710509,GE_MAP,all,GE_POS3_SMART,0.33471502590673574,0.9616151147959183,0.5015527950310559,0.47616707616707615,0.5297977036632039,2035,969,0,True,0.0,-1,True,False,0.23048662380963064,0,True
213224,62,chair,a photo of a chair,0.10422840209710509,GE_MAP,all,GE_POS3_CASR,0.33471502590673574,0.9616151147959183,0.5015527950310559,0.47616707616707615,0.5297977036632039,2035,969,0,True,0.0,-1,True,False,0.23048662380963064,0,True
563349,1,person,a photo of a person,0.06262726595480507,GE_MAP,all,GE_MAP,0.06262726595480507,0.6238440688775511,0.11787249953262292,0.06979962360234696,0.37867867867867866,18066,1261,163,True,0.008649050196328133,36,True,False,0.0,-1,False
563349,1,person,a photo of a person,0.06262726595480507,GE_MAP,all,GE_POS3_SAM,0.00044555337729459987,0.1057876275510204,0.0008907098957869422,0.00048102361825965654,0.006006006006006006,41578,20,0,True,0.0,-1,True,False,-0.06218171257751047,0,True
563349,1,person,a photo of a person,0.06262726595480507,GE_MAP,all,GE_POS3_SMART,0.0003270913402567667,0.5127152423469388,0.0006539687729910896,0.0003785011355034065,0.0024024024024024023,21136,8,0,True,0.0,-1,True,False,-0.0623001746145483,1,True
563349,1,person,a photo of a person,0.06262726595480507,GE_MAP,all,GE_POS3_CASR,0.06262726595480507,0.6238440688775511,0.11787249953262292,0.06979962360234696,0.37867867867867866,18066,1261,163,True,0.008649050196328133,36,True,False,0.0,1,False
563349,36,snowboard,a photo of a snowboard,0.059113300492610835,GE_MAP,all,GE_MAP,0.059113300492610835,0.7030851403061225,0.11162790697674418,0.059139445251784925,0.9925768822905621,15827,936,3119,False,0.19462459466201049,1,False,False,0.0,-1,False
563349,36,snowboard,a photo of a snowboard,0.059113300492610835,GE_MAP,all,GE_POS3_SAM,0.319986192613048,0.9607382015306123,0.4848326359832636,0.32176327664005555,0.9830328738069989,2881,927,1805,False,0.41030881017257037,1,False,False,0.2608728921204372,1,True
563349,36,snowboard,a photo of a snowboard,0.059113300492610835,GE_MAP,all,GE_POS3_SMART,0.319986192613048,0.9607382015306123,0.4848326359832636,0.32176327664005555,0.9830328738069989,2881,927,1805,False,0.41030881017257037,1,False,False,0.2608728921204372,1,True
563349,36,snowboard,a photo of a snowboard,0.059113300492610835,GE_MAP,all,GE_POS3_CASR,0.319986192613048,0.9607382015306123,0.4848326359832636,0.32176327664005555,0.9830328738069989,2881,927,1805,False,0.41030881017257037,1,False,False,0.2608728921204372,1,True
363461,72,tv,a photo of a tv,0.12807162668483285,GE_MAP,all,GE_MAP,0.12807162668483285,0.6428770727040817,0.2270629340464996,0.13013597033374535,0.889790398918188,20225,2632,2339,True,0.04374817715928503,62,True,False,0.0,-1,False
363461,72,tv,a photo of a tv,0.12807162668483285,GE_MAP,all,GE_POS3_SAM,0.711276332094176,0.9767817283163265,0.8312816799420709,0.727134532556372,0.9702501690331304,3947,2870,0,True,0.0,-1,True,False,0.5832047054093431,1,True
363461,72,tv,a photo of a tv,0.12807162668483285,GE_MAP,all,GE_POS3_SMART,0.711276332094176,0.9767817283163265,0.8312816799420709,0.727134532556372,0.9702501690331304,3947,2870,0,True,0.0,-1,True,False,0.5832047054093431,1,True
363461,72,tv,a photo of a tv,0.12807162668483285,GE_MAP,all,GE_POS3_CASR,0.711276332094176,0.9767817283163265,0.8312816799420709,0.727134532556372,0.9702501690331304,3947,2870,0,True,0.0,-1,True,False,0.5832047054093431,1,True
363461,73,laptop,a photo of a laptop,0.15007239113487025,GE_MAP,all,GE_MAP,0.15007239113487025,0.6958107461734694,0.2609790345228296,0.15747341357952555,0.761514552133371,17114,2695,3396,False,0.14233680496272266,72,True,False,0.0,-1,False
363461,73,laptop,a photo of a laptop,0.15007239113487025,GE_MAP,all,GE_POS3_SAM,0.7533841988678317,0.9800302933673469,0.8593486805165638,0.8538354253835425,0.8649335970613168,3585,3061,412,True,0.1102471535684532,76,True,False,0.6033118077329614,2,True
363461,73,laptop,a photo of a laptop,0.15007239113487025,GE_MAP,all,GE_POS3_SMART,0.6997348652231551,0.9729153380102041,0.8233458988691018,0.7623976889744825,0.8948855608929076,4154,3167,488,True,0.09520383693045563,76,True,False,0.5496624740882848,1,True
363461,73,laptop,a photo of a laptop,0.15007239113487025,GE_MAP,all,GE_POS3_CASR,0.6997348652231551,0.9729153380102041,0.8233458988691018,0.7623976889744825,0.8948855608929076,4154,3167,488,True,0.09520383693045563,76,True,False,0.5496624740882848,1,True
64868,18,dog,a photo of a dog,0.16336664780941607,GE_MAP,all,GE_MAP,0.16336664780941607,0.734733737244898,0.28085152366544197,0.16371653543307085,0.9870869730345614,15875,2599,7661,False,0.2307959227933203,1,False,False,0.0,-1,False
64868,18,dog,a photo of a dog,0.16336664780941607,GE_MAP,all,GE_POS3_SAM,0.7478424015009381,0.9866071428571429,0.8557320738514383,0.9841975308641975,0.7569312571211546,2025,1993,4,True,0.0025751625571364192,79,True,False,0.5844757536915219,1,True
64868,18,dog,a photo of a dog,0.16336664780941607,GE_MAP,all,GE_POS3_SMART,0.7478424015009381,0.9866071428571429,0.8557320738514383,0.9841975308641975,0.7569312571211546,2025,1993,4,True,0.0025751625571364192,79,True,False,0.5844757536915219,1,True
64868,18,dog,a photo of a dog,0.16336664780941607,GE_MAP,all,GE_POS3_CASR,0.7478424015009381,0.9866071428571429,0.8557320738514383,0.9841975308641975,0.7569312571211546,2025,1993,4,True,0.0025751625571364192,79,True,False,0.5844757536915219,1,True
64868,79,oven,a photo of a oven,0.5862455915357486,GE_MAP,all,GE_MAP,0.5862455915357486,0.8456831951530612,0.7391611925214755,0.6798661461238148,0.8097874224977857,16137,10971,1218,True,0.06848067399100587,18,True,False,0.0,-1,False
64868,79,oven,a photo of a oven,0.5862455915357486,GE_MAP,all,GE_POS3_SAM,0.8211421797643121,0.9488799426020408,0.9017881073630203,0.9369082663696396,0.8692057868320048,12569,11776,11,True,0.000724112961622013,18,True,False,0.23489658822856352,1,True
64868,79,oven,a photo of a oven,0.5862455915357486,GE_MAP,all,GE_POS3_SMART,0.864309039116237,0.9610770089285714,0.9272164871613312,0.9363944298080542,0.9182167109536463,13285,12440,7,True,0.0004399472063352398,18,True,False,0.2780634475804884,0,True
64868,79,oven,a photo of a oven,0.5862455915357486,GE_MAP,all,GE_POS3_CASR,0.864309039116237,0.9610770089285714,0.9272164871613312,0.9363944298080542,0.9182167109536463,13285,12440,7,True,0.0004399472063352398,18,True,False,0.2780634475804884,0,True
239773,39,baseball bat,a photo of a baseball bat,0.04927833806389275,GE_MAP,all,GE_MAP,0.04927833806389275,0.6862444196428571,0.09392805755395683,0.04927833806389275,1.0,16559,816,7819,False,0.3993780096308186,1,False,False,0.0,-1,False
239773,39,baseball bat,a photo of a baseball bat,0.04927833806389275,GE_MAP,all,GE_POS3_SAM,0.7331118493909191,0.9951969068877551,0.8460063897763578,0.8838451268357811,0.8112745098039216,749,662,83,True,0.1062992125984252,37,True,False,0.6838335113270264,2,True
239773,39,baseball bat,a photo of a baseball bat,0.04927833806389275,GE_MAP,all,GE_POS3_SMART,0.7331118493909191,0.9951969068877551,0.8460063897763578,0.8838451268357811,0.8112745098039216,749,662,83,True,0.1062992125984252,37,True,False,0.6838335113270264,2,True
239773,39,baseball bat,a photo of a baseball bat,0.04927833806389275,GE_MAP,all,GE_POS3_CASR,0.7331118493909191,0.9951969068877551,0.8460063897763578,0.8838451268357811,0.8112745098039216,749,662,83,True,0.1062992125984252,37,True,False,0.6838335113270264,2,True
239773,40,baseball glove,a photo of a baseball glove,0.04114568989259157,GE_MAP,all,GE_MAP,0.04114568989259157,0.6530612244897959,0.07903925510527987,0.041236544300303615,0.9491740787801779,18115,747,9199,False,0.4594916010108518,1,False,False,0.0,-1,False
239773,40,baseball glove,a photo of a baseball glove,0.04114568989259157,GE_MAP,all,GE_POS3_SAM,0.45164152617568765,0.9876833545918368,0.6222493887530562,0.5995288574793876,0.6467598475222364,849,509,339,True,0.09143518518518519,37,True,False,0.41049583628309605,1,True
239773,40,baseball glove,a photo of a baseball glove,0.04114568989259157,GE_MAP,all,GE_POS3_SMART,0.26382978723404255,0.9862085459183674,0.4175084175084175,0.6184538653366584,0.31512071156289706,401,248,152,True,0.20145631067961164,37,True,False,0.22268409734145098,2,True
239773,40,baseball glove,a photo of a baseball glove,0.04114568989259157,GE_MAP,all,GE_POS3_CASR,0.26382978723404255,0.9862085459183674,0.4175084175084175,0.6184538653366584,0.31512071156289706,401,248,152,True,0.20145631067961164,37,True,False,0.22268409734145098,2,True
393226,8,truck,a photo of a truck,0.6486726318124676,GE_MAP,all,GE_MAP,0.6486726318124676,0.9053132971938775,0.786902893025342,0.7272425800033162,0.8572266197596012,12062,8772,273,True,0.021092613544528852,3,True,False,0.0,-1,False
393226,8,truck,a photo of a truck,0.6486726318124676,GE_MAP,all,GE_POS3_SAM,0.8956745426829268,0.9781768176020408,0.9449665778760618,0.9727855960264901,0.9186944200136812,9664,9401,64,True,0.005599214145383104,3,True,False,0.2470019108704592,0,True
393226,8,truck,a photo of a truck,0.6486726318124676,GE_MAP,all,GE_POS3_SMART,0.8956745426829268,0.9781768176020408,0.9449665778760618,0.9727855960264901,0.9186944200136812,9664,9401,64,True,0.005599214145383104,3,True,False,0.2470019108704592,0,True
393226,8,truck,a photo of a truck,0.6486726318124676,GE_MAP,all,GE_POS3_CASR,0.8956745426829268,0.9781768176020408,0.9449665778760618,0.9727855960264901,0.9186944200136812,9664,9401,64,True,0.005599214145383104,3,True,False,0.2470019108704592,0,True
393226,3,car,a photo of a car,0.030770365997638726,GE_MAP,all,GE_MAP,0.030770365997638726,0.7382214604591837,0.05970362946524447,0.031128695132875486,0.7277486910994765,13396,417,7999,False,0.509743786339531,8,False,True,0.0,-1,False
393226,3,car,a photo of a car,0.030770365997638726,GE_MAP,all,GE_POS3_SAM,0.009685970636215334,0.8064213966836735,0.01918610522064021,0.010182207931404072,0.16579406631762653,9330,95,9153,False,0.877627411459833,8,False,True,-0.02108439536142339,0,True
393226,3,car,a photo of a car,0.030770365997638726,GE_MAP,all,GE_POS3_SMART,0.009685970636215334,0.8064213966836735,0.01918610522064021,0.010182207931404072,0.16579406631762653,9330,95,9153,False,0.877627411459833,8,False,True,-0.02108439536142339,0,True
393226,3,car,a photo of a car,0.030770365997638726,GE_MAP,all,GE_POS3_CASR,0.009685970636215334,0.8064213966836735,0.01918610522064021,0.010182207931404072,0.16579406631762653,9330,95,9153,False,0.877627411459833,8,False,True,-0.02108439536142339,0,True
34139,33,suitcase,a photo of a suitcase,0.5802720458961784,GE_MAP,all,GE_MAP,0.5802720458961784,0.8191964285714286,0.7343951282351563,0.8598066771783095,0.6409116459706679,14587,12542,39,True,0.001982412443450414,1,True,False,0.0,-1,False
34139,33,suitcase,a photo of a suitcase,0.5802720458961784,GE_MAP,all,GE_POS3_SAM,0.963551028560016,0.9854512117346939,0.9814372171082745,0.976767727893911,0.9861515662527467,19757,19298,0,True,0.0,-1,True,False,0.38327898266383753,1,True
34139,33,suitcase,a photo of a suitcase,0.5802720458961784,GE_MAP,all,GE_POS3_SMART,0.963551028560016,0.9854512117346939,0.9814372171082745,0.976767727893911,0.9861515662527467,19757,19298,0,True,0.0,-1,True,False,0.38327898266383753,1,True
34139,33,suitcase,a photo of a suitcase,0.5802720458961784,GE_MAP,all,GE_POS3_CASR,0.963551028560016,0.9854512117346939,0.9814372171082745,0.976767727893911,0.9861515662527467,19757,19298,0,True,0.0,-1,True,False,0.38327898266383753,1,True
34139,1,person,a photo of a person,0.1923904538341158,GE_MAP,all,GE_MAP,0.1923904538341158,0.6708785076530612,0.3226970716102042,0.20428934932751727,0.767609756097561,19257,3934,3784,True,0.10653214774281805,33,True,False,0.0,-1,False
34139,1,person,a photo of a person,0.1923904538341158,GE_MAP,all,GE_POS3_SAM,0.014904942965779468,0.8709143813775511,0.029372096508317097,0.06330749354005168,0.019121951219512195,1548,98,0,True,0.0,-1,True,False,-0.17748551086833633,2,True
34139,1,person,a photo of a person,0.1923904538341158,GE_MAP,all,GE_POS3_SMART,0.014904942965779468,0.8709143813775511,0.029372096508317097,0.06330749354005168,0.019121951219512195,1548,98,0,True,0.0,-1,True,False,-0.17748551086833633,2,True
34139,1,person,a photo of a person,0.1923904538341158,GE_MAP,all,GE_POS3_CASR,0.014904942965779468,0.8709143813775511,0.029372096508317097,0.06330749354005168,0.019121951219512195,1548,98,0,True,0.0,-1,True,False,-0.17748551086833633,2,True
116439,9,boat,a photo of a boat,0.41419173532605225,GE_MAP,all,GE_MAP,0.41419173532605225,0.8172034438775511,0.5857646102429771,0.4258882248637289,0.9378163412870572,15227,6485,231,True,0.006704980842911878,62,True,False,0.0,-1,False
116439,9,boat,a photo of a boat,0.41419173532605225,GE_MAP,all,GE_POS3_SAM,0.8974838245866283,0.9857900191326531,0.9459725695233765,0.9936326010824578,0.9026753434562546,6282,6242,2,True,0.002954360228198859,1,True,False,0.4832920892605761,1,True
116439,9,boat,a photo of a boat,0.41419173532605225,GE_MAP,all,GE_POS3_SMART,0.8974838245866283,0.9857900191326531,0.9459725695233765,0.9936326010824578,0.9026753434562546,6282,6242,2,True,0.002954360228198859,1,True,False,0.4832920892605761,1,True
116439,9,boat,a photo of a boat,0.41419173532605225,GE_MAP,all,GE_POS3_CASR,0.8974838245866283,0.9857900191326531,0.9459725695233765,0.9936326010824578,0.9026753434562546,6282,6242,2,True,0.002954360228198859,1,True,False,0.4832920892605761,1,True
116439,62,chair,a photo of a chair,0.022242152466367713,GE_MAP,all,GE_MAP,0.022242152466367713,0.6740872130102041,0.043516406387085454,0.022465124705598163,0.6914498141263941,16559,372,8079,False,0.2583896215288946,9,False,False,0.0,-1,False
116439,62,chair,a photo of a chair,0.022242152466367713,GE_MAP,all,GE_POS3_SAM,0.008086253369272238,0.9633290816326531,0.016042780748663103,0.01126126126126126,0.027881040892193308,1332,15,47,False,0.009694719471947194,1,False,False,-0.014155899097095475,1,True
116439,62,chair,a photo of a chair,0.022242152466367713,GE_MAP,all,GE_POS3_SMART,0.008086253369272238,0.9633290816326531,0.016042780748663103,0.01126126126126126,0.027881040892193308,1332,15,47,False,0.009694719471947194,1,False,False,-0.014155899097095475,1,True
116439,62,chair,a photo of a chair,0.022242152466367713,GE_MAP,all,GE_POS3_CASR,0.008086253369272238,0.9633290816326531,0.016042780748663103,0.01126126126126126,0.027881040892193308,1332,15,47,False,0.009694719471947194,1,False,False,-0.014155899097095475,1,True
121591,41,skateboard,a photo of a skateboard,0.002943007527307714,GE_MAP,all,GE_MAP,0.002943007527307714,0.6488958864795918,0.005868743298910897,0.0030237832180031402,0.09923664122137404,17197,52,1006,False,0.05194671073014562,1,False,False,0.0,-1,False
121591,41,skateboard,a photo of a skateboard,0.002943007527307714,GE_MAP,all,GE_POS3_SAM,0.006469782310854011,0.2195671237244898,0.012856386599107615,0.006514241921062715,0.4866412213740458,39145,255,243,True,0.008459430477779101,1,False,False,0.003526774783546297,0,True
121591,41,skateboard,a photo of a skateboard,0.002943007527307714,GE_MAP,all,GE_POS3_SMART,0.006469782310854011,0.2195671237244898,0.012856386599107615,0.006514241921062715,0.4866412213740458,39145,255,243,True,0.008459430477779101,1,False,False,0.003526774783546297,0,True
121591,41,skateboard,a photo of a skateboard,0.002943007527307714,GE_MAP,all,GE_POS3_CASR,0.006469782310854011,0.2195671237244898,0.012856386599107615,0.006514241921062715,0.4866412213740458,39145,255,243,True,0.008459430477779101,1,False,False,0.003526774783546297,0,True
121591,1,person,a photo of a person,0.03983826852182186,GE_MAP,all,GE_MAP,0.03983826852182186,0.6781728316326531,0.07662397072278133,0.046810591769719835,0.2110236220472441,14313,670,32,True,0.0022291272629019186,41,True,False,0.0,-1,False
121591,1,person,a photo of a person,0.03983826852182186,GE_MAP,all,GE_POS3_SAM,0.000893503984544796,0.1754424426020408,0.0017854126957318986,0.0009667642140468227,0.011653543307086614,38272,37,7,True,0.00018046353347598546,41,True,False,-0.03894476453727706,1,True
121591,1,person,a photo of a person,0.03983826852182186,GE_MAP,all,GE_POS3_SMART,0.000893503984544796,0.1754424426020408,0.0017854126957318986,0.0009667642140468227,0.011653543307086614,38272,37,7,True,0.00018046353347598546,41,True,False,-0.03894476453727706,1,True
121591,1,person,a photo of a person,0.03983826852182186,GE_MAP,all,GE_POS3_CASR,0.000893503984544796,0.1754424426020408,0.0017854126957318986,0.0009667642140468227,0.011653543307086614,38272,37,7,True,0.00018046353347598546,41,True,False,-0.03894476453727706,1,True
156372,9,boat,a photo of a boat,0.2551257662227859,GE_MAP,all,GE_MAP,0.2551257662227859,0.5786033163265306,0.40653418659481305,0.40139674093781175,0.41180484476287954,18042,7242,0,True,0.06756942220595635,62,True,False,0.0,-1,False
156372,9,boat,a photo of a boat,0.2551257662227859,GE_MAP,all,GE_POS3_SAM,0.09864157527417747,0.13514429209183673,0.1795700754353128,0.13450590534454923,0.2700443534629819,35307,4749,0,True,0.008244555365169237,62,True,False,-0.1564841909486084,0,True
156372,9,boat,a photo of a boat,0.2551257662227859,GE_MAP,all,GE_POS3_SMART,0.13566429436257862,0.4166733099489796,0.23891619211066906,0.22011403382684108,0.26123052428067783,20871,4594,0,True,0.013244007280331488,62,True,False,-0.11946147186020725,1,True
156372,9,boat,a photo of a boat,0.2551257662227859,GE_MAP,all,GE_POS3_CASR,0.13566429436257862,0.4166733099489796,0.23891619211066906,0.22011403382684108,0.26123052428067783,20871,4594,0,True,0.013244007280331488,62,True,False,-0.11946147186020725,1,True
156372,62,chair,a photo of a chair,0.3852999340804219,GE_MAP,all,GE_MAP,0.3852999340804219,0.8513233418367347,0.556269331429931,0.40597325924639693,0.8832640725349452,11518,4676,5890,False,0.5681879411606229,9,False,True,0.0,-1,False
156372,62,chair,a photo of a chair,0.3852999340804219,GE_MAP,all,GE_POS3_SAM,0.5311617397853512,0.9503746811224489,0.6938022626660109,0.9940098661028893,0.5328673970532678,2838,2821,0,True,0.15887426236949614,9,True,False,0.1458618057049293,2,True
156372,62,chair,a photo of a chair,0.3852999340804219,GE_MAP,all,GE_POS3_SMART,0.5546772068511199,0.9528459821428571,0.7135593220338983,0.9935940660822656,0.5566679259539101,2966,2947,0,True,0.16600476568705322,9,True,False,0.16937727277069797,1,True
156372,62,chair,a photo of a chair,0.3852999340804219,GE_MAP,all,GE_POS3_CASR,0.5546772068511199,0.9528459821428571,0.7135593220338983,0.9935940660822656,0.5566679259539101,2966,2947,0,True,0.16600476568705322,9,True,False,0.16937727277069797,1,True
260105,47,cup,a photo of a cup,0.06857527787133715,GE_MAP,all,GE_MAP,0.06857527787133715,0.7244300063775511,0.1283489882115615,0.06857527787133715,1.0,14845,1018,758,True,0.02973903828321632,48,True,False,0.0,-1,False
260105,47,cup,a photo of a cup,0.06857527787133715,GE_MAP,all,GE_POS3_SAM,0.011018069634200088,0.9552774234693877,0.021795989537925022,0.019592476489028215,0.02455795677799607,1276,25,0,True,0.0,-1,True,False,-0.05755720823713706,2,True
260105,47,cup,a photo of a cup,0.06857527787133715,GE_MAP,all,GE_POS3_SMART,0.06724890829694323,0.9574298469387755,0.1260229132569558,0.10799438990182328,0.1512770137524558,1426,154,4,True,0.0025756600128783,50,True,False,-0.0013263695743939152,1,True
260105,47,cup,a photo of a cup,0.06857527787133715,GE_MAP,all,GE_POS3_CASR,0.06724890829694323,0.9574298469387755,0.1260229132569558,0.10799438990182328,0.1512770137524558,1426,154,4,True,0.0025756600128783,50,True,False,-0.0013263695743939152,1,True
260105,48,fork,a photo of a fork,0.04532688916465286,GE_MAP,all,GE_MAP,0.04532688916465286,0.7086854272959183,0.08672289909403312,0.045350584852643275,0.9886039886039886,15303,694,585,True,0.016466283324621016,49,True,False,0.0,-1,False
260105,48,fork,a photo of a fork,0.04532688916465286,GE_MAP,all,GE_POS3_SAM,0.1982406534715677,0.9491390306122449,0.33088620870477187,0.20276349614395886,0.8988603988603988,3112,631,134,True,0.026227508386703263,49,True,False,0.15291376430691483,0,True
260105,48,fork,a photo of a fork,0.04532688916465286,GE_MAP,all,GE_POS3_SMART,0.1982406534715677,0.9491390306122449,0.33088620870477187,0.20276349614395886,0.8988603988603988,3112,631,134,True,0.026227508386703263,49,True,False,0.15291376430691483,0,True
260105,48,fork,a photo of a fork,0.04532688916465286,GE_MAP,all,GE_POS3_CASR,0.1982406534715677,0.9491390306122449,0.33088620870477187,0.20276349614395886,0.8988603988603988,3112,631,134,True,0.026227508386703263,49,True,False,0.15291376430691483,0,True
44195,1,person,a photo of a person,0.1357102035433244,GE_MAP,all,GE_MAP,0.1357102035433244,0.6081792091836735,0.23898738097081365,0.21957464969058965,0.2621656050955414,14059,3087,14,True,0.00893826214645981,36,True,False,0.0,-1,False
44195,1,person,a photo of a person,0.1357102035433244,GE_MAP,all,GE_POS3_SAM,0.0023140673770315357,0.2610411352040816,0.0046174496644295305,0.0033758586849852797,0.007303609341825903,25475,86,2,True,7.348348458683911e-05,36,True,False,-0.13339613616629284,1,True
44195,1,person,a photo of a person,0.1357102035433244,GE_MAP,all,GE_POS3_SMART,0.0023140673770315357,0.2610411352040816,0.0046174496644295305,0.0033758586849852797,0.007303609341825903,25475,86,2,True,7.348348458683911e-05,36,True,False,-0.13339613616629284,1,True
44195,1,person,a photo of a person,0.1357102035433244,GE_MAP,all,GE_POS3_CASR,0.0023140673770315357,0.2610411352040816,0.0046174496644295305,0.0033758586849852797,0.007303609341825903,25475,86,2,True,7.348348458683911e-05,36,True,False,-0.13339613616629284,1,True
44195,36,snowboard,a photo of a snowboard,0.10017404757300329,GE_MAP,all,GE_MAP,0.10017404757300329,0.7217992665816326,0.18210581824573738,0.10141617176793057,0.8910550458715596,15323,1554,2922,False,0.1424114671163575,1,False,False,0.0,-1,False
44195,36,snowboard,a photo of a snowboard,0.10017404757300329,GE_MAP,all,GE_POS3_SAM,0.14603580562659846,0.8003627232142857,0.2548538272706985,0.14642277117702368,0.9822247706422018,11699,1713,8938,False,0.673844837421563,1,False,True,0.04586175805359517,0,True
44195,36,snowboard,a photo of a snowboard,0.10017404757300329,GE_MAP,all,GE_POS3_SMART,0.5228018971178402,0.9739317602040817,0.6866315285098227,0.5897119341563786,0.8216743119266054,2430,1433,581,True,0.0796534164323174,1,True,False,0.4226278495448369,2,True
44195,36,snowboard,a photo of a snowboard,0.10017404757300329,GE_MAP,all,GE_POS3_CASR,0.5228018971178402,0.9739317602040817,0.6866315285098227,0.5897119341563786,0.8216743119266054,2430,1433,581,True,0.0796534164323174,1,True,False,0.4226278495448369,2,True
280930,79,oven,a photo of a oven,0.26059800664451827,GE_MAP,all,GE_MAP,0.26059800664451827,0.7782206632653061,0.41345140206620284,0.29504250357330924,0.6906145448142279,13293,3922,1390,True,0.032160941562884904,82,True,False,0.0,-1,False
280930,79,oven,a photo of a oven,0.26059800664451827,GE_MAP,all,GE_POS3_SAM,0.39390737805951753,0.9314014668367347,0.5651844365841334,1.0,0.39390737805951753,2237,2237,0,True,0.0,-1,True,False,0.13330937141499927,2,True
280930,79,oven,a photo of a oven,0.26059800664451827,GE_MAP,all,GE_POS3_SMART,0.4835951134380454,0.9410275829081632,0.6519233031408069,0.9819277108433735,0.4879380172565593,2822,2771,0,True,0.0,-1,True,False,0.22299710679352713,1,True
280930,79,oven,a photo of a oven,0.26059800664451827,GE_MAP,all,GE_POS3_CASR,0.4835951134380454,0.9410275829081632,0.6519233031408069,0.9819277108433735,0.4879380172565593,2822,2771,0,True,0.0,-1,True,False,0.22299710679352713,1,True
280930,1,person,a photo of a person,0.32355899419729206,GE_MAP,all,GE_MAP,0.32355899419729206,0.6515066964285714,0.4889226632372713,0.45367758732913865,0.5301052097857777,18436,8364,3434,True,0.13965028355387524,79,True,False,0.0,-1,False
280930,1,person,a photo of a person,0.32355899419729206,GE_MAP,all,GE_POS3_SAM,0.8324844368986983,0.9410076530612245,0.9085855466337245,0.8860378267678592,0.9323108125237672,16602,14710,515,True,0.022251789319141128,79,True,False,0.5089254427014063,0,True
280930,1,person,a photo of a person,0.32355899419729206,GE_MAP,all,GE_POS3_SMART,0.8324844368986983,0.9410076530612245,0.9085855466337245,0.8860378267678592,0.9323108125237672,16602,14710,515,True,0.022251789319141128,79,True,False,0.5089254427014063,0,True
280930,1,person,a photo of a person,0.32355899419729206,GE_MAP,all,GE_POS3_CASR,0.8324844368986983,0.9410076530612245,0.9085855466337245,0.8860378267678592,0.9323108125237672,16602,14710,515,True,0.022251789319141128,79,True,False,0.5089254427014063,0,True
224675,38,kite,a photo of a kite,0.16100071821881734,GE_MAP,all,GE_MAP,0.16100071821881734,0.7206234056122449,0.27734818022476543,0.16146458583433373,0.9824689554419284,16660,2690,7247,False,0.1915968992248062,1,False,False,0.0,-1,False
224675,38,kite,a photo of a kite,0.16100071821881734,GE_MAP,all,GE_POS3_SAM,0.0011268985791278786,0.5936902104591837,0.0022512602163167424,0.0012998022040124329,0.008400292184075968,17695,23,4185,False,0.11862581138921172,1,False,False,-0.15987381963968947,0,True
224675,38,kite,a photo of a kite,0.16100071821881734,GE_MAP,all,GE_POS3_SMART,0.0035309329620051722,0.6006656568877551,0.007037018682789038,0.004070867496129809,0.025931336742147554,17441,71,411,False,0.010593056522075312,1,False,False,-0.15746978525681216,2,True
224675,38,kite,a photo of a kite,0.16100071821881734,GE_MAP,all,GE_POS3_CASR,0.16100071821881734,0.7206234056122449,0.27734818022476543,0.16146458583433373,0.9824689554419284,16660,2690,7247,False,0.1915968992248062,1,False,False,0.0,2,False
224675,31,handbag,a photo of a handbag,0.17250031363693388,GE_MAP,all,GE_MAP,0.17250031363693388,0.7370854591836735,0.2942435266424139,0.17417189182342138,0.9472959007922839,15789,2750,9207,False,0.24698695175802649,1,False,False,0.0,-1,False
224675,31,handbag,a photo of a handbag,0.17250031363693388,GE_MAP,all,GE_POS3_SAM,0.9120274914089347,0.9948979591836735,0.9539899352983465,0.997369409996242,0.9142266620737168,2661,2654,0,True,0.005763688760806916,1,True,False,0.7395271777720008,1,True
224675,31,handbag,a photo of a handbag,0.17250031363693388,GE_MAP,all,GE_POS3_SMART,0.9024390243902439,0.9943399234693877,0.9487179487179487,0.9969639468690702,0.9049259386841199,2635,2627,0,True,0.004941525284137704,1,True,False,0.7299387107533101,2,True
224675,31,handbag,a photo of a handbag,0.17250031363693388,GE_MAP,all,GE_POS3_CASR,0.9024390243902439,0.9943399234693877,0.9487179487179487,0.9969639468690702,0.9049259386841199,2635,2627,0,True,0.004941525284137704,1,True,False,0.7299387107533101,2,True
402346,51,bowl,a photo of a bowl,0.37985411958085064,GE_MAP,all,GE_MAP,0.37985411958085064,0.7593869579081632,0.5505714179354503,0.6835829173599556,0.46089124337799936,10818,7395,7,True,0.0006184291898577613,86,True,False,0.0,-1,False
402346,51,bowl,a photo of a bowl,0.37985411958085064,GE_MAP,all,GE_POS3_SAM,0.4390108876176416,0.8182397959183674,0.6101564503718903,0.9711525377602395,0.4448114677469617,7349,7137,0,True,0.0,-1,True,False,0.059156768036790985,2,True
402346,51,bowl,a photo of a bowl,0.37985411958085064,GE_MAP,all,GE_POS3_SMART,0.4390108876176416,0.8182397959183674,0.6101564503718903,0.9711525377602395,0.4448114677469617,7349,7137,0,True,0.0,-1,True,False,0.059156768036790985,2,True
402346,51,bowl,a photo of a bowl,0.37985411958085064,GE_MAP,all,GE_POS3_CASR,0.4390108876176416,0.8182397959183674,0.6101564503718903,0.9711525377602395,0.4448114677469617,7349,7137,0,True,0.0,-1,True,False,0.059156768036790985,2,True
402346,86,vase,a photo of a vase,0.009836354814520753,GE_MAP,all,GE_MAP,0.009836354814520753,0.5526147959183674,0.019481086747619464,0.00996158313231484,0.4389763779527559,22386,223,5575,False,0.16967981495008522,51,False,False,0.0,-1,False
402346,86,vase,a photo of a vase,0.009836354814520753,GE_MAP,all,GE_POS3_SAM,0.0004078968836678088,0.7557995854591837,0.0008154611432765229,0.0004253509145044662,0.00984251968503937,11755,5,0,True,0.0,-1,True,False,-0.009428457930852945,0,True
402346,86,vase,a photo of a vase,0.009836354814520753,GE_MAP,all,GE_POS3_SMART,0.0004078968836678088,0.7557995854591837,0.0008154611432765229,0.0004253509145044662,0.00984251968503937,11755,5,0,True,0.0,-1,True,False,-0.009428457930852945,0,True
402346,86,vase,a photo of a vase,0.009836354814520753,GE_MAP,all,GE_POS3_CASR,0.0004078968836678088,0.7557995854591837,0.0008154611432765229,0.0004253509145044662,0.00984251968503937,11755,5,0,True,0.0,-1,True,False,-0.009428457930852945,0,True
66817,50,spoon,a photo of a spoon,0.028853036727052476,GE_MAP,all,GE_MAP,0.028853036727052476,0.6484972895408163,0.056087770939256085,0.029347521702604313,0.6313253012048192,17855,524,5654,False,0.248856578884021,51,False,False,0.0,-1,False
66817,50,spoon,a photo of a spoon,0.028853036727052476,GE_MAP,all,GE_POS3_SAM,0.0216337030320921,0.5376275510204082,0.04235119293321225,0.021926825098307404,0.6180722891566265,23396,513,5638,False,0.21309390774921969,51,False,False,-0.007219333694960375,0,True
66817,50,spoon,a photo of a spoon,0.028853036727052476,GE_MAP,all,GE_POS3_SMART,0.0216337030320921,0.5376275510204082,0.04235119293321225,0.021926825098307404,0.6180722891566265,23396,513,5638,False,0.21309390774921969,51,False,False,-0.007219333694960375,0,True
66817,50,spoon,a photo of a spoon,0.028853036727052476,GE_MAP,all,GE_POS3_CASR,0.0216337030320921,0.5376275510204082,0.04235119293321225,0.021926825098307404,0.6180722891566265,23396,513,5638,False,0.21309390774921969,51,False,False,-0.007219333694960375,0,True
66817,67,dining table,a photo of a dining table,0.11011350160935118,GE_MAP,all,GE_MAP,0.11011350160935118,0.47654257015306123,0.19838242026552724,0.15006695294823844,0.2925819229384228,21657,3250,4829,False,0.17242194891201515,51,False,False,0.0,-1,False
66817,67,dining table,a photo of a dining table,0.11011350160935118,GE_MAP,all,GE_POS3_SAM,0.0,0.635124362244898,0.0,0.0,0.0,7200,0,341,False,0.04232147780534877,48,False,False,-0.11011350160935118,1,True
66817,67,dining table,a photo of a dining table,0.11011350160935118,GE_MAP,all,GE_POS3_SMART,0.0,0.3461216517857143,0.0,0.0,0.0,21701,0,2778,False,0.07912470110861532,51,False,False,-0.11011350160935118,0,True
66817,67,dining table,a photo of a dining table,0.11011350160935118,GE_MAP,all,GE_POS3_CASR,0.11011350160935118,0.47654257015306123,0.19838242026552724,0.15006695294823844,0.2925819229384228,21657,3250,4829,False,0.17242194891201515,51,False,False,0.0,0,False
536073,44,bottle,a photo of a bottle,0.3855239248940036,GE_MAP,all,GE_MAP,0.3855239248940036,0.8786870216836735,0.5565027322404371,0.3879126460132047,0.9842783505154639,9845,3819,2792,True,0.25713213213213215,47,True,False,0.0,-1,False
536073,44,bottle,a photo of a bottle,0.3855239248940036,GE_MAP,all,GE_POS3_SAM,0.8058372495671531,0.9843550701530612,0.8924804821257362,0.9523531131248173,0.8396907216494846,3421,3258,0,True,0.0,-1,True,False,0.42031332467314947,1,True
536073,44,bottle,a photo of a bottle,0.3855239248940036,GE_MAP,all,GE_POS3_SMART,0.9203626562117129,0.993522799744898,0.9585300497639403,0.9492039423805914,0.9680412371134021,3957,3756,0,True,0.0,-1,True,False,0.5348387313177092,0,True
536073,44,bottle,a photo of a bottle,0.3855239248940036,GE_MAP,all,GE_POS3_CASR,0.9203626562117129,0.993522799744898,0.9585300497639403,0.9492039423805914,0.9680412371134021,3957,3756,0,True,0.0,-1,True,False,0.5348387313177092,0,True
536073,47,cup,a photo of a cup,0.2951771736385826,GE_MAP,all,GE_MAP,0.2951771736385826,0.8331074617346939,0.45580972186119056,0.29627439384979304,0.987609124190369,11837,3507,1326,True,0.08565310492505353,44,True,False,0.0,-1,False
536073,47,cup,a photo of a cup,0.2951771736385826,GE_MAP,all,GE_POS3_SAM,0.9598560354374308,0.9971101721938775,0.9795168809153836,0.9827097505668935,0.9763446916361588,3528,3467,0,True,0.0,-1,True,False,0.6646788617988482,1,True
536073,47,cup,a photo of a cup,0.2951771736385826,GE_MAP,all,GE_POS3_SMART,0.9598560354374308,0.9971101721938775,0.9795168809153836,0.9827097505668935,0.9763446916361588,3528,3467,0,True,0.0,-1,True,False,0.6646788617988482,1,True
536073,47,cup,a photo of a cup,0.2951771736385826,GE_MAP,all,GE_POS3_CASR,0.9598560354374308,0.9971101721938775,0.9795168809153836,0.9827097505668935,0.9763446916361588,3528,3467,0,True,0.0,-1,True,False,0.6646788617988482,1,True
483999,67,dining table,a photo of a dining table,0.5884003741814781,GE_MAP,all,GE_MAP,0.5884003741814781,0.842155612244898,0.7408716136631331,0.6771126128820046,0.8178862963230513,16721,11322,2319,True,0.13097429199073798,47,True,False,0.0,-1,False
483999,67,dining table,a photo of a dining table,0.5884003741814781,GE_MAP,all,GE_POS3_SAM,0.042720265110582814,0.7351721938775511,0.08194003039933674,0.9397781299524565,0.04283753521635484,631,593,0,True,0.005398110661268556,48,True,False,-0.5456801090708953,1,True
483999,67,dining table,a photo of a dining table,0.5884003741814781,GE_MAP,all,GE_POS3_SMART,0.12056334020911871,0.7535873724489796,0.2151834454741653,0.8869701726844584,0.12244455681571914,1911,1695,0,True,0.0023646252069047056,47,True,False,-0.4678370339723593,0,True
483999,67,dining table,a photo of a dining table,0.5884003741814781,GE_MAP,all,GE_POS3_CASR,0.12056334020911871,0.7535873724489796,0.2151834454741653,0.8869701726844584,0.12244455681571914,1911,1695,0,True,0.0023646252069047056,47,True,False,-0.4678370339723593,0,True
483999,1,person,a photo of a person,0.3680422850172799,GE_MAP,all,GE_MAP,0.3680422850172799,0.6902303890306123,0.5380568847148334,0.5440230783099946,0.5322201317027281,16639,9052,2017,True,0.08392006258445345,67,True,False,0.0,-1,False
483999,1,person,a photo of a person,0.3680422850172799,GE_MAP,all,GE_POS3_SAM,0.04264179717285471,0.6747050382653061,0.08179567956795679,0.9466145833333334,0.042744590780809034,768,727,9,True,0.003931847968545216,62,True,False,-0.3254004878444252,2,True
483999,1,person,a photo of a person,0.3680422850172799,GE_MAP,all,GE_POS3_SMART,0.07101042032548882,0.6837332589285714,0.13260453675867723,0.9425019425019425,0.07131937911571025,1287,1213,31,True,0.006184744297399747,67,True,False,-0.2970318646917911,1,True
483999,1,person,a photo of a person,0.3680422850172799,GE_MAP,all,GE_POS3_CASR,0.07101042032548882,0.6837332589285714,0.13260453675867723,0.9425019425019425,0.07131937911571025,1287,1213,31,True,0.006184744297399747,67,True,False,-0.2970318646917911,1,True
405432,75,remote,a photo of a remote,0.0438142141462172,GE_MAP,all,GE_MAP,0.0438142141462172,0.7755699936224489,0.08395021556983649,0.0438142141462172,1.0,11777,516,11261,False,0.2347138073979592,67,False,False,0.0,-1,False
405432,75,remote,a photo of a remote,0.0438142141462172,GE_MAP,all,GE_POS3_SAM,0.2699228791773779,0.9773596938775511,0.4251012145748988,0.2876712328767123,0.813953488372093,1460,420,1040,False,0.029097576530612245,67,True,False,0.2261086650311607,1,True
405432,75,remote,a photo of a remote,0.0438142141462172,GE_MAP,all,GE_POS3_SMART,0.2699228791773779,0.9773596938775511,0.4251012145748988,0.2876712328767123,0.813953488372093,1460,420,1040,False,0.029097576530612245,67,True,False,0.2261086650311607,1,True
405432,75,remote,a photo of a remote,0.0438142141462172,GE_MAP,all,GE_POS3_CASR,0.2699228791773779,0.9773596938775511,0.4251012145748988,0.2876712328767123,0.813953488372093,1460,420,1040,False,0.029097576530612245,67,True,False,0.2261086650311607,1,True
405432,60,donut,a photo of a donut,0.14317054559328501,GE_MAP,all,GE_MAP,0.14317054559328501,0.6419403698979592,0.250479766374635,0.15214636865845624,0.7081858928992687,19731,3002,16729,False,0.3932358099489796,67,False,False,0.0,-1,False
405432,60,donut,a photo of a donut,0.14317054559328501,GE_MAP,all,GE_POS3_SAM,0.0,0.8691007653061225,0.0,0.0,0.0,2329,0,2329,False,0.04641661352040816,67,False,False,-0.14317054559328501,1,True
405432,60,donut,a photo of a donut,0.14317054559328501,GE_MAP,all,GE_POS3_SMART,0.045024964336661914,0.7865314094387755,0.08617012200324205,0.06749532210638867,0.11913187072422741,7482,505,6977,False,0.14911511479591838,67,False,False,-0.0981455812566231,0,True
405432,60,donut,a photo of a donut,0.14317054559328501,GE_MAP,all,GE_POS3_CASR,0.045024964336661914,0.7865314094387755,0.08617012200324205,0.06749532210638867,0.11913187072422741,7482,505,6977,False,0.14911511479591838,67,False,False,-0.0981455812566231,0,True
133645,9,boat,a photo of a boat,0.22859725989289936,GE_MAP,all,GE_MAP,0.22859725989289936,0.778938137755102,0.3721272500849089,0.23662803253905407,0.870728476821192,13891,3287,837,True,0.05913940507312937,15,True,False,0.0,-1,False
133645,9,boat,a photo of a boat,0.22859725989289936,GE_MAP,all,GE_POS3_SAM,0.5761494252873564,0.9647241709183674,0.731084776663628,0.8571428571428571,0.6373509933774835,2807,2406,0,True,0.0,-1,True,False,0.347552165394457,1,True
133645,9,boat,a photo of a boat,0.22859725989289936,GE_MAP,all,GE_POS3_SMART,0.677040938472588,0.9731146364795918,0.8074232690935046,0.8755417956656347,0.7491390728476821,3230,2828,0,True,0.0,-1,True,False,0.4484436785796886,0,True
133645,9,boat,a photo of a boat,0.22859725989289936,GE_MAP,all,GE_POS3_CASR,0.677040938472588,0.9731146364795918,0.8074232690935046,0.8755417956656347,0.7491390728476821,3230,2828,0,True,0.0,-1,True,False,0.4484436785796886,0,True
133645,15,bench,a photo of a bench,0.10825453112687156,GE_MAP,all,GE_MAP,0.10825453112687156,0.8195750956632653,0.19536041240778598,0.10825453112687156,1.0,10152,1099,1173,False,0.09197114630704092,9,True,False,0.0,-1,False
133645,15,bench,a photo of a bench,0.10825453112687156,GE_MAP,all,GE_POS3_SAM,0.5095351609058403,0.9835977359693877,0.6750888274772996,0.5962343096234309,0.7779799818016379,1434,855,8,True,0.0015381657373582003,9,True,False,0.4012806297789687,2,True
133645,15,bench,a photo of a bench,0.10825453112687156,GE_MAP,all,GE_POS3_SMART,0.5095351609058403,0.9835977359693877,0.6750888274772996,0.5962343096234309,0.7779799818016379,1434,855,8,True,0.0015381657373582003,9,True,False,0.4012806297789687,2,True
133645,15,bench,a photo of a bench,0.10825453112687156,GE_MAP,all,GE_POS3_CASR,0.5095351609058403,0.9835977359693877,0.6750888274772996,0.5962343096234309,0.7779799818016379,1434,855,8,True,0.0015381657373582003,9,True,False,0.4012806297789687,2,True
291634,4,motorcycle,a photo of a motorcycle,0.4716832377031229,GE_MAP,all,GE_MAP,0.4716832377031229,0.7596061862244898,0.6410119047619047,0.5317236952550239,0.8068479808196598,20253,10769,5847,True,0.3688535754824064,2,True,False,0.0,-1,False
291634,4,motorcycle,a photo of a motorcycle,0.4716832377031229,GE_MAP,all,GE_POS3_SAM,0.5567025089605735,0.8151307397959183,0.7152330079204273,0.6058667498829771,0.8727804000899079,19227,11649,6523,True,0.44287554498612763,2,True,False,0.08501927125745057,0,True
291634,4,motorcycle,a photo of a motorcycle,0.4716832377031229,GE_MAP,all,GE_POS3_SMART,0.5567025089605735,0.8151307397959183,0.7152330079204273,0.6058667498829771,0.8727804000899079,19227,11649,6523,True,0.44287554498612763,2,True,False,0.08501927125745057,0,True
291634,4,motorcycle,a photo of a motorcycle,0.4716832377031229,GE_MAP,all,GE_POS3_CASR,0.5567025089605735,0.8151307397959183,0.7152330079204273,0.6058667498829771,0.8727804000899079,19227,11649,6523,True,0.44287554498612763,2,True,False,0.08501927125745057,0,True
291634,2,bicycle,a photo of a bicycle,0.42536020201019953,GE_MAP,all,GE_MAP,0.42536020201019953,0.7686941964285714,0.5968459080172294,0.45474274825322886,0.8681285367825384,18892,8591,7088,True,0.3995658780117213,4,True,False,0.0,-1,False
291634,2,bicycle,a photo of a bicycle,0.42536020201019953,GE_MAP,all,GE_POS3_SAM,0.5006332196785193,0.8978396045918368,0.6672292910932225,0.9330065359477124,0.5193007275666937,5508,5139,47,True,0.00936830835117773,4,True,False,0.07527301766831973,1,True
291634,2,bicycle,a photo of a bicycle,0.42536020201019953,GE_MAP,all,GE_POS3_SMART,0.5446094480823199,0.8447664221938775,0.7051743063704152,0.5637596078194033,0.9412894098625707,16523,9315,6340,True,0.41631104788999523,4,True,False,0.1192492460721204,0,True
291634,2,bicycle,a photo of a bicycle,0.42536020201019953,GE_MAP,all,GE_POS3_CASR,0.5446094480823199,0.8447664221938775,0.7051743063704152,0.5637596078194033,0.9412894098625707,16523,9315,6340,True,0.41631104788999523,4,True,False,0.1192492460721204,0,True
189775,62,chair,a photo of a chair,0.04144678327898014,GE_MAP,all,GE_MAP,0.04144678327898014,0.6778140943877551,0.07959462537007515,0.041813722557875216,0.8252656434474617,16717,699,7981,False,0.3470649676206392,1,False,False,0.0,-1,False
189775,62,chair,a photo of a chair,0.04144678327898014,GE_MAP,all,GE_POS3_SAM,0.0010787486515641855,0.5201690051020408,0.0021551724137931034,0.0011167905158713113,0.030696576151121605,23281,26,251,False,0.005843248507431088,43,False,False,-0.04036803462741595,0,True
189775,62,chair,a photo of a chair,0.04144678327898014,GE_MAP,all,GE_POS3_SMART,0.007861343237387805,0.6805644132653061,0.01560004913401302,0.008228053126012309,0.14994096812278632,15435,127,142,False,0.004933783432874578,1,True,False,-0.033585440041592335,1,True
189775,62,chair,a photo of a chair,0.04144678327898014,GE_MAP,all,GE_POS3_CASR,0.04144678327898014,0.6778140943877551,0.07959462537007515,0.041813722557875216,0.8252656434474617,16717,699,7981,False,0.3470649676206392,1,False,False,0.0,1,False
189775,1,person,a photo of a person,0.3231575952197065,GE_MAP,all,GE_MAP,0.3231575952197065,0.6681481186224489,0.4884642560904427,0.46693292611300363,0.5120772946859904,17026,7950,235,True,0.03371891266628109,62,True,False,0.0,-1,False
189775,1,person,a photo of a person,0.3231575952197065,GE_MAP,all,GE_POS3_SAM,0.10920311242286021,0.6691645408163265,0.196903725205612,0.39552964042759964,0.13107890499194846,5145,2035,21,True,0.0037513397642015005,43,True,False,-0.21395448279684628,0,True
189775,1,person,a photo of a person,0.3231575952197065,GE_MAP,all,GE_POS3_SMART,0.022666875097702047,0.6261957908163265,0.04432895139101192,0.10607168983174835,0.028019323671497585,4101,435,0,True,0.00020214271275520516,62,True,False,-0.30049072012200445,1,True
189775,1,person,a photo of a person,0.3231575952197065,GE_MAP,all,GE_POS3_CASR,0.3231575952197065,0.6681481186224489,0.4884642560904427,0.46693292611300363,0.5120772946859904,17026,7950,235,True,0.03371891266628109,62,True,False,0.0,1,False
249129,62,chair,a photo of a chair,0.26591760299625467,GE_MAP,all,GE_MAP,0.26591760299625467,0.79296875,0.42011834319526625,0.2782049386366997,0.8575660893345488,13526,3763,4163,False,0.18171979003192815,88,True,False,0.0,-1,False
249129,62,chair,a photo of a chair,0.26591760299625467,GE_MAP,all,GE_POS3_SAM,0.14358974358974358,0.8768534757653061,0.25112107623318386,0.2681853481749935,0.23609845031905197,3863,1036,2316,False,0.17260643421306107,88,False,False,-0.12232785940651109,0,True
249129,62,chair,a photo of a chair,0.26591760299625467,GE_MAP,all,GE_POS3_SMART,0.201324990798675,0.9135044642857143,0.33517156862745096,0.5112149532710281,0.24931631722880584,2140,1094,777,True,0.11186974789915967,67,True,False,-0.06459261219757967,1,True
249129,62,chair,a photo of a chair,0.26591760299625467,GE_MAP,all,GE_POS3_CASR,0.201324990798675,0.9135044642857143,0.33517156862745096,0.5112149532710281,0.24931631722880584,2140,1094,777,True,0.11186974789915967,67,True,False,-0.06459261219757967,1,True
249129,67,dining table,a photo of a dining table,0.15086206896551724,GE_MAP,all,GE_MAP,0.15086206896551724,0.7801339285714286,0.26217228464419473,0.15243428215896718,0.936007640878701,12858,1960,5867,False,0.20463210607181473,88,False,False,0.0,-1,False
249129,67,dining table,a photo of a dining table,0.15086206896551724,GE_MAP,all,GE_POS3_SAM,0.30103806228373703,0.9637675382653061,0.4627659574468085,0.6069767441860465,0.37392550143266473,1290,783,402,True,0.04438159469161319,88,True,False,0.1501759933182198,1,True
249129,67,dining table,a photo of a dining table,0.15086206896551724,GE_MAP,all,GE_POS3_SMART,0.405452946350044,0.9730548469387755,0.5769712140175219,0.8366606170598911,0.44030563514804205,1102,922,106,True,0.010677466863033874,62,True,False,0.25459087738452674,2,True
249129,67,dining table,a photo of a dining table,0.15086206896551724,GE_MAP,all,GE_POS3_CASR,0.405452946350044,0.9730548469387755,0.5769712140175219,0.8366606170598911,0.44030563514804205,1102,922,106,True,0.010677466863033874,62,True,False,0.25459087738452674,2,True
481582,19,horse,a photo of a horse,0.6127220480668757,GE_MAP,all,GE_MAP,0.6127220480668757,0.8818160076530612,0.7598606949056451,0.6954781319495923,0.8373795073188147,13490,9382,147,True,0.006008380109099534,1,True,False,0.0,-1,False
481582,19,horse,a photo of a horse,0.6127220480668757,GE_MAP,all,GE_POS3_SAM,0.24164889836531628,0.8298788265306123,0.38923869490555235,0.9812409812409812,0.24277043912888255,2772,2720,0,True,0.0,-1,True,False,-0.3710731497015594,1,True
481582,19,horse,a photo of a horse,0.6127220480668757,GE_MAP,all,GE_POS3_SMART,0.84702500217789,0.9650031887755102,0.9171776247523818,0.9724944988997799,0.8678150660478401,9998,9723,30,True,0.005955653289353125,1,True,False,0.23430295411101432,0,True
481582,19,horse,a photo of a horse,0.6127220480668757,GE_MAP,all,GE_POS3_CASR,0.84702500217789,0.9650031887755102,0.9171776247523818,0.9724944988997799,0.8678150660478401,9998,9723,30,True,0.005955653289353125,1,True,False,0.23430295411101432,0,True
481582,1,person,a photo of a person,0.2666236003445306,GE_MAP,all,GE_MAP,0.2666236003445306,0.6606146364795918,0.4209989459725953,0.3547647699272248,0.5176421404682274,17451,6191,7996,False,0.39128957079044474,19,False,False,0.0,-1,False
481582,1,person,a photo of a person,0.2666236003445306,GE_MAP,all,GE_POS3_SAM,0.07292080738483282,0.581672512755102,0.1359295241231681,0.13387933830684398,0.13804347826086957,12332,1651,10267,False,0.7929458368248647,19,False,True,-0.19370279295969778,0,True
481582,1,person,a photo of a person,0.2666236003445306,GE_MAP,all,GE_POS3_SMART,0.07292080738483282,0.581672512755102,0.1359295241231681,0.13387933830684398,0.13804347826086957,12332,1651,10267,False,0.7929458368248647,19,False,True,-0.19370279295969778,0,True
481582,1,person,a photo of a person,0.2666236003445306,GE_MAP,all,GE_POS3_CASR,0.07292080738483282,0.581672512755102,0.1359295241231681,0.13387933830684398,0.13804347826086957,12332,1651,10267,False,0.7929458368248647,19,False,True,-0.19370279295969778,0,True
372260,3,car,a photo of a car,0.6255935147654893,GE_MAP,all,GE_MAP,0.6255935147654893,0.9355668048469388,0.7696801310821401,0.6427891480247501,0.9589916563110243,8404,5402,799,True,0.06505984854653529,64,True,False,0.0,-1,False
372260,3,car,a photo of a car,0.6255935147654893,GE_MAP,all,GE_POS3_SAM,0.8640776699029126,0.9846540178571429,0.9270833333333334,0.993505175563223,0.8689863305521037,4927,4895,0,True,0.0,-1,True,False,0.23848415513742327,1,True
372260,3,car,a photo of a car,0.6255935147654893,GE_MAP,all,GE_POS3_SMART,0.8953386103781882,0.9881417410714286,0.9447795823665893,0.9898872034227927,0.9036037635363039,5142,5090,0,True,0.0,-1,True,False,0.2697450956126989,0,True
372260,3,car,a photo of a car,0.6255935147654893,GE_MAP,all,GE_POS3_CASR,0.8953386103781882,0.9881417410714286,0.9447795823665893,0.9898872034227927,0.9036037635363039,5142,5090,0,True,0.0,-1,True,False,0.2697450956126989,0,True
372260,85,clock,a photo of a clock,0.08298217179902755,GE_MAP,all,GE_MAP,0.08298217179902755,0.7744738520408163,0.1532475306794373,0.08298217179902755,1.0,12340,1024,3188,False,0.17945518818881265,64,False,False,0.0,-1,False
372260,85,clock,a photo of a clock,0.08298217179902755,GE_MAP,all,GE_POS3_SAM,0.2788671023965142,0.9472257653061225,0.43611584327086883,0.2788671023965142,1.0,3672,1024,17,True,0.0020405713599807944,64,True,False,0.19588493059748663,1,True
372260,85,clock,a photo of a clock,0.08298217179902755,GE_MAP,all,GE_POS3_SMART,0.2788671023965142,0.9472257653061225,0.43611584327086883,0.2788671023965142,1.0,3672,1024,17,True,0.0020405713599807944,64,True,False,0.19588493059748663,1,True
372260,85,clock,a photo of a clock,0.08298217179902755,GE_MAP,all,GE_POS3_CASR,0.2788671023965142,0.9472257653061225,0.43611584327086883,0.2788671023965142,1.0,3672,1024,17,True,0.0020405713599807944,64,True,False,0.19588493059748663,1,True
199551,1,person,a photo of a person,0.21278631324216332,GE_MAP,all,GE_MAP,0.21278631324216332,0.7212213010204082,0.3509048723897912,0.22447162194253145,0.8034424139396515,16844,3781,7938,False,0.24845147969717826,65,False,False,0.0,-1,False
199551,1,person,a photo of a person,0.21278631324216332,GE_MAP,all,GE_POS3_SAM,0.012167515563101302,0.8608498086734694,0.024042493709812693,0.035130718954248366,0.01827454313642159,2448,86,28,True,0.001098728614032334,65,True,False,-0.20061879767906202,1,True
199551,1,person,a photo of a person,0.21278631324216332,GE_MAP,all,GE_POS3_SMART,0.012167515563101302,0.8608498086734694,0.024042493709812693,0.035130718954248366,0.01827454313642159,2448,86,28,True,0.001098728614032334,65,True,False,-0.20061879767906202,1,True
199551,1,person,a photo of a person,0.21278631324216332,GE_MAP,all,GE_POS3_CASR,0.012167515563101302,0.8608498086734694,0.024042493709812693,0.035130718954248366,0.01827454313642159,2448,86,28,True,0.001098728614032334,65,True,False,-0.20061879767906202,1,True
199551,65,bed,a photo of a bed,0.5466132980997164,GE_MAP,all,GE_MAP,0.5466132980997164,0.7674784757653061,0.706851930953039,0.840513893038542,0.6098681928546653,16735,14066,428,True,0.02114587798256894,1,True,False,0.0,-1,False
199551,65,bed,a photo of a bed,0.5466132980997164,GE_MAP,all,GE_POS3_SAM,0.948358370438184,0.9752670599489796,0.9734947993421755,0.9592962074335986,0.9881200138744364,23757,22790,6,True,0.0002108444319499596,1,True,False,0.4017450723384677,0,True
199551,65,bed,a photo of a bed,0.5466132980997164,GE_MAP,all,GE_POS3_SMART,0.948358370438184,0.9752670599489796,0.9734947993421755,0.9592962074335986,0.9881200138744364,23757,22790,6,True,0.0002108444319499596,1,True,False,0.4017450723384677,0,True
199551,65,bed,a photo of a bed,0.5466132980997164,GE_MAP,all,GE_POS3_CASR,0.948358370438184,0.9752670599489796,0.9734947993421755,0.9592962074335986,0.9881200138744364,23757,22790,6,True,0.0002108444319499596,1,True,False,0.4017450723384677,0,True
71877,1,person,a photo of a person,0.2765637194782027,GE_MAP,all,GE_MAP,0.2765637194782027,0.7413703762755102,0.4332940303070003,0.2798398014440433,0.9593888996325662,17728,4961,389,True,0.021754935406297186,41,True,False,0.0,-1,False
71877,1,person,a photo of a person,0.2765637194782027,GE_MAP,all,GE_POS3_SAM,0.915257387102769,0.9909119897959183,0.9557539297496604,0.9591041869522883,0.9524269967124347,5135,4925,18,True,0.003180773988337162,41,True,False,0.6386936676245664,0,True
71877,1,person,a photo of a person,0.2765637194782027,GE_MAP,all,GE_POS3_SMART,0.915257387102769,0.9909119897959183,0.9557539297496604,0.9591041869522883,0.9524269967124347,5135,4925,18,True,0.003180773988337162,41,True,False,0.6386936676245664,0,True
71877,1,person,a photo of a person,0.2765637194782027,GE_MAP,all,GE_POS3_CASR,0.915257387102769,0.9909119897959183,0.9557539297496604,0.9591041869522883,0.9524269967124347,5135,4925,18,True,0.003180773988337162,41,True,False,0.6386936676245664,0,True
71877,41,skateboard,a photo of a skateboard,0.04579249746535992,GE_MAP,all,GE_MAP,0.04579249746535992,0.7749123086734694,0.08757472935853934,0.04579249746535992,1.0,11836,542,4462,False,0.35567955360701475,1,False,False,0.0,-1,False
71877,41,skateboard,a photo of a skateboard,0.04579249746535992,GE_MAP,all,GE_POS3_SAM,0.657243816254417,0.9961336096938775,0.7931769722814499,0.9393939393939394,0.6863468634686347,396,372,1,True,0.00017966223499820338,1,True,False,0.611451318789057,2,True
71877,41,skateboard,a photo of a skateboard,0.04579249746535992,GE_MAP,all,GE_POS3_SMART,0.657243816254417,0.9961336096938775,0.7931769722814499,0.9393939393939394,0.6863468634686347,396,372,1,True,0.00017966223499820338,1,True,False,0.611451318789057,2,True
71877,41,skateboard,a photo of a skateboard,0.04579249746535992,GE_MAP,all,GE_POS3_CASR,0.657243816254417,0.9961336096938775,0.7931769722814499,0.9393939393939394,0.6863468634686347,396,372,1,True,0.00017966223499820338,1,True,False,0.611451318789057,2,True
500478,62,chair,a photo of a chair,0.05943900267141585,GE_MAP,all,GE_MAP,0.05943900267141585,0.6631855867346939,0.11220844715276318,0.059658138755446316,0.9417989417989417,17902,1068,9020,False,0.30702052467038193,1,False,False,0.0,-1,False
500478,62,chair,a photo of a chair,0.05943900267141585,GE_MAP,all,GE_POS3_SAM,0.0,0.7071906887755102,0.0,0.0,0.0,13558,0,13498,False,0.6545754328112119,1,False,True,-0.05943900267141585,0,True
500478,62,chair,a photo of a chair,0.05943900267141585,GE_MAP,all,GE_POS3_SMART,0.0,0.7071906887755102,0.0,0.0,0.0,13558,0,13498,False,0.6545754328112119,1,False,True,-0.05943900267141585,0,True
500478,62,chair,a photo of a chair,0.05943900267141585,GE_MAP,all,GE_POS3_CASR,0.0,0.7071906887755102,0.0,0.0,0.0,13558,0,13498,False,0.6545754328112119,1,False,True,-0.05943900267141585,0,True
500478,1,person,a photo of a person,0.4501210202941724,GE_MAP,all,GE_MAP,0.4501210202941724,0.705695950255102,0.6208047659399636,0.6575998259166576,0.5879091483877243,18382,12088,59,True,0.006734534064212999,40,True,False,0.0,-1,False
500478,1,person,a photo of a person,0.4501210202941724,GE_MAP,all,GE_POS3_SAM,0.6210378136983642,0.8444076849489796,0.7662224883964666,0.9968832787907121,0.6222459997081854,12834,12794,0,True,0.021339876570748754,40,True,False,0.1709167934041918,0,True
500478,1,person,a photo of a person,0.4501210202941724,GE_MAP,all,GE_POS3_SMART,0.6210378136983642,0.8444076849489796,0.7662224883964666,0.9968832787907121,0.6222459997081854,12834,12794,0,True,0.021339876570748754,40,True,False,0.1709167934041918,0,True
500478,1,person,a photo of a person,0.4501210202941724,GE_MAP,all,GE_POS3_CASR,0.6210378136983642,0.8444076849489796,0.7662224883964666,0.9968832787907121,0.6222459997081854,12834,12794,0,True,0.021339876570748754,40,True,False,0.1709167934041918,0,True
350148,67,dining table,a photo of a dining table,0.42942966372786145,GE_MAP,all,GE_MAP,0.42942966372786145,0.7085060586734694,0.600840565471317,0.61101243339254,0.5910018254053474,18016,11008,5973,True,0.18234389624281322,1,True,False,0.0,-1,False
350148,67,dining table,a photo of a dining table,0.42942966372786145,GE_MAP,all,GE_POS3_SAM,0.03785412313523495,0.6053890306122449,0.0729469051409308,0.28513909224011713,0.041823257811661116,2732,779,1938,False,0.10751502453547995,1,False,False,-0.3915755405926265,1,True
350148,67,dining table,a photo of a dining table,0.42942966372786145,GE_MAP,all,GE_POS3_SMART,0.01465847269796494,0.6101522640306123,0.028893412103460258,0.19182597231377718,0.015623322237732202,1517,291,1226,False,0.06947750198345234,1,False,False,-0.4147711910298965,2,True
350148,67,dining table,a photo of a dining table,0.42942966372786145,GE_MAP,all,GE_POS3_CASR,0.01465847269796494,0.6101522640306123,0.028893412103460258,0.19182597231377718,0.015623322237732202,1517,291,1226,False,0.06947750198345234,1,False,False,-0.4147711910298965,2,True
350148,3,car,a photo of a car,0.1346997368211181,GE_MAP,all,GE_MAP,0.1346997368211181,0.7837611607142857,0.23741917346078156,0.13863580398916522,0.8259168704156479,12183,1689,9630,False,0.2781479878840329,1,False,False,0.0,-1,False
350148,3,car,a photo of a car,0.1346997368211181,GE_MAP,all,GE_POS3_SAM,0.05884203901825047,0.9403898278061225,0.11114413075780089,0.14166666666666666,0.09144254278728606,1320,187,1133,False,0.0655597398151318,1,False,False,-0.07585769780286764,1,True
350148,3,car,a photo of a car,0.1346997368211181,GE_MAP,all,GE_POS3_SMART,0.05884203901825047,0.9403898278061225,0.11114413075780089,0.14166666666666666,0.09144254278728606,1320,187,1133,False,0.0655597398151318,1,False,False,-0.07585769780286764,1,True
350148,3,car,a photo of a car,0.1346997368211181,GE_MAP,all,GE_POS3_CASR,0.05884203901825047,0.9403898278061225,0.11114413075780089,0.14166666666666666,0.09144254278728606,1320,187,1133,False,0.0655597398151318,1,False,False,-0.07585769780286764,1,True
226130,67,dining table,a photo of a dining table,0.3188661467834733,GE_MAP,all,GE_MAP,0.3188661467834733,0.32284359056122447,0.483545881530347,0.9840386043058649,0.32052392947103275,16164,15906,0,True,0.14121037463976946,58,True,False,0.0,-1,False
226130,67,dining table,a photo of a dining table,0.3188661467834733,GE_MAP,all,GE_POS3_SAM,0.07557471843330042,0.08557876275510204,0.1405289974524202,0.9978717744080873,0.07558690176322418,3759,3751,0,True,0.0,-1,True,False,-0.24329142835017287,0,True
226130,67,dining table,a photo of a dining table,0.3188661467834733,GE_MAP,all,GE_POS3_SMART,0.05861846612662717,0.06893734056122448,0.1107452174740649,0.9996563573883162,0.05861964735516373,2910,2909,0,True,0.0,-1,True,False,-0.2602476806568461,2,True
226130,67,dining table,a photo of a dining table,0.3188661467834733,GE_MAP,all,GE_POS3_CASR,0.05861846612662717,0.06893734056122448,0.1107452174740649,0.9996563573883162,0.05861964735516373,2910,2909,0,True,0.0,-1,True,False,-0.2602476806568461,2,True
226130,58,hot dog,a photo of a hot dog,0.533895565807646,GE_MAP,all,GE_MAP,0.533895565807646,0.6838727678571429,0.6961302681992337,0.9433541017653168,0.551578627808136,19260,18169,1034,True,0.3865182561088523,67,True,False,0.0,-1,False
226130,58,hot dog,a photo of a hot dog,0.533895565807646,GE_MAP,all,GE_POS3_SAM,0.14584092289010323,0.43925382653061223,0.25455701568461214,1.0,0.14584092289010323,4804,4804,0,True,0.09680604534005038,67,True,False,-0.38805464291754277,2,True
226130,58,hot dog,a photo of a hot dog,0.533895565807646,GE_MAP,all,GE_POS3_SMART,0.20269820623733326,0.4746890943877551,0.33707243460764585,0.9825513196480938,0.20343047965998787,6820,6701,119,True,0.13743073047858942,67,True,False,-0.3311973595703127,0,True
226130,58,hot dog,a photo of a hot dog,0.533895565807646,GE_MAP,all,GE_POS3_CASR,0.20269820623733326,0.4746890943877551,0.33707243460764585,0.9825513196480938,0.20343047965998787,6820,6701,119,True,0.13743073047858942,67,True,False,-0.3311973595703127,0,True
125778,62,chair,a photo of a chair,0.21167776037588096,GE_MAP,all,GE_MAP,0.21167776037588096,0.6789899553571429,0.34939613038736517,0.2154742925468314,0.9231590181430096,20072,4325,6691,False,0.288238663905169,63,False,False,0.0,-1,False
125778,62,chair,a photo of a chair,0.21167776037588096,GE_MAP,all,GE_POS3_SAM,0.12929045284107296,0.7593470982142857,0.22897643828618863,0.1633564139941691,0.38271077908217715,10976,1793,7595,False,0.605517021446225,63,False,True,-0.082387307534808,1,True
125778,62,chair,a photo of a chair,0.21167776037588096,GE_MAP,all,GE_POS3_SMART,0.1341150604617076,0.7174346301020408,0.23651050080775443,0.15815628375945265,0.4687299893276414,13885,2196,8499,False,0.5842040142974979,63,False,True,-0.07756269991417336,0,True
125778,62,chair,a photo of a chair,0.21167776037588096,GE_MAP,all,GE_POS3_CASR,0.1341150604617076,0.7174346301020408,0.23651050080775443,0.15815628375945265,0.4687299893276414,13885,2196,8499,False,0.5842040142974979,63,False,True,-0.07756269991417336,0,True
125778,63,couch,a photo of a couch,0.37559687087270144,GE_MAP,all,GE_MAP,0.37559687087270144,0.7550223214285714,0.5460856720827179,0.4126576626855676,0.8070290329622353,17918,7394,4259,True,0.22529408575920204,62,True,False,0.0,-1,False
125778,63,couch,a photo of a couch,0.37559687087270144,GE_MAP,all,GE_POS3_SAM,0.43438277615492804,0.8958067602040817,0.6056720470659225,0.980224609375,0.43822309539401877,4096,4015,74,True,0.00849890892385437,62,True,False,0.0587859052822266,1,True
125778,63,couch,a photo of a couch,0.37559687087270144,GE_MAP,all,GE_POS3_SMART,0.43438277615492804,0.8958067602040817,0.6056720470659225,0.980224609375,0.43822309539401877,4096,4015,74,True,0.00849890892385437,62,True,False,0.0587859052822266,1,True
125778,63,couch,a photo of a couch,0.37559687087270144,GE_MAP,all,GE_POS3_CASR,0.43438277615492804,0.8958067602040817,0.6056720470659225,0.980224609375,0.43822309539401877,4096,4015,74,True,0.00849890892385437,62,True,False,0.0587859052822266,1,True
403565,1,person,a photo of a person,0.16561306466482287,GE_MAP,all,GE_MAP,0.16561306466482287,0.7474689094387755,0.2841647364555675,0.1702891191008193,0.8577762619372442,14769,2515,1555,True,0.0937893118389787,2,True,False,0.0,-1,False
403565,1,person,a photo of a person,0.16561306466482287,GE_MAP,all,GE_POS3_SAM,0.6140510948905109,0.9662786989795918,0.7608818541548897,0.6496138996138996,0.9181446111869032,4144,2692,703,True,0.11621645096847043,2,True,False,0.44843803022568807,0,True
403565,1,person,a photo of a person,0.16561306466482287,GE_MAP,all,GE_POS3_SMART,0.6140510948905109,0.9662786989795918,0.7608818541548897,0.6496138996138996,0.9181446111869032,4144,2692,703,True,0.11621645096847043,2,True,False,0.44843803022568807,0,True
403565,1,person,a photo of a person,0.16561306466482287,GE_MAP,all,GE_POS3_CASR,0.6140510948905109,0.9662786989795918,0.7608818541548897,0.6496138996138996,0.9181446111869032,4144,2692,703,True,0.11621645096847043,2,True,False,0.44843803022568807,0,True
403565,27,backpack,a photo of a backpack,0.04287710524380378,GE_MAP,all,GE_MAP,0.04287710524380378,0.7406329719387755,0.08222849083215797,0.042892878163625664,0.9914965986394558,13592,583,8064,False,0.40598991172761667,2,False,False,0.0,-1,False
403565,27,backpack,a photo of a backpack,0.04287710524380378,GE_MAP,all,GE_POS3_SAM,0.06541850220264317,0.9154376594387755,0.12280339053132107,0.0698987997175806,0.5051020408163265,4249,297,3159,False,0.6195308976093821,1,False,True,0.022541396958839388,0,True
403565,27,backpack,a photo of a backpack,0.04287710524380378,GE_MAP,all,GE_POS3_SMART,0.06541850220264317,0.9154376594387755,0.12280339053132107,0.0698987997175806,0.5051020408163265,4249,297,3159,False,0.6195308976093821,1,False,True,0.022541396958839388,0,True
403565,27,backpack,a photo of a backpack,0.04287710524380378,GE_MAP,all,GE_POS3_CASR,0.06541850220264317,0.9154376594387755,0.12280339053132107,0.0698987997175806,0.5051020408163265,4249,297,3159,False,0.6195308976093821,1,False,True,0.022541396958839388,0,True
84241,1,person,a photo of a person,0.23006654329251486,GE_MAP,all,GE_MAP,0.23006654329251486,0.6102917729591837,0.3740717029449424,0.47419250121733486,0.30885928745110475,12322,5843,587,True,0.031271286147749086,79,True,False,0.0,-1,False
84241,1,person,a photo of a person,0.23006654329251486,GE_MAP,all,GE_POS3_SAM,0.023392357875116496,0.5823102678571429,0.045715326472998814,0.16491458607095927,0.026535574585051274,3044,502,72,True,0.01763150161622098,44,True,False,-0.20667418541739835,2,True
84241,1,person,a photo of a person,0.23006654329251486,GE_MAP,all,GE_POS3_SMART,0.11417400772047906,0.6432756696428571,0.20494825212099677,0.6417246175243394,0.12194735172851252,3595,2307,167,True,0.016412360559046033,79,True,False,-0.1158925355720358,1,True
84241,1,person,a photo of a person,0.23006654329251486,GE_MAP,all,GE_POS3_CASR,0.11417400772047906,0.6432756696428571,0.20494825212099677,0.6417246175243394,0.12194735172851252,3595,2307,167,True,0.016412360559046033,79,True,False,-0.1158925355720358,1,True
84241,79,oven,a photo of a oven,0.03099510603588907,GE_MAP,all,GE_MAP,0.03099510603588907,0.6093351403061225,0.060126582278481014,0.03794480755265069,0.14473684210526316,16524,627,3305,False,0.07072599531615925,51,False,False,0.0,-1,False
84241,79,oven,a photo of a oven,0.03099510603588907,GE_MAP,all,GE_POS3_SAM,0.0,0.7752710459183674,0.0,0.0,0.0,6944,0,5776,False,0.2873711981681517,1,False,False,-0.03099510603588907,0,True
84241,79,oven,a photo of a oven,0.03099510603588907,GE_MAP,all,GE_POS3_SMART,0.0,0.8484135841836735,0.0,0.0,0.0,3274,0,742,False,0.03439917964016034,1,False,False,-0.03099510603588907,1,True
84241,79,oven,a photo of a oven,0.03099510603588907,GE_MAP,all,GE_POS3_CASR,0.0,0.8484135841836735,0.0,0.0,0.0,3274,0,742,False,0.03439917964016034,1,False,False,-0.03099510603588907,1,True
112298,44,bottle,a photo of a bottle,0.11307089297886844,GE_MAP,all,GE_MAP,0.11307089297886844,0.7925502232142857,0.20316925667917018,0.11307089297886844,1.0,11736,1327,1634,False,0.08203418090871196,43,True,False,0.0,-1,False
112298,44,bottle,a photo of a bottle,0.11307089297886844,GE_MAP,all,GE_POS3_SAM,0.07220359045176564,0.9062699298469388,0.13468261269549217,0.08909444985394352,0.27581009796533534,4108,366,1007,False,0.23181399631675875,43,False,False,-0.0408673025271028,1,True
112298,44,bottle,a photo of a bottle,0.11307089297886844,GE_MAP,all,GE_POS3_SMART,0.16678457729041388,0.9061104910714286,0.2858875246324087,0.17893738140417456,0.7106254709871892,5270,943,1211,False,0.22840437570728028,43,False,False,0.05371368431154544,0,True
112298,44,bottle,a photo of a bottle,0.11307089297886844,GE_MAP,all,GE_POS3_CASR,0.16678457729041388,0.9061104910714286,0.2858875246324087,0.17893738140417456,0.7106254709871892,5270,943,1211,False,0.22840437570728028,43,False,False,0.05371368431154544,0,True
112298,1,person,a photo of a person,0.3736664236962428,GE_MAP,all,GE_MAP,0.3736664236962428,0.8116230867346939,0.5440424505547515,0.4101687518184463,0.8076482383271268,13748,5639,964,True,0.040608079966680546,43,True,False,0.0,-1,False
112298,1,person,a photo of a person,0.3736664236962428,GE_MAP,all,GE_POS3_SAM,0.0025457497048406138,0.4611965880102041,0.005078570639973503,0.003417364172155911,0.009882555141793183,20191,69,0,True,0.0,-1,True,False,-0.3711206739914022,1,True
112298,1,person,a photo of a person,0.3736664236962428,GE_MAP,all,GE_POS3_SMART,0.001392515230635335,0.5426498724489796,0.0027811576568746743,0.0019962570180910794,0.004583213978802635,16030,32,0,True,0.0,-1,True,False,-0.3722739084656075,2,True
112298,1,person,a photo of a person,0.3736664236962428,GE_MAP,all,GE_POS3_CASR,0.3736664236962428,0.8116230867346939,0.5440424505547515,0.4101687518184463,0.8076482383271268,13748,5639,964,True,0.040608079966680546,43,True,False,0.0,2,False
231822,67,dining table,a photo of a dining table,0.4482101510153064,GE_MAP,all,GE_MAP,0.4482101510153064,0.4633091517857143,0.6189849597464522,0.9884766595869673,0.45056438988217845,22129,21874,0,True,0.11078890919202351,47,True,False,0.0,-1,False
231822,67,dining table,a photo of a dining table,0.4482101510153064,GE_MAP,all,GE_POS3_SAM,0.16112898927993113,0.18435108418367346,0.2775384832650756,0.9704938271604938,0.16192222130674797,8100,7861,12,True,0.37905779889152813,47,False,False,-0.2870811617353753,0,True
231822,67,dining table,a photo of a dining table,0.4482101510153064,GE_MAP,all,GE_POS3_SMART,0.11157271250231372,0.1390704719387755,0.20074748371817644,0.9863636363636363,0.1117450770371591,5500,5425,8,True,0.3510549529145309,47,False,False,-0.3366374385129927,1,True
231822,67,dining table,a photo of a dining table,0.4482101510153064,GE_MAP,all,GE_POS3_CASR,0.4482101510153064,0.4633091517857143,0.6189849597464522,0.9884766595869673,0.45056438988217845,22129,21874,0,True,0.11078890919202351,47,True,False,0.0,1,False
231822,56,broccoli,a photo of a broccoli,0.10850534093647096,GE_MAP,all,GE_MAP,0.10850534093647096,0.7787786989795918,0.19576872916968555,0.10850534093647096,1.0,12451,1351,10995,False,0.25375619180728837,67,False,False,0.0,-1,False
231822,56,broccoli,a photo of a broccoli,0.10850534093647096,GE_MAP,all,GE_POS3_SAM,0.31332833208302074,0.9452726403061225,0.47715156130997716,0.32119969238656754,0.927461139896373,3901,1253,2648,False,0.08035346461234243,67,True,False,0.20482299114654978,1,True
231822,56,broccoli,a photo of a broccoli,0.10850534093647096,GE_MAP,all,GE_POS3_SMART,0.31332833208302074,0.9452726403061225,0.47715156130997716,0.32119969238656754,0.927461139896373,3901,1253,2648,False,0.08035346461234243,67,True,False,0.20482299114654978,1,True
231822,56,broccoli,a photo of a broccoli,0.10850534093647096,GE_MAP,all,GE_POS3_CASR,0.31332833208302074,0.9452726403061225,0.47715156130997716,0.32119969238656754,0.927461139896373,3901,1253,2648,False,0.08035346461234243,67,True,False,0.20482299114654978,1,True
436617,46,wine glass,a photo of a wine glass,0.09475722783234196,GE_MAP,all,GE_MAP,0.09475722783234196,0.7391581632653061,0.17311094263330806,0.09475722783234196,1.0,14458,1370,9966,False,0.5138243870828383,67,False,True,0.0,-1,False
436617,46,wine glass,a photo of a wine glass,0.09475722783234196,GE_MAP,all,GE_POS3_SAM,0.21608832807570977,0.9603794642857143,0.3553826199740597,0.31971995332555425,0.4,1714,548,1165,False,0.1243565230180909,67,True,False,0.12133110024336781,0,True
436617,46,wine glass,a photo of a wine glass,0.09475722783234196,GE_MAP,all,GE_POS3_SMART,0.21608832807570977,0.9603794642857143,0.3553826199740597,0.31971995332555425,0.4,1714,548,1165,False,0.1243565230180909,67,True,False,0.12133110024336781,0,True
436617,46,wine glass,a photo of a wine glass,0.09475722783234196,GE_MAP,all,GE_POS3_CASR,0.21608832807570977,0.9603794642857143,0.3553826199740597,0.31971995332555425,0.4,1714,548,1165,False,0.1243565230180909,67,True,False,0.12133110024336781,0,True
436617,31,handbag,a photo of a handbag,0.02996025680220116,GE_MAP,all,GE_MAP,0.02996025680220116,0.6205755739795918,0.058177500742059955,0.03050425399460469,0.6268656716417911,19276,588,11314,False,0.2647662978846085,1,False,False,0.0,-1,False
436617,31,handbag,a photo of a handbag,0.02996025680220116,GE_MAP,all,GE_POS3_SAM,0.0,0.8513632015306123,0.0,0.0,0.0,6520,0,5317,False,0.30895880939825393,1,False,False,-0.02996025680220116,0,True
436617,31,handbag,a photo of a handbag,0.02996025680220116,GE_MAP,all,GE_POS3_SMART,0.0,0.8513632015306123,0.0,0.0,0.0,6520,0,5317,False,0.30895880939825393,1,False,False,-0.02996025680220116,0,True
436617,31,handbag,a photo of a handbag,0.02996025680220116,GE_MAP,all,GE_POS3_CASR,0.0,0.8513632015306123,0.0,0.0,0.0,6520,0,5317,False,0.30895880939825393,1,False,False,-0.02996025680220116,0,True
434479,62,chair,a photo of a chair,0.07559096945551129,GE_MAP,all,GE_MAP,0.07559096945551129,0.6531808035714286,0.14055709205847491,0.07728655224853356,0.7750544662309368,18412,1423,7249,False,0.16795681827691536,67,False,False,0.0,-1,False
434479,62,chair,a photo of a chair,0.07559096945551129,GE_MAP,all,GE_POS3_SAM,0.09363022449352072,0.9010283801020408,0.1712283044058745,0.12343599615014438,0.27941176470588236,4156,513,3620,False,0.09683377308707124,67,False,False,0.018039255038009433,1,True
434479,62,chair,a photo of a chair,0.07559096945551129,GE_MAP,all,GE_POS3_SMART,0.09363022449352072,0.9010283801020408,0.1712283044058745,0.12343599615014438,0.27941176470588236,4156,513,3620,False,0.09683377308707124,67,False,False,0.018039255038009433,1,True
434479,62,chair,a photo of a chair,0.07559096945551129,GE_MAP,all,GE_POS3_CASR,0.09363022449352072,0.9010283801020408,0.1712283044058745,0.12343599615014438,0.27941176470588236,4156,513,3620,False,0.09683377308707124,67,False,False,0.018039255038009433,1,True
434479,59,pizza,a photo of a pizza,0.660662430032406,GE_MAP,all,GE_MAP,0.660662430032406,0.8393056441326531,0.7956613193441293,0.8048605414273995,0.7866700075169131,19504,15698,3274,True,0.4834371497823764,67,True,False,0.0,-1,False
434479,59,pizza,a photo of a pizza,0.660662430032406,GE_MAP,all,GE_POS3_SAM,0.7726545309061812,0.9093989158163265,0.8717485752976358,0.9973533019172423,0.7742420446003508,15491,15450,41,True,0.399751296433485,67,True,False,0.1119921008737752,1,True
434479,59,pizza,a photo of a pizza,0.660662430032406,GE_MAP,all,GE_POS3_SMART,0.7726545309061812,0.9093989158163265,0.8717485752976358,0.9973533019172423,0.7742420446003508,15491,15450,41,True,0.399751296433485,67,True,False,0.1119921008737752,1,True
434479,59,pizza,a photo of a pizza,0.660662430032406,GE_MAP,all,GE_POS3_CASR,0.7726545309061812,0.9093989158163265,0.8717485752976358,0.9973533019172423,0.7742420446003508,15491,15450,41,True,0.399751296433485,67,True,False,0.1119921008737752,1,True
16228,1,person,a photo of a person,0.03328799484572983,GE_MAP,all,GE_MAP,0.03328799484572983,0.7308673469387755,0.06443120410142719,0.04084321475625823,0.15250901935060676,11385,465,3086,False,0.15715622076707203,19,False,False,0.0,-1,False
16228,1,person,a photo of a person,0.03328799484572983,GE_MAP,all,GE_POS3_SAM,0.0,0.9166932397959183,0.0,0.0,0.0,1131,0,0,False,0.0,-1,False,False,-0.03328799484572983,1,True
16228,1,person,a photo of a person,0.03328799484572983,GE_MAP,all,GE_POS3_SMART,0.0,0.9169124681122449,0.0,0.0,0.0,1120,0,0,False,0.0,-1,False,False,-0.03328799484572983,2,True
16228,1,person,a photo of a person,0.03328799484572983,GE_MAP,all,GE_POS3_CASR,0.0,0.9169124681122449,0.0,0.0,0.0,1120,0,0,False,0.0,-1,False,False,-0.03328799484572983,2,True
16228,28,umbrella,a photo of a umbrella,0.07391374058040724,GE_MAP,all,GE_MAP,0.07391374058040724,0.7697704081632653,0.13765303075544938,0.07405027708617781,0.9756613756613757,12451,922,3703,False,0.1553836936986003,7,False,False,0.0,-1,False
16228,28,umbrella,a photo of a umbrella,0.07391374058040724,GE_MAP,all,GE_POS3_SAM,0.7812206572769953,0.9953563456632653,0.8771744860305746,0.8739495798319328,0.8804232804232804,952,832,94,True,0.00977029414821744,7,True,False,0.7073069166965881,2,True
16228,28,umbrella,a photo of a umbrella,0.07391374058040724,GE_MAP,all,GE_POS3_SMART,0.7812206572769953,0.9953563456632653,0.8771744860305746,0.8739495798319328,0.8804232804232804,952,832,94,True,0.00977029414821744,7,True,False,0.7073069166965881,2,True
16228,28,umbrella,a photo of a umbrella,0.07391374058040724,GE_MAP,all,GE_POS3_CASR,0.7812206572769953,0.9953563456632653,0.8771744860305746,0.8739495798319328,0.8804232804232804,952,832,94,True,0.00977029414821744,7,True,False,0.7073069166965881,2,True
210388,1,person,a photo of a person,0.26114686951433586,GE_MAP,all,GE_MAP,0.26114686951433586,0.7483458227040817,0.4141418828005382,0.28776839254626346,0.7384182660489742,15509,4463,240,True,0.0163201985727583,33,True,False,0.0,-1,False
210388,1,person,a photo of a person,0.26114686951433586,GE_MAP,all,GE_POS3_SAM,0.20679953106682297,0.8651546556122449,0.34272391684476394,0.41505882352941176,0.29185969556585045,4250,1764,512,True,0.1285273368606702,33,True,False,-0.05434733844751288,1,True
210388,1,person,a photo of a person,0.26114686951433586,GE_MAP,all,GE_POS3_SMART,0.20679953106682297,0.8651546556122449,0.34272391684476394,0.41505882352941176,0.29185969556585045,4250,1764,512,True,0.1285273368606702,33,True,False,-0.05434733844751288,1,True
210388,1,person,a photo of a person,0.26114686951433586,GE_MAP,all,GE_POS3_CASR,0.20679953106682297,0.8651546556122449,0.34272391684476394,0.41505882352941176,0.29185969556585045,4250,1764,512,True,0.1285273368606702,33,True,False,-0.05434733844751288,1,True
210388,33,suitcase,a photo of a suitcase,0.08434209231374865,GE_MAP,all,GE_MAP,0.08434209231374865,0.8145727040816326,0.15556362316209837,0.08444181692777614,0.9861910241657077,10149,857,4460,False,0.3935456110154905,1,False,False,0.0,-1,False
210388,33,suitcase,a photo of a suitcase,0.08434209231374865,GE_MAP,all,GE_POS3_SAM,0.25818406423718343,0.9521285076530612,0.4104074619538537,0.2608424336973479,0.9620253164556962,3205,836,10,True,0.01170422227083789,1,True,False,0.17384197192343478,1,True
210388,33,suitcase,a photo of a suitcase,0.08434209231374865,GE_MAP,all,GE_POS3_SMART,0.3192167577413479,0.9702048788265306,0.48394891266827755,0.34566074950690334,0.806674338319908,2028,701,9,True,0.012797992471769134,1,True,False,0.23487466542759924,2,True
210388,33,suitcase,a photo of a suitcase,0.08434209231374865,GE_MAP,all,GE_POS3_CASR,0.3192167577413479,0.9702048788265306,0.48394891266827755,0.34566074950690334,0.806674338319908,2028,701,9,True,0.012797992471769134,1,True,False,0.23487466542759924,2,True
10707,27,backpack,a photo of a backpack,0.030380243041944335,GE_MAP,all,GE_MAP,0.030380243041944335,0.7042211415816326,0.05896899372265551,0.03091549763978459,0.636986301369863,15041,465,7710,False,0.2713891801623364,1,False,False,0.0,-1,False
10707,27,backpack,a photo of a backpack,0.030380243041944335,GE_MAP,all,GE_POS3_SAM,0.100408788962698,0.9298270089285714,0.18249361504527514,0.10986860497623707,0.5383561643835616,3577,393,933,False,0.0444324430479183,1,True,False,0.07002854592075367,1,True
10707,27,backpack,a photo of a backpack,0.030380243041944335,GE_MAP,all,GE_POS3_SMART,0.100408788962698,0.9298270089285714,0.18249361504527514,0.10986860497623707,0.5383561643835616,3577,393,933,False,0.0444324430479183,1,True,False,0.07002854592075367,1,True
10707,27,backpack,a photo of a backpack,0.030380243041944335,GE_MAP,all,GE_POS3_CASR,0.100408788962698,0.9298270089285714,0.18249361504527514,0.10986860497623707,0.5383561643835616,3577,393,933,False,0.0444324430479183,1,True,False,0.07002854592075367,1,True
10707,67,dining table,a photo of a dining table,0.19305019305019305,GE_MAP,all,GE_MAP,0.19305019305019305,0.7209223533163265,0.32362459546925565,0.19459773453383677,0.9604357798165137,17215,3350,5812,False,0.1299520973588814,1,True,False,0.0,-1,False
10707,67,dining table,a photo of a dining table,0.19305019305019305,GE_MAP,all,GE_POS3_SAM,0.4838012958963283,0.9618941326530612,0.6521106259097526,0.8924302788844621,0.5137614678899083,2008,1792,3,True,0.0018294914013904135,27,True,False,0.29075110284613526,1,True
10707,67,dining table,a photo of a dining table,0.19305019305019305,GE_MAP,all,GE_POS3_SMART,0.4838012958963283,0.9618941326530612,0.6521106259097526,0.8924302788844621,0.5137614678899083,2008,1792,3,True,0.0018294914013904135,27,True,False,0.29075110284613526,1,True
10707,67,dining table,a photo of a dining table,0.19305019305019305,GE_MAP,all,GE_POS3_CASR,0.4838012958963283,0.9618941326530612,0.6521106259097526,0.8924302788844621,0.5137614678899083,2008,1792,3,True,0.0018294914013904135,27,True,False,0.29075110284613526,1,True
88462,6,bus,a photo of a bus,0.6933681376947549,GE_MAP,all,GE_MAP,0.6933681376947549,0.9250837053571429,0.8189219133869647,0.765214259992798,0.8807377473836908,11108,8500,486,True,0.04183884297520661,3,True,False,0.0,-1,False
88462,6,bus,a photo of a bus,0.6933681376947549,GE_MAP,all,GE_POS3_SAM,0.910831960461285,0.9827407525510204,0.9533354887380106,0.9931514539126529,0.9165889545124858,8907,8846,0,True,0.00954305602335242,13,True,False,0.2174638227665301,0,True
88462,6,bus,a photo of a bus,0.6933681376947549,GE_MAP,all,GE_POS3_SMART,0.910831960461285,0.9827407525510204,0.9533354887380106,0.9931514539126529,0.9165889545124858,8907,8846,0,True,0.00954305602335242,13,True,False,0.2174638227665301,0,True
88462,6,bus,a photo of a bus,0.6933681376947549,GE_MAP,all,GE_POS3_CASR,0.910831960461285,0.9827407525510204,0.9533354887380106,0.9931514539126529,0.9165889545124858,8907,8846,0,True,0.00954305602335242,13,True,False,0.2174638227665301,0,True
88462,3,car,a photo of a car,0.08955761780340571,GE_MAP,all,GE_MAP,0.08955761780340571,0.7986088966836735,0.1643926238319689,0.08955761780340571,1.0,11099,994,3616,False,0.21104237189214428,6,False,False,0.0,-1,False
88462,3,car,a photo of a car,0.08955761780340571,GE_MAP,all,GE_POS3_SAM,0.5402476780185759,0.9881616709183674,0.7015075376884422,0.7008032128514057,0.7022132796780685,996,698,258,True,0.02483395899509096,6,True,False,0.45069006021517016,1,True
88462,3,car,a photo of a car,0.08955761780340571,GE_MAP,all,GE_POS3_SMART,0.5402476780185759,0.9881616709183674,0.7015075376884422,0.7008032128514057,0.7022132796780685,996,698,258,True,0.02483395899509096,6,True,False,0.45069006021517016,1,True
88462,3,car,a photo of a car,0.08955761780340571,GE_MAP,all,GE_POS3_CASR,0.5402476780185759,0.9881616709183674,0.7015075376884422,0.7008032128514057,0.7022132796780685,996,698,258,True,0.02483395899509096,6,True,False,0.45069006021517016,1,True
451714,1,person,a photo of a person,0.4113793748830245,GE_MAP,all,GE_MAP,0.4113793748830245,0.8119618941326531,0.5829465588118287,0.4947850228858708,0.7093373493975904,13327,6594,130,True,0.01016597510373444,35,True,False,0.0,-1,False
451714,1,person,a photo of a person,0.4113793748830245,GE_MAP,all,GE_POS3_SAM,0.02426519997013514,0.21863042091836735,0.0473806978326368,0.030602636534839925,0.10488382099827882,31860,975,313,True,0.009534834130441405,35,True,False,-0.38711417491288935,0,True
451714,1,person,a photo of a person,0.4113793748830245,GE_MAP,all,GE_POS3_SMART,0.02426519997013514,0.21863042091836735,0.0473806978326368,0.030602636534839925,0.10488382099827882,31860,975,313,True,0.009534834130441405,35,True,False,-0.38711417491288935,0,True
451714,1,person,a photo of a person,0.4113793748830245,GE_MAP,all,GE_POS3_CASR,0.4113793748830245,0.8119618941326531,0.5829465588118287,0.4947850228858708,0.7093373493975904,13327,6594,130,True,0.01016597510373444,35,True,False,0.0,0,False
451714,35,skis,a photo of a skis,0.07568466702310937,GE_MAP,all,GE_MAP,0.07568466702310937,0.6899115114795918,0.1407190589274866,0.07571165388958222,0.9953125,16827,1274,3624,False,0.16195178364914153,1,False,False,0.0,-1,False
451714,35,skis,a photo of a skis,0.07568466702310937,GE_MAP,all,GE_POS3_SAM,0.0,0.8021962691326531,0.0,0.0,0.0,8645,0,8463,False,0.8929098966026587,1,False,True,-0.07568466702310937,0,True
451714,35,skis,a photo of a skis,0.07568466702310937,GE_MAP,all,GE_POS3_SMART,0.012443438914027148,0.965202487244898,0.024581005586592177,0.043137254901960784,0.0171875,510,22,299,False,0.03166754339821147,1,False,False,-0.06324122810908223,2,True
451714,35,skis,a photo of a skis,0.07568466702310937,GE_MAP,all,GE_POS3_CASR,0.012443438914027148,0.965202487244898,0.024581005586592177,0.043137254901960784,0.0171875,510,22,299,False,0.03166754339821147,1,False,False,-0.06324122810908223,2,True
347930,63,couch,a photo of a couch,0.41303705295966897,GE_MAP,all,GE_MAP,0.41303705295966897,0.5646324936224489,0.5846089486394493,0.7089424895079094,0.49737914967967384,21683,15372,965,True,0.025585044688544722,18,True,False,0.0,-1,False
347930,63,couch,a photo of a couch,0.41303705295966897,GE_MAP,all,GE_POS3_SAM,0.6287975491447536,0.7391980229591837,0.7721003134796238,0.8360488798370672,0.7172393709959232,26514,22167,82,True,0.007535947334988739,18,True,False,0.21576049618508464,0,True
347930,63,couch,a photo of a couch,0.41303705295966897,GE_MAP,all,GE_POS3_SMART,0.5465780010274559,0.6833745216836735,0.7068224178338777,0.8225314607224155,0.6196531417847667,23283,19151,16,True,0.005078720162519045,18,True,False,0.13354094806778694,1,True
347930,63,couch,a photo of a couch,0.41303705295966897,GE_MAP,all,GE_POS3_CASR,0.5465780010274559,0.6833745216836735,0.7068224178338777,0.8225314607224155,0.6196531417847667,23283,19151,16,True,0.005078720162519045,18,True,False,0.13354094806778694,1,True
347930,18,dog,a photo of a dog,0.6155956806514428,GE_MAP,all,GE_MAP,0.6155956806514428,0.913444674744898,0.7620665096148578,0.7045178282009724,0.8298532394702303,9872,6955,2578,True,0.07639108858621053,63,True,False,0.0,-1,False
347930,18,dog,a photo of a dog,0.6155956806514428,GE_MAP,all,GE_POS3_SAM,0.06165162153126045,0.7203244579081632,0.11614284814511558,0.12299893276414088,0.110010738575349,7496,922,6489,False,0.20779996854851393,63,False,False,-0.5539440591201823,1,True
347930,18,dog,a photo of a dog,0.6155956806514428,GE_MAP,all,GE_POS3_SMART,0.5433333333333333,0.8716717155612245,0.7041036717062635,0.5725710014947684,0.9140913972079704,13380,7661,5577,True,0.15862177223137902,63,True,False,-0.07226234731810943,0,True
347930,18,dog,a photo of a dog,0.6155956806514428,GE_MAP,all,GE_POS3_CASR,0.5433333333333333,0.8716717155612245,0.7041036717062635,0.5725710014947684,0.9140913972079704,13380,7661,5577,True,0.15862177223137902,63,True,False,-0.07226234731810943,0,True
341921,15,bench,a photo of a bench,0.30119257351944706,GE_MAP,all,GE_MAP,0.30119257351944706,0.7944634885204082,0.46294849763057855,0.3022781366882013,0.9882169853268119,14705,4445,1509,True,0.08777054839994688,1,True,False,0.0,-1,False
341921,15,bench,a photo of a bench,0.30119257351944706,GE_MAP,all,GE_POS3_SAM,0.8332674050632911,0.9831991390306123,0.9090516776351278,0.8830433871305806,0.9366385060026678,4771,4213,1,True,0.000196078431372549,27,True,False,0.532074831543844,1,True
341921,15,bench,a photo of a bench,0.30119257351944706,GE_MAP,all,GE_POS3_SMART,0.8332674050632911,0.9831991390306123,0.9090516776351278,0.8830433871305806,0.9366385060026678,4771,4213,1,True,0.000196078431372549,27,True,False,0.532074831543844,1,True
341921,15,bench,a photo of a bench,0.30119257351944706,GE_MAP,all,GE_POS3_CASR,0.8332674050632911,0.9831991390306123,0.9090516776351278,0.8830433871305806,0.9366385060026678,4771,4213,1,True,0.000196078431372549,27,True,False,0.532074831543844,1,True
341921,1,person,a photo of a person,0.12911769574573745,GE_MAP,all,GE_MAP,0.12911769574573745,0.7902981505102041,0.22870546840639203,0.13040207305859733,0.9291244788564622,11963,1560,1697,False,0.08833057851239669,15,True,False,0.0,-1,False
341921,1,person,a photo of a person,0.12911769574573745,GE_MAP,all,GE_POS3_SAM,0.9565720903300521,0.9985052614795918,0.977804084048535,0.971764705882353,0.9839189994044074,1700,1652,3,True,0.011242270938729624,84,True,False,0.8274543945843147,1,True
341921,1,person,a photo of a person,0.12911769574573745,GE_MAP,all,GE_POS3_SMART,0.9565720903300521,0.9985052614795918,0.977804084048535,0.971764705882353,0.9839189994044074,1700,1652,3,True,0.011242270938729624,84,True,False,0.8274543945843147,1,True
341921,1,person,a photo of a person,0.12911769574573745,GE_MAP,all,GE_POS3_CASR,0.9565720903300521,0.9985052614795918,0.977804084048535,0.971764705882353,0.9839189994044074,1700,1652,3,True,0.011242270938729624,84,True,False,0.8274543945843147,1,True
182611,61,cake,a photo of a cake,0.09848949333927874,GE_MAP,all,GE_MAP,0.09848949333927874,0.6776546556122449,0.17931804343413843,0.09886420858277849,0.9629427792915531,17873,1767,11837,False,0.39058108621344473,67,False,False,0.0,-1,False
182611,61,cake,a photo of a cake,0.09848949333927874,GE_MAP,all,GE_POS3_SAM,0.0,0.9181082589285714,0.0,0.0,0.0,2274,0,1085,False,0.045040116703136394,1,False,False,-0.09848949333927874,1,True
182611,61,cake,a photo of a cake,0.09848949333927874,GE_MAP,all,GE_POS3_SMART,0.0,0.9181082589285714,0.0,0.0,0.0,2274,0,1085,False,0.045040116703136394,1,False,False,-0.09848949333927874,1,True
182611,61,cake,a photo of a cake,0.09848949333927874,GE_MAP,all,GE_POS3_CASR,0.0,0.9181082589285714,0.0,0.0,0.0,2274,0,1085,False,0.045040116703136394,1,False,False,-0.09848949333927874,1,True
182611,67,dining table,a photo of a dining table,0.6061451368092874,GE_MAP,all,GE_MAP,0.6061451368092874,0.8086535395408163,0.754782519857993,0.7238879090730943,0.7884317805880156,20412,14776,1959,True,0.1664061781741289,51,True,False,0.0,-1,False
182611,67,dining table,a photo of a dining table,0.6061451368092874,GE_MAP,all,GE_POS3_SAM,0.04497146746243652,0.6364397321428571,0.08607214428857715,0.70467596390484,0.045835334293794355,1219,859,4,True,0.00024792363951902817,1,True,False,-0.5611736693468509,1,True
182611,67,dining table,a photo of a dining table,0.6061451368092874,GE_MAP,all,GE_POS3_SMART,0.04497146746243652,0.6364397321428571,0.08607214428857715,0.70467596390484,0.045835334293794355,1219,859,4,True,0.00024792363951902817,1,True,False,-0.5611736693468509,1,True
182611,67,dining table,a photo of a dining table,0.6061451368092874,GE_MAP,all,GE_POS3_CASR,0.04497146746243652,0.6364397321428571,0.08607214428857715,0.70467596390484,0.045835334293794355,1219,859,4,True,0.00024792363951902817,1,True,False,-0.5611736693468509,1,True
284725,3,car,a photo of a car,0.28536356415625674,GE_MAP,all,GE_MAP,0.28536356415625674,0.8027543048469388,0.4440199988764676,0.28994864269992665,0.9474946056101654,13630,3952,6557,False,0.33389057750759876,6,False,False,0.0,-1,False
284725,3,car,a photo of a car,0.28536356415625674,GE_MAP,all,GE_POS3_SAM,0.8787520680690144,0.9897759885204082,0.9354635803245691,0.9841185812599259,0.8913929513306161,3778,3718,19,True,0.0021893814997263274,6,True,False,0.5933885039127577,1,True
284725,3,car,a photo of a car,0.28536356415625674,GE_MAP,all,GE_POS3_SMART,0.8787520680690144,0.9897759885204082,0.9354635803245691,0.9841185812599259,0.8913929513306161,3778,3718,19,True,0.0021893814997263274,6,True,False,0.5933885039127577,1,True
284725,3,car,a photo of a car,0.28536356415625674,GE_MAP,all,GE_POS3_CASR,0.8787520680690144,0.9897759885204082,0.9354635803245691,0.9841185812599259,0.8913929513306161,3778,3718,19,True,0.0021893814997263274,6,True,False,0.5933885039127577,1,True
284725,6,bus,a photo of a bus,0.6573821458029313,GE_MAP,all,GE_MAP,0.6573821458029313,0.8923788265306123,0.7932776969604165,0.7719991058788466,0.8157625383828045,13421,10361,1047,True,0.06527794598522466,3,True,False,0.0,-1,False
284725,6,bus,a photo of a bus,0.6573821458029313,GE_MAP,all,GE_POS3_SAM,0.9415949960906959,0.9851124043367347,0.9699190593162325,0.9926640290141774,0.9481930556649083,12132,12043,0,True,0.0024517816279830008,1,True,False,0.28421285028776455,0,True
284725,6,bus,a photo of a bus,0.6573821458029313,GE_MAP,all,GE_POS3_SMART,0.9415949960906959,0.9851124043367347,0.9699190593162325,0.9926640290141774,0.9481930556649083,12132,12043,0,True,0.0024517816279830008,1,True,False,0.28421285028776455,0,True
284725,6,bus,a photo of a bus,0.6573821458029313,GE_MAP,all,GE_POS3_CASR,0.9415949960906959,0.9851124043367347,0.9699190593162325,0.9926640290141774,0.9481930556649083,12132,12043,0,True,0.0024517816279830008,1,True,False,0.28421285028776455,0,True
25603,59,pizza,a photo of a pizza,0.17156353330184224,GE_MAP,all,GE_MAP,0.17156353330184224,0.8252351721938775,0.2928796064833481,0.17156353330184224,1.0,10585,1816,6726,False,0.36123200535654504,67,False,False,0.0,-1,False
25603,59,pizza,a photo of a pizza,0.17156353330184224,GE_MAP,all,GE_POS3_SAM,0.7241379310344828,0.9882015306122449,0.84,0.8248407643312102,0.8557268722466961,1884,1554,330,True,0.1035965598123534,67,True,False,0.5525743977326405,1,True
25603,59,pizza,a photo of a pizza,0.17156353330184224,GE_MAP,all,GE_POS3_SMART,0.7241379310344828,0.9882015306122449,0.84,0.8248407643312102,0.8557268722466961,1884,1554,330,True,0.1035965598123534,67,True,False,0.5525743977326405,1,True
25603,59,pizza,a photo of a pizza,0.17156353330184224,GE_MAP,all,GE_POS3_CASR,0.7241379310344828,0.9882015306122449,0.84,0.8248407643312102,0.8557268722466961,1884,1554,330,True,0.1035965598123534,67,True,False,0.5525743977326405,1,True
25603,62,chair,a photo of a chair,0.3108183233266622,GE_MAP,all,GE_MAP,0.3108183233266622,0.7529296875,0.4742355485813648,0.33024217365623154,0.8408783275680554,16930,5591,6791,False,0.22321891527532925,1,True,False,0.0,-1,False
25603,62,chair,a photo of a chair,0.3108183233266622,GE_MAP,all,GE_POS3_SAM,0.39609053497942387,0.9064094387755102,0.5674281503316139,0.7321131447587355,0.46322755301549107,4207,3080,790,True,0.042094160513951484,1,True,False,0.08527221165276166,1,True
25603,62,chair,a photo of a chair,0.3108183233266622,GE_MAP,all,GE_POS3_SMART,0.39609053497942387,0.9064094387755102,0.5674281503316139,0.7321131447587355,0.46322755301549107,4207,3080,790,True,0.042094160513951484,1,True,False,0.08527221165276166,1,True
25603,62,chair,a photo of a chair,0.3108183233266622,GE_MAP,all,GE_POS3_CASR,0.39609053497942387,0.9064094387755102,0.5674281503316139,0.7321131447587355,0.46322755301549107,4207,3080,790,True,0.042094160513951484,1,True,False,0.08527221165276166,1,True
449312,3,car,a photo of a car,0.08307082020767705,GE_MAP,all,GE_MAP,0.08307082020767705,0.6867426658163265,0.15339868576968652,0.08465608465608465,0.8160458452722062,16821,1424,971,True,0.03148851574425787,1,True,False,0.0,-1,False
449312,3,car,a photo of a car,0.08307082020767705,GE_MAP,all,GE_POS3_SAM,0.2757156048014774,0.9218351403061225,0.4322524609148813,0.28917296145651755,0.8555873925501433,5163,1493,262,True,0.016416428112402875,1,True,False,0.19264478459380036,1,True
449312,3,car,a photo of a car,0.08307082020767705,GE_MAP,all,GE_POS3_SMART,0.2757156048014774,0.9218351403061225,0.4322524609148813,0.28917296145651755,0.8555873925501433,5163,1493,262,True,0.016416428112402875,1,True,False,0.19264478459380036,1,True
449312,3,car,a photo of a car,0.08307082020767705,GE_MAP,all,GE_POS3_CASR,0.2757156048014774,0.9218351403061225,0.4322524609148813,0.28917296145651755,0.8555873925501433,5163,1493,262,True,0.016416428112402875,1,True,False,0.19264478459380036,1,True
449312,1,person,a photo of a person,0.34346324617661567,GE_MAP,all,GE_MAP,0.34346324617661567,0.7347735969387755,0.511310223266745,0.46422617856904713,0.5690232938291786,14997,6962,552,True,0.02309948667807382,3,True,False,0.0,-1,False
449312,1,person,a photo of a person,0.34346324617661567,GE_MAP,all,GE_POS3_SAM,0.19935206810818956,0.7882055165816326,0.332432941767699,0.7182410423452769,0.21626481405803025,3684,2646,120,True,0.02260312676586928,3,True,False,-0.1441111780684261,2,True
449312,1,person,a photo of a person,0.34346324617661567,GE_MAP,all,GE_POS3_SMART,0.19935206810818956,0.7882055165816326,0.332432941767699,0.7182410423452769,0.21626481405803025,3684,2646,120,True,0.02260312676586928,3,True,False,-0.1441111780684261,2,True
449312,1,person,a photo of a person,0.34346324617661567,GE_MAP,all,GE_POS3_CASR,0.19935206810818956,0.7882055165816326,0.332432941767699,0.7182410423452769,0.21626481405803025,3684,2646,120,True,0.02260312676586928,3,True,False,-0.1441111780684261,2,True
179112,1,person,a photo of a person,0.532055692055692,GE_MAP,all,GE_MAP,0.532055692055692,0.7153220663265306,0.694564427147928,0.8426377503372419,0.5907536737960134,19274,16241,11,True,0.08067610307460985,77,True,False,0.0,-1,False
179112,1,person,a photo of a person,0.532055692055692,GE_MAP,all,GE_POS3_SAM,0.9566824576514499,0.975944674744898,0.9778617413473707,0.986237004698657,0.9696275280081478,27029,26657,0,True,0.054498525073746314,77,True,False,0.42462676559575785,0,True
179112,1,person,a photo of a person,0.532055692055692,GE_MAP,all,GE_POS3_SMART,0.9566824576514499,0.975944674744898,0.9778617413473707,0.986237004698657,0.9696275280081478,27029,26657,0,True,0.054498525073746314,77,True,False,0.42462676559575785,0,True
179112,1,person,a photo of a person,0.532055692055692,GE_MAP,all,GE_POS3_CASR,0.9566824576514499,0.975944674744898,0.9778617413473707,0.986237004698657,0.9696275280081478,27029,26657,0,True,0.054498525073746314,77,True,False,0.42462676559575785,0,True
179112,77,cell phone,a photo of a cell phone,0.18147581499352713,GE_MAP,all,GE_MAP,0.18147581499352713,0.8613879145408163,0.30720191254108975,0.1820543093270366,0.982791586998088,8470,1542,4456,False,0.1996930878035762,1,False,False,0.0,-1,False
179112,77,cell phone,a photo of a cell phone,0.18147581499352713,GE_MAP,all,GE_POS3_SAM,0.15488518685276903,0.8503667091836735,0.2682261208576998,0.15832470371648832,0.8769917144678139,8691,1376,7169,False,0.3091757724871554,1,False,False,-0.026590628140758105,1,True
179112,77,cell phone,a photo of a cell phone,0.18147581499352713,GE_MAP,all,GE_POS3_SMART,0.26057529610829105,0.9216159119897959,0.4134228187919463,0.26985981308411217,0.8833652007648184,5136,1386,3749,False,0.18677481540755828,1,True,False,0.07909948111476392,2,True
179112,77,cell phone,a photo of a cell phone,0.18147581499352713,GE_MAP,all,GE_POS3_CASR,0.26057529610829105,0.9216159119897959,0.4134228187919463,0.26985981308411217,0.8833652007648184,5136,1386,3749,False,0.18677481540755828,1,True,False,0.07909948111476392,2,True
153529,33,suitcase,a photo of a suitcase,0.29781992856263084,GE_MAP,all,GE_MAP,0.29781992856263084,0.7727598852040817,0.45895416152605106,0.29886904394042396,0.9883507050889025,16181,4836,6600,False,0.29123900293255134,27,True,False,0.0,-1,False
153529,33,suitcase,a photo of a suitcase,0.29781992856263084,GE_MAP,all,GE_POS3_SAM,0.5031215571061329,0.9191047512755102,0.6694356217933056,0.5564581640942323,0.8399754751686083,7386,4110,3179,True,0.4062678062678063,27,True,False,0.2053016285435021,1,True
153529,33,suitcase,a photo of a suitcase,0.29781992856263084,GE_MAP,all,GE_POS3_SMART,0.5009400705052879,0.9153579400510204,0.6675017615282236,0.540989847715736,0.871244635193133,7880,4263,3376,True,0.43927329819446004,27,True,False,0.20312014194265704,0,True
153529,33,suitcase,a photo of a suitcase,0.29781992856263084,GE_MAP,all,GE_POS3_CASR,0.5009400705052879,0.9153579400510204,0.6675017615282236,0.540989847715736,0.871244635193133,7880,4263,3376,True,0.43927329819446004,27,True,False,0.20312014194265704,0,True
153529,1,person,a photo of a person,0.2919299840872926,GE_MAP,all,GE_MAP,0.2919299840872926,0.6896125637755102,0.45192849099099097,0.5110633556192296,0.40505929851122885,12564,6421,1950,True,0.07531766005770058,27,True,False,0.0,-1,False
153529,1,person,a photo of a person,0.2919299840872926,GE_MAP,all,GE_POS3_SAM,0.6097576290342835,0.8761360012755102,0.757576939579514,0.9924374041900869,0.6126040878122634,9785,9711,0,True,0.0,-1,True,False,0.31782764494699095,0,True
153529,1,person,a photo of a person,0.2919299840872926,GE_MAP,all,GE_POS3_SMART,0.3539622641509434,0.795280612244898,0.5228539576365663,0.9915433403805497,0.3550340651021953,5676,5628,0,True,0.0,-1,True,False,0.0620322800636508,2,True
153529,1,person,a photo of a person,0.2919299840872926,GE_MAP,all,GE_POS3_CASR,0.3539622641509434,0.795280612244898,0.5228539576365663,0.9915433403805497,0.3550340651021953,5676,5628,0,True,0.0,-1,True,False,0.0620322800636508,2,True
375278,33,suitcase,a photo of a suitcase,0.5354844640558927,GE_MAP,all,GE_MAP,0.5354844640558927,0.7985889668367347,0.6974794947015506,0.8377076292514561,0.5974665367454741,13907,11650,783,True,0.02764740393077149,17,True,False,0.0,-1,False
375278,33,suitcase,a photo of a suitcase,0.5354844640558927,GE_MAP,all,GE_POS3_SAM,0.2352076802507837,0.6888153698979592,0.38083908319454357,0.8396572827417381,0.2462690394379199,5719,4802,20,True,0.0016722408026755853,1,True,False,-0.30027678380510897,1,True
375278,33,suitcase,a photo of a suitcase,0.5354844640558927,GE_MAP,all,GE_POS3_SMART,0.8763736263736264,0.9497767857142857,0.9341142020497804,0.9527974825324017,0.9161495461305708,18749,17864,50,True,0.022905514751649446,17,True,False,0.3408891623177337,0,True
375278,33,suitcase,a photo of a suitcase,0.5354844640558927,GE_MAP,all,GE_POS3_CASR,0.8763736263736264,0.9497767857142857,0.9341142020497804,0.9527974825324017,0.9161495461305708,18749,17864,50,True,0.022905514751649446,17,True,False,0.3408891623177337,0,True
375278,17,cat,a photo of a cat,0.7122982018637617,GE_MAP,all,GE_MAP,0.7122982018637617,0.9126275510204082,0.8319791506975318,0.906539714357304,0.7687513279977336,11973,10854,965,True,0.778209556706966,18,False,True,0.0,-1,False
375278,17,cat,a photo of a cat,0.7122982018637617,GE_MAP,all,GE_POS3_SAM,0.6477528370744389,0.8595742984693877,0.7862257281553398,0.6877023512552413,0.9176995537927616,18841,12957,5768,True,0.6196337898138176,18,True,False,-0.06454536478932282,0,True
375278,17,cat,a photo of a cat,0.7122982018637617,GE_MAP,all,GE_POS3_SMART,0.7810563190514687,0.9352279974489796,0.8770708828201831,0.9411478204399708,0.8211629718818613,12319,11594,614,True,0.8834849282116816,18,False,True,0.06875811718770697,1,True
375278,17,cat,a photo of a cat,0.7122982018637617,GE_MAP,all,GE_POS3_CASR,0.7810563190514687,0.9352279974489796,0.8770708828201831,0.9411478204399708,0.8211629718818613,12319,11594,614,True,0.8834849282116816,18,False,True,0.06875811718770697,1,True
246963,1,person,a photo of a person,0.014188619338195168,GE_MAP,all,GE_MAP,0.014188619338195168,0.6039740114795918,0.02798023773418774,0.016373733325699892,0.0961021505376344,17467,286,265,True,0.014396644561582498,13,False,False,0.0,-1,False
246963,1,person,a photo of a person,0.014188619338195168,GE_MAP,all,GE_POS3_SAM,0.10297215071378422,0.9236088966836735,0.18671758964566093,0.2533103051237766,0.1478494623655914,1737,440,667,False,0.2382857142857143,13,False,False,0.08878353137558906,1,True
246963,1,person,a photo of a person,0.014188619338195168,GE_MAP,all,GE_POS3_SMART,0.010669456066945606,0.9057517538265306,0.021113641068101843,0.027493261455525605,0.017137096774193547,1855,51,427,False,0.2245444801714898,13,False,False,-0.0035191632712495615,2,True
246963,1,person,a photo of a person,0.014188619338195168,GE_MAP,all,GE_POS3_CASR,0.010669456066945606,0.9057517538265306,0.021113641068101843,0.027493261455525605,0.017137096774193547,1855,51,427,False,0.2245444801714898,13,False,False,-0.0035191632712495615,2,True
246963,4,motorcycle,a photo of a motorcycle,0.31828684601419377,GE_MAP,all,GE_MAP,0.31828684601419377,0.8353595344387755,0.4828794992175274,0.32284255461622163,0.9575471698113207,11947,3857,2159,True,0.14827639273622653,1,True,False,0.0,-1,False
246963,4,motorcycle,a photo of a motorcycle,0.31828684601419377,GE_MAP,all,GE_POS3_SAM,0.35209771640998405,0.9270567602040817,0.5208169677926159,0.5509695290858726,0.49379344587884805,3610,1989,1117,True,0.21962962962962962,1,True,False,0.03381087039579028,1,True
246963,4,motorcycle,a photo of a motorcycle,0.31828684601419377,GE_MAP,all,GE_POS3_SMART,0.4146276240139056,0.9127471301020408,0.5862003780718337,0.4732905982905983,0.7698609731876862,6552,3101,2287,True,0.3393308968231656,1,True,False,0.09634077799971186,0,True
246963,4,motorcycle,a photo of a motorcycle,0.31828684601419377,GE_MAP,all,GE_POS3_CASR,0.4146276240139056,0.9127471301020408,0.5862003780718337,0.4732905982905983,0.7698609731876862,6552,3101,2287,True,0.3393308968231656,1,True,False,0.09634077799971186,0,True
259640,1,person,a photo of a person,0.18485915492957747,GE_MAP,all,GE_MAP,0.18485915492957747,0.6862643494897959,0.31203566121842496,0.20280633982843835,0.6762644440234893,17603,3570,7180,False,0.2555207487334184,8,False,False,0.0,-1,False
259640,1,person,a photo of a person,0.18485915492957747,GE_MAP,all,GE_POS3_SAM,0.0993357257387188,0.7649075255102041,0.18071954438116405,0.14266915231933325,0.24644819094525477,9119,1301,1971,False,0.08945527236381809,8,True,False,-0.08552342919085867,0,True
259640,1,person,a photo of a person,0.18485915492957747,GE_MAP,all,GE_POS3_SMART,0.2986156035709665,0.891960299744898,0.45989837600876754,0.48507776376628836,0.43720401591210456,4758,2308,837,True,0.04411921234699308,8,True,False,0.11375644864138904,1,True
259640,1,person,a photo of a person,0.18485915492957747,GE_MAP,all,GE_POS3_CASR,0.2986156035709665,0.891960299744898,0.45989837600876754,0.48507776376628836,0.43720401591210456,4758,2308,837,True,0.04411921234699308,8,True,False,0.11375644864138904,1,True
259640,8,truck,a photo of a truck,0.3585584856819285,GE_MAP,all,GE_MAP,0.3585584856819285,0.6839325573979592,0.5278513799160439,0.47335540367364376,0.5965278245070991,18728,8865,1782,True,0.062076327728849745,55,True,False,0.0,-1,False
259640,8,truck,a photo of a truck,0.3585584856819285,GE_MAP,all,GE_POS3_SAM,0.8705363113548215,0.9614158163265306,0.9307879307879308,0.9929067195484708,0.8759841195074356,13111,13018,0,True,0.0,-1,True,False,0.511977825672893,1,True
259640,8,truck,a photo of a truck,0.3585584856819285,GE_MAP,all,GE_POS3_SMART,0.8705363113548215,0.9614158163265306,0.9307879307879308,0.9929067195484708,0.8759841195074356,13111,13018,0,True,0.0,-1,True,False,0.511977825672893,1,True
259640,8,truck,a photo of a truck,0.3585584856819285,GE_MAP,all,GE_POS3_CASR,0.8705363113548215,0.9614158163265306,0.9307879307879308,0.9929067195484708,0.8759841195074356,13111,13018,0,True,0.0,-1,True,False,0.511977825672893,1,True
177861,1,person,a photo of a person,0.2448905374936359,GE_MAP,all,GE_MAP,0.2448905374936359,0.7930883290816326,0.39343304510399624,0.28570216376750107,0.6315888201087976,11785,3367,1195,True,0.06241626605721491,28,True,False,0.0,-1,False
177861,1,person,a photo of a person,0.2448905374936359,GE_MAP,all,GE_POS3_SAM,0.33456085435463084,0.9279735331632653,0.5013796909492274,0.9478351591027647,0.34083661601950854,1917,1817,0,True,0.0,-1,True,False,0.08967031686099494,2,True
177861,1,person,a photo of a person,0.2448905374936359,GE_MAP,all,GE_POS3_SMART,0.33456085435463084,0.9279735331632653,0.5013796909492274,0.9478351591027647,0.34083661601950854,1917,1817,0,True,0.0,-1,True,False,0.08967031686099494,2,True
177861,1,person,a photo of a person,0.2448905374936359,GE_MAP,all,GE_POS3_CASR,0.33456085435463084,0.9279735331632653,0.5013796909492274,0.9478351591027647,0.34083661601950854,1917,1817,0,True,0.0,-1,True,False,0.08967031686099494,2,True
177861,28,umbrella,a photo of a umbrella,0.13016793112266645,GE_MAP,all,GE_MAP,0.13016793112266645,0.7966358418367347,0.2303514858953085,0.13207057602490918,0.9003537735849056,11562,1527,2076,False,0.11696641100238032,1,True,False,0.0,-1,False
177861,28,umbrella,a photo of a umbrella,0.13016793112266645,GE_MAP,all,GE_POS3_SAM,0.626560726447219,0.9868861607142857,0.7704117236566643,0.9435897435897436,0.6509433962264151,1170,1104,6,True,0.001694915254237288,1,True,False,0.4963927953245526,1,True
177861,28,umbrella,a photo of a umbrella,0.13016793112266645,GE_MAP,all,GE_POS3_SMART,0.626560726447219,0.9868861607142857,0.7704117236566643,0.9435897435897436,0.6509433962264151,1170,1104,6,True,0.001694915254237288,1,True,False,0.4963927953245526,1,True
177861,28,umbrella,a photo of a umbrella,0.13016793112266645,GE_MAP,all,GE_POS3_CASR,0.626560726447219,0.9868861607142857,0.7704117236566643,0.9435897435897436,0.6509433962264151,1170,1104,6,True,0.001694915254237288,1,True,False,0.4963927953245526,1,True
528399,51,bowl,a photo of a bowl,0.336035590706871,GE_MAP,all,GE_MAP,0.336035590706871,0.7323022959183674,0.5030338907799319,0.40498034076015726,0.6637375512595196,16786,6798,3262,True,0.07493597594922614,54,True,False,0.0,-1,False
528399,51,bowl,a photo of a bowl,0.336035590706871,GE_MAP,all,GE_POS3_SAM,0.3347978910369069,0.8642179528061225,0.5016458196181699,1.0,0.3347978910369069,3429,3429,0,True,0.0,-1,True,False,-0.0012376996699641207,1,True
528399,51,bowl,a photo of a bowl,0.336035590706871,GE_MAP,all,GE_POS3_SMART,0.3347978910369069,0.8642179528061225,0.5016458196181699,1.0,0.3347978910369069,3429,3429,0,True,0.0,-1,True,False,-0.0012376996699641207,1,True
528399,51,bowl,a photo of a bowl,0.336035590706871,GE_MAP,all,GE_POS3_CASR,0.3347978910369069,0.8642179528061225,0.5016458196181699,1.0,0.3347978910369069,3429,3429,0,True,0.0,-1,True,False,-0.0012376996699641207,1,True
528399,67,dining table,a photo of a dining table,0.09615739885460928,GE_MAP,all,GE_MAP,0.09615739885460928,0.6099728954081632,0.17544450998567457,0.1008818683981006,0.6724806201550387,20638,2082,7473,False,0.17676119899292195,47,False,False,0.0,-1,False
528399,67,dining table,a photo of a dining table,0.09615739885460928,GE_MAP,all,GE_POS3_SAM,0.0672782874617737,0.8905851403061225,0.12607449856733524,0.12429378531073447,0.12790697674418605,3186,396,857,False,0.09275882704967085,1,False,False,-0.028879111392835582,1,True
528399,67,dining table,a photo of a dining table,0.09615739885460928,GE_MAP,all,GE_POS3_SMART,0.0672782874617737,0.8905851403061225,0.12607449856733524,0.12429378531073447,0.12790697674418605,3186,396,857,False,0.09275882704967085,1,False,False,-0.028879111392835582,1,True
528399,67,dining table,a photo of a dining table,0.09615739885460928,GE_MAP,all,GE_POS3_CASR,0.0672782874617737,0.8905851403061225,0.12607449856733524,0.12429378531073447,0.12790697674418605,3186,396,857,False,0.09275882704967085,1,False,False,-0.028879111392835582,1,True
554328,1,person,a photo of a person,0.27056068770849373,GE_MAP,all,GE_MAP,0.27056068770849373,0.5467753507653061,0.425891797732953,0.6735606484069312,0.31139249852333134,12523,8435,6,True,0.0016762452107279694,37,True,False,0.0,-1,False
554328,1,person,a photo of a person,0.27056068770849373,GE_MAP,all,GE_POS3_SAM,0.09611059907834102,0.511360012755102,0.17536660836808826,0.9860060514372163,0.09624187832250443,2644,2607,0,True,0.006787330316742082,37,True,False,-0.1744500886301527,1,True
554328,1,person,a photo of a person,0.27056068770849373,GE_MAP,all,GE_POS3_SMART,0.37824060588406644,0.6596779336734694,0.5488745640917256,0.9650687476774433,0.38349084465445954,10764,10388,0,True,0.0012991833704528583,37,True,False,0.10767991817557271,0,True
554328,1,person,a photo of a person,0.27056068770849373,GE_MAP,all,GE_POS3_CASR,0.37824060588406644,0.6596779336734694,0.5488745640917256,0.9650687476774433,0.38349084465445954,10764,10388,0,True,0.0012991833704528583,37,True,False,0.10767991817557271,0,True
554328,40,baseball glove,a photo of a baseball glove,0.13028900958894923,GE_MAP,all,GE_MAP,0.13028900958894923,0.7415098852040817,0.23054105363075464,0.136102549733819,0.7531007751937985,14276,1943,9621,False,0.3137267356920536,1,False,False,0.0,-1,False
554328,40,baseball glove,a photo of a baseball glove,0.13028900958894923,GE_MAP,all,GE_POS3_SAM,0.5966476462196861,0.9774593431122449,0.747375474648202,0.8819188191881919,0.6484496124031007,1897,1673,45,True,0.0018665099720023505,1,True,False,0.4663586366307369,1,True
554328,40,baseball glove,a photo of a baseball glove,0.13028900958894923,GE_MAP,all,GE_POS3_SMART,0.5966476462196861,0.9774593431122449,0.747375474648202,0.8819188191881919,0.6484496124031007,1897,1673,45,True,0.0018665099720023505,1,True,False,0.4663586366307369,1,True
554328,40,baseball glove,a photo of a baseball glove,0.13028900958894923,GE_MAP,all,GE_POS3_CASR,0.5966476462196861,0.9774593431122449,0.747375474648202,0.8819188191881919,0.6484496124031007,1897,1673,45,True,0.0018665099720023505,1,True,False,0.4663586366307369,1,True
97337,63,couch,a photo of a couch,0.21310659477395272,GE_MAP,all,GE_MAP,0.21310659477395272,0.6218909438775511,0.3513402625820569,0.2277785166467172,0.767897175310118,22557,5138,6620,False,0.18585749119479816,67,True,False,0.0,-1,False
97337,63,couch,a photo of a couch,0.21310659477395272,GE_MAP,all,GE_POS3_SAM,0.0002222320992044091,0.5516980229591837,0.00044436544614290794,0.0003161955353190413,0.0007472724555372889,15813,5,308,False,0.01369794530820377,72,False,False,-0.2128843626747483,0,True
97337,63,couch,a photo of a couch,0.21310659477395272,GE_MAP,all,GE_POS3_SMART,0.0,0.7820671237244898,0.0,0.0,0.0,4244,0,270,False,0.031998103816070156,72,False,False,-0.21310659477395272,2,True
97337,63,couch,a photo of a couch,0.21310659477395272,GE_MAP,all,GE_POS3_CASR,0.21310659477395272,0.6218909438775511,0.3513402625820569,0.2277785166467172,0.767897175310118,22557,5138,6620,False,0.18585749119479816,67,True,False,0.0,2,False
97337,1,person,a photo of a person,0.012049466229785435,GE_MAP,all,GE_MAP,0.012049466229785435,0.6274314413265306,0.023812010443864228,0.013021874464561083,0.13893967093235832,17509,228,6951,False,0.1976319730438038,67,False,False,0.0,-1,False
97337,1,person,a photo of a person,0.012049466229785435,GE_MAP,all,GE_POS3_SAM,0.1300729232720355,0.7812699298469388,0.23020270744195834,0.1300729232720355,1.0,12616,1641,8287,False,0.3603680578376602,67,False,False,0.11802345704225008,0,True
97337,1,person,a photo of a person,0.012049466229785435,GE_MAP,all,GE_POS3_SMART,0.1300729232720355,0.7812699298469388,0.23020270744195834,0.1300729232720355,1.0,12616,1641,8287,False,0.3603680578376602,67,False,False,0.11802345704225008,0,True
97337,1,person,a photo of a person,0.012049466229785435,GE_MAP,all,GE_POS3_CASR,0.1300729232720355,0.7812699298469388,0.23020270744195834,0.1300729232720355,1.0,12616,1641,8287,False,0.3603680578376602,67,False,False,0.11802345704225008,0,True
512564,6,bus,a photo of a bus,0.13481308411214954,GE_MAP,all,GE_MAP,0.13481308411214954,0.8523995535714286,0.2375952233889232,0.13533481881083617,0.9721988205560236,8527,1154,1175,False,0.0935850826785505,8,True,False,0.0,-1,False
512564,6,bus,a photo of a bus,0.13481308411214954,GE_MAP,all,GE_POS3_SAM,0.7758970886932972,0.9934032206632653,0.8738086160884483,0.7980501392757661,0.9654591406908172,1436,1146,83,True,0.04697226938313526,3,True,False,0.6410840045811477,1,True
512564,6,bus,a photo of a bus,0.13481308411214954,GE_MAP,all,GE_POS3_SMART,0.7758970886932972,0.9934032206632653,0.8738086160884483,0.7980501392757661,0.9654591406908172,1436,1146,83,True,0.04697226938313526,3,True,False,0.6410840045811477,1,True
512564,6,bus,a photo of a bus,0.13481308411214954,GE_MAP,all,GE_POS3_CASR,0.7758970886932972,0.9934032206632653,0.8738086160884483,0.7980501392757661,0.9654591406908172,1436,1146,83,True,0.04697226938313526,3,True,False,0.6410840045811477,1,True
512564,8,truck,a photo of a truck,0.08601338225771639,GE_MAP,all,GE_MAP,0.08601338225771639,0.8312141262755102,0.15840206697803835,0.08602266594711279,0.9987468671679198,9265,797,1543,False,0.12073772249624705,6,False,False,0.0,-1,False
512564,8,truck,a photo of a truck,0.08601338225771639,GE_MAP,all,GE_POS3_SAM,0.0513437886379905,0.7094626913265306,0.09767269126021293,0.0513738768068759,0.9887218045112782,15358,789,1075,False,0.06741935483870967,6,False,False,-0.03466959361972589,0,True
512564,8,truck,a photo of a truck,0.08601338225771639,GE_MAP,all,GE_POS3_SMART,0.0513437886379905,0.7094626913265306,0.09767269126021293,0.0513738768068759,0.9887218045112782,15358,789,1075,False,0.06741935483870967,6,False,False,-0.03466959361972589,0,True
512564,8,truck,a photo of a truck,0.08601338225771639,GE_MAP,all,GE_POS3_CASR,0.0513437886379905,0.7094626913265306,0.09767269126021293,0.0513738768068759,0.9887218045112782,15358,789,1075,False,0.06741935483870967,6,False,False,-0.03466959361972589,0,True
292082,1,person,a photo of a person,0.21209469641728648,GE_MAP,all,GE_MAP,0.21209469641728648,0.6769770408163265,0.34996390470843025,0.31963369963369964,0.3866536689117334,13650,4363,759,True,0.048573536645351696,62,True,False,0.0,-1,False
292082,1,person,a photo of a person,0.21209469641728648,GE_MAP,all,GE_POS3_SAM,0.2293072239591904,0.8133171237244898,0.3730673984338398,0.7621000820344545,0.24698688408365826,3657,2787,3,True,0.0005668130933824571,62,True,False,0.017212527541903916,1,True
292082,1,person,a photo of a person,0.21209469641728648,GE_MAP,all,GE_POS3_SMART,0.15302001890196754,0.8035315688775511,0.265424739195231,0.8338014981273408,0.1578341013824885,2136,1781,2,True,0.000541809644211667,62,True,False,-0.059074677515318946,2,True
292082,1,person,a photo of a person,0.21209469641728648,GE_MAP,all,GE_POS3_CASR,0.15302001890196754,0.8035315688775511,0.265424739195231,0.8338014981273408,0.1578341013824885,2136,1781,2,True,0.000541809644211667,62,True,False,-0.059074677515318946,2,True
292082,62,chair,a photo of a chair,0.08907297096053611,GE_MAP,all,GE_MAP,0.08907297096053611,0.6098931760204082,0.16357576275532007,0.09570957095709572,0.5622796709753232,19998,1914,2041,False,0.0715582502654746,1,True,False,0.0,-1,False
292082,62,chair,a photo of a chair,0.08907297096053611,GE_MAP,all,GE_POS3_SAM,0.11460446247464504,0.8260124362244898,0.20564149226569609,0.14895860796203533,0.3319623971797885,7586,1130,5384,False,0.40130699539581166,1,False,False,0.025531491514108925,1,True
292082,62,chair,a photo of a chair,0.08907297096053611,GE_MAP,all,GE_POS3_SMART,0.2911437157503977,0.9200813137755102,0.45098576122672507,0.42230769230769233,0.48384253819036427,3900,1647,2099,False,0.16076752541854597,1,True,False,0.2020707447898616,2,True
292082,62,chair,a photo of a chair,0.08907297096053611,GE_MAP,all,GE_POS3_CASR,0.08907297096053611,0.6098931760204082,0.16357576275532007,0.09570957095709572,0.5622796709753232,19998,1914,2041,False,0.0715582502654746,1,True,False,0.0,2,False
535094,21,cow,a photo of a cow,0.6460061981405578,GE_MAP,all,GE_MAP,0.6460061981405578,0.8588568239795918,0.7849377467354995,0.7881448957189902,0.7817565932736511,16398,12924,24,True,0.0012331089760057544,1,True,False,0.0,-1,False
535094,21,cow,a photo of a cow,0.6460061981405578,GE_MAP,all,GE_POS3_SAM,0.7888922426803502,0.930305325255102,0.8819896736746196,0.9974811083123426,0.7904669731429954,13101,13068,0,True,0.0,-1,True,False,0.14288604453979237,1,True
535094,21,cow,a photo of a cow,0.6460061981405578,GE_MAP,all,GE_POS3_SMART,0.6720681265206813,0.8656927614795918,0.8038764878786997,0.7746368276403612,0.8354101137188483,17829,13811,0,True,0.0,-1,True,False,0.026061928380123445,0,True
535094,21,cow,a photo of a cow,0.6460061981405578,GE_MAP,all,GE_POS3_CASR,0.6720681265206813,0.8656927614795918,0.8038764878786997,0.7746368276403612,0.8354101137188483,17829,13811,0,True,0.0,-1,True,False,0.026061928380123445,0,True
535094,1,person,a photo of a person,0.0,GE_MAP,all,GE_MAP,0.0,0.5586734693877551,0.0,0.0,0.0,19055,0,13545,False,0.6145086652753834,21,False,True,0.0,-1,False
535094,1,person,a photo of a person,0.0,GE_MAP,all,GE_POS3_SAM,0.0,0.5956034757653061,0.0,0.0,0.0,17202,0,13272,False,0.6486169484898837,21,False,True,0.0,1,True
535094,1,person,a photo of a person,0.0,GE_MAP,all,GE_POS3_SMART,0.0,0.5956034757653061,0.0,0.0,0.0,17202,0,13272,False,0.6486169484898837,21,False,True,0.0,1,True
535094,1,person,a photo of a person,0.0,GE_MAP,all,GE_POS3_CASR,0.0,0.5956034757653061,0.0,0.0,0.0,17202,0,13272,False,0.6486169484898837,21,False,True,0.0,1,True
323799,1,person,a photo of a person,0.2935267857142857,GE_MAP,all,GE_MAP,0.2935267857142857,0.5963010204081632,0.453839516824849,0.5011015183090205,0.41472428916375104,16795,8416,119,True,0.023001032465297694,34,True,False,0.0,-1,False
323799,1,person,a photo of a person,0.2935267857142857,GE_MAP,all,GE_POS3_SAM,0.24717893605588392,0.6928611288265306,0.39638087031451963,0.9660175639557083,0.24934706549056324,5238,5060,0,True,0.042337705462394154,34,True,False,-0.046347849658401774,0,True
323799,1,person,a photo of a person,0.2935267857142857,GE_MAP,all,GE_POS3_SMART,0.08922699386503068,0.6301618303571429,0.16383544360834498,0.9568421052631579,0.0895875425023407,1900,1818,0,True,0.0003402517863218782,34,True,False,-0.204299791849255,1,True
323799,1,person,a photo of a person,0.2935267857142857,GE_MAP,all,GE_POS3_CASR,0.08922699386503068,0.6301618303571429,0.16383544360834498,0.9568421052631579,0.0895875425023407,1900,1818,0,True,0.0003402517863218782,34,True,False,-0.204299791849255,1,True
323799,34,frisbee,a photo of a frisbee,0.07459186434563002,GE_MAP,all,GE_MAP,0.07459186434563002,0.7955197704081632,0.13882826926305186,0.07605297038808166,0.7951923076923076,10874,827,6568,False,0.30155349536457027,1,False,False,0.0,-1,False
323799,34,frisbee,a photo of a frisbee,0.07459186434563002,GE_MAP,all,GE_POS3_SAM,0.08263305322128851,0.9347297512755102,0.15265200517464425,0.10442477876106195,0.28365384615384615,2825,295,2472,False,0.13051982982052912,1,False,False,0.008041188875658495,0,True
323799,34,frisbee,a photo of a frisbee,0.07459186434563002,GE_MAP,all,GE_POS3_SMART,0.08263305322128851,0.9347297512755102,0.15265200517464425,0.10442477876106195,0.28365384615384615,2825,295,2472,False,0.13051982982052912,1,False,False,0.008041188875658495,0,True
323799,34,frisbee,a photo of a frisbee,0.07459186434563002,GE_MAP,all,GE_POS3_CASR,0.08263305322128851,0.9347297512755102,0.15265200517464425,0.10442477876106195,0.28365384615384615,2825,295,2472,False,0.13051982982052912,1,False,False,0.008041188875658495,0,True
290163,1,person,a photo of a person,0.21825574694243452,GE_MAP,all,GE_MAP,0.21825574694243452,0.5133729272959183,0.3583085858453129,0.453318260406969,0.29622387346282536,15038,6817,4672,True,0.11312434859296079,67,True,False,0.0,-1,False
290163,1,person,a photo of a person,0.21825574694243452,GE_MAP,all,GE_POS3_SAM,0.290480224148042,0.5659677933673469,0.450189346124716,0.5372055190697114,0.3874331899361231,16597,8916,4078,True,0.1854689707640474,62,True,False,0.07222447720560746,0,True
290163,1,person,a photo of a person,0.21825574694243452,GE_MAP,all,GE_POS3_SMART,0.290480224148042,0.5659677933673469,0.450189346124716,0.5372055190697114,0.3874331899361231,16597,8916,4078,True,0.1854689707640474,62,True,False,0.07222447720560746,0,True
290163,1,person,a photo of a person,0.21825574694243452,GE_MAP,all,GE_POS3_CASR,0.290480224148042,0.5659677933673469,0.450189346124716,0.5372055190697114,0.3874331899361231,16597,8916,4078,True,0.1854689707640474,62,True,False,0.07222447720560746,0,True
290163,51,bowl,a photo of a bowl,0.13052601114246437,GE_MAP,all,GE_MAP,0.13052601114246437,0.7605030293367347,0.230912,0.13362962962962963,0.8489411764705882,13500,1804,8453,False,0.4268617744655388,67,False,False,0.0,-1,False
290163,51,bowl,a photo of a bowl,0.13052601114246437,GE_MAP,all,GE_POS3_SAM,0.17026793431287812,0.923469387755102,0.29098966026587886,0.23944089942266789,0.3708235294117647,3291,788,2431,False,0.2395357833655706,67,False,False,0.03974192317041375,1,True
290163,51,bowl,a photo of a bowl,0.13052601114246437,GE_MAP,all,GE_POS3_SMART,0.17026793431287812,0.923469387755102,0.29098966026587886,0.23944089942266789,0.3708235294117647,3291,788,2431,False,0.2395357833655706,67,False,False,0.03974192317041375,1,True
290163,51,bowl,a photo of a bowl,0.13052601114246437,GE_MAP,all,GE_POS3_CASR,0.17026793431287812,0.923469387755102,0.29098966026587886,0.23944089942266789,0.3708235294117647,3291,788,2431,False,0.2395357833655706,67,False,False,0.03974192317041375,1,True
288430,1,person,a photo of a person,0.0696377084116836,GE_MAP,all,GE_MAP,0.0696377084116836,0.7041812818877551,0.13020802812774684,0.07311134509081338,0.5944355270197966,15196,1111,949,True,0.06274972162179865,38,True,False,0.0,-1,False
288430,1,person,a photo of a person,0.0696377084116836,GE_MAP,all,GE_POS3_SAM,0.0010702818408847663,0.3861607142857143,0.0021382751247327157,0.0011380487636652068,0.01765650080256822,28997,33,119,False,0.003777621769799084,38,False,False,-0.06856742657079883,0,True
288430,1,person,a photo of a person,0.0696377084116836,GE_MAP,all,GE_POS3_SMART,0.20603674540682415,0.9517697704081632,0.3416757344940152,0.34753735473159936,0.33600856072766183,1807,628,833,False,0.42512562814070354,38,False,False,0.13639903699514055,1,True
288430,1,person,a photo of a person,0.0696377084116836,GE_MAP,all,GE_POS3_CASR,0.20603674540682415,0.9517697704081632,0.3416757344940152,0.34753735473159936,0.33600856072766183,1807,628,833,False,0.42512562814070354,38,False,False,0.13639903699514055,1,True
288430,38,kite,a photo of a kite,0.11452420701168614,GE_MAP,all,GE_MAP,0.11452420701168614,0.841438137755102,0.2055122828040743,0.11452420701168614,1.0,8985,1029,943,True,0.09658516872095373,1,True,False,0.0,-1,False
288430,38,kite,a photo of a kite,0.11452420701168614,GE_MAP,all,GE_POS3_SAM,0.0026667566837699163,0.41117267219387754,0.005319328014005319,0.0027551091581223407,0.07677356656948493,28674,79,46,True,0.0014755065905961047,1,True,False,-0.11185745032791622,0,True
288430,38,kite,a photo of a kite,0.11452420701168614,GE_MAP,all,GE_POS3_SMART,0.289749430523918,0.9689293686224489,0.4493111974567291,0.35294117647058826,0.6180758017492711,1802,636,1,True,0.00027247956403269756,1,True,False,0.17522522351223185,2,True
288430,38,kite,a photo of a kite,0.11452420701168614,GE_MAP,all,GE_POS3_CASR,0.289749430523918,0.9689293686224489,0.4493111974567291,0.35294117647058826,0.6180758017492711,1802,636,1,True,0.00027247956403269756,1,True,False,0.17522522351223185,2,True
21503,76,keyboard,a photo of a keyboard,0.06993081997104092,GE_MAP,all,GE_MAP,0.06993081997104092,0.6543566645408163,0.13072026464838854,0.07028512908963509,0.932761087267525,18553,1304,12492,False,0.2701135668501822,54,False,False,0.0,-1,False
21503,76,keyboard,a photo of a keyboard,0.06993081997104092,GE_MAP,all,GE_POS3_SAM,0.03356582388840453,0.9116310586734694,0.0649514972585407,0.046052631578947366,0.11015736766809728,3344,154,2583,False,0.45521077283372363,75,False,False,-0.03636499608263639,1,True
21503,76,keyboard,a photo of a keyboard,0.06993081997104092,GE_MAP,all,GE_POS3_SMART,0.03356582388840453,0.9116310586734694,0.0649514972585407,0.046052631578947366,0.11015736766809728,3344,154,2583,False,0.45521077283372363,75,False,False,-0.03636499608263639,1,True
21503,76,keyboard,a photo of a keyboard,0.06993081997104092,GE_MAP,all,GE_POS3_CASR,0.03356582388840453,0.9116310586734694,0.0649514972585407,0.046052631578947366,0.11015736766809728,3344,154,2583,False,0.45521077283372363,75,False,False,-0.03636499608263639,1,True
21503,54,sandwich,a photo of a sandwich,0.38854971343134814,GE_MAP,all,GE_MAP,0.38854971343134814,0.6087771045918368,0.5596482569877518,0.811264308012487,0.42716252311485514,15376,12474,212,True,0.00877511498426531,74,True,False,0.0,-1,False
21503,54,sandwich,a photo of a sandwich,0.38854971343134814,GE_MAP,all,GE_POS3_SAM,0.14776385179097323,0.5040058992346939,0.257481278157353,1.0,0.14776385179097323,4315,4315,0,True,0.0,-1,True,False,-0.2407858616403749,2,True
21503,54,sandwich,a photo of a sandwich,0.38854971343134814,GE_MAP,all,GE_POS3_SMART,0.26812412330219987,0.5736607142857143,0.4228673177575136,0.9965666327568667,0.26837202931306076,7864,7837,3,True,0.004718016238753566,74,True,False,-0.12042559012914827,1,True
21503,54,sandwich,a photo of a sandwich,0.38854971343134814,GE_MAP,all,GE_POS3_CASR,0.26812412330219987,0.5736607142857143,0.4228673177575136,0.9965666327568667,0.26837202931306076,7864,7837,3,True,0.004718016238753566,74,True,False,-0.12042559012914827,1,True
256407,85,clock,a photo of a clock,0.522585261149535,GE_MAP,all,GE_MAP,0.522585261149535,0.8005221619897959,0.6864446602550045,0.5739731768650461,0.8537364606872906,19088,10956,1,True,0.1399543852374041,47,True,False,0.0,-1,False
256407,85,clock,a photo of a clock,0.522585261149535,GE_MAP,all,GE_POS3_SAM,0.9811481768813033,0.9951570471938775,0.9904843951912911,0.9955132241813602,0.9855061170420011,12704,12647,0,True,0.22820270695624803,47,True,False,0.45856291573176833,0,True
256407,85,clock,a photo of a clock,0.522585261149535,GE_MAP,all,GE_POS3_SMART,0.9811481768813033,0.9951570471938775,0.9904843951912911,0.9955132241813602,0.9855061170420011,12704,12647,0,True,0.22820270695624803,47,True,False,0.45856291573176833,0,True
256407,85,clock,a photo of a clock,0.522585261149535,GE_MAP,all,GE_POS3_CASR,0.9811481768813033,0.9951570471938775,0.9904843951912911,0.9955132241813602,0.9855061170420011,12704,12647,0,True,0.22820270695624803,47,True,False,0.45856291573176833,0,True
256407,47,cup,a photo of a cup,0.21159248854058849,GE_MAP,all,GE_MAP,0.21159248854058849,0.787468112244898,0.3492799609470344,0.2122515574013646,0.9855371900826446,13484,2862,7047,False,0.6038149795843745,85,False,True,0.0,-1,False
256407,47,cup,a photo of a cup,0.21159248854058849,GE_MAP,all,GE_POS3_SAM,0.1628232005590496,0.9283721301020408,0.2800480769230769,0.33477011494252873,0.24070247933884298,2088,699,1388,False,0.1626149290945925,85,True,False,-0.04876928798153887,1,True
256407,47,cup,a photo of a cup,0.21159248854058849,GE_MAP,all,GE_POS3_SMART,0.229242448204966,0.8057437818877551,0.37298166613058864,0.22933312237955858,0.9982782369146006,12641,2899,9703,False,0.9790242386575513,85,False,True,0.017649959664377518,0,True
256407,47,cup,a photo of a cup,0.21159248854058849,GE_MAP,all,GE_POS3_CASR,0.229242448204966,0.8057437818877551,0.37298166613058864,0.22933312237955858,0.9982782369146006,12641,2899,9703,False,0.9790242386575513,85,False,True,0.017649959664377518,0,True
14226,73,laptop,a photo of a laptop,0.31797235023041476,GE_MAP,all,GE_MAP,0.31797235023041476,0.85546875,0.4825174825174825,0.31857156317723545,0.9941193766539254,10613,3381,5786,False,0.20335731414868105,1,True,False,0.0,-1,False
14226,73,laptop,a photo of a laptop,0.31797235023041476,GE_MAP,all,GE_POS3_SAM,0.9504517633343049,0.9966119260204082,0.974596533173939,0.9908842297174111,0.9588356365774772,3291,3261,20,True,0.018231540565177756,53,True,False,0.6324794131038902,1,True
14226,73,laptop,a photo of a laptop,0.31797235023041476,GE_MAP,all,GE_POS3_SMART,0.9504517633343049,0.9966119260204082,0.974596533173939,0.9908842297174111,0.9588356365774772,3291,3261,20,True,0.018231540565177756,53,True,False,0.6324794131038902,1,True
14226,73,laptop,a photo of a laptop,0.31797235023041476,GE_MAP,all,GE_POS3_CASR,0.9504517633343049,0.9966119260204082,0.974596533173939,0.9908842297174111,0.9588356365774772,3291,3261,20,True,0.018231540565177756,53,True,False,0.6324794131038902,1,True
14226,62,chair,a photo of a chair,0.22952519178934272,GE_MAP,all,GE_MAP,0.22952519178934272,0.7037627551020408,0.37335581787521077,0.23403805496828753,0.9225,18920,4428,10860,False,0.35277887268427277,1,False,False,0.0,-1,False
14226,62,chair,a photo of a chair,0.22952519178934272,GE_MAP,all,GE_POS3_SAM,0.06770159551530833,0.870735012755102,0.12681744749596122,0.17922374429223745,0.098125,2628,471,1979,False,0.15611881188118812,1,False,False,-0.1618235962740344,1,True
14226,62,chair,a photo of a chair,0.22952519178934272,GE_MAP,all,GE_POS3_SMART,0.053469852104664393,0.6683673469387755,0.10151187904967603,0.06851311953352769,0.19583333333333333,13720,940,12451,False,0.7545249641417936,1,False,True,-0.17605533968467832,0,True
14226,62,chair,a photo of a chair,0.22952519178934272,GE_MAP,all,GE_POS3_CASR,0.053469852104664393,0.6683673469387755,0.10151187904967603,0.06851311953352769,0.19583333333333333,13720,940,12451,False,0.7545249641417936,1,False,True,-0.17605533968467832,0,True
187243,1,person,a photo of a person,0.30575237740070854,GE_MAP,all,GE_MAP,0.30575237740070854,0.7031847895408163,0.46831601870693657,0.3813815559948831,0.6065846666050125,17198,6559,530,True,0.023828435266084195,70,True,False,0.0,-1,False
187243,1,person,a photo of a person,0.30575237740070854,GE_MAP,all,GE_POS3_SAM,0.000290212580715374,0.7253866390306123,0.0005802567636179009,0.0013449899125756557,0.00036992509016924073,2974,4,131,False,0.014807279303718775,70,False,False,-0.30546216481999316,1,True
187243,1,person,a photo of a person,0.30575237740070854,GE_MAP,all,GE_POS3_SMART,0.000290212580715374,0.7253866390306123,0.0005802567636179009,0.0013449899125756557,0.00036992509016924073,2974,4,131,False,0.014807279303718775,70,False,False,-0.30546216481999316,1,True
187243,1,person,a photo of a person,0.30575237740070854,GE_MAP,all,GE_POS3_CASR,0.30575237740070854,0.7031847895408163,0.46831601870693657,0.3813815559948831,0.6065846666050125,17198,6559,530,True,0.023828435266084195,70,True,False,0.0,1,False
187243,70,toilet,a photo of a toilet,0.3509899527186761,GE_MAP,all,GE_MAP,0.3509899527186761,0.8249162946428571,0.5196040903373982,0.38679475698119353,0.7913057961359093,12283,4751,742,True,0.03319316453431153,1,True,False,0.0,-1,False
187243,70,toilet,a photo of a toilet,0.3509899527186761,GE_MAP,all,GE_POS3_SAM,0.9139644777578622,0.9894770408163265,0.9550485271581816,0.9768373389063044,0.9342105263157895,5742,5609,2,True,0.0004834713241070889,1,True,False,0.562974525039186,0,True
187243,70,toilet,a photo of a toilet,0.3509899527186761,GE_MAP,all,GE_POS3_SMART,0.9139644777578622,0.9894770408163265,0.9550485271581816,0.9768373389063044,0.9342105263157895,5742,5609,2,True,0.0004834713241070889,1,True,False,0.562974525039186,0,True
187243,70,toilet,a photo of a toilet,0.3509899527186761,GE_MAP,all,GE_POS3_CASR,0.9139644777578622,0.9894770408163265,0.9550485271581816,0.9768373389063044,0.9342105263157895,5742,5609,2,True,0.0004834713241070889,1,True,False,0.562974525039186,0,True
311180,87,scissors,a photo of a scissors,0.5575032064985036,GE_MAP,all,GE_MAP,0.5575032064985036,0.9174904336734694,0.7158934943727697,0.5851469598384563,0.9218805231530576,8914,5216,2004,True,0.08808592409580673,1,True,False,0.0,-1,False
311180,87,scissors,a photo of a scissors,0.5575032064985036,GE_MAP,all,GE_POS3_SAM,0.4459157351676698,0.9357860331632653,0.6167935299714558,0.9429090909090909,0.4582891481088724,2750,2593,28,True,0.005589890957760894,1,True,False,-0.1115874713308338,2,True
311180,87,scissors,a photo of a scissors,0.5575032064985036,GE_MAP,all,GE_POS3_SMART,0.613401187446989,0.9545798788265306,0.7603827147513406,0.9384894887100961,0.6390950866030399,3853,3616,53,True,0.007333484539200121,1,True,False,0.055897980948485415,1,True
311180,87,scissors,a photo of a scissors,0.5575032064985036,GE_MAP,all,GE_POS3_CASR,0.613401187446989,0.9545798788265306,0.7603827147513406,0.9384894887100961,0.6390950866030399,3853,3616,53,True,0.007333484539200121,1,True,False,0.055897980948485415,1,True
311180,1,person,a photo of a person,0.5264830150414062,GE_MAP,all,GE_MAP,0.5264830150414062,0.7208027742346939,0.6897987201346294,0.6964142001251901,0.6833077429260803,22366,15576,197,True,0.013452914798206279,87,True,False,0.0,-1,False
311180,1,person,a photo of a person,0.5264830150414062,GE_MAP,all,GE_POS3_SAM,0.5305917032137465,0.6096340880102041,0.6933157968904129,0.5390533696922477,0.9712656284272867,41072,22140,1036,True,0.03474236620092558,87,True,False,0.004108688172340336,0,True
311180,1,person,a photo of a person,0.5264830150414062,GE_MAP,all,GE_POS3_SMART,0.9402280268867523,0.9719985650510204,0.9691933255859846,0.9688321935823251,0.9695547269137968,22812,22101,106,True,0.02332770209553934,87,True,False,0.4137450118453462,1,True
311180,1,person,a photo of a person,0.5264830150414062,GE_MAP,all,GE_POS3_CASR,0.9402280268867523,0.9719985650510204,0.9691933255859846,0.9688321935823251,0.9695547269137968,22812,22101,106,True,0.02332770209553934,87,True,False,0.4137450118453462,1,True
450303,67,dining table,a photo of a dining table,0.2959761723996963,GE_MAP,all,GE_MAP,0.2959761723996963,0.7597456951530612,0.45676175025911403,0.30557732891166717,0.9040313949339993,16585,5068,2693,True,0.0938717287540462,1,True,False,0.0,-1,False
450303,67,dining table,a photo of a dining table,0.2959761723996963,GE_MAP,all,GE_POS3_SAM,0.3149685534591195,0.8914620535714286,0.4790510809259614,0.5165016501650165,0.4466642882625758,4848,2504,12,True,0.002023608768971332,62,True,False,0.01899238105942319,1,True
450303,67,dining table,a photo of a dining table,0.2959761723996963,GE_MAP,all,GE_POS3_SMART,0.32535709925528017,0.8898676658163265,0.49097273397199703,0.5076190476190476,0.47538351765965037,5250,2665,8,True,0.0012626262626262627,62,True,False,0.029380926855583855,0,True
450303,67,dining table,a photo of a dining table,0.2959761723996963,GE_MAP,all,GE_POS3_CASR,0.32535709925528017,0.8898676658163265,0.49097273397199703,0.5076190476190476,0.47538351765965037,5250,2665,8,True,0.0012626262626262627,62,True,False,0.029380926855583855,0,True
450303,62,chair,a photo of a chair,0.058866191224465125,GE_MAP,all,GE_MAP,0.058866191224465125,0.6896524234693877,0.11118721461187214,0.05929623767198344,0.8903107861060329,16426,974,4579,False,0.16992353440951571,67,False,False,0.0,-1,False
450303,62,chair,a photo of a chair,0.058866191224465125,GE_MAP,all,GE_POS3_SAM,0.09875776397515527,0.9421635841836735,0.17976257772752968,0.13011456628477905,0.2906764168190128,2444,318,1712,False,0.264340239912759,1,False,False,0.03989157275069015,1,True
450303,62,chair,a photo of a chair,0.058866191224465125,GE_MAP,all,GE_POS3_SMART,0.1553041883216142,0.9449338329081632,0.2688541942312781,0.18919925512104283,0.4643510054844607,2685,508,1830,False,0.26027969108745563,1,False,False,0.09643799709714906,2,True
450303,62,chair,a photo of a chair,0.058866191224465125,GE_MAP,all,GE_POS3_CASR,0.1553041883216142,0.9449338329081632,0.2688541942312781,0.18919925512104283,0.4643510054844607,2685,508,1830,False,0.26027969108745563,1,False,False,0.09643799709714906,2,True
365886,1,person,a photo of a person,0.40261505759058774,GE_MAP,all,GE_MAP,0.40261505759058774,0.5183155293367347,0.5740920224857702,0.9374964028776979,0.41372041044397034,17375,16289,5,True,0.08881608881608882,77,True,False,0.0,-1,False
365886,1,person,a photo of a person,0.40261505759058774,GE_MAP,all,GE_POS3_SAM,0.7656164858572349,0.8114038584183674,0.8672511748614715,0.9686021370601322,0.7851010870669511,31913,30911,0,True,0.0024756990592343575,77,True,False,0.3630014282666471,0,True
365886,1,person,a photo of a person,0.40261505759058774,GE_MAP,all,GE_POS3_SMART,0.5718574203476199,0.661750637755102,0.7276199646926657,0.9882727351992328,0.5757645026922686,22938,22669,0,True,0.0018683334465656634,77,True,False,0.16924236275703214,2,True
365886,1,person,a photo of a person,0.40261505759058774,GE_MAP,all,GE_POS3_CASR,0.5718574203476199,0.661750637755102,0.7276199646926657,0.9882727351992328,0.5757645026922686,22938,22669,0,True,0.0018683334465656634,77,True,False,0.16924236275703214,2,True
365886,77,cell phone,a photo of a cell phone,0.627563235141043,GE_MAP,all,GE_MAP,0.627563235141043,0.9286910076530612,0.7711690969557432,0.6639136658958265,0.9197559115179252,9081,6029,2547,True,0.21487851967003485,1,True,False,0.0,-1,False
365886,77,cell phone,a photo of a cell phone,0.627563235141043,GE_MAP,all,GE_POS3_SAM,0.9486130059117781,0.9932437818877551,0.9736289381563594,0.9933333333333333,0.9546910755148741,6300,6258,11,True,0.159099560947136,1,True,False,0.32104977077073515,1,True
365886,77,cell phone,a photo of a cell phone,0.627563235141043,GE_MAP,all,GE_POS3_SMART,0.9486130059117781,0.9932437818877551,0.9736289381563594,0.9933333333333333,0.9546910755148741,6300,6258,11,True,0.159099560947136,1,True,False,0.32104977077073515,1,True
365886,77,cell phone,a photo of a cell phone,0.627563235141043,GE_MAP,all,GE_POS3_CASR,0.9486130059117781,0.9932437818877551,0.9736289381563594,0.9933333333333333,0.9546910755148741,6300,6258,11,True,0.159099560947136,1,True,False,0.32104977077073515,1,True
498807,1,person,a photo of a person,0.3016291698991466,GE_MAP,all,GE_MAP,0.3016291698991466,0.7308872767857143,0.46346406007867447,0.3473289262104699,0.6962750716332379,16791,5832,2018,True,0.11619254765039208,42,True,False,0.0,-1,False
498807,1,person,a photo of a person,0.3016291698991466,GE_MAP,all,GE_POS3_SAM,0.22282820412933385,0.6023995535714286,0.3644472762026123,0.2485443642999913,0.6829035339063992,23014,5720,1,True,7.775445144234507e-05,42,True,False,-0.07880096576981277,0,True
498807,1,person,a photo of a person,0.3016291698991466,GE_MAP,all,GE_POS3_SMART,0.8963753613520125,0.9814253826530612,0.9453564727954972,0.9288018433179723,0.9625119388729704,8680,8062,3,True,0.001054666901037089,42,True,False,0.5947461914528658,1,True
498807,1,person,a photo of a person,0.3016291698991466,GE_MAP,all,GE_POS3_CASR,0.8963753613520125,0.9814253826530612,0.9453564727954972,0.9288018433179723,0.9625119388729704,8680,8062,3,True,0.001054666901037089,42,True,False,0.5947461914528658,1,True
498807,42,surfboard,a photo of a surfboard,0.1838170624450308,GE_MAP,all,GE_MAP,0.1838170624450308,0.7780612244897959,0.31054977711738485,0.18657937806873978,0.9254612546125461,13442,2508,558,True,0.02682605421686747,1,True,False,0.0,-1,False
498807,42,surfboard,a photo of a surfboard,0.1838170624450308,GE_MAP,all,GE_POS3_SAM,0.8329656476520643,0.9894371811224489,0.9088720770288858,0.8509336767546684,0.9752767527675277,3106,2643,0,True,0.0,-1,True,False,0.6491485852070334,1,True
498807,42,surfboard,a photo of a surfboard,0.1838170624450308,GE_MAP,all,GE_POS3_SMART,0.8329656476520643,0.9894371811224489,0.9088720770288858,0.8509336767546684,0.9752767527675277,3106,2643,0,True,0.0,-1,True,False,0.6491485852070334,1,True
498807,42,surfboard,a photo of a surfboard,0.1838170624450308,GE_MAP,all,GE_POS3_CASR,0.8329656476520643,0.9894371811224489,0.9088720770288858,0.8509336767546684,0.9752767527675277,3106,2643,0,True,0.0,-1,True,False,0.6491485852070334,1,True
173004,49,knife,a photo of a knife,0.043303834808259584,GE_MAP,all,GE_MAP,0.043303834808259584,0.6768176020408163,0.08301289301063108,0.04387852702056432,0.7677824267782427,16728,734,14752,False,0.32181463316985287,67,False,False,0.0,-1,False
173004,49,knife,a photo of a knife,0.043303834808259584,GE_MAP,all,GE_POS3_SAM,0.35903763109191855,0.9792928890306123,0.5283704039945529,0.4667201283079391,0.608786610878661,1247,582,583,False,0.32799389778794813,48,True,False,0.31573379628365894,2,True
173004,49,knife,a photo of a knife,0.043303834808259584,GE_MAP,all,GE_POS3_SMART,0.35903763109191855,0.9792928890306123,0.5283704039945529,0.4667201283079391,0.608786610878661,1247,582,583,False,0.32799389778794813,48,True,False,0.31573379628365894,2,True
173004,49,knife,a photo of a knife,0.043303834808259584,GE_MAP,all,GE_POS3_CASR,0.35903763109191855,0.9792928890306123,0.5283704039945529,0.4667201283079391,0.608786610878661,1247,582,583,False,0.32799389778794813,48,True,False,0.31573379628365894,2,True
173004,62,chair,a photo of a chair,0.05585741126288529,GE_MAP,all,GE_MAP,0.05585741126288529,0.6294443558673469,0.10580483816669072,0.05601670316239751,0.9515570934256056,19637,1100,16065,False,0.35152044231049034,67,False,False,0.0,-1,False
173004,62,chair,a photo of a chair,0.05585741126288529,GE_MAP,all,GE_POS3_SAM,0.009939165452831805,0.7697106186224489,0.019682701281072367,0.010911485278901326,0.10034602076124567,10631,116,10054,False,0.25491459877537864,67,False,False,-0.045918245810053486,0,True
173004,62,chair,a photo of a chair,0.05585741126288529,GE_MAP,all,GE_POS3_SMART,0.18682467758800975,0.9070073341836735,0.31483113069016155,0.189600282985497,0.9273356401384083,5654,1072,2093,False,0.0729967069154775,44,True,False,0.13096726632512445,1,True
173004,62,chair,a photo of a chair,0.05585741126288529,GE_MAP,all,GE_POS3_CASR,0.18682467758800975,0.9070073341836735,0.31483113069016155,0.189600282985497,0.9273356401384083,5654,1072,2093,False,0.0729967069154775,44,True,False,0.13096726632512445,1,True
185950,1,person,a photo of a person,0.34922441157094086,GE_MAP,all,GE_MAP,0.34922441157094086,0.7834422831632653,0.5176669034090909,0.40155636664141586,0.7282377919320594,14521,5831,433,True,0.029604813346095993,41,True,False,0.0,-1,False
185950,1,person,a photo of a person,0.34922441157094086,GE_MAP,all,GE_POS3_SAM,0.851718309859155,0.9737723214285714,0.919922112693197,0.896997745342352,0.9440489571624828,8427,7559,307,True,0.03545853545853546,41,True,False,0.5024938982882141,0,True
185950,1,person,a photo of a person,0.34922441157094086,GE_MAP,all,GE_POS3_SMART,0.851718309859155,0.9737723214285714,0.919922112693197,0.896997745342352,0.9440489571624828,8427,7559,307,True,0.03545853545853546,41,True,False,0.5024938982882141,0,True
185950,1,person,a photo of a person,0.34922441157094086,GE_MAP,all,GE_POS3_CASR,0.851718309859155,0.9737723214285714,0.919922112693197,0.896997745342352,0.9440489571624828,8427,7559,307,True,0.03545853545853546,41,True,False,0.5024938982882141,0,True
185950,41,skateboard,a photo of a skateboard,0.027174462066875443,GE_MAP,all,GE_MAP,0.027174462066875443,0.6161511479591837,0.0529110936270653,0.027174462066875443,1.0,19798,538,4312,False,0.1835440343932235,1,False,False,0.0,-1,False
185950,41,skateboard,a photo of a skateboard,0.027174462066875443,GE_MAP,all,GE_POS3_SAM,0.4299390774586597,0.986945950255102,0.6013390139987828,0.4470588235294118,0.9182156133828996,1105,494,465,True,0.053775876026367526,1,True,False,0.40276461539178426,1,True
185950,41,skateboard,a photo of a skateboard,0.027174462066875443,GE_MAP,all,GE_POS3_SMART,0.4299390774586597,0.986945950255102,0.6013390139987828,0.4470588235294118,0.9182156133828996,1105,494,465,True,0.053775876026367526,1,True,False,0.40276461539178426,1,True
185950,41,skateboard,a photo of a skateboard,0.027174462066875443,GE_MAP,all,GE_POS3_CASR,0.4299390774586597,0.986945950255102,0.6013390139987828,0.4470588235294118,0.9182156133828996,1105,494,465,True,0.053775876026367526,1,True,False,0.40276461539178426,1,True
511999,7,train,a photo of a train,0.6250476917207173,GE_MAP,all,GE_MAP,0.6250476917207173,0.8433115433673469,0.7692668897106298,0.8182556034213648,0.7258127042144321,16017,13106,226,True,0.008489795918367347,1,True,False,0.0,-1,False
511999,7,train,a photo of a train,0.6250476917207173,GE_MAP,all,GE_POS3_SAM,0.889342453662842,0.9600207270408163,0.9414306569343066,0.9956153893657753,0.8928393420834025,16193,16122,41,True,0.0021347971942665446,3,True,False,0.26429476194212476,0,True
511999,7,train,a photo of a train,0.6250476917207173,GE_MAP,all,GE_POS3_SMART,0.889342453662842,0.9600207270408163,0.9414306569343066,0.9956153893657753,0.8928393420834025,16193,16122,41,True,0.0021347971942665446,3,True,False,0.26429476194212476,0,True
511999,7,train,a photo of a train,0.6250476917207173,GE_MAP,all,GE_POS3_CASR,0.889342453662842,0.9600207270408163,0.9414306569343066,0.9956153893657753,0.8928393420834025,16193,16122,41,True,0.0021347971942665446,3,True,False,0.26429476194212476,0,True
511999,1,person,a photo of a person,0.15569167942827974,GE_MAP,all,GE_MAP,0.15569167942827974,0.7692522321428571,0.26943462897526504,0.16011699415029249,0.8492442322991249,13334,2135,2654,False,0.08996527777777778,7,True,False,0.0,-1,False
511999,1,person,a photo of a person,0.15569167942827974,GE_MAP,all,GE_POS3_SAM,0.0009510937578214948,0.6022401147959183,0.001900380076015203,0.001086832170232239,0.007557677008750994,17482,19,17176,False,0.9150231706002802,7,False,True,-0.15474058567045826,1,True
511999,1,person,a photo of a person,0.15569167942827974,GE_MAP,all,GE_POS3_SMART,0.0009510937578214948,0.6022401147959183,0.001900380076015203,0.001086832170232239,0.007557677008750994,17482,19,17176,False,0.9150231706002802,7,False,True,-0.15474058567045826,1,True
511999,1,person,a photo of a person,0.15569167942827974,GE_MAP,all,GE_POS3_CASR,0.15569167942827974,0.7692522321428571,0.26943462897526504,0.16011699415029249,0.8492442322991249,13334,2135,2654,False,0.08996527777777778,7,True,False,0.0,1,False
80153,18,dog,a photo of a dog,0.22303017147818538,GE_MAP,all,GE_MAP,0.22303017147818538,0.8573222257653061,0.36471736622592954,0.22303017147818538,1.0,9214,2055,841,True,0.047673184780961046,1,True,False,0.0,-1,False
80153,18,dog,a photo of a dog,0.22303017147818538,GE_MAP,all,GE_POS3_SAM,0.8652278177458034,0.9943997130102041,0.9277449215736693,0.9836423118865867,0.8778588807785888,1834,1804,0,True,0.0,-1,True,False,0.642197646267618,2,True
80153,18,dog,a photo of a dog,0.22303017147818538,GE_MAP,all,GE_POS3_SMART,0.8946877912395154,0.9954958545918368,0.9444171175602558,0.9547488811536549,0.9343065693430657,2011,1920,0,True,0.0,-1,True,False,0.67165761976133,1,True
80153,18,dog,a photo of a dog,0.22303017147818538,GE_MAP,all,GE_POS3_CASR,0.8946877912395154,0.9954958545918368,0.9444171175602558,0.9547488811536549,0.9343065693430657,2011,1920,0,True,0.0,-1,True,False,0.67165761976133,1,True
80153,1,person,a photo of a person,0.2655581661545876,GE_MAP,all,GE_MAP,0.2655581661545876,0.7570352359693877,0.4196696339315466,0.26881326991096477,0.9563896723801258,16398,4408,2186,True,0.11384076779139253,18,True,False,0.0,-1,False
80153,1,person,a photo of a person,0.2655581661545876,GE_MAP,all,GE_POS3_SAM,0.8287304645686149,0.9840561224489796,0.9063451182392882,0.9842359521993389,0.8398784985897157,3933,3871,0,True,0.0,-1,True,False,0.5631722984140273,1,True
80153,1,person,a photo of a person,0.2655581661545876,GE_MAP,all,GE_POS3_SMART,0.8738297872340426,0.9881816007653061,0.9326671965482003,0.9783230109575989,0.8910826643523541,4198,4107,5,True,0.0008002560819462228,18,True,False,0.608271621079455,0,True
80153,1,person,a photo of a person,0.2655581661545876,GE_MAP,all,GE_POS3_CASR,0.8738297872340426,0.9881816007653061,0.9326671965482003,0.9783230109575989,0.8910826643523541,4198,4107,5,True,0.0008002560819462228,18,True,False,0.608271621079455,0,True
364126,1,person,a photo of a person,0.12582827648741018,GE_MAP,all,GE_MAP,0.12582827648741018,0.7502192283163265,0.22353014063564836,0.13564929693961952,0.6347642505277973,13299,1804,917,True,0.0692140229712484,42,True,False,0.0,-1,False
364126,1,person,a photo of a person,0.12582827648741018,GE_MAP,all,GE_POS3_SAM,4.539779820678697e-05,0.12203045280612244,9.07914746805275e-05,4.852602207934005e-05,0.0007037297677691766,41215,2,298,False,0.0071187979264709395,42,False,False,-0.1257828786892034,0,True
364126,1,person,a photo of a person,0.12582827648741018,GE_MAP,all,GE_POS3_SMART,0.0,0.3522201849489796,0.0,0.0,0.0,29661,0,0,False,0.0,-1,False,False,-0.12582827648741018,2,True
364126,1,person,a photo of a person,0.12582827648741018,GE_MAP,all,GE_POS3_CASR,0.12582827648741018,0.7502192283163265,0.22353014063564836,0.13564929693961952,0.6347642505277973,13299,1804,917,True,0.0692140229712484,42,True,False,0.0,2,False
364126,42,surfboard,a photo of a surfboard,0.06280353935200586,GE_MAP,all,GE_MAP,0.06280353935200586,0.7192482461734694,0.11818466353677622,0.06280353935200586,1.0,15031,944,57,True,0.0034809948907978216,1,True,False,0.0,-1,False
364126,42,surfboard,a photo of a surfboard,0.06280353935200586,GE_MAP,all,GE_POS3_SAM,0.6441658630665381,0.9926458864795918,0.7835777126099707,0.8777923784494087,0.7076271186440678,761,668,4,True,0.0016680567139282735,1,True,False,0.5813623237145322,2,True
364126,42,surfboard,a photo of a surfboard,0.06280353935200586,GE_MAP,all,GE_POS3_SMART,0.6441658630665381,0.9926458864795918,0.7835777126099707,0.8777923784494087,0.7076271186440678,761,668,4,True,0.0016680567139282735,1,True,False,0.5813623237145322,2,True
364126,42,surfboard,a photo of a surfboard,0.06280353935200586,GE_MAP,all,GE_POS3_CASR,0.6441658630665381,0.9926458864795918,0.7835777126099707,0.8777923784494087,0.7076271186440678,761,668,4,True,0.0016680567139282735,1,True,False,0.5813623237145322,2,True
354072,81,sink,a photo of a sink,0.14675391515329755,GE_MAP,all,GE_MAP,0.14675391515329755,0.7687141262755102,0.2559466564082836,0.14675391515329755,1.0,13601,1996,594,True,0.018009797329747383,64,True,False,0.0,-1,False
354072,81,sink,a photo of a sink,0.14675391515329755,GE_MAP,all,GE_POS3_SAM,0.5768445610965296,0.9710817920918368,0.7316441649713334,0.5798885957197303,0.9909819639278558,3411,1978,33,True,0.0030071077091306723,64,True,False,0.43009064594323204,2,True
354072,81,sink,a photo of a sink,0.14675391515329755,GE_MAP,all,GE_POS3_SMART,0.3832010838010451,0.9364835778061225,0.5540786343920526,0.38439138031450204,0.9919839679358717,5151,1980,248,True,0.019841587326986158,64,True,False,0.23644716864774756,1,True
354072,81,sink,a photo of a sink,0.14675391515329755,GE_MAP,all,GE_POS3_CASR,0.3832010838010451,0.9364835778061225,0.5540786343920526,0.38439138031450204,0.9919839679358717,5151,1980,248,True,0.019841587326986158,64,True,False,0.23644716864774756,1,True
354072,64,potted plant,a photo of a potted plant,0.4388493901245842,GE_MAP,all,GE_MAP,0.4388493901245842,0.8285435267857143,0.6100004533297066,0.46518702897047637,0.8857293312269615,14463,6728,1974,True,0.13620046941874914,81,True,False,0.0,-1,False
354072,64,potted plant,a photo of a potted plant,0.4388493901245842,GE_MAP,all,GE_POS3_SAM,0.6159382360638577,0.9415058992346939,0.7623289335168839,0.9903219019566589,0.6196682464454977,4753,4707,0,True,0.0,-1,True,False,0.1770888459392735,1,True
354072,64,potted plant,a photo of a potted plant,0.4388493901245842,GE_MAP,all,GE_POS3_SMART,0.6159382360638577,0.9415058992346939,0.7623289335168839,0.9903219019566589,0.6196682464454977,4753,4707,0,True,0.0,-1,True,False,0.1770888459392735,1,True
354072,64,potted plant,a photo of a potted plant,0.4388493901245842,GE_MAP,all,GE_POS3_CASR,0.6159382360638577,0.9415058992346939,0.7623289335168839,0.9903219019566589,0.6196682464454977,4753,4707,0,True,0.0,-1,True,False,0.1770888459392735,1,True
276018,88,teddy bear,a photo of a teddy bear,0.20812353138637127,GE_MAP,all,GE_MAP,0.20812353138637127,0.8589564732142857,0.34454015004167826,0.20812353138637127,1.0,8937,1860,5868,False,0.19409930076965642,1,True,False,0.0,-1,False
276018,88,teddy bear,a photo of a teddy bear,0.20812353138637127,GE_MAP,all,GE_POS3_SAM,0.8632562715199213,0.9944595025510204,0.926610348468849,0.9102697095435685,0.9435483870967742,1928,1755,172,True,0.049756148178893844,1,True,False,0.65513274013355,1,True
276018,88,teddy bear,a photo of a teddy bear,0.20812353138637127,GE_MAP,all,GE_POS3_SMART,0.8632562715199213,0.9944595025510204,0.926610348468849,0.9102697095435685,0.9435483870967742,1928,1755,172,True,0.049756148178893844,1,True,False,0.65513274013355,1,True
276018,88,teddy bear,a photo of a teddy bear,0.20812353138637127,GE_MAP,all,GE_POS3_CASR,0.8632562715199213,0.9944595025510204,0.926610348468849,0.9102697095435685,0.9435483870967742,1928,1755,172,True,0.049756148178893844,1,True,False,0.65513274013355,1,True
276018,1,person,a photo of a person,0.2925805386538371,GE_MAP,all,GE_MAP,0.2925805386538371,0.4021843112244898,0.45270763392205515,0.7625076828518746,0.32191603093051013,16270,12406,11,True,0.06873378920066023,88,True,False,0.0,-1,False
276018,1,person,a photo of a person,0.2925805386538371,GE_MAP,all,GE_POS3_SAM,0.07949640287769784,0.28599330357142855,0.14728423858713763,0.8901035673187572,0.0802843946234885,3476,3094,9,True,0.4286479250334672,88,False,False,-0.21308413577613927,1,True
276018,1,person,a photo of a person,0.2925805386538371,GE_MAP,all,GE_POS3_SMART,0.06399650601171514,0.27389588647959184,0.12029457925872268,0.8658324643726104,0.06463750064871036,2877,2491,0,True,0.2809626825310979,88,False,False,-0.22858403264212196,2,True
276018,1,person,a photo of a person,0.2925805386538371,GE_MAP,all,GE_POS3_CASR,0.06399650601171514,0.27389588647959184,0.12029457925872268,0.8658324643726104,0.06463750064871036,2877,2491,0,True,0.2809626825310979,88,False,False,-0.22858403264212196,2,True
56288,72,tv,a photo of a tv,0.27863286555002265,GE_MAP,all,GE_MAP,0.27863286555002265,0.6824178890306123,0.4358293503274916,0.3108428867228928,0.7289199431549029,19801,6155,3948,True,0.10564022404585124,54,True,False,0.0,-1,False
56288,72,tv,a photo of a tv,0.27863286555002265,GE_MAP,all,GE_POS3_SAM,0.7874230222643297,0.964225924744898,0.8810706950241834,1.0,0.7874230222643297,6649,6649,0,True,0.0,-1,True,False,0.508790156714307,1,True
56288,72,tv,a photo of a tv,0.27863286555002265,GE_MAP,all,GE_POS3_SMART,0.7874230222643297,0.964225924744898,0.8810706950241834,1.0,0.7874230222643297,6649,6649,0,True,0.0,-1,True,False,0.508790156714307,1,True
56288,72,tv,a photo of a tv,0.27863286555002265,GE_MAP,all,GE_POS3_CASR,0.7874230222643297,0.964225924744898,0.8810706950241834,1.0,0.7874230222643297,6649,6649,0,True,0.0,-1,True,False,0.508790156714307,1,True
56288,76,keyboard,a photo of a keyboard,0.03987097456506795,GE_MAP,all,GE_MAP,0.03987097456506795,0.6381337691326531,0.07668446478515129,0.040329482242190844,0.7781217750257998,18696,754,12745,False,0.35801851388541406,72,False,False,0.0,-1,False
56288,76,keyboard,a photo of a keyboard,0.03987097456506795,GE_MAP,all,GE_POS3_SAM,0.05866460825935932,0.8055644132653061,0.11082756106452789,0.06078176547035889,0.6274509803921569,10003,608,7992,False,0.7644189383070301,72,False,True,0.01879363369429137,1,True
56288,76,keyboard,a photo of a keyboard,0.03987097456506795,GE_MAP,all,GE_POS3_SMART,0.05866460825935932,0.8055644132653061,0.11082756106452789,0.06078176547035889,0.6274509803921569,10003,608,7992,False,0.7644189383070301,72,False,True,0.01879363369429137,1,True
56288,76,keyboard,a photo of a keyboard,0.03987097456506795,GE_MAP,all,GE_POS3_CASR,0.05866460825935932,0.8055644132653061,0.11082756106452789,0.06078176547035889,0.6274509803921569,10003,608,7992,False,0.7644189383070301,72,False,True,0.01879363369429137,1,True
564091,1,person,a photo of a person,0.4891578652210487,GE_MAP,all,GE_MAP,0.4891578652210487,0.7821468431122449,0.6569590459752079,0.6892986499835364,0.6275179856115108,15185,10467,0,True,0.02123501823866597,44,True,False,0.0,-1,False
564091,1,person,a photo of a person,0.4891578652210487,GE_MAP,all,GE_POS3_SAM,0.7470056841250508,0.9006497130102041,0.8551840339308021,0.8295665896409852,0.8824340527577937,17743,14719,0,True,0.0026942321438390058,44,True,False,0.25784781890400205,0,True
564091,1,person,a photo of a person,0.4891578652210487,GE_MAP,all,GE_POS3_SMART,0.7470056841250508,0.9006497130102041,0.8551840339308021,0.8295665896409852,0.8824340527577937,17743,14719,0,True,0.0026942321438390058,44,True,False,0.25784781890400205,0,True
564091,1,person,a photo of a person,0.4891578652210487,GE_MAP,all,GE_POS3_CASR,0.7470056841250508,0.9006497130102041,0.8551840339308021,0.8295665896409852,0.8824340527577937,17743,14719,0,True,0.0026942321438390058,44,True,False,0.25784781890400205,0,True
564091,31,handbag,a photo of a handbag,0.08992176240477662,GE_MAP,all,GE_MAP,0.08992176240477662,0.6476203762755102,0.16500590318772138,0.08994954175677067,0.9965772960638904,19422,1747,3551,False,0.10909035052686554,1,False,False,0.0,-1,False
564091,31,handbag,a photo of a handbag,0.08992176240477662,GE_MAP,all,GE_POS3_SAM,0.7257995735607676,0.9871851084183674,0.8411168766987892,0.7419354838709677,0.970907016543069,2294,1702,0,True,0.0,-1,True,False,0.6358778111559911,1,True
564091,31,handbag,a photo of a handbag,0.08992176240477662,GE_MAP,all,GE_POS3_SMART,0.7257995735607676,0.9871851084183674,0.8411168766987892,0.7419354838709677,0.970907016543069,2294,1702,0,True,0.0,-1,True,False,0.6358778111559911,1,True
564091,31,handbag,a photo of a handbag,0.08992176240477662,GE_MAP,all,GE_POS3_CASR,0.7257995735607676,0.9871851084183674,0.8411168766987892,0.7419354838709677,0.970907016543069,2294,1702,0,True,0.0,-1,True,False,0.6358778111559911,1,True
6763,32,tie,a photo of a tie,0.17235321312991217,GE_MAP,all,GE_MAP,0.17235321312991217,0.8216079400510204,0.2940294975944475,0.17249676105867112,0.9951948745328351,10806,1864,8342,False,0.33502839783383964,1,False,False,0.0,-1,False
6763,32,tie,a photo of a tie,0.17235321312991217,GE_MAP,all,GE_POS3_SAM,0.11509507178890183,0.7727598852040817,0.20643095768374164,0.118687474989996,0.791777896422851,12495,1483,10883,False,0.4156219540886633,1,False,False,-0.057258141341010343,1,True
6763,32,tie,a photo of a tie,0.17235321312991217,GE_MAP,all,GE_POS3_SMART,0.11509507178890183,0.7727598852040817,0.20643095768374164,0.118687474989996,0.791777896422851,12495,1483,10883,False,0.4156219540886633,1,False,False,-0.057258141341010343,1,True
6763,32,tie,a photo of a tie,0.17235321312991217,GE_MAP,all,GE_POS3_CASR,0.11509507178890183,0.7727598852040817,0.20643095768374164,0.118687474989996,0.791777896422851,12495,1483,10883,False,0.4156219540886633,1,False,False,-0.057258141341010343,1,True
6763,1,person,a photo of a person,0.497493652756982,GE_MAP,all,GE_MAP,0.497493652756982,0.6923230229591837,0.6644350736860409,0.9329752167012575,0.5159330272751823,16382,15284,23,True,0.11351714041722581,32,True,False,0.0,-1,False
6763,1,person,a photo of a person,0.497493652756982,GE_MAP,all,GE_POS3_SAM,0.13266097750193948,0.48752391581632654,0.23424657534246576,0.9941860465116279,0.1327639751552795,3956,3933,0,True,0.18499695059971538,32,False,False,-0.3648326752550425,1,True
6763,1,person,a photo of a person,0.497493652756982,GE_MAP,all,GE_POS3_SMART,0.13266097750193948,0.48752391581632654,0.23424657534246576,0.9941860465116279,0.1327639751552795,3956,3933,0,True,0.18499695059971538,32,False,False,-0.3648326752550425,1,True
6763,1,person,a photo of a person,0.497493652756982,GE_MAP,all,GE_POS3_CASR,0.13266097750193948,0.48752391581632654,0.23424657534246576,0.9941860465116279,0.1327639751552795,3956,3933,0,True,0.18499695059971538,32,False,False,-0.3648326752550425,1,True
186873,9,boat,a photo of a boat,0.19882220975883344,GE_MAP,all,GE_MAP,0.19882220975883344,0.8291812818877551,0.33169590643274854,0.1989337822671156,0.9971870604781997,10692,2127,377,True,0.03607821536766731,1,True,False,0.0,-1,False
186873,9,boat,a photo of a boat,0.19882220975883344,GE_MAP,all,GE_POS3_SAM,0.7413644214162349,0.9880620216836735,0.8514753285395488,0.9036842105263158,0.8049695264885138,1900,1717,2,True,0.00645682001614205,1,True,False,0.5425422116574015,2,True
186873,9,boat,a photo of a boat,0.19882220975883344,GE_MAP,all,GE_POS3_SMART,0.6299483648881239,0.9785754145408163,0.7729672650475184,0.703305149884704,0.8579465541490858,2602,1830,143,True,0.051661730832510695,1,True,False,0.4311261551292904,0,True
186873,9,boat,a photo of a boat,0.19882220975883344,GE_MAP,all,GE_POS3_CASR,0.6299483648881239,0.9785754145408163,0.7729672650475184,0.703305149884704,0.8579465541490858,2602,1830,143,True,0.051661730832510695,1,True,False,0.4311261551292904,0,True
186873,1,person,a photo of a person,0.020630411255411256,GE_MAP,all,GE_MAP,0.020630411255411256,0.7114357461734694,0.04042680098084697,0.02104173853052777,0.5134680134680135,14495,305,1712,False,0.1159731543624161,9,False,False,0.0,-1,False
186873,1,person,a photo of a person,0.020630411255411256,GE_MAP,all,GE_POS3_SAM,0.0,0.42093829719387754,0.0,0.0,0.0,28461,0,63,False,0.002063476466542203,9,False,False,-0.020630411255411256,1,True
186873,1,person,a photo of a person,0.020630411255411256,GE_MAP,all,GE_POS3_SMART,0.0,0.40798389668367346,0.0,0.0,0.0,29111,0,228,False,0.007351044622130513,9,False,False,-0.020630411255411256,0,True
186873,1,person,a photo of a person,0.020630411255411256,GE_MAP,all,GE_POS3_CASR,0.020630411255411256,0.7114357461734694,0.04042680098084697,0.02104173853052777,0.5134680134680135,14495,305,1712,False,0.1159731543624161,9,False,False,0.0,0,False
380913,1,person,a photo of a person,0.26480872425134155,GE_MAP,all,GE_MAP,0.26480872425134155,0.5767697704081632,0.4187332347949855,0.5198097179748555,0.35056602044090013,14715,7649,26,True,0.04199194157642911,31,True,False,0.0,-1,False
380913,1,person,a photo of a person,0.26480872425134155,GE_MAP,all,GE_POS3_SAM,0.5133648861843588,0.7848373724489796,0.6784416512777744,0.968864313058273,0.5219762592236125,11755,11389,0,True,0.04241448074858107,31,True,False,0.24855616193301727,0,True
380913,1,person,a photo of a person,0.26480872425134155,GE_MAP,all,GE_POS3_SMART,0.10109527519362083,0.6090760522959183,0.1836267532359429,0.9990942028985508,0.10110454191301159,2208,2206,0,True,0.006470881035340966,31,True,False,-0.16371344905772073,2,True
380913,1,person,a photo of a person,0.26480872425134155,GE_MAP,all,GE_POS3_CASR,0.10109527519362083,0.6090760522959183,0.1836267532359429,0.9990942028985508,0.10110454191301159,2208,2206,0,True,0.006470881035340966,31,True,False,-0.16371344905772073,2,True
380913,31,handbag,a photo of a handbag,0.1228496115427303,GE_MAP,all,GE_MAP,0.1228496115427303,0.7479870854591837,0.21881756965466115,0.12340603442268831,0.9645969498910676,14351,1771,6895,False,0.3117905197113118,1,False,False,0.0,-1,False
380913,31,handbag,a photo of a handbag,0.1228496115427303,GE_MAP,all,GE_POS3_SAM,0.5663082437275986,0.9831194196428571,0.7231121281464531,0.9043336058871627,0.6023965141612201,1223,1106,103,True,0.05527822303640943,1,True,False,0.44345863218486825,2,True
380913,31,handbag,a photo of a handbag,0.1228496115427303,GE_MAP,all,GE_POS3_SMART,0.5663082437275986,0.9831194196428571,0.7231121281464531,0.9043336058871627,0.6023965141612201,1223,1106,103,True,0.05527822303640943,1,True,False,0.44345863218486825,2,True
380913,31,handbag,a photo of a handbag,0.1228496115427303,GE_MAP,all,GE_POS3_CASR,0.5663082437275986,0.9831194196428571,0.7231121281464531,0.9043336058871627,0.6023965141612201,1223,1106,103,True,0.05527822303640943,1,True,False,0.44345863218486825,2,True
128372,6,bus,a photo of a bus,0.5921680117388114,GE_MAP,all,GE_MAP,0.5921680117388114,0.8227439413265306,0.7438511606474282,0.7441940874776696,0.7435085497150095,17353,12914,43,True,0.00707876370887338,1,True,False,0.0,-1,False
128372,6,bus,a photo of a bus,0.5921680117388114,GE_MAP,all,GE_POS3_SAM,0.9453442454071996,0.9809669961734694,0.9719043276161337,0.9937432318613886,0.9510046634809143,16622,16518,0,True,0.009487764413106595,1,True,False,0.35317623366838824,0,True
128372,6,bus,a photo of a bus,0.5921680117388114,GE_MAP,all,GE_POS3_SMART,0.9198624247635425,0.9721380739795918,0.9582586886420638,0.9952862370526577,0.9238873855719961,16123,16047,0,True,0.007059822708211688,1,True,False,0.3276944130247311,1,True
128372,6,bus,a photo of a bus,0.5921680117388114,GE_MAP,all,GE_POS3_CASR,0.9198624247635425,0.9721380739795918,0.9582586886420638,0.9952862370526577,0.9238873855719961,16123,16047,0,True,0.007059822708211688,1,True,False,0.3276944130247311,1,True
128372,1,person,a photo of a person,0.23496828374877154,GE_MAP,all,GE_MAP,0.23496828374877154,0.8293407206632653,0.38052521160384867,0.23965737197011117,0.9231309231309232,10974,2630,2525,True,0.0980977102785634,6,True,False,0.0,-1,False
128372,1,person,a photo of a person,0.23496828374877154,GE_MAP,all,GE_POS3_SAM,0.10621652840491441,0.6607342155612245,0.1920356922492762,0.11103183315038419,0.7100737100737101,18220,2023,15920,False,0.8275136078874397,6,False,True,-0.12875175534385713,0,True
128372,1,person,a photo of a person,0.23496828374877154,GE_MAP,all,GE_POS3_SMART,0.23500317057704503,0.8797831632653061,0.38057095912918465,0.2689795325881841,0.6504036504036504,6889,1853,4898,False,0.2537729997932603,6,False,False,3.488682827348932e-05,1,True
128372,1,person,a photo of a person,0.23496828374877154,GE_MAP,all,GE_POS3_CASR,0.23500317057704503,0.8797831632653061,0.38057095912918465,0.2689795325881841,0.6504036504036504,6889,1853,4898,False,0.2537729997932603,6,False,False,3.488682827348932e-05,1,True
356424,44,bottle,a photo of a bottle,0.0535524920466596,GE_MAP,all,GE_MAP,0.0535524920466596,0.7154017857142857,0.10166079516859587,0.053556041625240275,0.9987639060568603,15087,808,11285,False,0.1839829513867441,1,False,False,0.0,-1,False
356424,44,bottle,a photo of a bottle,0.0535524920466596,GE_MAP,all,GE_POS3_SAM,0.3841865179929042,0.9757852359693877,0.5551080190406444,0.39438085327783556,0.9369592088998764,1922,758,1143,False,0.30176734370878394,47,True,False,0.3306340259462446,1,True
356424,44,bottle,a photo of a bottle,0.0535524920466596,GE_MAP,all,GE_POS3_SMART,0.3841865179929042,0.9757852359693877,0.5551080190406444,0.39438085327783556,0.9369592088998764,1922,758,1143,False,0.30176734370878394,47,True,False,0.3306340259462446,1,True
356424,44,bottle,a photo of a bottle,0.0535524920466596,GE_MAP,all,GE_POS3_CASR,0.3841865179929042,0.9757852359693877,0.5551080190406444,0.39438085327783556,0.9369592088998764,1922,758,1143,False,0.30176734370878394,47,True,False,0.3306340259462446,1,True
356424,47,cup,a photo of a cup,0.13546744664716714,GE_MAP,all,GE_MAP,0.13546744664716714,0.6818997130102041,0.23861088584649143,0.1393314763231198,0.8300696979754397,17950,2501,12491,False,0.28031574367580336,1,False,False,0.0,-1,False
356424,47,cup,a photo of a cup,0.13546744664716714,GE_MAP,all,GE_POS3_SAM,0.5563123327657504,0.9636479591836735,0.7149109096592685,0.6756277695716396,0.7590441420511118,3385,2287,36,True,0.004303131723643318,67,True,False,0.4208448861185833,1,True
356424,47,cup,a photo of a cup,0.13546744664716714,GE_MAP,all,GE_POS3_SMART,0.6118094124524993,0.9735331632653061,0.759158505622053,0.8368652538984406,0.6946564885496184,2501,2093,7,True,0.003738317757009346,67,True,False,0.47634196580533217,2,True
356424,47,cup,a photo of a cup,0.13546744664716714,GE_MAP,all,GE_POS3_CASR,0.6118094124524993,0.9735331632653061,0.759158505622053,0.8368652538984406,0.6946564885496184,2501,2093,7,True,0.003738317757009346,67,True,False,0.47634196580533217,2,True
61584,19,horse,a photo of a horse,0.11522481765303295,GE_MAP,all,GE_MAP,0.11522481765303295,0.8090122767857143,0.20663962248530507,0.11678832116788321,0.8959081119885139,10686,1248,716,True,0.06712677676444007,1,True,False,0.0,-1,False
61584,19,horse,a photo of a horse,0.11522481765303295,GE_MAP,all,GE_POS3_SAM,0.39146453791832975,0.9604990433673469,0.5626654898499559,0.406180312201338,0.9152907394113424,3139,1275,1644,False,0.4677636903156191,1,False,False,0.2762397202652968,0,True
61584,19,horse,a photo of a horse,0.11522481765303295,GE_MAP,all,GE_POS3_SMART,0.5658198614318707,0.9812659438775511,0.7227138643067846,0.613420130195293,0.8793969849246231,1997,1225,612,True,0.19118869492934332,1,True,False,0.45059504377883774,1,True
61584,19,horse,a photo of a horse,0.11522481765303295,GE_MAP,all,GE_POS3_CASR,0.5658198614318707,0.9812659438775511,0.7227138643067846,0.613420130195293,0.8793969849246231,1997,1225,612,True,0.19118869492934332,1,True,False,0.45059504377883774,1,True
61584,1,person,a photo of a person,0.09769547802867591,GE_MAP,all,GE_MAP,0.09769547802867591,0.6902104591836735,0.17800105764145954,0.10133670520231214,0.7311033883579496,16608,1683,1079,True,0.06748502638913598,19,True,False,0.0,-1,False
61584,1,person,a photo of a person,0.09769547802867591,GE_MAP,all,GE_POS3_SAM,0.4513776337115073,0.973014987244898,0.621998883305416,0.8703125,0.48392701998262383,1280,1114,18,True,0.012883668056081848,19,True,False,0.3536821556828314,1,True
61584,1,person,a photo of a person,0.09769547802867591,GE_MAP,all,GE_POS3_SMART,0.4513776337115073,0.973014987244898,0.621998883305416,0.8703125,0.48392701998262383,1280,1114,18,True,0.012883668056081848,19,True,False,0.3536821556828314,1,True
61584,1,person,a photo of a person,0.09769547802867591,GE_MAP,all,GE_POS3_CASR,0.4513776337115073,0.973014987244898,0.621998883305416,0.8703125,0.48392701998262383,1280,1114,18,True,0.012883668056081848,19,True,False,0.3536821556828314,1,True
250137,28,umbrella,a photo of a umbrella,0.3702554481166113,GE_MAP,all,GE_MAP,0.3702554481166113,0.8260722257653061,0.5404181368160514,0.37945570181925753,0.93854033290653,13522,5131,3353,True,0.12346280287349325,31,True,False,0.0,-1,False
250137,28,umbrella,a photo of a umbrella,0.3702554481166113,GE_MAP,all,GE_POS3_SAM,0.6906579425663395,0.9660794005102041,0.81702859600086,0.9908735332464146,0.695079568319005,3835,3800,0,True,0.0,-1,True,False,0.3204024944497282,2,True
250137,28,umbrella,a photo of a umbrella,0.3702554481166113,GE_MAP,all,GE_POS3_SMART,0.7250883392226148,0.9612364477040817,0.840639082343302,0.761353517364203,0.9383574172306567,6738,5130,0,True,0.0,-1,True,False,0.3548328911060035,0,True
250137,28,umbrella,a photo of a umbrella,0.3702554481166113,GE_MAP,all,GE_POS3_CASR,0.7250883392226148,0.9612364477040817,0.840639082343302,0.761353517364203,0.9383574172306567,6738,5130,0,True,0.0,-1,True,False,0.3548328911060035,0,True
250137,31,handbag,a photo of a handbag,0.30146395615069727,GE_MAP,all,GE_MAP,0.30146395615069727,0.7993463010204082,0.4632690052244376,0.31426298278605524,0.8809813463098135,13826,4345,8212,False,0.21477143936531923,28,True,False,0.0,-1,False
250137,31,handbag,a photo of a handbag,0.30146395615069727,GE_MAP,all,GE_POS3_SAM,0.271452374340461,0.7908561862244898,0.42699574096319753,0.29218353011507997,0.7927818329278183,13382,3910,9317,False,0.3650622734288073,1,False,False,-0.030011581810236276,0,True
250137,31,handbag,a photo of a handbag,0.30146395615069727,GE_MAP,all,GE_POS3_SMART,0.271452374340461,0.7908561862244898,0.42699574096319753,0.29218353011507997,0.7927818329278183,13382,3910,9317,False,0.3650622734288073,1,False,False,-0.030011581810236276,0,True
250137,31,handbag,a photo of a handbag,0.30146395615069727,GE_MAP,all,GE_POS3_CASR,0.271452374340461,0.7908561862244898,0.42699574096319753,0.29218353011507997,0.7927818329278183,13382,3910,9317,False,0.3650622734288073,1,False,False,-0.030011581810236276,0,True
184611,1,person,a photo of a person,0.1525240666823198,GE_MAP,all,GE_MAP,0.1525240666823198,0.6403260522959183,0.2646783196838202,0.19738681251899118,0.40158259149357073,16455,3248,5009,False,0.22640988200007892,2,False,False,0.0,-1,False
184611,1,person,a photo of a person,0.1525240666823198,GE_MAP,all,GE_POS3_SAM,0.015928863868986693,0.6934191645408163,0.03135822681191361,0.03195175157192352,0.030786350148367954,7793,249,5887,False,0.36089860352155434,2,False,False,-0.1365952028133331,1,True
184611,1,person,a photo of a person,0.1525240666823198,GE_MAP,all,GE_POS3_SMART,0.015928863868986693,0.6934191645408163,0.03135822681191361,0.03195175157192352,0.030786350148367954,7793,249,5887,False,0.36089860352155434,2,False,False,-0.1365952028133331,1,True
184611,1,person,a photo of a person,0.1525240666823198,GE_MAP,all,GE_POS3_CASR,0.015928863868986693,0.6934191645408163,0.03135822681191361,0.03195175157192352,0.030786350148367954,7793,249,5887,False,0.36089860352155434,2,False,False,-0.1365952028133331,1,True
184611,2,bicycle,a photo of a bicycle,0.5180598555211559,GE_MAP,all,GE_MAP,0.5180598555211559,0.8231624681122449,0.6825288919102651,0.7156362545018007,0.6523493605088572,13328,9538,935,True,0.12055101041885183,33,True,False,0.0,-1,False
184611,2,bicycle,a photo of a bicycle,0.5180598555211559,GE_MAP,all,GE_POS3_SAM,0.21924771263978313,0.7704081632653061,0.3596442468037799,0.9602255862273672,0.22125709595786883,3369,3235,0,True,0.019941244547315943,1,True,False,-0.2988121428813727,1,True
184611,2,bicycle,a photo of a bicycle,0.5180598555211559,GE_MAP,all,GE_POS3_SMART,0.537124060150376,0.8625837053571429,0.6988688474472639,0.9667713871435476,0.5472265918883797,8276,8001,107,True,0.11118987341772152,33,True,False,0.019064204629220094,0,True
184611,2,bicycle,a photo of a bicycle,0.5180598555211559,GE_MAP,all,GE_POS3_CASR,0.537124060150376,0.8625837053571429,0.6988688474472639,0.9667713871435476,0.5472265918883797,8276,8001,107,True,0.11118987341772152,33,True,False,0.019064204629220094,0,True
4134,32,tie,a photo of a tie,0.06684069936862555,GE_MAP,all,GE_MAP,0.06684069936862555,0.6936583227040817,0.12530586695498777,0.06686505526539537,0.994579945799458,16466,1101,13100,False,0.41542141633689683,1,False,False,0.0,-1,False
4134,32,tie,a photo of a tie,0.06684069936862555,GE_MAP,all,GE_POS3_SAM,0.05300762769141643,0.6090561224489796,0.10067852558224831,0.05303066892055059,0.991869918699187,20705,1098,17741,False,0.564633195369204,1,False,True,-0.013833071677209118,0,True
4134,32,tie,a photo of a tie,0.06684069936862555,GE_MAP,all,GE_POS3_SMART,0.05300762769141643,0.6090561224489796,0.10067852558224831,0.05303066892055059,0.991869918699187,20705,1098,17741,False,0.564633195369204,1,False,True,-0.013833071677209118,0,True
4134,32,tie,a photo of a tie,0.06684069936862555,GE_MAP,all,GE_POS3_CASR,0.05300762769141643,0.6090561224489796,0.10067852558224831,0.05303066892055059,0.991869918699187,20705,1098,17741,False,0.564633195369204,1,False,True,-0.013833071677209118,0,True
4134,1,person,a photo of a person,0.37576057527147805,GE_MAP,all,GE_MAP,0.37576057527147805,0.5726642219387755,0.5462586761469443,0.817260811752042,0.4102278867240886,15793,12907,19,True,0.008353221957040573,32,True,False,0.0,-1,False
4134,1,person,a photo of a person,0.37576057527147805,GE_MAP,all,GE_POS3_SAM,0.13530850084151028,0.45731026785714285,0.2383642873125979,0.9934716717183493,0.13542891650510122,4289,4261,0,True,0.00017214666896195557,67,True,False,-0.24045207442996777,1,True
4134,1,person,a photo of a person,0.37576057527147805,GE_MAP,all,GE_POS3_SMART,0.7848471290082029,0.8562460140306123,0.8794558550729482,0.9273278353422147,0.8362838890124908,28374,26312,26,True,0.012292689626755485,32,True,False,0.4090865537367248,0,True
4134,1,person,a photo of a person,0.37576057527147805,GE_MAP,all,GE_POS3_CASR,0.7848471290082029,0.8562460140306123,0.8794558550729482,0.9273278353422147,0.8362838890124908,28374,26312,26,True,0.012292689626755485,32,True,False,0.4090865537367248,0,True
213605,6,bus,a photo of a bus,0.6895391860073999,GE_MAP,all,GE_MAP,0.6895391860073999,0.9080237563775511,0.8162452717499502,0.8175799633086065,0.8149149308316107,12537,10250,26,True,0.0024238453979692105,3,True,False,0.0,-1,False
213605,6,bus,a photo of a bus,0.6895391860073999,GE_MAP,all,GE_POS3_SAM,0.8482649126786119,0.9600007971938775,0.9179040373051908,0.9453197405004634,0.892033709651773,11869,11220,0,True,0.009352093689443087,1,True,False,0.158725726671212,0,True
213605,6,bus,a photo of a bus,0.6895391860073999,GE_MAP,all,GE_POS3_SMART,0.8482649126786119,0.9600007971938775,0.9179040373051908,0.9453197405004634,0.892033709651773,11869,11220,0,True,0.009352093689443087,1,True,False,0.158725726671212,0,True
213605,6,bus,a photo of a bus,0.6895391860073999,GE_MAP,all,GE_POS3_CASR,0.8482649126786119,0.9600007971938775,0.9179040373051908,0.9453197405004634,0.892033709651773,11869,11220,0,True,0.009352093689443087,1,True,False,0.158725726671212,0,True
213605,3,car,a photo of a car,0.19152173913043477,GE_MAP,all,GE_MAP,0.19152173913043477,0.7776426977040817,0.32147418354314905,0.19323000438660623,0.955877034358047,13678,2643,8039,False,0.4437479379742659,6,False,False,0.0,-1,False
213605,3,car,a photo of a car,0.19152173913043477,GE_MAP,all,GE_POS3_SAM,0.004374931641693098,0.8185786033163265,0.008711749972775781,0.0062324711748208165,0.014466546112115732,6418,40,6315,False,0.4979891175774781,6,False,False,-0.18714680748874168,1,True
213605,3,car,a photo of a car,0.19152173913043477,GE_MAP,all,GE_POS3_SMART,0.06981173540399971,0.7469308035714286,0.13051218844152288,0.08049666356955824,0.3446654611211573,11839,953,10793,False,0.7935213750550903,6,False,True,-0.12171000372643506,0,True
213605,3,car,a photo of a car,0.19152173913043477,GE_MAP,all,GE_POS3_CASR,0.06981173540399971,0.7469308035714286,0.13051218844152288,0.08049666356955824,0.3446654611211573,11839,953,10793,False,0.7935213750550903,6,False,True,-0.12171000372643506,0,True
375430,51,bowl,a photo of a bowl,0.030020167098818783,GE_MAP,all,GE_MAP,0.030020167098818783,0.6645009566326531,0.058290445289774,0.030264304385710136,0.7881996974281392,17215,521,8881,False,0.2547351763018644,62,False,False,0.0,-1,False
375430,51,bowl,a photo of a bowl,0.030020167098818783,GE_MAP,all,GE_POS3_SAM,0.0,0.8223852040816326,0.0,0.0,0.0,8251,0,7945,False,0.34613175814258756,62,False,False,-0.030020167098818783,0,True
375430,51,bowl,a photo of a bowl,0.030020167098818783,GE_MAP,all,GE_POS3_SMART,0.0,0.8648557079081632,0.0,0.0,0.0,6120,0,5804,False,0.34549052869663555,62,False,False,-0.030020167098818783,2,True
375430,51,bowl,a photo of a bowl,0.030020167098818783,GE_MAP,all,GE_POS3_CASR,0.0,0.8648557079081632,0.0,0.0,0.0,6120,0,5804,False,0.34549052869663555,62,False,False,-0.030020167098818783,2,True
375430,67,dining table,a photo of a dining table,0.2752597898197616,GE_MAP,all,GE_MAP,0.2752597898197616,0.5079520089285714,0.4316921022949612,0.4818602261048304,0.39098528124087895,19460,9377,5194,True,0.2299915378791253,62,True,False,0.0,-1,False
375430,67,dining table,a photo of a dining table,0.2752597898197616,GE_MAP,all,GE_POS3_SAM,0.13189923577696008,0.5110012755102041,0.23305826456614154,0.4654763391184917,0.15544343910269776,8009,3728,3974,False,0.34235655567549617,62,False,False,-0.14336055404280154,0,True
375430,67,dining table,a photo of a dining table,0.2752597898197616,GE_MAP,all,GE_POS3_SMART,0.06655490958376431,0.47841597576530615,0.12480353141825234,0.3152027027027027,0.07780511195430097,5920,1866,3725,False,0.387306593081699,62,False,False,-0.20870488023599731,2,True
375430,67,dining table,a photo of a dining table,0.2752597898197616,GE_MAP,all,GE_POS3_CASR,0.06655490958376431,0.47841597576530615,0.12480353141825234,0.3152027027027027,0.07780511195430097,5920,1866,3725,False,0.387306593081699,62,False,False,-0.20870488023599731,2,True
419408,15,bench,a photo of a bench,0.09767563332462784,GE_MAP,all,GE_MAP,0.09767563332462784,0.7245695153061225,0.17796811801094456,0.09786732958262462,0.9803407601572739,15286,1496,2068,False,0.10453311297367489,1,False,False,0.0,-1,False
419408,15,bench,a photo of a bench,0.09767563332462784,GE_MAP,all,GE_POS3_SAM,0.4394856278366112,0.9704639668367347,0.6106148187073043,0.5096491228070176,0.7614678899082569,2280,1162,171,True,0.0691533948030176,41,True,False,0.34180999451198335,1,True
419408,15,bench,a photo of a bench,0.09767563332462784,GE_MAP,all,GE_POS3_SMART,0.4394856278366112,0.9704639668367347,0.6106148187073043,0.5096491228070176,0.7614678899082569,2280,1162,171,True,0.0691533948030176,41,True,False,0.34180999451198335,1,True
419408,15,bench,a photo of a bench,0.09767563332462784,GE_MAP,all,GE_POS3_CASR,0.4394856278366112,0.9704639668367347,0.6106148187073043,0.5096491228070176,0.7614678899082569,2280,1162,171,True,0.0691533948030176,41,True,False,0.34180999451198335,1,True
419408,1,person,a photo of a person,0.14885677454372753,GE_MAP,all,GE_MAP,0.14885677454372753,0.7499800701530612,0.2591389594283352,0.16244632015400562,0.6402100962941348,13506,2194,620,True,0.020255009107468126,3,True,False,0.0,-1,False
419408,1,person,a photo of a person,0.14885677454372753,GE_MAP,all,GE_POS3_SAM,0.7001078748651565,0.9778380102040817,0.8236040609137056,0.9023288147375739,0.7575138605194047,2877,2596,73,True,0.0277505713352922,41,True,False,0.5512511003214289,0,True
419408,1,person,a photo of a person,0.14885677454372753,GE_MAP,all,GE_POS3_SMART,0.7001078748651565,0.9778380102040817,0.8236040609137056,0.9023288147375739,0.7575138605194047,2877,2596,73,True,0.0277505713352922,41,True,False,0.5512511003214289,0,True
419408,1,person,a photo of a person,0.14885677454372753,GE_MAP,all,GE_POS3_CASR,0.7001078748651565,0.9778380102040817,0.8236040609137056,0.9023288147375739,0.7575138605194047,2877,2596,73,True,0.0277505713352922,41,True,False,0.5512511003214289,0,True
7281,1,person,a photo of a person,0.08545910171560753,GE_MAP,all,GE_MAP,0.08545910171560753,0.7163384885204082,0.15746167051441426,0.09229061133856083,0.5358581788879936,14411,1330,710,True,0.041135573580533026,19,True,False,0.0,-1,False
7281,1,person,a photo of a person,0.08545910171560753,GE_MAP,all,GE_POS3_SAM,0.00066730926076963,0.4627710459183674,0.0013337285121517487,0.0007343941248470012,0.007252215954875101,24510,18,8,True,0.00028509318983642776,19,True,False,-0.0847917924548379,0,True
7281,1,person,a photo of a person,0.08545910171560753,GE_MAP,all,GE_POS3_SMART,0.798402434385698,0.9894371811224489,0.887901861252115,0.9345503116651825,0.8456889605157132,2246,2099,0,True,0.0006895362868470954,19,True,False,0.7129433326700905,1,True
7281,1,person,a photo of a person,0.08545910171560753,GE_MAP,all,GE_POS3_CASR,0.798402434385698,0.9894371811224489,0.887901861252115,0.9345503116651825,0.8456889605157132,2246,2099,0,True,0.0006895362868470954,19,True,False,0.7129433326700905,1,True
7281,19,horse,a photo of a horse,0.402690790999768,GE_MAP,all,GE_MAP,0.402690790999768,0.8973612882653061,0.5741690094261618,0.40679554774458115,0.9755549311604383,8535,3472,685,True,0.06712514529252228,1,True,False,0.0,-1,False
7281,19,horse,a photo of a horse,0.402690790999768,GE_MAP,all,GE_POS3_SAM,0.6470115250603056,0.9737523915816326,0.7856794141578519,0.9334880123743233,0.678280415847148,2586,2414,5,True,0.0009875567845151097,1,True,False,0.24432073406053756,1,True
7281,19,horse,a photo of a horse,0.402690790999768,GE_MAP,all,GE_POS3_SMART,0.7245657568238213,0.9756656568877551,0.8402877697841726,0.7860988742046011,0.9025007024445069,4086,3212,384,True,0.06295517073960187,1,True,False,0.3218749658240533,0,True
7281,19,horse,a photo of a horse,0.402690790999768,GE_MAP,all,GE_POS3_CASR,0.7245657568238213,0.9756656568877551,0.8402877697841726,0.7860988742046011,0.9025007024445069,4086,3212,384,True,0.06295517073960187,1,True,False,0.3218749658240533,0,True
367095,1,person,a photo of a person,0.4362764021397452,GE_MAP,all,GE_MAP,0.4362764021397452,0.7962771045918368,0.6075103670711104,0.47945454545454547,0.8288977367979883,16500,7911,2395,True,0.0747455106942697,72,True,False,0.0,-1,False
367095,1,person,a photo of a person,0.4362764021397452,GE_MAP,all,GE_POS3_SAM,0.20356111645813282,0.7691127232142857,0.33826469412235105,0.3718447821172925,0.31024727577535627,7963,2961,1958,True,0.18088658606793323,72,True,False,-0.2327152856816124,0,True
367095,1,person,a photo of a person,0.4362764021397452,GE_MAP,all,GE_POS3_SMART,0.20356111645813282,0.7691127232142857,0.33826469412235105,0.3718447821172925,0.31024727577535627,7963,2961,1958,True,0.18088658606793323,72,True,False,-0.2327152856816124,0,True
367095,1,person,a photo of a person,0.4362764021397452,GE_MAP,all,GE_POS3_CASR,0.20356111645813282,0.7691127232142857,0.33826469412235105,0.3718447821172925,0.31024727577535627,7963,2961,1958,True,0.18088658606793323,72,True,False,-0.2327152856816124,0,True
367095,72,tv,a photo of a tv,0.0772763262074426,GE_MAP,all,GE_MAP,0.0772763262074426,0.6516063456632653,0.14346611788916655,0.08081254139986752,0.6384648931530745,18116,1464,5083,False,0.08474842150672575,1,False,False,0.0,-1,False
367095,72,tv,a photo of a tv,0.0772763262074426,GE_MAP,all,GE_POS3_SAM,0.5476978633764671,0.9700454400510204,0.7077581178300603,0.6385964912280702,0.793720017444396,2850,1820,56,True,0.0056213611724553305,67,True,False,0.47042153716902446,1,True
367095,72,tv,a photo of a tv,0.0772763262074426,GE_MAP,all,GE_POS3_SMART,0.49224710804824023,0.9588847257653061,0.6597394029358403,0.5305039787798409,0.8722197993894462,3770,2000,403,True,0.06713462922966162,67,True,False,0.4149707818407976,0,True
367095,72,tv,a photo of a tv,0.0772763262074426,GE_MAP,all,GE_POS3_CASR,0.49224710804824023,0.9588847257653061,0.6597394029358403,0.5305039787798409,0.8722197993894462,3770,2000,403,True,0.06713462922966162,67,True,False,0.4149707818407976,0,True
434297,57,carrot,a photo of a carrot,0.2274819197896121,GE_MAP,all,GE_MAP,0.2274819197896121,0.8126594387755102,0.3706480985538297,0.2274819197896121,1.0,12168,2768,4740,False,0.18337502405233788,54,True,False,0.0,-1,False
434297,57,carrot,a photo of a carrot,0.2274819197896121,GE_MAP,all,GE_POS3_SAM,0.8534785664089951,0.9916892538265306,0.9209478672985782,0.96888711607499,0.877528901734104,2507,2429,10,True,0.002656748140276302,56,True,False,0.625996646619383,2,True
434297,57,carrot,a photo of a carrot,0.2274819197896121,GE_MAP,all,GE_POS3_SMART,0.8534785664089951,0.9916892538265306,0.9209478672985782,0.96888711607499,0.877528901734104,2507,2429,10,True,0.002656748140276302,56,True,False,0.625996646619383,2,True
434297,57,carrot,a photo of a carrot,0.2274819197896121,GE_MAP,all,GE_POS3_CASR,0.8534785664089951,0.9916892538265306,0.9209478672985782,0.96888711607499,0.877528901734104,2507,2429,10,True,0.002656748140276302,56,True,False,0.625996646619383,2,True
434297,54,sandwich,a photo of a sandwich,0.48594881699662,GE_MAP,all,GE_MAP,0.48594881699662,0.7878268494897959,0.6540586209137583,0.5486860756733181,0.8095238095238095,18342,10064,3098,True,0.12072626884688893,57,True,False,0.0,-1,False
434297,54,sandwich,a photo of a sandwich,0.48594881699662,GE_MAP,all,GE_POS3_SAM,0.1962070327933623,0.7972735969387755,0.3280486193684767,0.9175905395417591,0.19972651222651222,2706,2483,2,True,0.0003654970760233918,57,True,False,-0.2897417842032577,2,True
434297,54,sandwich,a photo of a sandwich,0.48594881699662,GE_MAP,all,GE_POS3_SMART,0.27996845425867506,0.8180404974489796,0.4374614910659273,0.9347024749868352,0.28555341055341055,3798,3550,2,True,0.0003046922608165753,57,True,False,-0.20598036273794496,1,True
434297,54,sandwich,a photo of a sandwich,0.48594881699662,GE_MAP,all,GE_POS3_CASR,0.27996845425867506,0.8180404974489796,0.4374614910659273,0.9347024749868352,0.28555341055341055,3798,3550,2,True,0.0003046922608165753,57,True,False,-0.20598036273794496,1,True
400573,60,donut,a photo of a donut,0.45482904916396305,GE_MAP,all,GE_MAP,0.45482904916396305,0.9129264987244898,0.6252680332790119,0.45482904916396305,1.0,8014,3645,3217,True,0.08552795962220779,1,True,False,0.0,-1,False
400573,60,donut,a photo of a donut,0.45482904916396305,GE_MAP,all,GE_POS3_SAM,0.9230356663984982,0.9942801339285714,0.959977687909636,0.9761769710720363,0.9443072702331962,3526,3442,6,True,0.0030898370110976647,1,True,False,0.46820661723453516,1,True
400573,60,donut,a photo of a donut,0.45482904916396305,GE_MAP,all,GE_POS3_SMART,0.9230356663984982,0.9942801339285714,0.959977687909636,0.9761769710720363,0.9443072702331962,3526,3442,6,True,0.0030898370110976647,1,True,False,0.46820661723453516,1,True
400573,60,donut,a photo of a donut,0.45482904916396305,GE_MAP,all,GE_POS3_CASR,0.9230356663984982,0.9942801339285714,0.959977687909636,0.9761769710720363,0.9443072702331962,3526,3442,6,True,0.0030898370110976647,1,True,False,0.46820661723453516,1,True
400573,1,person,a photo of a person,0.5230259585098295,GE_MAP,all,GE_MAP,0.5230259585098295,0.6499123086734694,0.6868247459440185,0.932378140277845,0.5436482176624989,20659,19262,268,True,0.012329223592135955,60,True,False,0.0,-1,False
400573,1,person,a photo of a person,0.5230259585098295,GE_MAP,all,GE_POS3_SAM,0.4540305993068665,0.6138193558673469,0.6245131285728127,0.9962903425250402,0.4547994693912111,16174,16114,0,True,0.0019716885743174925,60,True,False,-0.06899535920296296,2,True
400573,1,person,a photo of a person,0.5230259585098295,GE_MAP,all,GE_POS3_SMART,0.4540305993068665,0.6138193558673469,0.6245131285728127,0.9962903425250402,0.4547994693912111,16174,16114,0,True,0.0019716885743174925,60,True,False,-0.06899535920296296,2,True
400573,1,person,a photo of a person,0.5230259585098295,GE_MAP,all,GE_POS3_CASR,0.4540305993068665,0.6138193558673469,0.6245131285728127,0.9962903425250402,0.4547994693912111,16174,16114,0,True,0.0019716885743174925,60,True,False,-0.06899535920296296,2,True
368900,72,tv,a photo of a tv,0.19099508134695423,GE_MAP,all,GE_MAP,0.19099508134695423,0.7869300063775511,0.3207319397674566,0.19642023346303503,0.8736587054344064,12850,2524,505,True,0.015609381007304883,27,True,False,0.0,-1,False
368900,72,tv,a photo of a tv,0.19099508134695423,GE_MAP,all,GE_POS3_SAM,0.47767393561786087,0.9699258609693877,0.6465214335910049,1.0,0.47767393561786087,1380,1380,0,True,0.0,-1,True,False,0.28667885427090667,2,True
368900,72,tv,a photo of a tv,0.19099508134695423,GE_MAP,all,GE_POS3_SMART,0.9159635504556193,0.9950374681122449,0.9561388057072397,0.9734576757532282,0.9394254067151263,2788,2714,0,True,0.0,-1,True,False,0.7249684691086651,0,True
368900,72,tv,a photo of a tv,0.19099508134695423,GE_MAP,all,GE_POS3_CASR,0.9159635504556193,0.9950374681122449,0.9561388057072397,0.9734576757532282,0.9394254067151263,2788,2714,0,True,0.0,-1,True,False,0.7249684691086651,0,True
368900,82,refrigerator,a photo of a refrigerator,0.02345763425024983,GE_MAP,all,GE_MAP,0.02345763425024983,0.6299625318877551,0.04583997122154273,0.02439691482960451,0.37860780984719866,18281,446,2402,False,0.11644341314207363,72,False,False,0.0,-1,False
368900,82,refrigerator,a photo of a refrigerator,0.02345763425024983,GE_MAP,all,GE_POS3_SAM,0.0003532944709415298,0.8872169961734694,0.0007063393960798164,0.0004459308807134894,0.001697792869269949,4485,2,131,False,0.022016806722689075,62,False,False,-0.0231043397793083,2,True
368900,82,refrigerator,a photo of a refrigerator,0.02345763425024983,GE_MAP,all,GE_POS3_SMART,0.0003532944709415298,0.8872169961734694,0.0007063393960798164,0.0004459308807134894,0.001697792869269949,4485,2,131,False,0.022016806722689075,62,False,False,-0.0231043397793083,2,True
368900,82,refrigerator,a photo of a refrigerator,0.02345763425024983,GE_MAP,all,GE_POS3_CASR,0.0003532944709415298,0.8872169961734694,0.0007063393960798164,0.0004459308807134894,0.001697792869269949,4485,2,131,False,0.022016806722689075,62,False,False,-0.0231043397793083,2,True
434204,15,bench,a photo of a bench,0.02473021582733813,GE_MAP,all,GE_MAP,0.02473021582733813,0.6109494579081632,0.04826678367705134,0.025264124942581533,0.5392156862745098,19593,495,1999,False,0.04549814992462656,1,False,False,0.0,-1,False
434204,15,bench,a photo of a bench,0.02473021582733813,GE_MAP,all,GE_POS3_SAM,0.0013590033975084937,0.7363879145408163,0.0027143180275955667,0.0014580801944106927,0.0196078431372549,12345,18,4,True,0.000171939477303989,1,True,False,-0.023371212429829636,1,True
434204,15,bench,a photo of a bench,0.02473021582733813,GE_MAP,all,GE_POS3_SMART,0.0013590033975084937,0.7363879145408163,0.0027143180275955667,0.0014580801944106927,0.0196078431372549,12345,18,4,True,0.000171939477303989,1,True,False,-0.023371212429829636,1,True
434204,15,bench,a photo of a bench,0.02473021582733813,GE_MAP,all,GE_POS3_CASR,0.0013590033975084937,0.7363879145408163,0.0027143180275955667,0.0014580801944106927,0.0196078431372549,12345,18,4,True,0.000171939477303989,1,True,False,-0.023371212429829636,1,True
434204,1,person,a photo of a person,0.1991026873597949,GE_MAP,all,GE_MAP,0.1991026873597949,0.6513472576530612,0.33208613317043373,0.2848254633571288,0.3981506912020507,15269,4349,711,True,0.02698277555832078,41,True,False,0.0,-1,False
434204,1,person,a photo of a person,0.1991026873597949,GE_MAP,all,GE_POS3_SAM,0.008167932696234583,0.7579918686224489,0.016203516163007373,0.07042253521126761,0.009154994049253868,1420,100,70,True,0.039727582292849034,41,False,False,-0.1909347546635603,1,True
434204,1,person,a photo of a person,0.1991026873597949,GE_MAP,all,GE_POS3_SMART,0.013741891430522363,0.7697106186224489,0.027111223372905616,0.16876310272536688,0.014739540419298728,954,161,172,False,0.17758620689655172,41,False,False,-0.18536079592927251,2,True
434204,1,person,a photo of a person,0.1991026873597949,GE_MAP,all,GE_POS3_CASR,0.013741891430522363,0.7697106186224489,0.027111223372905616,0.16876310272536688,0.014739540419298728,954,161,172,False,0.17758620689655172,41,False,False,-0.18536079592927251,2,True
213593,3,car,a photo of a car,0.22182390487015827,GE_MAP,all,GE_MAP,0.22182390487015827,0.822624362244898,0.3631029053957349,0.22242679291600911,0.9879283489096573,11406,2537,3318,False,0.27766410912190964,13,False,False,0.0,-1,False
213593,3,car,a photo of a car,0.22182390487015827,GE_MAP,all,GE_POS3_SAM,0.25800231392209794,0.9616549744897959,0.41017780502759044,0.9639769452449568,0.2605140186915888,694,669,0,True,0.0,-1,True,False,0.03617840905193967,1,True
213593,3,car,a photo of a car,0.22182390487015827,GE_MAP,all,GE_POS3_SMART,0.25800231392209794,0.9616549744897959,0.41017780502759044,0.9639769452449568,0.2605140186915888,694,669,0,True,0.0,-1,True,False,0.03617840905193967,1,True
213593,3,car,a photo of a car,0.22182390487015827,GE_MAP,all,GE_POS3_CASR,0.25800231392209794,0.9616549744897959,0.41017780502759044,0.9639769452449568,0.2605140186915888,694,669,0,True,0.0,-1,True,False,0.03617840905193967,1,True
213593,13,stop sign,a photo of a stop sign,0.3305029995385325,GE_MAP,all,GE_MAP,0.3305029995385325,0.8554288903061225,0.49680910099889014,0.3305029995385325,1.0,10835,3581,544,True,0.039798293250581845,3,True,False,0.0,-1,False
213593,13,stop sign,a photo of a stop sign,0.3305029995385325,GE_MAP,all,GE_POS3_SAM,0.9551593733117234,0.9966916454081632,0.9770654877037855,0.9669127700300792,0.987433677743647,3657,3536,0,True,0.0,-1,True,False,0.6246563737731909,1,True
213593,13,stop sign,a photo of a stop sign,0.3305029995385325,GE_MAP,all,GE_POS3_SMART,0.9551593733117234,0.9966916454081632,0.9770654877037855,0.9669127700300792,0.987433677743647,3657,3536,0,True,0.0,-1,True,False,0.6246563737731909,1,True
213593,13,stop sign,a photo of a stop sign,0.3305029995385325,GE_MAP,all,GE_POS3_CASR,0.9551593733117234,0.9966916454081632,0.9770654877037855,0.9669127700300792,0.987433677743647,3657,3536,0,True,0.0,-1,True,False,0.6246563737731909,1,True
60449,73,laptop,a photo of a laptop,0.4371004858092559,GE_MAP,all,GE_MAP,0.4371004858092559,0.9122488839285714,0.6083088693176764,0.43760399334442596,0.9973745624270712,7813,3419,1172,True,0.14258142340168878,67,True,False,0.0,-1,False
60449,73,laptop,a photo of a laptop,0.4371004858092559,GE_MAP,all,GE_POS3_SAM,0.9593073593073593,0.9971898915816326,0.9792311091471498,0.9889913716155906,0.969661610268378,3361,3324,13,True,0.004401760704281713,67,True,False,0.5222068734981034,1,True
60449,73,laptop,a photo of a laptop,0.4371004858092559,GE_MAP,all,GE_POS3_SMART,0.9593073593073593,0.9971898915816326,0.9792311091471498,0.9889913716155906,0.969661610268378,3361,3324,13,True,0.004401760704281713,67,True,False,0.5222068734981034,1,True
60449,73,laptop,a photo of a laptop,0.4371004858092559,GE_MAP,all,GE_POS3_CASR,0.9593073593073593,0.9971898915816326,0.9792311091471498,0.9889913716155906,0.969661610268378,3361,3324,13,True,0.004401760704281713,67,True,False,0.5222068734981034,1,True
60449,62,chair,a photo of a chair,0.06923958184161536,GE_MAP,all,GE_MAP,0.06923958184161536,0.7409319196428571,0.1295118194602558,0.06957335060076264,0.9352030947775629,13899,967,4397,False,0.1922521158742173,73,False,False,0.0,-1,False
60449,62,chair,a photo of a chair,0.06923958184161536,GE_MAP,all,GE_POS3_SAM,0.0,0.8257134885204082,0.0,0.0,0.0,7711,0,4553,False,0.43340625402136146,73,False,False,-0.06923958184161536,0,True
60449,62,chair,a photo of a chair,0.06923958184161536,GE_MAP,all,GE_POS3_SMART,0.0,0.8257134885204082,0.0,0.0,0.0,7711,0,4553,False,0.43340625402136146,73,False,False,-0.06923958184161536,0,True
60449,62,chair,a photo of a chair,0.06923958184161536,GE_MAP,all,GE_POS3_CASR,0.0,0.8257134885204082,0.0,0.0,0.0,7711,0,4553,False,0.43340625402136146,73,False,False,-0.06923958184161536,0,True
119677,61,cake,a photo of a cake,0.3031819618586029,GE_MAP,all,GE_MAP,0.3031819618586029,0.7363879145408163,0.46529490237296356,0.30874463519313305,0.9439068394292275,18640,5755,0,True,0.0,-1,True,False,0.0,-1,False
119677,61,cake,a photo of a cake,0.3031819618586029,GE_MAP,all,GE_POS3_SAM,0.9549991818033056,0.9945192920918368,0.9769816690382522,0.9976068376068377,0.9571920616696736,5850,5836,0,True,0.0,-1,True,False,0.6518172199447027,1,True
119677,61,cake,a photo of a cake,0.3031819618586029,GE_MAP,all,GE_POS3_SMART,0.20297501531758458,0.5333426339285714,0.33745508050140066,0.20390507454520584,0.978021978021978,29244,5963,113,True,0.003723351675508254,48,True,False,-0.10020694654101833,0,True
119677,61,cake,a photo of a cake,0.3031819618586029,GE_MAP,all,GE_POS3_CASR,0.20297501531758458,0.5333426339285714,0.33745508050140066,0.20390507454520584,0.978021978021978,29244,5963,113,True,0.003723351675508254,48,True,False,-0.10020694654101833,0,True
119677,48,fork,a photo of a fork,0.09802028005794303,GE_MAP,all,GE_MAP,0.09802028005794303,0.7766262755102041,0.1785400175901495,0.09802028005794303,1.0,12426,1218,4460,False,0.3171442793145133,61,False,False,0.0,-1,False
119677,48,fork,a photo of a fork,0.09802028005794303,GE_MAP,all,GE_POS3_SAM,0.755004003202562,0.9939014668367347,0.8604014598540146,0.9681724845995893,0.7742200328407225,974,943,0,True,0.0,-1,True,False,0.656983723144619,1,True
119677,48,fork,a photo of a fork,0.09802028005794303,GE_MAP,all,GE_POS3_SMART,0.755004003202562,0.9939014668367347,0.8604014598540146,0.9681724845995893,0.7742200328407225,974,943,0,True,0.0,-1,True,False,0.656983723144619,1,True
119677,48,fork,a photo of a fork,0.09802028005794303,GE_MAP,all,GE_POS3_CASR,0.755004003202562,0.9939014668367347,0.8604014598540146,0.9681724845995893,0.7742200328407225,974,943,0,True,0.0,-1,True,False,0.656983723144619,1,True
16451,42,surfboard,a photo of a surfboard,0.16310442909386427,GE_MAP,all,GE_MAP,0.16310442909386427,0.7947624362244898,0.2804639463387367,0.16321053915589168,0.996029776674938,12297,2007,1400,True,0.07291903786326732,31,True,False,0.0,-1,False
16451,42,surfboard,a photo of a surfboard,0.16310442909386427,GE_MAP,all,GE_POS3_SAM,0.9321074964639321,0.9971301020408163,0.9648609077598829,0.9491118578972636,0.9811414392059553,2083,1977,0,True,0.0,-1,True,False,0.7690030673700678,2,True
16451,42,surfboard,a photo of a surfboard,0.16310442909386427,GE_MAP,all,GE_POS3_SMART,0.7702177293934681,0.9882214604591837,0.8701954755106523,0.7805358550039401,0.9831265508684863,2538,1981,0,True,0.0,-1,True,False,0.6071133002996039,1,True
16451,42,surfboard,a photo of a surfboard,0.16310442909386427,GE_MAP,all,GE_POS3_CASR,0.7702177293934681,0.9882214604591837,0.8701954755106523,0.7805358550039401,0.9831265508684863,2538,1981,0,True,0.0,-1,True,False,0.6071133002996039,1,True
16451,62,chair,a photo of a chair,0.0769916103645408,GE_MAP,all,GE_MAP,0.0769916103645408,0.7522321428571429,0.1429753205570109,0.07703164462932699,0.9932950191570882,13462,1037,2917,False,0.10921872735179011,31,False,False,0.0,-1,False
16451,62,chair,a photo of a chair,0.0769916103645408,GE_MAP,all,GE_POS3_SAM,0.024020100502512562,0.8064612563775511,0.046913337913436055,0.026134499726626573,0.2289272030651341,9145,239,40,True,0.003755476736907991,28,True,False,-0.05297150986202824,0,True
16451,62,chair,a photo of a chair,0.0769916103645408,GE_MAP,all,GE_POS3_SMART,0.44761480160499334,0.9753069196428571,0.6184170003079766,0.4557421697684975,0.9616858237547893,2203,1004,85,True,0.011752938234558639,31,True,False,0.3706231912404525,2,True
16451,62,chair,a photo of a chair,0.0769916103645408,GE_MAP,all,GE_POS3_CASR,0.44761480160499334,0.9753069196428571,0.6184170003079766,0.4557421697684975,0.9616858237547893,2203,1004,85,True,0.011752938234558639,31,True,False,0.3706231912404525,2,True
578545,62,chair,a photo of a chair,0.1047068333022446,GE_MAP,all,GE_MAP,0.1047068333022446,0.7130301339285714,0.18956492373501435,0.1094074844074844,0.7090526315789474,15392,1684,11132,False,0.2212955779674166,65,False,False,0.0,-1,False
578545,62,chair,a photo of a chair,0.1047068333022446,GE_MAP,all,GE_POS3_SAM,0.327047913446677,0.9566127232142857,0.4928954111344048,0.5516162669447341,0.4454736842105263,1918,1058,826,True,0.03667690208120095,65,True,False,0.22234108014443238,1,True
578545,62,chair,a photo of a chair,0.1047068333022446,GE_MAP,all,GE_POS3_SMART,0.327047913446677,0.9566127232142857,0.4928954111344048,0.5516162669447341,0.4454736842105263,1918,1058,826,True,0.03667690208120095,65,True,False,0.22234108014443238,1,True
578545,62,chair,a photo of a chair,0.1047068333022446,GE_MAP,all,GE_POS3_CASR,0.327047913446677,0.9566127232142857,0.4928954111344048,0.5516162669447341,0.4454736842105263,1918,1058,826,True,0.03667690208120095,65,True,False,0.22234108014443238,1,True
578545,1,person,a photo of a person,0.4084156705589719,GE_MAP,all,GE_MAP,0.4084156705589719,0.8293606505102041,0.5799646781789639,0.4680497268192256,0.7622179239200516,12629,5911,5117,True,0.16069327895851307,84,True,False,0.0,-1,False
578545,1,person,a photo of a person,0.4084156705589719,GE_MAP,all,GE_POS3_SAM,0.8243826818735467,0.968391262755102,0.9037387715464918,0.8536865038413026,0.9600257898130239,8721,7445,1059,True,0.03606633808445451,65,True,False,0.4159670113145748,1,True
578545,1,person,a photo of a person,0.4084156705589719,GE_MAP,all,GE_POS3_SMART,0.8080525352567554,0.9644650829081632,0.8938374516225067,0.8303097345132744,0.9678916827852998,9040,7506,1286,True,0.043804589684832786,65,True,False,0.3996368646977835,0,True
578545,1,person,a photo of a person,0.4084156705589719,GE_MAP,all,GE_POS3_CASR,0.8080525352567554,0.9644650829081632,0.8938374516225067,0.8303097345132744,0.9678916827852998,9040,7506,1286,True,0.043804589684832786,65,True,False,0.3996368646977835,0,True
496954,55,orange,a photo of a orange,0.19429637526652452,GE_MAP,all,GE_MAP,0.19429637526652452,0.8795041454081632,0.3253738004909618,0.19434817382031458,0.9986301369863013,7502,1458,5414,False,0.35627883776031927,51,False,False,0.0,-1,False
496954,55,orange,a photo of a orange,0.19429637526652452,GE_MAP,all,GE_POS3_SAM,0.5907368421052631,0.9806281887755102,0.7427210164107994,0.6052631578947368,0.9609589041095891,2318,1403,910,True,0.341503653075654,51,True,False,0.39644046683873857,1,True
496954,55,orange,a photo of a orange,0.19429637526652452,GE_MAP,all,GE_POS3_SMART,0.5907368421052631,0.9806281887755102,0.7427210164107994,0.6052631578947368,0.9609589041095891,2318,1403,910,True,0.341503653075654,51,True,False,0.39644046683873857,1,True
496954,55,orange,a photo of a orange,0.19429637526652452,GE_MAP,all,GE_POS3_CASR,0.5907368421052631,0.9806281887755102,0.7427210164107994,0.6052631578947368,0.9609589041095891,2318,1403,910,True,0.341503653075654,51,True,False,0.39644046683873857,1,True
496954,48,fork,a photo of a fork,0.08156540840511012,GE_MAP,all,GE_MAP,0.08156540840511012,0.6833545918367347,0.15082843399251736,0.08162202811361138,0.9915671117357695,17287,1411,12357,False,0.5998680270037055,61,False,True,0.0,-1,False
496954,48,fork,a photo of a fork,0.08156540840511012,GE_MAP,all,GE_POS3_SAM,0.16671723300970873,0.8905253507653061,0.2857885840592901,0.17533503509891513,0.7723120168657766,6268,1099,2047,False,0.11093047200997128,61,True,False,0.08515182460459861,1,True
496954,48,fork,a photo of a fork,0.08156540840511012,GE_MAP,all,GE_POS3_SMART,0.18936133585815115,0.9061503507653061,0.3184252424374005,0.2005103900838498,0.7730147575544624,5486,1100,2153,False,0.12257329917449473,61,True,False,0.10779592745304103,0,True
496954,48,fork,a photo of a fork,0.08156540840511012,GE_MAP,all,GE_POS3_CASR,0.18936133585815115,0.9061503507653061,0.3184252424374005,0.2005103900838498,0.7730147575544624,5486,1100,2153,False,0.12257329917449473,61,True,False,0.10779592745304103,0,True
397133,67,dining table,a photo of a dining table,0.3296667613751674,GE_MAP,all,GE_MAP,0.3296667613751674,0.6708585778061225,0.4958637321041546,0.3734596284715836,0.7376260103532831,21748,8122,3433,True,0.08245320719324715,1,True,False,0.0,-1,False
397133,67,dining table,a photo of a dining table,0.3296667613751674,GE_MAP,all,GE_POS3_SAM,0.1499410751518448,0.813117825255102,0.2607804493496255,0.98805256869773,0.15021342294069567,1674,1654,0,True,0.01693227091633466,51,True,False,-0.17972568622332263,1,True
397133,67,dining table,a photo of a dining table,0.3296667613751674,GE_MAP,all,GE_POS3_SMART,0.1499410751518448,0.813117825255102,0.2607804493496255,0.98805256869773,0.15021342294069567,1674,1654,0,True,0.01693227091633466,51,True,False,-0.17972568622332263,1,True
397133,67,dining table,a photo of a dining table,0.3296667613751674,GE_MAP,all,GE_POS3_CASR,0.1499410751518448,0.813117825255102,0.2607804493496255,0.98805256869773,0.15021342294069567,1674,1654,0,True,0.01693227091633466,51,True,False,-0.17972568622332263,1,True
397133,1,person,a photo of a person,0.19219118142039718,GE_MAP,all,GE_MAP,0.19219118142039718,0.7130102040816326,0.32241671372106157,0.20820419325432998,0.7141963727329581,16455,3426,5414,False,0.2343714889218462,67,False,False,0.0,-1,False
397133,1,person,a photo of a person,0.19219118142039718,GE_MAP,all,GE_POS3_SAM,0.00024914874179885393,0.7600845025510204,0.0004981733643307871,0.0004139643990616807,0.0006253908692933083,7247,3,4687,False,0.33445402718900746,67,False,False,-0.19194203267859833,0,True
397133,1,person,a photo of a person,0.19219118142039718,GE_MAP,all,GE_POS3_SMART,0.00046533271288971617,0.7859534438775511,0.0009302325581395349,0.0008399126490844952,0.0010423181154888472,5953,5,3474,False,0.25186333111947456,67,False,False,-0.19172584870750747,1,True
397133,1,person,a photo of a person,0.19219118142039718,GE_MAP,all,GE_POS3_CASR,0.00046533271288971617,0.7859534438775511,0.0009302325581395349,0.0008399126490844952,0.0010423181154888472,5953,5,3474,False,0.25186333111947456,67,False,False,-0.19172584870750747,1,True
121586,84,book,a photo of a book,0.3068172841456671,GE_MAP,all,GE_MAP,0.3068172841456671,0.8251155931122449,0.46956416611255514,0.32485781197724994,0.8467407891868324,11956,3884,165,True,0.0094151212553495,72,True,False,0.0,-1,False
121586,84,book,a photo of a book,0.3068172841456671,GE_MAP,all,GE_POS3_SAM,0.27419623521572545,0.9131656568877551,0.430383056608707,0.5375571521881124,0.35884020056681926,3062,1646,0,True,0.0,-1,True,False,-0.032621048929941665,1,True
121586,84,book,a photo of a book,0.3068172841456671,GE_MAP,all,GE_POS3_SMART,0.27419623521572545,0.9131656568877551,0.430383056608707,0.5375571521881124,0.35884020056681926,3062,1646,0,True,0.0,-1,True,False,-0.032621048929941665,1,True
121586,84,book,a photo of a book,0.3068172841456671,GE_MAP,all,GE_POS3_CASR,0.27419623521572545,0.9131656568877551,0.430383056608707,0.5375571521881124,0.35884020056681926,3062,1646,0,True,0.0,-1,True,False,-0.032621048929941665,1,True
121586,72,tv,a photo of a tv,0.3396151714308338,GE_MAP,all,GE_MAP,0.3396151714308338,0.8337850765306123,0.5070339283603262,0.3834942775393419,0.7479944192535751,11184,4289,562,True,0.03695180485239003,84,True,False,0.0,-1,False
121586,72,tv,a photo of a tv,0.3396151714308338,GE_MAP,all,GE_POS3_SAM,0.9504019155122285,0.9942203443877551,0.9745703262013329,0.9800705467372134,0.9691314963376352,5670,5557,0,True,0.06666666666666667,17,True,False,0.6107867440813948,0,True
121586,72,tv,a photo of a tv,0.3396151714308338,GE_MAP,all,GE_POS3_SMART,0.9504019155122285,0.9942203443877551,0.9745703262013329,0.9800705467372134,0.9691314963376352,5670,5557,0,True,0.06666666666666667,17,True,False,0.6107867440813948,0,True
121586,72,tv,a photo of a tv,0.3396151714308338,GE_MAP,all,GE_POS3_CASR,0.9504019155122285,0.9942203443877551,0.9745703262013329,0.9800705467372134,0.9691314963376352,5670,5557,0,True,0.06666666666666667,17,True,False,0.6107867440813948,0,True
27768,1,person,a photo of a person,0.0060500695410292075,GE_MAP,all,GE_MAP,0.0060500695410292075,0.7151426977040817,0.012027372641183382,0.006440151010437486,0.09081419624217119,13509,87,10486,False,0.33986652844369575,6,False,False,0.0,-1,False
27768,1,person,a photo of a person,0.0060500695410292075,GE_MAP,all,GE_POS3_SAM,0.03318438463403651,0.44373804209183676,0.06423710061353807,0.03318438463403651,1.0,28869,958,26212,False,0.9182562229437229,6,False,True,0.027134315093007302,0,True
27768,1,person,a photo of a person,0.0060500695410292075,GE_MAP,all,GE_POS3_SMART,0.03318438463403651,0.44373804209183676,0.06423710061353807,0.03318438463403651,1.0,28869,958,26212,False,0.9182562229437229,6,False,True,0.027134315093007302,0,True
27768,1,person,a photo of a person,0.0060500695410292075,GE_MAP,all,GE_POS3_CASR,0.03318438463403651,0.44373804209183676,0.06423710061353807,0.03318438463403651,1.0,28869,958,26212,False,0.9182562229437229,6,False,True,0.027134315093007302,0,True
27768,6,bus,a photo of a bus,0.6418991883512732,GE_MAP,all,GE_MAP,0.6418991883512732,0.7951211734693877,0.7818984172783977,0.9555590126529766,0.6616517055655297,19284,18427,0,True,0.008871610845295056,1,True,False,0.0,-1,False
27768,6,bus,a photo of a bus,0.6418991883512732,GE_MAP,all,GE_POS3_SAM,0.824397682220189,0.8852439413265306,0.9037477850957841,0.8454898035781309,0.9706283662477558,31972,27032,6,True,0.02996371825347179,1,True,False,0.1824984938689158,0,True
27768,6,bus,a photo of a bus,0.6418991883512732,GE_MAP,all,GE_POS3_SMART,0.9619278482817625,0.9787149234693877,0.9805945199505778,0.9925697049952181,0.9689048473967684,27186,26984,0,True,0.03523872581475759,1,True,False,0.32002865993048923,1,True
27768,6,bus,a photo of a bus,0.6418991883512732,GE_MAP,all,GE_POS3_CASR,0.9619278482817625,0.9787149234693877,0.9805945199505778,0.9925697049952181,0.9689048473967684,27186,26984,0,True,0.03523872581475759,1,True,False,0.32002865993048923,1,True
492905,76,keyboard,a photo of a keyboard,0.03648573027420257,GE_MAP,all,GE_MAP,0.03648573027420257,0.6568478954081632,0.0704027642803153,0.03648573027420257,1.0,17870,652,2323,False,0.11624889719238155,72,False,False,0.0,-1,False
492905,76,keyboard,a photo of a keyboard,0.03648573027420257,GE_MAP,all,GE_POS3_SAM,0.03548126514633692,0.6906489158163265,0.0685309649543927,0.035660754434174366,0.8757668711656442,16012,571,107,True,0.005995503372470647,74,True,False,-0.0010044651278656516,1,True
492905,76,keyboard,a photo of a keyboard,0.03648573027420257,GE_MAP,all,GE_POS3_SMART,0.02492537892002946,0.49868463010204084,0.048638426626323755,0.02493407786567396,0.9861963190184049,25788,643,3117,False,0.11487024057586664,72,False,False,-0.011560351354173111,0,True
492905,76,keyboard,a photo of a keyboard,0.03648573027420257,GE_MAP,all,GE_POS3_CASR,0.02492537892002946,0.49868463010204084,0.048638426626323755,0.02493407786567396,0.9861963190184049,25788,643,3117,False,0.11487024057586664,72,False,False,-0.011560351354173111,0,True
492905,72,tv,a photo of a tv,0.10881811002895499,GE_MAP,all,GE_MAP,0.10881811002895499,0.6626275510204082,0.19627765644288292,0.11863628536991333,0.5680131904369332,17423,2067,151,True,0.004933172718407618,74,True,False,0.0,-1,False
492905,72,tv,a photo of a tv,0.10881811002895499,GE_MAP,all,GE_POS3_SAM,0.01735985533453888,0.6209542410714286,0.03412726626377533,0.02093197109394468,0.09233305853256389,16052,336,0,True,0.0,-1,True,False,-0.09145825469441611,1,True
492905,72,tv,a photo of a tv,0.10881811002895499,GE_MAP,all,GE_POS3_SMART,0.01735985533453888,0.6209542410714286,0.03412726626377533,0.02093197109394468,0.09233305853256389,16052,336,0,True,0.0,-1,True,False,-0.09145825469441611,1,True
492905,72,tv,a photo of a tv,0.10881811002895499,GE_MAP,all,GE_POS3_CASR,0.01735985533453888,0.6209542410714286,0.03412726626377533,0.02093197109394468,0.09233305853256389,16052,336,0,True,0.0,-1,True,False,-0.09145825469441611,1,True
178028,81,sink,a photo of a sink,0.18760880696364568,GE_MAP,all,GE_MAP,0.18760880696364568,0.6837930484693877,0.3159437785634216,0.18807103993429833,0.9870689655172413,19482,3664,758,True,0.018822223343593885,47,True,False,0.0,-1,False
178028,81,sink,a photo of a sink,0.18760880696364568,GE_MAP,all,GE_POS3_SAM,0.7338266889472428,0.9777782206632653,0.8464821699022442,0.8656716417910447,0.828125,3551,3074,0,True,0.0,-1,True,False,0.5462178819835971,2,True
178028,81,sink,a photo of a sink,0.18760880696364568,GE_MAP,all,GE_POS3_SMART,0.8157051282051282,0.9839564732142857,0.8984995586937334,0.8445129177530221,0.9598599137931034,4219,3563,8,True,0.0017801513128615932,44,True,False,0.6280963212414825,1,True
178028,81,sink,a photo of a sink,0.18760880696364568,GE_MAP,all,GE_POS3_CASR,0.8157051282051282,0.9839564732142857,0.8984995586937334,0.8445129177530221,0.9598599137931034,4219,3563,8,True,0.0017801513128615932,44,True,False,0.6280963212414825,1,True
178028,47,cup,a photo of a cup,0.044483538577532046,GE_MAP,all,GE_MAP,0.044483538577532046,0.696906887755102,0.08517805582290663,0.044483538577532046,1.0,15916,708,3946,False,0.22498907820008737,81,False,False,0.0,-1,False
178028,47,cup,a photo of a cup,0.044483538577532046,GE_MAP,all,GE_POS3_SAM,0.0,0.9374202806122449,0.0,0.0,0.0,2432,0,0,False,0.0,-1,False,False,-0.044483538577532046,1,True
178028,47,cup,a photo of a cup,0.044483538577532046,GE_MAP,all,GE_POS3_SMART,0.0,0.9410275829081632,0.0,0.0,0.0,2251,0,0,False,0.0,-1,False,False,-0.044483538577532046,2,True
178028,47,cup,a photo of a cup,0.044483538577532046,GE_MAP,all,GE_POS3_CASR,0.0,0.9410275829081632,0.0,0.0,0.0,2251,0,0,False,0.0,-1,False,False,-0.044483538577532046,2,True
521717,62,chair,a photo of a chair,0.030834494111687982,GE_MAP,all,GE_MAP,0.030834494111687982,0.6949338329081632,0.0598243351145507,0.030875546820516072,0.9586614173228346,15773,487,1820,False,0.09796533534287867,1,False,False,0.0,-1,False
521717,62,chair,a photo of a chair,0.030834494111687982,GE_MAP,all,GE_POS3_SAM,0.01845477146681966,0.7954201211734694,0.03624072857008732,0.019027901015478656,0.3799212598425197,10143,193,52,True,0.0035335689045936395,1,True,False,-0.012379722644868321,0,True
521717,62,chair,a photo of a chair,0.030834494111687982,GE_MAP,all,GE_POS3_SMART,0.024888888888888887,0.9562739158163265,0.04856895056374675,0.03114571746384872,0.11023622047244094,1798,56,0,True,0.0,-1,True,False,-0.005945605222799095,1,True
521717,62,chair,a photo of a chair,0.030834494111687982,GE_MAP,all,GE_POS3_CASR,0.024888888888888887,0.9562739158163265,0.04856895056374675,0.03114571746384872,0.11023622047244094,1798,56,0,True,0.0,-1,True,False,-0.005945605222799095,1,True
521717,1,person,a photo of a person,0.13843686898681554,GE_MAP,all,GE_MAP,0.13843686898681554,0.7108777104591837,0.2432051750221712,0.16027227722772278,0.504,14544,2331,81,True,0.005074786324786325,62,True,False,0.0,-1,False
521717,1,person,a photo of a person,0.13843686898681554,GE_MAP,all,GE_POS3_SAM,0.0032183491228865418,0.12348533163265306,0.006416049159587927,0.0035823305330608744,0.030702702702702703,39639,142,68,True,0.001696649117991966,62,True,False,-0.135218519863929,0,True
521717,1,person,a photo of a person,0.13843686898681554,GE_MAP,all,GE_POS3_SMART,0.002908434459933808,0.8018574617346939,0.0058,0.005395348837209302,0.00627027027027027,5375,29,43,False,0.007363013698630137,62,False,False,-0.13552843452688174,2,True
521717,1,person,a photo of a person,0.13843686898681554,GE_MAP,all,GE_POS3_CASR,0.002908434459933808,0.8018574617346939,0.0058,0.005395348837209302,0.00627027027027027,5375,29,43,False,0.007363013698630137,62,False,False,-0.13552843452688174,2,True
11511,15,bench,a photo of a bench,0.24650197819164335,GE_MAP,all,GE_MAP,0.24650197819164335,0.6887555803571429,0.39550996709889685,0.25906394199077126,0.8356231599607459,19721,5109,2338,True,0.0887985247529434,31,True,False,0.0,-1,False
11511,15,bench,a photo of a bench,0.24650197819164335,GE_MAP,all,GE_POS3_SAM,0.8653500897666068,0.982063137755102,0.9278152069297402,0.9102927289896129,0.9460255152109912,6354,5784,0,True,0.0,-1,True,False,0.6188481115749634,1,True
11511,15,bench,a photo of a bench,0.24650197819164335,GE_MAP,all,GE_POS3_SMART,0.4651680038128525,0.8658123405612245,0.6349688262401735,0.47490065688103156,0.957801766437684,12331,5856,22,True,0.001408901697086135,31,True,False,0.21866602562120915,0,True
11511,15,bench,a photo of a bench,0.24650197819164335,GE_MAP,all,GE_POS3_CASR,0.4651680038128525,0.8658123405612245,0.6349688262401735,0.47490065688103156,0.957801766437684,12331,5856,22,True,0.001408901697086135,31,True,False,0.21866602562120915,0,True
11511,31,handbag,a photo of a handbag,0.17037037037037037,GE_MAP,all,GE_MAP,0.17037037037037037,0.75,0.2911392405063291,0.17901320361362058,0.779189352692075,14390,2576,620,True,0.017640291448293495,1,True,False,0.0,-1,False
11511,31,handbag,a photo of a handbag,0.17037037037037037,GE_MAP,all,GE_POS3_SAM,0.5845172513772108,0.9714405293367347,0.7377859103385178,0.9337656322371468,0.6098003629764065,2159,2016,0,True,0.0,-1,True,False,0.4141468810068404,1,True
11511,31,handbag,a photo of a handbag,0.17037037037037037,GE_MAP,all,GE_POS3_SMART,0.5845172513772108,0.9714405293367347,0.7377859103385178,0.9337656322371468,0.6098003629764065,2159,2016,0,True,0.0,-1,True,False,0.4141468810068404,1,True
11511,31,handbag,a photo of a handbag,0.17037037037037037,GE_MAP,all,GE_POS3_CASR,0.5845172513772108,0.9714405293367347,0.7377859103385178,0.9337656322371468,0.6098003629764065,2159,2016,0,True,0.0,-1,True,False,0.4141468810068404,1,True
572462,27,backpack,a photo of a backpack,0.0558162923231646,GE_MAP,all,GE_MAP,0.0558162923231646,0.6632055165816326,0.1057310684235593,0.05736434108527132,0.6740890688259109,17415,999,5500,False,0.18450462067483345,1,False,False,0.0,-1,False
572462,27,backpack,a photo of a backpack,0.0558162923231646,GE_MAP,all,GE_POS3_SAM,0.0067420186396985925,0.8003427933673469,0.013393736458538507,0.007841328413284132,0.04588394062078273,8672,68,846,False,0.07178536899774411,1,False,False,-0.04907427368346601,0,True
572462,27,backpack,a photo of a backpack,0.0558162923231646,GE_MAP,all,GE_POS3_SMART,0.00514216575922565,0.9344507334183674,0.01023171832681312,0.009234111895708854,0.011470985155195682,1841,17,584,False,0.10236756940895929,1,False,False,-0.05067412656393895,2,True
572462,27,backpack,a photo of a backpack,0.0558162923231646,GE_MAP,all,GE_POS3_CASR,0.00514216575922565,0.9344507334183674,0.01023171832681312,0.009234111895708854,0.011470985155195682,1841,17,584,False,0.10236756940895929,1,False,False,-0.05067412656393895,2,True
572462,15,bench,a photo of a bench,0.01406749984906116,GE_MAP,all,GE_MAP,0.01406749984906116,0.6745455994897959,0.02774470111931412,0.014517133956386293,0.31233243967828417,16050,233,5598,False,0.14487570097584668,7,False,False,0.0,-1,False
572462,15,bench,a photo of a bench,0.01406749984906116,GE_MAP,all,GE_POS3_SAM,0.0,0.28318319515306123,0.0,0.0,0.0,35221,0,10319,False,0.2798399455133663,7,False,False,-0.01406749984906116,0,True
572462,15,bench,a photo of a bench,0.01406749984906116,GE_MAP,all,GE_POS3_SMART,0.0,0.28318319515306123,0.0,0.0,0.0,35221,0,10319,False,0.2798399455133663,7,False,False,-0.01406749984906116,0,True
572462,15,bench,a photo of a bench,0.01406749984906116,GE_MAP,all,GE_POS3_CASR,0.01406749984906116,0.6745455994897959,0.02774470111931412,0.014517133956386293,0.31233243967828417,16050,233,5598,False,0.14487570097584668,7,False,False,0.0,0,False
414510,3,car,a photo of a car,0.1909212283044059,GE_MAP,all,GE_MAP,0.1909212283044059,0.7101403061224489,0.32062780269058294,0.1928523263654754,0.9501661129568106,17796,3432,8506,False,0.2240892265731541,8,False,False,0.0,-1,False
414510,3,car,a photo of a car,0.1909212283044059,GE_MAP,all,GE_POS3_SAM,0.7311359302642332,0.9803292410714286,0.8446892210857593,0.978490703609187,0.743078626799557,2743,2684,47,True,0.01128526645768025,1,True,False,0.5402147019598273,0,True
414510,3,car,a photo of a car,0.1909212283044059,GE_MAP,all,GE_POS3_SMART,0.7311359302642332,0.9803292410714286,0.8446892210857593,0.978490703609187,0.743078626799557,2743,2684,47,True,0.01128526645768025,1,True,False,0.5402147019598273,0,True
414510,3,car,a photo of a car,0.1909212283044059,GE_MAP,all,GE_POS3_CASR,0.7311359302642332,0.9803292410714286,0.8446892210857593,0.978490703609187,0.743078626799557,2743,2684,47,True,0.01128526645768025,1,True,False,0.5402147019598273,0,True
414510,8,truck,a photo of a truck,0.33663001412863197,GE_MAP,all,GE_MAP,0.33663001412863197,0.7847775829081632,0.5036996185486465,0.37997503813618083,0.7468992776339103,14422,5480,6068,False,0.1628086917273841,3,True,False,0.0,-1,False
414510,8,truck,a photo of a truck,0.33663001412863197,GE_MAP,all,GE_POS3_SAM,0.908781484002723,0.9866470025510204,0.9522111269614836,0.9988029328146042,0.9097723865340057,6683,6675,0,True,0.00038868914585560196,3,True,False,0.572151469874091,1,True
414510,8,truck,a photo of a truck,0.33663001412863197,GE_MAP,all,GE_POS3_SMART,0.9538750335210512,0.9931441326530612,0.9763930826242108,0.9832757429163788,0.9696061060378901,7235,7114,109,True,0.01052729644121483,3,True,False,0.6172450193924193,0,True
414510,8,truck,a photo of a truck,0.33663001412863197,GE_MAP,all,GE_POS3_CASR,0.9538750335210512,0.9931441326530612,0.9763930826242108,0.9832757429163788,0.9696061060378901,7235,7114,109,True,0.01052729644121483,3,True,False,0.6172450193924193,0,True
60823,1,person,a photo of a person,0.06697864872769815,GE_MAP,all,GE_MAP,0.06697864872769815,0.6821189413265306,0.12554824561403508,0.07281862121597558,0.455087440381558,15724,1145,1907,False,0.0750749386865292,21,False,False,0.0,-1,False
60823,1,person,a photo of a person,0.06697864872769815,GE_MAP,all,GE_POS3_SAM,0.0004828585224529213,0.7524713010204082,0.0009652509652509653,0.0006050826946349334,0.0023847376788553257,9916,6,17,False,0.0008965092172353897,21,False,False,-0.06649579020524524,0,True
60823,1,person,a photo of a person,0.06697864872769815,GE_MAP,all,GE_POS3_SMART,0.0004828585224529213,0.7524713010204082,0.0009652509652509653,0.0006050826946349334,0.0023847376788553257,9916,6,17,False,0.0008965092172353897,21,False,False,-0.06649579020524524,0,True
60823,1,person,a photo of a person,0.06697864872769815,GE_MAP,all,GE_POS3_CASR,0.0004828585224529213,0.7524713010204082,0.0009652509652509653,0.0006050826946349334,0.0023847376788553257,9916,6,17,False,0.0008965092172353897,21,False,False,-0.06649579020524524,0,True
60823,21,cow,a photo of a cow,0.5833333333333334,GE_MAP,all,GE_MAP,0.5833333333333334,0.9091198979591837,0.7368421052631579,0.6805244643428205,0.8033220083050208,9381,6384,49,True,0.0038815289848957895,1,True,False,0.0,-1,False
60823,21,cow,a photo of a cow,0.5833333333333334,GE_MAP,all,GE_POS3_SAM,0.4398298724043032,0.9107541454081632,0.6109470026064292,0.9868088689306764,0.4424311060777652,3563,3516,0,True,0.0,-1,True,False,-0.14350346092903016,1,True
60823,21,cow,a photo of a cow,0.5833333333333334,GE_MAP,all,GE_POS3_SMART,0.4398298724043032,0.9107541454081632,0.6109470026064292,0.9868088689306764,0.4424311060777652,3563,3516,0,True,0.0,-1,True,False,-0.14350346092903016,1,True
60823,21,cow,a photo of a cow,0.5833333333333334,GE_MAP,all,GE_POS3_CASR,0.4398298724043032,0.9107541454081632,0.6109470026064292,0.9868088689306764,0.4424311060777652,3563,3516,0,True,0.0,-1,True,False,-0.14350346092903016,1,True
424162,18,dog,a photo of a dog,0.4020122484689414,GE_MAP,all,GE_MAP,0.4020122484689414,0.9182676977040817,0.5734789391575663,0.4020122484689414,1.0,6858,2757,292,True,0.014262681384100211,3,True,False,0.0,-1,False
424162,18,dog,a photo of a dog,0.4020122484689414,GE_MAP,all,GE_POS3_SAM,0.8994974874371859,0.9944196428571429,0.9470899470899471,0.988560157790927,0.9089590134203844,2535,2506,0,True,0.0,-1,True,False,0.49748523896824454,1,True
424162,18,dog,a photo of a dog,0.4020122484689414,GE_MAP,all,GE_POS3_SMART,0.9156841729188996,0.9952965561224489,0.9559865721745617,0.9838771593090211,0.9296336597751179,2605,2563,0,True,0.0,-1,True,False,0.5136719244499581,0,True
424162,18,dog,a photo of a dog,0.4020122484689414,GE_MAP,all,GE_POS3_CASR,0.9156841729188996,0.9952965561224489,0.9559865721745617,0.9838771593090211,0.9296336597751179,2605,2563,0,True,0.0,-1,True,False,0.5136719244499581,0,True
424162,1,person,a photo of a person,0.1584174535981765,GE_MAP,all,GE_MAP,0.1584174535981765,0.6909478635204082,0.2735066760365425,0.19527696012844528,0.4563076442082226,14948,2919,5592,False,0.15598067380517106,18,True,False,0.0,-1,False
424162,1,person,a photo of a person,0.1584174535981765,GE_MAP,all,GE_POS3_SAM,0.00025743338911056766,0.6904097576530612,0.000514734268433921,0.00043739748496446145,0.0006252931061435048,9145,4,74,False,0.004540295119182747,8,False,False,-0.15816002020906592,1,True
424162,1,person,a photo of a person,0.1584174535981765,GE_MAP,all,GE_POS3_SMART,0.00025743338911056766,0.6904097576530612,0.000514734268433921,0.00043739748496446145,0.0006252931061435048,9145,4,74,False,0.004540295119182747,8,False,False,-0.15816002020906592,1,True
424162,1,person,a photo of a person,0.1584174535981765,GE_MAP,all,GE_POS3_CASR,0.1584174535981765,0.6909478635204082,0.2735066760365425,0.19527696012844528,0.4563076442082226,14948,2919,5592,False,0.15598067380517106,18,True,False,0.0,1,False
555597,14,parking meter,a photo of a parking meter,0.017235824742268042,GE_MAP,all,GE_MAP,0.017235824742268042,0.6352240114795918,0.03388756927949327,0.01746938775510204,0.5631578947368421,18375,321,7839,False,0.336887561976862,3,False,False,0.0,-1,False
555597,14,parking meter,a photo of a parking meter,0.017235824742268042,GE_MAP,all,GE_POS3_SAM,0.020224019912881145,0.7489636479591837,0.03964623360780726,0.020723736649131196,0.45614035087719296,12546,260,3759,False,0.14770423375074537,3,False,False,0.0029881951706131026,1,True
555597,14,parking meter,a photo of a parking meter,0.017235824742268042,GE_MAP,all,GE_POS3_SMART,0.020224019912881145,0.7489636479591837,0.03964623360780726,0.020723736649131196,0.45614035087719296,12546,260,3759,False,0.14770423375074537,3,False,False,0.0029881951706131026,1,True
555597,14,parking meter,a photo of a parking meter,0.017235824742268042,GE_MAP,all,GE_POS3_CASR,0.020224019912881145,0.7489636479591837,0.03964623360780726,0.020723736649131196,0.45614035087719296,12546,260,3759,False,0.14770423375074537,3,False,False,0.0029881951706131026,1,True
555597,8,truck,a photo of a truck,0.10085836909871244,GE_MAP,all,GE_MAP,0.10085836909871244,0.7411312181122449,0.18323586744639375,0.10198796024079518,0.9010513296227582,14286,1457,6444,False,0.40118840966751235,3,False,False,0.0,-1,False
555597,8,truck,a photo of a truck,0.10085836909871244,GE_MAP,all,GE_POS3_SAM,0.6623456790123456,0.9890983737244898,0.7968808020794653,0.9972118959107806,0.6635745207173779,1076,1073,2,True,0.03903345724907063,1,True,False,0.5614873099136332,2,True
555597,8,truck,a photo of a truck,0.10085836909871244,GE_MAP,all,GE_POS3_SMART,0.32011847801321486,0.9405293367346939,0.484984466689679,0.33636581278429495,0.8688930117501547,4177,1405,2749,False,0.31870529761183175,3,True,False,0.21926010891450243,0,True
555597,8,truck,a photo of a truck,0.10085836909871244,GE_MAP,all,GE_POS3_CASR,0.32011847801321486,0.9405293367346939,0.484984466689679,0.33636581278429495,0.8688930117501547,4177,1405,2749,False,0.31870529761183175,3,True,False,0.21926010891450243,0,True
193245,1,person,a photo of a person,0.15257999891710433,GE_MAP,all,GE_MAP,0.15257999891710433,0.6880779655612245,0.2647625311222812,0.17657747979196692,0.5289039039039038,15959,2818,0,True,0.0,-1,True,False,0.0,-1,False
193245,1,person,a photo of a person,0.15257999891710433,GE_MAP,all,GE_POS3_SAM,0.007624989169049475,0.5434869260204082,0.015134577349729126,0.0098159509202454,0.03303303303303303,17930,176,0,True,0.0,-1,True,False,-0.14495500974805486,0,True
193245,1,person,a photo of a person,0.15257999891710433,GE_MAP,all,GE_POS3_SMART,0.007624989169049475,0.5434869260204082,0.015134577349729126,0.0098159509202454,0.03303303303303303,17930,176,0,True,0.0,-1,True,False,-0.14495500974805486,0,True
193245,1,person,a photo of a person,0.15257999891710433,GE_MAP,all,GE_POS3_CASR,0.007624989169049475,0.5434869260204082,0.015134577349729126,0.0098159509202454,0.03303303303303303,17930,176,0,True,0.0,-1,True,False,-0.14495500974805486,0,True
193245,38,kite,a photo of a kite,0.07379588771007417,GE_MAP,all,GE_MAP,0.07379588771007417,0.8033920599489796,0.1374486316341698,0.07379588771007417,1.0,10651,786,808,False,0.05325950827236174,1,True,False,0.0,-1,False
193245,38,kite,a photo of a kite,0.07379588771007417,GE_MAP,all,GE_POS3_SAM,0.019206145966709345,0.6030771683673469,0.03768844221105527,0.019588146659969864,0.4961832061068702,19910,390,0,True,0.0,-1,True,False,-0.054589741743364825,1,True
193245,38,kite,a photo of a kite,0.07379588771007417,GE_MAP,all,GE_POS3_SMART,0.03352119578534673,0.6069634885204082,0.06486794063255726,0.03368960252179481,0.8702290076335878,20303,684,0,True,0.0,-1,True,False,-0.04027469192472744,0,True
193245,38,kite,a photo of a kite,0.07379588771007417,GE_MAP,all,GE_POS3_CASR,0.03352119578534673,0.6069634885204082,0.06486794063255726,0.03368960252179481,0.8702290076335878,20303,684,0,True,0.0,-1,True,False,-0.04027469192472744,0,True
457078,72,tv,a photo of a tv,0.12502507187270173,GE_MAP,all,GE_MAP,0.12502507187270173,0.7391780931122449,0.22226184108872646,0.12623194275685162,0.9289617486338798,14814,1870,1243,True,0.027241541669469294,75,True,False,0.0,-1,False
457078,72,tv,a photo of a tv,0.12502507187270173,GE_MAP,all,GE_POS3_SAM,0.07888567094193905,0.6006656568877551,0.14623545954237505,0.07997762863534676,0.8524590163934426,21456,1716,0,True,0.0,-1,True,False,-0.046139400930762686,0,True
457078,72,tv,a photo of a tv,0.12502507187270173,GE_MAP,all,GE_POS3_SMART,0.5102730819245773,0.9624720982142857,0.6757361804718444,0.5171323141802847,0.9746646795827124,3794,1962,0,True,0.0,-1,True,False,0.3852480100518756,1,True
457078,72,tv,a photo of a tv,0.12502507187270173,GE_MAP,all,GE_POS3_CASR,0.5102730819245773,0.9624720982142857,0.6757361804718444,0.5171323141802847,0.9746646795827124,3794,1962,0,True,0.0,-1,True,False,0.3852480100518756,1,True
457078,1,person,a photo of a person,0.07155349794238683,GE_MAP,all,GE_MAP,0.07155349794238683,0.6402861926020408,0.13355095770726322,0.07353563121167266,0.7263707571801566,18916,1391,1254,True,0.023752484836128244,84,True,False,0.0,-1,False
457078,1,person,a photo of a person,0.07155349794238683,GE_MAP,all,GE_POS3_SAM,0.0,0.6688655931122449,0.0,0.0,0.0,14700,0,0,False,0.0,-1,False,False,-0.07155349794238683,0,True
457078,1,person,a photo of a person,0.07155349794238683,GE_MAP,all,GE_POS3_SMART,0.0,0.6688655931122449,0.0,0.0,0.0,14700,0,0,False,0.0,-1,False,False,-0.07155349794238683,0,True
457078,1,person,a photo of a person,0.07155349794238683,GE_MAP,all,GE_POS3_CASR,0.07155349794238683,0.6402861926020408,0.13355095770726322,0.07353563121167266,0.7263707571801566,18916,1391,1254,True,0.023752484836128244,84,True,False,0.0,0,False
154718,1,person,a photo of a person,0.3221207160585098,GE_MAP,all,GE_MAP,0.3221207160585098,0.7441605548469388,0.4872788273355434,0.3312516969861526,0.9211718514044095,18415,6100,8132,False,0.3032356555088059,70,True,False,0.0,-1,False
154718,1,person,a photo of a person,0.3221207160585098,GE_MAP,all,GE_POS3_SAM,0.0,0.8164859693877551,0.0,0.0,0.0,2586,0,2586,False,0.15591462679368143,70,False,False,-0.3221207160585098,1,True
154718,1,person,a photo of a person,0.3221207160585098,GE_MAP,all,GE_POS3_SMART,0.0022379996913103875,0.7423270089285714,0.004466004466004466,0.004556166535742341,0.004379341588643914,6365,29,6186,False,0.36939140811455845,70,False,False,-0.3198827163671994,0,True
154718,1,person,a photo of a person,0.3221207160585098,GE_MAP,all,GE_POS3_CASR,0.0022379996913103875,0.7423270089285714,0.004466004466004466,0.004556166535742341,0.004379341588643914,6365,29,6186,False,0.36939140811455845,70,False,False,-0.3198827163671994,0,True
154718,70,toilet,a photo of a toilet,0.40417996589567573,GE_MAP,all,GE_MAP,0.40417996589567573,0.7284159757653061,0.5756811458819866,0.5952733595208964,0.5573375135656577,15529,9244,146,True,0.006680603526631522,1,True,False,0.0,-1,False
154718,70,toilet,a photo of a toilet,0.40417996589567573,GE_MAP,all,GE_POS3_SAM,0.36975091093722,0.7897201849489796,0.539880511098513,0.9755713159968479,0.3732063185819366,6345,6190,1,True,0.00038574294090418145,1,True,False,-0.03442905495845572,1,True
154718,70,toilet,a photo of a toilet,0.40417996589567573,GE_MAP,all,GE_POS3_SMART,0.36975091093722,0.7897201849489796,0.539880511098513,0.9755713159968479,0.3732063185819366,6345,6190,1,True,0.00038574294090418145,1,True,False,-0.03442905495845572,1,True
154718,70,toilet,a photo of a toilet,0.40417996589567573,GE_MAP,all,GE_POS3_CASR,0.36975091093722,0.7897201849489796,0.539880511098513,0.9755713159968479,0.3732063185819366,6345,6190,1,True,0.00038574294090418145,1,True,False,-0.03442905495845572,1,True
263068,1,person,a photo of a person,0.10771374101774454,GE_MAP,all,GE_MAP,0.10771374101774454,0.7574736926020408,0.194479380419673,0.11535139379662347,0.6193086003372681,12735,1469,386,True,0.03141768411229489,41,True,False,0.0,-1,False
263068,1,person,a photo of a person,0.10771374101774454,GE_MAP,all,GE_POS3_SAM,0.0024369669134876744,0.7878866390306123,0.004862085086489013,0.0031238736032680524,0.010961214165261383,8323,26,390,False,0.04634117507979667,41,False,False,-0.10527677410425687,1,True
263068,1,person,a photo of a person,0.10771374101774454,GE_MAP,all,GE_POS3_SMART,0.12712962962962962,0.8121213329081632,0.22558120430460857,0.1400877461483522,0.5788364249578415,9801,1373,492,True,0.05194011610143599,41,True,False,0.019415888611885077,0,True
263068,1,person,a photo of a person,0.10771374101774454,GE_MAP,all,GE_POS3_CASR,0.12712962962962962,0.8121213329081632,0.22558120430460857,0.1400877461483522,0.5788364249578415,9801,1373,492,True,0.05194011610143599,41,True,False,0.019415888611885077,0,True
263068,41,skateboard,a photo of a skateboard,0.02407345734811361,GE_MAP,all,GE_MAP,0.02407345734811361,0.591179049744898,0.0470150987224158,0.024098680763918655,0.9583333333333334,20997,506,1686,False,0.07880158803434587,1,False,False,0.0,-1,False
263068,41,skateboard,a photo of a skateboard,0.02407345734811361,GE_MAP,all,GE_POS3_SAM,0.18162544169611308,0.9538424744897959,0.30741626794258375,0.1825284090909091,0.9734848484848485,2816,514,2250,False,0.7785395954748029,1,False,True,0.15755198434799947,1,True
263068,41,skateboard,a photo of a skateboard,0.02407345734811361,GE_MAP,all,GE_POS3_SMART,0.27658402203856747,0.9738321109693877,0.4333189469141131,0.2806036892118502,0.9507575757575758,1789,502,1251,False,0.4392943618125216,1,False,False,0.25251056469045385,2,True
263068,41,skateboard,a photo of a skateboard,0.02407345734811361,GE_MAP,all,GE_POS3_CASR,0.27658402203856747,0.9738321109693877,0.4333189469141131,0.2806036892118502,0.9507575757575758,1789,502,1251,False,0.4392943618125216,1,False,False,0.25251056469045385,2,True
214224,44,bottle,a photo of a bottle,0.2173303874548688,GE_MAP,all,GE_MAP,0.2173303874548688,0.7105389030612245,0.3570606463036742,0.2184842082453004,0.9762769305252965,18459,4033,1396,True,0.06810676195116669,84,True,False,0.0,-1,False
214224,44,bottle,a photo of a bottle,0.2173303874548688,GE_MAP,all,GE_POS3_SAM,0.6433076384022425,0.9695671237244898,0.7829424307036247,0.9483471074380165,0.6666666666666666,2904,2754,0,True,0.0005913660555884093,47,True,False,0.4259772509473737,0,True
214224,44,bottle,a photo of a bottle,0.2173303874548688,GE_MAP,all,GE_POS3_SMART,0.6433076384022425,0.9695671237244898,0.7829424307036247,0.9483471074380165,0.6666666666666666,2904,2754,0,True,0.0005913660555884093,47,True,False,0.4259772509473737,0,True
214224,44,bottle,a photo of a bottle,0.2173303874548688,GE_MAP,all,GE_POS3_CASR,0.6433076384022425,0.9695671237244898,0.7829424307036247,0.9483471074380165,0.6666666666666666,2904,2754,0,True,0.0005913660555884093,47,True,False,0.4259772509473737,0,True
214224,84,book,a photo of a book,0.06030863187741971,GE_MAP,all,GE_MAP,0.06030863187741971,0.6565489477040817,0.11375674980714837,0.06085281980742779,0.8708661417322835,18175,1106,1940,False,0.08878801190999171,44,False,False,0.0,-1,False
214224,84,book,a photo of a book,0.06030863187741971,GE_MAP,all,GE_POS3_SAM,0.0,0.9138034119897959,0.0,0.0,0.0,3055,0,0,False,0.0,-1,False,False,-0.06030863187741971,2,True
214224,84,book,a photo of a book,0.06030863187741971,GE_MAP,all,GE_POS3_SMART,0.17418546365914786,0.8817960778061225,0.29669156883671294,0.17464749406673183,0.9850393700787402,7163,1251,265,True,0.018854307622913846,44,True,False,0.11387683178172815,0,True
214224,84,book,a photo of a book,0.06030863187741971,GE_MAP,all,GE_POS3_CASR,0.17418546365914786,0.8817960778061225,0.29669156883671294,0.17464749406673183,0.9850393700787402,7163,1251,265,True,0.018854307622913846,44,True,False,0.11387683178172815,0,True
567825,54,sandwich,a photo of a sandwich,0.6561786129908194,GE_MAP,all,GE_MAP,0.6561786129908194,0.8410196109693877,0.7924007807417046,0.7404309128933417,0.8522167487684729,20561,15224,4047,True,0.16804145077720206,44,True,False,0.0,-1,False
567825,54,sandwich,a photo of a sandwich,0.6561786129908194,GE_MAP,all,GE_POS3_SAM,0.2607746557707377,0.7367865114795918,0.4136736958934517,0.9995709075305729,0.2608038513210927,4661,4659,0,True,0.0,-1,True,False,-0.39540395722008165,1,True
567825,54,sandwich,a photo of a sandwich,0.6561786129908194,GE_MAP,all,GE_POS3_SMART,0.8207489257213014,0.9359853316326531,0.9015509103169251,0.996274217585693,0.8232758620689655,14762,14707,0,True,0.0,-1,True,False,0.16457031273048206,0,True
567825,54,sandwich,a photo of a sandwich,0.6561786129908194,GE_MAP,all,GE_POS3_CASR,0.8207489257213014,0.9359853316326531,0.9015509103169251,0.996274217585693,0.8232758620689655,14762,14707,0,True,0.0,-1,True,False,0.16457031273048206,0,True
567825,46,wine glass,a photo of a wine glass,0.5513508334930063,GE_MAP,all,GE_MAP,0.5513508334930063,0.9066685267857143,0.7108009633792379,0.5730359454346311,0.9357723577235773,10043,5755,2201,True,0.0797872340425532,44,True,False,0.0,-1,False
567825,46,wine glass,a photo of a wine glass,0.5513508334930063,GE_MAP,all,GE_POS3_SAM,0.6621138211382114,0.9585857780612245,0.7967129720211309,1.0,0.6621138211382114,4072,4072,0,True,0.0,-1,True,False,0.11076298764520509,1,True
567825,46,wine glass,a photo of a wine glass,0.5513508334930063,GE_MAP,all,GE_POS3_SMART,0.6621138211382114,0.9585857780612245,0.7967129720211309,1.0,0.6621138211382114,4072,4072,0,True,0.0,-1,True,False,0.11076298764520509,1,True
567825,46,wine glass,a photo of a wine glass,0.5513508334930063,GE_MAP,all,GE_POS3_CASR,0.6621138211382114,0.9585857780612245,0.7967129720211309,1.0,0.6621138211382114,4072,4072,0,True,0.0,-1,True,False,0.11076298764520509,1,True
546976,4,motorcycle,a photo of a motorcycle,0.5074294205052006,GE_MAP,all,GE_MAP,0.5074294205052006,0.841438137755102,0.6732380482996551,0.5742713004484304,0.8134180230250099,14272,8196,3309,True,0.17190216761330707,1,True,False,0.0,-1,False
546976,4,motorcycle,a photo of a motorcycle,0.5074294205052006,GE_MAP,all,GE_POS3_SAM,0.6578015880608438,0.9287109375,0.7935830111373997,0.948021508341376,0.6824136562127828,7253,6876,34,True,0.09554469405019268,1,True,False,0.1503721675556432,1,True
546976,4,motorcycle,a photo of a motorcycle,0.5074294205052006,GE_MAP,all,GE_POS3_SMART,0.7487237663074305,0.9470264668367347,0.8563087901394746,0.9403942056518642,0.7860262008733624,8422,7920,98,True,0.09687247961286853,1,True,False,0.24129434580222997,0,True
546976,4,motorcycle,a photo of a motorcycle,0.5074294205052006,GE_MAP,all,GE_POS3_CASR,0.7487237663074305,0.9470264668367347,0.8563087901394746,0.9403942056518642,0.7860262008733624,8422,7920,98,True,0.09687247961286853,1,True,False,0.24129434580222997,0,True
546976,1,person,a photo of a person,0.5911124366239189,GE_MAP,all,GE_MAP,0.5911124366239189,0.8360570790816326,0.7430178069353327,0.7454864593781344,0.7405654502428696,15952,11892,832,True,0.04635175879396985,4,True,False,0.0,-1,False
546976,1,person,a photo of a person,0.5911124366239189,GE_MAP,all,GE_POS3_SAM,0.41329767384002986,0.8120017538265306,0.5848699555516437,0.9969992498124531,0.4138124299414622,6665,6645,0,True,0.0009566517189835576,4,True,False,-0.17781476278388902,2,True
546976,1,person,a photo of a person,0.5911124366239189,GE_MAP,all,GE_POS3_SMART,0.5491322339571367,0.8545121173469388,0.7089546288174786,0.985261524822695,0.5536804085191182,9024,8891,27,True,0.004364515959404743,4,True,False,-0.04198020266678215,1,True
546976,1,person,a photo of a person,0.5911124366239189,GE_MAP,all,GE_POS3_CASR,0.5491322339571367,0.8545121173469388,0.7089546288174786,0.985261524822695,0.5536804085191182,9024,8891,27,True,0.004364515959404743,4,True,False,-0.04198020266678215,1,True
107851,1,person,a photo of a person,0.07826244672168314,GE_MAP,all,GE_MAP,0.07826244672168314,0.7974330357142857,0.14516400336417157,0.08062406576980569,0.7276559865092749,10704,863,439,True,0.033634000917290935,22,True,False,0.0,-1,False
107851,1,person,a photo of a person,0.07826244672168314,GE_MAP,all,GE_POS3_SAM,0.004849412965798877,0.9222935267857143,0.009652019304038608,0.0069065794256633955,0.016020236087689713,2751,19,0,True,0.0,-1,True,False,-0.07341303375588426,1,True
107851,1,person,a photo of a person,0.07826244672168314,GE_MAP,all,GE_POS3_SMART,0.004849412965798877,0.9222935267857143,0.009652019304038608,0.0069065794256633955,0.016020236087689713,2751,19,0,True,0.0,-1,True,False,-0.07341303375588426,1,True
107851,1,person,a photo of a person,0.07826244672168314,GE_MAP,all,GE_POS3_CASR,0.004849412965798877,0.9222935267857143,0.009652019304038608,0.0069065794256633955,0.016020236087689713,2751,19,0,True,0.0,-1,True,False,-0.07341303375588426,1,True
107851,22,elephant,a photo of a elephant,0.3327075812274368,GE_MAP,all,GE_MAP,0.3327075812274368,0.9079041772959183,0.49929569834218224,0.35938231165184836,0.8176011355571328,6411,2304,467,True,0.06654499508634003,1,True,False,0.0,-1,False
107851,22,elephant,a photo of a elephant,0.3327075812274368,GE_MAP,all,GE_POS3_SAM,0.6517131755563406,0.9803491709183674,0.7891360136869119,0.9930032292787944,0.6547196593328601,1858,1845,1,True,0.0006574621959237344,1,True,False,0.31900559432890374,2,True
107851,22,elephant,a photo of a elephant,0.3327075812274368,GE_MAP,all,GE_POS3_SMART,0.6517131755563406,0.9803491709183674,0.7891360136869119,0.9930032292787944,0.6547196593328601,1858,1845,1,True,0.0006574621959237344,1,True,False,0.31900559432890374,2,True
107851,22,elephant,a photo of a elephant,0.3327075812274368,GE_MAP,all,GE_POS3_CASR,0.6517131755563406,0.9803491709183674,0.7891360136869119,0.9930032292787944,0.6547196593328601,1858,1845,1,True,0.0006574621959237344,1,True,False,0.31900559432890374,2,True
499768,11,fire hydrant,a photo of a fire hydrant,0.20327410332346166,GE_MAP,all,GE_MAP,0.20327410332346166,0.8069794323979592,0.3378683256990497,0.22227219573625978,0.703988603988604,11117,2471,444,True,0.03696303696303696,3,True,False,0.0,-1,False
499768,11,fire hydrant,a photo of a fire hydrant,0.20327410332346166,GE_MAP,all,GE_POS3_SAM,0.33690731474862995,0.9445352359693877,0.5040099803956514,0.6730128510233222,0.4028490028490028,2101,1414,0,True,0.0,-1,True,False,0.1336332114251683,1,True
499768,11,fire hydrant,a photo of a fire hydrant,0.20327410332346166,GE_MAP,all,GE_POS3_SMART,0.33690731474862995,0.9445352359693877,0.5040099803956514,0.6730128510233222,0.4028490028490028,2101,1414,0,True,0.0,-1,True,False,0.1336332114251683,1,True
499768,11,fire hydrant,a photo of a fire hydrant,0.20327410332346166,GE_MAP,all,GE_POS3_CASR,0.33690731474862995,0.9445352359693877,0.5040099803956514,0.6730128510233222,0.4028490028490028,2101,1414,0,True,0.0,-1,True,False,0.1336332114251683,1,True
499768,3,car,a photo of a car,0.09177237124835379,GE_MAP,all,GE_MAP,0.09177237124835379,0.7388592155612245,0.16811631007555075,0.09186788787121843,0.9887976101568334,14412,1324,1122,True,0.06678571428571428,11,True,False,0.0,-1,False
499768,3,car,a photo of a car,0.09177237124835379,GE_MAP,all,GE_POS3_SAM,0.8668442077230359,0.9960140306122449,0.9286733238231099,0.8887372013651877,0.9723674383868559,1465,1302,152,True,0.03151565415716359,11,True,False,0.7750718364746821,1,True
499768,3,car,a photo of a car,0.09177237124835379,GE_MAP,all,GE_POS3_SMART,0.8668442077230359,0.9960140306122449,0.9286733238231099,0.8887372013651877,0.9723674383868559,1465,1302,152,True,0.03151565415716359,11,True,False,0.7750718364746821,1,True
499768,3,car,a photo of a car,0.09177237124835379,GE_MAP,all,GE_POS3_CASR,0.8668442077230359,0.9960140306122449,0.9286733238231099,0.8887372013651877,0.9723674383868559,1465,1302,152,True,0.03151565415716359,11,True,False,0.7750718364746821,1,True
368684,73,laptop,a photo of a laptop,0.593819393042191,GE_MAP,all,GE_MAP,0.593819393042191,0.9125079719387755,0.745152676187159,0.618900675024108,0.9361143523920653,10370,6418,2059,True,0.5738325927005172,72,True,False,0.0,-1,False
368684,73,laptop,a photo of a laptop,0.593819393042191,GE_MAP,all,GE_POS3_SAM,0.9636518529035922,0.9948979591836735,0.9814895155459147,0.973186119873817,0.9899358226371062,6974,6787,72,True,0.5688437015336895,72,True,False,0.36983245986140123,1,True
368684,73,laptop,a photo of a laptop,0.593819393042191,GE_MAP,all,GE_POS3_SMART,0.9636518529035922,0.9948979591836735,0.9814895155459147,0.973186119873817,0.9899358226371062,6974,6787,72,True,0.5688437015336895,72,True,False,0.36983245986140123,1,True
368684,73,laptop,a photo of a laptop,0.593819393042191,GE_MAP,all,GE_POS3_CASR,0.9636518529035922,0.9948979591836735,0.9814895155459147,0.973186119873817,0.9899358226371062,6974,6787,72,True,0.5688437015336895,72,True,False,0.36983245986140123,1,True
368684,65,bed,a photo of a bed,0.3700647364302483,GE_MAP,all,GE_MAP,0.3700647364302483,0.8235212053571429,0.5402149644322135,0.3818542171327901,0.9229950319375444,13623,5202,5048,True,0.2914678641594162,62,True,False,0.0,-1,False
368684,65,bed,a photo of a bed,0.3700647364302483,GE_MAP,all,GE_POS3_SAM,0.6296668902302706,0.9339724170918368,0.7727553330132382,0.6298781169629878,0.9994677075940384,8943,5633,9,True,0.0005066176936229498,73,True,False,0.2596021538000223,1,True
368684,65,bed,a photo of a bed,0.3700647364302483,GE_MAP,all,GE_POS3_SMART,0.6296668902302706,0.9339724170918368,0.7727553330132382,0.6298781169629878,0.9994677075940384,8943,5633,9,True,0.0005066176936229498,73,True,False,0.2596021538000223,1,True
368684,65,bed,a photo of a bed,0.3700647364302483,GE_MAP,all,GE_POS3_CASR,0.6296668902302706,0.9339724170918368,0.7727553330132382,0.6298781169629878,0.9994677075940384,8943,5633,9,True,0.0005066176936229498,73,True,False,0.2596021538000223,1,True
456292,17,cat,a photo of a cat,0.17772769661175009,GE_MAP,all,GE_MAP,0.17772769661175009,0.7891222895408163,0.3018145826459914,0.1810624653629958,0.9061014263074485,12631,2287,21,True,0.0016,44,True,False,0.0,-1,False
456292,17,cat,a photo of a cat,0.17772769661175009,GE_MAP,all,GE_POS3_SAM,0.5348623853211009,0.9595822704081632,0.6969515839808726,0.5595009596928983,0.9239302694136292,4168,2332,0,True,0.0,-1,True,False,0.3571346887093508,1,True
456292,17,cat,a photo of a cat,0.17772769661175009,GE_MAP,all,GE_POS3_SMART,0.5348623853211009,0.9595822704081632,0.6969515839808726,0.5595009596928983,0.9239302694136292,4168,2332,0,True,0.0,-1,True,False,0.3571346887093508,1,True
456292,17,cat,a photo of a cat,0.17772769661175009,GE_MAP,all,GE_POS3_CASR,0.5348623853211009,0.9595822704081632,0.6969515839808726,0.5595009596928983,0.9239302694136292,4168,2332,0,True,0.0,-1,True,False,0.3571346887093508,1,True
456292,44,bottle,a photo of a bottle,0.032268817921194744,GE_MAP,all,GE_MAP,0.032268817921194744,0.7107182716836735,0.06252018342698444,0.03233564938535542,0.9398058252427185,14968,484,1860,False,0.11898669396110542,17,False,False,0.0,-1,False
456292,44,bottle,a photo of a bottle,0.032268817921194744,GE_MAP,all,GE_POS3_SAM,0.0,0.36738679846938777,0.0,0.0,0.0,31227,0,133,False,0.0039562139330120765,17,False,False,-0.032268817921194744,2,True
456292,44,bottle,a photo of a bottle,0.032268817921194744,GE_MAP,all,GE_POS3_SMART,0.008438458915785884,0.30446827168367346,0.016735694362268617,0.008491051518097089,0.5766990291262136,34978,297,2400,False,0.06837217252578201,17,False,False,-0.02383035900540886,1,True
456292,44,bottle,a photo of a bottle,0.032268817921194744,GE_MAP,all,GE_POS3_CASR,0.008438458915785884,0.30446827168367346,0.016735694362268617,0.008491051518097089,0.5766990291262136,34978,297,2400,False,0.06837217252578201,17,False,False,-0.02383035900540886,1,True
333745,6,bus,a photo of a bus,0.379830383480826,GE_MAP,all,GE_MAP,0.379830383480826,0.6647999043367347,0.5505464845942118,0.7950142779964497,0.42106769130150423,12957,10301,1197,True,0.048929433051869725,62,True,False,0.0,-1,False
333745,6,bus,a photo of a bus,0.379830383480826,GE_MAP,all,GE_POS3_SAM,0.3211536111450568,0.6678691007653061,0.48617149199889004,0.989333667963358,0.3222694571615435,7969,7884,14,True,0.001796444279254166,1,True,False,-0.05867677233576918,2,True
333745,6,bus,a photo of a bus,0.379830383480826,GE_MAP,all,GE_POS3_SMART,0.6134805214377214,0.795539700255102,0.7604436660828955,0.8868253363106584,0.6655902550686723,18361,16283,1858,True,0.09594523433385993,28,True,False,0.23365013795689538,0,True
333745,6,bus,a photo of a bus,0.379830383480826,GE_MAP,all,GE_POS3_CASR,0.6134805214377214,0.795539700255102,0.7604436660828955,0.8868253363106584,0.6655902550686723,18361,16283,1858,True,0.09594523433385993,28,True,False,0.23365013795689538,0,True
333745,1,person,a photo of a person,0.2278958190541467,GE_MAP,all,GE_MAP,0.2278958190541467,0.6856863839285714,0.3711973206809936,0.27580282023936487,0.5674753139095453,16878,4655,10298,False,0.29489147116860337,6,False,False,0.0,-1,False
333745,1,person,a photo of a person,0.2278958190541467,GE_MAP,all,GE_POS3_SAM,0.0025143361270401413,0.5493263711734694,0.005016060192722313,0.003924538694574498,0.006948677313178105,14524,57,14395,False,0.5879765395894428,6,False,True,-0.22538148292710655,1,True
333745,1,person,a photo of a person,0.2278958190541467,GE_MAP,all,GE_POS3_SMART,0.0025143361270401413,0.5493263711734694,0.005016060192722313,0.003924538694574498,0.006948677313178105,14524,57,14395,False,0.5879765395894428,6,False,True,-0.22538148292710655,1,True
333745,1,person,a photo of a person,0.2278958190541467,GE_MAP,all,GE_POS3_CASR,0.0025143361270401413,0.5493263711734694,0.005016060192722313,0.003924538694574498,0.006948677313178105,14524,57,14395,False,0.5879765395894428,6,False,True,-0.22538148292710655,1,True
34257,56,broccoli,a photo of a broccoli,0.3182311869666408,GE_MAP,all,GE_MAP,0.3182311869666408,0.7372847576530612,0.4828154425612053,0.33032694475760993,0.8968080454744206,18627,6153,4338,True,0.17251938755219726,57,True,False,0.0,-1,False
34257,56,broccoli,a photo of a broccoli,0.3182311869666408,GE_MAP,all,GE_POS3_SAM,0.29609140108238124,0.8833506058673469,0.4568989514707247,0.6287027579162411,0.35883981926832825,3916,2462,0,True,0.0,-1,True,False,-0.022139785884259577,1,True
34257,56,broccoli,a photo of a broccoli,0.3182311869666408,GE_MAP,all,GE_POS3_SMART,0.29609140108238124,0.8833506058673469,0.4568989514707247,0.6287027579162411,0.35883981926832825,3916,2462,0,True,0.0,-1,True,False,-0.022139785884259577,1,True
34257,56,broccoli,a photo of a broccoli,0.3182311869666408,GE_MAP,all,GE_POS3_CASR,0.29609140108238124,0.8833506058673469,0.4568989514707247,0.6287027579162411,0.35883981926832825,3916,2462,0,True,0.0,-1,True,False,-0.022139785884259577,1,True
34257,57,carrot,a photo of a carrot,0.5997252567541048,GE_MAP,all,GE_MAP,0.5997252567541048,0.8780492665816326,0.7497853199754652,0.6741672181778072,0.8445099484156227,13599,9168,1986,True,0.10750243585579734,56,True,False,0.0,-1,False
34257,57,carrot,a photo of a carrot,0.5997252567541048,GE_MAP,all,GE_POS3_SAM,0.09835311436194683,0.8046875,0.17909197520522702,0.987985212569316,0.09847089167280766,1082,1069,0,True,0.0,-1,True,False,-0.501372142392158,2,True
34257,57,carrot,a photo of a carrot,0.5997252567541048,GE_MAP,all,GE_POS3_SMART,0.41019751952227834,0.8720503826530612,0.5817589576547231,0.9935469514908767,0.4112932940309506,4494,4465,0,True,0.0,-1,True,False,-0.18952773723182648,0,True
34257,57,carrot,a photo of a carrot,0.5997252567541048,GE_MAP,all,GE_POS3_CASR,0.41019751952227834,0.8720503826530612,0.5817589576547231,0.9935469514908767,0.4112932940309506,4494,4465,0,True,0.0,-1,True,False,-0.18952773723182648,0,True
100428,32,tie,a photo of a tie,0.06707401749756978,GE_MAP,all,GE_MAP,0.06707401749756978,0.7322225765306123,0.12571577303487766,0.06712995135510771,0.9877300613496932,14390,966,9141,False,0.36383102978392057,1,False,False,0.0,-1,False
100428,32,tie,a photo of a tie,0.06707401749756978,GE_MAP,all,GE_POS3_SAM,0.3698506111362608,0.9722576530612245,0.5399867812293456,0.39892578125,0.8353783231083844,2048,817,889,False,0.04862266592715844,1,True,False,0.302776593638691,1,True
100428,32,tie,a photo of a tie,0.06707401749756978,GE_MAP,all,GE_POS3_SMART,0.3698506111362608,0.9722576530612245,0.5399867812293456,0.39892578125,0.8353783231083844,2048,817,889,False,0.04862266592715844,1,True,False,0.302776593638691,1,True
100428,32,tie,a photo of a tie,0.06707401749756978,GE_MAP,all,GE_POS3_CASR,0.3698506111362608,0.9722576530612245,0.5399867812293456,0.39892578125,0.8353783231083844,2048,817,889,False,0.04862266592715844,1,True,False,0.302776593638691,1,True
100428,1,person,a photo of a person,0.3004694835680751,GE_MAP,all,GE_MAP,0.3004694835680751,0.6258370535714286,0.4620938628158845,0.56541859486748,0.39069767441860465,14262,8064,74,True,0.008069850509326631,32,True,False,0.0,-1,False
100428,1,person,a photo of a person,0.3004694835680751,GE_MAP,all,GE_POS3_SAM,0.18977784231160158,0.666374362244898,0.3190139126189895,0.9946727549467276,0.18997093023255815,3942,3921,0,True,0.002036659877800407,32,True,False,-0.11069164125647354,2,True
100428,1,person,a photo of a person,0.3004694835680751,GE_MAP,all,GE_POS3_SMART,0.18977784231160158,0.666374362244898,0.3190139126189895,0.9946727549467276,0.18997093023255815,3942,3921,0,True,0.002036659877800407,32,True,False,-0.11069164125647354,2,True
100428,1,person,a photo of a person,0.3004694835680751,GE_MAP,all,GE_POS3_CASR,0.18977784231160158,0.666374362244898,0.3190139126189895,0.9946727549467276,0.18997093023255815,3942,3921,0,True,0.002036659877800407,32,True,False,-0.11069164125647354,2,True
26926,11,fire hydrant,a photo of a fire hydrant,0.7610705371175003,GE_MAP,all,GE_MAP,0.7610705371175003,0.8969826211734694,0.8643271476941652,0.8862633222090645,0.8434506428973926,18578,16465,140,True,0.007981244076420412,3,True,False,0.0,-1,False
26926,11,fire hydrant,a photo of a fire hydrant,0.7610705371175003,GE_MAP,all,GE_POS3_SAM,0.962032441283324,0.9852120535714286,0.9806488629250991,0.9988312171279817,0.963116643614569,18823,18801,0,True,0.0006360389451538725,3,True,False,0.2009619041658237,0,True
26926,11,fire hydrant,a photo of a fire hydrant,0.7610705371175003,GE_MAP,all,GE_POS3_SMART,0.962032441283324,0.9852120535714286,0.9806488629250991,0.9988312171279817,0.963116643614569,18823,18801,0,True,0.0006360389451538725,3,True,False,0.2009619041658237,0,True
26926,11,fire hydrant,a photo of a fire hydrant,0.7610705371175003,GE_MAP,all,GE_POS3_CASR,0.962032441283324,0.9852120535714286,0.9806488629250991,0.9988312171279817,0.963116643614569,18823,18801,0,True,0.0006360389451538725,3,True,False,0.2009619041658237,0,True
26926,3,car,a photo of a car,0.10177643814532161,GE_MAP,all,GE_MAP,0.10177643814532161,0.7208625637755102,0.18474970896391152,0.10205131502797248,0.9742173112338858,15551,1587,10748,False,0.44376749547176025,11,False,False,0.0,-1,False
26926,3,car,a photo of a car,0.10177643814532161,GE_MAP,all,GE_POS3_SAM,0.8530778164924506,0.9949577487244898,0.9207145095581323,0.940460947503201,0.901780233271946,1562,1469,10,True,0.0006644833641843466,11,True,False,0.751301378347129,1,True
26926,3,car,a photo of a car,0.10177643814532161,GE_MAP,all,GE_POS3_SMART,0.8530778164924506,0.9949577487244898,0.9207145095581323,0.940460947503201,0.901780233271946,1562,1469,10,True,0.0006644833641843466,11,True,False,0.751301378347129,1,True
26926,3,car,a photo of a car,0.10177643814532161,GE_MAP,all,GE_POS3_CASR,0.8530778164924506,0.9949577487244898,0.9207145095581323,0.940460947503201,0.901780233271946,1562,1469,10,True,0.0006644833641843466,11,True,False,0.751301378347129,1,True
91654,50,spoon,a photo of a spoon,0.09095434182542196,GE_MAP,all,GE_MAP,0.09095434182542196,0.5996293048469388,0.1667427101912149,0.09643988100950004,0.6152433425160698,20842,2010,18321,False,0.43383986101642735,51,False,False,0.0,-1,False
91654,50,spoon,a photo of a spoon,0.09095434182542196,GE_MAP,all,GE_POS3_SAM,0.2530604616390992,0.8407007334183674,0.40390782310388545,0.2670084795898245,0.8288950107131925,10142,2708,6563,False,0.20101809206901872,51,True,False,0.16210611981367723,2,True
91654,50,spoon,a photo of a spoon,0.09095434182542196,GE_MAP,all,GE_POS3_SMART,0.09496741168417606,0.39393335459183676,0.17346162209175908,0.0951826994780015,0.9767370676461585,33525,3191,29539,False,0.7197111881472322,51,False,True,0.004013069858754104,0,True
91654,50,spoon,a photo of a spoon,0.09095434182542196,GE_MAP,all,GE_POS3_CASR,0.09496741168417606,0.39393335459183676,0.17346162209175908,0.0951826994780015,0.9767370676461585,33525,3191,29539,False,0.7197111881472322,51,False,True,0.004013069858754104,0,True
91654,67,dining table,a photo of a dining table,0.12428980843682437,GE_MAP,all,GE_MAP,0.12428980843682437,0.6528818558673469,0.22109923527570324,0.1335205790212812,0.6425786327008058,18514,2472,14817,False,0.3063162268855184,51,False,False,0.0,-1,False
91654,67,dining table,a photo of a dining table,0.12428980843682437,GE_MAP,all,GE_POS3_SAM,0.0,0.8546914859693877,0.0,0.0,0.0,3444,0,3444,False,0.6300704396405149,50,False,True,-0.12428980843682437,2,True
91654,67,dining table,a photo of a dining table,0.12428980843682437,GE_MAP,all,GE_POS3_SMART,0.0,0.8432118941326531,0.0,0.0,0.0,4020,0,4020,False,0.5896596858638743,50,False,True,-0.12428980843682437,1,True
91654,67,dining table,a photo of a dining table,0.12428980843682437,GE_MAP,all,GE_POS3_CASR,0.12428980843682437,0.6528818558673469,0.22109923527570324,0.1335205790212812,0.6425786327008058,18514,2472,14817,False,0.3063162268855184,51,False,False,0.0,1,False
199771,47,cup,a photo of a cup,0.23838495575221239,GE_MAP,all,GE_MAP,0.23838495575221239,0.8078962053571429,0.38499330058061637,0.23876226654004432,0.9934145538360224,12636,3017,5506,False,0.13920085568034227,44,True,False,0.0,-1,False
199771,47,cup,a photo of a cup,0.23838495575221239,GE_MAP,all,GE_POS3_SAM,0.7197712418300654,0.9794921875,0.8370546318289787,0.8062843197071385,0.8702667105696411,3278,2643,523,True,0.10939134072369797,51,True,False,0.48138628607785294,1,True
199771,47,cup,a photo of a cup,0.23838495575221239,GE_MAP,all,GE_POS3_SMART,0.5036117799592517,0.9465880102040817,0.669869425966987,0.535130879748081,0.895291405992756,5081,2719,2073,True,0.2323565111843246,51,True,False,0.26522682420703925,0,True
199771,47,cup,a photo of a cup,0.23838495575221239,GE_MAP,all,GE_POS3_CASR,0.5036117799592517,0.9465880102040817,0.669869425966987,0.535130879748081,0.895291405992756,5081,2719,2073,True,0.2323565111843246,51,True,False,0.26522682420703925,0,True
199771,51,bowl,a photo of a bowl,0.14557147033031279,GE_MAP,all,GE_MAP,0.14557147033031279,0.7669802295918368,0.2541464659351875,0.14593406593406594,0.983218163869694,13650,1992,6863,False,0.21785140855349583,47,False,False,0.0,-1,False
199771,51,bowl,a photo of a bowl,0.14557147033031279,GE_MAP,all,GE_POS3_SAM,0.7959852519459238,0.9900749362244898,0.886405109489051,0.8240033927056828,0.9590325765054294,2358,1943,277,True,0.05515353021709368,47,True,False,0.650413781615611,1,True
199771,51,bowl,a photo of a bowl,0.14557147033031279,GE_MAP,all,GE_POS3_SMART,0.44127947700210135,0.9523078762755102,0.6123440790539446,0.45575114540631784,0.932872655478776,4147,1890,2158,False,0.4282306163021869,47,True,False,0.29570800667178854,0,True
199771,51,bowl,a photo of a bowl,0.14557147033031279,GE_MAP,all,GE_POS3_CASR,0.44127947700210135,0.9523078762755102,0.6123440790539446,0.45575114540631784,0.932872655478776,4147,1890,2158,False,0.4282306163021869,47,True,False,0.29570800667178854,0,True
329542,61,cake,a photo of a cake,0.34543203440635994,GE_MAP,all,GE_MAP,0.34543203440635994,0.7998046875,0.5134886424177847,0.3654601861427094,0.8630739172907848,14505,5301,75,True,0.00808339837217081,1,True,False,0.0,-1,False
329542,61,cake,a photo of a cake,0.34543203440635994,GE_MAP,all,GE_POS3_SAM,0.49674337820234477,0.9076052295918368,0.6637655932695097,0.5984828668584881,0.7450341908173234,7646,4576,2933,True,0.3877349159248269,1,True,False,0.15131134379598482,1,True
329542,61,cake,a photo of a cake,0.34543203440635994,GE_MAP,all,GE_POS3_SMART,0.5436351390358896,0.9054727359693877,0.7043570404537804,0.5706494293505706,0.9198957994138717,9901,5650,3162,True,0.3307335373679534,1,True,False,0.19820310462952961,0,True
329542,61,cake,a photo of a cake,0.34543203440635994,GE_MAP,all,GE_POS3_CASR,0.5436351390358896,0.9054727359693877,0.7043570404537804,0.5706494293505706,0.9198957994138717,9901,5650,3162,True,0.3307335373679534,1,True,False,0.19820310462952961,0,True
329542,47,cup,a photo of a cup,0.001999314520735748,GE_MAP,all,GE_MAP,0.001999314520735748,0.6518056441326531,0.0039906504760275924,0.002114292618098345,0.03546099290780142,16554,35,5032,False,0.2731250350591799,61,False,False,0.0,-1,False
329542,47,cup,a photo of a cup,0.001999314520735748,GE_MAP,all,GE_POS3_SAM,0.03503851751925876,0.4582669005102041,0.06770476059816162,0.03503851751925876,1.0,28169,987,5955,False,0.14625998062339224,61,False,False,0.03303920299852301,0,True
329542,47,cup,a photo of a cup,0.001999314520735748,GE_MAP,all,GE_POS3_SMART,0.0,0.8544523278061225,0.0,0.0,0.0,6316,0,2330,False,0.17528301886792452,61,False,False,-0.001999314520735748,2,True
329542,47,cup,a photo of a cup,0.001999314520735748,GE_MAP,all,GE_POS3_CASR,0.0,0.8544523278061225,0.0,0.0,0.0,6316,0,2330,False,0.17528301886792452,61,False,False,-0.001999314520735748,2,True
413689,28,umbrella,a photo of a umbrella,0.1107703093506266,GE_MAP,all,GE_MAP,0.1107703093506266,0.7977718431122449,0.19944773175542407,0.11082858395440597,0.9952755905511811,11405,1264,3022,False,0.2266778523489933,1,False,False,0.0,-1,False
413689,28,umbrella,a photo of a umbrella,0.1107703093506266,GE_MAP,all,GE_POS3_SAM,0.4767899291896145,0.9867466517857143,0.645711241342568,0.9983525535420099,0.47716535433070867,607,606,0,True,0.0018339009693476552,1,True,False,0.3660196198389879,2,True
413689,28,umbrella,a photo of a umbrella,0.1107703093506266,GE_MAP,all,GE_POS3_SMART,0.92578125,0.9981066645408163,0.9614604462474645,0.9916317991631799,0.9330708661417323,1195,1185,0,True,0.0015891032917139615,1,True,False,0.8150109406493734,1,True
413689,28,umbrella,a photo of a umbrella,0.1107703093506266,GE_MAP,all,GE_POS3_CASR,0.92578125,0.9981066645408163,0.9614604462474645,0.9916317991631799,0.9330708661417323,1195,1185,0,True,0.0015891032917139615,1,True,False,0.8150109406493734,1,True
413689,1,person,a photo of a person,0.12699635392594874,GE_MAP,all,GE_MAP,0.12699635392594874,0.6611926020408163,0.2253713660803791,0.1320412194991724,0.7687286291576002,18729,2473,1355,True,0.05524482904178978,28,True,False,0.0,-1,False
413689,1,person,a photo of a person,0.12699635392594874,GE_MAP,all,GE_POS3_SAM,0.18711203074194502,0.9451929209183674,0.3152390438247012,0.7922403003754693,0.196767174386074,799,633,80,True,0.09084194977843427,31,True,False,0.06011567681599628,1,True
413689,1,person,a photo of a person,0.12699635392594874,GE_MAP,all,GE_POS3_SMART,0.18711203074194502,0.9451929209183674,0.3152390438247012,0.7922403003754693,0.196767174386074,799,633,80,True,0.09084194977843427,31,True,False,0.06011567681599628,1,True
413689,1,person,a photo of a person,0.12699635392594874,GE_MAP,all,GE_POS3_CASR,0.18711203074194502,0.9451929209183674,0.3152390438247012,0.7922403003754693,0.196767174386074,799,633,80,True,0.09084194977843427,31,True,False,0.06011567681599628,1,True
98853,62,chair,a photo of a chair,0.08410227512854829,GE_MAP,all,GE_MAP,0.08410227512854829,0.740852200255102,0.155155610421675,0.0846508330379298,0.9284603421461898,14105,1194,7069,False,0.3492258540181863,1,False,False,0.0,-1,False
98853,62,chair,a photo of a chair,0.08410227512854829,GE_MAP,all,GE_POS3_SAM,0.31913774973711884,0.9741908482142857,0.48385811080111596,0.4963205233033524,0.47200622083981336,1223,607,297,True,0.0428806643281552,1,True,False,0.23503547460857055,0,True
98853,62,chair,a photo of a chair,0.08410227512854829,GE_MAP,all,GE_POS3_SMART,0.26383526383526384,0.9544005102040817,0.4175152749490835,0.31037093111279335,0.6376360808709176,2642,820,71,True,0.026057377575251908,1,True,False,0.17973298870671556,1,True
98853,62,chair,a photo of a chair,0.08410227512854829,GE_MAP,all,GE_POS3_CASR,0.26383526383526384,0.9544005102040817,0.4175152749490835,0.31037093111279335,0.6376360808709176,2642,820,71,True,0.026057377575251908,1,True,False,0.17973298870671556,1,True
98853,43,tennis racket,a photo of a tennis racket,0.005119453924914676,GE_MAP,all,GE_MAP,0.005119453924914676,0.6049505739795918,0.010186757215619695,0.005270500697566269,0.1515601783060921,19353,102,4733,False,0.16371271976653143,1,False,False,0.0,-1,False
98853,43,tennis racket,a photo of a tennis racket,0.005119453924914676,GE_MAP,all,GE_POS3_SAM,0.005229160258382036,0.935546875,0.01040391676866585,0.006551059730250481,0.02526002971768202,2595,17,2475,False,0.18196648376093727,1,False,False,0.00010970633346736071,0,True
98853,43,tennis racket,a photo of a tennis racket,0.005119453924914676,GE_MAP,all,GE_POS3_SMART,0.022828154724159798,0.9692881058673469,0.044637321760694355,0.03829787234042553,0.05349182763744428,940,36,845,False,0.1095890410958904,37,False,False,0.017708700799245122,2,True
98853,43,tennis racket,a photo of a tennis racket,0.005119453924914676,GE_MAP,all,GE_POS3_CASR,0.022828154724159798,0.9692881058673469,0.044637321760694355,0.03829787234042553,0.05349182763744428,940,36,845,False,0.1095890410958904,37,False,False,0.017708700799245122,2,True
405249,67,dining table,a photo of a dining table,0.6444975197501378,GE_MAP,all,GE_MAP,0.6444975197501378,0.8457429846938775,0.7838230365322311,0.81571910242995,0.7543274916675626,17202,14032,2447,True,0.18373493975903615,61,True,False,0.0,-1,False
405249,67,dining table,a photo of a dining table,0.6444975197501378,GE_MAP,all,GE_POS3_SAM,0.5342886920270975,0.8218869579081632,0.6964643548551438,0.9457614611198228,0.5511772927642189,10841,10253,112,True,0.018327500460489962,53,True,False,-0.1102088277230403,1,True
405249,67,dining table,a photo of a dining table,0.6444975197501378,GE_MAP,all,GE_POS3_SMART,0.5614792468532196,0.8319714604591837,0.7191632523899937,0.9453542341711183,0.580313944737125,11419,10795,142,True,0.018915842017689814,53,True,False,-0.08301827289691821,0,True
405249,67,dining table,a photo of a dining table,0.6444975197501378,GE_MAP,all,GE_POS3_CASR,0.5614792468532196,0.8319714604591837,0.7191632523899937,0.9453542341711183,0.580313944737125,11419,10795,142,True,0.018915842017689814,53,True,False,-0.08301827289691821,0,True
405249,1,person,a photo of a person,0.3945012019230769,GE_MAP,all,GE_MAP,0.3945012019230769,0.5983936543367347,0.5657954276110237,0.865515195464434,0.42026248399487837,15169,13129,1443,True,0.07698440539592435,67,True,False,0.0,-1,False
405249,1,person,a photo of a person,0.3945012019230769,GE_MAP,all,GE_POS3_SAM,0.09348690181840943,0.42275191326530615,0.1709886083920087,0.8077339102217415,0.09561459667093469,3698,2987,477,True,0.04631062951496388,61,True,False,-0.30101430010466745,0,True
405249,1,person,a photo of a person,0.3945012019230769,GE_MAP,all,GE_POS3_SMART,0.0644035832154644,0.40676817602040816,0.12101346562721474,0.7808689024390244,0.06558898847631242,2624,2049,193,True,0.009656090948009323,67,True,False,-0.3300976187076125,2,True
405249,1,person,a photo of a person,0.3945012019230769,GE_MAP,all,GE_POS3_CASR,0.0644035832154644,0.40676817602040816,0.12101346562721474,0.7808689024390244,0.06558898847631242,2624,2049,193,True,0.009656090948009323,67,True,False,-0.3300976187076125,2,True
223182,62,chair,a photo of a chair,0.044489157165213504,GE_MAP,all,GE_MAP,0.044489157165213504,0.6592793367346939,0.08518835616438356,0.04462884054720789,0.9342723004694836,17836,796,8908,False,0.19031456663984045,1,False,False,0.0,-1,False
223182,62,chair,a photo of a chair,0.044489157165213504,GE_MAP,all,GE_POS3_SAM,0.029263309698353564,0.6780333227040817,0.05686263062642302,0.029919518338760213,0.5715962441314554,16277,487,4258,False,0.20996971097078906,15,False,False,-0.01522584746685994,0,True
223182,62,chair,a photo of a chair,0.044489157165213504,GE_MAP,all,GE_POS3_SMART,0.029263309698353564,0.6780333227040817,0.05686263062642302,0.029919518338760213,0.5715962441314554,16277,487,4258,False,0.20996971097078906,15,False,False,-0.01522584746685994,0,True
223182,62,chair,a photo of a chair,0.044489157165213504,GE_MAP,all,GE_POS3_CASR,0.044489157165213504,0.6592793367346939,0.08518835616438356,0.04462884054720789,0.9342723004694836,17836,796,8908,False,0.19031456663984045,1,False,False,0.0,0,False
223182,43,tennis racket,a photo of a tennis racket,0.08660790794466887,GE_MAP,all,GE_MAP,0.08660790794466887,0.7025868941326531,0.15940967723764998,0.08907213899030593,0.7579003749330476,15886,1415,9250,False,0.2790363752393108,1,False,False,0.0,-1,False
223182,43,tennis racket,a photo of a tennis racket,0.08660790794466887,GE_MAP,all,GE_POS3_SAM,0.12917258522727273,0.8045081313775511,0.22879157166443903,0.13407666789531883,0.7793251205141939,10852,1455,5760,False,0.2865347798340779,15,False,False,0.042564677282603866,0,True
223182,43,tennis racket,a photo of a tennis racket,0.08660790794466887,GE_MAP,all,GE_POS3_SMART,0.1975642760487145,0.8699976084183674,0.32994350282485874,0.20411794611082867,0.8602035350830209,7868,1606,4298,False,0.35732831945563615,15,False,False,0.11095636810404562,1,True
223182,43,tennis racket,a photo of a tennis racket,0.08660790794466887,GE_MAP,all,GE_POS3_CASR,0.1975642760487145,0.8699976084183674,0.32994350282485874,0.20411794611082867,0.8602035350830209,7868,1606,4298,False,0.35732831945563615,15,False,False,0.11095636810404562,1,True
351530,62,chair,a photo of a chair,0.6052932527364809,GE_MAP,all,GE_MAP,0.6052932527364809,0.8555484693877551,0.7541217178913088,0.6893878310488123,0.832272557094721,16123,11115,2579,True,0.20707131651985036,15,True,False,0.0,-1,False
351530,62,chair,a photo of a chair,0.6052932527364809,GE_MAP,all,GE_POS3_SAM,0.276883079367372,0.8004424426020408,0.43368587749561677,0.8862690707350902,0.287083489329839,4326,3834,13,True,0.05338123957397665,15,True,False,-0.32841017336910894,1,True
351530,62,chair,a photo of a chair,0.6052932527364809,GE_MAP,all,GE_POS3_SMART,0.38765766407753155,0.828742825255102,0.5587223334873928,0.8891794704151683,0.40733807562710594,6118,5440,8,True,0.091931433562616,15,True,False,-0.21763558865894939,0,True
351530,62,chair,a photo of a chair,0.6052932527364809,GE_MAP,all,GE_POS3_CASR,0.38765766407753155,0.828742825255102,0.5587223334873928,0.8891794704151683,0.40733807562710594,6118,5440,8,True,0.091931433562616,15,True,False,-0.21763558865894939,0,True
351530,15,bench,a photo of a bench,0.18403596294062827,GE_MAP,all,GE_MAP,0.18403596294062827,0.7033641581632653,0.31086211686267246,0.1895004233700254,0.8645377285603915,17715,3357,11149,False,0.5847997959704158,62,False,True,0.0,-1,False
351530,15,bench,a photo of a bench,0.18403596294062827,GE_MAP,all,GE_POS3_SAM,0.09497805948317893,0.8150310905612245,0.17347938373853417,0.1325891641709774,0.25083698171516866,7346,974,5499,False,0.45270175438596494,62,False,False,-0.08905790345744934,0,True
351530,15,bench,a photo of a bench,0.18403596294062827,GE_MAP,all,GE_POS3_SMART,0.09497805948317893,0.8150310905612245,0.17347938373853417,0.1325891641709774,0.25083698171516866,7346,974,5499,False,0.45270175438596494,62,False,False,-0.08905790345744934,0,True
351530,15,bench,a photo of a bench,0.18403596294062827,GE_MAP,all,GE_POS3_CASR,0.09497805948317893,0.8150310905612245,0.17347938373853417,0.1325891641709774,0.25083698171516866,7346,974,5499,False,0.45270175438596494,62,False,False,-0.08905790345744934,0,True
443969,28,umbrella,a photo of a umbrella,0.30696378830083565,GE_MAP,all,GE_MAP,0.30696378830083565,0.8760363520408163,0.4697357203751066,0.30768371677462586,0.9924351585014409,8954,2755,2117,True,0.1271447166015856,1,True,False,0.0,-1,False
443969,28,umbrella,a photo of a umbrella,0.30696378830083565,GE_MAP,all,GE_POS3_SAM,0.8369337979094077,0.9906728316326531,0.9112291350531108,0.9623397435897436,0.8652737752161384,2496,2402,17,True,0.0020689106389750935,1,True,False,0.529970009608572,1,True
443969,28,umbrella,a photo of a umbrella,0.30696378830083565,GE_MAP,all,GE_POS3_SMART,0.8369337979094077,0.9906728316326531,0.9112291350531108,0.9623397435897436,0.8652737752161384,2496,2402,17,True,0.0020689106389750935,1,True,False,0.529970009608572,1,True
443969,28,umbrella,a photo of a umbrella,0.30696378830083565,GE_MAP,all,GE_POS3_CASR,0.8369337979094077,0.9906728316326531,0.9112291350531108,0.9623397435897436,0.8652737752161384,2496,2402,17,True,0.0020689106389750935,1,True,False,0.529970009608572,1,True
443969,1,person,a photo of a person,0.22295994859713,GE_MAP,all,GE_MAP,0.22295994859713,0.7107780612244898,0.3646234676007005,0.32676763713411283,0.4123997226899079,12743,4164,2353,True,0.1806009889691898,28,True,False,0.0,-1,False
443969,1,person,a photo of a person,0.22295994859713,GE_MAP,all,GE_POS3_SAM,0.004229654578209446,0.7466318558673469,0.008423679900163794,0.019823788546255508,0.00534812320491235,2724,54,2596,False,0.9011406844106464,28,False,True,-0.21873029401892055,2,True
443969,1,person,a photo of a person,0.22295994859713,GE_MAP,all,GE_POS3_SMART,0.2892618992871925,0.8151905293367347,0.4487248082753701,0.5612730517549078,0.37377438843220756,6724,3774,2592,True,0.3788098693759071,28,False,False,0.06630195069006248,0,True
443969,1,person,a photo of a person,0.22295994859713,GE_MAP,all,GE_POS3_CASR,0.2892618992871925,0.8151905293367347,0.4487248082753701,0.5612730517549078,0.37377438843220756,6724,3774,2592,True,0.3788098693759071,28,False,False,0.06630195069006248,0,True
181542,1,person,a photo of a person,0.2502189621195533,GE_MAP,all,GE_MAP,0.2502189621195533,0.7270208864795918,0.4002802224265511,0.3612867530825166,0.44870913909885146,12652,4571,3647,True,0.15105787181082764,8,True,False,0.0,-1,False
181542,1,person,a photo of a person,0.2502189621195533,GE_MAP,all,GE_POS3_SAM,0.026953029934290582,0.6812619579081632,0.05249126133064755,0.06619844590555887,0.04348679689800727,6692,443,35,True,0.010798891841465484,4,True,False,-0.22326593218526272,0,True
181542,1,person,a photo of a person,0.2502189621195533,GE_MAP,all,GE_POS3_SMART,0.026953029934290582,0.6812619579081632,0.05249126133064755,0.06619844590555887,0.04348679689800727,6692,443,35,True,0.010798891841465484,4,True,False,-0.22326593218526272,0,True
181542,1,person,a photo of a person,0.2502189621195533,GE_MAP,all,GE_POS3_CASR,0.2502189621195533,0.7270208864795918,0.4002802224265511,0.3612867530825166,0.44870913909885146,12652,4571,3647,True,0.15105787181082764,8,True,False,0.0,0,False
181542,8,truck,a photo of a truck,0.16085147247119078,GE_MAP,all,GE_MAP,0.16085147247119078,0.791015625,0.27712670619054186,0.16262135922330098,0.9366262814538676,12360,2010,7306,False,0.2782844733984799,4,False,False,0.0,-1,False
181542,8,truck,a photo of a truck,0.16085147247119078,GE_MAP,all,GE_POS3_SAM,0.6068376068376068,0.9734135841836735,0.7553191489361702,0.6228070175438597,0.9594594594594594,3306,2059,975,True,0.11858608893956671,3,True,False,0.445986134366416,0,True
181542,8,truck,a photo of a truck,0.16085147247119078,GE_MAP,all,GE_POS3_SMART,0.6068376068376068,0.9734135841836735,0.7553191489361702,0.6228070175438597,0.9594594594594594,3306,2059,975,True,0.11858608893956671,3,True,False,0.445986134366416,0,True
181542,8,truck,a photo of a truck,0.16085147247119078,GE_MAP,all,GE_POS3_CASR,0.6068376068376068,0.9734135841836735,0.7553191489361702,0.6228070175438597,0.9594594594594594,3306,2059,975,True,0.11858608893956671,3,True,False,0.445986134366416,0,True
359833,1,person,a photo of a person,0.37670291929021177,GE_MAP,all,GE_MAP,0.37670291929021177,0.7829838966836735,0.5472537524427259,0.4595028627286692,0.6764312879021482,14322,6581,4855,True,0.18226378101199003,53,True,False,0.0,-1,False
359833,1,person,a photo of a person,0.37670291929021177,GE_MAP,all,GE_POS3_SAM,0.5901966656683638,0.9181879783163265,0.742293929311319,0.9535483870967741,0.6076677973070203,6200,5912,14,True,0.0025025888850535036,53,True,False,0.21349374637815205,2,True
359833,1,person,a photo of a person,0.37670291929021177,GE_MAP,all,GE_POS3_SMART,0.8400949930734217,0.9677933673469388,0.9130995913099591,0.9574828013984437,0.8726487819919827,8867,8490,25,True,0.0018566510656403512,53,True,False,0.46339207378320996,1,True
359833,1,person,a photo of a person,0.37670291929021177,GE_MAP,all,GE_POS3_CASR,0.8400949930734217,0.9677933673469388,0.9130995913099591,0.9574828013984437,0.8726487819919827,8867,8490,25,True,0.0018566510656403512,53,True,False,0.46339207378320996,1,True
359833,53,apple,a photo of a apple,0.6067410209797082,GE_MAP,all,GE_MAP,0.6067410209797082,0.8404815051020408,0.7552443275640633,0.7881669645136584,0.7249618410238347,15668,12349,181,True,0.010998092816274634,55,True,False,0.0,-1,False
359833,53,apple,a photo of a apple,0.6067410209797082,GE_MAP,all,GE_POS3_SAM,0.5774546698597331,0.7538464604591837,0.732134724240387,0.5805331040412726,0.9909005518375015,29075,16879,1187,True,0.029174623382134522,1,True,False,-0.029286351119975018,0,True
359833,53,apple,a photo of a apple,0.6067410209797082,GE_MAP,all,GE_POS3_SMART,0.5774546698597331,0.7538464604591837,0.732134724240387,0.5805331040412726,0.9909005518375015,29075,16879,1187,True,0.029174623382134522,1,True,False,-0.029286351119975018,0,True
359833,53,apple,a photo of a apple,0.6067410209797082,GE_MAP,all,GE_POS3_CASR,0.5774546698597331,0.7538464604591837,0.732134724240387,0.5805331040412726,0.9909005518375015,29075,16879,1187,True,0.029174623382134522,1,True,False,-0.029286351119975018,0,True
23034,1,person,a photo of a person,0.2480005038100636,GE_MAP,all,GE_MAP,0.2480005038100636,0.7620176977040817,0.39743654438108694,0.3429716077338443,0.47246550689862027,11482,3938,287,True,0.021742424242424244,19,True,False,0.0,-1,False
23034,1,person,a photo of a person,0.2480005038100636,GE_MAP,all,GE_POS3_SAM,0.8572602418124193,0.9757653061224489,0.9231449879914043,0.975424068385201,0.8761847630473906,7487,7303,0,True,0.006143982903699746,27,True,False,0.6092597380023557,0,True
23034,1,person,a photo of a person,0.2480005038100636,GE_MAP,all,GE_POS3_SMART,0.5008347245409015,0.9165736607142857,0.6674082313681868,0.9880028228652082,0.5038992201559688,4251,4200,0,True,0.0,-1,True,False,0.2528342207308379,2,True
23034,1,person,a photo of a person,0.2480005038100636,GE_MAP,all,GE_POS3_CASR,0.5008347245409015,0.9165736607142857,0.6674082313681868,0.9880028228652082,0.5038992201559688,4251,4200,0,True,0.0,-1,True,False,0.2528342207308379,2,True
23034,19,horse,a photo of a horse,0.3855374336804873,GE_MAP,all,GE_MAP,0.3855374336804873,0.9376793686224489,0.5565168061267906,0.38882282996432815,0.9785536159600997,5046,1962,606,True,0.04833907865872767,1,True,False,0.0,-1,False
23034,19,horse,a photo of a horse,0.3855374336804873,GE_MAP,all,GE_POS3_SAM,0.6891891891891891,0.9848732461734694,0.816,0.7938679245283019,0.8394014962593517,2120,1683,352,True,0.03586644208857624,1,True,False,0.3036517555087018,0,True
23034,19,horse,a photo of a horse,0.3855374336804873,GE_MAP,all,GE_POS3_SMART,0.6891891891891891,0.9848732461734694,0.816,0.7938679245283019,0.8394014962593517,2120,1683,352,True,0.03586644208857624,1,True,False,0.3036517555087018,0,True
23034,19,horse,a photo of a horse,0.3855374336804873,GE_MAP,all,GE_POS3_CASR,0.6891891891891891,0.9848732461734694,0.816,0.7938679245283019,0.8394014962593517,2120,1683,352,True,0.03586644208857624,1,True,False,0.3036517555087018,0,True
36936,72,tv,a photo of a tv,0.10009705596894208,GE_MAP,all,GE_MAP,0.10009705596894208,0.7228156887755102,0.18197859075402895,0.10146923783287419,0.8809794988610479,15246,1547,5559,False,0.16007780765490018,63,False,False,0.0,-1,False
36936,72,tv,a photo of a tv,0.10009705596894208,GE_MAP,all,GE_POS3_SAM,0.18497354497354498,0.8465003188775511,0.31219860689408824,0.1851302690108028,0.9954441913439636,9442,1748,2665,False,0.22021751960205715,63,False,False,0.0848764890046029,0,True
36936,72,tv,a photo of a tv,0.10009705596894208,GE_MAP,all,GE_POS3_SMART,0.2312184762410406,0.8845663265306123,0.375592927986201,0.23164893617021276,0.9920273348519362,7520,1742,1987,False,0.1810482732662087,63,True,False,0.13112142027209853,1,True
36936,72,tv,a photo of a tv,0.10009705596894208,GE_MAP,all,GE_POS3_CASR,0.2312184762410406,0.8845663265306123,0.375592927986201,0.23164893617021276,0.9920273348519362,7520,1742,1987,False,0.1810482732662087,63,True,False,0.13112142027209853,1,True
36936,63,couch,a photo of a couch,0.22273567467652494,GE_MAP,all,GE_MAP,0.22273567467652494,0.7150629783163265,0.36432350718065004,0.23465063001145475,0.8143510236533492,17460,4097,4002,True,0.11295459013170828,1,True,False,0.0,-1,False
36936,63,couch,a photo of a couch,0.22273567467652494,GE_MAP,all,GE_POS3_SAM,0.1679470011981112,0.7647082270408163,0.28759353125754283,0.20648124079369207,0.473663287616776,11541,2383,1699,True,0.08248319876226853,1,True,False,-0.054788673478413735,0,True
36936,63,couch,a photo of a couch,0.22273567467652494,GE_MAP,all,GE_POS3_SMART,0.1679470011981112,0.7647082270408163,0.28759353125754283,0.20648124079369207,0.473663287616776,11541,2383,1699,True,0.08248319876226853,1,True,False,-0.054788673478413735,0,True
36936,63,couch,a photo of a couch,0.22273567467652494,GE_MAP,all,GE_POS3_CASR,0.22273567467652494,0.7150629783163265,0.36432350718065004,0.23465063001145475,0.8143510236533492,17460,4097,4002,True,0.11295459013170828,1,True,False,0.0,0,False
184384,67,dining table,a photo of a dining table,0.08768920715235196,GE_MAP,all,GE_MAP,0.08768920715235196,0.5759725765306123,0.16123945438776316,0.0899533738013548,0.7769756838905775,22734,2045,10518,False,0.1893976885680184,61,False,False,0.0,-1,False
184384,67,dining table,a photo of a dining table,0.08768920715235196,GE_MAP,all,GE_POS3_SAM,0.0,0.7952606823979592,0.0,0.0,0.0,7641,0,3828,False,0.26543334003619545,47,False,False,-0.08768920715235196,1,True
184384,67,dining table,a photo of a dining table,0.08768920715235196,GE_MAP,all,GE_POS3_SMART,0.0,0.5933314732142857,0.0,0.0,0.0,17773,0,15542,False,0.681784107946027,61,False,True,-0.08768920715235196,0,True
184384,67,dining table,a photo of a dining table,0.08768920715235196,GE_MAP,all,GE_POS3_CASR,0.08768920715235196,0.5759725765306123,0.16123945438776316,0.0899533738013548,0.7769756838905775,22734,2045,10518,False,0.1893976885680184,61,False,False,0.0,0,False
184384,1,person,a photo of a person,0.03832684824902724,GE_MAP,all,GE_MAP,0.03832684824902724,0.6059470663265306,0.07382424583099119,0.039834192700434735,0.5031928480204342,19782,788,7486,False,0.12174839454292563,61,False,False,0.0,-1,False
184384,1,person,a photo of a person,0.03832684824902724,GE_MAP,all,GE_POS3_SAM,0.06134541652143604,0.8926578443877551,0.11559934318555008,0.07780725022104333,0.2247765006385696,4524,352,73,True,0.0028783987246479496,61,True,False,0.0230185682724088,2,True
184384,1,person,a photo of a person,0.03832684824902724,GE_MAP,all,GE_POS3_SMART,0.03645330760158679,0.8208904655612245,0.0703424019861384,0.04197012714479694,0.21711366538952745,8101,340,204,True,0.007414236871422535,61,True,False,-0.0018735406474404484,0,True
184384,1,person,a photo of a person,0.03832684824902724,GE_MAP,all,GE_POS3_CASR,0.03832684824902724,0.6059470663265306,0.07382424583099119,0.039834192700434735,0.5031928480204342,19782,788,7486,False,0.12174839454292563,61,False,False,0.0,0,False
520832,28,umbrella,a photo of a umbrella,0.05230572160546541,GE_MAP,all,GE_MAP,0.05230572160546541,0.646125637755102,0.09941164536417123,0.05423653771653107,0.5950212507589556,18069,980,1003,False,0.050080775444264945,1,True,False,0.0,-1,False
520832,28,umbrella,a photo of a umbrella,0.05230572160546541,GE_MAP,all,GE_POS3_SAM,0.12292805304184212,0.8049067283163265,0.21894199313811538,0.1260334374425868,0.833029751062538,10886,1372,417,True,0.032733354571519595,1,True,False,0.07062233143637671,1,True
520832,28,umbrella,a photo of a umbrella,0.05230572160546541,GE_MAP,all,GE_POS3_SMART,0.05551552581917996,0.45139110331632654,0.10519130123850079,0.05557082016760544,0.9823922282938676,29116,1618,436,True,0.014008970941948905,1,True,False,0.0032098042137145497,0,True
520832,28,umbrella,a photo of a umbrella,0.05230572160546541,GE_MAP,all,GE_POS3_CASR,0.05230572160546541,0.646125637755102,0.09941164536417123,0.05423653771653107,0.5950212507589556,18069,980,1003,False,0.050080775444264945,1,True,False,0.0,0,False
520832,31,handbag,a photo of a handbag,0.03864877701258609,GE_MAP,all,GE_MAP,0.03864877701258609,0.6772759885204082,0.0744212632180623,0.03898903994729592,0.8157894736842105,16697,651,979,False,0.07413339434847271,1,False,False,0.0,-1,False
520832,31,handbag,a photo of a handbag,0.03864877701258609,GE_MAP,all,GE_POS3_SAM,0.006793478260869565,0.7377630739795918,0.01349527665317139,0.007177033492822967,0.11278195488721804,12540,90,484,False,0.04012235896706268,1,False,False,-0.03185529875171652,1,True
520832,31,handbag,a photo of a handbag,0.03864877701258609,GE_MAP,all,GE_POS3_SMART,0.0062605912257578614,0.5792610012755102,0.012443280160920616,0.006462899071869381,0.16666666666666666,20579,133,710,False,0.03854438791878638,1,False,False,-0.03238818578682823,0,True
520832,31,handbag,a photo of a handbag,0.03864877701258609,GE_MAP,all,GE_POS3_CASR,0.0062605912257578614,0.5792610012755102,0.012443280160920616,0.006462899071869381,0.16666666666666666,20579,133,710,False,0.03854438791878638,1,False,False,-0.03238818578682823,0,True
289059,43,tennis racket,a photo of a tennis racket,0.18901257130198815,GE_MAP,all,GE_MAP,0.18901257130198815,0.7081473214285714,0.31793199813693523,0.18957951452535687,0.9844245745601384,18003,3413,7641,False,0.2231078015009599,1,False,False,0.0,-1,False
289059,43,tennis racket,a photo of a tennis racket,0.18901257130198815,GE_MAP,all,GE_POS3_SAM,0.0345993756503642,0.7041613520408163,0.06688458637163691,0.04276183586528414,0.15344678396308048,12441,532,11749,False,0.4749565428305777,1,False,False,-0.15441319565162395,0,True
289059,43,tennis racket,a photo of a tennis racket,0.18901257130198815,GE_MAP,all,GE_POS3_SMART,0.18706221672847137,0.8820352359693877,0.3151683443248872,0.2631375579598145,0.39284684164984135,5176,1362,3647,False,0.14367906066536204,1,True,False,-0.001950354573516777,1,True
289059,43,tennis racket,a photo of a tennis racket,0.18901257130198815,GE_MAP,all,GE_POS3_CASR,0.18706221672847137,0.8820352359693877,0.3151683443248872,0.2631375579598145,0.39284684164984135,5176,1362,3647,False,0.14367906066536204,1,True,False,-0.001950354573516777,1,True
289059,1,person,a photo of a person,0.5009490547414774,GE_MAP,all,GE_MAP,0.5009490547414774,0.7380022321428571,0.6675097374677526,0.8517394952559221,0.5488043252235392,15493,13196,4,True,0.0004749089757796422,43,True,False,0.0,-1,False
289059,1,person,a photo of a person,0.5009490547414774,GE_MAP,all,GE_POS3_SAM,0.21580685101114322,0.6213129783163265,0.3550018670015954,0.9658293313631326,0.21746724890829694,5414,5229,0,True,0.0,-1,True,False,-0.2851422037303342,2,True
289059,1,person,a photo of a person,0.5009490547414774,GE_MAP,all,GE_POS3_SMART,0.6554368892004453,0.8334661989795918,0.7918597120510138,0.9872057636171666,0.6610521938032855,16101,15895,0,True,0.0,-1,True,False,0.15448783445896785,0,True
289059,1,person,a photo of a person,0.5009490547414774,GE_MAP,all,GE_POS3_CASR,0.6554368892004453,0.8334661989795918,0.7918597120510138,0.9872057636171666,0.6610521938032855,16101,15895,0,True,0.0,-1,True,False,0.15448783445896785,0,True
315492,1,person,a photo of a person,0.17009302859768002,GE_MAP,all,GE_MAP,0.17009302859768002,0.7119738520408163,0.2907341970946211,0.17459475390509874,0.8683670477865728,16965,2962,325,True,0.014034717458977471,70,True,False,0.0,-1,False
315492,1,person,a photo of a person,0.17009302859768002,GE_MAP,all,GE_POS3_SAM,0.8816500711237554,0.9917091836734694,0.9371031146053825,0.967530440212301,0.9085312225153914,3203,3099,0,True,0.0,-1,True,False,0.7115570425260753,1,True
315492,1,person,a photo of a person,0.17009302859768002,GE_MAP,all,GE_POS3_SMART,0.8816500711237554,0.9917091836734694,0.9371031146053825,0.967530440212301,0.9085312225153914,3203,3099,0,True,0.0,-1,True,False,0.7115570425260753,1,True
315492,1,person,a photo of a person,0.17009302859768002,GE_MAP,all,GE_POS3_CASR,0.8816500711237554,0.9917091836734694,0.9371031146053825,0.967530440212301,0.9085312225153914,3203,3099,0,True,0.0,-1,True,False,0.7115570425260753,1,True
315492,70,toilet,a photo of a toilet,0.14186407504893028,GE_MAP,all,GE_MAP,0.14186407504893028,0.7465919961734694,0.2484780424374963,0.1433344698261166,0.9325643300798581,14665,2102,983,True,0.06302042772419578,88,True,False,0.0,-1,False
315492,70,toilet,a photo of a toilet,0.14186407504893028,GE_MAP,all,GE_POS3_SAM,0.11144299103924193,0.6561304209183674,0.20053748494115467,0.11196192052980132,0.9600709849157054,19328,2164,2035,True,0.09794698417364887,88,True,False,-0.03042108400968835,0,True
315492,70,toilet,a photo of a toilet,0.14186407504893028,GE_MAP,all,GE_POS3_SMART,0.2893974906935061,0.8972815688775511,0.4488879384088965,0.2957171034094111,0.9312333629103815,7098,2099,1921,True,0.24440640665117985,88,True,False,0.14753341564457584,1,True
315492,70,toilet,a photo of a toilet,0.14186407504893028,GE_MAP,all,GE_POS3_CASR,0.2893974906935061,0.8972815688775511,0.4488879384088965,0.2957171034094111,0.9312333629103815,7098,2099,1921,True,0.24440640665117985,88,True,False,0.14753341564457584,1,True
394275,1,person,a photo of a person,0.0075917859365276915,GE_MAP,all,GE_MAP,0.0075917859365276915,0.6821588010204082,0.015069169960474308,0.008461058325820099,0.06880992667794698,14419,122,12479,False,0.37635147243294903,6,False,False,0.0,-1,False
394275,1,person,a photo of a person,0.0075917859365276915,GE_MAP,all,GE_POS3_SAM,0.05660377358490566,0.4110730229591837,0.10714285714285714,0.05660377358490566,1.0,31323,1773,29219,False,0.9686513517737146,6,False,True,0.04901198764837797,0,True
394275,1,person,a photo of a person,0.0075917859365276915,GE_MAP,all,GE_POS3_SMART,0.05660377358490566,0.4110730229591837,0.10714285714285714,0.05660377358490566,1.0,31323,1773,29219,False,0.9686513517737146,6,False,True,0.04901198764837797,0,True
394275,1,person,a photo of a person,0.0075917859365276915,GE_MAP,all,GE_POS3_CASR,0.05660377358490566,0.4110730229591837,0.10714285714285714,0.05660377358490566,1.0,31323,1773,29219,False,0.9686513517737146,6,False,True,0.04901198764837797,0,True
394275,6,bus,a photo of a bus,0.5887530853183454,GE_MAP,all,GE_MAP,0.5887530853183454,0.7243901466836735,0.7411511464670099,0.909792748495014,0.6252526528549772,21761,19798,0,True,0.0062425175303574484,1,True,False,0.0,-1,False
394275,6,bus,a photo of a bus,0.5887530853183454,GE_MAP,all,GE_POS3_SAM,0.9679944447951518,0.9797911352040817,0.9837369687249399,0.9994134132829303,0.968544719555331,30686,30668,0,True,0.05777879163136283,1,True,False,0.3792413594768065,0,True
394275,6,bus,a photo of a bus,0.5887530853183454,GE_MAP,all,GE_POS3_SMART,0.9679944447951518,0.9797911352040817,0.9837369687249399,0.9994134132829303,0.968544719555331,30686,30668,0,True,0.05777879163136283,1,True,False,0.3792413594768065,0,True
394275,6,bus,a photo of a bus,0.5887530853183454,GE_MAP,all,GE_POS3_CASR,0.9679944447951518,0.9797911352040817,0.9837369687249399,0.9994134132829303,0.968544719555331,30686,30668,0,True,0.05777879163136283,1,True,False,0.3792413594768065,0,True
415716,63,couch,a photo of a couch,0.07808345542351729,GE_MAP,all,GE_MAP,0.07808345542351729,0.6613919005102041,0.14485604992953494,0.07946325031752167,0.8180784536668562,18109,1439,4118,False,0.20179671457905543,62,False,False,0.0,-1,False
415716,63,couch,a photo of a couch,0.07808345542351729,GE_MAP,all,GE_POS3_SAM,0.0,0.6372169961734694,0.0,0.0,0.0,16444,0,1924,False,0.09441368897835933,62,False,False,-0.07808345542351729,0,True
415716,63,couch,a photo of a couch,0.07808345542351729,GE_MAP,all,GE_POS3_SMART,0.0,0.7518136160714286,0.0,0.0,0.0,10694,0,3911,False,0.3037737386910099,62,False,False,-0.07808345542351729,1,True
415716,63,couch,a photo of a couch,0.07808345542351729,GE_MAP,all,GE_POS3_CASR,0.0,0.7518136160714286,0.0,0.0,0.0,10694,0,3911,False,0.3037737386910099,62,False,False,-0.07808345542351729,1,True
415716,62,chair,a photo of a chair,0.26547529335773495,GE_MAP,all,GE_MAP,0.26547529335773495,0.7280373086734694,0.41956614206720544,0.2708699472759227,0.930215013202565,18208,4932,353,True,0.008434343434343435,63,True,False,0.0,-1,False
415716,62,chair,a photo of a chair,0.26547529335773495,GE_MAP,all,GE_POS3_SAM,0.8138528138528138,0.9802893813775511,0.8973747016706444,0.9974625144175318,0.8155413051678612,4335,4324,0,True,0.0,-1,True,False,0.5483775204950789,1,True
415716,62,chair,a photo of a chair,0.26547529335773495,GE_MAP,all,GE_POS3_SMART,0.8138528138528138,0.9802893813775511,0.8973747016706444,0.9974625144175318,0.8155413051678612,4335,4324,0,True,0.0,-1,True,False,0.5483775204950789,1,True
415716,62,chair,a photo of a chair,0.26547529335773495,GE_MAP,all,GE_POS3_CASR,0.8138528138528138,0.9802893813775511,0.8973747016706444,0.9974625144175318,0.8155413051678612,4335,4324,0,True,0.0,-1,True,False,0.5483775204950789,1,True
455267,57,carrot,a photo of a carrot,0.04481631082900558,GE_MAP,all,GE_MAP,0.04481631082900558,0.7030851403061225,0.0857879234167894,0.04481631082900558,1.0,15597,699,10915,False,0.28549168011575493,56,False,False,0.0,-1,False
455267,57,carrot,a photo of a carrot,0.04481631082900558,GE_MAP,all,GE_POS3_SAM,0.25244215938303344,0.9710220025510204,0.40311986863711,0.282671272308578,0.7024320457796852,1737,491,1246,False,0.04266136162687887,79,True,False,0.20762584855402785,2,True
455267,57,carrot,a photo of a carrot,0.04481631082900558,GE_MAP,all,GE_POS3_SMART,0.06121700879765396,0.7958386479591837,0.1153713298791019,0.06139141623012591,0.9556509298998569,10881,668,10213,False,0.6045212533822117,56,False,True,0.016400697968648383,0,True
455267,57,carrot,a photo of a carrot,0.04481631082900558,GE_MAP,all,GE_POS3_CASR,0.06121700879765396,0.7958386479591837,0.1153713298791019,0.06139141623012591,0.9556509298998569,10881,668,10213,False,0.6045212533822117,56,False,True,0.016400697968648383,0,True
455267,79,oven,a photo of a oven,0.45624541387554146,GE_MAP,all,GE_MAP,0.45624541387554146,0.5421715561224489,0.6266051168687624,0.9264154570796885,0.4734011199528441,20806,19275,0,True,0.1178328858000316,56,True,False,0.0,-1,False
455267,79,oven,a photo of a oven,0.45624541387554146,GE_MAP,all,GE_POS3_SAM,0.776809388196013,0.8188177614795918,0.8743868569770494,0.9994945825567805,0.777114647804303,31657,31641,0,True,0.2360015150558677,56,True,False,0.3205639743204715,0,True
455267,79,oven,a photo of a oven,0.45624541387554146,GE_MAP,all,GE_POS3_SMART,0.776809388196013,0.8188177614795918,0.8743868569770494,0.9994945825567805,0.777114647804303,31657,31641,0,True,0.2360015150558677,56,True,False,0.3205639743204715,0,True
455267,79,oven,a photo of a oven,0.45624541387554146,GE_MAP,all,GE_POS3_CASR,0.776809388196013,0.8188177614795918,0.8743868569770494,0.9994945825567805,0.777114647804303,31657,31641,0,True,0.2360015150558677,56,True,False,0.3205639743204715,0,True
194875,4,motorcycle,a photo of a motorcycle,0.6817949504242052,GE_MAP,all,GE_MAP,0.6817949504242052,0.8759167729591837,0.8107943840029174,0.8624256529609516,0.7649959857781856,15468,13340,295,True,0.010814606741573033,1,True,False,0.0,-1,False
194875,4,motorcycle,a photo of a motorcycle,0.6817949504242052,GE_MAP,all,GE_POS3_SAM,0.7952238805970149,0.9248046875,0.8859328234120386,0.9368885478611164,0.8402339717857552,15639,14652,6,True,0.0004202942059441609,62,True,False,0.11342893017280964,0,True
194875,4,motorcycle,a photo of a motorcycle,0.6817949504242052,GE_MAP,all,GE_POS3_SMART,0.7952238805970149,0.9248046875,0.8859328234120386,0.9368885478611164,0.8402339717857552,15639,14652,6,True,0.0004202942059441609,62,True,False,0.11342893017280964,0,True
194875,4,motorcycle,a photo of a motorcycle,0.6817949504242052,GE_MAP,all,GE_POS3_CASR,0.7952238805970149,0.9248046875,0.8859328234120386,0.9368885478611164,0.8402339717857552,15639,14652,6,True,0.0004202942059441609,62,True,False,0.11342893017280964,0,True
194875,1,person,a photo of a person,0.11685502622613962,GE_MAP,all,GE_MAP,0.11685502622613962,0.6745057397959183,0.20925728672412122,0.14871653705870208,0.35293156949207904,14531,2161,1835,True,0.04477270499035916,4,True,False,0.0,-1,False
194875,1,person,a photo of a person,0.11685502622613962,GE_MAP,all,GE_POS3_SAM,0.3999689103062335,0.9230707908163265,0.5713968465467466,0.8924731182795699,0.4202188469704393,2883,2573,24,True,0.005076142131979695,31,True,False,0.28311388408009386,0,True
194875,1,person,a photo of a person,0.11685502622613962,GE_MAP,all,GE_POS3_SMART,0.09414961636828645,0.8870575573979592,0.1720964207450694,0.8157894736842105,0.0961946758125102,722,589,4,True,0.0002203128442388191,4,True,False,-0.022705409857853173,2,True
194875,1,person,a photo of a person,0.11685502622613962,GE_MAP,all,GE_POS3_CASR,0.09414961636828645,0.8870575573979592,0.1720964207450694,0.8157894736842105,0.0961946758125102,722,589,4,True,0.0002203128442388191,4,True,False,-0.022705409857853173,2,True
381360,42,surfboard,a photo of a surfboard,0.04825260576333538,GE_MAP,all,GE_MAP,0.04825260576333538,0.6906289859693877,0.09206293501783938,0.04825260576333538,1.0,16310,787,586,True,0.033135135135135135,1,True,False,0.0,-1,False
381360,42,surfboard,a photo of a surfboard,0.04825260576333538,GE_MAP,all,GE_POS3_SAM,0.009637711917305435,0.20948262117346939,0.019091426169102553,0.00973518284993695,0.49047013977128334,39650,386,12,True,0.0003298852470604868,1,True,False,-0.038614893846029945,0,True
381360,42,surfboard,a photo of a surfboard,0.04825260576333538,GE_MAP,all,GE_POS3_SMART,0.01921579874626132,0.5229193239795918,0.037707026853191834,0.019469467391755573,0.5959339263024143,24089,469,10,True,0.0003719961312402351,1,True,False,-0.02903680701707406,2,True
381360,42,surfboard,a photo of a surfboard,0.04825260576333538,GE_MAP,all,GE_POS3_CASR,0.01921579874626132,0.5229193239795918,0.037707026853191834,0.019469467391755573,0.5959339263024143,24089,469,10,True,0.0003719961312402351,1,True,False,-0.02903680701707406,2,True
381360,1,person,a photo of a person,0.19950030284675954,GE_MAP,all,GE_MAP,0.19950030284675954,0.7892817283163265,0.3326390203875529,0.20207055214723926,0.940064216910453,13040,2635,685,True,0.054288982081585974,42,True,False,0.0,-1,False
381360,1,person,a photo of a person,0.19950030284675954,GE_MAP,all,GE_POS3_SAM,0.5730039700044112,0.9614158163265306,0.7285473920358946,0.6001386001386001,0.9268640742062076,4329,2598,2,True,0.0021547502448579824,42,True,False,0.3735036671576516,1,True
381360,1,person,a photo of a person,0.19950030284675954,GE_MAP,all,GE_POS3_SMART,0.5730039700044112,0.9614158163265306,0.7285473920358946,0.6001386001386001,0.9268640742062076,4329,2598,2,True,0.0021547502448579824,42,True,False,0.3735036671576516,1,True
381360,1,person,a photo of a person,0.19950030284675954,GE_MAP,all,GE_POS3_CASR,0.5730039700044112,0.9614158163265306,0.7285473920358946,0.6001386001386001,0.9268640742062076,4329,2598,2,True,0.0021547502448579824,42,True,False,0.3735036671576516,1,True
10583,67,dining table,a photo of a dining table,0.35349332896112146,GE_MAP,all,GE_MAP,0.35349332896112146,0.37131297831632654,0.5223421813721779,0.8801347144971169,0.371371974851434,19597,17248,0,True,0.274906139785354,54,True,False,0.0,-1,False
10583,67,dining table,a photo of a dining table,0.35349332896112146,GE_MAP,all,GE_POS3_SAM,0.18324639585985952,0.2073700573979592,0.30973497405279693,0.7986216772576747,0.1921238480751012,11173,8923,0,True,0.0026664544115891273,54,True,False,-0.17024693310126193,0,True
10583,67,dining table,a photo of a dining table,0.35349332896112146,GE_MAP,all,GE_POS3_SMART,0.0061781398563320695,0.05424904336734694,0.012280409624510866,0.184375,0.006351735423305486,1600,295,0,True,0.07761053621825023,49,False,False,-0.34731518910478937,2,True
10583,67,dining table,a photo of a dining table,0.35349332896112146,GE_MAP,all,GE_POS3_CASR,0.0061781398563320695,0.05424904336734694,0.012280409624510866,0.184375,0.006351735423305486,1600,295,0,True,0.07761053621825023,49,False,False,-0.34731518910478937,2,True
10583,54,sandwich,a photo of a sandwich,0.43678691856436785,GE_MAP,all,GE_MAP,0.43678691856436785,0.7569953762755102,0.6080051438675455,0.5535003512058067,0.674416946009557,17084,9456,5813,True,0.3163969415031393,67,True,False,0.0,-1,False
10583,54,sandwich,a photo of a sandwich,0.43678691856436785,GE_MAP,all,GE_POS3_SAM,0.059792943165011624,0.7339365433673469,0.11283891547049442,0.8266796494644596,0.06055202909920833,1027,849,3,True,0.018275810291941055,67,True,False,-0.37699397539935625,2,True
10583,54,sandwich,a photo of a sandwich,0.43678691856436785,GE_MAP,all,GE_POS3_SMART,0.9060773480662984,0.9728954081632653,0.9507246376811594,0.9661978054348627,0.9357392482704515,13579,13120,278,True,0.28735656836461126,67,True,False,0.4692904295019305,0,True
10583,54,sandwich,a photo of a sandwich,0.43678691856436785,GE_MAP,all,GE_POS3_CASR,0.9060773480662984,0.9728954081632653,0.9507246376811594,0.9661978054348627,0.9357392482704515,13579,13120,278,True,0.28735656836461126,67,True,False,0.4692904295019305,0,True
329456,31,handbag,a photo of a handbag,0.026990896938060983,GE_MAP,all,GE_MAP,0.026990896938060983,0.6953722895408163,0.052563069484906716,0.02714642422690313,0.8249027237354085,15619,424,9344,False,0.2787348044016823,1,False,False,0.0,-1,False
329456,31,handbag,a photo of a handbag,0.026990896938060983,GE_MAP,all,GE_POS3_SAM,0.45553359683794464,0.9890186543367347,0.6259334691106585,0.4807090719499479,0.896887159533074,959,461,498,False,0.11365807067812798,60,True,False,0.42854269989988364,2,True
329456,31,handbag,a photo of a handbag,0.026990896938060983,GE_MAP,all,GE_POS3_SMART,0.45553359683794464,0.9890186543367347,0.6259334691106585,0.4807090719499479,0.896887159533074,959,461,498,False,0.11365807067812798,60,True,False,0.42854269989988364,2,True
329456,31,handbag,a photo of a handbag,0.026990896938060983,GE_MAP,all,GE_POS3_CASR,0.45553359683794464,0.9890186543367347,0.6259334691106585,0.4807090719499479,0.896887159533074,959,461,498,False,0.11365807067812798,60,True,False,0.42854269989988364,2,True
329456,1,person,a photo of a person,0.3360018168398342,GE_MAP,all,GE_MAP,0.3360018168398342,0.5338408801020408,0.5029960477667758,0.6470941993330053,0.41138646553821556,18291,11836,27,True,0.004926641762763251,54,True,False,0.0,-1,False
329456,1,person,a photo of a person,0.3360018168398342,GE_MAP,all,GE_POS3_SAM,0.18531759805623046,0.5322265625,0.31268851210870013,0.9927482335440684,0.1855688019185986,5378,5339,0,True,0.0034059945504087193,31,True,False,-0.15068421878360375,0,True
329456,1,person,a photo of a person,0.3360018168398342,GE_MAP,all,GE_POS3_SMART,0.18531759805623046,0.5322265625,0.31268851210870013,0.9927482335440684,0.1855688019185986,5378,5339,0,True,0.0034059945504087193,31,True,False,-0.15068421878360375,0,True
329456,1,person,a photo of a person,0.3360018168398342,GE_MAP,all,GE_POS3_CASR,0.18531759805623046,0.5322265625,0.31268851210870013,0.9927482335440684,0.1855688019185986,5378,5339,0,True,0.0034059945504087193,31,True,False,-0.15068421878360375,0,True
335529,15,bench,a photo of a bench,0.7116570236175661,GE_MAP,all,GE_MAP,0.7116570236175661,0.9394132653061225,0.8315416158705531,0.7297218439992219,0.9663833075734157,10282,7503,69,True,0.006164016437377166,9,True,False,0.0,-1,False
335529,15,bench,a photo of a bench,0.7116570236175661,GE_MAP,all,GE_POS3_SAM,0.7183207086917448,0.9562739158163265,0.8360729228930066,0.9955516014234875,0.7206336939721792,5620,5595,9,True,0.0013652912621359224,9,True,False,0.0066636850741786935,0,True
335529,15,bench,a photo of a bench,0.7116570236175661,GE_MAP,all,GE_POS3_SMART,0.7183207086917448,0.9562739158163265,0.8360729228930066,0.9955516014234875,0.7206336939721792,5620,5595,9,True,0.0013652912621359224,9,True,False,0.0066636850741786935,0,True
335529,15,bench,a photo of a bench,0.7116570236175661,GE_MAP,all,GE_POS3_CASR,0.7183207086917448,0.9562739158163265,0.8360729228930066,0.9955516014234875,0.7206336939721792,5620,5595,9,True,0.0013652912621359224,9,True,False,0.0066636850741786935,0,True
335529,9,boat,a photo of a boat,0.0553744031675789,GE_MAP,all,GE_MAP,0.0553744031675789,0.6766780931122449,0.10493793103448276,0.05547130191320579,0.9694189602446484,17144,951,4717,False,0.2336189391312961,15,False,False,0.0,-1,False
335529,9,boat,a photo of a boat,0.0553744031675789,GE_MAP,all,GE_POS3_SAM,0.4597233523189585,0.9867665816326531,0.6298773690078038,0.6949569495694957,0.5759429153924567,813,565,0,True,0.0,-1,True,False,0.4043489491513796,1,True
335529,9,boat,a photo of a boat,0.0553744031675789,GE_MAP,all,GE_POS3_SMART,0.4597233523189585,0.9867665816326531,0.6298773690078038,0.6949569495694957,0.5759429153924567,813,565,0,True,0.0,-1,True,False,0.4043489491513796,1,True
335529,9,boat,a photo of a boat,0.0553744031675789,GE_MAP,all,GE_POS3_CASR,0.4597233523189585,0.9867665816326531,0.6298773690078038,0.6949569495694957,0.5759429153924567,813,565,0,True,0.0,-1,True,False,0.4043489491513796,1,True
451084,1,person,a photo of a person,0.3680207026348808,GE_MAP,all,GE_MAP,0.3680207026348808,0.8393853635204082,0.5380338205789624,0.38727512790889584,0.8809836681058757,12118,4693,875,True,0.07090425102847463,41,True,False,0.0,-1,False
451084,1,person,a photo of a person,0.3680207026348808,GE_MAP,all,GE_POS3_SAM,0.2951762523191095,0.9242865114795918,0.4558086234063888,0.9619105199516325,0.2986671672611226,1654,1591,0,True,0.0,-1,True,False,-0.0728444503157713,2,True
451084,1,person,a photo of a person,0.3680207026348808,GE_MAP,all,GE_POS3_SMART,0.7670384138785625,0.9737723214285714,0.8681626928471248,0.9308270676691729,0.8134034165571616,4655,4333,4,True,0.0006885866758478223,41,True,False,0.39901771124368174,0,True
451084,1,person,a photo of a person,0.3680207026348808,GE_MAP,all,GE_POS3_CASR,0.7670384138785625,0.9737723214285714,0.8681626928471248,0.9308270676691729,0.8134034165571616,4655,4333,4,True,0.0006885866758478223,41,True,False,0.39901771124368174,0,True
451084,41,skateboard,a photo of a skateboard,0.07130980971734713,GE_MAP,all,GE_MAP,0.07130980971734713,0.6994379783163265,0.13312640110363855,0.07130980971734713,1.0,16239,1158,4546,False,0.2673953925716972,1,False,False,0.0,-1,False
451084,41,skateboard,a photo of a skateboard,0.07130980971734713,GE_MAP,all,GE_POS3_SAM,0.8005093378607809,0.9953164859693877,0.8892032060348892,0.9792315680166147,0.8143350604490501,963,943,0,True,0.0004771751232702402,1,True,False,0.7291995281434338,2,True
451084,41,skateboard,a photo of a skateboard,0.07130980971734713,GE_MAP,all,GE_POS3_SMART,0.8005093378607809,0.9953164859693877,0.8892032060348892,0.9792315680166147,0.8143350604490501,963,943,0,True,0.0004771751232702402,1,True,False,0.7291995281434338,2,True
451084,41,skateboard,a photo of a skateboard,0.07130980971734713,GE_MAP,all,GE_POS3_CASR,0.8005093378607809,0.9953164859693877,0.8892032060348892,0.9792315680166147,0.8143350604490501,963,943,0,True,0.0004771751232702402,1,True,False,0.7291995281434338,2,True
458702,14,parking meter,a photo of a parking meter,0.19540229885057472,GE_MAP,all,GE_MAP,0.19540229885057472,0.7419084821428571,0.3269230769230769,0.19540229885057472,1.0,16095,3145,1135,True,0.06931721021131061,3,True,False,0.0,-1,False
458702,14,parking meter,a photo of a parking meter,0.19540229885057472,GE_MAP,all,GE_POS3_SAM,0.5502860306329581,0.9514309630102041,0.7099154862516367,0.567351598173516,0.9481717011128776,5256,2982,0,True,0.0,-1,True,False,0.3548837317823834,1,True
458702,14,parking meter,a photo of a parking meter,0.19540229885057472,GE_MAP,all,GE_POS3_SMART,0.3231524989320803,0.8736846301020408,0.4884584342211461,0.3273120605732829,0.9621621621621622,9245,3026,0,True,0.0,-1,True,False,0.1277502000815056,0,True
458702,14,parking meter,a photo of a parking meter,0.19540229885057472,GE_MAP,all,GE_POS3_CASR,0.3231524989320803,0.8736846301020408,0.4884584342211461,0.3273120605732829,0.9621621621621622,9245,3026,0,True,0.0,-1,True,False,0.1277502000815056,0,True
458702,3,car,a photo of a car,0.09985845718329794,GE_MAP,all,GE_MAP,0.09985845718329794,0.7465122767857143,0.18158419664114278,0.09987966305655836,0.9978783592644979,14127,1411,1336,True,0.08383534136546185,14,True,False,0.0,-1,False
458702,3,car,a photo of a car,0.09985845718329794,GE_MAP,all,GE_POS3_SAM,0.19148936170212766,0.8947305484693877,0.32142857142857145,0.19638932496075354,0.8847241867043847,6370,1251,3006,False,0.46182209248732525,14,False,False,0.09163090451882971,0,True
458702,3,car,a photo of a car,0.09985845718329794,GE_MAP,all,GE_POS3_SMART,0.19148936170212766,0.8947305484693877,0.32142857142857145,0.19638932496075354,0.8847241867043847,6370,1251,3006,False,0.46182209248732525,14,False,False,0.09163090451882971,0,True
458702,3,car,a photo of a car,0.09985845718329794,GE_MAP,all,GE_POS3_CASR,0.19148936170212766,0.8947305484693877,0.32142857142857145,0.19638932496075354,0.8847241867043847,6370,1251,3006,False,0.46182209248732525,14,False,False,0.09163090451882971,0,True
499622,1,person,a photo of a person,0.05320427236315087,GE_MAP,all,GE_MAP,0.05320427236315087,0.7173349808673469,0.10103314952145528,0.06361749680715198,0.24530624807633117,12528,797,917,False,0.04903636002384264,4,True,False,0.0,-1,False
499622,1,person,a photo of a person,0.05320427236315087,GE_MAP,all,GE_POS3_SAM,0.18054313813142603,0.7077287946428571,0.3058645335352866,0.1807249133012641,0.9944598337950139,17878,3231,12221,False,0.6628607343005289,4,False,True,0.12733886576827516,0,True
499622,1,person,a photo of a person,0.05320427236315087,GE_MAP,all,GE_POS3_SMART,0.1567968888103235,0.9049346301020408,0.2710880195599022,0.269195751138088,0.27300707910126193,3295,887,14,True,0.0029212432811404534,4,True,False,0.10359261644717263,2,True
499622,1,person,a photo of a person,0.05320427236315087,GE_MAP,all,GE_POS3_CASR,0.1567968888103235,0.9049346301020408,0.2710880195599022,0.269195751138088,0.27300707910126193,3295,887,14,True,0.0029212432811404534,4,True,False,0.10359261644717263,2,True
499622,4,motorcycle,a photo of a motorcycle,0.4563264903276747,GE_MAP,all,GE_MAP,0.4563264903276747,0.7804328762755102,0.6266815763613568,0.5912404092071611,0.6666426357148006,15640,9247,1515,True,0.1081192068520474,1,True,False,0.0,-1,False
499622,4,motorcycle,a photo of a motorcycle,0.4563264903276747,GE_MAP,all,GE_POS3_SAM,0.7332395950506186,0.9054727359693877,0.8460914430346886,0.7693260946536056,0.9398745584312594,16946,13037,2742,True,0.1867544220485397,1,True,False,0.27691310472294395,0,True
499622,4,motorcycle,a photo of a motorcycle,0.4563264903276747,GE_MAP,all,GE_POS3_SMART,0.7332395950506186,0.9054727359693877,0.8460914430346886,0.7693260946536056,0.9398745584312594,16946,13037,2742,True,0.1867544220485397,1,True,False,0.27691310472294395,0,True
499622,4,motorcycle,a photo of a motorcycle,0.4563264903276747,GE_MAP,all,GE_POS3_CASR,0.7332395950506186,0.9054727359693877,0.8460914430346886,0.7693260946536056,0.9398745584312594,16946,13037,2742,True,0.1867544220485397,1,True,False,0.27691310472294395,0,True
458109,1,person,a photo of a person,0.012399335293365716,GE_MAP,all,GE_MAP,0.012399335293365716,0.6920440051020408,0.024494949494949497,0.012682225272929332,0.3572744014732965,15297,194,5842,False,0.18314773796158632,7,False,False,0.0,-1,False
458109,1,person,a photo of a person,0.012399335293365716,GE_MAP,all,GE_POS3_SAM,0.023229946524064172,0.5449617346938775,0.04540513420854587,0.023229946524064172,1.0,23375,543,21961,False,0.9160255627467742,7,False,True,0.010830611230698456,0,True
458109,1,person,a photo of a person,0.012399335293365716,GE_MAP,all,GE_POS3_SMART,0.025732127476313524,0.6393096301020408,0.05017319198068647,0.02582248392847496,0.8802946593001841,18511,478,17763,False,0.7611199198865058,7,False,True,0.013332792182947808,1,True
458109,1,person,a photo of a person,0.012399335293365716,GE_MAP,all,GE_POS3_CASR,0.012399335293365716,0.6920440051020408,0.024494949494949497,0.012682225272929332,0.3572744014732965,15297,194,5842,False,0.18314773796158632,7,False,False,0.0,1,False
458109,7,train,a photo of a train,0.3199479270979371,GE_MAP,all,GE_MAP,0.3199479270979371,0.5939692283163265,0.48478871102344284,0.6048463431564334,0.40449864956110737,15847,9585,0,True,0.0003051571559353067,1,True,False,0.0,-1,False
458109,7,train,a photo of a train,0.3199479270979371,GE_MAP,all,GE_POS3_SAM,0.9648868253047012,0.9831194196428571,0.9821296706542608,0.9820260748491625,0.9822332883187036,23701,23275,0,True,0.02291042572043374,1,True,False,0.6449388982067641,0,True
458109,7,train,a photo of a train,0.3199479270979371,GE_MAP,all,GE_POS3_SMART,0.9648868253047012,0.9831194196428571,0.9821296706542608,0.9820260748491625,0.9822332883187036,23701,23275,0,True,0.02291042572043374,1,True,False,0.6449388982067641,0,True
458109,7,train,a photo of a train,0.3199479270979371,GE_MAP,all,GE_POS3_CASR,0.3199479270979371,0.5939692283163265,0.48478871102344284,0.6048463431564334,0.40449864956110737,15847,9585,0,True,0.0003051571559353067,1,True,False,0.0,0,False
192191,59,pizza,a photo of a pizza,0.44188937228091985,GE_MAP,all,GE_MAP,0.44188937228091985,0.8926179846938775,0.6129310344827587,0.4426229508196721,0.9962634283045306,9638,4266,5372,False,0.26504234957650424,79,True,False,0.0,-1,False
192191,59,pizza,a photo of a pizza,0.44188937228091985,GE_MAP,all,GE_POS3_SAM,0.12166446499339498,0.8674864477040817,0.2169355788481922,0.21881682109764788,0.21508640822045774,4209,921,3288,False,0.11574634253657463,79,True,False,-0.32022490728752484,1,True
192191,59,pizza,a photo of a pizza,0.44188937228091985,GE_MAP,all,GE_POS3_SMART,0.19709740440971252,0.7133290816326531,0.3292921756970997,0.20572127709158705,0.8246146660439048,17164,3531,13633,False,0.47200527994720054,79,False,False,-0.24479196787120733,0,True
192191,59,pizza,a photo of a pizza,0.44188937228091985,GE_MAP,all,GE_POS3_CASR,0.19709740440971252,0.7133290816326531,0.3292921756970997,0.20572127709158705,0.8246146660439048,17164,3531,13633,False,0.47200527994720054,79,False,False,-0.24479196787120733,0,True
192191,79,oven,a photo of a oven,0.5666576160738528,GE_MAP,all,GE_MAP,0.5666576160738528,0.6819196428571429,0.7233968804159445,0.978158980127484,0.573919260807392,21336,20870,0,True,0.18360746627240807,59,True,False,0.0,-1,False
192191,79,oven,a photo of a oven,0.5666576160738528,GE_MAP,all,GE_POS3_SAM,0.2218677813221868,0.43606505102040816,0.36316168527187614,1.0,0.2218677813221868,8068,8068,0,True,0.007094511946505749,59,True,False,-0.344789834751666,2,True
192191,79,oven,a photo of a oven,0.5666576160738528,GE_MAP,all,GE_POS3_SMART,0.820351724327142,0.869499362244898,0.9013112283345893,0.9971653438271193,0.8222692773072269,29986,29901,0,True,0.013066871637202153,59,True,False,0.2536941082532892,0,True
192191,79,oven,a photo of a oven,0.5666576160738528,GE_MAP,all,GE_POS3_CASR,0.820351724327142,0.869499362244898,0.9013112283345893,0.9971653438271193,0.8222692773072269,29986,29901,0,True,0.013066871637202153,59,True,False,0.2536941082532892,0,True
78565,1,person,a photo of a person,0.023782286712023603,GE_MAP,all,GE_MAP,0.023782286712023603,0.6768574617346939,0.04645965655139967,0.02510965609306465,0.3102906520031422,15731,395,75,True,0.005013959318557347,9,True,False,0.0,-1,False
78565,1,person,a photo of a person,0.023782286712023603,GE_MAP,all,GE_POS3_SAM,0.0016948788912488468,0.07262436224489796,0.0033840222745769974,0.001739436774775965,0.062058130400628436,45417,79,17,True,0.00040164038388365114,9,True,False,-0.022087407820774757,0,True
78565,1,person,a photo of a person,0.023782286712023603,GE_MAP,all,GE_POS3_SMART,0.0016948788912488468,0.07262436224489796,0.0033840222745769974,0.001739436774775965,0.062058130400628436,45417,79,17,True,0.00040164038388365114,9,True,False,-0.022087407820774757,0,True
78565,1,person,a photo of a person,0.023782286712023603,GE_MAP,all,GE_POS3_CASR,0.023782286712023603,0.6768574617346939,0.04645965655139967,0.02510965609306465,0.3102906520031422,15731,395,75,True,0.005013959318557347,9,True,False,0.0,0,False
78565,9,boat,a photo of a boat,0.22608695652173913,GE_MAP,all,GE_MAP,0.22608695652173913,0.8722895408163265,0.36879432624113473,0.22707423580786026,0.9811320754716981,8244,1872,492,True,0.0758534931042279,1,True,False,0.0,-1,False
78565,9,boat,a photo of a boat,0.22608695652173913,GE_MAP,all,GE_POS3_SAM,0.5553949903660886,0.9816047512755102,0.7141529885413441,0.8728236184708554,0.6042976939203354,1321,1153,77,True,0.05532953620829943,1,True,False,0.3293080338443495,1,True
78565,9,boat,a photo of a boat,0.22608695652173913,GE_MAP,all,GE_POS3_SMART,0.5553949903660886,0.9816047512755102,0.7141529885413441,0.8728236184708554,0.6042976939203354,1321,1153,77,True,0.05532953620829943,1,True,False,0.3293080338443495,1,True
78565,9,boat,a photo of a boat,0.22608695652173913,GE_MAP,all,GE_POS3_CASR,0.5553949903660886,0.9816047512755102,0.7141529885413441,0.8728236184708554,0.6042976939203354,1321,1153,77,True,0.05532953620829943,1,True,False,0.3293080338443495,1,True
118515,15,bench,a photo of a bench,0.7202315090646012,GE_MAP,all,GE_MAP,0.7202315090646012,0.9344905931122449,0.8373657909059423,0.740656455142232,0.9631231504666515,11425,8462,1597,True,0.10935500383926286,17,True,False,0.0,-1,False
118515,15,bench,a photo of a bench,0.7202315090646012,GE_MAP,all,GE_POS3_SAM,0.8309594788561334,0.9694874043367347,0.9076765362117831,0.9652430421957163,0.8565900295925336,7797,7526,4,True,0.00036485697606538237,17,True,False,0.11072796979153221,1,True
118515,15,bench,a photo of a bench,0.7202315090646012,GE_MAP,all,GE_POS3_SMART,0.8438614900314796,0.970344387755102,0.915319826997496,0.915319826997496,0.915319826997496,8786,8042,267,True,0.018643010603645437,17,True,False,0.12362998096687838,0,True
118515,15,bench,a photo of a bench,0.7202315090646012,GE_MAP,all,GE_POS3_CASR,0.8438614900314796,0.970344387755102,0.915319826997496,0.915319826997496,0.915319826997496,8786,8042,267,True,0.018643010603645437,17,True,False,0.12362998096687838,0,True
118515,17,cat,a photo of a cat,0.5593525179856115,GE_MAP,all,GE_MAP,0.5593525179856115,0.9072265625,0.7174163783160323,0.5595114099043651,0.9994925575101489,10561,5909,1113,True,0.07185595567867036,15,True,False,0.0,-1,False
118515,17,cat,a photo of a cat,0.5593525179856115,GE_MAP,all,GE_POS3_SAM,0.9095955590800952,0.988639987244898,0.9526578073089701,0.9358681462140992,0.9700608930987822,6128,5735,62,True,0.01607848480719444,15,True,False,0.3502430410944837,1,True
118515,17,cat,a photo of a cat,0.5593525179856115,GE_MAP,all,GE_POS3_SMART,0.9095955590800952,0.988639987244898,0.9526578073089701,0.9358681462140992,0.9700608930987822,6128,5735,62,True,0.01607848480719444,15,True,False,0.3502430410944837,1,True
118515,17,cat,a photo of a cat,0.5593525179856115,GE_MAP,all,GE_POS3_CASR,0.9095955590800952,0.988639987244898,0.9526578073089701,0.9358681462140992,0.9700608930987822,6128,5735,62,True,0.01607848480719444,15,True,False,0.3502430410944837,1,True
511076,15,bench,a photo of a bench,0.10207852193995381,GE_MAP,all,GE_MAP,0.10207852193995381,0.7287946428571429,0.18524727577535624,0.10268835048124793,0.9450213805742211,15065,1547,6619,False,0.18796397712060361,16,False,False,0.0,-1,False
511076,15,bench,a photo of a bench,0.10207852193995381,GE_MAP,all,GE_POS3_SAM,0.40906749098402884,0.9542809311224489,0.5806215722120658,0.41429689538220715,0.9700671960904093,3833,1588,2063,False,0.19059785385794584,31,True,False,0.306988969044075,0,True
511076,15,bench,a photo of a bench,0.10207852193995381,GE_MAP,all,GE_POS3_SMART,0.40906749098402884,0.9542809311224489,0.5806215722120658,0.41429689538220715,0.9700671960904093,3833,1588,2063,False,0.19059785385794584,31,True,False,0.306988969044075,0,True
511076,15,bench,a photo of a bench,0.10207852193995381,GE_MAP,all,GE_POS3_CASR,0.40906749098402884,0.9542809311224489,0.5806215722120658,0.41429689538220715,0.9700671960904093,3833,1588,2063,False,0.19059785385794584,31,True,False,0.306988969044075,0,True
511076,31,handbag,a photo of a handbag,0.04677021837565198,GE_MAP,all,GE_MAP,0.04677021837565198,0.6685467155612245,0.08936100312106444,0.04679972470750172,0.9866989117291415,17436,816,6714,False,0.20197639308262422,16,False,False,0.0,-1,False
511076,31,handbag,a photo of a handbag,0.04677021837565198,GE_MAP,all,GE_POS3_SAM,0.0026646364674533687,0.8955676020408163,0.005315110098709187,0.003152443143436163,0.016928657799274487,4441,14,4326,False,0.6890340808758608,1,False,True,-0.04410558190819861,0,True
511076,31,handbag,a photo of a handbag,0.04677021837565198,GE_MAP,all,GE_POS3_SMART,0.0,0.9491191007653061,0.0,0.0,0.0,1726,0,1672,False,0.1965065502183406,1,False,False,-0.04677021837565198,1,True
511076,31,handbag,a photo of a handbag,0.04677021837565198,GE_MAP,all,GE_POS3_CASR,0.0,0.9491191007653061,0.0,0.0,0.0,1726,0,1672,False,0.1965065502183406,1,False,False,-0.04677021837565198,1,True
452084,67,dining table,a photo of a dining table,0.33694055808920154,GE_MAP,all,GE_MAP,0.33694055808920154,0.6580835459183674,0.5040471785383904,0.4235945775229581,0.622225394333024,20581,8718,6361,True,0.11879467414155571,51,True,False,0.0,-1,False
452084,67,dining table,a photo of a dining table,0.33694055808920154,GE_MAP,all,GE_POS3_SAM,0.012457261780883008,0.3380102040816326,0.024607975568215187,0.02090505413361273,0.029905074584255228,20043,419,16915,False,0.573237973469714,51,False,True,-0.3244832963083185,0,True
452084,67,dining table,a photo of a dining table,0.33694055808920154,GE_MAP,all,GE_POS3_SMART,0.0024567280848687882,0.6439333545918368,0.004901414726523338,0.011159015977681968,0.0031403896938120048,3943,44,3779,False,0.7755153343388638,48,False,True,-0.33448383000433274,2,True
452084,67,dining table,a photo of a dining table,0.33694055808920154,GE_MAP,all,GE_POS3_CASR,0.0024567280848687882,0.6439333545918368,0.004901414726523338,0.011159015977681968,0.0031403896938120048,3943,44,3779,False,0.7755153343388638,48,False,True,-0.33448383000433274,2,True
452084,58,hot dog,a photo of a hot dog,0.092895764493842,GE_MAP,all,GE_MAP,0.092895764493842,0.7592673788265306,0.16999931285645573,0.09357034795763994,0.9279819954988747,13220,1237,10281,False,0.4922526817640048,51,False,False,0.0,-1,False
452084,58,hot dog,a photo of a hot dog,0.092895764493842,GE_MAP,all,GE_POS3_SAM,0.0014607425441265976,0.8365154655612245,0.002917223775373769,0.0017406440382941688,0.00900225056264066,6894,12,6708,False,0.3341133380811883,51,False,False,-0.09143502194971541,1,True
452084,58,hot dog,a photo of a hot dog,0.092895764493842,GE_MAP,all,GE_POS3_SMART,0.0014607425441265976,0.8365154655612245,0.002917223775373769,0.0017406440382941688,0.00900225056264066,6894,12,6708,False,0.3341133380811883,51,False,False,-0.09143502194971541,1,True
452084,58,hot dog,a photo of a hot dog,0.092895764493842,GE_MAP,all,GE_POS3_CASR,0.0014607425441265976,0.8365154655612245,0.002917223775373769,0.0017406440382941688,0.00900225056264066,6894,12,6708,False,0.3341133380811883,51,False,False,-0.09143502194971541,1,True
447465,36,snowboard,a photo of a snowboard,0.027011730808808396,GE_MAP,all,GE_MAP,0.027011730808808396,0.6231066645408163,0.052602575021291516,0.028509367363562313,0.3395860284605433,18415,525,8580,False,0.34770030606683155,1,False,False,0.0,-1,False
447465,36,snowboard,a photo of a snowboard,0.027011730808808396,GE_MAP,all,GE_POS3_SAM,0.0,0.8964445153061225,0.0,0.0,0.0,3650,0,2985,False,0.19426882902693787,1,False,False,-0.027011730808808396,1,True
447465,36,snowboard,a photo of a snowboard,0.027011730808808396,GE_MAP,all,GE_POS3_SMART,0.0,0.7892020089285714,0.0,0.0,0.0,9031,0,8330,False,0.5477728663719823,1,False,True,-0.027011730808808396,0,True
447465,36,snowboard,a photo of a snowboard,0.027011730808808396,GE_MAP,all,GE_POS3_CASR,0.0,0.7892020089285714,0.0,0.0,0.0,9031,0,8330,False,0.5477728663719823,1,False,True,-0.027011730808808396,0,True
447465,1,person,a photo of a person,0.21339940689870454,GE_MAP,all,GE_MAP,0.21339940689870454,0.5982342155612245,0.35173810978550984,0.31488945186549977,0.39835384951562386,17368,5469,294,True,0.015789473684210527,36,True,False,0.0,-1,False
447465,1,person,a photo of a person,0.21339940689870454,GE_MAP,all,GE_POS3_SAM,0.44821658788139235,0.795280612244898,0.6189910979228487,0.6306401632529666,0.6077645859130308,13231,8344,81,True,0.0064516129032258064,35,True,False,0.2348171809826878,0,True
447465,1,person,a photo of a person,0.21339940689870454,GE_MAP,all,GE_POS3_SMART,0.44821658788139235,0.795280612244898,0.6189910979228487,0.6306401632529666,0.6077645859130308,13231,8344,81,True,0.0064516129032258064,35,True,False,0.2348171809826878,0,True
447465,1,person,a photo of a person,0.21339940689870454,GE_MAP,all,GE_POS3_CASR,0.44821658788139235,0.795280612244898,0.6189910979228487,0.6306401632529666,0.6077645859130308,13231,8344,81,True,0.0064516129032258064,35,True,False,0.2348171809826878,0,True
26204,8,truck,a photo of a truck,0.12652355115200126,GE_MAP,all,GE_MAP,0.12652355115200126,0.7786192602040817,0.22462655312020102,0.1275566830505787,0.9398364485981309,12614,1609,6942,False,0.2920300751879699,3,False,False,0.0,-1,False
26204,8,truck,a photo of a truck,0.12652355115200126,GE_MAP,all,GE_POS3_SAM,0.3443605105496223,0.949836575255102,0.5123038170897113,0.38329950710350824,0.772196261682243,3449,1322,2016,False,0.4384933594600479,6,False,False,0.21783695939762104,1,True
26204,8,truck,a photo of a truck,0.12652355115200126,GE_MAP,all,GE_POS3_SMART,0.27504706128425016,0.9309231505102041,0.4314304461942257,0.2999543795620438,0.768107476635514,4384,1315,2908,False,0.6261319534282018,6,False,True,0.1485235101322489,0,True
26204,8,truck,a photo of a truck,0.12652355115200126,GE_MAP,all,GE_POS3_CASR,0.27504706128425016,0.9309231505102041,0.4314304461942257,0.2999543795620438,0.768107476635514,4384,1315,2908,False,0.6261319534282018,6,False,True,0.1485235101322489,0,True
26204,6,bus,a photo of a bus,0.32072584171403584,GE_MAP,all,GE_MAP,0.32072584171403584,0.8761559311224489,0.48568117861281246,0.32877633348274315,0.9290690310322989,8924,2934,2281,True,0.13390191897654585,8,True,False,0.0,-1,False
26204,6,bus,a photo of a bus,0.32072584171403584,GE_MAP,all,GE_POS3_SAM,0.9180327868852459,0.9946189413265306,0.9572649572649573,0.9569620253164557,0.9575680810639645,3160,3024,0,True,0.024683544303797468,1,True,False,0.5973069451712101,1,True
26204,6,bus,a photo of a bus,0.32072584171403584,GE_MAP,all,GE_POS3_SMART,0.9180327868852459,0.9946189413265306,0.9572649572649573,0.9569620253164557,0.9575680810639645,3160,3024,0,True,0.024683544303797468,1,True,False,0.5973069451712101,1,True
26204,6,bus,a photo of a bus,0.32072584171403584,GE_MAP,all,GE_POS3_CASR,0.9180327868852459,0.9946189413265306,0.9572649572649573,0.9569620253164557,0.9575680810639645,3160,3024,0,True,0.024683544303797468,1,True,False,0.5973069451712101,1,True
353970,17,cat,a photo of a cat,0.6939400568803326,GE_MAP,all,GE_MAP,0.6939400568803326,0.8605907206632653,0.8193206767402815,0.9429250891795482,0.7243662936743549,16820,15860,405,True,0.011649657850496058,62,True,False,0.0,-1,False
353970,17,cat,a photo of a cat,0.6939400568803326,GE_MAP,all,GE_POS3_SAM,0.5542626985902886,0.8014987244897959,0.713216239562338,0.9649396182313985,0.5656542589632336,12835,12385,44,True,0.0024063963567676665,62,True,False,-0.1396773582900439,1,True
353970,17,cat,a photo of a cat,0.6939400568803326,GE_MAP,all,GE_POS3_SMART,0.880088288976612,0.9436981823979592,0.9362201702300589,0.9257076524689705,0.9469741950216944,22398,20734,762,True,0.017955364481254347,62,True,False,0.1861482320962794,0,True
353970,17,cat,a photo of a cat,0.6939400568803326,GE_MAP,all,GE_POS3_CASR,0.880088288976612,0.9436981823979592,0.9362201702300589,0.9257076524689705,0.9469741950216944,22398,20734,762,True,0.017955364481254347,62,True,False,0.1861482320962794,0,True
353970,62,chair,a photo of a chair,0.4203511383241433,GE_MAP,all,GE_MAP,0.4203511383241433,0.6585020727040817,0.5918974920808822,0.7726650914065415,0.4796757382744644,16082,12426,2784,True,0.08104184457728437,17,True,False,0.0,-1,False
353970,62,chair,a photo of a chair,0.4203511383241433,GE_MAP,all,GE_POS3_SAM,0.9007641961314856,0.9459103954081632,0.9477916281932902,0.9446297787491852,0.9509747153059255,26079,24635,383,True,0.009001808774660329,17,True,False,0.48041305780734234,2,True
353970,62,chair,a photo of a chair,0.4203511383241433,GE_MAP,all,GE_POS3_SMART,0.8816926938092582,0.9323580994897959,0.9371271905449965,0.9008797236171956,0.9764138197259217,28077,25294,1614,True,0.034317175145920434,17,True,False,0.4613415554851149,1,True
353970,62,chair,a photo of a chair,0.4203511383241433,GE_MAP,all,GE_POS3_CASR,0.8816926938092582,0.9323580994897959,0.9371271905449965,0.9008797236171956,0.9764138197259217,28077,25294,1614,True,0.034317175145920434,17,True,False,0.4613415554851149,1,True
248631,73,laptop,a photo of a laptop,0.5780515480628952,GE_MAP,all,GE_MAP,0.5780515480628952,0.7924904336734694,0.7326142783769902,0.7634339541853993,0.7041864139020537,18684,14264,1646,True,0.08677773091522564,74,True,False,0.0,-1,False
248631,73,laptop,a photo of a laptop,0.5780515480628952,GE_MAP,all,GE_POS3_SAM,0.443928923988154,0.7754703443877551,0.6148902714158747,0.9995554567681707,0.4440165876777251,8998,8994,0,True,0.0,-1,True,False,-0.13412262407474118,2,True
248631,73,laptop,a photo of a laptop,0.5780515480628952,GE_MAP,all,GE_POS3_SMART,0.9721811186741639,0.9887595663265306,0.9858943577430972,0.9990875912408759,0.9730450236966824,19728,19710,0,True,0.0,-1,True,False,0.39412957061126874,0,True
248631,73,laptop,a photo of a laptop,0.5780515480628952,GE_MAP,all,GE_POS3_CASR,0.9721811186741639,0.9887595663265306,0.9858943577430972,0.9990875912408759,0.9730450236966824,19728,19710,0,True,0.0,-1,True,False,0.39412957061126874,0,True
248631,74,mouse,a photo of a mouse,0.18602409638554218,GE_MAP,all,GE_MAP,0.18602409638554218,0.8316924426020408,0.3136936204794799,0.18602409638554218,1.0,10375,1930,4508,False,0.1725682348887953,73,True,False,0.0,-1,False
248631,74,mouse,a photo of a mouse,0.18602409638554218,GE_MAP,all,GE_POS3_SAM,0.9488752556237219,0.9980070153061225,0.9737670514165793,0.9861849096705633,0.9616580310880829,1882,1856,0,True,0.0,-1,True,False,0.7628511592381797,1,True
248631,74,mouse,a photo of a mouse,0.18602409638554218,GE_MAP,all,GE_POS3_SMART,0.9488752556237219,0.9980070153061225,0.9737670514165793,0.9861849096705633,0.9616580310880829,1882,1856,0,True,0.0,-1,True,False,0.7628511592381797,1,True
248631,74,mouse,a photo of a mouse,0.18602409638554218,GE_MAP,all,GE_POS3_CASR,0.9488752556237219,0.9980070153061225,0.9737670514165793,0.9861849096705633,0.9616580310880829,1882,1856,0,True,0.0,-1,True,False,0.7628511592381797,1,True
349594,1,person,a photo of a person,0.5293161080495077,GE_MAP,all,GE_MAP,0.5293161080495077,0.6884964923469388,0.692225897920605,0.8873687399030694,0.5674393078512396,19808,17577,0,True,0.05842730266440475,60,True,False,0.0,-1,False
349594,1,person,a photo of a person,0.5293161080495077,GE_MAP,all,GE_POS3_SAM,0.23301911157024793,0.5265066964285714,0.37796512541236843,1.0,0.23301911157024793,7218,7218,0,True,0.09456714902259457,60,True,False,-0.2962969964792598,1,True
349594,1,person,a photo of a person,0.5293161080495077,GE_MAP,all,GE_POS3_SMART,0.9200723093808509,0.9506536989795918,0.9583725622057835,0.9999298344092057,0.9201317148760331,28504,28502,0,True,0.049291327532977824,60,True,False,0.39075620133134326,0,True
349594,1,person,a photo of a person,0.5293161080495077,GE_MAP,all,GE_POS3_CASR,0.9200723093808509,0.9506536989795918,0.9583725622057835,0.9999298344092057,0.9201317148760331,28504,28502,0,True,0.049291327532977824,60,True,False,0.39075620133134326,0,True
349594,60,donut,a photo of a donut,0.21153267088226438,GE_MAP,all,GE_MAP,0.21153267088226438,0.8956273915816326,0.34919845905306324,0.21153267088226438,1.0,6642,1405,5139,False,0.21059406577846432,1,True,False,0.0,-1,False
349594,60,donut,a photo of a donut,0.21153267088226438,GE_MAP,all,GE_POS3_SAM,0.3625866050808314,0.9559948979591837,0.5322033898305085,0.3788838612368024,0.8939501779359431,3315,1256,2059,False,0.1070183367768595,1,True,False,0.15105393419856702,2,True
349594,60,donut,a photo of a donut,0.21153267088226438,GE_MAP,all,GE_POS3_SMART,0.04905673733762786,0.4645448022959184,0.09352542258510746,0.04908974994687257,0.9864768683274021,28234,1386,26845,False,0.9112947480551341,1,False,True,-0.16247593354463652,0,True
349594,60,donut,a photo of a donut,0.21153267088226438,GE_MAP,all,GE_POS3_CASR,0.04905673733762786,0.4645448022959184,0.09352542258510746,0.04908974994687257,0.9864768683274021,28234,1386,26845,False,0.9112947480551341,1,False,True,-0.16247593354463652,0,True
252219,1,person,a photo of a person,0.08343158986935811,GE_MAP,all,GE_MAP,0.08343158986935811,0.6126833545918368,0.15401358175169771,0.08739686774368856,0.6477480776272427,20241,1769,25,True,0.0011847779726079333,10,True,False,0.0,-1,False
252219,1,person,a photo of a person,0.08343158986935811,GE_MAP,all,GE_POS3_SAM,0.022916666666666665,0.8037109375,0.04480651731160896,0.030474934036939315,0.08458440131819846,7580,231,0,True,0.0,-1,True,False,-0.060514923202691445,0,True
252219,1,person,a photo of a person,0.08343158986935811,GE_MAP,all,GE_POS3_SMART,0.022916666666666665,0.8037109375,0.04480651731160896,0.030474934036939315,0.08458440131819846,7580,231,0,True,0.0,-1,True,False,-0.060514923202691445,0,True
252219,1,person,a photo of a person,0.08343158986935811,GE_MAP,all,GE_POS3_CASR,0.08343158986935811,0.6126833545918368,0.15401358175169771,0.08739686774368856,0.6477480776272427,20241,1769,25,True,0.0011847779726079333,10,True,False,0.0,0,False
252219,10,traffic light,a photo of a traffic light,0.04908485856905158,GE_MAP,all,GE_MAP,0.04908485856905158,0.6583027742346939,0.09357652656621729,0.04908485856905158,1.0,18030,885,412,True,0.020246695169295788,1,True,False,0.0,-1,False
252219,10,traffic light,a photo of a traffic light,0.04908485856905158,GE_MAP,all,GE_POS3_SAM,0.22930943595150238,0.9417251275510204,0.3730703259005146,0.23021963482402752,0.9830508474576272,3779,870,4,True,0.0006148170919151552,1,True,False,0.1802245773824508,1,True
252219,10,traffic light,a photo of a traffic light,0.04908485856905158,GE_MAP,all,GE_POS3_SMART,0.16666666666666666,0.9118104272959183,0.2857142857142857,0.16666666666666666,1.0,5310,885,11,True,0.0013698630136986301,1,True,False,0.11758180809761508,0,True
252219,10,traffic light,a photo of a traffic light,0.04908485856905158,GE_MAP,all,GE_POS3_CASR,0.16666666666666666,0.9118104272959183,0.2857142857142857,0.16666666666666666,1.0,5310,885,11,True,0.0013698630136986301,1,True,False,0.11758180809761508,0,True
132329,82,refrigerator,a photo of a refrigerator,0.42582962638097027,GE_MAP,all,GE_MAP,0.42582962638097027,0.4520687181122449,0.5973078669459376,0.9882227499636504,0.4280016792611251,20633,20390,0,True,0.04062873060087545,44,True,False,0.0,-1,False
132329,82,refrigerator,a photo of a refrigerator,0.42582962638097027,GE_MAP,all,GE_POS3_SAM,0.28999392046288336,0.325015943877551,0.4496050963694868,0.9956096156614366,0.2903652392947103,13894,13833,0,True,0.00041228612657184083,44,True,False,-0.1358357059180869,0,True
132329,82,refrigerator,a photo of a refrigerator,0.42582962638097027,GE_MAP,all,GE_POS3_SMART,0.19743912678421494,0.23800223214285715,0.3297689583844617,1.0,0.19743912678421494,9406,9406,0,True,0.00013403029084573114,44,True,False,-0.22839049959675534,1,True
132329,82,refrigerator,a photo of a refrigerator,0.42582962638097027,GE_MAP,all,GE_POS3_CASR,0.42582962638097027,0.4520687181122449,0.5973078669459376,0.9882227499636504,0.4280016792611251,20633,20390,0,True,0.04062873060087545,44,True,False,0.0,1,False
132329,44,bottle,a photo of a bottle,0.28992944194996795,GE_MAP,all,GE_MAP,0.28992944194996795,0.7573142538265306,0.44952759820984584,0.2994639522977775,0.9010511054729975,16603,4972,11617,False,0.3481134847022286,82,False,False,0.0,-1,False
132329,44,bottle,a photo of a bottle,0.28992944194996795,GE_MAP,all,GE_POS3_SAM,0.8207178393745558,0.9798907844387755,0.9015321557529032,0.9767392683442588,0.8370786516853933,4729,4619,110,True,0.09926532325776659,82,True,False,0.5307883974245878,0,True
132329,44,bottle,a photo of a bottle,0.28992944194996795,GE_MAP,all,GE_POS3_SMART,0.8207178393745558,0.9798907844387755,0.9015321557529032,0.9767392683442588,0.8370786516853933,4729,4619,110,True,0.09926532325776659,82,True,False,0.5307883974245878,0,True
132329,44,bottle,a photo of a bottle,0.28992944194996795,GE_MAP,all,GE_POS3_CASR,0.8207178393745558,0.9798907844387755,0.9015321557529032,0.9767392683442588,0.8370786516853933,4729,4619,110,True,0.09926532325776659,82,True,False,0.5307883974245878,0,True
435003,72,tv,a photo of a tv,0.4047064444842621,GE_MAP,all,GE_MAP,0.4047064444842621,0.8013592155612245,0.5762149751264934,0.42829151128247267,0.8802286308131982,15821,6776,1944,True,0.0591772507586827,73,True,False,0.0,-1,False
435003,72,tv,a photo of a tv,0.4047064444842621,GE_MAP,all,GE_POS3_SAM,0.5019485580670304,0.9235889668367347,0.6683964711987546,1.0,0.5019485580670304,3864,3864,0,True,0.0,-1,True,False,0.09724211358276835,1,True
435003,72,tv,a photo of a tv,0.4047064444842621,GE_MAP,all,GE_POS3_SMART,0.826176927056389,0.9732142857142857,0.9048158640226629,0.9947056991591404,0.8298259288126786,6422,6388,0,True,0.0,-1,True,False,0.42147048257212694,0,True
435003,72,tv,a photo of a tv,0.4047064444842621,GE_MAP,all,GE_POS3_CASR,0.826176927056389,0.9732142857142857,0.9048158640226629,0.9947056991591404,0.8298259288126786,6422,6388,0,True,0.0,-1,True,False,0.42147048257212694,0,True
435003,62,chair,a photo of a chair,0.26440318302387267,GE_MAP,all,GE_MAP,0.26440318302387267,0.7236527423469388,0.4182260636066124,0.28703063810181983,0.7703245749613601,17364,4984,3858,True,0.14894787512034108,72,True,False,0.0,-1,False
435003,62,chair,a photo of a chair,0.26440318302387267,GE_MAP,all,GE_POS3_SAM,0.7655807365439093,0.9670161033163265,0.8672282390693943,0.9015846538782318,0.8353941267387944,5995,5405,0,True,0.0,-1,True,False,0.5011775535200367,1,True
435003,62,chair,a photo of a chair,0.26440318302387267,GE_MAP,all,GE_POS3_SMART,0.7958213436757162,0.9674744897959183,0.8863034694161906,0.8068239472349061,0.9831530139103555,7884,6361,0,True,0.0,-1,True,False,0.5314181606518436,0,True
435003,62,chair,a photo of a chair,0.26440318302387267,GE_MAP,all,GE_POS3_CASR,0.7958213436757162,0.9674744897959183,0.8863034694161906,0.8068239472349061,0.9831530139103555,7884,6361,0,True,0.0,-1,True,False,0.5314181606518436,0,True
163290,24,zebra,a photo of a zebra,0.4071725344412858,GE_MAP,all,GE_MAP,0.4071725344412858,0.8919403698979592,0.5787101787101787,0.4116736679195224,0.9738493723849372,9046,3724,1059,True,0.10911901081916538,25,True,False,0.0,-1,False
163290,24,zebra,a photo of a zebra,0.4071725344412858,GE_MAP,all,GE_POS3_SAM,0.7580015612802498,0.9814652423469388,0.8623445825932504,0.9935197817189632,0.7617677824267782,2932,2913,0,True,0.0,-1,True,False,0.35082902683896394,1,True
163290,24,zebra,a photo of a zebra,0.4071725344412858,GE_MAP,all,GE_POS3_SMART,0.7580015612802498,0.9814652423469388,0.8623445825932504,0.9935197817189632,0.7617677824267782,2932,2913,0,True,0.0,-1,True,False,0.35082902683896394,1,True
163290,24,zebra,a photo of a zebra,0.4071725344412858,GE_MAP,all,GE_POS3_CASR,0.7580015612802498,0.9814652423469388,0.8623445825932504,0.9935197817189632,0.7617677824267782,2932,2913,0,True,0.0,-1,True,False,0.35082902683896394,1,True
163290,25,giraffe,a photo of a giraffe,0.10996714129244249,GE_MAP,all,GE_MAP,0.10996714129244249,0.7570750956632653,0.19814485889086245,0.11169621004227545,0.8766006984866124,13483,1506,3681,False,0.2701453104359313,24,False,False,0.0,-1,False
163290,25,giraffe,a photo of a giraffe,0.10996714129244249,GE_MAP,all,GE_POS3_SAM,0.07138249838744357,0.9139229910714286,0.1332530604053783,0.10168453292496171,0.19324796274738068,3265,332,2907,False,0.6951219512195121,24,False,True,-0.038584642904998925,2,True
163290,25,giraffe,a photo of a giraffe,0.10996714129244249,GE_MAP,all,GE_POS3_SMART,0.10118293198141107,0.9151985012755102,0.1837713408785728,0.13705293276108726,0.2788125727590221,3495,479,2976,False,0.6852406170849643,24,False,True,-0.008784209311031424,1,True
163290,25,giraffe,a photo of a giraffe,0.10996714129244249,GE_MAP,all,GE_POS3_CASR,0.10118293198141107,0.9151985012755102,0.1837713408785728,0.13705293276108726,0.2788125727590221,3495,479,2976,False,0.6852406170849643,24,False,True,-0.008784209311031424,1,True
239347,1,person,a photo of a person,0.09215184893784421,GE_MAP,all,GE_MAP,0.09215184893784421,0.6320551658163265,0.16875281404772624,0.10722050577869321,0.3960270498732037,17478,1874,4660,False,0.26219880123898787,65,False,False,0.0,-1,False
239347,1,person,a photo of a person,0.09215184893784421,GE_MAP,all,GE_POS3_SAM,0.0,0.5878308354591837,0.0,0.0,0.0,15949,0,306,False,0.0103581341818428,65,False,False,-0.09215184893784421,0,True
239347,1,person,a photo of a person,0.09215184893784421,GE_MAP,all,GE_POS3_SMART,0.0,0.7257254464285714,0.0,0.0,0.0,9030,0,21,False,0.0009167103195390257,65,False,False,-0.09215184893784421,2,True
239347,1,person,a photo of a person,0.09215184893784421,GE_MAP,all,GE_POS3_CASR,0.09215184893784421,0.6320551658163265,0.16875281404772624,0.10722050577869321,0.3960270498732037,17478,1874,4660,False,0.26219880123898787,65,False,False,0.0,2,False
239347,65,bed,a photo of a bed,0.5150079802296247,GE_MAP,all,GE_MAP,0.5150079802296247,0.8122608418367347,0.679874940528784,0.6442326270367746,0.7196920641772789,15527,10003,14,True,0.16820435935878214,1,True,False,0.0,-1,False
239347,65,bed,a photo of a bed,0.5150079802296247,GE_MAP,all,GE_POS3_SAM,0.12439743866465214,0.757453762755102,0.22126951625287944,1.0,0.12439743866465214,1729,1729,0,True,0.34632215044801,1,False,False,-0.39061054156497255,2,True
239347,65,bed,a photo of a bed,0.5150079802296247,GE_MAP,all,GE_POS3_SMART,0.12439743866465214,0.757453762755102,0.22126951625287944,1.0,0.12439743866465214,1729,1729,0,True,0.34632215044801,1,False,False,-0.39061054156497255,2,True
239347,65,bed,a photo of a bed,0.5150079802296247,GE_MAP,all,GE_POS3_CASR,0.12439743866465214,0.757453762755102,0.22126951625287944,1.0,0.12439743866465214,1729,1729,0,True,0.34632215044801,1,False,False,-0.39061054156497255,2,True
9590,1,person,a photo of a person,0.08043819665223886,GE_MAP,all,GE_MAP,0.08043819665223886,0.5215441645408163,0.14889920941610238,0.11175562769410888,0.2230246389124894,18791,2100,1440,True,0.04891822515584892,67,True,False,0.0,-1,False
9590,1,person,a photo of a person,0.08043819665223886,GE_MAP,all,GE_POS3_SAM,0.07372520605017661,0.7961774553571429,0.13732602277520034,0.3337433374333743,0.08644859813084112,2439,814,513,True,0.12764550264550265,51,False,False,-0.006712990602062249,0,True
9590,1,person,a photo of a person,0.08043819665223886,GE_MAP,all,GE_POS3_SMART,0.06594293917100305,0.7925103635204082,0.12372695901018432,0.29817444219066935,0.07805862361937128,2465,735,585,True,0.13249835201054713,51,False,False,-0.014495257481235813,1,True
9590,1,person,a photo of a person,0.08043819665223886,GE_MAP,all,GE_POS3_CASR,0.06594293917100305,0.7925103635204082,0.12372695901018432,0.29817444219066935,0.07805862361937128,2465,735,585,True,0.13249835201054713,51,False,False,-0.014495257481235813,1,True
9590,51,bowl,a photo of a bowl,0.06079708622259578,GE_MAP,all,GE_MAP,0.06079708622259578,0.7327606823979592,0.11462528887421591,0.06123888810498095,0.893923789907312,14174,868,6337,False,0.30797753421669666,67,False,False,0.0,-1,False
9590,51,bowl,a photo of a bowl,0.06079708622259578,GE_MAP,all,GE_POS3_SAM,0.03479973736047275,0.94140625,0.06725888324873096,0.048601558917927556,0.10916580844490216,2181,106,2044,False,0.2135830891586438,1,False,False,-0.02599734886212303,0,True
9590,51,bowl,a photo of a bowl,0.06079708622259578,GE_MAP,all,GE_POS3_SMART,0.31498079385403327,0.9786750637755102,0.4790652385589094,0.45429362880886426,0.5066941297631308,1083,492,455,True,0.2530955918771669,47,True,False,0.2541837076314375,2,True
9590,51,bowl,a photo of a bowl,0.06079708622259578,GE_MAP,all,GE_POS3_CASR,0.31498079385403327,0.9786750637755102,0.4790652385589094,0.45429362880886426,0.5066941297631308,1083,492,455,True,0.2530955918771669,47,True,False,0.2541837076314375,2,True
162581,43,tennis racket,a photo of a tennis racket,0.0445993031358885,GE_MAP,all,GE_MAP,0.0445993031358885,0.7267617984693877,0.08539026017344896,0.0445993031358885,1.0,14350,640,4106,False,0.25397316183291074,1,False,False,0.0,-1,False
162581,43,tennis racket,a photo of a tennis racket,0.0445993031358885,GE_MAP,all,GE_POS3_SAM,0.11018208844295801,0.9045559630102041,0.1984937238493724,0.11115276476101218,0.9265625,5335,593,4544,False,0.6765406370943733,1,False,True,0.06558278530706951,1,True
162581,43,tennis racket,a photo of a tennis racket,0.0445993031358885,GE_MAP,all,GE_POS3_SMART,0.5245346869712352,0.9887994260204082,0.6881243063263041,0.5335628227194492,0.96875,1162,620,411,True,0.061695118298891884,1,True,False,0.4799353838353467,2,True
162581,43,tennis racket,a photo of a tennis racket,0.0445993031358885,GE_MAP,all,GE_POS3_CASR,0.5245346869712352,0.9887994260204082,0.6881243063263041,0.5335628227194492,0.96875,1162,620,411,True,0.061695118298891884,1,True,False,0.4799353838353467,2,True
162581,1,person,a photo of a person,0.21354731852190303,GE_MAP,all,GE_MAP,0.21354731852190303,0.7255660076530612,0.3519390060240964,0.24406005221932114,0.6307354925775979,15320,3739,447,True,0.02888086642599278,43,True,False,0.0,-1,False
162581,1,person,a photo of a person,0.21354731852190303,GE_MAP,all,GE_POS3_SAM,0.08197189911827436,0.1679089604591837,0.15152315727437154,0.08613877400124771,0.6288798920377868,43279,3728,256,True,0.005886125234757913,43,True,False,-0.13157541940362866,0,True
162581,1,person,a photo of a person,0.21354731852190303,GE_MAP,all,GE_POS3_SMART,0.8477685950413223,0.9816446109693877,0.9176133822345469,0.9767663302228147,0.8652159244264508,5251,5129,7,True,0.00135985041645419,43,True,False,0.6342212765194193,1,True
162581,1,person,a photo of a person,0.21354731852190303,GE_MAP,all,GE_POS3_CASR,0.8477685950413223,0.9816446109693877,0.9176133822345469,0.9767663302228147,0.8652159244264508,5251,5129,7,True,0.00135985041645419,43,True,False,0.6342212765194193,1,True
490125,16,bird,a photo of a bird,0.21331093848414864,GE_MAP,all,GE_MAP,0.21331093848414864,0.7759685905612245,0.35161792697698563,0.21610890527509927,0.9427776059387566,14104,3048,1503,True,0.08084122203098107,8,True,False,0.0,-1,False
490125,16,bird,a photo of a bird,0.21331093848414864,GE_MAP,all,GE_POS3_SAM,0.42757786513456303,0.962272799744898,0.5990256301631011,0.9502688172043011,0.4373646767708011,1488,1414,0,True,0.0,-1,True,False,0.21426692665041439,1,True
490125,16,bird,a photo of a bird,0.21331093848414864,GE_MAP,all,GE_POS3_SMART,0.615983238551332,0.9744300063775511,0.7623634006297463,0.9501385041551247,0.636560470151562,2166,2058,0,True,0.0,-1,True,False,0.40267230006718335,0,True
490125,16,bird,a photo of a bird,0.21331093848414864,GE_MAP,all,GE_POS3_CASR,0.615983238551332,0.9744300063775511,0.7623634006297463,0.9501385041551247,0.636560470151562,2166,2058,0,True,0.0,-1,True,False,0.40267230006718335,0,True
490125,8,truck,a photo of a truck,0.6637882695973982,GE_MAP,all,GE_MAP,0.6637882695973982,0.9402503188775511,0.7979239687247236,0.669191633691351,0.9879819729594391,8845,5919,0,True,0.0,-1,True,False,0.0,-1,False
490125,8,truck,a photo of a truck,0.6637882695973982,GE_MAP,all,GE_POS3_SAM,0.9814508115269956,0.9977678571428571,0.9906385824139083,0.9921312573246275,0.9891503922550492,5973,5926,0,True,0.0,-1,True,False,0.3176625419295974,0,True
490125,8,truck,a photo of a truck,0.6637882695973982,GE_MAP,all,GE_POS3_SMART,0.9814508115269956,0.9977678571428571,0.9906385824139083,0.9921312573246275,0.9891503922550492,5973,5926,0,True,0.0,-1,True,False,0.3176625419295974,0,True
490125,8,truck,a photo of a truck,0.6637882695973982,GE_MAP,all,GE_POS3_CASR,0.9814508115269956,0.9977678571428571,0.9906385824139083,0.9921312573246275,0.9891503922550492,5973,5926,0,True,0.0,-1,True,False,0.3176625419295974,0,True
313562,1,person,a photo of a person,0.42959477789081046,GE_MAP,all,GE_MAP,0.42959477789081046,0.731804049744898,0.6010021644379874,0.6555627425614489,0.5548256418678491,15460,10135,1135,True,0.06816834617664493,57,True,False,0.0,-1,False
313562,1,person,a photo of a person,0.42959477789081046,GE_MAP,all,GE_POS3_SAM,0.8739037932644906,0.9515704719387755,0.9327093486929553,0.9437377416643318,0.9219357310997974,17845,16841,0,True,0.0,-1,True,False,0.44430901537368017,0,True
313562,1,person,a photo of a person,0.42959477789081046,GE_MAP,all,GE_POS3_SMART,0.474508567223799,0.8007413903061225,0.643615883652955,0.9224481454991315,0.4942245579460229,9787,9028,0,True,0.0,-1,True,False,0.04491378933298856,1,True
313562,1,person,a photo of a person,0.42959477789081046,GE_MAP,all,GE_POS3_CASR,0.474508567223799,0.8007413903061225,0.643615883652955,0.9224481454991315,0.4942245579460229,9787,9028,0,True,0.0,-1,True,False,0.04491378933298856,1,True
313562,57,carrot,a photo of a carrot,0.28385358185492926,GE_MAP,all,GE_MAP,0.28385358185492926,0.8728874362244898,0.4421899597691097,0.284877169258508,0.9875,8874,2528,1152,True,0.0477532427424336,1,True,False,0.0,-1,False
313562,57,carrot,a photo of a carrot,0.28385358185492926,GE_MAP,all,GE_POS3_SAM,0.8722341184867951,0.9928651147959183,0.931757529546321,0.909903201787044,0.9546875,2686,2444,26,True,0.004699112922560537,1,True,False,0.5883805366318658,0,True
313562,57,carrot,a photo of a carrot,0.28385358185492926,GE_MAP,all,GE_POS3_SMART,0.8722341184867951,0.9928651147959183,0.931757529546321,0.909903201787044,0.9546875,2686,2444,26,True,0.004699112922560537,1,True,False,0.5883805366318658,0,True
313562,57,carrot,a photo of a carrot,0.28385358185492926,GE_MAP,all,GE_POS3_CASR,0.8722341184867951,0.9928651147959183,0.931757529546321,0.909903201787044,0.9546875,2686,2444,26,True,0.004699112922560537,1,True,False,0.5883805366318658,0,True
402720,1,person,a photo of a person,0.3392325593981707,GE_MAP,all,GE_MAP,0.3392325593981707,0.7566764987244898,0.5066073954334209,0.5470891158243868,0.47170379289584585,11457,6268,367,True,0.029445771987975024,46,True,False,0.0,-1,False
402720,1,person,a photo of a person,0.3392325593981707,GE_MAP,all,GE_POS3_SAM,0.45693833420326596,0.854850924744898,0.6272583039050105,0.9803231482962727,0.46116797110174595,6251,6128,0,True,0.0027070259628399164,46,True,False,0.11770577480509525,0,True
402720,1,person,a photo of a person,0.3392325593981707,GE_MAP,all,GE_POS3_SMART,0.24777436971646594,0.7996053890306123,0.3971461118772109,0.976703037452079,0.24924744130042142,3391,3312,0,True,0.004749240121580547,46,True,False,-0.09145818968170477,1,True
402720,1,person,a photo of a person,0.3392325593981707,GE_MAP,all,GE_POS3_CASR,0.24777436971646594,0.7996053890306123,0.3971461118772109,0.976703037452079,0.24924744130042142,3391,3312,0,True,0.004749240121580547,46,True,False,-0.09145818968170477,1,True
402720,44,bottle,a photo of a bottle,0.04623930340789671,GE_MAP,all,GE_MAP,0.04623930340789671,0.7467713647959183,0.08839144784043622,0.046624280956706024,0.8484848484848485,13212,616,3520,False,0.12618320041738093,46,False,False,0.0,-1,False
402720,44,bottle,a photo of a bottle,0.04623930340789671,GE_MAP,all,GE_POS3_SAM,0.30187416331994643,0.9792131696428571,0.4637532133676093,0.3699753896636587,0.6212121212121212,1219,451,725,False,0.2717258261933905,46,True,False,0.2556348599120497,1,True
402720,44,bottle,a photo of a bottle,0.04623930340789671,GE_MAP,all,GE_POS3_SMART,0.30187416331994643,0.9792131696428571,0.4637532133676093,0.3699753896636587,0.6212121212121212,1219,451,725,False,0.2717258261933905,46,True,False,0.2556348599120497,1,True
402720,44,bottle,a photo of a bottle,0.04623930340789671,GE_MAP,all,GE_POS3_CASR,0.30187416331994643,0.9792131696428571,0.4637532133676093,0.3699753896636587,0.6212121212121212,1219,451,725,False,0.2717258261933905,46,True,False,0.2556348599120497,1,True
261888,2,bicycle,a photo of a bicycle,0.3474913964861438,GE_MAP,all,GE_MAP,0.3474913964861438,0.8564054528061225,0.5157604677733718,0.3501231864221188,0.9788265306122449,10959,3837,2090,True,0.15017301038062283,1,True,False,0.0,-1,False
261888,2,bicycle,a photo of a bicycle,0.3474913964861438,GE_MAP,all,GE_POS3_SAM,0.5098491843644198,0.9365234375,0.6753643869126491,0.5623832965540655,0.8451530612244897,5891,3313,2325,True,0.3470857891290111,1,True,False,0.16235778787827604,0,True
261888,2,bicycle,a photo of a bicycle,0.3474913964861438,GE_MAP,all,GE_POS3_SMART,0.5098491843644198,0.9365234375,0.6753643869126491,0.5623832965540655,0.8451530612244897,5891,3313,2325,True,0.3470857891290111,1,True,False,0.16235778787827604,0,True
261888,2,bicycle,a photo of a bicycle,0.3474913964861438,GE_MAP,all,GE_POS3_CASR,0.5098491843644198,0.9365234375,0.6753643869126491,0.5623832965540655,0.8451530612244897,5891,3313,2325,True,0.3470857891290111,1,True,False,0.16235778787827604,0,True
261888,1,person,a photo of a person,0.05211274582652202,GE_MAP,all,GE_MAP,0.05211274582652202,0.6186423788265306,0.09906304439945383,0.05565548619193736,0.4501497646555413,18902,1052,1465,False,0.04048509163855202,2,True,False,0.0,-1,False
261888,1,person,a photo of a person,0.05211274582652202,GE_MAP,all,GE_POS3_SAM,0.0008911274699728788,0.4860690369897959,0.0017806681376533891,0.000978890023833844,0.009841677364142062,23496,23,678,False,0.025318822693444033,2,False,False,-0.05122161835654914,1,True
261888,1,person,a photo of a person,0.05211274582652202,GE_MAP,all,GE_POS3_SMART,0.000731867031316205,0.4829799107142857,0.0014626635873749038,0.0008036205219303811,0.008130081300813009,23643,19,946,False,0.03550229168232023,2,False,False,-0.051380878795205816,2,True
261888,1,person,a photo of a person,0.05211274582652202,GE_MAP,all,GE_POS3_CASR,0.000731867031316205,0.4829799107142857,0.0014626635873749038,0.0008036205219303811,0.008130081300813009,23643,19,946,False,0.03550229168232023,2,False,False,-0.051380878795205816,2,True
229849,1,person,a photo of a person,0.3168082952418934,GE_MAP,all,GE_MAP,0.3168082952418934,0.5561623086734694,0.48117603205665826,0.6126238357952186,0.3961714044577435,16857,10327,1021,True,0.06922135536178675,62,True,False,0.0,-1,False
229849,1,person,a photo of a person,0.3168082952418934,GE_MAP,all,GE_POS3_SAM,0.20519987746975035,0.5863161670918368,0.3405242255758539,0.990939349112426,0.2055856063221698,5408,5359,0,True,0.0025505556567680817,62,True,False,-0.11160841777214306,0,True
229849,1,person,a photo of a person,0.3168082952418934,GE_MAP,all,GE_POS3_SMART,0.20519987746975035,0.5863161670918368,0.3405242255758539,0.990939349112426,0.2055856063221698,5408,5359,0,True,0.0025505556567680817,62,True,False,-0.11160841777214306,0,True
229849,1,person,a photo of a person,0.3168082952418934,GE_MAP,all,GE_POS3_CASR,0.20519987746975035,0.5863161670918368,0.3405242255758539,0.990939349112426,0.2055856063221698,5408,5359,0,True,0.0025505556567680817,62,True,False,-0.11160841777214306,0,True
229849,43,tennis racket,a photo of a tennis racket,0.0,GE_MAP,all,GE_MAP,0.0,0.7016701211734694,0.0,0.0,0.0,14225,0,6792,False,0.1976339803228012,1,False,False,0.0,-1,False
229849,43,tennis racket,a photo of a tennis racket,0.0,GE_MAP,all,GE_POS3_SAM,0.0,0.8833705357142857,0.0,0.0,0.0,5108,0,11,False,0.00035297137723013736,1,False,False,0.0,0,True
229849,43,tennis racket,a photo of a tennis racket,0.0,GE_MAP,all,GE_POS3_SMART,0.0,0.8834701849489796,0.0,0.0,0.0,5103,0,15,False,0.00048146364949446316,1,False,False,0.0,1,True
229849,43,tennis racket,a photo of a tennis racket,0.0,GE_MAP,all,GE_POS3_CASR,0.0,0.8834701849489796,0.0,0.0,0.0,5103,0,15,False,0.00048146364949446316,1,False,False,0.0,1,True
475064,60,donut,a photo of a donut,0.3170886881282606,GE_MAP,all,GE_MAP,0.3170886881282606,0.8930365114795918,0.4814993720413487,0.3170886881282606,1.0,7859,2492,1394,True,0.13927189762920344,1,True,False,0.0,-1,False
475064,60,donut,a photo of a donut,0.3170886881282606,GE_MAP,all,GE_POS3_SAM,0.9564356435643564,0.9978077168367347,0.9777327935222672,0.9865196078431373,0.9691011235955056,2448,2415,6,True,0.001979544704717915,1,True,False,0.6393469554360958,2,True
475064,60,donut,a photo of a donut,0.3170886881282606,GE_MAP,all,GE_POS3_SMART,0.455074094916526,0.9421037946428571,0.6254995487946371,0.4607787274453941,0.9735152487961477,5265,2426,2693,False,0.4368131868131868,1,True,False,0.13798540678826543,1,True
475064,60,donut,a photo of a donut,0.3170886881282606,GE_MAP,all,GE_POS3_CASR,0.455074094916526,0.9421037946428571,0.6254995487946371,0.4607787274453941,0.9735152487961477,5265,2426,2693,False,0.4368131868131868,1,True,False,0.13798540678826543,1,True
475064,1,person,a photo of a person,0.16263696998570748,GE_MAP,all,GE_MAP,0.16263696998570748,0.7197664221938775,0.2797725759360754,0.1717934201421652,0.7531715388858246,15897,2731,1328,True,0.07821753151568454,60,True,False,0.0,-1,False
475064,1,person,a photo of a person,0.16263696998570748,GE_MAP,all,GE_POS3_SAM,0.12326869806094183,0.6215322066326531,0.21948212083847102,0.12896058732612056,0.7363485934914507,20704,2670,107,True,0.004895377550578348,60,True,False,-0.03936827192476565,1,True
475064,1,person,a photo of a person,0.16263696998570748,GE_MAP,all,GE_POS3_SMART,0.12326869806094183,0.6215322066326531,0.21948212083847102,0.12896058732612056,0.7363485934914507,20704,2670,107,True,0.004895377550578348,60,True,False,-0.03936827192476565,1,True
475064,1,person,a photo of a person,0.16263696998570748,GE_MAP,all,GE_POS3_CASR,0.12326869806094183,0.6215322066326531,0.21948212083847102,0.12896058732612056,0.7363485934914507,20704,2670,107,True,0.004895377550578348,60,True,False,-0.03936827192476565,1,True
181859,81,sink,a photo of a sink,0.12560682265471243,GE_MAP,all,GE_MAP,0.12560682265471243,0.6015425701530612,0.22318063488363057,0.14569805194805194,0.4766804979253112,19712,2872,848,True,0.02973658938125943,17,True,False,0.0,-1,False
181859,81,sink,a photo of a sink,0.12560682265471243,GE_MAP,all,GE_POS3_SAM,0.14304020025628036,0.4268773915816326,0.2502802617514404,0.14845973029815662,0.7966804979253111,32332,4800,22,True,0.0006100851772766736,17,True,False,0.017433377601567934,0,True
181859,81,sink,a photo of a sink,0.12560682265471243,GE_MAP,all,GE_POS3_SMART,0.12738069597858528,0.43476961096938777,0.22597636527387352,0.1352234125947217,0.6871369294605809,30616,4140,18,True,0.0005378315609338712,17,True,False,0.0017738733238728543,1,True
181859,81,sink,a photo of a sink,0.12560682265471243,GE_MAP,all,GE_POS3_CASR,0.12560682265471243,0.6015425701530612,0.22318063488363057,0.14569805194805194,0.4766804979253112,19712,2872,848,True,0.02973658938125943,17,True,False,0.0,1,False
181859,17,cat,a photo of a cat,0.726248455331831,GE_MAP,all,GE_MAP,0.726248455331831,0.9249441964285714,0.8414182246926057,0.7435439458212398,0.96896518281447,13437,9991,1636,True,0.09614193185018305,81,True,False,0.0,-1,False
181859,17,cat,a photo of a cat,0.726248455331831,GE_MAP,all,GE_POS3_SAM,0.7815081064545732,0.9430604272959183,0.8773556557201116,0.7870455945779421,0.9910774900591601,12984,10219,1890,True,0.11417853584197878,81,True,False,0.055259651122742226,1,True
181859,17,cat,a photo of a cat,0.726248455331831,GE_MAP,all,GE_POS3_SMART,0.7815081064545732,0.9430604272959183,0.8773556557201116,0.7870455945779421,0.9910774900591601,12984,10219,1890,True,0.11417853584197878,81,True,False,0.055259651122742226,1,True
181859,17,cat,a photo of a cat,0.726248455331831,GE_MAP,all,GE_POS3_CASR,0.7815081064545732,0.9430604272959183,0.8773556557201116,0.7870455945779421,0.9910774900591601,12984,10219,1890,True,0.11417853584197878,81,True,False,0.055259651122742226,1,True
461009,53,apple,a photo of a apple,0.1806797853309481,GE_MAP,all,GE_MAP,0.1806797853309481,0.8813376913265306,0.30606060606060603,0.18085399449035813,0.9946969696969697,7260,1313,5300,False,0.18896498789632166,1,False,False,0.0,-1,False
461009,53,apple,a photo of a apple,0.1806797853309481,GE_MAP,all,GE_POS3_SAM,0.839514497639919,0.9952566964285714,0.9127565982404692,0.8842329545454546,0.9431818181818182,1408,1245,163,True,0.042647281538694536,1,True,False,0.658834712308971,2,True
461009,53,apple,a photo of a apple,0.1806797853309481,GE_MAP,all,GE_POS3_SMART,0.839514497639919,0.9952566964285714,0.9127565982404692,0.8842329545454546,0.9431818181818182,1408,1245,163,True,0.042647281538694536,1,True,False,0.658834712308971,2,True
461009,53,apple,a photo of a apple,0.1806797853309481,GE_MAP,all,GE_POS3_CASR,0.839514497639919,0.9952566964285714,0.9127565982404692,0.8842329545454546,0.9431818181818182,1408,1245,163,True,0.042647281538694536,1,True,False,0.658834712308971,2,True
461009,62,chair,a photo of a chair,0.10199703764237193,GE_MAP,all,GE_MAP,0.10199703764237193,0.6495934311224489,0.18511308861698184,0.10631388415672913,0.7152578796561605,18784,1997,12595,False,0.3348193578312632,1,False,False,0.0,-1,False
461009,62,chair,a photo of a chair,0.10199703764237193,GE_MAP,all,GE_POS3_SAM,0.0010546437281655791,0.6979631696428571,0.002107065253177059,0.001290843081887858,0.0057306590257879654,12395,16,12304,False,0.37169611841111616,1,False,False,-0.10094239391420635,1,True
461009,62,chair,a photo of a chair,0.10199703764237193,GE_MAP,all,GE_POS3_SMART,0.003974479656939651,0.8102080676020408,0.007917491405354724,0.005582488614661378,0.013610315186246419,6807,38,6660,False,0.20101336067798656,1,False,False,-0.09802255798543229,2,True
461009,62,chair,a photo of a chair,0.10199703764237193,GE_MAP,all,GE_POS3_CASR,0.10199703764237193,0.6495934311224489,0.18511308861698184,0.10631388415672913,0.7152578796561605,18784,1997,12595,False,0.3348193578312632,1,False,False,0.0,2,False
507975,1,person,a photo of a person,0.094502266777345,GE_MAP,all,GE_MAP,0.094502266777345,0.7173748405612245,0.17268537424887695,0.13259272531804336,0.24753303227964543,11162,1480,3041,False,0.11211706884446251,19,False,False,0.0,-1,False
507975,1,person,a photo of a person,0.094502266777345,GE_MAP,all,GE_POS3_SAM,0.05762547482421401,0.5352359693877551,0.1089714198379948,0.07061853117416926,0.2385014216424151,20193,1426,16324,False,0.4981046827736723,19,False,False,-0.03687679195313098,0,True
507975,1,person,a photo of a person,0.094502266777345,GE_MAP,all,GE_POS3_SMART,0.03757965576797093,0.6779336734693877,0.07243714843301573,0.05514288211133444,0.1055360428165245,11443,631,559,True,0.013580700056725284,19,True,False,-0.05692261100937406,1,True
507975,1,person,a photo of a person,0.094502266777345,GE_MAP,all,GE_POS3_CASR,0.03757965576797093,0.6779336734693877,0.07243714843301573,0.05514288211133444,0.1055360428165245,11443,631,559,True,0.013580700056725284,19,True,False,-0.05692261100937406,1,True
507975,19,horse,a photo of a horse,0.5898093841642229,GE_MAP,all,GE_MAP,0.5898093841642229,0.8215880102040817,0.7419875489970026,0.8165958256677028,0.6798711244916283,15763,12872,950,True,0.044535190968051884,1,True,False,0.0,-1,False
507975,19,horse,a photo of a horse,0.5898093841642229,GE_MAP,all,GE_POS3_SAM,0.1381704739861125,0.6586415816326531,0.24279398762157384,0.7447789530783835,0.14503776474937938,3687,2746,780,True,0.08875872944356837,1,True,False,-0.4516389101781104,1,True
507975,19,horse,a photo of a horse,0.5898093841642229,GE_MAP,all,GE_POS3_SMART,0.1381704739861125,0.6586415816326531,0.24279398762157384,0.7447789530783835,0.14503776474937938,3687,2746,780,True,0.08875872944356837,1,True,False,-0.4516389101781104,1,True
507975,19,horse,a photo of a horse,0.5898093841642229,GE_MAP,all,GE_POS3_CASR,0.1381704739861125,0.6586415816326531,0.24279398762157384,0.7447789530783835,0.14503776474937938,3687,2746,780,True,0.08875872944356837,1,True,False,-0.4516389101781104,1,True
187144,1,person,a photo of a person,0.07280446077810164,GE_MAP,all,GE_MAP,0.07280446077810164,0.708366549744898,0.13572736400685134,0.07304513668150031,0.9567027477102414,15730,1149,6095,False,0.2570113374818856,6,False,False,0.0,-1,False
187144,1,person,a photo of a person,0.07280446077810164,GE_MAP,all,GE_POS3_SAM,0.0010966415352981493,0.7095424107142857,0.0021908804600848965,0.0011935844834017157,0.013322231473771857,13405,16,13198,False,0.9453634085213033,6,False,True,-0.07170781924280349,0,True
187144,1,person,a photo of a person,0.07280446077810164,GE_MAP,all,GE_POS3_SMART,0.0010966415352981493,0.7095424107142857,0.0021908804600848965,0.0011935844834017157,0.013322231473771857,13405,16,13198,False,0.9453634085213033,6,False,True,-0.07170781924280349,0,True
187144,1,person,a photo of a person,0.07280446077810164,GE_MAP,all,GE_POS3_CASR,0.07280446077810164,0.708366549744898,0.13572736400685134,0.07304513668150031,0.9567027477102414,15730,1149,6095,False,0.2570113374818856,6,False,False,0.0,0,False
187144,6,bus,a photo of a bus,0.7015668650552654,GE_MAP,all,GE_MAP,0.7015668650552654,0.9020647321428571,0.8246127489471055,0.8103254769921436,0.83941287603546,14256,11552,446,True,0.029848757412219335,1,True,False,0.0,-1,False
187144,6,bus,a photo of a bus,0.7015668650552654,GE_MAP,all,GE_POS3_SAM,0.9319360414866033,0.9811662946428571,0.96476904149424,0.9906592144552484,0.9401976456910333,13061,12939,0,True,0.0,-1,True,False,0.2303691764313378,0,True
187144,6,bus,a photo of a bus,0.7015668650552654,GE_MAP,all,GE_POS3_SMART,0.9319360414866033,0.9811662946428571,0.96476904149424,0.9906592144552484,0.9401976456910333,13061,12939,0,True,0.0,-1,True,False,0.2303691764313378,0,True
187144,6,bus,a photo of a bus,0.7015668650552654,GE_MAP,all,GE_POS3_CASR,0.9319360414866033,0.9811662946428571,0.96476904149424,0.9906592144552484,0.9401976456910333,13061,12939,0,True,0.0,-1,True,False,0.2303691764313378,0,True
152686,43,tennis racket,a photo of a tennis racket,0.04319550930996714,GE_MAP,all,GE_MAP,0.04319550930996714,0.7214405293367347,0.08281383292866987,0.04319550930996714,1.0,14608,631,3934,False,0.2132348978822008,1,False,False,0.0,-1,False
152686,43,tennis racket,a photo of a tennis racket,0.04319550930996714,GE_MAP,all,GE_POS3_SAM,0.22142587702753677,0.9588647959183674,0.3625694873378629,0.22516302263137705,0.93026941362916,2607,587,1931,False,0.22829769832924407,1,False,False,0.17823036771756962,1,True
152686,43,tennis racket,a photo of a tennis racket,0.04319550930996714,GE_MAP,all,GE_POS3_SMART,0.7533577533577533,0.9959741709183674,0.8593314763231198,0.7664596273291926,0.9778129952456418,805,617,112,True,0.015623178267459485,1,True,False,0.7101622440477862,2,True
152686,43,tennis racket,a photo of a tennis racket,0.04319550930996714,GE_MAP,all,GE_POS3_CASR,0.7533577533577533,0.9959741709183674,0.8593314763231198,0.7664596273291926,0.9778129952456418,805,617,112,True,0.015623178267459485,1,True,False,0.7101622440477862,2,True
152686,1,person,a photo of a person,0.19780321638782036,GE_MAP,all,GE_MAP,0.19780321638782036,0.6550342793367347,0.3302766492551751,0.2379173866993701,0.5398431570958766,17939,4268,314,True,0.01747849432907786,43,True,False,0.0,-1,False
152686,1,person,a photo of a person,0.19780321638782036,GE_MAP,all,GE_POS3_SAM,0.6731198053922562,0.9357262436224489,0.8046283394923366,0.7721195209859318,0.8399949405514799,8601,6641,140,True,0.016852076219848,43,True,False,0.47531658900443585,0,True
152686,1,person,a photo of a person,0.19780321638782036,GE_MAP,all,GE_POS3_SMART,0.6731198053922562,0.9357262436224489,0.8046283394923366,0.7721195209859318,0.8399949405514799,8601,6641,140,True,0.016852076219848,43,True,False,0.47531658900443585,0,True
152686,1,person,a photo of a person,0.19780321638782036,GE_MAP,all,GE_POS3_CASR,0.6731198053922562,0.9357262436224489,0.8046283394923366,0.7721195209859318,0.8399949405514799,8601,6641,140,True,0.016852076219848,43,True,False,0.47531658900443585,0,True
115870,1,person,a photo of a person,0.24981409387165915,GE_MAP,all,GE_MAP,0.24981409387165915,0.658203125,0.3997620047599048,0.32180086775229616,0.5275750577367205,17747,5711,4686,True,0.13560922462320682,63,True,False,0.0,-1,False
115870,1,person,a photo of a person,0.24981409387165915,GE_MAP,all,GE_POS3_SAM,0.031945342073677406,0.7910355548469388,0.06191285675941666,0.9829545454545454,0.031963048498845265,352,346,0,True,0.0,-1,True,False,-0.21786875179798174,2,True
115870,1,person,a photo of a person,0.24981409387165915,GE_MAP,all,GE_POS3_SMART,0.4134483074947253,0.8725685586734694,0.5850207684319834,0.9834169757800567,0.41635103926097,4583,4507,7,True,0.0013827433628318584,63,True,False,0.16363421362306613,0,True
115870,1,person,a photo of a person,0.24981409387165915,GE_MAP,all,GE_POS3_CASR,0.4134483074947253,0.8725685586734694,0.5850207684319834,0.9834169757800567,0.41635103926097,4583,4507,7,True,0.0013827433628318584,63,True,False,0.16363421362306613,0,True
115870,63,couch,a photo of a couch,0.5881888598352163,GE_MAP,all,GE_MAP,0.5881888598352163,0.8336455676020408,0.7407039234568669,0.6385987465852483,0.8816743085342404,18669,11922,2966,True,0.11462151846113147,1,True,False,0.0,-1,False
115870,63,couch,a photo of a couch,0.5881888598352163,GE_MAP,all,GE_POS3_SAM,0.4622238586156112,0.8544523278061225,0.632220375686156,0.9908445146014206,0.4642064783316078,6335,6277,4,True,0.004037212568018255,1,True,False,-0.12596500121960508,1,True
115870,63,couch,a photo of a couch,0.5881888598352163,GE_MAP,all,GE_POS3_SMART,0.8044764416565685,0.9453324298469388,0.8916452696030022,0.9570083948104808,0.8346398461766011,11793,11286,4,True,0.002171119677433648,1,True,False,0.21628758182135221,0,True
115870,63,couch,a photo of a couch,0.5881888598352163,GE_MAP,all,GE_POS3_CASR,0.8044764416565685,0.9453324298469388,0.8916452696030022,0.9570083948104808,0.8346398461766011,11793,11286,4,True,0.002171119677433648,1,True,False,0.21628758182135221,0,True
32610,73,laptop,a photo of a laptop,0.4938368926472696,GE_MAP,all,GE_MAP,0.4938368926472696,0.7184709821428571,0.6611657471815783,0.6651865437521116,0.6571932668923752,20719,13782,4502,True,0.16368973046497476,27,True,False,0.0,-1,False
32610,73,laptop,a photo of a laptop,0.4938368926472696,GE_MAP,all,GE_POS3_SAM,0.5347117558402411,0.8031130420918368,0.6968236918827682,0.9775271224384364,0.541366649182204,11614,11353,0,True,0.0,-1,True,False,0.04087486319297151,0,True
32610,73,laptop,a photo of a laptop,0.4938368926472696,GE_MAP,all,GE_POS3_SMART,0.5347117558402411,0.8031130420918368,0.6968236918827682,0.9775271224384364,0.541366649182204,11614,11353,0,True,0.0,-1,True,False,0.04087486319297151,0,True
32610,73,laptop,a photo of a laptop,0.4938368926472696,GE_MAP,all,GE_POS3_CASR,0.5347117558402411,0.8031130420918368,0.6968236918827682,0.9775271224384364,0.541366649182204,11614,11353,0,True,0.0,-1,True,False,0.04087486319297151,0,True
32610,27,backpack,a photo of a backpack,0.6125651384741495,GE_MAP,all,GE_MAP,0.6125651384741495,0.8681242028061225,0.7597400239642714,0.6642539682539682,0.8872869137477737,15750,10462,3078,True,0.09334246412195557,73,True,False,0.0,-1,False
32610,27,backpack,a photo of a backpack,0.6125651384741495,GE_MAP,all,GE_POS3_SAM,0.7151217029938088,0.9330556441326531,0.8339019927804975,1.0,0.7151217029938088,8432,8432,0,True,0.0010554269372191202,73,True,False,0.10255656451965933,1,True
32610,27,backpack,a photo of a backpack,0.6125651384741495,GE_MAP,all,GE_POS3_SMART,0.8446346838447194,0.9634685905612245,0.9157744796213757,0.9992980344965905,0.8451361207700788,9972,9965,0,True,0.0011323929079849876,73,True,False,0.2320695453705699,0,True
32610,27,backpack,a photo of a backpack,0.6125651384741495,GE_MAP,all,GE_POS3_CASR,0.8446346838447194,0.9634685905612245,0.9157744796213757,0.9992980344965905,0.8451361207700788,9972,9965,0,True,0.0011323929079849876,73,True,False,0.2320695453705699,0,True
530061,67,dining table,a photo of a dining table,0.35429017160686427,GE_MAP,all,GE_MAP,0.35429017160686427,0.7525310905612245,0.5232116115654879,0.3622202137274709,0.9418025988388167,18809,6813,8005,False,0.1860120384511724,51,True,False,0.0,-1,False
530061,67,dining table,a photo of a dining table,0.35429017160686427,GE_MAP,all,GE_POS3_SAM,0.7743036441704283,0.9591438137755102,0.8727972201538844,0.7918261652780905,0.9722145424384849,8882,7033,1682,True,0.05588598361575581,62,True,False,0.420013472563564,1,True
530061,67,dining table,a photo of a dining table,0.35429017160686427,GE_MAP,all,GE_POS3_SMART,0.7743036441704283,0.9591438137755102,0.8727972201538844,0.7918261652780905,0.9722145424384849,8882,7033,1682,True,0.05588598361575581,62,True,False,0.420013472563564,1,True
530061,67,dining table,a photo of a dining table,0.35429017160686427,GE_MAP,all,GE_POS3_CASR,0.7743036441704283,0.9591438137755102,0.8727972201538844,0.7918261652780905,0.9722145424384849,8882,7033,1682,True,0.05588598361575581,62,True,False,0.420013472563564,1,True
530061,51,bowl,a photo of a bowl,0.5203785112882796,GE_MAP,all,GE_MAP,0.5203785112882796,0.871711575255102,0.6845381034060279,0.5451565061275466,0.9196734263892546,12811,6984,4770,True,0.10886928628708901,1,True,False,0.0,-1,False
530061,51,bowl,a photo of a bowl,0.5203785112882796,GE_MAP,all,GE_POS3_SAM,0.5960552268244576,0.9387755102040817,0.7469105289174494,0.9975792253521126,0.5969186199631288,4544,4533,4,True,0.0011900714042842571,67,True,False,0.07567671553617794,2,True
530061,51,bowl,a photo of a bowl,0.5203785112882796,GE_MAP,all,GE_POS3_SMART,0.8146363330718368,0.9670360331632653,0.897850790513834,0.8454291695743196,0.9572030550434554,8598,7269,1266,True,0.04556883546309372,1,True,False,0.2942578217835572,1,True
530061,51,bowl,a photo of a bowl,0.5203785112882796,GE_MAP,all,GE_POS3_CASR,0.8146363330718368,0.9670360331632653,0.897850790513834,0.8454291695743196,0.9572030550434554,8598,7269,1266,True,0.04556883546309372,1,True,False,0.2942578217835572,1,True
321214,1,person,a photo of a person,0.5373600994848108,GE_MAP,all,GE_MAP,0.5373600994848108,0.7404934630102041,0.6990686172548476,0.7942025941290763,0.6242879550895731,19043,15124,1640,True,0.07316874771220563,61,True,False,0.0,-1,False
321214,1,person,a photo of a person,0.5373600994848108,GE_MAP,all,GE_POS3_SAM,0.7190639787385752,0.8272480867346939,0.8365761689291101,0.7699729298257791,0.9157929497234376,28814,22186,6259,True,0.23461722324660247,61,True,False,0.1817038792537644,0,True
321214,1,person,a photo of a person,0.5373600994848108,GE_MAP,all,GE_POS3_SMART,0.7190639787385752,0.8272480867346939,0.8365761689291101,0.7699729298257791,0.9157929497234376,28814,22186,6259,True,0.23461722324660247,61,True,False,0.1817038792537644,0,True
321214,1,person,a photo of a person,0.5373600994848108,GE_MAP,all,GE_POS3_CASR,0.7190639787385752,0.8272480867346939,0.8365761689291101,0.7699729298257791,0.9157929497234376,28814,22186,6259,True,0.23461722324660247,61,True,False,0.1817038792537644,0,True
321214,62,chair,a photo of a chair,0.04946727549467275,GE_MAP,all,GE_MAP,0.04946727549467275,0.6017219387755102,0.09427121102248005,0.052395586679429694,0.46952595936794583,19849,1040,11740,False,0.26195384527286264,1,False,False,0.0,-1,False
321214,62,chair,a photo of a chair,0.04946727549467275,GE_MAP,all,GE_POS3_SAM,0.0,0.7932079081632653,0.0,0.0,0.0,8161,0,6675,False,0.7381165919282511,61,False,True,-0.04946727549467275,1,True
321214,62,chair,a photo of a chair,0.04946727549467275,GE_MAP,all,GE_POS3_SMART,0.0,0.8759167729591837,0.0,0.0,0.0,4011,0,3183,False,0.38581716099109,61,False,False,-0.04946727549467275,2,True
321214,62,chair,a photo of a chair,0.04946727549467275,GE_MAP,all,GE_POS3_CASR,0.0,0.8759167729591837,0.0,0.0,0.0,4011,0,3183,False,0.38581716099109,61,False,False,-0.04946727549467275,2,True
291490,65,bed,a photo of a bed,0.6447835656639765,GE_MAP,all,GE_MAP,0.6447835656639765,0.7587691326530612,0.78403454305392,0.9529819995662546,0.6659695068351975,23055,21971,117,True,0.00384979488797728,17,True,False,0.0,-1,False
291490,65,bed,a photo of a bed,0.6447835656639765,GE_MAP,all,GE_POS3_SAM,0.6530129876458978,0.7161989795918368,0.7900881511837023,0.7690475507217264,0.8123124488496862,34847,26799,7212,True,0.20094744959788477,17,True,False,0.008229421981921226,0,True
291490,65,bed,a photo of a bed,0.6447835656639765,GE_MAP,all,GE_POS3_SMART,0.6530129876458978,0.7161989795918368,0.7900881511837023,0.7690475507217264,0.8123124488496862,34847,26799,7212,True,0.20094744959788477,17,True,False,0.008229421981921226,0,True
291490,65,bed,a photo of a bed,0.6447835656639765,GE_MAP,all,GE_POS3_CASR,0.6447835656639765,0.7587691326530612,0.78403454305392,0.9529819995662546,0.6659695068351975,23055,21971,117,True,0.00384979488797728,17,True,False,0.0,0,False
291490,17,cat,a photo of a cat,0.6184404119666503,GE_MAP,all,GE_MAP,0.6184404119666503,0.9069674744897959,0.7642424242424243,0.6851399076337952,0.8639945186707777,11043,7566,2015,True,0.04865328284632421,65,True,False,0.0,-1,False
291490,17,cat,a photo of a cat,0.6184404119666503,GE_MAP,all,GE_POS3_SAM,0.9617776772588488,0.9932637117346939,0.9805164860502652,0.9899895239203818,0.9712230215827338,8591,8505,24,True,0.0026282159477250258,65,True,False,0.34333726529219843,1,True
291490,17,cat,a photo of a cat,0.6184404119666503,GE_MAP,all,GE_POS3_SMART,0.9617776772588488,0.9932637117346939,0.9805164860502652,0.9899895239203818,0.9712230215827338,8591,8505,24,True,0.0026282159477250258,65,True,False,0.34333726529219843,1,True
291490,17,cat,a photo of a cat,0.6184404119666503,GE_MAP,all,GE_POS3_CASR,0.9617776772588488,0.9932637117346939,0.9805164860502652,0.9899895239203818,0.9712230215827338,8591,8505,24,True,0.0026282159477250258,65,True,False,0.34333726529219843,1,True
21465,62,chair,a photo of a chair,0.18920160827110855,GE_MAP,all,GE_MAP,0.18920160827110855,0.7186702806122449,0.3181993817619784,0.19118927389865925,0.9479136690647482,17229,3294,425,True,0.02290487739153867,86,True,False,0.0,-1,False
21465,62,chair,a photo of a chair,0.18920160827110855,GE_MAP,all,GE_POS3_SAM,0.37841726618705035,0.9569515306122449,0.5490605427974948,1.0,0.37841726618705035,1315,1315,0,True,0.0,-1,True,False,0.1892156579159418,1,True
21465,62,chair,a photo of a chair,0.18920160827110855,GE_MAP,all,GE_POS3_SMART,0.37841726618705035,0.9569515306122449,0.5490605427974948,1.0,0.37841726618705035,1315,1315,0,True,0.0,-1,True,False,0.1892156579159418,1,True
21465,62,chair,a photo of a chair,0.18920160827110855,GE_MAP,all,GE_POS3_CASR,0.37841726618705035,0.9569515306122449,0.5490605427974948,1.0,0.37841726618705035,1315,1315,0,True,0.0,-1,True,False,0.1892156579159418,1,True
21465,86,vase,a photo of a vase,0.12044858724147975,GE_MAP,all,GE_MAP,0.12044858724147975,0.7592873086734694,0.21500064994150525,0.12130546387972131,0.9446030839520274,13635,1654,2001,False,0.1324376199616123,62,False,False,0.0,-1,False
21465,86,vase,a photo of a vase,0.12044858724147975,GE_MAP,all,GE_POS3_SAM,0.5294705294705294,0.9718391262755102,0.6923579359895493,0.5594651653764954,0.9080525414049114,2842,1590,3,True,0.0004751346214760849,62,True,False,0.40902194222904964,1,True
21465,86,vase,a photo of a vase,0.12044858724147975,GE_MAP,all,GE_POS3_SMART,0.5294705294705294,0.9718391262755102,0.6923579359895493,0.5594651653764954,0.9080525414049114,2842,1590,3,True,0.0004751346214760849,62,True,False,0.40902194222904964,1,True
21465,86,vase,a photo of a vase,0.12044858724147975,GE_MAP,all,GE_POS3_CASR,0.5294705294705294,0.9718391262755102,0.6923579359895493,0.5594651653764954,0.9080525414049114,2842,1590,3,True,0.0004751346214760849,62,True,False,0.40902194222904964,1,True
316666,44,bottle,a photo of a bottle,0.04479825177554047,GE_MAP,all,GE_MAP,0.04479825177554047,0.7560786033163265,0.08575483678195264,0.044970228768411155,0.9213483146067416,12764,574,2664,False,0.10504836759371221,67,False,False,0.0,-1,False
316666,44,bottle,a photo of a bottle,0.04479825177554047,GE_MAP,all,GE_POS3_SAM,0.0,0.9625518176020408,0.0,0.0,0.0,1256,0,192,False,0.11917098445595854,46,False,False,-0.04479825177554047,1,True
316666,44,bottle,a photo of a bottle,0.04479825177554047,GE_MAP,all,GE_POS3_SMART,0.0,0.9756457270408163,0.0,0.0,0.0,599,0,173,False,0.18736141906873613,46,False,False,-0.04479825177554047,2,True
316666,44,bottle,a photo of a bottle,0.04479825177554047,GE_MAP,all,GE_POS3_CASR,0.0,0.9756457270408163,0.0,0.0,0.0,599,0,173,False,0.18736141906873613,46,False,False,-0.04479825177554047,2,True
316666,67,dining table,a photo of a dining table,0.09060518165281943,GE_MAP,all,GE_MAP,0.09060518165281943,0.6313376913265306,0.16615578795528307,0.09067204565581029,0.9919268030139935,20326,1843,1927,False,0.027645936292019377,86,True,False,0.0,-1,False
316666,67,dining table,a photo of a dining table,0.09060518165281943,GE_MAP,all,GE_POS3_SAM,0.0220873786407767,0.9197026466836735,0.043220137734504865,0.03867403314917127,0.04897739504843918,2353,91,65,True,0.023180007243752264,46,False,False,-0.06851780301204273,1,True
316666,67,dining table,a photo of a dining table,0.09060518165281943,GE_MAP,all,GE_POS3_SMART,0.0220873786407767,0.9197026466836735,0.043220137734504865,0.03867403314917127,0.04897739504843918,2353,91,65,True,0.023180007243752264,46,False,False,-0.06851780301204273,1,True
316666,67,dining table,a photo of a dining table,0.09060518165281943,GE_MAP,all,GE_POS3_CASR,0.0220873786407767,0.9197026466836735,0.043220137734504865,0.03867403314917127,0.04897739504843918,2353,91,65,True,0.023180007243752264,46,False,False,-0.06851780301204273,1,True
49269,19,horse,a photo of a horse,0.6153564325342824,GE_MAP,all,GE_MAP,0.6153564325342824,0.8535355548469388,0.7618831610666494,0.8288332745858301,0.7049406403645521,14185,11757,1845,True,0.07573580723287221,18,True,False,0.0,-1,False
49269,19,horse,a photo of a horse,0.6153564325342824,GE_MAP,all,GE_POS3_SAM,0.16115924708694354,0.7202248086734694,0.27758336764100455,0.9793028322440087,0.16171003717472118,2754,2697,0,True,0.0,-1,True,False,-0.4541971854473389,2,True
49269,19,horse,a photo of a horse,0.6153564325342824,GE_MAP,all,GE_POS3_SMART,0.8972680705748435,0.9640266262755102,0.9458527073646318,0.9464489403854236,0.9452572250869409,16657,15765,640,True,0.022826164491047865,18,True,False,0.2819116380405611,0,True
49269,19,horse,a photo of a horse,0.6153564325342824,GE_MAP,all,GE_POS3_CASR,0.8972680705748435,0.9640266262755102,0.9458527073646318,0.9464489403854236,0.9452572250869409,16657,15765,640,True,0.022826164491047865,18,True,False,0.2819116380405611,0,True
49269,18,dog,a photo of a dog,0.731895790403297,GE_MAP,all,GE_MAP,0.731895790403297,0.9273955676020408,0.845196107593592,0.8638811674774148,0.8273022211130522,11512,9945,180,True,0.006426276329882185,19,True,False,0.0,-1,False
49269,18,dog,a photo of a dog,0.731895790403297,GE_MAP,all,GE_POS3_SAM,0.92990770765777,0.9831991390306123,0.9636810133126534,0.9994638069705094,0.9303718492637884,11190,11184,0,True,0.0,-1,True,False,0.19801191725447298,1,True
49269,18,dog,a photo of a dog,0.731895790403297,GE_MAP,all,GE_POS3_SMART,0.9455708824995845,0.986945950255102,0.9720240891812241,0.9988588483146067,0.9465934614424757,11392,11379,4,True,0.00014252120002850423,19,True,False,0.21367509209628754,0,True
49269,18,dog,a photo of a dog,0.731895790403297,GE_MAP,all,GE_POS3_CASR,0.9455708824995845,0.986945950255102,0.9720240891812241,0.9988588483146067,0.9465934614424757,11392,11379,4,True,0.00014252120002850423,19,True,False,0.21367509209628754,0,True
89556,11,fire hydrant,a photo of a fire hydrant,0.055462861745584256,GE_MAP,all,GE_MAP,0.055462861745584256,0.6728117028061225,0.10509675660943037,0.055703224315266385,0.9278152069297402,17306,964,3547,False,0.09700778226309875,8,False,False,0.0,-1,False
89556,11,fire hydrant,a photo of a fire hydrant,0.055462861745584256,GE_MAP,all,GE_POS3_SAM,0.5333333333333333,0.986328125,0.6956521739130435,0.6452674897119342,0.7545717035611165,1215,784,63,True,0.01743687470223916,3,True,False,0.4778704715877491,1,True
89556,11,fire hydrant,a photo of a fire hydrant,0.055462861745584256,GE_MAP,all,GE_POS3_SMART,0.5333333333333333,0.986328125,0.6956521739130435,0.6452674897119342,0.7545717035611165,1215,784,63,True,0.01743687470223916,3,True,False,0.4778704715877491,1,True
89556,11,fire hydrant,a photo of a fire hydrant,0.055462861745584256,GE_MAP,all,GE_POS3_CASR,0.5333333333333333,0.986328125,0.6956521739130435,0.6452674897119342,0.7545717035611165,1215,784,63,True,0.01743687470223916,3,True,False,0.4778704715877491,1,True
89556,3,car,a photo of a car,0.40903617611643367,GE_MAP,all,GE_MAP,0.40903617611643367,0.775031887755102,0.580590027494984,0.44771073290928887,0.8256366902673571,17451,7813,6772,True,0.3899522785673082,8,True,False,0.0,-1,False
89556,3,car,a photo of a car,0.40903617611643367,GE_MAP,all,GE_POS3_SAM,0.4038152011922504,0.8006816007653061,0.5753110535479213,0.4809030242794264,0.7158406425023777,14086,6774,7140,False,0.44733550162621966,8,False,False,-0.005220974924183275,0,True
89556,3,car,a photo of a car,0.40903617611643367,GE_MAP,all,GE_POS3_SMART,0.4038152011922504,0.8006816007653061,0.5753110535479213,0.4809030242794264,0.7158406425023777,14086,6774,7140,False,0.44733550162621966,8,False,False,-0.005220974924183275,0,True
89556,3,car,a photo of a car,0.40903617611643367,GE_MAP,all,GE_POS3_CASR,0.4038152011922504,0.8006816007653061,0.5753110535479213,0.4809030242794264,0.7158406425023777,14086,6774,7140,False,0.44733550162621966,8,False,False,-0.005220974924183275,0,True
179898,84,book,a photo of a book,0.03013945119208277,GE_MAP,all,GE_MAP,0.03013945119208277,0.69921875,0.05851528384279476,0.030303030303030304,0.8481012658227848,15477,469,10277,False,0.27561464598501634,58,False,False,0.0,-1,False
179898,84,book,a photo of a book,0.03013945119208277,GE_MAP,all,GE_POS3_SAM,0.0,0.9089604591836735,0.0,0.0,0.0,4015,0,4008,False,0.3652566029632811,58,False,False,-0.03013945119208277,1,True
179898,84,book,a photo of a book,0.03013945119208277,GE_MAP,all,GE_POS3_SMART,0.0,0.9089604591836735,0.0,0.0,0.0,4015,0,4008,False,0.3652566029632811,58,False,False,-0.03013945119208277,1,True
179898,84,book,a photo of a book,0.03013945119208277,GE_MAP,all,GE_POS3_CASR,0.0,0.9089604591836735,0.0,0.0,0.0,4015,0,4008,False,0.3652566029632811,58,False,False,-0.03013945119208277,1,True
179898,67,dining table,a photo of a dining table,0.05415358609031635,GE_MAP,all,GE_MAP,0.05415358609031635,0.6877590880102041,0.1027432563999771,0.054225607544432355,0.9760609357997824,16542,897,10482,False,0.22860897498296506,58,False,False,0.0,-1,False
179898,67,dining table,a photo of a dining table,0.05415358609031635,GE_MAP,all,GE_POS3_SAM,0.10523567045306176,0.8634207589285714,0.19043118724158298,0.10681155579114762,0.8770402611534276,7546,806,6505,False,0.5718846749226006,58,False,True,0.05108208436274541,0,True
179898,67,dining table,a photo of a dining table,0.05415358609031635,GE_MAP,all,GE_POS3_SMART,0.10523567045306176,0.8634207589285714,0.19043118724158298,0.10681155579114762,0.8770402611534276,7546,806,6505,False,0.5718846749226006,58,False,True,0.05108208436274541,0,True
179898,67,dining table,a photo of a dining table,0.05415358609031635,GE_MAP,all,GE_POS3_CASR,0.10523567045306176,0.8634207589285714,0.19043118724158298,0.10681155579114762,0.8770402611534276,7546,806,6505,False,0.5718846749226006,58,False,True,0.05108208436274541,0,True
491497,62,chair,a photo of a chair,0.28315863032844163,GE_MAP,all,GE_MAP,0.28315863032844163,0.6933394451530612,0.441346258577497,0.30796513984596674,0.7785320865889587,19736,6078,3332,True,0.29086999205273245,63,False,False,0.0,-1,False
491497,62,chair,a photo of a chair,0.28315863032844163,GE_MAP,all,GE_POS3_SAM,0.8885626911314984,0.9818439094387755,0.940993587667595,0.9517819706498952,0.9304470347124375,7632,7264,72,True,0.8862807102894673,63,True,False,0.6054040608030569,0,True
491497,62,chair,a photo of a chair,0.28315863032844163,GE_MAP,all,GE_POS3_SMART,0.8885626911314984,0.9818439094387755,0.940993587667595,0.9517819706498952,0.9304470347124375,7632,7264,72,True,0.8862807102894673,63,True,False,0.6054040608030569,0,True
491497,62,chair,a photo of a chair,0.28315863032844163,GE_MAP,all,GE_POS3_CASR,0.8885626911314984,0.9818439094387755,0.940993587667595,0.9517819706498952,0.9304470347124375,7632,7264,72,True,0.8862807102894673,63,True,False,0.6054040608030569,0,True
491497,84,book,a photo of a book,0.2313201703445606,GE_MAP,all,GE_MAP,0.2313201703445606,0.8417171556122449,0.37572708693601636,0.2313201703445606,1.0,10332,2390,3348,False,0.10594668489405332,72,True,False,0.0,-1,False
491497,84,book,a photo of a book,0.2313201703445606,GE_MAP,all,GE_POS3_SAM,0.5201522615315719,0.9572903380102041,0.6843423184563264,0.5280745624005456,0.9719665271966528,4399,2323,0,True,0.0,-1,True,False,0.2888320911870113,0,True
491497,84,book,a photo of a book,0.2313201703445606,GE_MAP,all,GE_POS3_SMART,0.5201522615315719,0.9572903380102041,0.6843423184563264,0.5280745624005456,0.9719665271966528,4399,2323,0,True,0.0,-1,True,False,0.2888320911870113,0,True
491497,84,book,a photo of a book,0.2313201703445606,GE_MAP,all,GE_POS3_CASR,0.5201522615315719,0.9572903380102041,0.6843423184563264,0.5280745624005456,0.9719665271966528,4399,2323,0,True,0.0,-1,True,False,0.2888320911870113,0,True
261161,18,dog,a photo of a dog,0.7636058648111332,GE_MAP,all,GE_MAP,0.7636058648111332,0.9241669323979592,0.8659597703173988,0.9237186231775139,0.8149990053709966,13306,12291,0,True,0.0,-1,True,False,0.0,-1,False
261161,18,dog,a photo of a dog,0.7636058648111332,GE_MAP,all,GE_POS3_SAM,0.9045478582760444,0.9712213010204082,0.949881993613772,0.9965770883402519,0.9073668854850474,13731,13684,0,True,0.0,-1,True,False,0.1409419934649112,0,True
261161,18,dog,a photo of a dog,0.7636058648111332,GE_MAP,all,GE_POS3_SMART,0.9045478582760444,0.9712213010204082,0.949881993613772,0.9965770883402519,0.9073668854850474,13731,13684,0,True,0.0,-1,True,False,0.1409419934649112,0,True
261161,18,dog,a photo of a dog,0.7636058648111332,GE_MAP,all,GE_POS3_CASR,0.9045478582760444,0.9712213010204082,0.949881993613772,0.9965770883402519,0.9073668854850474,13731,13684,0,True,0.0,-1,True,False,0.1409419934649112,0,True
261161,15,bench,a photo of a bench,0.4621812104918986,GE_MAP,all,GE_MAP,0.4621812104918986,0.8524792729591837,0.6321804810176903,0.5234529295589203,0.7979177119919719,12152,6361,1231,True,0.047342512114452735,18,True,False,0.0,-1,False
261161,15,bench,a photo of a bench,0.4621812104918986,GE_MAP,all,GE_POS3_SAM,0.7622272385252069,0.9622130102040817,0.8650725875320239,0.999671052631579,0.7624184646261917,6080,6078,0,True,0.0,-1,True,False,0.3000460280333083,0,True
261161,15,bench,a photo of a bench,0.4621812104918986,GE_MAP,all,GE_POS3_SMART,0.7622272385252069,0.9622130102040817,0.8650725875320239,0.999671052631579,0.7624184646261917,6080,6078,0,True,0.0,-1,True,False,0.3000460280333083,0,True
261161,15,bench,a photo of a bench,0.4621812104918986,GE_MAP,all,GE_POS3_CASR,0.7622272385252069,0.9622130102040817,0.8650725875320239,0.999671052631579,0.7624184646261917,6080,6078,0,True,0.0,-1,True,False,0.3000460280333083,0,True
492110,77,cell phone,a photo of a cell phone,0.04386919005148285,GE_MAP,all,GE_MAP,0.04386919005148285,0.7372050382653061,0.08405112531258684,0.04386919005148285,1.0,13791,605,5489,False,0.12577086280056576,73,False,False,0.0,-1,False
492110,77,cell phone,a photo of a cell phone,0.04386919005148285,GE_MAP,all,GE_POS3_SAM,0.02037838381805374,0.6119858099489796,0.03994279796834163,0.02058554437328454,0.6694214876033058,19674,405,17544,False,0.8420340947505675,1,False,True,-0.02349080623342911,0,True
492110,77,cell phone,a photo of a cell phone,0.04386919005148285,GE_MAP,all,GE_POS3_SMART,0.00031362709738121374,0.8729472257653061,0.0006270575325286095,0.00034638032559750607,0.003305785123966942,5774,2,4031,False,0.19777667984189723,1,False,False,-0.04355556295410164,1,True
492110,77,cell phone,a photo of a cell phone,0.04386919005148285,GE_MAP,all,GE_POS3_CASR,0.00031362709738121374,0.8729472257653061,0.0006270575325286095,0.00034638032559750607,0.003305785123966942,5774,2,4031,False,0.19777667984189723,1,False,False,-0.04355556295410164,1,True
492110,1,person,a photo of a person,0.5763270689086712,GE_MAP,all,GE_MAP,0.5763270689086712,0.8207310267857143,0.7312277766157708,0.8158421122816375,0.6625155666251556,14998,12236,122,True,0.003377133734495886,47,True,False,0.0,-1,False
492110,1,person,a photo of a person,0.5763270689086712,GE_MAP,all,GE_POS3_SAM,0.8836057201225741,0.9545798788265306,0.9382066646782896,0.9396589180968933,0.9367588932806324,18412,17301,295,True,0.018112723324449707,62,True,False,0.30727865121390285,0,True
492110,1,person,a photo of a person,0.5763270689086712,GE_MAP,all,GE_POS3_SMART,0.8836057201225741,0.9545798788265306,0.9382066646782896,0.9396589180968933,0.9367588932806324,18412,17301,295,True,0.018112723324449707,62,True,False,0.30727865121390285,0,True
492110,1,person,a photo of a person,0.5763270689086712,GE_MAP,all,GE_POS3_CASR,0.8836057201225741,0.9545798788265306,0.9382066646782896,0.9396589180968933,0.9367588932806324,18412,17301,295,True,0.018112723324449707,62,True,False,0.30727865121390285,0,True
281687,31,handbag,a photo of a handbag,0.2947300317609693,GE_MAP,all,GE_MAP,0.2947300317609693,0.7610212053571429,0.45527642756552944,0.3061087354917532,0.8880028353712565,16370,5011,6805,False,0.3453674948240166,1,False,False,0.0,-1,False
281687,31,handbag,a photo of a handbag,0.2947300317609693,GE_MAP,all,GE_POS3_SAM,0.3841802583199774,0.8698182397959183,0.5551014848113336,0.4508242062175019,0.722133616870459,9039,4075,4828,False,0.2849372610264419,1,True,False,0.08945022655900808,0,True
281687,31,handbag,a photo of a handbag,0.2947300317609693,GE_MAP,all,GE_POS3_SMART,0.3841802583199774,0.8698182397959183,0.5551014848113336,0.4508242062175019,0.722133616870459,9039,4075,4828,False,0.2849372610264419,1,True,False,0.08945022655900808,0,True
281687,31,handbag,a photo of a handbag,0.2947300317609693,GE_MAP,all,GE_POS3_CASR,0.3841802583199774,0.8698182397959183,0.5551014848113336,0.4508242062175019,0.722133616870459,9039,4075,4828,False,0.2849372610264419,1,True,False,0.08945022655900808,0,True
281687,1,person,a photo of a person,0.27326607818411097,GE_MAP,all,GE_MAP,0.27326607818411097,0.6554328762755102,0.4292364068535208,0.4202327084680026,0.4386343701504622,15470,6501,2905,True,0.17235826531178855,31,True,False,0.0,-1,False
281687,1,person,a photo of a person,0.27326607818411097,GE_MAP,all,GE_POS3_SAM,0.2559587573647563,0.7785196109693877,0.4075910229756384,0.9707973590655155,0.2579448080426422,3938,3823,0,True,0.005891016200294551,77,True,False,-0.017307320819354655,1,True
281687,1,person,a photo of a person,0.27326607818411097,GE_MAP,all,GE_POS3_SMART,0.2559587573647563,0.7785196109693877,0.4075910229756384,0.9707973590655155,0.2579448080426422,3938,3823,0,True,0.005891016200294551,77,True,False,-0.017307320819354655,1,True
281687,1,person,a photo of a person,0.27326607818411097,GE_MAP,all,GE_POS3_CASR,0.2559587573647563,0.7785196109693877,0.4075910229756384,0.9707973590655155,0.2579448080426422,3938,3823,0,True,0.005891016200294551,77,True,False,-0.017307320819354655,1,True
498463,78,microwave,a photo of a microwave,0.017241379310344827,GE_MAP,all,GE_MAP,0.017241379310344827,0.5808155293367347,0.03389830508474576,0.017708883236550368,0.3950749464668094,20837,369,14750,False,0.4491063544743172,82,False,False,0.0,-1,False
498463,78,microwave,a photo of a microwave,0.017241379310344827,GE_MAP,all,GE_POS3_SAM,0.0,0.8022361288265306,0.0,0.0,0.0,8989,0,8959,False,0.33446576569849923,82,False,False,-0.017241379310344827,1,True
498463,78,microwave,a photo of a microwave,0.017241379310344827,GE_MAP,all,GE_POS3_SMART,0.0,0.5800382653061225,0.0,0.0,0.0,20138,0,20041,False,0.7463225710348936,82,False,True,-0.017241379310344827,0,True
498463,78,microwave,a photo of a microwave,0.017241379310344827,GE_MAP,all,GE_POS3_CASR,0.0,0.5800382653061225,0.0,0.0,0.0,20138,0,20041,False,0.7463225710348936,82,False,True,-0.017241379310344827,0,True
498463,82,refrigerator,a photo of a refrigerator,0.48429962966420814,GE_MAP,all,GE_MAP,0.48429962966420814,0.6697425063775511,0.6525631617569976,0.7432064568508525,0.5816265510539692,20939,15562,192,True,0.0088556800885568,78,True,False,0.0,-1,False
498463,82,refrigerator,a photo of a refrigerator,0.48429962966420814,GE_MAP,all,GE_POS3_SAM,0.33160273409778507,0.6433553890306123,0.4980505455667443,0.9980888139404159,0.33181342502616235,8895,8878,0,True,0.0,-1,True,False,-0.15269689556642307,1,True
498463,82,refrigerator,a photo of a refrigerator,0.48429962966420814,GE_MAP,all,GE_POS3_SMART,0.7838290585563786,0.8842673788265306,0.8788163359001648,0.9949440060482918,0.7869636716998056,21163,21056,0,True,0.0,-1,True,False,0.2995294288921705,0,True
498463,82,refrigerator,a photo of a refrigerator,0.48429962966420814,GE_MAP,all,GE_POS3_CASR,0.7838290585563786,0.8842673788265306,0.8788163359001648,0.9949440060482918,0.7869636716998056,21163,21056,0,True,0.0,-1,True,False,0.2995294288921705,0,True
187236,63,couch,a photo of a couch,0.3735536127539213,GE_MAP,all,GE_MAP,0.3735536127539213,0.6115672831632653,0.54392287171807,0.5889328063241107,0.5053043478260869,19734,11622,348,True,0.03636411651305886,17,True,False,0.0,-1,False
187236,63,couch,a photo of a couch,0.3735536127539213,GE_MAP,all,GE_POS3_SAM,0.49011015518211787,0.7472297512755102,0.6578173479023337,0.8667614646285104,0.5300434782608696,14065,12191,3,True,0.007471643761627558,17,True,False,0.11655654242819657,1,True
187236,63,couch,a photo of a couch,0.3735536127539213,GE_MAP,all,GE_POS3_SMART,0.5318958081766431,0.7295918367346939,0.6944281789108598,0.7203532380151387,0.6703043478260869,21402,15417,21,True,0.00432050274941084,17,True,False,0.15834219542272177,0,True
187236,63,couch,a photo of a couch,0.3735536127539213,GE_MAP,all,GE_POS3_CASR,0.3735536127539213,0.6115672831632653,0.54392287171807,0.5889328063241107,0.5053043478260869,19734,11622,348,True,0.03636411651305886,17,True,False,0.0,0,False
187236,17,cat,a photo of a cat,0.5652252090263418,GE_MAP,all,GE_MAP,0.5652252090263418,0.8072385204081632,0.7222286042504308,0.8212932723709994,0.6444900051255766,15310,12574,2475,True,0.22298483639265762,63,True,False,0.0,-1,False
187236,17,cat,a photo of a cat,0.5652252090263418,GE_MAP,all,GE_POS3_SAM,0.2551717768747691,0.6785315688775511,0.40659259804282244,0.720281543274244,0.28323936442849823,7672,5526,2145,True,0.33350723881570365,63,False,False,-0.31005343215157266,1,True
187236,17,cat,a photo of a cat,0.5652252090263418,GE_MAP,all,GE_POS3_SMART,0.2551717768747691,0.6785315688775511,0.40659259804282244,0.720281543274244,0.28323936442849823,7672,5526,2145,True,0.33350723881570365,63,False,False,-0.31005343215157266,1,True
187236,17,cat,a photo of a cat,0.5652252090263418,GE_MAP,all,GE_POS3_CASR,0.2551717768747691,0.6785315688775511,0.40659259804282244,0.720281543274244,0.28323936442849823,7672,5526,2145,True,0.33350723881570365,63,False,False,-0.31005343215157266,1,True
470952,1,person,a photo of a person,0.4062543192812716,GE_MAP,all,GE_MAP,0.4062543192812716,0.6575454400510204,0.5777821461041355,0.7072730554051615,0.48836919498213843,16623,11757,136,True,0.010469673042054161,35,True,False,0.0,-1,False
470952,1,person,a photo of a person,0.4062543192812716,GE_MAP,all,GE_POS3_SAM,0.5022158684774839,0.7224170918367347,0.6686334221545489,0.7824924824590712,0.5837002575392539,17958,14052,1,True,0.00016122098022355977,35,True,False,0.0959615491962123,0,True
470952,1,person,a photo of a person,0.4062543192812716,GE_MAP,all,GE_POS3_SMART,0.5022158684774839,0.7224170918367347,0.6686334221545489,0.7824924824590712,0.5837002575392539,17958,14052,1,True,0.00016122098022355977,35,True,False,0.0959615491962123,0,True
470952,1,person,a photo of a person,0.4062543192812716,GE_MAP,all,GE_POS3_CASR,0.5022158684774839,0.7224170918367347,0.6686334221545489,0.7824924824590712,0.5837002575392539,17958,14052,1,True,0.00016122098022355977,35,True,False,0.0959615491962123,0,True
470952,35,skis,a photo of a skis,0.03653311718388143,GE_MAP,all,GE_MAP,0.03653311718388143,0.6683474170918368,0.07049097916550298,0.03657971014492754,0.9663093415007658,17250,631,4281,False,0.11910307100687863,1,False,False,0.0,-1,False
470952,35,skis,a photo of a skis,0.03653311718388143,GE_MAP,all,GE_POS3_SAM,0.20280296784830998,0.9807278380102041,0.33721727210418095,0.3052109181141439,0.3767228177641654,806,246,98,True,0.0053337643445935026,1,True,False,0.16626985066442856,1,True
470952,35,skis,a photo of a skis,0.03653311718388143,GE_MAP,all,GE_POS3_SMART,0.2944954128440367,0.9846739477040817,0.45499645641389086,0.4234828496042216,0.49157733537519144,758,321,19,True,0.002219800621544174,1,True,False,0.25796229566015527,2,True
470952,35,skis,a photo of a skis,0.03653311718388143,GE_MAP,all,GE_POS3_CASR,0.2944954128440367,0.9846739477040817,0.45499645641389086,0.4234828496042216,0.49157733537519144,758,321,19,True,0.002219800621544174,1,True,False,0.25796229566015527,2,True
167159,65,bed,a photo of a bed,0.36065573770491804,GE_MAP,all,GE_MAP,0.36065573770491804,0.37741151147959184,0.5301204819277109,0.9553808620222283,0.3668345892834839,18445,17622,0,True,0.020077019601055773,84,True,False,0.0,-1,False
167159,65,bed,a photo of a bed,0.36065573770491804,GE_MAP,all,GE_POS3_SAM,0.24979190943898785,0.2814891581632653,0.39973359973359973,0.9985027449675594,0.24988550730671552,12022,12004,0,True,0.0,-1,True,False,-0.11086382826593019,1,True
167159,65,bed,a photo of a bed,0.36065573770491804,GE_MAP,all,GE_POS3_SMART,0.24979190943898785,0.2814891581632653,0.39973359973359973,0.9985027449675594,0.24988550730671552,12022,12004,0,True,0.0,-1,True,False,-0.11086382826593019,1,True
167159,65,bed,a photo of a bed,0.36065573770491804,GE_MAP,all,GE_POS3_CASR,0.24979190943898785,0.2814891581632653,0.39973359973359973,0.9985027449675594,0.24988550730671552,12022,12004,0,True,0.0,-1,True,False,-0.11086382826593019,1,True
167159,84,book,a photo of a book,0.4883460331689825,GE_MAP,all,GE_MAP,0.4883460331689825,0.9090003188775511,0.65622647191688,0.5345927379784102,0.8495126705653021,8152,4358,3742,True,0.1684341859014348,65,True,False,0.0,-1,False
167159,84,book,a photo of a book,0.4883460331689825,GE_MAP,all,GE_POS3_SAM,0.9298245614035088,0.9928252551020408,0.9636363636363636,1.0,0.9298245614035088,4770,4770,0,True,0.09929639035763355,65,True,False,0.44147852823452627,2,True
167159,84,book,a photo of a book,0.4883460331689825,GE_MAP,all,GE_POS3_SMART,0.9225582739356579,0.9919882015306123,0.9597194388777555,0.9874226804123711,0.9335282651072124,4850,4789,61,True,0.10096173862358966,65,True,False,0.4342122407666754,1,True
167159,84,book,a photo of a book,0.4883460331689825,GE_MAP,all,GE_POS3_CASR,0.9225582739356579,0.9919882015306123,0.9597194388777555,0.9874226804123711,0.9335282651072124,4850,4789,61,True,0.10096173862358966,65,True,False,0.4342122407666754,1,True
133244,1,person,a photo of a person,0.2849257787999164,GE_MAP,all,GE_MAP,0.2849257787999164,0.6591796875,0.4434898629958671,0.4130447960235194,0.4787802136031478,16497,6814,758,True,0.042138958858102434,62,True,False,0.0,-1,False
133244,1,person,a photo of a person,0.2849257787999164,GE_MAP,all,GE_POS3_SAM,0.033033236309483516,0.7153021364795918,0.06395386934014809,0.4742468415937804,0.034288926363125354,1029,488,1,True,0.00022779043280182233,62,True,False,-0.25189254249043286,1,True
133244,1,person,a photo of a person,0.2849257787999164,GE_MAP,all,GE_POS3_SMART,0.22682419279049473,0.7704480229591837,0.3697745677391114,0.8355588526211671,0.23742270938729623,4044,3379,36,True,0.012717079174073567,62,True,False,-0.05810158600942164,0,True
133244,1,person,a photo of a person,0.2849257787999164,GE_MAP,all,GE_POS3_CASR,0.22682419279049473,0.7704480229591837,0.3697745677391114,0.8355588526211671,0.23742270938729623,4044,3379,36,True,0.012717079174073567,62,True,False,-0.05810158600942164,0,True
133244,62,chair,a photo of a chair,0.1462831585441086,GE_MAP,all,GE_MAP,0.1462831585441086,0.7793566645408163,0.2552304069963,0.1649135008258715,0.5642474717430102,11503,1897,4534,False,0.22059381521532917,1,False,False,0.0,-1,False
133244,62,chair,a photo of a chair,0.1462831585441086,GE_MAP,all,GE_POS3_SAM,0.09047619047619047,0.8705755739795918,0.16593886462882096,0.14602169981916818,0.19214753123140987,4424,646,4,True,0.0002144542140253056,1,True,False,-0.055806968067918114,0,True
133244,62,chair,a photo of a chair,0.1462831585441086,GE_MAP,all,GE_POS3_SMART,0.30563978168587025,0.9315409757653061,0.46818392940083603,0.48821440103325797,0.4497323022010708,3097,1512,0,True,0.0,-1,True,False,0.15935662314176166,1,True
133244,62,chair,a photo of a chair,0.1462831585441086,GE_MAP,all,GE_POS3_CASR,0.30563978168587025,0.9315409757653061,0.46818392940083603,0.48821440103325797,0.4497323022010708,3097,1512,0,True,0.0,-1,True,False,0.15935662314176166,1,True
540414,28,umbrella,a photo of a umbrella,0.10033038904996291,GE_MAP,all,GE_MAP,0.10033038904996291,0.7340760522959183,0.1823641154482505,0.1006357365075071,0.9706457925636007,14786,1488,3384,False,0.16766047001052262,1,False,False,0.0,-1,False
540414,28,umbrella,a photo of a umbrella,0.10033038904996291,GE_MAP,all,GE_POS3_SAM,0.009551374819102749,0.9318000637755102,0.018922018348623854,0.01687979539641944,0.021526418786692758,1955,33,76,False,0.007504329420819703,1,True,False,-0.09077901423086017,1,True
540414,28,umbrella,a photo of a umbrella,0.10033038904996291,GE_MAP,all,GE_POS3_SMART,0.009551374819102749,0.9318000637755102,0.018922018348623854,0.01687979539641944,0.021526418786692758,1955,33,76,False,0.007504329420819703,1,True,False,-0.09077901423086017,1,True
540414,28,umbrella,a photo of a umbrella,0.10033038904996291,GE_MAP,all,GE_POS3_CASR,0.009551374819102749,0.9318000637755102,0.018922018348623854,0.01687979539641944,0.021526418786692758,1955,33,76,False,0.007504329420819703,1,True,False,-0.09077901423086017,1,True
540414,1,person,a photo of a person,0.16442297811119103,GE_MAP,all,GE_MAP,0.16442297811119103,0.6759008290816326,0.2824110846350719,0.22622834924001414,0.37571914993542327,14145,3200,55,True,0.0022888056595921765,51,True,False,0.0,-1,False
540414,1,person,a photo of a person,0.16442297811119103,GE_MAP,all,GE_POS3_SAM,0.0,0.7742546237244898,0.0,0.0,0.0,2810,0,0,False,0.0,-1,False,False,-0.16442297811119103,1,True
540414,1,person,a photo of a person,0.16442297811119103,GE_MAP,all,GE_POS3_SMART,0.0,0.7742546237244898,0.0,0.0,0.0,2810,0,0,False,0.0,-1,False,False,-0.16442297811119103,1,True
540414,1,person,a photo of a person,0.16442297811119103,GE_MAP,all,GE_POS3_CASR,0.0,0.7742546237244898,0.0,0.0,0.0,2810,0,0,False,0.0,-1,False,False,-0.16442297811119103,1,True
572555,10,traffic light,a photo of a traffic light,0.023924621056943877,GE_MAP,all,GE_MAP,0.023924621056943877,0.7625757334183674,0.04673121549171801,0.024476110645431686,0.5149911816578483,11930,292,5479,False,0.19274607753465137,7,False,False,0.0,-1,False
572555,10,traffic light,a photo of a traffic light,0.023924621056943877,GE_MAP,all,GE_POS3_SAM,0.009040965523208029,0.5434470663265306,0.01791991768841636,0.00918318028032866,0.36860670194003525,22759,209,21280,False,0.9073892465782629,7,False,True,-0.014883655533735848,0,True
572555,10,traffic light,a photo of a traffic light,0.023924621056943877,GE_MAP,all,GE_POS3_SMART,0.0042680512166146,0.5489875637755102,0.008499824745881528,0.004358179449162061,0.1710758377425044,22257,97,21014,False,0.9051557048714304,7,False,True,-0.019656569840329277,1,True
572555,10,traffic light,a photo of a traffic light,0.023924621056943877,GE_MAP,all,GE_POS3_CASR,0.0042680512166146,0.5489875637755102,0.008499824745881528,0.004358179449162061,0.1710758377425044,22257,97,21014,False,0.9051557048714304,7,False,True,-0.019656569840329277,1,True
572555,7,train,a photo of a train,0.5149978876214618,GE_MAP,all,GE_MAP,0.5149978876214618,0.7483258928571429,0.6798661461238148,0.7675004292828115,0.610193401592719,17471,13409,0,True,0.0,-1,True,False,0.0,-1,False
572555,7,train,a photo of a train,0.5149978876214618,GE_MAP,all,GE_POS3_SAM,0.9553893294881038,0.9802694515306123,0.9771857860533715,0.9898688080676036,0.9648236632536974,21419,21202,24,True,0.0011383816766085332,10,True,False,0.44039144186664203,0,True
572555,7,train,a photo of a train,0.5149978876214618,GE_MAP,all,GE_POS3_SMART,0.9553893294881038,0.9802694515306123,0.9771857860533715,0.9898688080676036,0.9648236632536974,21419,21202,24,True,0.0011383816766085332,10,True,False,0.44039144186664203,0,True
572555,7,train,a photo of a train,0.5149978876214618,GE_MAP,all,GE_POS3_CASR,0.9553893294881038,0.9802694515306123,0.9771857860533715,0.9898688080676036,0.9648236632536974,21419,21202,24,True,0.0011383816766085332,10,True,False,0.44039144186664203,0,True
463802,88,teddy bear,a photo of a teddy bear,0.5794081966348437,GE_MAP,all,GE_MAP,0.5794081966348437,0.8410794005102041,0.7337029121025915,0.7894358605821057,0.6853203568532036,13915,10985,287,True,0.008966957376243704,1,True,False,0.0,-1,False
463802,88,teddy bear,a photo of a teddy bear,0.5794081966348437,GE_MAP,all,GE_POS3_SAM,0.8491171749598716,0.9437978316326531,0.9184027777777778,0.8564027845232314,0.990080479131574,18531,15870,7,True,0.0013747492011592479,43,True,False,0.26970897832502794,0,True
463802,88,teddy bear,a photo of a teddy bear,0.5794081966348437,GE_MAP,all,GE_POS3_SMART,0.8491171749598716,0.9437978316326531,0.9184027777777778,0.8564027845232314,0.990080479131574,18531,15870,7,True,0.0013747492011592479,43,True,False,0.26970897832502794,0,True
463802,88,teddy bear,a photo of a teddy bear,0.5794081966348437,GE_MAP,all,GE_POS3_CASR,0.8491171749598716,0.9437978316326531,0.9184027777777778,0.8564027845232314,0.990080479131574,18531,15870,7,True,0.0013747492011592479,43,True,False,0.26970897832502794,0,True
463802,43,tennis racket,a photo of a tennis racket,0.39177976458480734,GE_MAP,all,GE_MAP,0.39177976458480734,0.8115433673469388,0.5629910342915242,0.46081101528219093,0.723396674584323,13218,6091,4251,True,0.08949858949858949,1,True,False,0.0,-1,False
463802,43,tennis racket,a photo of a tennis racket,0.39177976458480734,GE_MAP,all,GE_POS3_SAM,0.7177470106985525,0.9463687818877551,0.8356841912438175,0.8599974864898832,0.81270783847981,7957,6843,90,True,0.009291270527225583,1,True,False,0.32596724611374517,2,True
463802,43,tennis racket,a photo of a tennis racket,0.39177976458480734,GE_MAP,all,GE_POS3_SMART,0.7608650662251656,0.9539421237244898,0.8641946289005112,0.855298359892986,0.8732779097387173,8597,7353,129,True,0.011992668237758575,1,True,False,0.36908530164035824,1,True
463802,43,tennis racket,a photo of a tennis racket,0.39177976458480734,GE_MAP,all,GE_POS3_CASR,0.7608650662251656,0.9539421237244898,0.8641946289005112,0.855298359892986,0.8732779097387173,8597,7353,129,True,0.011992668237758575,1,True,False,0.36908530164035824,1,True
3501,51,bowl,a photo of a bowl,0.5114986839656501,GE_MAP,all,GE_MAP,0.5114986839656501,0.6338089923469388,0.6768099627101949,0.920482273575427,0.5351450585519179,20901,19239,0,True,0.0221687925343331,56,True,False,0.0,-1,False
3501,51,bowl,a photo of a bowl,0.5114986839656501,GE_MAP,all,GE_POS3_SAM,0.9717408839317998,0.9797512755102041,0.9856679362392439,0.999942757377143,0.9717949431170204,34939,34937,0,True,0.11892572147698996,56,True,False,0.4602421999661497,0,True
3501,51,bowl,a photo of a bowl,0.5114986839656501,GE_MAP,all,GE_POS3_SMART,0.9717408839317998,0.9797512755102041,0.9856679362392439,0.999942757377143,0.9717949431170204,34939,34937,0,True,0.11892572147698996,56,True,False,0.4602421999661497,0,True
3501,51,bowl,a photo of a bowl,0.5114986839656501,GE_MAP,all,GE_POS3_CASR,0.9717408839317998,0.9797512755102041,0.9856679362392439,0.999942757377143,0.9717949431170204,34939,34937,0,True,0.11892572147698996,56,True,False,0.4602421999661497,0,True
3501,56,broccoli,a photo of a broccoli,0.4645110410094637,GE_MAP,all,GE_MAP,0.4645110410094637,0.9052734375,0.6343564889606893,0.4676193716683679,0.9858919177427068,8817,4123,4603,False,0.24210643138560567,51,True,False,0.0,-1,False
3501,56,broccoli,a photo of a broccoli,0.4645110410094637,GE_MAP,all,GE_POS3_SAM,0.7593017914561323,0.9791135204081632,0.8631853785900784,0.9505462909718229,0.7905308464849354,3478,3306,172,True,0.09674278879586104,51,True,False,0.2947907504466686,1,True
3501,56,broccoli,a photo of a broccoli,0.4645110410094637,GE_MAP,all,GE_POS3_SMART,0.7593017914561323,0.9791135204081632,0.8631853785900784,0.9505462909718229,0.7905308464849354,3478,3306,172,True,0.09674278879586104,51,True,False,0.2947907504466686,1,True
3501,56,broccoli,a photo of a broccoli,0.4645110410094637,GE_MAP,all,GE_POS3_CASR,0.7593017914561323,0.9791135204081632,0.8631853785900784,0.9505462909718229,0.7905308464849354,3478,3306,172,True,0.09674278879586104,51,True,False,0.2947907504466686,1,True
348708,67,dining table,a photo of a dining table,0.446843185384894,GE_MAP,all,GE_MAP,0.446843185384894,0.4520687181122449,0.6176801880101792,0.9911634756995582,0.44863041370394313,22407,22209,14,True,0.5188151499403907,51,False,True,0.0,-1,False
348708,67,dining table,a photo of a dining table,0.446843185384894,GE_MAP,all,GE_POS3_SAM,0.6358455993395485,0.6395687181122449,0.7773907263573812,0.9949900746762453,0.6378878474466709,31737,31578,159,True,0.7991829517392762,51,False,True,0.18900241395465456,0,True
348708,67,dining table,a photo of a dining table,0.446843185384894,GE_MAP,all,GE_POS3_SMART,0.4355809631544926,0.44314014668367346,0.6068358028339454,1.0,0.4355809631544926,21563,21563,0,True,0.7903592375366569,51,False,True,-0.011262222230401409,2,True
348708,67,dining table,a photo of a dining table,0.446843185384894,GE_MAP,all,GE_POS3_CASR,0.4355809631544926,0.44314014668367346,0.6068358028339454,1.0,0.4355809631544926,21563,21563,0,True,0.7903592375366569,51,False,True,-0.011262222230401409,2,True
348708,51,bowl,a photo of a bowl,0.5159069325735992,GE_MAP,all,GE_MAP,0.5159069325735992,0.7155412946428571,0.6806577916992952,0.8733421369925934,0.5576288584207053,17417,15211,2187,True,0.3508477997577715,67,True,False,0.0,-1,False
348708,51,bowl,a photo of a bowl,0.5159069325735992,GE_MAP,all,GE_POS3_SAM,0.8748716132459713,0.9295878507653061,0.933260290534031,0.9627031450952882,0.9055649241146712,25659,24702,957,True,0.5170346748476163,67,True,False,0.3589646806723721,0,True
348708,51,bowl,a photo of a bowl,0.5159069325735992,GE_MAP,all,GE_POS3_SMART,0.8338892350547961,0.9096779336734694,0.9094215933165447,0.9997802777289506,0.834042085196862,22756,22751,5,True,0.4596800258564964,67,True,False,0.31798230248119685,1,True
348708,51,bowl,a photo of a bowl,0.5159069325735992,GE_MAP,all,GE_POS3_CASR,0.8338892350547961,0.9096779336734694,0.9094215933165447,0.9997802777289506,0.834042085196862,22756,22751,5,True,0.4596800258564964,67,True,False,0.31798230248119685,1,True
332901,20,sheep,a photo of a sheep,0.5582314103257928,GE_MAP,all,GE_MAP,0.5582314103257928,0.8373126594387755,0.7164935921925468,0.7830410688529568,0.660371318822023,13173,10315,66,True,0.004727116458960034,1,True,False,0.0,-1,False
332901,20,sheep,a photo of a sheep,0.5582314103257928,GE_MAP,all,GE_POS3_SAM,0.9027399860785926,0.969367825255102,0.9488842329309255,0.9873347636514638,0.9133162612035851,14449,14266,0,True,0.0,-1,True,False,0.3445085757527998,1,True
332901,20,sheep,a photo of a sheep,0.5582314103257928,GE_MAP,all,GE_POS3_SMART,0.9027399860785926,0.969367825255102,0.9488842329309255,0.9873347636514638,0.9133162612035851,14449,14266,0,True,0.0,-1,True,False,0.3445085757527998,1,True
332901,20,sheep,a photo of a sheep,0.5582314103257928,GE_MAP,all,GE_POS3_CASR,0.9027399860785926,0.969367825255102,0.9488842329309255,0.9873347636514638,0.9133162612035851,14449,14266,0,True,0.0,-1,True,False,0.3445085757527998,1,True
332901,1,person,a photo of a person,0.05302342473215907,GE_MAP,all,GE_MAP,0.05302342473215907,0.7921316964285714,0.10070701845145714,0.05436097924229731,0.6830409356725147,10743,584,4145,False,0.1865604464848321,20,False,False,0.0,-1,False
332901,1,person,a photo of a person,0.05302342473215907,GE_MAP,all,GE_POS3_SAM,0.01155691234191016,0.8193160076530612,0.022849752101746067,0.012584589813605603,0.1239766081871345,8423,106,8247,False,0.5220942010635604,20,False,True,-0.04146651239024891,1,True
332901,1,person,a photo of a person,0.05302342473215907,GE_MAP,all,GE_POS3_SMART,0.026110025132644512,0.8609893176020408,0.050891277724860524,0.028795811518324606,0.21871345029239767,6494,187,6250,False,0.3939737771053959,20,False,False,-0.026913399599514557,2,True
332901,1,person,a photo of a person,0.05302342473215907,GE_MAP,all,GE_POS3_CASR,0.026110025132644512,0.8609893176020408,0.050891277724860524,0.028795811518324606,0.21871345029239767,6494,187,6250,False,0.3939737771053959,20,False,False,-0.026913399599514557,2,True
409358,70,toilet,a photo of a toilet,0.12915739268680446,GE_MAP,all,GE_MAP,0.12915739268680446,0.7270806760204082,0.22876774048209056,0.13596197616816175,0.7207239176721079,14938,2031,1483,True,0.09922387260805567,81,True,False,0.0,-1,False
409358,70,toilet,a photo of a toilet,0.12915739268680446,GE_MAP,all,GE_POS3_SAM,0.16281413788469293,0.7516940369897959,0.28003467206009824,0.16725339959964106,0.8598296664300923,14487,2423,1464,True,0.10086812732534105,81,True,False,0.03365674519788847,0,True
409358,70,toilet,a photo of a toilet,0.12915739268680446,GE_MAP,all,GE_POS3_SMART,0.43714338302963374,0.9390545280612245,0.6083504098360656,0.4759519038076152,0.8427963094393187,4990,2375,1452,True,0.28872539272221115,81,True,False,0.30798599034282925,2,True
409358,70,toilet,a photo of a toilet,0.12915739268680446,GE_MAP,all,GE_POS3_CASR,0.43714338302963374,0.9390545280612245,0.6083504098360656,0.4759519038076152,0.8427963094393187,4990,2375,1452,True,0.28872539272221115,81,True,False,0.30798599034282925,2,True
409358,81,sink,a photo of a sink,0.11333231985405899,GE_MAP,all,GE_MAP,0.11333231985405899,0.7675183354591837,0.2035911790810405,0.11333231985405899,1.0,13156,1491,1940,False,0.13823571326777825,70,False,False,0.0,-1,False
409358,81,sink,a photo of a sink,0.11333231985405899,GE_MAP,all,GE_POS3_SAM,0.8293535235876529,0.9941605548469388,0.906717605858007,0.863030303030303,0.9550637156270959,1650,1424,0,True,0.0,-1,True,False,0.7160212037335939,2,True
409358,81,sink,a photo of a sink,0.11333231985405899,GE_MAP,all,GE_POS3_SMART,0.7483409903011741,0.9901745854591837,0.8560583941605839,0.7580144777662875,0.9832327297116029,1934,1466,0,True,0.0,-1,True,False,0.6350086704471151,1,True
409358,81,sink,a photo of a sink,0.11333231985405899,GE_MAP,all,GE_POS3_CASR,0.7483409903011741,0.9901745854591837,0.8560583941605839,0.7580144777662875,0.9832327297116029,1934,1466,0,True,0.0,-1,True,False,0.6350086704471151,1,True
46497,1,person,a photo of a person,0.20610031983774085,GE_MAP,all,GE_MAP,0.20610031983774085,0.5943478954081632,0.34176314598020824,0.3303738902088283,0.35396570203644157,15994,5284,1051,True,0.05553178338800932,9,True,False,0.0,-1,False
46497,1,person,a photo of a person,0.20610031983774085,GE_MAP,all,GE_POS3_SAM,0.046564723372623976,0.6421197385204082,0.08898584546699813,0.1833577252770228,0.0587486602357985,4783,877,106,True,0.00973906651966189,9,True,False,-0.1595355964651169,1,True
46497,1,person,a photo of a person,0.20610031983774085,GE_MAP,all,GE_POS3_SMART,0.05497395187298437,0.6203962053571429,0.1042185956826412,0.17490134175217048,0.07422293676312969,6335,1108,98,True,0.007875281260045,9,True,False,-0.15112636796475648,2,True
46497,1,person,a photo of a person,0.20610031983774085,GE_MAP,all,GE_POS3_CASR,0.05497395187298437,0.6203962053571429,0.1042185956826412,0.17490134175217048,0.07422293676312969,6335,1108,98,True,0.007875281260045,9,True,False,-0.15112636796475648,2,True
46497,9,boat,a photo of a boat,0.27071159412375073,GE_MAP,all,GE_MAP,0.27071159412375073,0.7338568239795918,0.4260787347429947,0.29054568899830024,0.7986144675366522,17061,4957,1908,True,0.06686899679829242,1,True,False,0.0,-1,False
46497,9,boat,a photo of a boat,0.27071159412375073,GE_MAP,all,GE_POS3_SAM,0.40332001229634185,0.9226323341836735,0.5748083242059145,0.8977078344166952,0.4227485097470598,2923,2624,1,True,0.00016808606006275212,1,True,False,0.1326084181725911,1,True
46497,9,boat,a photo of a boat,0.27071159412375073,GE_MAP,all,GE_POS3_SMART,0.7550212578800762,0.9666972257653061,0.8604126639378498,0.8934767522553783,0.8297083937489931,5764,5150,12,True,0.0006286570917355772,1,True,False,0.4843096637563255,0,True
46497,9,boat,a photo of a boat,0.27071159412375073,GE_MAP,all,GE_POS3_CASR,0.7550212578800762,0.9666972257653061,0.8604126639378498,0.8934767522553783,0.8297083937489931,5764,5150,12,True,0.0006286570917355772,1,True,False,0.4843096637563255,0,True
131138,76,keyboard,a photo of a keyboard,0.07768087855297158,GE_MAP,all,GE_MAP,0.07768087855297158,0.6585419323979592,0.1441630451071482,0.07768087855297158,1.0,18576,1443,5464,False,0.1745436605821411,72,False,False,0.0,-1,False
131138,76,keyboard,a photo of a keyboard,0.07768087855297158,GE_MAP,all,GE_POS3_SAM,0.5244494214259052,0.974609375,0.688050930460333,0.5319954562665657,0.9736659736659736,2641,1405,663,True,0.21476355247981546,73,True,False,0.44676854287293366,0,True
131138,76,keyboard,a photo of a keyboard,0.07768087855297158,GE_MAP,all,GE_POS3_SMART,0.5981268624946786,0.9811862244897959,0.7485348961108151,0.6079619212462137,0.9736659736659736,2311,1405,536,True,0.19573643410852712,73,True,False,0.520445983941707,1,True
131138,76,keyboard,a photo of a keyboard,0.07768087855297158,GE_MAP,all,GE_POS3_CASR,0.5981268624946786,0.9811862244897959,0.7485348961108151,0.6079619212462137,0.9736659736659736,2311,1405,536,True,0.19573643410852712,73,True,False,0.520445983941707,1,True
131138,72,tv,a photo of a tv,0.17808363655539736,GE_MAP,all,GE_MAP,0.17808363655539736,0.6893734056122449,0.30232766338406447,0.19739303249941548,0.6454510703363915,17108,3377,2875,True,0.08998011489173663,73,True,False,0.0,-1,False
131138,72,tv,a photo of a tv,0.17808363655539736,GE_MAP,all,GE_POS3_SAM,0.008800370541917554,0.8720503826530612,0.017447199265381085,0.04377880184331797,0.010894495412844037,1302,57,105,False,0.04608294930875576,1,False,False,-0.16928326601347982,1,True
131138,72,tv,a photo of a tv,0.17808363655539736,GE_MAP,all,GE_POS3_SMART,0.008800370541917554,0.8720503826530612,0.017447199265381085,0.04377880184331797,0.010894495412844037,1302,57,105,False,0.04608294930875576,1,False,False,-0.16928326601347982,1,True
131138,72,tv,a photo of a tv,0.17808363655539736,GE_MAP,all,GE_POS3_CASR,0.008800370541917554,0.8720503826530612,0.017447199265381085,0.04377880184331797,0.010894495412844037,1302,57,105,False,0.04608294930875576,1,False,False,-0.16928326601347982,1,True
476215,19,horse,a photo of a horse,0.31362113148038634,GE_MAP,all,GE_MAP,0.31362113148038634,0.8612085459183674,0.4774909963985594,0.3218042071197411,0.925,9888,3182,188,True,0.018037033483641947,1,True,False,0.0,-1,False
476215,19,horse,a photo of a horse,0.31362113148038634,GE_MAP,all,GE_POS3_SAM,0.7658359293873312,0.9820232780612245,0.8673919435460159,0.8774538964901845,0.8575581395348837,3362,2950,0,True,0.0,-1,True,False,0.4522147979069449,0,True
476215,19,horse,a photo of a horse,0.31362113148038634,GE_MAP,all,GE_POS3_SMART,0.7490745637228979,0.981086575255102,0.8565381708238851,0.8922834645669291,0.8235465116279069,3175,2833,0,True,0.0,-1,True,False,0.4354534322425116,1,True
476215,19,horse,a photo of a horse,0.31362113148038634,GE_MAP,all,GE_POS3_CASR,0.7490745637228979,0.981086575255102,0.8565381708238851,0.8922834645669291,0.8235465116279069,3175,2833,0,True,0.0,-1,True,False,0.4354534322425116,1,True
476215,1,person,a photo of a person,0.05410056869200838,GE_MAP,all,GE_MAP,0.05410056869200838,0.7480668048469388,0.10264783133385391,0.05410056869200838,1.0,13364,723,1235,False,0.07932429828505363,19,False,False,0.0,-1,False
476215,1,person,a photo of a person,0.05410056869200838,GE_MAP,all,GE_POS3_SAM,0.0002526064391677766,0.13235411352040816,0.0005050852905388342,0.00025680534155110427,0.015214384508990318,42834,11,109,False,0.0023610960684501245,19,False,False,-0.05384796225284061,0,True
476215,1,person,a photo of a person,0.05410056869200838,GE_MAP,all,GE_POS3_SMART,5.8913632614587014e-05,0.6617307079081632,0.00011782032400589101,6.153088850603002e-05,0.0013831258644536654,16252,1,26,False,0.001322078714532696,19,False,False,-0.054041655059393796,1,True
476215,1,person,a photo of a person,0.05410056869200838,GE_MAP,all,GE_POS3_CASR,0.05410056869200838,0.7480668048469388,0.10264783133385391,0.05410056869200838,1.0,13364,723,1235,False,0.07932429828505363,19,False,False,0.0,1,False
280891,44,bottle,a photo of a bottle,0.04009403990341848,GE_MAP,all,GE_MAP,0.04009403990341848,0.6989198022959183,0.07709695155476816,0.04033753116409896,0.8691460055096418,15643,631,10922,False,0.2404881744872003,1,False,False,0.0,-1,False
280891,44,bottle,a photo of a bottle,0.04009403990341848,GE_MAP,all,GE_POS3_SAM,0.09121830550401978,0.9414261798469388,0.167186171720034,0.10524438102033536,0.40633608815426997,2803,295,1062,False,0.02800448570182543,1,True,False,0.05112426560060131,2,True
280891,44,bottle,a photo of a bottle,0.04009403990341848,GE_MAP,all,GE_POS3_SMART,0.09121830550401978,0.9414261798469388,0.167186171720034,0.10524438102033536,0.40633608815426997,2803,295,1062,False,0.02800448570182543,1,True,False,0.05112426560060131,2,True
280891,44,bottle,a photo of a bottle,0.04009403990341848,GE_MAP,all,GE_POS3_CASR,0.09121830550401978,0.9414261798469388,0.167186171720034,0.10524438102033536,0.40633608815426997,2803,295,1062,False,0.02800448570182543,1,True,False,0.05112426560060131,2,True
280891,55,orange,a photo of a orange,0.4892106757524134,GE_MAP,all,GE_MAP,0.4892106757524134,0.8565848214285714,0.6570066730219256,0.5002540465994048,0.9568235457448285,13777,6892,3714,True,0.15587980352499278,53,True,False,0.0,-1,False
280891,55,orange,a photo of a orange,0.4892106757524134,GE_MAP,all,GE_POS3_SAM,0.2890963203463203,0.8952686543367347,0.44852555357330254,0.9187446259673259,0.296681938081355,2326,2137,78,True,0.01994621246077992,53,True,False,-0.20011435540609307,2,True
280891,55,orange,a photo of a orange,0.4892106757524134,GE_MAP,all,GE_POS3_SMART,0.5213757325391488,0.9007095025510204,0.6854003536246527,0.6286343102050272,0.753436068304873,8633,5427,1519,True,0.16439678284182305,53,True,False,0.032165056786735424,0,True
280891,55,orange,a photo of a orange,0.4892106757524134,GE_MAP,all,GE_POS3_CASR,0.5213757325391488,0.9007095025510204,0.6854003536246527,0.6286343102050272,0.753436068304873,8633,5427,1519,True,0.16439678284182305,53,True,False,0.032165056786735424,0,True
532855,1,person,a photo of a person,0.24264328924433506,GE_MAP,all,GE_MAP,0.24264328924433506,0.7055763711734694,0.3905276620322621,0.2583092288380724,0.8000338066260987,18323,4733,547,True,0.03321934538348803,41,True,False,0.0,-1,False
532855,1,person,a photo of a person,0.24264328924433506,GE_MAP,all,GE_POS3_SAM,0.00017237911914270117,0.30642139668367346,0.00034469881940654354,0.00020763401045091186,0.0010141987829614604,28897,6,0,True,0.0,-1,True,False,-0.24247091012519237,0,True
532855,1,person,a photo of a person,0.24264328924433506,GE_MAP,all,GE_POS3_SMART,6.507662772915107e-05,0.3875358737244898,0.0001301447860745079,8.058342398968532e-05,0.0003380662609871535,24819,2,0,True,0.0,-1,True,False,-0.24257821261660592,1,True
532855,1,person,a photo of a person,0.24264328924433506,GE_MAP,all,GE_POS3_CASR,0.24264328924433506,0.7055763711734694,0.3905276620322621,0.2583092288380724,0.8000338066260987,18323,4733,547,True,0.03321934538348803,41,True,False,0.0,1,False
532855,41,skateboard,a photo of a skateboard,0.045240656090346866,GE_MAP,all,GE_MAP,0.045240656090346866,0.7169363839285714,0.0865650524149463,0.04535957403787828,0.9452247191011236,14837,673,1651,False,0.09014025319115407,1,False,False,0.0,-1,False
532855,41,skateboard,a photo of a skateboard,0.045240656090346866,GE_MAP,all,GE_POS3_SAM,0.0,0.4037388392857143,0.0,0.0,0.0,29206,0,5,False,0.00014238118290286757,1,False,False,-0.045240656090346866,0,True
532855,41,skateboard,a photo of a skateboard,0.045240656090346866,GE_MAP,all,GE_POS3_SMART,4.940711462450593e-05,0.5966398278061225,9.880934736426066e-05,5.1205898919555534e-05,0.0014044943820224719,19529,1,8,False,0.00031450249636356487,1,False,False,-0.04519124897572236,2,True
532855,41,skateboard,a photo of a skateboard,0.045240656090346866,GE_MAP,all,GE_POS3_CASR,0.045240656090346866,0.7169363839285714,0.0865650524149463,0.04535957403787828,0.9452247191011236,14837,673,1651,False,0.09014025319115407,1,False,False,0.0,2,False
296231,84,book,a photo of a book,0.09368654236662359,GE_MAP,all,GE_MAP,0.09368654236662359,0.8043088329081632,0.17132247447041946,0.09434839189440417,0.9303391384051329,10758,1015,2828,False,0.1963354474982382,72,False,False,0.0,-1,False
296231,84,book,a photo of a book,0.09368654236662359,GE_MAP,all,GE_POS3_SAM,0.20059824266217985,0.9147799744897959,0.33416381189660543,0.2012755580566498,0.9835013748854262,5331,1073,3745,False,0.47988211173757045,72,False,False,0.10691170029555626,1,True
296231,84,book,a photo of a book,0.09368654236662359,GE_MAP,all,GE_POS3_SMART,0.20059824266217985,0.9147799744897959,0.33416381189660543,0.2012755580566498,0.9835013748854262,5331,1073,3745,False,0.47988211173757045,72,False,False,0.10691170029555626,1,True
296231,84,book,a photo of a book,0.09368654236662359,GE_MAP,all,GE_POS3_CASR,0.20059824266217985,0.9147799744897959,0.33416381189660543,0.2012755580566498,0.9835013748854262,5331,1073,3745,False,0.47988211173757045,72,False,False,0.10691170029555626,1,True
296231,72,tv,a photo of a tv,0.41294523171198777,GE_MAP,all,GE_MAP,0.41294523171198777,0.8472576530612245,0.5845169684484441,0.44087340529931307,0.8669990350595047,12228,5391,537,True,0.03464615862658277,84,True,False,0.0,-1,False
296231,72,tv,a photo of a tv,0.41294523171198777,GE_MAP,all,GE_POS3_SAM,0.8244458721490524,0.9782166772959183,0.9037767409102914,0.9984438825131298,0.8255065937600514,5141,5133,0,True,0.0,-1,True,False,0.41150064043706464,1,True
296231,72,tv,a photo of a tv,0.41294523171198777,GE_MAP,all,GE_POS3_SMART,0.6776134369516169,0.9487404336734694,0.8078302450687388,0.7543957577449065,0.869411386297845,7166,5406,0,True,0.0008179959100204499,85,True,False,0.26466820523962914,0,True
296231,72,tv,a photo of a tv,0.41294523171198777,GE_MAP,all,GE_POS3_CASR,0.6776134369516169,0.9487404336734694,0.8078302450687388,0.7543957577449065,0.869411386297845,7166,5406,0,True,0.0008179959100204499,85,True,False,0.26466820523962914,0,True
463522,19,horse,a photo of a horse,0.6933719206606903,GE_MAP,all,GE_MAP,0.6933719206606903,0.9134247448979592,0.8189245518966236,0.7836457917830075,0.857529463116543,12535,9823,253,True,0.012837891715174228,18,True,False,0.0,-1,False
463522,19,horse,a photo of a horse,0.6933719206606903,GE_MAP,all,GE_POS3_SAM,0.26712211784799317,0.8289620535714286,0.42162016444264727,0.9246231155778895,0.27306852902662593,3383,3128,0,True,0.0033277870216306157,1,True,False,-0.42624980281269714,1,True
463522,19,horse,a photo of a horse,0.6933719206606903,GE_MAP,all,GE_POS3_SMART,0.926132521974307,0.9825813137755102,0.9616498464238701,0.9667401852668726,0.9566128328240943,11335,10958,0,True,0.000904456503864496,1,True,False,0.23276060131361664,0,True
463522,19,horse,a photo of a horse,0.6933719206606903,GE_MAP,all,GE_POS3_CASR,0.926132521974307,0.9825813137755102,0.9616498464238701,0.9667401852668726,0.9566128328240943,11335,10958,0,True,0.000904456503864496,1,True,False,0.23276060131361664,0,True
463522,1,person,a photo of a person,0.018907165815844205,GE_MAP,all,GE_MAP,0.018907165815844205,0.6897520727040817,0.037112636852848394,0.019570748254941615,0.35799522673031026,15329,300,2700,False,0.1045859452325965,19,False,False,0.0,-1,False
463522,1,person,a photo of a person,0.018907165815844205,GE_MAP,all,GE_POS3_SAM,0.0015445719329214476,0.7294523278061225,0.0030843798193434676,0.0016433210736364347,0.025059665871121718,12779,21,81,False,0.0033120808147718804,19,False,False,-0.01736259388292276,0,True
463522,1,person,a photo of a person,0.018907165815844205,GE_MAP,all,GE_POS3_SMART,0.0015445719329214476,0.7294523278061225,0.0030843798193434676,0.0016433210736364347,0.025059665871121718,12779,21,81,False,0.0033120808147718804,19,False,False,-0.01736259388292276,0,True
463522,1,person,a photo of a person,0.018907165815844205,GE_MAP,all,GE_POS3_CASR,0.0015445719329214476,0.7294523278061225,0.0030843798193434676,0.0016433210736364347,0.025059665871121718,12779,21,81,False,0.0033120808147718804,19,False,False,-0.01736259388292276,0,True
115946,3,car,a photo of a car,0.07292143401983218,GE_MAP,all,GE_MAP,0.07292143401983218,0.7577726403061225,0.13593061282525237,0.0729381246662089,0.9968717413972888,13107,956,703,True,0.05294431324750514,10,True,False,0.0,-1,False
115946,3,car,a photo of a car,0.07292143401983218,GE_MAP,all,GE_POS3_SAM,0.5019762845849802,0.9899553571428571,0.6684210526315789,0.9055258467023173,0.529718456725756,561,508,3,True,0.07760141093474426,1,True,False,0.429054850565148,1,True
115946,3,car,a photo of a car,0.07292143401983218,GE_MAP,all,GE_POS3_SMART,0.7636916835699797,0.9953563456632653,0.8660149511213341,0.9653846153846154,0.7851929092805006,780,753,1,True,0.0532994923857868,1,True,False,0.6907702495501475,0,True
115946,3,car,a photo of a car,0.07292143401983218,GE_MAP,all,GE_POS3_CASR,0.7636916835699797,0.9953563456632653,0.8660149511213341,0.9653846153846154,0.7851929092805006,780,753,1,True,0.0532994923857868,1,True,False,0.6907702495501475,0,True
115946,10,traffic light,a photo of a traffic light,0.05317020621729763,GE_MAP,all,GE_MAP,0.05317020621729763,0.7547632334183674,0.10097172499452035,0.053268578476719085,0.9664335664335665,12972,691,805,False,0.05963337643568875,3,False,False,0.0,-1,False
115946,10,traffic light,a photo of a traffic light,0.05317020621729763,GE_MAP,all,GE_POS3_SAM,0.5478180129990715,0.9902941645408163,0.7078584283143371,0.6197478991596639,0.8251748251748252,952,590,0,True,0.0,-1,True,False,0.4946478067817739,1,True
115946,10,traffic light,a photo of a traffic light,0.05317020621729763,GE_MAP,all,GE_POS3_SMART,0.5478180129990715,0.9902941645408163,0.7078584283143371,0.6197478991596639,0.8251748251748252,952,590,0,True,0.0,-1,True,False,0.4946478067817739,1,True
115946,10,traffic light,a photo of a traffic light,0.05317020621729763,GE_MAP,all,GE_POS3_CASR,0.5478180129990715,0.9902941645408163,0.7078584283143371,0.6197478991596639,0.8251748251748252,952,590,0,True,0.0,-1,True,False,0.4946478067817739,1,True
427256,1,person,a photo of a person,0.27663363010246933,GE_MAP,all,GE_MAP,0.27663363010246933,0.5708904655612245,0.4333798257848891,0.44154869154869153,0.4255077256989303,18648,8234,97,True,0.006062217495346982,39,True,False,0.0,-1,False
427256,1,person,a photo of a person,0.27663363010246933,GE_MAP,all,GE_POS3_SAM,0.054988662131519275,0.6345463966836735,0.10424502955400322,0.9526785714285714,0.05513926928840887,1120,1067,31,True,0.026568265682656828,39,True,False,-0.22164496797095007,1,True
427256,1,person,a photo of a person,0.27663363010246933,GE_MAP,all,GE_POS3_SMART,0.054988662131519275,0.6345463966836735,0.10424502955400322,0.9526785714285714,0.05513926928840887,1120,1067,31,True,0.026568265682656828,39,True,False,-0.22164496797095007,1,True
427256,1,person,a photo of a person,0.27663363010246933,GE_MAP,all,GE_POS3_CASR,0.054988662131519275,0.6345463966836735,0.10424502955400322,0.9526785714285714,0.05513926928840887,1120,1067,31,True,0.026568265682656828,39,True,False,-0.22164496797095007,1,True
427256,40,baseball glove,a photo of a baseball glove,0.02985340376283459,GE_MAP,all,GE_MAP,0.02985340376283459,0.6742267219387755,0.05797602581834947,0.02985340376283459,1.0,16849,503,8345,False,0.3159329673924897,1,False,False,0.0,-1,False
427256,40,baseball glove,a photo of a baseball glove,0.02985340376283459,GE_MAP,all,GE_POS3_SAM,0.0,0.8729472257653061,0.0,0.0,0.0,5872,0,5828,False,0.29714579583440476,1,False,False,-0.02985340376283459,0,True
427256,40,baseball glove,a photo of a baseball glove,0.02985340376283459,GE_MAP,all,GE_POS3_SMART,0.0,0.8729472257653061,0.0,0.0,0.0,5872,0,5828,False,0.29714579583440476,1,False,False,-0.02985340376283459,0,True
427256,40,baseball glove,a photo of a baseball glove,0.02985340376283459,GE_MAP,all,GE_POS3_CASR,0.0,0.8729472257653061,0.0,0.0,0.0,5872,0,5828,False,0.29714579583440476,1,False,False,-0.02985340376283459,0,True
12748,19,horse,a photo of a horse,0.8157450796626055,GE_MAP,all,GE_MAP,0.8157450796626055,0.9412268813775511,0.8985237947765046,0.894491641545629,0.9025924645696509,14596,13056,2,True,0.0010853180584865843,1,True,False,0.0,-1,False
12748,19,horse,a photo of a horse,0.8157450796626055,GE_MAP,all,GE_POS3_SAM,0.8012725057533505,0.9414859693877551,0.8896738313542762,0.9745616201531242,0.8183892153473903,12147,11838,2,True,0.0015304461087593617,1,True,False,-0.014472573909254938,2,True
12748,19,horse,a photo of a horse,0.8157450796626055,GE_MAP,all,GE_POS3_SMART,0.944967707212056,0.9836973852040817,0.9717052922864061,0.9723779854620976,0.9710335292084341,14445,14046,2,True,0.0012115704982583674,1,True,False,0.12922262754945057,1,True
12748,19,horse,a photo of a horse,0.8157450796626055,GE_MAP,all,GE_POS3_CASR,0.944967707212056,0.9836973852040817,0.9717052922864061,0.9723779854620976,0.9710335292084341,14445,14046,2,True,0.0012115704982583674,1,True,False,0.12922262754945057,1,True
12748,1,person,a photo of a person,0.13484463552863005,GE_MAP,all,GE_MAP,0.13484463552863005,0.4706234056122449,0.23764422249009814,0.25505174963035976,0.22246104245029555,16232,4140,10990,False,0.5610760781122864,19,False,True,0.0,-1,False
12748,1,person,a photo of a person,0.13484463552863005,GE_MAP,all,GE_POS3_SAM,0.2593337413657428,0.49352279974489793,0.41185864056099425,0.36172202122037483,0.47813003761418593,24599,8898,14158,False,0.5766234814545748,19,False,True,0.12448910583711273,0,True
12748,1,person,a photo of a person,0.13484463552863005,GE_MAP,all,GE_POS3_SMART,0.2593337413657428,0.49352279974489793,0.41185864056099425,0.36172202122037483,0.47813003761418593,24599,8898,14158,False,0.5766234814545748,19,False,True,0.12448910583711273,0,True
12748,1,person,a photo of a person,0.13484463552863005,GE_MAP,all,GE_POS3_CASR,0.2593337413657428,0.49352279974489793,0.41185864056099425,0.36172202122037483,0.47813003761418593,24599,8898,14158,False,0.5766234814545748,19,False,True,0.12448910583711273,0,True
100283,3,car,a photo of a car,0.05141012365231163,GE_MAP,all,GE_MAP,0.05141012365231163,0.6896324936224489,0.09779271189386478,0.051980045574921474,0.82421875,16237,844,8510,False,0.4295810196870268,13,False,False,0.0,-1,False
100283,3,car,a photo of a car,0.05141012365231163,GE_MAP,all,GE_POS3_SAM,0.10654205607476636,0.9047353316326531,0.19256756756756757,0.11642156862745098,0.556640625,4896,570,0,True,0.0,-1,True,False,0.055131932422454726,1,True
100283,3,car,a photo of a car,0.05141012365231163,GE_MAP,all,GE_POS3_SMART,0.10654205607476636,0.9047353316326531,0.19256756756756757,0.11642156862745098,0.556640625,4896,570,0,True,0.0,-1,True,False,0.055131932422454726,1,True
100283,3,car,a photo of a car,0.05141012365231163,GE_MAP,all,GE_POS3_CASR,0.10654205607476636,0.9047353316326531,0.19256756756756757,0.11642156862745098,0.556640625,4896,570,0,True,0.0,-1,True,False,0.055131932422454726,1,True
100283,13,stop sign,a photo of a stop sign,0.7171474358974359,GE_MAP,all,GE_MAP,0.7171474358974359,0.9085419323979592,0.8352776481567895,0.737512677484787,0.9629231151204171,15776,11635,18,True,0.0010725777618877368,3,True,False,0.0,-1,False
100283,13,stop sign,a photo of a stop sign,0.7171474358974359,GE_MAP,all,GE_POS3_SAM,0.8763954761036118,0.9662388392857143,0.9341266137813035,0.8810239859165261,0.994041214930067,13633,12011,0,True,0.0,-1,True,False,0.1592480402061759,0,True
100283,13,stop sign,a photo of a stop sign,0.7171474358974359,GE_MAP,all,GE_POS3_SMART,0.9766884351492106,0.9943797831632653,0.9882067581130813,0.9988164680023671,0.9778200777952495,11829,11815,0,True,0.0,-1,True,False,0.25954099925177465,1,True
100283,13,stop sign,a photo of a stop sign,0.7171474358974359,GE_MAP,all,GE_POS3_CASR,0.9766884351492106,0.9943797831632653,0.9882067581130813,0.9988164680023671,0.9778200777952495,11829,11815,0,True,0.0,-1,True,False,0.25954099925177465,1,True
67213,1,person,a photo of a person,0.020645912885897354,GE_MAP,all,GE_MAP,0.020645912885897354,0.6984215561224489,0.04045656309448319,0.022654641005610397,0.18886915334517465,14081,319,5570,False,0.19567988668555242,18,False,False,0.0,-1,False
67213,1,person,a photo of a person,0.020645912885897354,GE_MAP,all,GE_POS3_SAM,0.0,0.9100167410714286,0.0,0.0,0.0,2826,0,2708,False,0.9273972602739726,18,False,True,-0.020645912885897354,1,True
67213,1,person,a photo of a person,0.020645912885897354,GE_MAP,all,GE_POS3_SMART,0.0,0.9100167410714286,0.0,0.0,0.0,2826,0,2708,False,0.9273972602739726,18,False,True,-0.020645912885897354,1,True
67213,1,person,a photo of a person,0.020645912885897354,GE_MAP,all,GE_POS3_CASR,0.0,0.9100167410714286,0.0,0.0,0.0,2826,0,2708,False,0.9273972602739726,18,False,True,-0.020645912885897354,1,True
67213,3,car,a photo of a car,0.4659971305595409,GE_MAP,all,GE_MAP,0.4659971305595409,0.8516422193877551,0.6357408494813075,0.4784209751067904,0.9472149314669,13578,6496,2188,True,0.12061298488061846,18,True,False,0.0,-1,False
67213,3,car,a photo of a car,0.4659971305595409,GE_MAP,all,GE_POS3_SAM,0.16984281541243568,0.7621173469387755,0.29036860879904874,0.24513149969885564,0.3560804899387577,9962,2442,9,True,0.031792419411973076,1,True,False,-0.2961543151471052,0,True
67213,3,car,a photo of a car,0.4659971305595409,GE_MAP,all,GE_POS3_SMART,0.16984281541243568,0.7621173469387755,0.29036860879904874,0.24513149969885564,0.3560804899387577,9962,2442,9,True,0.031792419411973076,1,True,False,-0.2961543151471052,0,True
67213,3,car,a photo of a car,0.4659971305595409,GE_MAP,all,GE_POS3_CASR,0.16984281541243568,0.7621173469387755,0.29036860879904874,0.24513149969885564,0.3560804899387577,9962,2442,9,True,0.031792419411973076,1,True,False,-0.2961543151471052,0,True
223955,1,person,a photo of a person,0.32826098855985547,GE_MAP,all,GE_MAP,0.32826098855985547,0.7554209183673469,0.4942718206544136,0.40854281626813815,0.6255345780744759,14679,5997,516,True,0.03569725458137475,34,True,False,0.0,-1,False
223955,1,person,a photo of a person,0.32826098855985547,GE_MAP,all,GE_POS3_SAM,0.16796835378841668,0.8365154655612245,0.28762483716891013,0.8589211618257261,0.17273391050380724,1928,1656,0,True,0.0,-1,True,False,-0.1602926347714388,2,True
223955,1,person,a photo of a person,0.32826098855985547,GE_MAP,all,GE_POS3_SMART,0.8853817320970606,0.9768415178571429,0.9392068640786858,0.942164374934397,0.9362678627307812,9527,8976,267,True,0.027394459777164468,34,True,False,0.5571207435372052,0,True
223955,1,person,a photo of a person,0.32826098855985547,GE_MAP,all,GE_POS3_CASR,0.8853817320970606,0.9768415178571429,0.9392068640786858,0.942164374934397,0.9362678627307812,9527,8976,267,True,0.027394459777164468,34,True,False,0.5571207435372052,0,True
223955,34,frisbee,a photo of a frisbee,0.042162858062439655,GE_MAP,all,GE_MAP,0.042162858062439655,0.7627551020408163,0.08091414453366276,0.042162858062439655,1.0,12428,524,4273,False,0.24140069922183377,1,False,False,0.0,-1,False
223955,34,frisbee,a photo of a frisbee,0.042162858062439655,GE_MAP,all,GE_POS3_SAM,0.015881581990594404,0.49119100765306123,0.031266600895499735,0.015950445218737903,0.7862595419847328,25830,412,228,True,0.0064792975077438975,1,True,False,-0.02628127607184525,1,True
223955,34,frisbee,a photo of a frisbee,0.042162858062439655,GE_MAP,all,GE_POS3_SMART,0.017800474192960058,0.46334901147959184,0.0349783177436118,0.017823879615763906,0.9312977099236641,27379,488,1058,False,0.02955020192173792,1,False,False,-0.024362383869479597,0,True
223955,34,frisbee,a photo of a frisbee,0.042162858062439655,GE_MAP,all,GE_POS3_CASR,0.042162858062439655,0.7627551020408163,0.08091414453366276,0.042162858062439655,1.0,12428,524,4273,False,0.24140069922183377,1,False,False,0.0,0,False
332318,8,truck,a photo of a truck,0.14026088230983438,GE_MAP,all,GE_MAP,0.14026088230983438,0.8830915178571429,0.24601542416452443,0.14026088230983438,1.0,6823,957,382,True,0.053255262791021885,21,True,False,0.0,-1,False
332318,8,truck,a photo of a truck,0.14026088230983438,GE_MAP,all,GE_POS3_SAM,0.7152317880794702,0.9931441326530612,0.833976833976834,0.7748878923766817,0.9028213166144201,1115,864,0,True,0.0,-1,True,False,0.5749709057696358,0,True
332318,8,truck,a photo of a truck,0.14026088230983438,GE_MAP,all,GE_POS3_SMART,0.7152317880794702,0.9931441326530612,0.833976833976834,0.7748878923766817,0.9028213166144201,1115,864,0,True,0.0,-1,True,False,0.5749709057696358,0,True
332318,8,truck,a photo of a truck,0.14026088230983438,GE_MAP,all,GE_POS3_CASR,0.7152317880794702,0.9931441326530612,0.833976833976834,0.7748878923766817,0.9028213166144201,1115,864,0,True,0.0,-1,True,False,0.5749709057696358,0,True
332318,21,cow,a photo of a cow,0.06171486383947391,GE_MAP,all,GE_MAP,0.06171486383947391,0.7782007334183674,0.11625506233621853,0.06171486383947391,1.0,11861,732,372,True,0.029889121002731802,8,True,False,0.0,-1,False
332318,21,cow,a photo of a cow,0.06171486383947391,GE_MAP,all,GE_POS3_SAM,0.05730356828968184,0.8931162308673469,0.1083956774729842,0.061707363240583,0.4453551912568306,5283,326,61,True,0.009872147596698496,8,True,False,-0.004411295549792069,0,True
332318,21,cow,a photo of a cow,0.06171486383947391,GE_MAP,all,GE_POS3_SMART,0.05730356828968184,0.8931162308673469,0.1083956774729842,0.061707363240583,0.4453551912568306,5283,326,61,True,0.009872147596698496,8,True,False,-0.004411295549792069,0,True
332318,21,cow,a photo of a cow,0.06171486383947391,GE_MAP,all,GE_POS3_CASR,0.05730356828968184,0.8931162308673469,0.1083956774729842,0.061707363240583,0.4453551912568306,5283,326,61,True,0.009872147596698496,8,True,False,-0.004411295549792069,0,True
473219,84,book,a photo of a book,0.10981781376518218,GE_MAP,all,GE_MAP,0.10981781376518218,0.8597735969387755,0.19790241678066575,0.10983170947741364,0.998849252013809,7903,868,5730,False,0.1619836984558242,1,False,False,0.0,-1,False
473219,84,book,a photo of a book,0.10981781376518218,GE_MAP,all,GE_POS3_SAM,0.48471337579617835,0.9838767538265306,0.6529386529386529,0.5205198358413132,0.8757192174913694,1462,761,645,True,0.02816107079745836,1,True,False,0.37489556203099617,1,True
473219,84,book,a photo of a book,0.10981781376518218,GE_MAP,all,GE_POS3_SMART,0.48471337579617835,0.9838767538265306,0.6529386529386529,0.5205198358413132,0.8757192174913694,1462,761,645,True,0.02816107079745836,1,True,False,0.37489556203099617,1,True
473219,84,book,a photo of a book,0.10981781376518218,GE_MAP,all,GE_POS3_CASR,0.48471337579617835,0.9838767538265306,0.6529386529386529,0.5205198358413132,0.8757192174913694,1462,761,645,True,0.02816107079745836,1,True,False,0.37489556203099617,1,True
473219,62,chair,a photo of a chair,0.11703480431403947,GE_MAP,all,GE_MAP,0.11703480431403947,0.6263552295918368,0.20954549287461,0.13832451989980518,0.4319485485833478,17965,2485,11008,False,0.2806740851076258,1,False,False,0.0,-1,False
473219,62,chair,a photo of a chair,0.11703480431403947,GE_MAP,all,GE_POS3_SAM,0.04554219079974291,0.7928292410714286,0.08711688767893211,0.08803691870784522,0.08621588736311489,5634,496,4814,False,0.17451089994410285,1,False,False,-0.07149261351429656,0,True
473219,62,chair,a photo of a chair,0.11703480431403947,GE_MAP,all,GE_POS3_SMART,0.06807051909892263,0.8482940051020408,0.12746446584135718,0.18714237630427466,0.09664522857639492,2971,556,2334,False,0.088703591910655,1,False,False,-0.04896428521511684,1,True
473219,62,chair,a photo of a chair,0.11703480431403947,GE_MAP,all,GE_POS3_CASR,0.06807051909892263,0.8482940051020408,0.12746446584135718,0.18714237630427466,0.09664522857639492,2971,556,2334,False,0.088703591910655,1,False,False,-0.04896428521511684,1,True
334483,1,person,a photo of a person,0.3301968925796946,GE_MAP,all,GE_MAP,0.3301968925796946,0.6013432716836735,0.4964631843926998,0.6158506120409692,0.41584784717243706,16012,9861,550,True,0.023116883116883116,61,True,False,0.0,-1,False
334483,1,person,a photo of a person,0.3301968925796946,GE_MAP,all,GE_POS3_SAM,0.2698174543635909,0.6508290816326531,0.42497046081134304,0.9584011843079201,0.27301480200733774,6755,6474,5,True,0.001727447216890595,61,True,False,-0.0603794382161037,0,True
334483,1,person,a photo of a person,0.3301968925796946,GE_MAP,all,GE_POS3_SMART,0.2698174543635909,0.6508290816326531,0.42497046081134304,0.9584011843079201,0.27301480200733774,6755,6474,5,True,0.001727447216890595,61,True,False,-0.0603794382161037,0,True
334483,1,person,a photo of a person,0.3301968925796946,GE_MAP,all,GE_POS3_CASR,0.2698174543635909,0.6508290816326531,0.42497046081134304,0.9584011843079201,0.27301480200733774,6755,6474,5,True,0.001727447216890595,61,True,False,-0.0603794382161037,0,True
334483,61,cake,a photo of a cake,0.236168344254543,GE_MAP,all,GE_MAP,0.236168344254543,0.7746532206632653,0.38209738237062135,0.23918992884510126,0.9492261743144176,14616,3496,1757,True,0.06259810384881019,31,True,False,0.0,-1,False
334483,61,cake,a photo of a cake,0.236168344254543,GE_MAP,all,GE_POS3_SAM,0.38122529644268777,0.9375996492346939,0.5520103019029904,0.5834845735027223,0.523757806136302,3306,1929,0,True,0.0,-1,True,False,0.14505695218814477,0,True
334483,61,cake,a photo of a cake,0.236168344254543,GE_MAP,all,GE_POS3_SMART,0.38122529644268777,0.9375996492346939,0.5520103019029904,0.5834845735027223,0.523757806136302,3306,1929,0,True,0.0,-1,True,False,0.14505695218814477,0,True
334483,61,cake,a photo of a cake,0.236168344254543,GE_MAP,all,GE_POS3_CASR,0.38122529644268777,0.9375996492346939,0.5520103019029904,0.5834845735027223,0.523757806136302,3306,1929,0,True,0.0,-1,True,False,0.14505695218814477,0,True
303566,53,apple,a photo of a apple,0.49582120968241195,GE_MAP,all,GE_MAP,0.49582120968241195,0.8376913265306123,0.6629418094528599,0.5601090985383593,0.8120247389232486,14299,8009,1398,True,0.08396550606237438,55,True,False,0.0,-1,False
303566,53,apple,a photo of a apple,0.49582120968241195,GE_MAP,all,GE_POS3_SAM,0.44748955456412437,0.8445073341836735,0.6182974559686888,0.5974283823390375,0.6406772787184427,10577,6319,0,True,0.0,-1,True,False,-0.048331655118287575,0,True
303566,53,apple,a photo of a apple,0.49582120968241195,GE_MAP,all,GE_POS3_SMART,0.44748955456412437,0.8445073341836735,0.6182974559686888,0.5974283823390375,0.6406772787184427,10577,6319,0,True,0.0,-1,True,False,-0.048331655118287575,0,True
303566,53,apple,a photo of a apple,0.49582120968241195,GE_MAP,all,GE_POS3_CASR,0.44748955456412437,0.8445073341836735,0.6182974559686888,0.5974283823390375,0.6406772787184427,10577,6319,0,True,0.0,-1,True,False,-0.048331655118287575,0,True
303566,55,orange,a photo of a orange,0.09909260260801635,GE_MAP,all,GE_MAP,0.09909260260801635,0.7012117346938775,0.18031711317659924,0.10390019532480625,0.6816866473749483,15871,1649,8502,False,0.4534877153346512,53,False,False,0.0,-1,False
303566,55,orange,a photo of a orange,0.09909260260801635,GE_MAP,all,GE_POS3_SAM,0.15639374425023,0.8720703125,0.27048528241845665,0.1865203761755486,0.4919388176932617,6380,1190,386,True,0.02305221389431253,53,True,False,0.05730114164221366,0,True
303566,55,orange,a photo of a orange,0.09909260260801635,GE_MAP,all,GE_POS3_SMART,0.30451000339098,0.9591238839285714,0.4668572913958929,0.6288515406162465,0.37122778007441093,1428,898,0,True,0.0,-1,True,False,0.20541740078296367,2,True
303566,55,orange,a photo of a orange,0.09909260260801635,GE_MAP,all,GE_POS3_CASR,0.30451000339098,0.9591238839285714,0.4668572913958929,0.6288515406162465,0.37122778007441093,1428,898,0,True,0.0,-1,True,False,0.20541740078296367,2,True
530624,65,bed,a photo of a bed,0.457982546201232,GE_MAP,all,GE_MAP,0.457982546201232,0.5791414221938775,0.6282414661197472,0.8834917805506041,0.48742043871390717,20196,17843,1590,True,0.061192821481581436,18,True,False,0.0,-1,False
530624,65,bed,a photo of a bed,0.457982546201232,GE_MAP,all,GE_POS3_SAM,0.5265818045675776,0.6471819196428571,0.6898835070508891,0.9615685125500537,0.5379025869369246,20478,19691,4,True,0.0022102936532996525,18,True,False,0.06859925836634562,1,True
530624,65,bed,a photo of a bed,0.457982546201232,GE_MAP,all,GE_POS3_SMART,0.5273832049676198,0.6465640943877551,0.690570910106086,0.955759478386863,0.5405796705548119,20705,19789,180,True,0.008041120080726539,18,True,False,0.06940065876638779,0,True
530624,65,bed,a photo of a bed,0.457982546201232,GE_MAP,all,GE_POS3_CASR,0.457982546201232,0.5791414221938775,0.6282414661197472,0.8834917805506041,0.48742043871390717,20196,17843,1590,True,0.061192821481581436,18,True,False,0.0,0,False
530624,18,dog,a photo of a dog,0.6379873665868002,GE_MAP,all,GE_MAP,0.6379873665868002,0.9006297831632653,0.7789893617021276,0.7777482740308019,0.7802344166222696,11298,8787,2388,True,0.057108811262881476,65,True,False,0.0,-1,False
530624,18,dog,a photo of a dog,0.6379873665868002,GE_MAP,all,GE_POS3_SAM,0.9264654264654265,0.9832987882653061,0.9618292794023868,0.987467265245043,0.9374889007281122,10692,10558,83,True,0.003969264730854135,65,True,False,0.2884780598786263,2,True
530624,18,dog,a photo of a dog,0.6379873665868002,GE_MAP,all,GE_POS3_SMART,0.9264654264654265,0.9832987882653061,0.9618292794023868,0.987467265245043,0.9374889007281122,10692,10558,83,True,0.003969264730854135,65,True,False,0.2884780598786263,2,True
530624,18,dog,a photo of a dog,0.6379873665868002,GE_MAP,all,GE_POS3_CASR,0.9264654264654265,0.9832987882653061,0.9618292794023868,0.987467265245043,0.9374889007281122,10692,10558,83,True,0.003969264730854135,65,True,False,0.2884780598786263,2,True
382696,82,refrigerator,a photo of a refrigerator,0.153841593549917,GE_MAP,all,GE_MAP,0.153841593549917,0.7155412946428571,0.2666598160612444,0.17236798405845233,0.5887023593466425,15055,2595,3163,False,0.1933497536945813,79,False,False,0.0,-1,False
382696,82,refrigerator,a photo of a refrigerator,0.153841593549917,GE_MAP,all,GE_POS3_SAM,0.0,0.6948541135204082,0.0,0.0,0.0,10903,0,3943,False,0.3491627536103482,79,False,False,-0.153841593549917,0,True
382696,82,refrigerator,a photo of a refrigerator,0.153841593549917,GE_MAP,all,GE_POS3_SMART,0.0,0.6948541135204082,0.0,0.0,0.0,10903,0,3943,False,0.3491627536103482,79,False,False,-0.153841593549917,0,True
382696,82,refrigerator,a photo of a refrigerator,0.153841593549917,GE_MAP,all,GE_POS3_CASR,0.0,0.6948541135204082,0.0,0.0,0.0,10903,0,3943,False,0.3491627536103482,79,False,False,-0.153841593549917,0,True
382696,79,oven,a photo of a oven,0.21897289586305277,GE_MAP,all,GE_MAP,0.21897289586305277,0.7381218112244898,0.35927442949093036,0.22764629549527282,0.8517919075144509,16183,3684,2074,True,0.1102663647147633,82,True,False,0.0,-1,False
382696,79,oven,a photo of a oven,0.21897289586305277,GE_MAP,all,GE_POS3_SAM,0.8231574356737899,0.9838368941326531,0.9030020332496113,0.9353320118929633,0.8728323699421965,4036,3775,4,True,0.001455604075691412,81,True,False,0.604184539810737,1,True
382696,79,oven,a photo of a oven,0.21897289586305277,GE_MAP,all,GE_POS3_SMART,0.3002785515320334,0.8498086734693877,0.46186803770351326,0.33412542618039054,0.7477456647398844,9679,3234,0,True,0.0,-1,True,False,0.08130565566898065,0,True
382696,79,oven,a photo of a oven,0.21897289586305277,GE_MAP,all,GE_POS3_CASR,0.3002785515320334,0.8498086734693877,0.46186803770351326,0.33412542618039054,0.7477456647398844,9679,3234,0,True,0.0,-1,True,False,0.08130565566898065,0,True
175251,90,toothbrush,a photo of a toothbrush,0.048342794360007324,GE_MAP,all,GE_MAP,0.048342794360007324,0.7928491709183674,0.09222707423580787,0.048342794360007324,1.0,10922,528,5858,False,0.2052782153074673,1,False,False,0.0,-1,False
175251,90,toothbrush,a photo of a toothbrush,0.048342794360007324,GE_MAP,all,GE_POS3_SAM,0.01655695192499501,0.5087292729591837,0.032574568288854,0.01663193331195896,0.7859848484848485,24952,415,24012,False,0.901431839988191,1,False,True,-0.03178584243501231,0,True
175251,90,toothbrush,a photo of a toothbrush,0.048342794360007324,GE_MAP,all,GE_POS3_SMART,0.22183252959228408,0.9646245216836735,0.3631144599928238,0.22399291722000886,0.9583333333333334,2259,506,1753,False,0.08501110149399767,1,True,False,0.17348973523227676,2,True
175251,90,toothbrush,a photo of a toothbrush,0.048342794360007324,GE_MAP,all,GE_POS3_CASR,0.22183252959228408,0.9646245216836735,0.3631144599928238,0.22399291722000886,0.9583333333333334,2259,506,1753,False,0.08501110149399767,1,True,False,0.17348973523227676,2,True
175251,1,person,a photo of a person,0.31794810115163724,GE_MAP,all,GE_MAP,0.31794810115163724,0.5479312818877551,0.4824895621820173,0.6127013558929192,0.3979227034960298,17258,10574,0,True,0.023536859066582264,90,True,False,0.0,-1,False
175251,1,person,a photo of a person,0.31794810115163724,GE_MAP,all,GE_POS3_SAM,0.9078003805063661,0.9497767857142857,0.9516722921141454,0.9703179382894686,0.9337297256613856,25571,24812,0,True,0.003614689482791771,90,True,False,0.589852279354729,0,True
175251,1,person,a photo of a person,0.31794810115163724,GE_MAP,all,GE_POS3_SMART,0.32439033555029495,0.6416613520408163,0.4898711910571412,0.9953879857027557,0.32487863620968654,8673,8633,0,True,0.008770968095603552,90,True,False,0.006442234398657709,2,True
175251,1,person,a photo of a person,0.31794810115163724,GE_MAP,all,GE_POS3_CASR,0.32439033555029495,0.6416613520408163,0.4898711910571412,0.9953879857027557,0.32487863620968654,8673,8633,0,True,0.008770968095603552,90,True,False,0.006442234398657709,2,True
514508,1,person,a photo of a person,0.10008467400508043,GE_MAP,all,GE_MAP,0.10008467400508043,0.5763711734693877,0.18195812807881773,0.14772230206836218,0.23685001502855424,16003,2364,4806,False,0.1676000503397936,72,False,False,0.0,-1,False
514508,1,person,a photo of a person,0.10008467400508043,GE_MAP,all,GE_POS3_SAM,0.05191320827034048,0.1126235650510204,0.09870245541588227,0.06184677828513445,0.24426410179340746,39420,2438,15009,False,0.40377568532863306,72,False,False,-0.04817146573473995,0,True
514508,1,person,a photo of a person,0.10008467400508043,GE_MAP,all,GE_POS3_SMART,0.04104770280227224,0.19591039540816327,0.07885844748858448,0.051065968834087344,0.17302875463380424,33819,1727,14703,False,0.4263789342474291,72,False,False,-0.059036971202808194,1,True
514508,1,person,a photo of a person,0.10008467400508043,GE_MAP,all,GE_POS3_CASR,0.10008467400508043,0.5763711734693877,0.18195812807881773,0.14772230206836218,0.23685001502855424,16003,2364,4806,False,0.1676000503397936,72,False,False,0.0,1,False
514508,72,tv,a photo of a tv,0.29458154871167314,GE_MAP,all,GE_MAP,0.29458154871167314,0.5864158163265306,0.4550992542800126,0.5104853911404336,0.4105552397195376,16976,8666,789,True,0.10042045964812017,1,True,False,0.0,-1,False
514508,72,tv,a photo of a tv,0.29458154871167314,GE_MAP,all,GE_POS3_SAM,0.24857405703771848,0.6744260204081632,0.3981727085175361,0.8952948972829688,0.2560166761417472,6036,5404,0,True,0.18741196530506338,1,True,False,-0.046007491673954654,1,True
514508,72,tv,a photo of a tv,0.29458154871167314,GE_MAP,all,GE_POS3_SMART,0.4153712044166788,0.5188137755102041,0.5869431328269349,0.4593508997429306,0.8126776577600909,37344,17154,15,True,0.06674330538274277,1,True,False,0.12078965570500566,0,True
514508,72,tv,a photo of a tv,0.29458154871167314,GE_MAP,all,GE_POS3_CASR,0.29458154871167314,0.5864158163265306,0.4550992542800126,0.5104853911404336,0.4105552397195376,16976,8666,789,True,0.10042045964812017,1,True,False,0.0,0,False
157138,61,cake,a photo of a cake,0.6550062995627363,GE_MAP,all,GE_MAP,0.6550062995627363,0.9072265625,0.7915453853387667,0.6600941071028457,0.9883694922836055,13389,8838,707,True,0.04680879237288135,48,True,False,0.0,-1,False
157138,61,cake,a photo of a cake,0.6550062995627363,GE_MAP,all,GE_POS3_SAM,0.8360346358792184,0.9705636160714286,0.910695930830159,0.9913123601421614,0.8422053231939164,7597,7531,2,True,0.0001996605770190676,48,True,False,0.18102833631648219,1,True
157138,61,cake,a photo of a cake,0.6550062995627363,GE_MAP,all,GE_POS3_SMART,0.8100759285860866,0.9631098533163265,0.8950739753982201,0.9075755834003908,0.8829121002012973,8699,7895,408,True,0.03808457014841781,48,True,False,0.1550696290233503,0,True
157138,61,cake,a photo of a cake,0.6550062995627363,GE_MAP,all,GE_POS3_CASR,0.8100759285860866,0.9631098533163265,0.8950739753982201,0.9075755834003908,0.8829121002012973,8699,7895,408,True,0.03808457014841781,48,True,False,0.1550696290233503,0,True
157138,48,fork,a photo of a fork,0.11931958660930624,GE_MAP,all,GE_MAP,0.11931958660930624,0.6450494260204082,0.21320021205159922,0.11937271198179479,0.9962840627580511,20214,2413,5797,False,0.24816987028554305,61,False,False,0.0,-1,False
157138,48,fork,a photo of a fork,0.11931958660930624,GE_MAP,all,GE_POS3_SAM,0.6351696461145567,0.9800701530612245,0.7768853190539937,0.8451456310679611,0.7188274153592072,2060,1741,37,True,0.00337437300501596,61,True,False,0.5158500595052505,2,True
157138,48,fork,a photo of a fork,0.11931958660930624,GE_MAP,all,GE_POS3_SMART,0.44152581087254456,0.9512715242346939,0.6125812074156235,0.49704294163023915,0.7981007431874484,3889,1933,1520,True,0.13438245955264785,61,True,False,0.3222062242632383,1,True
157138,48,fork,a photo of a fork,0.11931958660930624,GE_MAP,all,GE_POS3_CASR,0.44152581087254456,0.9512715242346939,0.6125812074156235,0.49704294163023915,0.7981007431874484,3889,1933,1520,True,0.13438245955264785,61,True,False,0.3222062242632383,1,True
116479,65,bed,a photo of a bed,0.4481483822042467,GE_MAP,all,GE_MAP,0.4481483822042467,0.6519252232142857,0.6189260544173157,0.9088753604613906,0.4692317872030702,15605,14183,420,True,0.050094280326838464,62,True,False,0.0,-1,False
116479,65,bed,a photo of a bed,0.4481483822042467,GE_MAP,all,GE_POS3_SAM,0.05110986139137914,0.42833227040816324,0.09724932334613205,0.998062015503876,0.051114934162641436,1548,1545,0,True,0.00041562759767248546,63,True,False,-0.39703852081286756,2,True
116479,65,bed,a photo of a bed,0.4481483822042467,GE_MAP,all,GE_POS3_SMART,0.20082685629237637,0.5184351084183674,0.33448095408598894,0.9985199802664035,0.20088665387414809,6081,6072,0,True,0.0,-1,True,False,-0.24732152591187032,0,True
116479,65,bed,a photo of a bed,0.4481483822042467,GE_MAP,all,GE_POS3_CASR,0.20082685629237637,0.5184351084183674,0.33448095408598894,0.9985199802664035,0.20088665387414809,6081,6072,0,True,0.0,-1,True,False,-0.24732152591187032,0,True
116479,63,couch,a photo of a couch,0.04238106737503019,GE_MAP,all,GE_MAP,0.04238106737503019,0.6838727678571429,0.08131588092204332,0.04278661546900713,0.8172293364377182,16407,702,13588,False,0.4180629466322031,65,False,False,0.0,-1,False
116479,63,couch,a photo of a couch,0.04238106737503019,GE_MAP,all,GE_POS3_SAM,0.00017152658662092623,0.8838289221938775,0.0003429943405933802,0.00020112630732099757,0.0011641443538998836,4972,1,4971,False,0.16449414411433866,65,False,False,-0.042209540788409265,2,True
116479,63,couch,a photo of a couch,0.04238106737503019,GE_MAP,all,GE_POS3_SMART,0.00017152658662092623,0.8838289221938775,0.0003429943405933802,0.00020112630732099757,0.0011641443538998836,4972,1,4971,False,0.16449414411433866,65,False,False,-0.042209540788409265,2,True
116479,63,couch,a photo of a couch,0.04238106737503019,GE_MAP,all,GE_POS3_CASR,0.00017152658662092623,0.8838289221938775,0.0003429943405933802,0.00020112630732099757,0.0011641443538998836,4972,1,4971,False,0.16449414411433866,65,False,False,-0.042209540788409265,2,True
283785,84,book,a photo of a book,0.06940180481905293,GE_MAP,all,GE_MAP,0.06940180481905293,0.8006417410714286,0.12979556328838626,0.06940180481905293,1.0,10749,746,2441,False,0.10406964091403699,1,False,False,0.0,-1,False
283785,84,book,a photo of a book,0.06940180481905293,GE_MAP,all,GE_POS3_SAM,0.10433556573845612,0.9493582589285714,0.1889562719438238,0.12400502723083369,0.3967828418230563,2387,296,116,True,0.006868782567503553,1,True,False,0.03493376091940319,0,True
283785,84,book,a photo of a book,0.06940180481905293,GE_MAP,all,GE_POS3_SMART,0.10433556573845612,0.9493582589285714,0.1889562719438238,0.12400502723083369,0.3967828418230563,2387,296,116,True,0.006868782567503553,1,True,False,0.03493376091940319,0,True
283785,84,book,a photo of a book,0.06940180481905293,GE_MAP,all,GE_POS3_CASR,0.10433556573845612,0.9493582589285714,0.1889562719438238,0.12400502723083369,0.3967828418230563,2387,296,116,True,0.006868782567503553,1,True,False,0.03493376091940319,0,True
283785,1,person,a photo of a person,0.3332724115873161,GE_MAP,all,GE_MAP,0.3332724115873161,0.7091836734693877,0.49993145990404386,0.5008583396278239,0.49900800437846343,14563,7294,613,True,0.03856822084268921,88,True,False,0.0,-1,False
283785,1,person,a photo of a person,0.3332724115873161,GE_MAP,all,GE_POS3_SAM,0.3293853379620176,0.8036511479591837,0.49554531490015363,0.9849379198046,0.3310528836286516,4913,4839,6,True,0.02220726783310902,88,True,False,-0.0038870736252984983,0,True
283785,1,person,a photo of a person,0.3332724115873161,GE_MAP,all,GE_POS3_SMART,0.295942068588605,0.7946029974489796,0.45672113863995784,0.9951757408683667,0.296367243620442,4353,4332,0,True,0.0,-1,True,False,-0.037330342998711075,1,True
283785,1,person,a photo of a person,0.3332724115873161,GE_MAP,all,GE_POS3_CASR,0.295942068588605,0.7946029974489796,0.45672113863995784,0.9951757408683667,0.296367243620442,4353,4332,0,True,0.0,-1,True,False,-0.037330342998711075,1,True
400803,1,person,a photo of a person,0.013548348420358491,GE_MAP,all,GE_MAP,0.013548348420358491,0.6720543686224489,0.026734488673330573,0.013848887799497517,0.3843537414965986,16319,226,6918,False,0.2797728607793225,9,False,False,0.0,-1,False
400803,1,person,a photo of a person,0.013548348420358491,GE_MAP,all,GE_POS3_SAM,0.026749574705226726,0.6693439094387755,0.05210535336799406,0.02695832101684895,0.7755102040816326,16915,456,15632,False,0.9360563216384477,9,False,True,0.013201226284868235,0,True
400803,1,person,a photo of a person,0.013548348420358491,GE_MAP,all,GE_POS3_SMART,0.026749574705226726,0.6693439094387755,0.05210535336799406,0.02695832101684895,0.7755102040816326,16915,456,15632,False,0.9360563216384477,9,False,True,0.013201226284868235,0,True
400803,1,person,a photo of a person,0.013548348420358491,GE_MAP,all,GE_POS3_CASR,0.026749574705226726,0.6693439094387755,0.05210535336799406,0.02695832101684895,0.7755102040816326,16915,456,15632,False,0.9360563216384477,9,False,True,0.013201226284868235,0,True
400803,9,boat,a photo of a boat,0.581974373907979,GE_MAP,all,GE_MAP,0.581974373907979,0.8283442283163265,0.735757017947538,0.7385894672004928,0.7329462102689487,16235,11991,0,True,0.0,-1,True,False,0.0,-1,False
400803,9,boat,a photo of a boat,0.581974373907979,GE_MAP,all,GE_POS3_SAM,0.9467680608365019,0.9818638392857143,0.97265625,0.9565602836879432,0.9893031784841075,16920,16185,0,True,0.03407949914358278,1,True,False,0.3647936869285229,0,True
400803,9,boat,a photo of a boat,0.581974373907979,GE_MAP,all,GE_POS3_SMART,0.9467680608365019,0.9818638392857143,0.97265625,0.9565602836879432,0.9893031784841075,16920,16185,0,True,0.03407949914358278,1,True,False,0.3647936869285229,0,True
400803,9,boat,a photo of a boat,0.581974373907979,GE_MAP,all,GE_POS3_CASR,0.9467680608365019,0.9818638392857143,0.97265625,0.9565602836879432,0.9893031784841075,16920,16185,0,True,0.03407949914358278,1,True,False,0.3647936869285229,0,True
396200,8,truck,a photo of a truck,0.044339555174140025,GE_MAP,all,GE_MAP,0.044339555174140025,0.7336774553571429,0.08491405875505033,0.04436176302232398,0.988835725677831,13976,620,2381,False,0.1264069264069264,1,False,False,0.0,-1,False
396200,8,truck,a photo of a truck,0.044339555174140025,GE_MAP,all,GE_POS3_SAM,0.013111251396105472,0.5949657206632653,0.025883142405214974,0.013342557817750544,0.430622009569378,20236,270,19,True,0.0006909357861553741,1,True,False,-0.031228303778034552,0,True
396200,8,truck,a photo of a truck,0.044339555174140025,GE_MAP,all,GE_POS3_SMART,0.06375023368853991,0.9001913265306123,0.11985940246045694,0.06735137270393048,0.543859649122807,5063,341,76,True,0.009369510052703494,41,True,False,0.019410678514399884,2,True
396200,8,truck,a photo of a truck,0.044339555174140025,GE_MAP,all,GE_POS3_CASR,0.06375023368853991,0.9001913265306123,0.11985940246045694,0.06735137270393048,0.543859649122807,5063,341,76,True,0.009369510052703494,41,True,False,0.019410678514399884,2,True
396200,1,person,a photo of a person,0.06450084245998315,GE_MAP,all,GE_MAP,0.06450084245998315,0.6459064094387755,0.121185141217787,0.0708912037037037,0.4170922710248553,17280,1225,890,True,0.03586510094290507,8,True,False,0.0,-1,False
396200,1,person,a photo of a person,0.06450084245998315,GE_MAP,all,GE_POS3_SAM,0.7154758090355655,0.9823022959183674,0.8341426970489354,0.9238725693007861,0.7602996254681648,2417,2233,88,True,0.03696098562628337,41,True,False,0.6509749665755824,0,True
396200,1,person,a photo of a person,0.06450084245998315,GE_MAP,all,GE_POS3_SMART,0.6782945736434108,0.9801498724489796,0.8083140877598153,0.9296148738379814,0.7150153217568948,2259,2100,57,True,0.0255632582322357,41,True,False,0.6137937311834277,1,True
396200,1,person,a photo of a person,0.06450084245998315,GE_MAP,all,GE_POS3_CASR,0.6782945736434108,0.9801498724489796,0.8083140877598153,0.9296148738379814,0.7150153217568948,2259,2100,57,True,0.0255632582322357,41,True,False,0.6137937311834277,1,True
398377,63,couch,a photo of a couch,0.09828174847484189,GE_MAP,all,GE_MAP,0.09828174847484189,0.6789102359693877,0.17897365336594812,0.09950135992747053,0.8891139240506329,17648,1756,11337,False,0.3206911961865038,1,False,False,0.0,-1,False
398377,63,couch,a photo of a couch,0.09828174847484189,GE_MAP,all,GE_POS3_SAM,0.4113146301878043,0.9493981186224489,0.5828815508460654,0.43142023346303504,0.8982278481012658,4112,1774,451,True,0.017984065588945088,1,True,False,0.3130328817129624,1,True
398377,63,couch,a photo of a couch,0.09828174847484189,GE_MAP,all,GE_POS3_SMART,0.44511581067472306,0.9560746173469388,0.61602787456446,0.4695883134130146,0.8951898734177215,3765,1768,289,True,0.012638861172088072,1,True,False,0.34683406219988117,2,True
398377,63,couch,a photo of a couch,0.09828174847484189,GE_MAP,all,GE_POS3_CASR,0.44511581067472306,0.9560746173469388,0.61602787456446,0.4695883134130146,0.8951898734177215,3765,1768,289,True,0.012638861172088072,1,True,False,0.34683406219988117,2,True
398377,1,person,a photo of a person,0.3261630206590197,GE_MAP,all,GE_MAP,0.3261630206590197,0.5586136798469388,0.49188978365108865,0.634094404353484,0.4017840410779206,16906,10720,2211,True,0.18525926296314815,31,True,False,0.0,-1,False
398377,1,person,a photo of a person,0.3261630206590197,GE_MAP,all,GE_POS3_SAM,0.5265995018402171,0.7462133290816326,0.6898986947204364,0.9848432176875478,0.5309021400996964,14383,14165,116,True,0.10785082901825409,31,True,False,0.2004364811811974,0,True
398377,1,person,a photo of a person,0.3261630206590197,GE_MAP,all,GE_POS3_SMART,0.5265995018402171,0.7462133290816326,0.6898986947204364,0.9848432176875478,0.5309021400996964,14383,14165,116,True,0.10785082901825409,31,True,False,0.2004364811811974,0,True
398377,1,person,a photo of a person,0.3261630206590197,GE_MAP,all,GE_POS3_CASR,0.3261630206590197,0.5586136798469388,0.49188978365108865,0.634094404353484,0.4017840410779206,16906,10720,2211,True,0.18525926296314815,31,True,False,0.0,0,False
63740,73,laptop,a photo of a laptop,0.1536336793980379,GE_MAP,all,GE_MAP,0.1536336793980379,0.6458067602040817,0.26634742404227213,0.1731058166988624,0.5773085182534001,18636,3226,10789,False,0.31700230437831883,72,False,False,0.0,-1,False
63740,73,laptop,a photo of a laptop,0.1536336793980379,GE_MAP,all,GE_POS3_SAM,0.2767850353585279,0.8104472257653061,0.43356560061937943,0.32491296974024814,0.651395848246242,11203,3640,7442,False,0.6519491896627245,72,False,True,0.12315135596048998,1,True
63740,73,laptop,a photo of a laptop,0.1536336793980379,GE_MAP,all,GE_POS3_SMART,0.33879781420765026,0.8215481505102041,0.5061224489795918,0.3658108754584596,0.8210450966356478,12542,4588,7569,False,0.5985436124742758,72,False,True,0.18516413480961236,0,True
63740,73,laptop,a photo of a laptop,0.1536336793980379,GE_MAP,all,GE_POS3_CASR,0.33879781420765026,0.8215481505102041,0.5061224489795918,0.3658108754584596,0.8210450966356478,12542,4588,7569,False,0.5985436124742758,72,False,True,0.18516413480961236,0,True
63740,76,keyboard,a photo of a keyboard,0.2860446410617334,GE_MAP,all,GE_MAP,0.2860446410617334,0.7169563137755102,0.4448440309592682,0.29546162633710665,0.8997469955724225,19258,5690,6804,False,0.18362141003650437,72,True,False,0.0,-1,False
63740,76,keyboard,a photo of a keyboard,0.2860446410617334,GE_MAP,all,GE_POS3_SAM,0.6420472440944882,0.9546994579081632,0.7820082478181644,0.9936631732878382,0.6446869070208728,4103,4077,0,True,0.0,-1,True,False,0.3560026030327548,1,True
63740,76,keyboard,a photo of a keyboard,0.2860446410617334,GE_MAP,all,GE_POS3_SMART,0.6420472440944882,0.9546994579081632,0.7820082478181644,0.9936631732878382,0.6446869070208728,4103,4077,0,True,0.0,-1,True,False,0.3560026030327548,1,True
63740,76,keyboard,a photo of a keyboard,0.2860446410617334,GE_MAP,all,GE_POS3_CASR,0.6420472440944882,0.9546994579081632,0.7820082478181644,0.9936631732878382,0.6446869070208728,4103,4077,0,True,0.0,-1,True,False,0.3560026030327548,1,True
200421,65,bed,a photo of a bed,0.3234482144447413,GE_MAP,all,GE_MAP,0.3234482144447413,0.6971859056122449,0.4887961779153489,0.3834864322669201,0.6738404452690167,18942,7264,9694,False,0.25448785638859556,43,True,False,0.0,-1,False
200421,65,bed,a photo of a bed,0.3234482144447413,GE_MAP,all,GE_POS3_SAM,0.45901555464592714,0.7892817283163265,0.6292126950727687,0.50583591767691,0.8321892393320964,17735,8971,8744,True,0.491256038647343,43,False,False,0.13556734020118583,1,True
200421,65,bed,a photo of a bed,0.3234482144447413,GE_MAP,all,GE_POS3_SMART,0.4616526235158943,0.7758888711734694,0.6316858275195703,0.4882284441294112,0.8945269016697588,19751,9643,9869,False,0.5366104387645437,43,False,True,0.138204409071153,0,True
200421,65,bed,a photo of a bed,0.3234482144447413,GE_MAP,all,GE_POS3_CASR,0.3234482144447413,0.6971859056122449,0.4887961779153489,0.3834864322669201,0.6738404452690167,18942,7264,9694,False,0.25448785638859556,43,True,False,0.0,0,False
200421,1,person,a photo of a person,0.6141222303384466,GE_MAP,all,GE_MAP,0.6141222303384466,0.8420758928571429,0.7609364629216195,0.7418235294117647,0.7810603245385854,17000,12611,2016,True,0.07628530471504397,65,True,False,0.0,-1,False
200421,1,person,a photo of a person,0.6141222303384466,GE_MAP,all,GE_POS3_SAM,0.7506434519303558,0.9015266262755102,0.8575629161982185,0.8021355767675133,0.9212188777406168,18543,14874,37,True,0.007109493062233824,65,True,False,0.13652122159190916,0,True
200421,1,person,a photo of a person,0.6141222303384466,GE_MAP,all,GE_POS3_SMART,0.7506434519303558,0.9015266262755102,0.8575629161982185,0.8021355767675133,0.9212188777406168,18543,14874,37,True,0.007109493062233824,65,True,False,0.13652122159190916,0,True
200421,1,person,a photo of a person,0.6141222303384466,GE_MAP,all,GE_POS3_CASR,0.7506434519303558,0.9015266262755102,0.8575629161982185,0.8021355767675133,0.9212188777406168,18543,14874,37,True,0.007109493062233824,65,True,False,0.13652122159190916,0,True
79031,1,person,a photo of a person,0.17018843955113275,GE_MAP,all,GE_MAP,0.17018843955113275,0.6094547193877551,0.29087356155460664,0.23569082805536007,0.3797958797958798,17052,4019,5820,False,0.29533549513594415,42,False,False,0.0,-1,False
79031,1,person,a photo of a person,0.17018843955113275,GE_MAP,all,GE_POS3_SAM,2.61437908496732e-05,0.2377032844387755,5.228621473948393e-05,3.6141530232390037e-05,9.45000945000945e-05,27669,1,1125,False,0.031728572637278955,42,False,False,-0.17016229576028308,1,True
79031,1,person,a photo of a person,0.17018843955113275,GE_MAP,all,GE_POS3_SMART,0.0,0.4740513392857143,0.0,0.0,0.0,15808,0,1,False,4.045307443365696e-05,42,False,False,-0.17018843955113275,2,True
79031,1,person,a photo of a person,0.17018843955113275,GE_MAP,all,GE_POS3_CASR,0.17018843955113275,0.6094547193877551,0.29087356155460664,0.23569082805536007,0.3797958797958798,17052,4019,5820,False,0.29533549513594415,42,False,False,0.0,2,False
79031,42,surfboard,a photo of a surfboard,0.6152291105121294,GE_MAP,all,GE_MAP,0.6152291105121294,0.8975805165816326,0.7617855652899458,0.6490521327014218,0.9219118142039717,12660,8217,752,True,0.03805270209915141,1,True,False,0.0,-1,False
79031,42,surfboard,a photo of a surfboard,0.6152291105121294,GE_MAP,all,GE_POS3_SAM,0.6186990169420623,0.9273357780612245,0.7644398501098333,0.9011424219345011,0.6637495792662403,6565,5916,46,True,0.00427550661824997,1,True,False,0.003469906429932945,1,True
79031,42,surfboard,a photo of a surfboard,0.6152291105121294,GE_MAP,all,GE_POS3_SMART,0.6186990169420623,0.9273357780612245,0.7644398501098333,0.9011424219345011,0.6637495792662403,6565,5916,46,True,0.00427550661824997,1,True,False,0.003469906429932945,1,True
79031,42,surfboard,a photo of a surfboard,0.6152291105121294,GE_MAP,all,GE_POS3_CASR,0.6186990169420623,0.9273357780612245,0.7644398501098333,0.9011424219345011,0.6637495792662403,6565,5916,46,True,0.00427550661824997,1,True,False,0.003469906429932945,1,True
195165,81,sink,a photo of a sink,0.052056449398715066,GE_MAP,all,GE_MAP,0.052056449398715066,0.6559510522959183,0.09896132365989874,0.052056449398715066,1.0,18211,948,1988,False,0.07504105090311987,44,False,False,0.0,-1,False
195165,81,sink,a photo of a sink,0.052056449398715066,GE_MAP,all,GE_POS3_SAM,0.8979166666666667,0.998046875,0.9462129527991219,0.9862700228832952,0.9092827004219409,874,862,11,True,0.007184846505551927,51,True,False,0.8458602172679517,2,True
195165,81,sink,a photo of a sink,0.052056449398715066,GE_MAP,all,GE_POS3_SMART,0.8979166666666667,0.998046875,0.9462129527991219,0.9862700228832952,0.9092827004219409,874,862,11,True,0.007184846505551927,51,True,False,0.8458602172679517,2,True
195165,81,sink,a photo of a sink,0.052056449398715066,GE_MAP,all,GE_POS3_CASR,0.8979166666666667,0.998046875,0.9462129527991219,0.9862700228832952,0.9092827004219409,874,862,11,True,0.007184846505551927,51,True,False,0.8458602172679517,2,True
195165,44,bottle,a photo of a bottle,0.09888088302928101,GE_MAP,all,GE_MAP,0.09888088302928101,0.7657047193877551,0.17996651785714285,0.099953509995351,0.9020979020979021,12906,1290,653,True,0.033107542430930816,51,True,False,0.0,-1,False
195165,44,bottle,a photo of a bottle,0.09888088302928101,GE_MAP,all,GE_POS3_SAM,0.05762594893029676,0.9455715880102041,0.10897226753670473,0.10214067278287461,0.11678321678321678,1635,167,6,True,0.00261210274270788,51,True,False,-0.04125493409898425,0,True
195165,44,bottle,a photo of a bottle,0.09888088302928101,GE_MAP,all,GE_POS3_SMART,0.15337078651685393,0.9699657206632653,0.26595226497808083,0.43820224719101125,0.19090909090909092,623,273,5,True,0.0038880248833592537,51,True,False,0.05448990348757292,1,True
195165,44,bottle,a photo of a bottle,0.09888088302928101,GE_MAP,all,GE_POS3_CASR,0.15337078651685393,0.9699657206632653,0.26595226497808083,0.43820224719101125,0.19090909090909092,623,273,5,True,0.0038880248833592537,51,True,False,0.05448990348757292,1,True
441543,1,person,a photo of a person,0.09605267998381341,GE_MAP,all,GE_MAP,0.09605267998381341,0.5102838010204082,0.17527018862858293,0.13780545732833693,0.24071171752558312,18947,2611,14555,False,0.5440665944977416,28,False,True,0.0,-1,False
441543,1,person,a photo of a person,0.09605267998381341,GE_MAP,all,GE_POS3_SAM,0.0,0.3614875637755102,0.0,0.0,0.0,21191,0,20541,False,0.8904929119521394,28,False,True,-0.09605267998381341,1,True
441543,1,person,a photo of a person,0.09605267998381341,GE_MAP,all,GE_POS3_SMART,0.07575338678462815,0.40037069515306123,0.1408378308918016,0.10201886480225054,0.22734396607356872,24172,2466,20728,False,0.8010282975104376,28,False,True,-0.02029929319918526,0,True
441543,1,person,a photo of a person,0.09605267998381341,GE_MAP,all,GE_POS3_CASR,0.07575338678462815,0.40037069515306123,0.1408378308918016,0.10201886480225054,0.22734396607356872,24172,2466,20728,False,0.8010282975104376,28,False,True,-0.02029929319918526,0,True
441543,28,umbrella,a photo of a umbrella,0.7559041544561282,GE_MAP,all,GE_MAP,0.7559041544561282,0.8871173469387755,0.8609856666012173,0.9570578927265783,0.7824418967747692,18327,17540,107,True,0.004406803002134545,1,True,False,0.0,-1,False
441543,28,umbrella,a photo of a umbrella,0.7559041544561282,GE_MAP,all,GE_POS3_SAM,0.907283587411964,0.9585459183673469,0.9513882396933719,0.9991654803396985,0.9079716286746665,20371,20354,0,True,0.0,-1,True,False,0.15137943295583578,1,True
441543,28,umbrella,a photo of a umbrella,0.7559041544561282,GE_MAP,all,GE_POS3_SMART,0.895685323167562,0.9520089285714286,0.9449725776965265,0.9687485358197067,0.9223357273497792,21343,20676,0,True,0.0,-1,True,False,0.13978116871143376,0,True
441543,28,umbrella,a photo of a umbrella,0.7559041544561282,GE_MAP,all,GE_POS3_CASR,0.895685323167562,0.9520089285714286,0.9449725776965265,0.9687485358197067,0.9223357273497792,21343,20676,0,True,0.0,-1,True,False,0.13978116871143376,0,True
270474,39,baseball bat,a photo of a baseball bat,0.22967772967772968,GE_MAP,all,GE_MAP,0.22967772967772968,0.936164700255102,0.37355759827889695,0.22967772967772968,1.0,4158,955,489,True,0.04217828650711065,1,True,False,0.0,-1,False
270474,39,baseball bat,a photo of a baseball bat,0.22967772967772968,GE_MAP,all,GE_POS3_SAM,0.8392156862745098,0.9967315051020408,0.9125799573560768,0.9294245385450597,0.8963350785340314,921,856,0,True,0.003918228279386712,1,True,False,0.6095379565967801,2,True
270474,39,baseball bat,a photo of a baseball bat,0.22967772967772968,GE_MAP,all,GE_POS3_SMART,0.8392156862745098,0.9967315051020408,0.9125799573560768,0.9294245385450597,0.8963350785340314,921,856,0,True,0.003918228279386712,1,True,False,0.6095379565967801,2,True
270474,39,baseball bat,a photo of a baseball bat,0.22967772967772968,GE_MAP,all,GE_POS3_CASR,0.8392156862745098,0.9967315051020408,0.9125799573560768,0.9294245385450597,0.8963350785340314,921,856,0,True,0.003918228279386712,1,True,False,0.6095379565967801,2,True
270474,1,person,a photo of a person,0.40717593884269854,GE_MAP,all,GE_MAP,0.40717593884269854,0.7882653061224489,0.5787136172575145,0.5083954573956664,0.6716060745513116,14353,7297,237,True,0.01633249236489178,39,True,False,0.0,-1,False
270474,1,person,a photo of a person,0.40717593884269854,GE_MAP,all,GE_POS3_SAM,0.11960316002204667,0.8089923469387755,0.21365277321956022,0.9841269841269841,0.11983433041877589,1323,1302,0,True,0.0,-1,True,False,-0.28757277882065185,2,True
270474,1,person,a photo of a person,0.40717593884269854,GE_MAP,all,GE_POS3_SMART,0.925256561620198,0.9835977359693877,0.9611774140289636,0.9858718792335979,0.9376898297284859,10334,10188,8,True,0.006329113924050633,39,True,False,0.5180806227774994,0,True
270474,1,person,a photo of a person,0.40717593884269854,GE_MAP,all,GE_POS3_CASR,0.925256561620198,0.9835977359693877,0.9611774140289636,0.9858718792335979,0.9376898297284859,10334,10188,8,True,0.006329113924050633,39,True,False,0.5180806227774994,0,True
571598,32,tie,a photo of a tie,0.10979906054279749,GE_MAP,all,GE_MAP,0.10979906054279749,0.7280572385204082,0.1978719651989889,0.11041133635111199,0.9519230769230769,15243,1683,11438,False,0.4149424923164665,1,False,False,0.0,-1,False
571598,32,tie,a photo of a tie,0.10979906054279749,GE_MAP,all,GE_POS3_SAM,0.3389923329682366,0.975944674744898,0.5063394683026585,0.914327917282127,0.3501131221719457,677,619,58,True,0.023016250764941865,1,True,False,0.22919327242543913,2,True
571598,32,tie,a photo of a tie,0.10979906054279749,GE_MAP,all,GE_POS3_SMART,0.1069316805585239,0.7501594387755102,0.193203758527481,0.10900508351488744,0.8489819004524887,13770,1501,12225,False,0.46595152420395136,1,False,False,-0.0028673799842735964,0,True
571598,32,tie,a photo of a tie,0.10979906054279749,GE_MAP,all,GE_POS3_CASR,0.1069316805585239,0.7501594387755102,0.193203758527481,0.10900508351488744,0.8489819004524887,13770,1501,12225,False,0.46595152420395136,1,False,False,-0.0028673799842735964,0,True
571598,1,person,a photo of a person,0.3638930556781082,GE_MAP,all,GE_MAP,0.3638930556781082,0.568977200255102,0.533609367923918,0.729610190481807,0.4206160331814782,16957,12372,0,True,0.06168849577592561,32,True,False,0.0,-1,False
571598,1,person,a photo of a person,0.3638930556781082,GE_MAP,all,GE_POS3_SAM,0.2602125708852593,0.5658083545918368,0.4129661564992455,0.9954533645102625,0.26052220031277623,7698,7663,0,True,0.0,-1,True,False,-0.10368048479284891,1,True
571598,1,person,a photo of a person,0.3638930556781082,GE_MAP,all,GE_POS3_SMART,0.7371919693815887,0.8439891581632653,0.8487167594310452,0.9833407971339005,0.7465152648398722,22330,21958,5,True,0.016493018939553718,32,True,False,0.3732989137034805,0,True
571598,1,person,a photo of a person,0.3638930556781082,GE_MAP,all,GE_POS3_CASR,0.7371919693815887,0.8439891581632653,0.8487167594310452,0.9833407971339005,0.7465152648398722,22330,21958,5,True,0.016493018939553718,32,True,False,0.3732989137034805,0,True
31248,84,book,a photo of a book,0.2687624931855352,GE_MAP,all,GE_MAP,0.2687624931855352,0.8396045918367347,0.4236608421655686,0.26920276665453224,0.9939516129032258,10988,2958,713,True,0.043454412481716234,62,True,False,0.0,-1,False
31248,84,book,a photo of a book,0.2687624931855352,GE_MAP,all,GE_POS3_SAM,0.3092425295343989,0.9405691964285714,0.4723991507430998,0.49887892376681614,0.4485887096774194,2676,1335,0,True,0.0,-1,True,False,0.04048003634886371,1,True
31248,84,book,a photo of a book,0.2687624931855352,GE_MAP,all,GE_POS3_SMART,0.23297885344089964,0.8749402104591837,0.37791216417170614,0.2680354380537196,0.6404569892473119,7111,1906,88,True,0.012359550561797753,51,True,False,-0.035783639744635554,0,True
31248,84,book,a photo of a book,0.2687624931855352,GE_MAP,all,GE_POS3_CASR,0.23297885344089964,0.8749402104591837,0.37791216417170614,0.2680354380537196,0.6404569892473119,7111,1906,88,True,0.012359550561797753,51,True,False,-0.035783639744635554,0,True
31248,62,chair,a photo of a chair,0.33843763870395027,GE_MAP,all,GE_MAP,0.33843763870395027,0.7623565051020408,0.5057204443707511,0.33905841809793785,0.9946192727865645,17991,6100,1483,True,0.0691993880673126,84,True,False,0.0,-1,False
31248,62,chair,a photo of a chair,0.33843763870395027,GE_MAP,all,GE_POS3_SAM,0.8736665650716245,0.9834781568877551,0.9325742171614477,0.930379746835443,0.9347790640795696,6162,5733,0,True,0.0,-1,True,False,0.5352289263676743,1,True
31248,62,chair,a photo of a chair,0.33843763870395027,GE_MAP,all,GE_POS3_SMART,0.8736665650716245,0.9834781568877551,0.9325742171614477,0.930379746835443,0.9347790640795696,6162,5733,0,True,0.0,-1,True,False,0.5352289263676743,1,True
31248,62,chair,a photo of a chair,0.33843763870395027,GE_MAP,all,GE_POS3_CASR,0.8736665650716245,0.9834781568877551,0.9325742171614477,0.930379746835443,0.9347790640795696,6162,5733,0,True,0.0,-1,True,False,0.5352289263676743,1,True
574702,1,person,a photo of a person,0.12798715967185828,GE_MAP,all,GE_MAP,0.12798715967185828,0.707649075255102,0.22693017127799736,0.14707288749231504,0.49654059040590404,14639,2153,1130,True,0.05046209209127341,4,True,False,0.0,-1,False
574702,1,person,a photo of a person,0.12798715967185828,GE_MAP,all,GE_POS3_SAM,0.10300105564771528,0.8814572704081632,0.18676510801203172,0.22934855607790464,0.15751845018450183,2978,683,574,True,0.042667063108600314,4,True,False,-0.024986104024143002,1,True
574702,1,person,a photo of a person,0.12798715967185828,GE_MAP,all,GE_POS3_SMART,0.10300105564771528,0.8814572704081632,0.18676510801203172,0.22934855607790464,0.15751845018450183,2978,683,574,True,0.042667063108600314,4,True,False,-0.024986104024143002,1,True
574702,1,person,a photo of a person,0.12798715967185828,GE_MAP,all,GE_POS3_CASR,0.10300105564771528,0.8814572704081632,0.18676510801203172,0.22934855607790464,0.15751845018450183,2978,683,574,True,0.042667063108600314,4,True,False,-0.024986104024143002,1,True
574702,4,motorcycle,a photo of a motorcycle,0.5396892062158757,GE_MAP,all,GE_MAP,0.5396892062158757,0.8470982142857143,0.7010365521003818,0.615547799904195,0.8141008236039461,14613,8995,366,True,0.02310890340694347,1,True,False,0.0,-1,False
574702,4,motorcycle,a photo of a motorcycle,0.5396892062158757,GE_MAP,all,GE_POS3_SAM,0.47776230649520846,0.8729272959183674,0.6466023722425451,0.8341198341198341,0.5279210788306634,6993,5833,6,True,0.001591371231544514,1,True,False,-0.06192689972066723,0,True
574702,4,motorcycle,a photo of a motorcycle,0.5396892062158757,GE_MAP,all,GE_POS3_SMART,0.47776230649520846,0.8729272959183674,0.6466023722425451,0.8341198341198341,0.5279210788306634,6993,5833,6,True,0.001591371231544514,1,True,False,-0.06192689972066723,0,True
574702,4,motorcycle,a photo of a motorcycle,0.5396892062158757,GE_MAP,all,GE_POS3_CASR,0.47776230649520846,0.8729272959183674,0.6466023722425451,0.8341198341198341,0.5279210788306634,6993,5833,6,True,0.001591371231544514,1,True,False,-0.06192689972066723,0,True
185599,55,orange,a photo of a orange,0.4292933850735493,GE_MAP,all,GE_MAP,0.4292933850735493,0.6218909438775511,0.6007071599949488,0.8169328524815387,0.47498751872191713,17469,14271,2856,True,0.14178252597687693,53,True,False,0.0,-1,False
185599,55,orange,a photo of a orange,0.4292933850735493,GE_MAP,all,GE_POS3_SAM,0.2794908727475822,0.5114995216836735,0.43687825947113285,0.7052366117786678,0.3164586453652854,13482,9508,3754,True,0.12426567365413631,53,True,False,-0.14980251232596709,1,True
185599,55,orange,a photo of a orange,0.4292933850735493,GE_MAP,all,GE_POS3_SMART,0.5425679423183583,0.671257174744898,0.7034606741573034,0.7648553557466771,0.6511898818439008,25580,19565,5674,True,0.14166646475904343,53,True,False,0.11327455724480895,0,True
185599,55,orange,a photo of a orange,0.4292933850735493,GE_MAP,all,GE_POS3_CASR,0.5425679423183583,0.671257174744898,0.7034606741573034,0.7648553557466771,0.6511898818439008,25580,19565,5674,True,0.14166646475904343,53,True,False,0.11327455724480895,0,True
185599,53,apple,a photo of a apple,0.22610551997560233,GE_MAP,all,GE_MAP,0.22610551997560233,0.4942602040816326,0.3688190229827878,0.39723531933133305,0.3441968430826369,18664,7414,10373,False,0.3643213265363285,55,False,False,0.0,-1,False
185599,53,apple,a photo of a apple,0.22610551997560233,GE_MAP,all,GE_POS3_SAM,0.09131230639256548,0.22829639668367346,0.16734404231985034,0.15587068861915634,0.18064066852367688,24963,3891,20717,False,0.6096447591736408,55,False,True,-0.13479321358303686,0,True
185599,53,apple,a photo of a apple,0.22610551997560233,GE_MAP,all,GE_POS3_SMART,0.12439652397811393,0.45780851403061223,0.22126806927150422,0.2885405001866368,0.17943361188486537,13395,3865,9352,False,0.2792272807585841,55,False,False,-0.1017089959974884,1,True
185599,53,apple,a photo of a apple,0.22610551997560233,GE_MAP,all,GE_POS3_CASR,0.12439652397811393,0.45780851403061223,0.22126806927150422,0.2885405001866368,0.17943361188486537,13395,3865,9352,False,0.2792272807585841,55,False,False,-0.1017089959974884,1,True
192699,1,person,a photo of a person,0.2517289073305671,GE_MAP,all,GE_MAP,0.2517289073305671,0.568718112244898,0.4022099447513812,0.4826306019623442,0.3447622655806024,15084,7280,227,True,0.011846001974333662,27,True,False,0.0,-1,False
192699,1,person,a photo of a person,0.2517289073305671,GE_MAP,all,GE_POS3_SAM,0.030013255065328537,0.5916374362244898,0.05827741520360327,0.9875389408099688,0.0300246258761129,642,634,0,True,0.0,-1,True,False,-0.22171565226523854,2,True
192699,1,person,a photo of a person,0.2517289073305671,GE_MAP,all,GE_POS3_SMART,0.5700318718235852,0.8010403380102041,0.7261405096974186,0.8629458173045577,0.6267759045273726,15337,13235,668,True,0.023974904772574503,4,True,False,0.3183029644930181,0,True
192699,1,person,a photo of a person,0.2517289073305671,GE_MAP,all,GE_POS3_CASR,0.5700318718235852,0.8010403380102041,0.7261405096974186,0.8629458173045577,0.6267759045273726,15337,13235,668,True,0.023974904772574503,4,True,False,0.3183029644930181,0,True
192699,4,motorcycle,a photo of a motorcycle,0.20036226835725232,GE_MAP,all,GE_MAP,0.20036226835725232,0.7712452168367347,0.3338363319791062,0.20130188283054526,0.9772341148487937,14287,2876,8596,False,0.32293262583610477,1,False,False,0.0,-1,False
192699,4,motorcycle,a photo of a motorcycle,0.20036226835725232,GE_MAP,all,GE_POS3_SAM,0.025679396623967437,0.6756018813775511,0.05007295010213014,0.030228297632468995,0.145769622833843,14192,429,12996,False,0.5747034162875747,1,False,True,-0.1746828717332849,0,True
192699,4,motorcycle,a photo of a motorcycle,0.20036226835725232,GE_MAP,all,GE_POS3_SMART,0.03545872049556766,0.8200135522959183,0.06848891181021145,0.04917061611374408,0.1128100577641862,6752,332,5913,False,0.2689190419816046,1,False,False,-0.16490354786168465,1,True
192699,4,motorcycle,a photo of a motorcycle,0.20036226835725232,GE_MAP,all,GE_POS3_CASR,0.03545872049556766,0.8200135522959183,0.06848891181021145,0.04917061611374408,0.1128100577641862,6752,332,5913,False,0.2689190419816046,1,False,False,-0.16490354786168465,1,True
13201,41,skateboard,a photo of a skateboard,0.06669287211740042,GE_MAP,all,GE_MAP,0.06669287211740042,0.7160794005102041,0.12504606313720673,0.06669287211740042,1.0,15264,1018,7635,False,0.5065520814286585,1,False,True,0.0,-1,False
13201,41,skateboard,a photo of a skateboard,0.06669287211740042,GE_MAP,all,GE_POS3_SAM,0.7906403940886699,0.9949178890306123,0.8830811554332875,0.828030954428203,0.9459724950884086,1163,963,174,True,0.08658274485723058,1,True,False,0.7239475219712695,1,True
13201,41,skateboard,a photo of a skateboard,0.06669287211740042,GE_MAP,all,GE_POS3_SMART,0.7906403940886699,0.9949178890306123,0.8830811554332875,0.828030954428203,0.9459724950884086,1163,963,174,True,0.08658274485723058,1,True,False,0.7239475219712695,1,True
13201,41,skateboard,a photo of a skateboard,0.06669287211740042,GE_MAP,all,GE_POS3_CASR,0.7906403940886699,0.9949178890306123,0.8830811554332875,0.828030954428203,0.9459724950884086,1163,963,174,True,0.08658274485723058,1,True,False,0.7239475219712695,1,True
13201,1,person,a photo of a person,0.38699360341151384,GE_MAP,all,GE_MAP,0.38699360341151384,0.7937260841836735,0.5580322828593389,0.46791750214838157,0.6911360270784853,13964,6534,342,True,0.07205724508050089,41,True,False,0.0,-1,False
13201,1,person,a photo of a person,0.38699360341151384,GE_MAP,all,GE_POS3_SAM,0.11572167669728646,0.8330875318877551,0.20743825115926942,0.9847259658580413,0.11592976517876032,1113,1096,0,True,0.0,-1,True,False,-0.2712719267142274,2,True
13201,1,person,a photo of a person,0.38699360341151384,GE_MAP,all,GE_POS3_SMART,0.7950414959554575,0.9611168686224489,0.8858196289576872,0.9914843442945107,0.800507721599323,7633,7568,9,True,0.0010414255959268687,41,True,False,0.40804789254394364,0,True
13201,1,person,a photo of a person,0.38699360341151384,GE_MAP,all,GE_POS3_CASR,0.7950414959554575,0.9611168686224489,0.8858196289576872,0.9914843442945107,0.800507721599323,7633,7568,9,True,0.0010414255959268687,41,True,False,0.40804789254394364,0,True
27982,81,sink,a photo of a sink,0.02925306813372831,GE_MAP,all,GE_MAP,0.02925306813372831,0.6342673788265306,0.05684329547206661,0.02925306813372831,1.0,18904,553,2939,False,0.1351575074729823,70,False,False,0.0,-1,False
27982,81,sink,a photo of a sink,0.02925306813372831,GE_MAP,all,GE_POS3_SAM,0.05987958401751505,0.8288424744897959,0.11299318322660608,0.05991893964289626,0.9891500904159132,9129,547,4763,False,0.4694460871279322,70,False,False,0.03062651588378674,1,True
27982,81,sink,a photo of a sink,0.02925306813372831,GE_MAP,all,GE_POS3_SMART,0.0002554849423562099,0.3760961415816326,0.0005108393729446697,0.00026001040041601667,0.014466546112115732,30768,8,4245,False,0.1314119431631737,70,False,False,-0.0289975831913721,0,True
27982,81,sink,a photo of a sink,0.02925306813372831,GE_MAP,all,GE_POS3_CASR,0.0002554849423562099,0.3760961415816326,0.0005108393729446697,0.00026001040041601667,0.014466546112115732,30768,8,4245,False,0.1314119431631737,70,False,False,-0.0289975831913721,0,True
27982,70,toilet,a photo of a toilet,0.23722983726063968,GE_MAP,all,GE_MAP,0.23722983726063968,0.7038823341836735,0.38348547717842324,0.2522379912663755,0.7994809688581315,18320,4621,491,True,0.02671091284952671,81,True,False,0.0,-1,False
27982,70,toilet,a photo of a toilet,0.23722983726063968,GE_MAP,all,GE_POS3_SAM,0.3473447500432451,0.9248046875,0.5155989215560406,0.9995022399203584,0.34740484429065743,2009,2008,0,True,0.0,-1,True,False,0.11011491278260543,1,True
27982,70,toilet,a photo of a toilet,0.23722983726063968,GE_MAP,all,GE_POS3_SMART,0.3473447500432451,0.9248046875,0.5155989215560406,0.9995022399203584,0.34740484429065743,2009,2008,0,True,0.0,-1,True,False,0.11011491278260543,1,True
27982,70,toilet,a photo of a toilet,0.23722983726063968,GE_MAP,all,GE_POS3_CASR,0.3473447500432451,0.9248046875,0.5155989215560406,0.9995022399203584,0.34740484429065743,2009,2008,0,True,0.0,-1,True,False,0.11011491278260543,1,True
489339,42,surfboard,a photo of a surfboard,0.4403300670448685,GE_MAP,all,GE_MAP,0.4403300670448685,0.6755819515306123,0.611429389859639,0.6372910031847133,0.5875848779592586,20096,12807,2173,True,0.07712583869642613,1,True,False,0.0,-1,False
489339,42,surfboard,a photo of a surfboard,0.4403300670448685,GE_MAP,all,GE_POS3_SAM,0.947798517460034,0.9767020089285714,0.9731997524014764,0.9725977180039408,0.9738025325747843,21823,21225,39,True,0.005818181818181818,1,True,False,0.5074684504151654,1,True
489339,42,surfboard,a photo of a surfboard,0.4403300670448685,GE_MAP,all,GE_POS3_SMART,0.947798517460034,0.9767020089285714,0.9731997524014764,0.9725977180039408,0.9738025325747843,21823,21225,39,True,0.005818181818181818,1,True,False,0.5074684504151654,1,True
489339,42,surfboard,a photo of a surfboard,0.4403300670448685,GE_MAP,all,GE_POS3_CASR,0.947798517460034,0.9767020089285714,0.9731997524014764,0.9725977180039408,0.9738025325747843,21823,21225,39,True,0.005818181818181818,1,True,False,0.5074684504151654,1,True
489339,1,person,a photo of a person,0.3691914381673267,GE_MAP,all,GE_MAP,0.3691914381673267,0.7492028061224489,0.539283883722633,0.4619002822201317,0.6478142316826457,15945,7365,4281,True,0.1351018075731601,42,True,False,0.0,-1,False
489339,1,person,a photo of a person,0.3691914381673267,GE_MAP,all,GE_POS3_SAM,0.43814007267922034,0.7288345025510204,0.6093148796875897,0.45231700558468685,0.9332395109508312,23457,10610,12366,False,0.38257309584186244,42,True,False,0.06894863451189365,0,True
489339,1,person,a photo of a person,0.3691914381673267,GE_MAP,all,GE_POS3_SMART,0.4110188019239178,0.8657724808673469,0.5825844437558103,0.9861519093579522,0.4134048728999912,4766,4700,25,True,0.002755860923402167,42,True,False,0.04182736375659113,2,True
489339,1,person,a photo of a person,0.3691914381673267,GE_MAP,all,GE_POS3_CASR,0.4110188019239178,0.8657724808673469,0.5825844437558103,0.9861519093579522,0.4134048728999912,4766,4700,25,True,0.002755860923402167,42,True,False,0.04182736375659113,2,True
135872,62,chair,a photo of a chair,0.16845369494376117,GE_MAP,all,GE_MAP,0.16845369494376117,0.6846898915816326,0.28833610723764114,0.16944224160719007,0.9665259348612787,18915,3205,1945,True,0.09297765853155152,72,True,False,0.0,-1,False
135872,62,chair,a photo of a chair,0.16845369494376117,GE_MAP,all,GE_POS3_SAM,0.2853920658086772,0.8926578443877551,0.4440545004128819,0.3375706214689266,0.6486731001206273,6372,2151,2128,True,0.2945759664369194,72,False,False,0.11693837086491604,0,True
135872,62,chair,a photo of a chair,0.16845369494376117,GE_MAP,all,GE_POS3_SMART,0.2853920658086772,0.8926578443877551,0.4440545004128819,0.3375706214689266,0.6486731001206273,6372,2151,2128,True,0.2945759664369194,72,False,False,0.11693837086491604,0,True
135872,62,chair,a photo of a chair,0.16845369494376117,GE_MAP,all,GE_POS3_CASR,0.2853920658086772,0.8926578443877551,0.4440545004128819,0.3375706214689266,0.6486731001206273,6372,2151,2128,True,0.2945759664369194,72,False,False,0.11693837086491604,0,True
135872,76,keyboard,a photo of a keyboard,0.02529483963925503,GE_MAP,all,GE_MAP,0.02529483963925503,0.6359813456632653,0.04934159163066674,0.025350304845438015,0.920388349514563,18698,474,5288,False,0.1278819551183523,62,False,False,0.0,-1,False
135872,76,keyboard,a photo of a keyboard,0.02529483963925503,GE_MAP,all,GE_POS3_SAM,0.027259684361549498,0.8919005102040817,0.05307262569832402,0.02915787454440821,0.29514563106796116,5213,152,2699,False,0.28385103827012187,72,False,False,0.0019648447222944676,0,True
135872,76,keyboard,a photo of a keyboard,0.02529483963925503,GE_MAP,all,GE_POS3_SMART,0.035962598897146966,0.9198620854591837,0.06942837306179125,0.0394114555964267,0.2912621359223301,3806,150,2333,False,0.281975517095821,72,False,False,0.010667759257891936,1,True
135872,76,keyboard,a photo of a keyboard,0.02529483963925503,GE_MAP,all,GE_POS3_CASR,0.035962598897146966,0.9198620854591837,0.06942837306179125,0.0394114555964267,0.2912621359223301,3806,150,2333,False,0.281975517095821,72,False,False,0.010667759257891936,1,True
357978,1,person,a photo of a person,0.15719337427880142,GE_MAP,all,GE_MAP,0.15719337427880142,0.5487484056122449,0.27168039114770975,0.22038409351842186,0.35410028509139696,19162,4223,373,True,0.013551256853211959,63,True,False,0.0,-1,False
357978,1,person,a photo of a person,0.15719337427880142,GE_MAP,all,GE_POS3_SAM,0.00028346278133681047,0.6485570790816326,0.0005667649059170256,0.0008744316194473592,0.00041925205433506624,5718,5,0,True,0.0,-1,True,False,-0.1569099114974646,1,True
357978,1,person,a photo of a person,0.15719337427880142,GE_MAP,all,GE_POS3_SMART,0.013494476162230295,0.7348333864795918,0.02662959982442022,0.10441767068273092,0.015260774777796412,1743,182,0,True,0.0,-1,True,False,-0.14369889811657113,2,True
357978,1,person,a photo of a person,0.15719337427880142,GE_MAP,all,GE_POS3_CASR,0.013494476162230295,0.7348333864795918,0.02662959982442022,0.10441767068273092,0.015260774777796412,1743,182,0,True,0.0,-1,True,False,-0.14369889811657113,2,True
357978,62,chair,a photo of a chair,0.02931346227603967,GE_MAP,all,GE_MAP,0.02931346227603967,0.6469228316326531,0.05695730863408922,0.029461974778346826,0.8532695374800638,18159,535,3719,False,0.11865100022309809,1,False,False,0.0,-1,False
357978,62,chair,a photo of a chair,0.02931346227603967,GE_MAP,all,GE_POS3_SAM,0.039559339008512766,0.8853236607142857,0.07610789980732177,0.04231387252276379,0.37799043062200954,5601,237,25,True,0.0013711935096840542,1,True,False,0.010245876732473097,0,True
357978,62,chair,a photo of a chair,0.02931346227603967,GE_MAP,all,GE_POS3_SMART,0.22046465645081562,0.9685706313775511,0.3612798703928716,0.24212812160694897,0.7113237639553429,1842,446,81,True,0.015618027666220438,63,True,False,0.19115119417477594,2,True
357978,62,chair,a photo of a chair,0.02931346227603967,GE_MAP,all,GE_POS3_CASR,0.22046465645081562,0.9685706313775511,0.3612798703928716,0.24212812160694897,0.7113237639553429,1842,446,81,True,0.015618027666220438,63,True,False,0.19115119417477594,2,True
366711,55,orange,a photo of a orange,0.5937662829804368,GE_MAP,all,GE_MAP,0.5937662829804368,0.8290816326530612,0.7451108601319621,0.7953680203045685,0.7008274628200828,15760,12535,173,True,0.009094408622846694,1,True,False,0.0,-1,False
366711,55,orange,a photo of a orange,0.5937662829804368,GE_MAP,all,GE_POS3_SAM,0.32908681566086434,0.7564971301020408,0.49520740373491984,0.948559670781893,0.33506653248350665,6318,5993,0,True,0.0,-1,True,False,-0.2646794673195724,1,True
366711,55,orange,a photo of a orange,0.5937662829804368,GE_MAP,all,GE_POS3_SMART,0.32908681566086434,0.7564971301020408,0.49520740373491984,0.948559670781893,0.33506653248350665,6318,5993,0,True,0.0,-1,True,False,-0.2646794673195724,1,True
366711,55,orange,a photo of a orange,0.5937662829804368,GE_MAP,all,GE_POS3_CASR,0.32908681566086434,0.7564971301020408,0.49520740373491984,0.948559670781893,0.33506653248350665,6318,5993,0,True,0.0,-1,True,False,-0.2646794673195724,1,True
366711,1,person,a photo of a person,0.34075371018842754,GE_MAP,all,GE_MAP,0.34075371018842754,0.842414700255102,0.5083017225296934,0.3759889604415823,0.7843024371521781,10870,4087,1178,True,0.046015059474009676,55,True,False,0.0,-1,False
366711,1,person,a photo of a person,0.34075371018842754,GE_MAP,all,GE_POS3_SAM,0.8509607062489182,0.9828404017857143,0.9194800336668849,0.8967530098504195,0.9433889848397621,5482,4916,5,True,0.003305998024988193,55,True,False,0.5102069960604907,1,True
366711,1,person,a photo of a person,0.34075371018842754,GE_MAP,all,GE_POS3_SMART,0.8509607062489182,0.9828404017857143,0.9194800336668849,0.8967530098504195,0.9433889848397621,5482,4916,5,True,0.003305998024988193,55,True,False,0.5102069960604907,1,True
366711,1,person,a photo of a person,0.34075371018842754,GE_MAP,all,GE_POS3_CASR,0.8509607062489182,0.9828404017857143,0.9194800336668849,0.8967530098504195,0.9433889848397621,5482,4916,5,True,0.003305998024988193,55,True,False,0.5102069960604907,1,True
185802,52,banana,a photo of a banana,0.34997989006569247,GE_MAP,all,GE_MAP,0.34997989006569247,0.8067402742346939,0.5184964496747604,0.3667205169628433,0.8846153846153846,14237,5221,1853,True,0.08388531883341573,62,True,False,0.0,-1,False
185802,52,banana,a photo of a banana,0.34997989006569247,GE_MAP,all,GE_POS3_SAM,0.8694650205761317,0.9841956313775511,0.9301752223298406,0.9682859761686526,0.8949508641138597,5455,5282,48,True,0.0038182512409316535,62,True,False,0.5194851305104393,2,True
185802,52,banana,a photo of a banana,0.34997989006569247,GE_MAP,all,GE_POS3_SMART,0.8925925925925926,0.9867067920918368,0.9432485322896281,0.9473594257391899,0.939173161640122,5851,5543,109,True,0.008265078183172002,62,True,False,0.5426127025269001,1,True
185802,52,banana,a photo of a banana,0.34997989006569247,GE_MAP,all,GE_POS3_CASR,0.8925925925925926,0.9867067920918368,0.9432485322896281,0.9473594257391899,0.939173161640122,5851,5543,109,True,0.008265078183172002,62,True,False,0.5426127025269001,1,True
185802,62,chair,a photo of a chair,0.3405260395404444,GE_MAP,all,GE_MAP,0.3405260395404444,0.7746332908163265,0.5080483772731228,0.38173378661087864,0.759297789336801,15296,5839,1224,True,0.0573023613963039,28,True,False,0.0,-1,False
185802,62,chair,a photo of a chair,0.3405260395404444,GE_MAP,all,GE_POS3_SAM,0.2997549335741003,0.8918008609693877,0.46124838741688995,0.9736070381231672,0.3022106631989597,2387,2324,0,True,0.0009660669001328342,52,True,False,-0.04077110596634409,1,True
185802,62,chair,a photo of a chair,0.3405260395404444,GE_MAP,all,GE_POS3_SMART,0.6164737749322827,0.9379185267857143,0.7627389747886358,0.9205736348593492,0.6511053315994798,5439,5007,24,True,0.0030303030303030303,28,True,False,0.2759477353918383,0,True
185802,62,chair,a photo of a chair,0.3405260395404444,GE_MAP,all,GE_POS3_CASR,0.6164737749322827,0.9379185267857143,0.7627389747886358,0.9205736348593492,0.6511053315994798,5439,5007,24,True,0.0030303030303030303,28,True,False,0.2759477353918383,0,True
126592,13,stop sign,a photo of a stop sign,0.3361766181635725,GE_MAP,all,GE_MAP,0.3361766181635725,0.841796875,0.5031918888471648,0.33626097867001253,0.9992542878448919,11955,4020,532,True,0.03563563563563563,3,True,False,0.0,-1,False
126592,13,stop sign,a photo of a stop sign,0.3361766181635725,GE_MAP,all,GE_POS3_SAM,0.9650623014903493,0.9971500318877551,0.9822205644659953,0.9825870646766169,0.9818543375590355,4020,3950,1,True,0.00013187392852433074,3,True,False,0.6288856833267769,1,True
126592,13,stop sign,a photo of a stop sign,0.3361766181635725,GE_MAP,all,GE_POS3_SMART,0.9650623014903493,0.9971500318877551,0.9822205644659953,0.9825870646766169,0.9818543375590355,4020,3950,1,True,0.00013187392852433074,3,True,False,0.6288856833267769,1,True
126592,13,stop sign,a photo of a stop sign,0.3361766181635725,GE_MAP,all,GE_POS3_CASR,0.9650623014903493,0.9971500318877551,0.9822205644659953,0.9825870646766169,0.9818543375590355,4020,3950,1,True,0.00013187392852433074,3,True,False,0.6288856833267769,1,True
126592,3,car,a photo of a car,0.2075191542436301,GE_MAP,all,GE_MAP,0.2075191542436301,0.7340760522959183,0.3437115734592494,0.2083855191745691,0.9803591470258137,16767,3494,2919,True,0.16346745760814818,13,True,False,0.0,-1,False
126592,3,car,a photo of a car,0.2075191542436301,GE_MAP,all,GE_POS3_SAM,0.19901592645345073,0.8767139668367347,0.33196544276457884,0.2698384831460674,0.43125701459034793,5696,1537,3970,False,0.6905548791094104,13,False,True,-0.008503227790179368,1,True
126592,3,car,a photo of a car,0.2075191542436301,GE_MAP,all,GE_POS3_SMART,0.19901592645345073,0.8767139668367347,0.33196544276457884,0.2698384831460674,0.43125701459034793,5696,1537,3970,False,0.6905548791094104,13,False,True,-0.008503227790179368,1,True
126592,3,car,a photo of a car,0.2075191542436301,GE_MAP,all,GE_POS3_CASR,0.19901592645345073,0.8767139668367347,0.33196544276457884,0.2698384831460674,0.43125701459034793,5696,1537,3970,False,0.6905548791094104,13,False,True,-0.008503227790179368,1,True
433243,25,giraffe,a photo of a giraffe,0.4213436725354351,GE_MAP,all,GE_MAP,0.4213436725354351,0.8185586734693877,0.5928807798944639,0.47356765252178884,0.7925633668101387,13998,6629,5859,True,0.3575845762095307,24,True,False,0.0,-1,False
433243,25,giraffe,a photo of a giraffe,0.4213436725354351,GE_MAP,all,GE_POS3_SAM,0.8721118299445472,0.9779376594387755,0.9316877506942302,0.9627598520596863,0.9025585844093735,7841,7549,36,True,0.0030273075497343383,24,True,False,0.4507681574091121,1,True
433243,25,giraffe,a photo of a giraffe,0.4213436725354351,GE_MAP,all,GE_POS3_SMART,0.4931471256901591,0.8444874043367347,0.660547265845913,0.5191821103740683,0.9076996652319465,14623,7592,6657,True,0.41139318126073093,24,True,False,0.07180345315472403,0,True
433243,25,giraffe,a photo of a giraffe,0.4213436725354351,GE_MAP,all,GE_POS3_CASR,0.4931471256901591,0.8444874043367347,0.660547265845913,0.5191821103740683,0.9076996652319465,14623,7592,6657,True,0.41139318126073093,24,True,False,0.07180345315472403,0,True
433243,24,zebra,a photo of a zebra,0.45407725321888415,GE_MAP,all,GE_MAP,0.45407725321888415,0.8352200255102041,0.6245572609208973,0.504622835339008,0.8192756730998332,13628,6877,5672,True,0.3510259245607569,25,True,False,0.0,-1,False
433243,24,zebra,a photo of a zebra,0.45407725321888415,GE_MAP,all,GE_POS3_SAM,0.43546369646792543,0.8111049107142857,0.6067219917012449,0.4654908951992869,0.8709792709077913,15706,7311,7539,False,0.460381021720665,25,False,False,-0.018613556750958715,0,True
433243,24,zebra,a photo of a zebra,0.45407725321888415,GE_MAP,all,GE_POS3_SMART,0.42430918360924025,0.8177216198979592,0.5958105002651582,0.4735843754390895,0.8030736240171551,14234,6741,7231,False,0.4751615640707618,25,False,False,-0.0297680696096439,1,True
433243,24,zebra,a photo of a zebra,0.45407725321888415,GE_MAP,all,GE_POS3_CASR,0.42430918360924025,0.8177216198979592,0.5958105002651582,0.4735843754390895,0.8030736240171551,14234,6741,7231,False,0.4751615640707618,25,False,False,-0.0297680696096439,1,True
173371,59,pizza,a photo of a pizza,0.5082526013634733,GE_MAP,all,GE_MAP,0.5082526013634733,0.8361168686224489,0.6739621743784941,0.6689492325855962,0.6790508149568553,12705,8499,4023,True,0.25865487895563083,67,True,False,0.0,-1,False
173371,59,pizza,a photo of a pizza,0.5082526013634733,GE_MAP,all,GE_POS3_SAM,0.12938302734221102,0.7797951211734694,0.2291216074792437,0.9036873968079252,0.1311920741450943,1817,1642,81,True,0.03565589884733977,67,True,False,-0.37886957402126226,1,True
173371,59,pizza,a photo of a pizza,0.5082526013634733,GE_MAP,all,GE_POS3_SMART,0.7178731979538057,0.9274553571428571,0.835769716657643,0.9599917081260365,0.7400127836369447,9648,9262,290,True,0.19766166580444905,67,True,False,0.2096205965903324,0,True
173371,59,pizza,a photo of a pizza,0.5082526013634733,GE_MAP,all,GE_POS3_CASR,0.7178731979538057,0.9274553571428571,0.835769716657643,0.9599917081260365,0.7400127836369447,9648,9262,290,True,0.19766166580444905,67,True,False,0.2096205965903324,0,True
173371,47,cup,a photo of a cup,0.03905855982067806,GE_MAP,all,GE_MAP,0.03905855982067806,0.6582429846938775,0.07518067090928703,0.03912872621119407,0.9561042524005487,17813,697,16511,False,0.34986203372508945,67,False,False,0.0,-1,False
173371,47,cup,a photo of a cup,0.03905855982067806,GE_MAP,all,GE_POS3_SAM,0.038964303670186023,0.6952327806122449,0.07500604887490926,0.03923305701449092,0.850480109739369,15803,620,15145,False,0.5550491461204766,59,False,True,-9.42561504920364e-05,0,True
173371,47,cup,a photo of a cup,0.03905855982067806,GE_MAP,all,GE_POS3_SMART,0.3389830508474576,0.9735730229591837,0.5063291139240507,0.34747061829330605,0.9327846364883402,1957,680,1255,False,0.07048816568047338,59,True,False,0.29992449102677954,2,True
173371,47,cup,a photo of a cup,0.03905855982067806,GE_MAP,all,GE_POS3_CASR,0.3389830508474576,0.9735730229591837,0.5063291139240507,0.34747061829330605,0.9327846364883402,1957,680,1255,False,0.07048816568047338,59,True,False,0.29992449102677954,2,True
477288,28,umbrella,a photo of a umbrella,0.48247464095611126,GE_MAP,all,GE_MAP,0.48247464095611126,0.8973014987244898,0.6509044102703069,0.518566493955095,0.8739312352192105,9264,4804,2439,True,0.07078300532139539,1,True,False,0.0,-1,False
477288,28,umbrella,a photo of a umbrella,0.48247464095611126,GE_MAP,all,GE_POS3_SAM,0.5859054415700268,0.953742825255102,0.7388907638654517,0.9681603773584906,0.5974167727851556,3392,3284,8,True,0.001681980999844261,1,True,False,0.10343080061391552,1,True
477288,28,umbrella,a photo of a umbrella,0.48247464095611126,GE_MAP,all,GE_POS3_SMART,0.7477572559366754,0.9714205994897959,0.8556763285024155,0.9576481189457084,0.7733309077678734,4439,4251,4,True,0.001659075141021387,1,True,False,0.26528261498056416,0,True
477288,28,umbrella,a photo of a umbrella,0.48247464095611126,GE_MAP,all,GE_POS3_CASR,0.7477572559366754,0.9714205994897959,0.8556763285024155,0.9576481189457084,0.7733309077678734,4439,4251,4,True,0.001659075141021387,1,True,False,0.26528261498056416,0,True
477288,1,person,a photo of a person,0.1699390113417505,GE_MAP,all,GE_MAP,0.1699390113417505,0.38155691964285715,0.2905091798705901,0.4243820975283901,0.2208433274237842,14970,6353,1842,True,0.10316390880181103,28,True,False,0.0,-1,False
477288,1,person,a photo of a person,0.1699390113417505,GE_MAP,all,GE_POS3_SAM,0.6605146957361667,0.8038703762755102,0.7955541705619612,0.9885894258570839,0.6655890430006605,19368,19147,5,True,0.0012079726192872962,28,True,False,0.49057568439441623,0,True
477288,1,person,a photo of a person,0.1699390113417505,GE_MAP,all,GE_POS3_SMART,0.6605146957361667,0.8038703762755102,0.7955541705619612,0.9885894258570839,0.6655890430006605,19368,19147,5,True,0.0012079726192872962,28,True,False,0.49057568439441623,0,True
477288,1,person,a photo of a person,0.1699390113417505,GE_MAP,all,GE_POS3_CASR,0.1699390113417505,0.38155691964285715,0.2905091798705901,0.4243820975283901,0.2208433274237842,14970,6353,1842,True,0.10316390880181103,28,True,False,0.0,0,False
39951,1,person,a photo of a person,0.08571197541845234,GE_MAP,all,GE_MAP,0.08571197541845234,0.7746532206632653,0.15789081701050123,0.09734594544953623,0.4176516942474389,10889,1060,5,True,0.0004347826086956522,43,True,False,0.0,-1,False
39951,1,person,a photo of a person,0.08571197541845234,GE_MAP,all,GE_POS3_SAM,4.649865153910536e-05,0.5714086415816326,9.299297903008323e-05,5.271759186040382e-05,0.0003940110323089047,18969,1,7,False,0.0002042796588529697,43,False,False,-0.08566547676691323,0,True
39951,1,person,a photo of a person,0.08571197541845234,GE_MAP,all,GE_POS3_SMART,0.0,0.8517817283163265,0.0,0.0,0.0,4899,0,2,False,0.00020271639975674033,37,False,False,-0.08571197541845234,2,True
39951,1,person,a photo of a person,0.08571197541845234,GE_MAP,all,GE_POS3_CASR,0.0,0.8517817283163265,0.0,0.0,0.0,4899,0,2,False,0.00020271639975674033,37,False,False,-0.08571197541845234,2,True
39951,43,tennis racket,a photo of a tennis racket,0.044434826516626995,GE_MAP,all,GE_MAP,0.044434826516626995,0.7359893176020408,0.08508874922301264,0.044434826516626995,1.0,13863,616,294,True,0.016045099739809193,1,True,False,0.0,-1,False
39951,43,tennis racket,a photo of a tennis racket,0.044434826516626995,GE_MAP,all,GE_POS3_SAM,0.13005644402634053,0.9262794961734694,0.23017689906347555,0.13201241346383386,0.8977272727272727,4189,553,33,True,0.007874015748031496,37,True,False,0.08562161750971353,1,True
39951,43,tennis racket,a photo of a tennis racket,0.044434826516626995,GE_MAP,all,GE_POS3_SMART,0.24195740824648845,0.9666573660714286,0.38963881794965344,0.25129411764705883,0.8668831168831169,2125,534,32,True,0.015037593984962405,37,True,False,0.19752258172986145,2,True
39951,43,tennis racket,a photo of a tennis racket,0.044434826516626995,GE_MAP,all,GE_POS3_CASR,0.24195740824648845,0.9666573660714286,0.38963881794965344,0.25129411764705883,0.8668831168831169,2125,534,32,True,0.015037593984962405,37,True,False,0.19752258172986145,2,True
6471,1,person,a photo of a person,0.2656896837224706,GE_MAP,all,GE_MAP,0.2656896837224706,0.646484375,0.41983384575129196,0.39352504751977435,0.4499123729407641,16309,6418,518,True,0.02855077701481749,15,True,False,0.0,-1,False
6471,1,person,a photo of a person,0.2656896837224706,GE_MAP,all,GE_POS3_SAM,0.027828358799778324,0.5105428890306123,0.054149817061428844,0.060085470085470084,0.04928145811426569,11700,703,0,True,0.001254390366281987,40,True,False,-0.23786132492269227,0,True
6471,1,person,a photo of a person,0.2656896837224706,GE_MAP,all,GE_POS3_SMART,0.023052929135393314,0.6005062181122449,0.045066933447668045,0.0703241153731787,0.03315807921486155,6726,473,0,True,0.0012875536480686696,40,True,False,-0.24263675458707729,1,True
6471,1,person,a photo of a person,0.2656896837224706,GE_MAP,all,GE_POS3_CASR,0.2656896837224706,0.646484375,0.41983384575129196,0.39352504751977435,0.4499123729407641,16309,6418,518,True,0.02855077701481749,15,True,False,0.0,1,False
6471,15,bench,a photo of a bench,0.03675335104083019,GE_MAP,all,GE_MAP,0.03675335104083019,0.6892139668367347,0.07090085795996187,0.037148030217893487,0.7757496740547588,16017,595,5480,False,0.21331837486978122,1,False,False,0.0,-1,False
6471,15,bench,a photo of a bench,0.03675335104083019,GE_MAP,all,GE_POS3_SAM,0.021978543624798254,0.5893853635204082,0.043011751590877424,0.02230035642038339,0.6036505867014341,20762,463,888,False,0.026011306716658366,1,False,False,-0.014774807416031936,0,True
6471,15,bench,a photo of a bench,0.03675335104083019,GE_MAP,all,GE_POS3_SMART,0.021978543624798254,0.5893853635204082,0.043011751590877424,0.02230035642038339,0.6036505867014341,20762,463,888,False,0.026011306716658366,1,False,False,-0.014774807416031936,0,True
6471,15,bench,a photo of a bench,0.03675335104083019,GE_MAP,all,GE_POS3_CASR,0.03675335104083019,0.6892139668367347,0.07090085795996187,0.037148030217893487,0.7757496740547588,16017,595,5480,False,0.21331837486978122,1,False,False,0.0,0,False
189078,55,orange,a photo of a orange,0.30693385919096094,GE_MAP,all,GE_MAP,0.30693385919096094,0.7408322704081632,0.4697006769431531,0.3522755077073648,0.7045510154147296,16348,5759,3635,True,0.11666027081848583,52,True,False,0.0,-1,False
189078,55,orange,a photo of a orange,0.30693385919096094,GE_MAP,all,GE_POS3_SAM,0.6646830216176828,0.9449736926020408,0.7985700736849785,0.9891559732514007,0.6695620259358943,5533,5473,0,True,9.327488107452663e-05,53,True,False,0.35774916242672183,1,True
189078,55,orange,a photo of a orange,0.30693385919096094,GE_MAP,all,GE_POS3_SMART,0.6646830216176828,0.9449736926020408,0.7985700736849785,0.9891559732514007,0.6695620259358943,5533,5473,0,True,9.327488107452663e-05,53,True,False,0.35774916242672183,1,True
189078,55,orange,a photo of a orange,0.30693385919096094,GE_MAP,all,GE_POS3_CASR,0.6646830216176828,0.9449736926020408,0.7985700736849785,0.9891559732514007,0.6695620259358943,5533,5473,0,True,9.327488107452663e-05,53,True,False,0.35774916242672183,1,True
189078,53,apple,a photo of a apple,0.20668388593115808,GE_MAP,all,GE_MAP,0.20668388593115808,0.7000558035714286,0.34256508824043336,0.2214878834095916,0.7556369242628638,17703,3921,5978,False,0.21266226158676602,55,False,False,0.0,-1,False
189078,53,apple,a photo of a apple,0.20668388593115808,GE_MAP,all,GE_POS3_SAM,0.2384271299282222,0.8540935905612245,0.3850482990340193,0.3412745681953544,0.44170360377722107,6716,2292,1069,True,0.07734606757832284,55,True,False,0.03174324399706413,2,True
189078,53,apple,a photo of a apple,0.20668388593115808,GE_MAP,all,GE_POS3_SMART,0.34516377919618435,0.8139349489795918,0.5131921993951403,0.35177639573950964,0.9483522836770091,13989,4921,5573,False,0.33640858658948386,55,True,False,0.13847989326502627,0,True
189078,53,apple,a photo of a apple,0.20668388593115808,GE_MAP,all,GE_POS3_CASR,0.34516377919618435,0.8139349489795918,0.5131921993951403,0.35177639573950964,0.9483522836770091,13989,4921,5573,False,0.33640858658948386,55,True,False,0.13847989326502627,0,True
189451,61,cake,a photo of a cake,0.6173396821470534,GE_MAP,all,GE_MAP,0.6173396821470534,0.8766741071428571,0.7634013917565191,0.6877712710988633,0.8577197353724547,14515,9983,458,True,0.02873995983935743,49,True,False,0.0,-1,False
189451,61,cake,a photo of a cake,0.6173396821470534,GE_MAP,all,GE_POS3_SAM,0.964258426012395,0.9916095344387755,0.9818040368241345,0.9878239693859802,0.9758570323910989,11498,11358,0,True,0.0,-1,True,False,0.3469187438653416,1,True
189451,61,cake,a photo of a cake,0.6173396821470534,GE_MAP,all,GE_POS3_SMART,0.964258426012395,0.9916095344387755,0.9818040368241345,0.9878239693859802,0.9758570323910989,11498,11358,0,True,0.0,-1,True,False,0.3469187438653416,1,True
189451,61,cake,a photo of a cake,0.6173396821470534,GE_MAP,all,GE_POS3_CASR,0.964258426012395,0.9916095344387755,0.9818040368241345,0.9878239693859802,0.9758570323910989,11498,11358,0,True,0.0,-1,True,False,0.3469187438653416,1,True
189451,49,knife,a photo of a knife,0.13714047519799916,GE_MAP,all,GE_MAP,0.13714047519799916,0.7937260841836735,0.24120234604105573,0.13986905875350736,0.8754656732304418,11761,1645,263,True,0.011367074383022863,61,True,False,0.0,-1,False
189451,49,knife,a photo of a knife,0.13714047519799916,GE_MAP,all,GE_POS3_SAM,0.6890618598934862,0.9848732461734694,0.8159107446034441,0.749554367201426,0.895156998403406,2244,1682,0,True,0.0,-1,True,False,0.5519213846954871,2,True
189451,49,knife,a photo of a knife,0.13714047519799916,GE_MAP,all,GE_POS3_SMART,0.6890618598934862,0.9848732461734694,0.8159107446034441,0.749554367201426,0.895156998403406,2244,1682,0,True,0.0,-1,True,False,0.5519213846954871,2,True
189451,49,knife,a photo of a knife,0.13714047519799916,GE_MAP,all,GE_POS3_CASR,0.6890618598934862,0.9848732461734694,0.8159107446034441,0.749554367201426,0.895156998403406,2244,1682,0,True,0.0,-1,True,False,0.5519213846954871,2,True
172396,59,pizza,a photo of a pizza,0.7223337795626952,GE_MAP,all,GE_MAP,0.7223337795626952,0.9007892219387755,0.8387848953947794,0.7863735729900413,0.8986814712005552,16468,12950,3518,True,0.3341720779220779,79,True,False,0.0,-1,False
172396,59,pizza,a photo of a pizza,0.7223337795626952,GE_MAP,all,GE_POS3_SAM,0.0910601758880964,0.7384008290816326,0.16692053820766692,0.9769687964338781,0.0912560721721027,1346,1315,31,True,0.02731331168831169,79,True,False,-0.6312736036745987,2,True
172396,59,pizza,a photo of a pizza,0.7223337795626952,GE_MAP,all,GE_POS3_SMART,0.8572040641449382,0.9535036670918368,0.9231124147249777,0.8789932843783342,0.9718945176960444,15933,14005,1928,True,0.32331574675324676,79,True,False,0.13487028458224304,0,True
172396,59,pizza,a photo of a pizza,0.7223337795626952,GE_MAP,all,GE_POS3_CASR,0.8572040641449382,0.9535036670918368,0.9231124147249777,0.8789932843783342,0.9718945176960444,15933,14005,1928,True,0.32331574675324676,79,True,False,0.13487028458224304,0,True
172396,79,oven,a photo of a oven,0.3472281298738126,GE_MAP,all,GE_MAP,0.3472281298738126,0.35770089285714285,0.5154704272784677,0.9947197400487409,0.34786931818181815,17234,17143,0,True,0.32396134052968495,59,True,False,0.0,-1,False
172396,79,oven,a photo of a oven,0.3472281298738126,GE_MAP,all,GE_POS3_SAM,0.029809253246753247,0.04713408801020408,0.05789276635992827,1.0,0.029809253246753247,1469,1469,0,True,0.0995775915795305,59,False,False,-0.3174188766270593,2,True
172396,79,oven,a photo of a oven,0.3472281298738126,GE_MAP,all,GE_POS3_SMART,0.3241477272727273,0.33621651785714285,0.48959450761639134,1.0,0.3241477272727273,15974,15974,0,True,0.8564184028838516,59,False,True,-0.023080402601085293,0,True
172396,79,oven,a photo of a oven,0.3472281298738126,GE_MAP,all,GE_POS3_CASR,0.3241477272727273,0.33621651785714285,0.48959450761639134,1.0,0.3241477272727273,15974,15974,0,True,0.8564184028838516,59,False,True,-0.023080402601085293,0,True
116208,46,wine glass,a photo of a wine glass,0.10687171500875997,GE_MAP,all,GE_MAP,0.10687171500875997,0.7256855867346939,0.19310587407667956,0.10761189153871284,0.939532230462065,15305,1647,11095,False,0.27330762910056255,44,False,False,0.0,-1,False
116208,46,wine glass,a photo of a wine glass,0.10687171500875997,GE_MAP,all,GE_POS3_SAM,0.057985553772070625,0.9064293686224489,0.10961501991276314,0.08210227272727273,0.16486023958927554,3520,289,3205,False,0.5347897925463558,44,False,True,-0.048886161236689346,0,True
116208,46,wine glass,a photo of a wine glass,0.10687171500875997,GE_MAP,all,GE_POS3_SMART,0.057985553772070625,0.9064293686224489,0.10961501991276314,0.08210227272727273,0.16486023958927554,3520,289,3205,False,0.5347897925463558,44,False,True,-0.048886161236689346,0,True
116208,46,wine glass,a photo of a wine glass,0.10687171500875997,GE_MAP,all,GE_POS3_CASR,0.057985553772070625,0.9064293686224489,0.10961501991276314,0.08210227272727273,0.16486023958927554,3520,289,3205,False,0.5347897925463558,44,False,True,-0.048886161236689346,0,True
116208,47,cup,a photo of a cup,0.04497825227362594,GE_MAP,all,GE_MAP,0.04497825227362594,0.6149154974489796,0.08608457099612146,0.047235920062289126,0.4848161960575386,19265,910,14903,False,0.33499948645965283,59,False,False,0.0,-1,False
116208,47,cup,a photo of a cup,0.04497825227362594,GE_MAP,all,GE_POS3_SAM,0.04699912656490455,0.5433474170918368,0.08977873118023279,0.04850618131868132,0.6020245071923281,23296,1130,20920,False,0.7657077194566422,59,False,True,0.0020208742912786112,0,True
116208,47,cup,a photo of a cup,0.04497825227362594,GE_MAP,all,GE_POS3_SMART,0.05374585222227415,0.5964803890306123,0.10200913647048387,0.05563618771165941,0.6126798082045818,20670,1150,18705,False,0.8518909007563603,59,False,True,0.00876759994864821,1,True
116208,47,cup,a photo of a cup,0.04497825227362594,GE_MAP,all,GE_POS3_CASR,0.05374585222227415,0.5964803890306123,0.10200913647048387,0.05563618771165941,0.6126798082045818,20670,1150,18705,False,0.8518909007563603,59,False,True,0.00876759994864821,1,True
467511,4,motorcycle,a photo of a motorcycle,0.6823902302600914,GE_MAP,all,GE_MAP,0.6823902302600914,0.8641980229591837,0.8112151604144733,0.8850199492201668,0.7487725040916531,16542,14640,616,True,0.03077959252399394,1,True,False,0.0,-1,False
467511,4,motorcycle,a photo of a motorcycle,0.6823902302600914,GE_MAP,all,GE_POS3_SAM,0.37243671695218616,0.7554209183673469,0.542737908935092,0.99958825144112,0.37249386252045824,7286,7283,0,True,4.683402023229674e-05,1,True,False,-0.3099535133079052,1,True
467511,4,motorcycle,a photo of a motorcycle,0.6823902302600914,GE_MAP,all,GE_POS3_SMART,0.8304783205408428,0.9335339604591837,0.9073894087917581,0.9926483990521903,0.8356178396072013,16459,16338,25,True,0.0022983976884686104,1,True,False,0.14808809028075143,0,True
467511,4,motorcycle,a photo of a motorcycle,0.6823902302600914,GE_MAP,all,GE_POS3_CASR,0.8304783205408428,0.9335339604591837,0.9073894087917581,0.9926483990521903,0.8356178396072013,16459,16338,25,True,0.0022983976884686104,1,True,False,0.14808809028075143,0,True
467511,1,person,a photo of a person,0.3933612929623568,GE_MAP,all,GE_MAP,0.3933612929623568,0.7636120854591837,0.564622104760856,0.5837128111718276,0.546740598564015,13176,7691,2602,True,0.08929938425694792,4,True,False,0.0,-1,False
467511,1,person,a photo of a person,0.3933612929623568,GE_MAP,all,GE_POS3_SAM,0.5320549108406454,0.8682039221938775,0.6945637614890767,0.9914293248945147,0.5345134001563944,7584,7519,4,True,0.002364066193853428,4,True,False,0.1386936178782886,0,True
467511,1,person,a photo of a person,0.3933612929623568,GE_MAP,all,GE_POS3_SMART,0.5320549108406454,0.8682039221938775,0.6945637614890767,0.9914293248945147,0.5345134001563944,7584,7519,4,True,0.002364066193853428,4,True,False,0.1386936178782886,0,True
467511,1,person,a photo of a person,0.3933612929623568,GE_MAP,all,GE_POS3_CASR,0.5320549108406454,0.8682039221938775,0.6945637614890767,0.9914293248945147,0.5345134001563944,7584,7519,4,True,0.002364066193853428,4,True,False,0.1386936178782886,0,True
98839,72,tv,a photo of a tv,0.4227345688019845,GE_MAP,all,GE_MAP,0.4227345688019845,0.6846301020408163,0.5942564102564103,0.7969738651994498,0.47375306623058056,14540,11588,41,True,0.0016574798596924027,17,True,False,0.0,-1,False
98839,72,tv,a photo of a tv,0.4227345688019845,GE_MAP,all,GE_POS3_SAM,0.9602420402859,0.9804886798469388,0.9797178313203091,0.9931118484606661,0.9666802943581357,23809,23645,33,True,0.008083769633507853,51,True,False,0.5375074714839154,0,True
98839,72,tv,a photo of a tv,0.4227345688019845,GE_MAP,all,GE_POS3_SMART,0.9602420402859,0.9804886798469388,0.9797178313203091,0.9931118484606661,0.9666802943581357,23809,23645,33,True,0.008083769633507853,51,True,False,0.5375074714839154,0,True
98839,72,tv,a photo of a tv,0.4227345688019845,GE_MAP,all,GE_POS3_CASR,0.9602420402859,0.9804886798469388,0.9797178313203091,0.9931118484606661,0.9666802943581357,23809,23645,33,True,0.008083769633507853,51,True,False,0.5375074714839154,0,True
98839,17,cat,a photo of a cat,0.8570889039957701,GE_MAP,all,GE_MAP,0.8570889039957701,0.9622927295918368,0.9230456357276499,0.8635464231354643,0.9913506901974489,13140,11347,1126,True,0.03265496690560545,72,True,False,0.0,-1,False
98839,17,cat,a photo of a cat,0.8570889039957701,GE_MAP,all,GE_POS3_SAM,0.9371897997603971,0.9853714923469388,0.9675766410460288,0.9785561115082202,0.9568408177529268,11192,10952,2,True,0.0003367003367003367,72,True,False,0.08010089576462698,1,True
98839,17,cat,a photo of a cat,0.8570889039957701,GE_MAP,all,GE_POS3_SMART,0.9371897997603971,0.9853714923469388,0.9675766410460288,0.9785561115082202,0.9568408177529268,11192,10952,2,True,0.0003367003367003367,72,True,False,0.08010089576462698,1,True
98839,17,cat,a photo of a cat,0.8570889039957701,GE_MAP,all,GE_POS3_CASR,0.9371897997603971,0.9853714923469388,0.9675766410460288,0.9785561115082202,0.9568408177529268,11192,10952,2,True,0.0003367003367003367,72,True,False,0.08010089576462698,1,True
209142,56,broccoli,a photo of a broccoli,0.3658288200712864,GE_MAP,all,GE_MAP,0.3658288200712864,0.7269610969387755,0.5356876567477801,0.4108656095658955,0.7694479602765066,19235,7903,11323,False,0.38411284038918747,51,False,False,0.0,-1,False
209142,56,broccoli,a photo of a broccoli,0.3658288200712864,GE_MAP,all,GE_POS3_SAM,0.16473604253703,0.8246771364795918,0.28287274802315154,0.8692384769539078,0.16892220815889397,1996,1735,261,True,0.03988490128686756,51,True,False,-0.20109277753425642,2,True
209142,56,broccoli,a photo of a broccoli,0.3658288200712864,GE_MAP,all,GE_POS3_SMART,0.1911259630557876,0.8263313137755102,0.32091645885286785,0.8039828192112456,0.20046733521565574,2561,2059,502,True,0.051174966029893694,51,True,False,-0.1747028570154988,1,True
209142,56,broccoli,a photo of a broccoli,0.3658288200712864,GE_MAP,all,GE_POS3_CASR,0.1911259630557876,0.8263313137755102,0.32091645885286785,0.8039828192112456,0.20046733521565574,2561,2059,502,True,0.051174966029893694,51,True,False,-0.1747028570154988,1,True
209142,48,fork,a photo of a fork,0.042745081588992824,GE_MAP,all,GE_MAP,0.042745081588992824,0.5452008928571429,0.08198567865475903,0.04887290167865707,0.25424151696606784,20850,1019,19788,False,0.4154171741170364,51,False,False,0.0,-1,False
209142,48,fork,a photo of a fork,0.042745081588992824,GE_MAP,all,GE_POS3_SAM,0.0,0.7377630739795918,0.0,0.0,0.0,9150,0,9150,False,0.38800743281875355,56,False,False,-0.042745081588992824,0,True
209142,48,fork,a photo of a fork,0.042745081588992824,GE_MAP,all,GE_POS3_SMART,0.0,0.7377630739795918,0.0,0.0,0.0,9150,0,9150,False,0.38800743281875355,56,False,False,-0.042745081588992824,0,True
209142,48,fork,a photo of a fork,0.042745081588992824,GE_MAP,all,GE_POS3_CASR,0.0,0.7377630739795918,0.0,0.0,0.0,9150,0,9150,False,0.38800743281875355,56,False,False,-0.042745081588992824,0,True
64898,42,surfboard,a photo of a surfboard,0.036099609261095233,GE_MAP,all,GE_MAP,0.036099609261095233,0.6705994897959183,0.06968366542834628,0.036186133520402196,0.9378787878787879,17106,619,538,True,0.03177694919027214,1,True,False,0.0,-1,False
64898,42,surfboard,a photo of a surfboard,0.036099609261095233,GE_MAP,all,GE_POS3_SAM,0.00041216339989008974,0.12998246173469388,0.0008239871824216068,0.00041831280501975366,0.02727272727272727,43030,18,67,False,0.0015091109759668446,1,False,False,-0.03568744586120515,0,True
64898,42,surfboard,a photo of a surfboard,0.036099609261095233,GE_MAP,all,GE_POS3_SMART,0.00049573666468372,0.5981744260204082,0.0009909820632246556,0.0005122425980944575,0.015151515151515152,19522,10,38,False,0.001816617267425184,1,False,False,-0.03560387259641151,1,True
64898,42,surfboard,a photo of a surfboard,0.036099609261095233,GE_MAP,all,GE_POS3_CASR,0.00049573666468372,0.5981744260204082,0.0009909820632246556,0.0005122425980944575,0.015151515151515152,19522,10,38,False,0.001816617267425184,1,False,False,-0.03560387259641151,1,True
64898,1,person,a photo of a person,0.03265140224901775,GE_MAP,all,GE_MAP,0.03265140224901775,0.7154017857142857,0.06323799527683023,0.03490224475018103,0.33612273361227335,13810,482,110,True,0.009417509591907918,42,True,False,0.0,-1,False
64898,1,person,a photo of a person,0.03265140224901775,GE_MAP,all,GE_POS3_SAM,0.0013986345533851697,0.16045519770408162,0.0027933622138579172,0.001445759513832733,0.041143654114365415,40809,59,3,True,7.234843003906815e-05,42,True,False,-0.03125276769563258,0,True
64898,1,person,a photo of a person,0.03265140224901775,GE_MAP,all,GE_POS3_SMART,0.003286095707537482,0.7098413584183674,0.0065506653019447286,0.0036305877013841615,0.03347280334728033,13221,48,0,True,0.0,-1,True,False,-0.029365306541480264,2,True
64898,1,person,a photo of a person,0.03265140224901775,GE_MAP,all,GE_POS3_CASR,0.003286095707537482,0.7098413584183674,0.0065506653019447286,0.0036305877013841615,0.03347280334728033,13221,48,0,True,0.0,-1,True,False,-0.029365306541480264,2,True
201418,1,person,a photo of a person,0.21599457810911554,GE_MAP,all,GE_MAP,0.21599457810911554,0.7694515306122449,0.355255824322818,0.2420628892602157,0.6672948073701842,13166,3187,2180,True,0.08188905715407482,33,True,False,0.0,-1,False
201418,1,person,a photo of a person,0.21599457810911554,GE_MAP,all,GE_POS3_SAM,0.3349160393746381,0.8855428890306123,0.5017784332436888,0.42838098059546736,0.6055276381909548,6751,2892,0,True,0.0,-1,True,False,0.11892146126552255,0,True
201418,1,person,a photo of a person,0.21599457810911554,GE_MAP,all,GE_POS3_SMART,0.4007915567282322,0.9094786352040817,0.5722358259559239,0.5200273878808627,0.6360971524288107,5842,3038,0,True,0.0013630942238882263,31,True,False,0.18479697861911665,1,True
201418,1,person,a photo of a person,0.21599457810911554,GE_MAP,all,GE_POS3_CASR,0.4007915567282322,0.9094786352040817,0.5722358259559239,0.5200273878808627,0.6360971524288107,5842,3038,0,True,0.0013630942238882263,31,True,False,0.18479697861911665,1,True
201418,72,tv,a photo of a tv,0.05672764357192938,GE_MAP,all,GE_MAP,0.05672764357192938,0.7050581951530612,0.10736473852463961,0.05709520143700282,0.8980827447023209,15588,890,5197,False,0.22047332621282814,33,False,False,0.0,-1,False
201418,72,tv,a photo of a tv,0.05672764357192938,GE_MAP,all,GE_POS3_SAM,0.001924001924001924,0.9586455676020408,0.003840614498319731,0.003663003663003663,0.004036326942482341,1092,4,29,False,0.004966603870525775,1,False,False,-0.054803641647927455,1,True
201418,72,tv,a photo of a tv,0.05672764357192938,GE_MAP,all,GE_POS3_SMART,0.008009153318077803,0.9654416454081632,0.015891032917139614,0.018158236057068743,0.014127144298688193,771,14,14,False,0.0025302729080065064,1,True,False,-0.048718490253851575,2,True
201418,72,tv,a photo of a tv,0.05672764357192938,GE_MAP,all,GE_POS3_CASR,0.008009153318077803,0.9654416454081632,0.015891032917139614,0.018158236057068743,0.014127144298688193,771,14,14,False,0.0025302729080065064,1,True,False,-0.048718490253851575,2,True
73946,42,surfboard,a photo of a surfboard,0.5772227206194815,GE_MAP,all,GE_MAP,0.5772227206194815,0.8215481505102041,0.7319482696683032,0.6786388364605307,0.7943469785575049,18014,12225,4860,True,0.13807883015379444,1,True,False,0.0,-1,False
73946,42,surfboard,a photo of a surfboard,0.5772227206194815,GE_MAP,all,GE_POS3_SAM,0.887636130685458,0.9650430484693877,0.9404737663748048,0.9843705598181302,0.9003248862897986,14076,13856,91,True,0.013536659483949389,1,True,False,0.31041341006597645,1,True
73946,42,surfboard,a photo of a surfboard,0.5772227206194815,GE_MAP,all,GE_POS3_SMART,0.887636130685458,0.9650430484693877,0.9404737663748048,0.9843705598181302,0.9003248862897986,14076,13856,91,True,0.013536659483949389,1,True,False,0.31041341006597645,1,True
73946,42,surfboard,a photo of a surfboard,0.5772227206194815,GE_MAP,all,GE_POS3_CASR,0.887636130685458,0.9650430484693877,0.9404737663748048,0.9843705598181302,0.9003248862897986,14076,13856,91,True,0.013536659483949389,1,True,False,0.31041341006597645,1,True
73946,1,person,a photo of a person,0.26660696581059906,GE_MAP,all,GE_MAP,0.26660696581059906,0.5429886798469388,0.4209782087215615,0.49061267729974695,0.3686538121351495,16991,8336,6914,True,0.2739397277519868,42,False,False,0.0,-1,False
73946,1,person,a photo of a person,0.26660696581059906,GE_MAP,all,GE_POS3_SAM,0.27139874739039666,0.6591796875,0.4269293924466338,0.8811730529810485,0.28170882717141343,7229,6370,581,True,0.03505239555209811,42,True,False,0.004791781579797594,1,True
73946,1,person,a photo of a person,0.26660696581059906,GE_MAP,all,GE_POS3_SMART,0.27139874739039666,0.6591796875,0.4269293924466338,0.8811730529810485,0.28170882717141343,7229,6370,581,True,0.03505239555209811,42,True,False,0.004791781579797594,1,True
73946,1,person,a photo of a person,0.26660696581059906,GE_MAP,all,GE_POS3_CASR,0.27139874739039666,0.6591796875,0.4269293924466338,0.8811730529810485,0.28170882717141343,7229,6370,581,True,0.03505239555209811,42,True,False,0.004791781579797594,1,True
579970,72,tv,a photo of a tv,0.036171396772398445,GE_MAP,all,GE_MAP,0.036171396772398445,0.6893335459183674,0.06981740064446831,0.03646904806433514,0.8158995815899581,16041,585,3622,False,0.19875374757509848,62,False,False,0.0,-1,False
579970,72,tv,a photo of a tv,0.036171396772398445,GE_MAP,all,GE_POS3_SAM,0.0,0.9418447066326531,0.0,0.0,0.0,2201,0,1,False,0.00015264845061822624,62,False,False,-0.036171396772398445,1,True
579970,72,tv,a photo of a tv,0.036171396772398445,GE_MAP,all,GE_POS3_SMART,0.0,0.9418447066326531,0.0,0.0,0.0,2201,0,1,False,0.00015264845061822624,62,False,False,-0.036171396772398445,1,True
579970,72,tv,a photo of a tv,0.036171396772398445,GE_MAP,all,GE_POS3_CASR,0.0,0.9418447066326531,0.0,0.0,0.0,2201,0,1,False,0.00015264845061822624,62,False,False,-0.036171396772398445,1,True
579970,63,couch,a photo of a couch,0.10014703479823558,GE_MAP,all,GE_MAP,0.10014703479823558,0.6706792091836735,0.18206118206118205,0.10014703479823558,1.0,18363,1839,2491,False,0.20902751902911587,62,False,False,0.0,-1,False
579970,63,couch,a photo of a couch,0.10014703479823558,GE_MAP,all,GE_POS3_SAM,0.08927381745502998,0.9455117984693877,0.163914373088685,0.1872816212438854,0.14573137574768896,1431,268,111,True,0.06876155268022181,62,True,False,-0.010873217343205607,2,True
579970,63,couch,a photo of a couch,0.10014703479823558,GE_MAP,all,GE_POS3_SMART,0.4019961186581647,0.9570113201530612,0.5734625271900337,0.45059042883778744,0.7884719956498096,3218,1450,84,True,0.2467468291879427,62,True,False,0.30184908385992915,0,True
579970,63,couch,a photo of a couch,0.10014703479823558,GE_MAP,all,GE_POS3_CASR,0.4019961186581647,0.9570113201530612,0.5734625271900337,0.45059042883778744,0.7884719956498096,3218,1450,84,True,0.2467468291879427,62,True,False,0.30184908385992915,0,True
61333,17,cat,a photo of a cat,0.7127063679245284,GE_MAP,all,GE_MAP,0.7127063679245284,0.9223134566326531,0.8322575092520871,0.8653243847874721,0.8016248031169693,11175,9670,1415,True,0.04993442308307476,84,True,False,0.0,-1,False
61333,17,cat,a photo of a cat,0.7127063679245284,GE_MAP,all,GE_POS3_SAM,0.35152409046214356,0.8422751913265306,0.5201891596944344,0.9681787406905891,0.35563292713255407,4431,4290,113,True,0.029489558248786074,84,True,False,-0.3611822774623848,1,True
61333,17,cat,a photo of a cat,0.7127063679245284,GE_MAP,all,GE_POS3_SMART,0.962719831428803,0.9908322704081632,0.9810058634073829,0.9772932949403538,0.9847467462488602,12155,11879,192,True,0.02417888740758696,84,True,False,0.25001346350427467,0,True
61333,17,cat,a photo of a cat,0.7127063679245284,GE_MAP,all,GE_POS3_CASR,0.962719831428803,0.9908322704081632,0.9810058634073829,0.9772932949403538,0.9847467462488602,12155,11879,192,True,0.02417888740758696,84,True,False,0.25001346350427467,0,True
61333,84,book,a photo of a book,0.683593042217793,GE_MAP,all,GE_MAP,0.683593042217793,0.8607900191326531,0.8120644657895445,0.9723582474226804,0.6971404813600037,15520,15091,300,True,0.008589686431862089,65,True,False,0.0,-1,False
61333,84,book,a photo of a book,0.683593042217793,GE_MAP,all,GE_POS3_SAM,0.25824302513258013,0.6794284119897959,0.4104819497892615,0.9932600212841434,0.258696355153139,5638,5600,0,True,5.649717514124294e-05,17,True,False,-0.4253500170852129,1,True
61333,84,book,a photo of a book,0.683593042217793,GE_MAP,all,GE_POS3_SMART,0.4392153251059127,0.7572943239795918,0.6103538747040379,0.9928177370667222,0.44061532775904283,9607,9538,0,True,0.0002769571639586411,17,True,False,-0.24437771711188033,0,True
61333,84,book,a photo of a book,0.683593042217793,GE_MAP,all,GE_POS3_CASR,0.4392153251059127,0.7572943239795918,0.6103538747040379,0.9928177370667222,0.44061532775904283,9607,9538,0,True,0.0002769571639586411,17,True,False,-0.24437771711188033,0,True
409198,1,person,a photo of a person,0.2659441433930804,GE_MAP,all,GE_MAP,0.2659441433930804,0.6841318558673469,0.4201514652617715,0.31301788050588747,0.6387807320057849,18344,5742,526,True,0.0326793843485801,34,True,False,0.0,-1,False
409198,1,person,a photo of a person,0.2659441433930804,GE_MAP,all,GE_POS3_SAM,0.8069202617278474,0.9653021364795918,0.8931442950960535,0.9961664841182913,0.8094337523640004,7304,7276,0,True,0.006024852516631103,34,True,False,0.540976118334767,0,True
409198,1,person,a photo of a person,0.2659441433930804,GE_MAP,all,GE_POS3_SMART,0.32767985810885714,0.8791254783163265,0.49361275778575603,0.9892904953145917,0.3288463677828457,2988,2956,0,True,0.004889975550122249,34,True,False,0.06173571471577671,1,True
409198,1,person,a photo of a person,0.2659441433930804,GE_MAP,all,GE_POS3_CASR,0.32767985810885714,0.8791254783163265,0.49361275778575603,0.9892904953145917,0.3288463677828457,2988,2956,0,True,0.004889975550122249,34,True,False,0.06173571471577671,1,True
409198,34,frisbee,a photo of a frisbee,0.04941961493014527,GE_MAP,all,GE_MAP,0.04941961493014527,0.7274394132653061,0.09418466021989667,0.04941961493014527,1.0,14387,711,4457,False,0.24280929342336116,1,False,False,0.0,-1,False
409198,34,frisbee,a photo of a frisbee,0.04941961493014527,GE_MAP,all,GE_POS3_SAM,0.18218623481781376,0.9396125637755102,0.3082191780821918,0.1839738348323794,0.9493670886075949,3669,675,2964,False,0.3289238845144357,1,False,False,0.1327666198876685,1,True
409198,34,frisbee,a photo of a frisbee,0.04941961493014527,GE_MAP,all,GE_POS3_SMART,0.607970342910102,0.991569674744898,0.7561959654178675,0.640625,0.9226441631504922,1024,656,358,True,0.05278099043213122,1,True,False,0.5585507279799568,2,True
409198,34,frisbee,a photo of a frisbee,0.04941961493014527,GE_MAP,all,GE_POS3_CASR,0.607970342910102,0.991569674744898,0.7561959654178675,0.640625,0.9226441631504922,1024,656,358,True,0.05278099043213122,1,True,False,0.5585507279799568,2,True
211042,17,cat,a photo of a cat,0.5547358400761542,GE_MAP,all,GE_MAP,0.5547358400761542,0.925422512755102,0.7136078371345477,0.5557277387054476,0.9967928159076331,8389,4662,536,True,0.05552496328928047,70,True,False,0.0,-1,False
211042,17,cat,a photo of a cat,0.5547358400761542,GE_MAP,all,GE_POS3_SAM,0.8876683937823834,0.9891980229591837,0.940491875274484,0.9665989618596253,0.9157579645071627,4431,4283,16,True,0.007076101468624833,70,True,False,0.3329325537062292,1,True
211042,17,cat,a photo of a cat,0.5547358400761542,GE_MAP,all,GE_POS3_SMART,0.8876683937823834,0.9891980229591837,0.940491875274484,0.9665989618596253,0.9157579645071627,4431,4283,16,True,0.007076101468624833,70,True,False,0.3329325537062292,1,True
211042,17,cat,a photo of a cat,0.5547358400761542,GE_MAP,all,GE_POS3_CASR,0.8876683937823834,0.9891980229591837,0.940491875274484,0.9665989618596253,0.9157579645071627,4431,4283,16,True,0.007076101468624833,70,True,False,0.3329325537062292,1,True
211042,70,toilet,a photo of a toilet,0.21368329786395523,GE_MAP,all,GE_MAP,0.21368329786395523,0.8011798469387755,0.3521236524223925,0.2206576591242064,0.8711439588688946,12286,2711,97,True,0.0074236845231025065,17,True,False,0.0,-1,False
211042,70,toilet,a photo of a toilet,0.21368329786395523,GE_MAP,all,GE_POS3_SAM,0.1579929732103645,0.8471580038265306,0.2728738029771499,0.19354404841963685,0.46240359897172234,7435,1439,11,True,0.0012399768537653963,17,True,False,-0.05569032465359072,1,True
211042,70,toilet,a photo of a toilet,0.21368329786395523,GE_MAP,all,GE_POS3_SMART,0.23448334902833662,0.8217873086734694,0.3798890429958391,0.24221789883268482,0.8801413881748072,11308,2739,102,True,0.00794501544864115,17,True,False,0.020800051164381383,0,True
211042,70,toilet,a photo of a toilet,0.21368329786395523,GE_MAP,all,GE_POS3_CASR,0.23448334902833662,0.8217873086734694,0.3798890429958391,0.24221789883268482,0.8801413881748072,11308,2739,102,True,0.00794501544864115,17,True,False,0.020800051164381383,0,True
340894,1,person,a photo of a person,0.03332751701273774,GE_MAP,all,GE_MAP,0.03332751701273774,0.7791772959183674,0.06450523471800068,0.0358550779050122,0.32100840336134456,10654,382,8761,False,0.562097971301336,72,False,True,0.0,-1,False
340894,1,person,a photo of a person,0.03332751701273774,GE_MAP,all,GE_POS3_SAM,0.04011461318051576,0.8931760204081632,0.07713498622589532,0.048505846686877435,0.18823529411764706,4618,224,4394,False,0.3162580468428982,72,False,False,0.00678709616777802,2,True
340894,1,person,a photo of a person,0.03332751701273774,GE_MAP,all,GE_POS3_SMART,0.1211665664461816,0.8834901147959183,0.21614373826763209,0.12858966177409062,0.6773109243697479,6268,806,5459,False,0.42896268401232457,72,False,False,0.08783904943344385,1,True
340894,1,person,a photo of a person,0.03332751701273774,GE_MAP,all,GE_POS3_CASR,0.1211665664461816,0.8834901147959183,0.21614373826763209,0.12858966177409062,0.6773109243697479,6268,806,5459,False,0.42896268401232457,72,False,False,0.08783904943344385,1,True
340894,76,keyboard,a photo of a keyboard,0.4534974482137496,GE_MAP,all,GE_MAP,0.4534974482137496,0.8185985331632653,0.6240085922009253,0.478552873344738,0.8964985163204747,15783,7553,4937,True,0.16685536964817377,73,True,False,0.0,-1,False
340894,76,keyboard,a photo of a keyboard,0.4534974482137496,GE_MAP,all,GE_POS3_SAM,0.5124260355029586,0.9178890306122449,0.6776212832550861,0.9942594718714122,0.513946587537092,4355,4330,0,True,0.0,-1,True,False,0.05892858728920902,1,True
340894,76,keyboard,a photo of a keyboard,0.4534974482137496,GE_MAP,all,GE_POS3_SMART,0.6196183383756109,0.9348493303571429,0.7651411739349091,0.9692391700036403,0.6320474777448071,5494,5325,0,True,0.0,-1,True,False,0.16612089016186127,0,True
340894,76,keyboard,a photo of a keyboard,0.4534974482137496,GE_MAP,all,GE_POS3_CASR,0.6196183383756109,0.9348493303571429,0.7651411739349091,0.9692391700036403,0.6320474777448071,5494,5325,0,True,0.0,-1,True,False,0.16612089016186127,0,True
502136,64,potted plant,a photo of a potted plant,0.16049489531060737,GE_MAP,all,GE_MAP,0.16049489531060737,0.8066206951530612,0.27659733094758815,0.1606756171502815,0.9930406852248393,11545,1855,33,True,0.04467145701670851,86,True,False,0.0,-1,False
502136,64,potted plant,a photo of a potted plant,0.16049489531060737,GE_MAP,all,GE_POS3_SAM,0.6965055050263284,0.9873644770408163,0.8211060948081265,0.8681384248210023,0.7789079229122056,1676,1455,14,True,0.15867158671586715,86,True,False,0.536010609715721,1,True
502136,64,potted plant,a photo of a potted plant,0.16049489531060737,GE_MAP,all,GE_POS3_SMART,0.6965055050263284,0.9873644770408163,0.8211060948081265,0.8681384248210023,0.7789079229122056,1676,1455,14,True,0.15867158671586715,86,True,False,0.536010609715721,1,True
502136,64,potted plant,a photo of a potted plant,0.16049489531060737,GE_MAP,all,GE_POS3_CASR,0.6965055050263284,0.9873644770408163,0.8211060948081265,0.8681384248210023,0.7789079229122056,1676,1455,14,True,0.15867158671586715,86,True,False,0.536010609715721,1,True
502136,86,vase,a photo of a vase,0.04559567107247405,GE_MAP,all,GE_MAP,0.04559567107247405,0.7855747767857143,0.08721472809026894,0.045628051486906344,0.9846743295019157,11265,514,1371,False,0.16416984309901606,64,False,False,0.0,-1,False
502136,86,vase,a photo of a vase,0.04559567107247405,GE_MAP,all,GE_POS3_SAM,0.22075782537067545,0.9717195471938775,0.3616734143049933,0.23633156966490299,0.7701149425287356,1701,402,1120,False,0.7333657115104419,64,False,True,0.1751621542982014,1,True
502136,86,vase,a photo of a vase,0.04559567107247405,GE_MAP,all,GE_POS3_SMART,0.22075782537067545,0.9717195471938775,0.3616734143049933,0.23633156966490299,0.7701149425287356,1701,402,1120,False,0.7333657115104419,64,False,True,0.1751621542982014,1,True
502136,86,vase,a photo of a vase,0.04559567107247405,GE_MAP,all,GE_POS3_CASR,0.22075782537067545,0.9717195471938775,0.3616734143049933,0.23633156966490299,0.7701149425287356,1701,402,1120,False,0.7333657115104419,64,False,True,0.1751621542982014,1,True
91495,1,person,a photo of a person,0.13821339950372208,GE_MAP,all,GE_MAP,0.13821339950372208,0.5154854910714286,0.24286025724874646,0.25768290265018834,0.22965013546943103,15131,3899,35,True,0.03378948051105778,40,True,False,0.0,-1,False
91495,1,person,a photo of a person,0.13821339950372208,GE_MAP,all,GE_POS3_SAM,0.003802837501828287,0.185546875,0.007576861430861139,0.006446280991735537,0.009188361408882083,24200,156,8,True,0.0003199872005119795,40,True,False,-0.1344105620018938,0,True
91495,1,person,a photo of a person,0.13821339950372208,GE_MAP,all,GE_POS3_SMART,0.003802837501828287,0.185546875,0.007576861430861139,0.006446280991735537,0.009188361408882083,24200,156,8,True,0.0003199872005119795,40,True,False,-0.1344105620018938,0,True
91495,1,person,a photo of a person,0.13821339950372208,GE_MAP,all,GE_POS3_CASR,0.13821339950372208,0.5154854910714286,0.24286025724874646,0.25768290265018834,0.22965013546943103,15131,3899,35,True,0.03378948051105778,40,True,False,0.0,0,False
91495,40,baseball glove,a photo of a baseball glove,0.04403973509933775,GE_MAP,all,GE_MAP,0.04403973509933775,0.6547751913265306,0.08436409768474469,0.044066486277541554,0.9864029666254636,18109,798,9977,False,0.44112210950014374,1,False,False,0.0,-1,False
91495,40,baseball glove,a photo of a baseball glove,0.04403973509933775,GE_MAP,all,GE_POS3_SAM,0.19064841126323948,0.9375597895408163,0.32024300282056845,0.19421052631578947,0.9122373300370828,3800,738,3012,False,0.22015385518820835,1,False,False,0.14660867616390172,1,True
91495,40,baseball glove,a photo of a baseball glove,0.04403973509933775,GE_MAP,all,GE_POS3_SMART,0.09372236958443855,0.8570033482142857,0.1713823767178658,0.09452229299363057,0.9171817058096415,7850,742,6977,False,0.4510812390414962,1,False,False,0.0496826344851008,0,True
91495,40,baseball glove,a photo of a baseball glove,0.04403973509933775,GE_MAP,all,GE_POS3_CASR,0.09372236958443855,0.8570033482142857,0.1713823767178658,0.09452229299363057,0.9171817058096415,7850,742,6977,False,0.4510812390414962,1,False,False,0.0496826344851008,0,True
12576,47,cup,a photo of a cup,0.28635153608173247,GE_MAP,all,GE_MAP,0.28635153608173247,0.8023158482142857,0.4452150567705129,0.3228685000405614,0.7168587896253602,12327,3980,7665,False,0.2626579359955732,67,True,False,0.0,-1,False
12576,47,cup,a photo of a cup,0.28635153608173247,GE_MAP,all,GE_POS3_SAM,0.4161184210526316,0.9292490433673469,0.5876887340301974,0.8273381294964028,0.45569164265129686,3058,2530,527,True,0.09622480840193018,48,True,False,0.1297668849708991,1,True
12576,47,cup,a photo of a cup,0.28635153608173247,GE_MAP,all,GE_POS3_SMART,0.4161184210526316,0.9292490433673469,0.5876887340301974,0.8273381294964028,0.45569164265129686,3058,2530,527,True,0.09622480840193018,48,True,False,0.1297668849708991,1,True
12576,47,cup,a photo of a cup,0.28635153608173247,GE_MAP,all,GE_POS3_CASR,0.4161184210526316,0.9292490433673469,0.5876887340301974,0.8273381294964028,0.45569164265129686,3058,2530,527,True,0.09622480840193018,48,True,False,0.1297668849708991,1,True
12576,67,dining table,a photo of a dining table,0.49305907854079234,GE_MAP,all,GE_MAP,0.49305907854079234,0.5618622448979592,0.6604682770124174,0.9583613464210479,0.5038527699884535,22311,21382,128,True,0.19950315306707433,59,True,False,0.0,-1,False
12576,67,dining table,a photo of a dining table,0.49305907854079234,GE_MAP,all,GE_POS3_SAM,0.13491951426150806,0.267398756377551,0.23776049766718507,0.9904975812024879,0.13509437519146028,5788,5733,15,True,0.08114961961115807,49,True,False,-0.3581395642792843,0,True
12576,67,dining table,a photo of a dining table,0.49305907854079234,GE_MAP,all,GE_POS3_SMART,0.13491951426150806,0.267398756377551,0.23776049766718507,0.9904975812024879,0.13509437519146028,5788,5733,15,True,0.08114961961115807,49,True,False,-0.3581395642792843,0,True
12576,67,dining table,a photo of a dining table,0.49305907854079234,GE_MAP,all,GE_POS3_CASR,0.49305907854079234,0.5618622448979592,0.6604682770124174,0.9583613464210479,0.5038527699884535,22311,21382,128,True,0.19950315306707433,59,True,False,0.0,0,False
331280,19,horse,a photo of a horse,0.5899969870442905,GE_MAP,all,GE_MAP,0.5899969870442905,0.8643973214285714,0.7421359812021526,0.6407722513089005,0.881595533945615,15280,9791,445,True,0.03163452503467717,1,True,False,0.0,-1,False
331280,19,horse,a photo of a horse,0.5899969870442905,GE_MAP,all,GE_POS3_SAM,0.8532273904115704,0.9672353316326531,0.9208016186530494,0.9901574803149606,0.8605258418872681,9652,9557,10,True,0.0030503597122302157,1,True,False,0.2632304033672799,0,True
331280,19,horse,a photo of a horse,0.5899969870442905,GE_MAP,all,GE_POS3_SMART,0.8532273904115704,0.9672353316326531,0.9208016186530494,0.9901574803149606,0.8605258418872681,9652,9557,10,True,0.0030503597122302157,1,True,False,0.2632304033672799,0,True
331280,19,horse,a photo of a horse,0.5899969870442905,GE_MAP,all,GE_POS3_CASR,0.8532273904115704,0.9672353316326531,0.9208016186530494,0.9901574803149606,0.8605258418872681,9652,9557,10,True,0.0030503597122302157,1,True,False,0.2632304033672799,0,True
331280,1,person,a photo of a person,0.025328330206378986,GE_MAP,all,GE_MAP,0.025328330206378986,0.5237364477040817,0.04940530649588289,0.03576570869089443,0.0798611111111111,17363,621,7004,False,0.33556952523925687,19,False,False,0.0,-1,False
331280,1,person,a photo of a person,0.025328330206378986,GE_MAP,all,GE_POS3_SAM,0.004332806370396393,0.6610929528061225,0.008628228298256865,0.007891649781379972,0.009516460905349794,9377,74,9045,False,0.799279690794097,19,False,True,-0.020995523835982594,1,True
331280,1,person,a photo of a person,0.025328330206378986,GE_MAP,all,GE_POS3_SMART,0.08003562086046641,0.6705795599489796,0.14820922442669415,0.12365637630062774,0.18492798353909465,11629,1438,9156,False,0.7136504107936986,19,False,True,0.05470729065408742,0,True
331280,1,person,a photo of a person,0.025328330206378986,GE_MAP,all,GE_POS3_CASR,0.08003562086046641,0.6705795599489796,0.14820922442669415,0.12365637630062774,0.18492798353909465,11629,1438,9156,False,0.7136504107936986,19,False,True,0.05470729065408742,0,True
140556,11,fire hydrant,a photo of a fire hydrant,0.210687209586696,GE_MAP,all,GE_MAP,0.210687209586696,0.7427056760204082,0.34804565195434806,0.21279486229467703,0.95509977827051,16194,3446,9103,False,0.2648535686297275,1,False,False,0.0,-1,False
140556,11,fire hydrant,a photo of a fire hydrant,0.210687209586696,GE_MAP,all,GE_POS3_SAM,0.8540916109109624,0.9886997767857143,0.9213046495489243,0.9227133722546567,0.91990022172949,3597,3319,2,True,0.000969274013763691,1,True,False,0.6434044013242664,1,True
140556,11,fire hydrant,a photo of a fire hydrant,0.210687209586696,GE_MAP,all,GE_POS3_SMART,0.5244483671668138,0.9463089923469388,0.6880500231588699,0.5908910103420844,0.8234478935698448,5028,2971,31,True,0.0016378750888469977,1,True,False,0.31376115758011774,0,True
140556,11,fire hydrant,a photo of a fire hydrant,0.210687209586696,GE_MAP,all,GE_POS3_CASR,0.5244483671668138,0.9463089923469388,0.6880500231588699,0.5908910103420844,0.8234478935698448,5028,2971,31,True,0.0016378750888469977,1,True,False,0.31376115758011774,0,True
140556,1,person,a photo of a person,0.28795574097587523,GE_MAP,all,GE_MAP,0.28795574097587523,0.5305923150510204,0.44715160904161677,0.6258624088310665,0.34783085013146364,15219,9525,663,True,0.03770049054731853,11,True,False,0.0,-1,False
140556,1,person,a photo of a person,0.28795574097587523,GE_MAP,all,GE_POS3_SAM,0.003872586451401767,0.2720424107142857,0.007715294756859549,0.015064714619138553,0.00518550978673678,9426,142,0,True,0.0,-1,True,False,-0.28408315452447347,2,True
140556,1,person,a photo of a person,0.28795574097587523,GE_MAP,all,GE_POS3_SMART,0.003872586451401767,0.2720424107142857,0.007715294756859549,0.015064714619138553,0.00518550978673678,9426,142,0,True,0.0,-1,True,False,-0.28408315452447347,2,True
140556,1,person,a photo of a person,0.28795574097587523,GE_MAP,all,GE_POS3_CASR,0.28795574097587523,0.5305923150510204,0.44715160904161677,0.6258624088310665,0.34783085013146364,15219,9525,663,True,0.03770049054731853,11,True,False,0.0,2,False
397351,57,carrot,a photo of a carrot,0.33185895073104804,GE_MAP,all,GE_MAP,0.33185895073104804,0.7832429846938775,0.49833948339483397,0.36903948626861593,0.7671116160181767,14638,5402,2178,True,0.09513029479826944,1,True,False,0.0,-1,False
397351,57,carrot,a photo of a carrot,0.33185895073104804,GE_MAP,all,GE_POS3_SAM,0.4085031108942296,0.8067402742346939,0.5800528344376596,0.41728456601657427,0.9510082362965067,16049,6697,5,True,0.00016964679537203543,3,True,False,0.07664416016318154,0,True
397351,57,carrot,a photo of a carrot,0.33185895073104804,GE_MAP,all,GE_POS3_SMART,0.4085031108942296,0.8067402742346939,0.5800528344376596,0.41728456601657427,0.9510082362965067,16049,6697,5,True,0.00016964679537203543,3,True,False,0.07664416016318154,0,True
397351,57,carrot,a photo of a carrot,0.33185895073104804,GE_MAP,all,GE_POS3_CASR,0.4085031108942296,0.8067402742346939,0.5800528344376596,0.41728456601657427,0.9510082362965067,16049,6697,5,True,0.00016964679537203543,3,True,False,0.07664416016318154,0,True
397351,1,person,a photo of a person,0.3470349099825773,GE_MAP,all,GE_MAP,0.3470349099825773,0.7983298788265306,0.5152574850299401,0.39129802095459837,0.7541719253961576,13744,5378,4761,True,0.15580603998298595,3,True,False,0.0,-1,False
397351,1,person,a photo of a person,0.3470349099825773,GE_MAP,all,GE_POS3_SAM,0.8816646722510304,0.9822624362244898,0.9371113623516111,0.9444523572140721,0.9298836067872669,7021,6631,305,True,0.015846207341910487,3,True,False,0.534629762268453,0,True
397351,1,person,a photo of a person,0.3470349099825773,GE_MAP,all,GE_POS3_SMART,0.8816646722510304,0.9822624362244898,0.9371113623516111,0.9444523572140721,0.9298836067872669,7021,6631,305,True,0.015846207341910487,3,True,False,0.534629762268453,0,True
397351,1,person,a photo of a person,0.3470349099825773,GE_MAP,all,GE_POS3_CASR,0.8816646722510304,0.9822624362244898,0.9371113623516111,0.9444523572140721,0.9298836067872669,7021,6631,305,True,0.015846207341910487,3,True,False,0.534629762268453,0,True
80932,62,chair,a photo of a chair,0.060343532475336775,GE_MAP,all,GE_MAP,0.060343532475336775,0.6260363520408163,0.11381883441957118,0.06034957680172284,0.9983429991714996,19967,1205,12110,False,0.319740980573543,1,False,False,0.0,-1,False
80932,62,chair,a photo of a chair,0.060343532475336775,GE_MAP,all,GE_POS3_SAM,0.4041884816753927,0.9659797512755102,0.575689783743475,0.4112215909090909,0.9594034797017399,2816,1158,1187,False,0.07601557505666298,1,True,False,0.3438449492000559,2,True
80932,62,chair,a photo of a chair,0.060343532475336775,GE_MAP,all,GE_POS3_SMART,0.3638871857755978,0.9586455676020408,0.5336030568667116,0.3661320172732881,0.9834299917149959,3242,1187,1232,False,0.07545991369520781,1,True,False,0.303543653300261,1,True
80932,62,chair,a photo of a chair,0.060343532475336775,GE_MAP,all,GE_POS3_CASR,0.3638871857755978,0.9586455676020408,0.5336030568667116,0.3661320172732881,0.9834299917149959,3242,1187,1232,False,0.07545991369520781,1,True,False,0.303543653300261,1,True
80932,48,fork,a photo of a fork,0.022872967844504846,GE_MAP,all,GE_MAP,0.022872967844504846,0.6202766262755102,0.044722988217598396,0.023104019892250312,0.6957878315132605,19304,446,15009,False,0.31259609254884313,1,False,False,0.0,-1,False
80932,48,fork,a photo of a fork,0.022872967844504846,GE_MAP,all,GE_POS3_SAM,0.022704339051463168,0.8841876594387755,0.04440059200789344,0.024816176470588234,0.21060842433697347,5440,135,5208,False,0.30044058571983934,67,False,False,-0.000168628793041678,2,True
80932,48,fork,a photo of a fork,0.022872967844504846,GE_MAP,all,GE_POS3_SMART,0.022704339051463168,0.8841876594387755,0.04440059200789344,0.024816176470588234,0.21060842433697347,5440,135,5208,False,0.30044058571983934,67,False,False,-0.000168628793041678,2,True
80932,48,fork,a photo of a fork,0.022872967844504846,GE_MAP,all,GE_POS3_CASR,0.022704339051463168,0.8841876594387755,0.04440059200789344,0.024816176470588234,0.21060842433697347,5440,135,5208,False,0.30044058571983934,67,False,False,-0.000168628793041678,2,True
50828,33,suitcase,a photo of a suitcase,0.041895524132289357,GE_MAP,all,GE_MAP,0.041895524132289357,0.673210299744898,0.08042173742358813,0.041932276741329905,0.9795081967213115,17099,717,10710,False,0.39231327048585934,65,False,False,0.0,-1,False
50828,33,suitcase,a photo of a suitcase,0.041895524132289357,GE_MAP,all,GE_POS3_SAM,0.1333074232413525,0.9111128826530612,0.23525377229080932,0.13450980392156864,0.9371584699453552,5100,686,235,True,0.04975377823059942,62,True,False,0.09141189910906314,1,True
50828,33,suitcase,a photo of a suitcase,0.041895524132289357,GE_MAP,all,GE_POS3_SMART,0.1333074232413525,0.9111128826530612,0.23525377229080932,0.13450980392156864,0.9371584699453552,5100,686,235,True,0.04975377823059942,62,True,False,0.09141189910906314,1,True
50828,33,suitcase,a photo of a suitcase,0.041895524132289357,GE_MAP,all,GE_POS3_CASR,0.1333074232413525,0.9111128826530612,0.23525377229080932,0.13450980392156864,0.9371584699453552,5100,686,235,True,0.04975377823059942,62,True,False,0.09141189910906314,1,True
50828,65,bed,a photo of a bed,0.7755596429052084,GE_MAP,all,GE_MAP,0.7755596429052084,0.9002909757653061,0.8735945829859268,0.8559263293395386,0.8920076363448739,20198,17288,0,True,0.0,-1,True,False,0.0,-1,False
50828,65,bed,a photo of a bed,0.7755596429052084,GE_MAP,all,GE_POS3_SAM,0.8380046284391874,0.9372209821428571,0.9118634583100168,0.9960877804266765,0.8407718899953562,16359,16295,0,True,0.0,-1,True,False,0.062444985533979036,0,True
50828,65,bed,a photo of a bed,0.7755596429052084,GE_MAP,all,GE_POS3_SMART,0.8380046284391874,0.9372209821428571,0.9118634583100168,0.9960877804266765,0.8407718899953562,16359,16295,0,True,0.0,-1,True,False,0.062444985533979036,0,True
50828,65,bed,a photo of a bed,0.7755596429052084,GE_MAP,all,GE_POS3_CASR,0.8380046284391874,0.9372209821428571,0.9118634583100168,0.9960877804266765,0.8407718899953562,16359,16295,0,True,0.0,-1,True,False,0.062444985533979036,0,True
435205,88,teddy bear,a photo of a teddy bear,0.7646737944577787,GE_MAP,all,GE_MAP,0.7646737944577787,0.9570113201530612,0.866646058732612,0.7669329248276616,0.9961625923820352,9139,7009,1012,True,0.0370687604092315,1,True,False,0.0,-1,False
435205,88,teddy bear,a photo of a teddy bear,0.7646737944577787,GE_MAP,all,GE_POS3_SAM,0.9281791297000422,0.9898357780612245,0.962751971954426,0.990234375,0.936753837407618,6656,6591,0,True,0.0077718936942237915,1,True,False,0.16350533524226352,1,True
435205,88,teddy bear,a photo of a teddy bear,0.7646737944577787,GE_MAP,all,GE_POS3_SMART,0.9281791297000422,0.9898357780612245,0.962751971954426,0.990234375,0.936753837407618,6656,6591,0,True,0.0077718936942237915,1,True,False,0.16350533524226352,1,True
435205,88,teddy bear,a photo of a teddy bear,0.7646737944577787,GE_MAP,all,GE_POS3_CASR,0.9281791297000422,0.9898357780612245,0.962751971954426,0.990234375,0.936753837407618,6656,6591,0,True,0.0077718936942237915,1,True,False,0.16350533524226352,1,True
435205,1,person,a photo of a person,0.3441087685103753,GE_MAP,all,GE_MAP,0.3441087685103753,0.45005580357142855,0.5120251821461413,0.6550975157246934,0.4202444192864815,22099,14477,4213,True,0.19059294675329982,88,True,False,0.0,-1,False
435205,1,person,a photo of a person,0.3441087685103753,GE_MAP,all,GE_POS3_SAM,0.7332568023057008,0.7823461415816326,0.8461028986936855,0.8221777948184258,0.8714621614560655,36514,30021,6227,True,0.17632758900113446,88,True,False,0.3891480337953255,0,True
435205,1,person,a photo of a person,0.3441087685103753,GE_MAP,all,GE_POS3_SMART,0.7332568023057008,0.7823461415816326,0.8461028986936855,0.8221777948184258,0.8714621614560655,36514,30021,6227,True,0.17632758900113446,88,True,False,0.3891480337953255,0,True
435205,1,person,a photo of a person,0.3441087685103753,GE_MAP,all,GE_POS3_CASR,0.3441087685103753,0.45005580357142855,0.5120251821461413,0.6550975157246934,0.4202444192864815,22099,14477,4213,True,0.19059294675329982,88,True,False,0.0,0,False
491464,39,baseball bat,a photo of a baseball bat,0.0806929920399563,GE_MAP,all,GE_MAP,0.0806929920399563,0.7652264030612245,0.14933564413633738,0.0806929920399563,1.0,12814,1034,6860,False,0.47412646173237166,1,False,False,0.0,-1,False
491464,39,baseball bat,a photo of a baseball bat,0.0806929920399563,GE_MAP,all,GE_POS3_SAM,0.49081803005008345,0.9817641900510204,0.658454647256439,0.5361702127659574,0.8529980657640233,1645,882,721,True,0.0786946081641563,1,True,False,0.4101250380101272,1,True
491464,39,baseball bat,a photo of a baseball bat,0.0806929920399563,GE_MAP,all,GE_POS3_SMART,0.10103932283295831,0.8327885841836735,0.18353444920202414,0.10203419173339104,0.9119922630560928,9242,943,7955,False,0.837099316868103,1,False,True,0.02034633079300202,0,True
491464,39,baseball bat,a photo of a baseball bat,0.0806929920399563,GE_MAP,all,GE_POS3_CASR,0.10103932283295831,0.8327885841836735,0.18353444920202414,0.10203419173339104,0.9119922630560928,9242,943,7955,False,0.837099316868103,1,False,True,0.02034633079300202,0,True
491464,1,person,a photo of a person,0.23144265045082826,GE_MAP,all,GE_MAP,0.23144265045082826,0.7078085140306123,0.3758886382018645,0.28945125549072315,0.5359310512260257,15253,4415,267,True,0.01615922136261542,39,True,False,0.0,-1,False
491464,1,person,a photo of a person,0.23144265045082826,GE_MAP,all,GE_POS3_SAM,0.29958827803342214,0.8847257653061225,0.46105106224375697,0.991980753809142,0.3003156105850935,2494,2474,0,True,0.0002835270768358378,39,True,False,0.06814562758259388,1,True
491464,1,person,a photo of a person,0.23144265045082826,GE_MAP,all,GE_POS3_SMART,0.29958827803342214,0.8847257653061225,0.46105106224375697,0.991980753809142,0.3003156105850935,2494,2474,0,True,0.0002835270768358378,39,True,False,0.06814562758259388,1,True
491464,1,person,a photo of a person,0.23144265045082826,GE_MAP,all,GE_POS3_CASR,0.29958827803342214,0.8847257653061225,0.46105106224375697,0.991980753809142,0.3003156105850935,2494,2474,0,True,0.0002835270768358378,39,True,False,0.06814562758259388,1,True
412894,1,person,a photo of a person,0.16293451373519072,GE_MAP,all,GE_MAP,0.16293451373519072,0.7437220982142857,0.28021270640917995,0.19847751962572358,0.476398934145413,12611,2503,1064,True,0.07306981898780938,10,True,False,0.0,-1,False
412894,1,person,a photo of a person,0.16293451373519072,GE_MAP,all,GE_POS3_SAM,0.0014964459408903852,0.36168686224489793,0.0029884198729921555,0.001786378861183476,0.009135896459840122,26870,48,1304,False,0.04768317984930659,10,False,False,-0.16143806779430034,0,True
412894,1,person,a photo of a person,0.16293451373519072,GE_MAP,all,GE_POS3_SMART,0.04630428530342249,0.8017378826530612,0.08851017042330951,0.0853356890459364,0.09192995812714122,5660,483,1600,False,0.2714909335124244,10,False,False,-0.11663022843176823,2,True
412894,1,person,a photo of a person,0.16293451373519072,GE_MAP,all,GE_POS3_CASR,0.04630428530342249,0.8017378826530612,0.08851017042330951,0.0853356890459364,0.09192995812714122,5660,483,1600,False,0.2714909335124244,10,False,False,-0.11663022843176823,2,True
412894,10,traffic light,a photo of a traffic light,0.13114872685185186,GE_MAP,all,GE_MAP,0.13114872685185186,0.7606226084183674,0.23188591161987593,0.13210434275721364,0.9477260846837429,13724,1813,1280,True,0.07274885535017805,1,True,False,0.0,-1,False
412894,10,traffic light,a photo of a traffic light,0.13114872685185186,GE_MAP,all,GE_POS3_SAM,0.627411575562701,0.9815250318877551,0.7710545813781181,0.7308052434456929,0.8159958180867747,2136,1561,79,True,0.01163586584531143,1,True,False,0.49626284871084914,0,True
412894,10,traffic light,a photo of a traffic light,0.13114872685185186,GE_MAP,all,GE_POS3_SMART,0.713428703276419,0.9876235650510204,0.8327497980070024,0.8588888888888889,0.8081547307893361,1800,1546,22,True,0.004128113879003558,1,True,False,0.5822799764245672,1,True
412894,10,traffic light,a photo of a traffic light,0.13114872685185186,GE_MAP,all,GE_POS3_CASR,0.713428703276419,0.9876235650510204,0.8327497980070024,0.8588888888888889,0.8081547307893361,1800,1546,22,True,0.004128113879003558,1,True,False,0.5822799764245672,1,True
481573,41,skateboard,a photo of a skateboard,0.30147652741430003,GE_MAP,all,GE_MAP,0.30147652741430003,0.5691167091836735,0.4632838488654982,0.5146718146718147,0.42122607439508847,18130,9331,5451,True,0.2957807041117979,1,True,False,0.0,-1,False
481573,41,skateboard,a photo of a skateboard,0.30147652741430003,GE_MAP,all,GE_POS3_SAM,0.0,0.3649154974489796,0.0,0.0,0.0,9714,0,211,False,0.013629610490278405,1,False,False,-0.30147652741430003,1,True
481573,41,skateboard,a photo of a skateboard,0.30147652741430003,GE_MAP,all,GE_POS3_SMART,0.0,0.38962850765306123,0.0,0.0,0.0,8474,0,256,False,0.01803324880247957,1,False,False,-0.30147652741430003,2,True
481573,41,skateboard,a photo of a skateboard,0.30147652741430003,GE_MAP,all,GE_POS3_CASR,0.30147652741430003,0.5691167091836735,0.4632838488654982,0.5146718146718147,0.42122607439508847,18130,9331,5451,True,0.2957807041117979,1,True,False,0.0,2,False
481573,1,person,a photo of a person,0.23858038513210927,GE_MAP,all,GE_MAP,0.23858038513210927,0.7289142219387755,0.38524812437855915,0.26393361406985383,0.7129474740715959,16148,4262,8724,False,0.2970739636954755,41,False,False,0.0,-1,False
481573,1,person,a photo of a person,0.23858038513210927,GE_MAP,all,GE_POS3_SAM,0.028809003863598186,0.5391023596938775,0.056004571801779736,0.03704103671706264,0.11475409836065574,18520,686,17730,False,0.7739009071877181,41,False,True,-0.20977138126851108,1,True
481573,1,person,a photo of a person,0.23858038513210927,GE_MAP,all,GE_POS3_SMART,0.17143834835177368,0.5656887755102041,0.29269717624148006,0.18158021907216496,0.7542656406825025,24832,4509,20138,False,0.7533305967085868,41,False,True,-0.06714203678033559,0,True
481573,1,person,a photo of a person,0.23858038513210927,GE_MAP,all,GE_POS3_CASR,0.17143834835177368,0.5656887755102041,0.29269717624148006,0.18158021907216496,0.7542656406825025,24832,4509,20138,False,0.7533305967085868,41,False,True,-0.06714203678033559,0,True
58029,70,toilet,a photo of a toilet,0.061711848918671944,GE_MAP,all,GE_MAP,0.061711848918671944,0.6930404974489796,0.11624971310534772,0.062173939728717854,0.892511013215859,16293,1013,1657,False,0.10163773538612525,81,False,False,0.0,-1,False
58029,70,toilet,a photo of a toilet,0.061711848918671944,GE_MAP,all,GE_POS3_SAM,0.16017684067335486,0.9015664859693877,0.2761248717572915,0.16561181434599156,0.8299559471365638,5688,942,1658,False,0.29103036685975076,81,False,False,0.09846499175468292,0,True
58029,70,toilet,a photo of a toilet,0.061711848918671944,GE_MAP,all,GE_POS3_SMART,0.16017684067335486,0.9015664859693877,0.2761248717572915,0.16561181434599156,0.8299559471365638,5688,942,1658,False,0.29103036685975076,81,False,False,0.09846499175468292,0,True
58029,70,toilet,a photo of a toilet,0.061711848918671944,GE_MAP,all,GE_POS3_CASR,0.16017684067335486,0.9015664859693877,0.2761248717572915,0.16561181434599156,0.8299559471365638,5688,942,1658,False,0.29103036685975076,81,False,False,0.09846499175468292,0,True
58029,81,sink,a photo of a sink,0.1221822453924664,GE_MAP,all,GE_MAP,0.1221822453924664,0.7617386798469388,0.21775829352875745,0.12220916568742655,0.9982003599280144,13616,1664,1024,True,0.07459750855977271,70,True,False,0.0,-1,False
58029,81,sink,a photo of a sink,0.1221822453924664,GE_MAP,all,GE_POS3_SAM,0.29120394852811565,0.9198620854591837,0.4510580204778157,0.29197596323789327,0.991001799640072,5658,1652,390,True,0.06090894893018897,70,True,False,0.16902170313564924,1,True
58029,81,sink,a photo of a sink,0.1221822453924664,GE_MAP,all,GE_POS3_SMART,0.29120394852811565,0.9198620854591837,0.4510580204778157,0.29197596323789327,0.991001799640072,5658,1652,390,True,0.06090894893018897,70,True,False,0.16902170313564924,1,True
58029,81,sink,a photo of a sink,0.1221822453924664,GE_MAP,all,GE_POS3_CASR,0.29120394852811565,0.9198620854591837,0.4510580204778157,0.29197596323789327,0.991001799640072,5658,1652,390,True,0.06090894893018897,70,True,False,0.16902170313564924,1,True
329614,3,car,a photo of a car,0.18925008046346958,GE_MAP,all,GE_MAP,0.18925008046346958,0.8493901466836735,0.3182679296346414,0.19097109451120495,0.9545454545454546,9237,1764,2311,False,0.2527877016347299,6,False,False,0.0,-1,False
329614,3,car,a photo of a car,0.18925008046346958,GE_MAP,all,GE_POS3_SAM,0.00025138260432378077,0.9207389987244898,0.0005026388539834129,0.0004692632566870014,0.0005411255411255411,2131,1,2095,False,0.8835934204976803,6,False,True,-0.1889986978591458,2,True
329614,3,car,a photo of a car,0.18925008046346958,GE_MAP,all,GE_POS3_SMART,0.036477599671187834,0.813117825255102,0.07038762763953604,0.0430877533681272,0.1920995670995671,8239,355,2258,False,0.2719836400817996,6,False,False,-0.15277248079228176,0,True
329614,3,car,a photo of a car,0.18925008046346958,GE_MAP,all,GE_POS3_CASR,0.036477599671187834,0.813117825255102,0.07038762763953604,0.0430877533681272,0.1920995670995671,8239,355,2258,False,0.2719836400817996,6,False,False,-0.15277248079228176,0,True
329614,6,bus,a photo of a bus,0.34087591240875914,GE_MAP,all,GE_MAP,0.34087591240875914,0.9100167410714286,0.5084376701143168,0.34087591240875914,1.0,6850,2335,894,True,0.1179948586118252,3,True,False,0.0,-1,False
329614,6,bus,a photo of a bus,0.34087591240875914,GE_MAP,all,GE_POS3_SAM,0.8873002523128679,0.9946588010204082,0.9402852049910874,0.9800278680910358,0.9036402569593148,2153,2110,5,True,0.0012512512512512512,3,True,False,0.5464243399041088,1,True
329614,6,bus,a photo of a bus,0.34087591240875914,GE_MAP,all,GE_POS3_SMART,0.893425888117599,0.9947983099489796,0.9437136079361657,0.950477845351868,0.9370449678800856,2302,2188,13,True,0.0038703434929850023,3,True,False,0.5525499757088399,0,True
329614,6,bus,a photo of a bus,0.34087591240875914,GE_MAP,all,GE_POS3_CASR,0.893425888117599,0.9947983099489796,0.9437136079361657,0.950477845351868,0.9370449678800856,2302,2188,13,True,0.0038703434929850023,3,True,False,0.5525499757088399,0,True
355257,1,person,a photo of a person,0.12828290301102316,GE_MAP,all,GE_MAP,0.12828290301102316,0.7651666135204082,0.22739492492295588,0.13770648030495553,0.6521248589695374,12592,1734,3047,False,0.2679503733228541,65,False,False,0.0,-1,False
355257,1,person,a photo of a person,0.12828290301102316,GE_MAP,all,GE_POS3_SAM,0.0006762182494400068,0.5287587691326531,0.0013515225746505047,0.0007612522599676468,0.006017299736743136,21018,16,665,False,0.02225005768533474,65,False,False,-0.12760668476158316,1,True
355257,1,person,a photo of a person,0.12828290301102316,GE_MAP,all,GE_POS3_SMART,0.001903925014645577,0.8641780931122449,0.00380061394532963,0.0031085604973696795,0.004889056036103798,4182,13,430,False,0.03188237006842335,65,False,False,-0.1263789779963776,2,True
355257,1,person,a photo of a person,0.12828290301102316,GE_MAP,all,GE_POS3_CASR,0.12828290301102316,0.7651666135204082,0.22739492492295588,0.13770648030495553,0.6521248589695374,12592,1734,3047,False,0.2679503733228541,65,False,False,0.0,2,False
355257,65,bed,a photo of a bed,0.5333132166566084,GE_MAP,all,GE_MAP,0.5333132166566084,0.8458824936224489,0.6956350612036053,0.5733471744631156,0.8842305383229938,15413,8837,103,True,0.16114109483423283,1,True,False,0.0,-1,False
355257,65,bed,a photo of a bed,0.5333132166566084,GE_MAP,all,GE_POS3_SAM,0.3557442557442557,0.8714724170918368,0.5247955198585218,0.9955269779144534,0.3563137882729638,3577,3561,0,True,0.30596858638743457,1,True,False,-0.17756896091235264,0,True
355257,65,bed,a photo of a bed,0.5333132166566084,GE_MAP,all,GE_POS3_SMART,0.3557442557442557,0.8714724170918368,0.5247955198585218,0.9955269779144534,0.3563137882729638,3577,3561,0,True,0.30596858638743457,1,True,False,-0.17756896091235264,0,True
355257,65,bed,a photo of a bed,0.5333132166566084,GE_MAP,all,GE_POS3_CASR,0.3557442557442557,0.8714724170918368,0.5247955198585218,0.9955269779144534,0.3563137882729638,3577,3561,0,True,0.30596858638743457,1,True,False,-0.17756896091235264,0,True
308466,70,toilet,a photo of a toilet,0.12187173338252474,GE_MAP,all,GE_MAP,0.12187173338252474,0.7153818558673469,0.21726500411071525,0.12389823091829719,0.8816725978647687,15997,1982,1029,True,0.06398016119032858,81,True,False,0.0,-1,False
308466,70,toilet,a photo of a toilet,0.12187173338252474,GE_MAP,all,GE_POS3_SAM,0.14842059714409347,0.8431122448979592,0.2584777694046722,0.16395793499043976,0.6103202846975089,8368,1372,1133,True,0.135286411813743,81,True,False,0.02654886376156873,1,True
308466,70,toilet,a photo of a toilet,0.12187173338252474,GE_MAP,all,GE_POS3_SMART,0.14842059714409347,0.8431122448979592,0.2584777694046722,0.16395793499043976,0.6103202846975089,8368,1372,1133,True,0.135286411813743,81,True,False,0.02654886376156873,1,True
308466,70,toilet,a photo of a toilet,0.12187173338252474,GE_MAP,all,GE_POS3_CASR,0.14842059714409347,0.8431122448979592,0.2584777694046722,0.16395793499043976,0.6103202846975089,8368,1372,1133,True,0.135286411813743,81,True,False,0.02654886376156873,1,True
308466,81,sink,a photo of a sink,0.0726696083838941,GE_MAP,all,GE_MAP,0.0726696083838941,0.7319435586734694,0.1354929939580923,0.07323004238171334,0.9047210300429185,14393,1054,2192,False,0.15226422933111758,70,False,False,0.0,-1,False
308466,81,sink,a photo of a sink,0.0726696083838941,GE_MAP,all,GE_POS3_SAM,0.0008931229532598987,0.8662308673469388,0.001784651992861392,0.0010793308148947653,0.005150214592274678,5559,6,33,False,0.004244918960638024,70,False,False,-0.0717764854306342,2,True
308466,81,sink,a photo of a sink,0.0726696083838941,GE_MAP,all,GE_POS3_SMART,0.13018448253303677,0.8675063775510204,0.23037740217642974,0.13314599223872609,0.8540772532188842,7473,995,664,True,0.07343197879858657,70,True,False,0.05751487414914268,1,True
308466,81,sink,a photo of a sink,0.0726696083838941,GE_MAP,all,GE_POS3_CASR,0.13018448253303677,0.8675063775510204,0.23037740217642974,0.13314599223872609,0.8540772532188842,7473,995,664,True,0.07343197879858657,70,True,False,0.05751487414914268,1,True
6614,55,orange,a photo of a orange,0.4315521929306065,GE_MAP,all,GE_MAP,0.4315521929306065,0.8083346619897959,0.6029150666831826,0.4601663935459473,0.8740572249491201,15866,7301,3702,True,0.5494749596122779,53,False,True,0.0,-1,False
6614,55,orange,a photo of a orange,0.4315521929306065,GE_MAP,all,GE_POS3_SAM,0.6360132158590308,0.9077845982142857,0.7775159878828677,0.6497107039537127,0.967915718903388,12444,8085,4302,True,0.8287285407725322,53,False,True,0.20446102292842433,2,True
6614,55,orange,a photo of a orange,0.4315521929306065,GE_MAP,all,GE_POS3_SMART,0.3859847414523877,0.7401546556122449,0.5569826707441387,0.3888598946719173,0.9812043577157907,21077,8196,6405,True,0.6814818284001498,53,False,True,-0.04556745147821878,0,True
6614,55,orange,a photo of a orange,0.4315521929306065,GE_MAP,all,GE_POS3_CASR,0.3859847414523877,0.7401546556122449,0.5569826707441387,0.3888598946719173,0.9812043577157907,21077,8196,6405,True,0.6814818284001498,53,False,True,-0.04556745147821878,0,True
6614,53,apple,a photo of a apple,0.4908751962323391,GE_MAP,all,GE_MAP,0.4908751962323391,0.7931680484693877,0.6585060875287924,0.6428938576201491,0.6748954539322811,15564,10006,109,True,0.3583030440708769,55,True,False,0.0,-1,False
6614,53,apple,a photo of a apple,0.4908751962323391,GE_MAP,all,GE_POS3_SAM,0.33394649708309243,0.747429049744898,0.5006894921397896,0.6019895783988631,0.42857142857142855,10555,6354,7,True,0.00456912124110084,55,True,False,-0.15692869914924668,1,True
6614,53,apple,a photo of a apple,0.4908751962323391,GE_MAP,all,GE_POS3_SMART,0.6894674321916452,0.8749601403061225,0.8161949961914806,0.7214626061736068,0.939565627950897,19308,13930,26,True,0.39301002165483206,55,True,False,0.19859223595930608,0,True
6614,53,apple,a photo of a apple,0.4908751962323391,GE_MAP,all,GE_POS3_CASR,0.6894674321916452,0.8749601403061225,0.8161949961914806,0.7214626061736068,0.939565627950897,19308,13930,26,True,0.39301002165483206,55,True,False,0.19859223595930608,0,True
565563,3,car,a photo of a car,0.2317741255794353,GE_MAP,all,GE_MAP,0.2317741255794353,0.8546715561224489,0.376325692781389,0.2324352879027998,0.9878760664571172,9465,2200,578,True,0.05992742353551063,65,True,False,0.0,-1,False
565563,3,car,a photo of a car,0.2317741255794353,GE_MAP,all,GE_POS3_SAM,0.5569218564061881,0.9777383609693877,0.7154140127388535,0.8268551236749117,0.6304445442299057,1698,1404,0,True,0.0,-1,True,False,0.32514773082675275,1,True
565563,3,car,a photo of a car,0.2317741255794353,GE_MAP,all,GE_POS3_SMART,0.5569218564061881,0.9777383609693877,0.7154140127388535,0.8268551236749117,0.6304445442299057,1698,1404,0,True,0.0,-1,True,False,0.32514773082675275,1,True
565563,3,car,a photo of a car,0.2317741255794353,GE_MAP,all,GE_POS3_CASR,0.5569218564061881,0.9777383609693877,0.7154140127388535,0.8268551236749117,0.6304445442299057,1698,1404,0,True,0.0,-1,True,False,0.32514773082675275,1,True
565563,65,bed,a photo of a bed,0.060581841432225066,GE_MAP,all,GE_MAP,0.060581841432225066,0.7657445790816326,0.11424265259984928,0.060581841432225066,1.0,12512,758,1704,False,0.13072497123130034,3,False,False,0.0,-1,False
565563,65,bed,a photo of a bed,0.060581841432225066,GE_MAP,all,GE_POS3_SAM,0.25116612845353425,0.9584064094387755,0.401491253226269,0.2565042139978014,0.9234828496042217,2729,700,0,True,0.0,-1,True,False,0.1905842870213092,1,True
565563,65,bed,a photo of a bed,0.060581841432225066,GE_MAP,all,GE_POS3_SMART,0.5940347970173985,0.990234375,0.7453222453222453,0.6149228130360206,0.945910290237467,1166,717,0,True,0.0,-1,True,False,0.5334529555851734,2,True
565563,65,bed,a photo of a bed,0.060581841432225066,GE_MAP,all,GE_POS3_CASR,0.5940347970173985,0.990234375,0.7453222453222453,0.6149228130360206,0.945910290237467,1166,717,0,True,0.0,-1,True,False,0.5334529555851734,2,True
72281,41,skateboard,a photo of a skateboard,0.1547949204495694,GE_MAP,all,GE_MAP,0.1547949204495694,0.7691924426020408,0.26809075396574605,0.1548175182481752,0.999057936881771,13700,2121,7144,False,0.3851456885872785,1,False,False,0.0,-1,False
72281,41,skateboard,a photo of a skateboard,0.1547949204495694,GE_MAP,all,GE_POS3_SAM,0.7828322784810127,0.9890585140306123,0.8781894830264034,0.8301174496644296,0.9321714554875177,2384,1979,197,True,0.014296781463483343,1,True,False,0.6280373580314432,1,True
72281,41,skateboard,a photo of a skateboard,0.1547949204495694,GE_MAP,all,GE_POS3_SMART,0.7828322784810127,0.9890585140306123,0.8781894830264034,0.8301174496644296,0.9321714554875177,2384,1979,197,True,0.014296781463483343,1,True,False,0.6280373580314432,1,True
72281,41,skateboard,a photo of a skateboard,0.1547949204495694,GE_MAP,all,GE_POS3_CASR,0.7828322784810127,0.9890585140306123,0.8781894830264034,0.8301174496644296,0.9321714554875177,2384,1979,197,True,0.014296781463483343,1,True,False,0.6280373580314432,1,True
72281,1,person,a photo of a person,0.4716182616515897,GE_MAP,all,GE_MAP,0.4716182616515897,0.8009406887755102,0.640951901646416,0.5642405063291139,0.7418039607255783,15800,8915,1094,True,0.06526002971768202,41,True,False,0.0,-1,False
72281,1,person,a photo of a person,0.4716182616515897,GE_MAP,all,GE_POS3_SAM,0.9009868689340185,0.9758051658163265,0.9479148790114982,0.9784765279007972,0.919204526543518,11290,11047,0,True,0.0,-1,True,False,0.42936860728242876,0,True
72281,1,person,a photo of a person,0.4716182616515897,GE_MAP,all,GE_POS3_SMART,0.9009868689340185,0.9758051658163265,0.9479148790114982,0.9784765279007972,0.919204526543518,11290,11047,0,True,0.0,-1,True,False,0.42936860728242876,0,True
72281,1,person,a photo of a person,0.4716182616515897,GE_MAP,all,GE_POS3_CASR,0.9009868689340185,0.9758051658163265,0.9479148790114982,0.9784765279007972,0.919204526543518,11290,11047,0,True,0.0,-1,True,False,0.42936860728242876,0,True
187362,42,surfboard,a photo of a surfboard,0.07183718371837183,GE_MAP,all,GE_MAP,0.07183718371837183,0.8318518813775511,0.1340449553525608,0.07184508746836836,0.9984709480122325,9089,653,1668,False,0.17583526799232865,1,False,False,0.0,-1,False
187362,42,surfboard,a photo of a surfboard,0.07183718371837183,GE_MAP,all,GE_POS3_SAM,0.026117683207866033,0.873664700255102,0.05090582422518341,0.028215767634854772,0.2599388379204893,6025,170,9,True,0.0010494402985074627,1,True,False,-0.0457195005105058,1,True
187362,42,surfboard,a photo of a surfboard,0.07183718371837183,GE_MAP,all,GE_POS3_SMART,0.7745901639344263,0.996711575255102,0.8729792147806005,0.8790697674418605,0.8669724770642202,645,567,3,True,0.009130982367758186,1,True,False,0.7027529802160544,2,True
187362,42,surfboard,a photo of a surfboard,0.07183718371837183,GE_MAP,all,GE_POS3_CASR,0.7745901639344263,0.996711575255102,0.8729792147806005,0.8790697674418605,0.8669724770642202,645,567,3,True,0.009130982367758186,1,True,False,0.7027529802160544,2,True
187362,1,person,a photo of a person,0.17300529307978826,GE_MAP,all,GE_MAP,0.17300529307978826,0.8318518813775511,0.29497785577003427,0.18762623578186458,0.689453125,9407,1765,579,True,0.06952269586478155,42,True,False,0.0,-1,False
187362,1,person,a photo of a person,0.17300529307978826,GE_MAP,all,GE_POS3_SAM,0.2828574731244943,0.8763552295918368,0.44098035682104886,0.28660107753572267,0.955859375,8538,2447,189,True,0.02830294216355297,42,True,False,0.10985218004470601,0,True
187362,1,person,a photo of a person,0.17300529307978826,GE_MAP,all,GE_POS3_SMART,0.2828574731244943,0.8763552295918368,0.44098035682104886,0.28660107753572267,0.955859375,8538,2447,189,True,0.02830294216355297,42,True,False,0.10985218004470601,0,True
187362,1,person,a photo of a person,0.17300529307978826,GE_MAP,all,GE_POS3_CASR,0.2828574731244943,0.8763552295918368,0.44098035682104886,0.28660107753572267,0.955859375,8538,2447,189,True,0.02830294216355297,42,True,False,0.10985218004470601,0,True
60347,15,bench,a photo of a bench,0.35181028593734753,GE_MAP,all,GE_MAP,0.35181028593734753,0.8676259566326531,0.520502454519203,0.38051509394131305,0.823435358611238,9474,3605,1698,True,0.11963852171567305,1,True,False,0.0,-1,False
60347,15,bench,a photo of a bench,0.35181028593734753,GE_MAP,all,GE_POS3_SAM,0.6150703586019065,0.9661989795918368,0.761663856098932,0.9897735573411249,0.619004111466423,2738,2710,0,True,0.0026422764227642275,1,True,False,0.263260072664559,1,True
60347,15,bench,a photo of a bench,0.35181028593734753,GE_MAP,all,GE_POS3_SMART,0.6150703586019065,0.9661989795918368,0.761663856098932,0.9897735573411249,0.619004111466423,2738,2710,0,True,0.0026422764227642275,1,True,False,0.263260072664559,1,True
60347,15,bench,a photo of a bench,0.35181028593734753,GE_MAP,all,GE_POS3_CASR,0.6150703586019065,0.9661989795918368,0.761663856098932,0.9897735573411249,0.619004111466423,2738,2710,0,True,0.0026422764227642275,1,True,False,0.263260072664559,1,True
60347,1,person,a photo of a person,0.5922795399093761,GE_MAP,all,GE_MAP,0.5922795399093761,0.9067482461734694,0.7439391451868878,0.6098698968147152,0.9535634118967452,11145,6797,566,True,0.04328247866120035,15,True,False,0.0,-1,False
60347,1,person,a photo of a person,0.5922795399093761,GE_MAP,all,GE_POS3_SAM,0.8829403606102635,0.9831792091836735,0.9378314672952268,0.9872828784119106,0.8930976430976431,6448,6366,7,True,0.0038015762633286975,15,True,False,0.2906608207008874,0,True
60347,1,person,a photo of a person,0.5922795399093761,GE_MAP,all,GE_POS3_SMART,0.8829403606102635,0.9831792091836735,0.9378314672952268,0.9872828784119106,0.8930976430976431,6448,6366,7,True,0.0038015762633286975,15,True,False,0.2906608207008874,0,True
60347,1,person,a photo of a person,0.5922795399093761,GE_MAP,all,GE_POS3_CASR,0.8829403606102635,0.9831792091836735,0.9378314672952268,0.9872828784119106,0.8930976430976431,6448,6366,7,True,0.0038015762633286975,15,True,False,0.2906608207008874,0,True
489091,81,sink,a photo of a sink,0.0888229784576959,GE_MAP,all,GE_MAP,0.0888229784576959,0.651008450255102,0.1631541218637993,0.08908255923181296,0.9682359614293817,19162,1707,1489,True,0.07590355304072997,70,True,False,0.0,-1,False
489091,81,sink,a photo of a sink,0.0888229784576959,GE_MAP,all,GE_POS3_SAM,0.12296819787985866,0.7526705994897959,0.21900566393958465,0.12316840093438097,0.9869540555870675,14127,1740,1608,True,0.11118025305953122,70,True,False,0.034145219422162754,0,True
489091,81,sink,a photo of a sink,0.0888229784576959,GE_MAP,all,GE_POS3_SMART,0.12296819787985866,0.7526705994897959,0.21900566393958465,0.12316840093438097,0.9869540555870675,14127,1740,1608,True,0.11118025305953122,70,True,False,0.034145219422162754,0,True
489091,81,sink,a photo of a sink,0.0888229784576959,GE_MAP,all,GE_POS3_CASR,0.12296819787985866,0.7526705994897959,0.21900566393958465,0.12316840093438097,0.9869540555870675,14127,1740,1608,True,0.11118025305953122,70,True,False,0.034145219422162754,0,True
489091,70,toilet,a photo of a toilet,0.11277510092459955,GE_MAP,all,GE_MAP,0.11277510092459955,0.7284359056122449,0.20269163253364542,0.11435362471939786,0.8909465020576132,15146,1732,1636,True,0.10711713481306881,81,True,False,0.0,-1,False
489091,70,toilet,a photo of a toilet,0.11277510092459955,GE_MAP,all,GE_POS3_SAM,0.09440285204991088,0.7468710140306123,0.172519382370187,0.09876911600149198,0.6810699588477366,13405,1324,1751,False,0.13050607438324513,81,False,False,-0.018372248874688676,0,True
489091,70,toilet,a photo of a toilet,0.11277510092459955,GE_MAP,all,GE_POS3_SMART,0.22003796095444686,0.8853435905612245,0.36070674519391044,0.230049610205528,0.8348765432098766,7055,1623,1735,False,0.24495270365664268,81,False,False,0.1072628600298473,1,True
489091,70,toilet,a photo of a toilet,0.11277510092459955,GE_MAP,all,GE_POS3_CASR,0.22003796095444686,0.8853435905612245,0.36070674519391044,0.230049610205528,0.8348765432098766,7055,1623,1735,False,0.24495270365664268,81,False,False,0.1072628600298473,1,True
319617,67,dining table,a photo of a dining table,0.4404302372336148,GE_MAP,all,GE_MAP,0.4404302372336148,0.44529257015306123,0.6115259536337879,0.9749443702714731,0.4454724769709417,22470,21907,0,True,0.22318018116337443,47,True,False,0.0,-1,False
319617,67,dining table,a photo of a dining table,0.4404302372336148,GE_MAP,all,GE_POS3_SAM,0.0863132686609571,0.10273836096938775,0.1589104564051787,0.9777011494252874,0.08648351871809992,4350,4253,0,True,0.006361157990393353,47,True,False,-0.35411696857265773,1,True
319617,67,dining table,a photo of a dining table,0.4404302372336148,GE_MAP,all,GE_POS3_SMART,0.0846644718123806,0.10235969387755102,0.15611181893127482,0.9930870083432658,0.08471439900766618,4195,4166,0,True,0.005634541046976348,47,True,False,-0.35576576542123417,2,True
319617,67,dining table,a photo of a dining table,0.4404302372336148,GE_MAP,all,GE_POS3_CASR,0.0846644718123806,0.10235969387755102,0.15611181893127482,0.9930870083432658,0.08471439900766618,4195,4166,0,True,0.005634541046976348,47,True,False,-0.35576576542123417,2,True
319617,58,hot dog,a photo of a hot dog,0.7069042316258352,GE_MAP,all,GE_MAP,0.7069042316258352,0.9344308035714286,0.8282881002087683,0.7069042316258352,1.0,11225,7935,3290,True,0.22825711206458305,67,True,False,0.0,-1,False
319617,58,hot dog,a photo of a hot dog,0.7069042316258352,GE_MAP,all,GE_POS3_SAM,0.9697798781246114,0.9951570471938775,0.9846581223562093,0.9865890688259109,0.9827347195967234,7904,7798,106,True,0.16072554242837098,67,True,False,0.26287564649877626,1,True
319617,58,hot dog,a photo of a hot dog,0.7069042316258352,GE_MAP,all,GE_POS3_SMART,0.9697798781246114,0.9951570471938775,0.9846581223562093,0.9865890688259109,0.9827347195967234,7904,7798,106,True,0.16072554242837098,67,True,False,0.26287564649877626,1,True
319617,58,hot dog,a photo of a hot dog,0.7069042316258352,GE_MAP,all,GE_POS3_CASR,0.9697798781246114,0.9951570471938775,0.9846581223562093,0.9865890688259109,0.9827347195967234,7904,7798,106,True,0.16072554242837098,67,True,False,0.26287564649877626,1,True
488075,62,chair,a photo of a chair,0.2414679104060772,GE_MAP,all,GE_MAP,0.2414679104060772,0.7293526785714286,0.3890038693422118,0.24270154951717943,0.9793837788853648,17812,4323,534,True,0.012741935483870967,82,True,False,0.0,-1,False
488075,62,chair,a photo of a chair,0.2414679104060772,GE_MAP,all,GE_POS3_SAM,0.5151579846285226,0.9547393176020408,0.6800056361843032,0.899366380916884,0.546669687358405,2683,2413,8,True,0.0024783147459727386,51,True,False,0.2736900742224454,1,True
488075,62,chair,a photo of a chair,0.2414679104060772,GE_MAP,all,GE_POS3_SMART,0.808301240907146,0.9821428571428571,0.893989588263133,0.9356116889549282,0.8559130040779338,4038,3778,42,True,0.009232798417234556,51,True,False,0.5668333305010688,0,True
488075,62,chair,a photo of a chair,0.2414679104060772,GE_MAP,all,GE_POS3_CASR,0.808301240907146,0.9821428571428571,0.893989588263133,0.9356116889549282,0.8559130040779338,4038,3778,42,True,0.009232798417234556,51,True,False,0.5668333305010688,0,True
488075,82,refrigerator,a photo of a refrigerator,0.06469734267499842,GE_MAP,all,GE_MAP,0.06469734267499842,0.7046795280612245,0.12153189471188049,0.06469734267499842,1.0,15843,1025,1624,False,0.04260556712743799,78,True,False,0.0,-1,False
488075,82,refrigerator,a photo of a refrigerator,0.06469734267499842,GE_MAP,all,GE_POS3_SAM,0.3130298273155416,0.9563934948979592,0.476805356288857,0.31580614507443777,0.9726829268292683,3157,997,1666,False,0.19339769542198693,78,True,False,0.24833248464054314,2,True
488075,82,refrigerator,a photo of a refrigerator,0.06469734267499842,GE_MAP,all,GE_POS3_SMART,0.3130298273155416,0.9563934948979592,0.476805356288857,0.31580614507443777,0.9726829268292683,3157,997,1666,False,0.19339769542198693,78,True,False,0.24833248464054314,2,True
488075,82,refrigerator,a photo of a refrigerator,0.06469734267499842,GE_MAP,all,GE_POS3_CASR,0.3130298273155416,0.9563934948979592,0.476805356288857,0.31580614507443777,0.9726829268292683,3157,997,1666,False,0.19339769542198693,78,True,False,0.24833248464054314,2,True
231879,62,chair,a photo of a chair,0.13687242259605945,GE_MAP,all,GE_MAP,0.13687242259605945,0.7372050382653061,0.24078765545831415,0.13750246596961926,0.96760758907913,15207,2091,9756,False,0.20559806685461135,1,False,False,0.0,-1,False
231879,62,chair,a photo of a chair,0.13687242259605945,GE_MAP,all,GE_POS3_SAM,0.538269550748752,0.9778778698979592,0.6998377501352082,0.8418998048145738,0.5987968533086534,1537,1294,1,True,2.4868198547697204e-05,1,True,False,0.4013971281526926,1,True
231879,62,chair,a photo of a chair,0.13687242259605945,GE_MAP,all,GE_POS3_SMART,0.538269550748752,0.9778778698979592,0.6998377501352082,0.8418998048145738,0.5987968533086534,1537,1294,1,True,2.4868198547697204e-05,1,True,False,0.4013971281526926,1,True
231879,62,chair,a photo of a chair,0.13687242259605945,GE_MAP,all,GE_POS3_CASR,0.538269550748752,0.9778778698979592,0.6998377501352082,0.8418998048145738,0.5987968533086534,1537,1294,1,True,2.4868198547697204e-05,1,True,False,0.4013971281526926,1,True
231879,1,person,a photo of a person,0.2905922667509174,GE_MAP,all,GE_MAP,0.2905922667509174,0.41824776785714285,0.45032389273877677,0.8287357915164957,0.30915813424345845,14428,11957,31,True,0.0025988154236673516,62,True,False,0.0,-1,False
231879,1,person,a photo of a person,0.2905922667509174,GE_MAP,all,GE_POS3_SAM,0.4523737905449441,0.5645926339285714,0.6229440292711551,0.9367765377627822,0.46662012617644016,19265,18047,1,True,0.00019270607505901625,61,True,False,0.16178152379402666,0,True
231879,1,person,a photo of a person,0.2905922667509174,GE_MAP,all,GE_POS3_SMART,0.4523737905449441,0.5645926339285714,0.6229440292711551,0.9367765377627822,0.46662012617644016,19265,18047,1,True,0.00019270607505901625,61,True,False,0.16178152379402666,0,True
231879,1,person,a photo of a person,0.2905922667509174,GE_MAP,all,GE_POS3_CASR,0.4523737905449441,0.5645926339285714,0.6229440292711551,0.9367765377627822,0.46662012617644016,19265,18047,1,True,0.00019270607505901625,61,True,False,0.16178152379402666,0,True
249550,65,bed,a photo of a bed,0.6430306387693356,GE_MAP,all,GE_MAP,0.6430306387693356,0.8330476721938775,0.7827372461550431,0.8705936652627935,0.7109875612514135,17333,15090,0,True,0.0,-1,True,False,0.0,-1,False
249550,65,bed,a photo of a bed,0.6430306387693356,GE_MAP,all,GE_POS3_SAM,0.9620346479911537,0.9835778061224489,0.9806500093931994,0.9775280898876404,0.9837919336600075,21360,20880,0,True,0.0,-1,True,False,0.31900400922181804,0,True
249550,65,bed,a photo of a bed,0.6430306387693356,GE_MAP,all,GE_POS3_SMART,0.9620346479911537,0.9835778061224489,0.9806500093931994,0.9775280898876404,0.9837919336600075,21360,20880,0,True,0.0,-1,True,False,0.31900400922181804,0,True
249550,65,bed,a photo of a bed,0.6430306387693356,GE_MAP,all,GE_POS3_CASR,0.9620346479911537,0.9835778061224489,0.9806500093931994,0.9775280898876404,0.9837919336600075,21360,20880,0,True,0.0,-1,True,False,0.31900400922181804,0,True
249550,64,potted plant,a photo of a potted plant,0.19523637675929267,GE_MAP,all,GE_MAP,0.19523637675929267,0.8222257653061225,0.32669082125603865,0.19640588128516973,0.9704035874439462,11018,2164,6556,False,0.25523631550260845,65,False,False,0.0,-1,False
249550,64,potted plant,a photo of a potted plant,0.19523637675929267,GE_MAP,all,GE_POS3_SAM,0.6362422083704363,0.9837173150510204,0.7776870748299319,0.9889273356401385,0.6408071748878924,1445,1429,0,True,0.0,-1,True,False,0.44100583161114365,2,True
249550,64,potted plant,a photo of a potted plant,0.19523637675929267,GE_MAP,all,GE_POS3_SMART,0.6971008221549113,0.9860491071428571,0.8215196328403875,0.9521276595744681,0.7224215246636772,1692,1611,0,True,0.0,-1,True,False,0.5018644453956187,1,True
249550,64,potted plant,a photo of a potted plant,0.19523637675929267,GE_MAP,all,GE_POS3_CASR,0.6971008221549113,0.9860491071428571,0.8215196328403875,0.9521276595744681,0.7224215246636772,1692,1611,0,True,0.0,-1,True,False,0.5018644453956187,1,True
376322,46,wine glass,a photo of a wine glass,0.056783536585365856,GE_MAP,all,GE_MAP,0.056783536585365856,0.6547154017857143,0.10746483952398125,0.05727307671187744,0.8691666666666666,18211,1043,15426,False,0.37670955136948425,67,False,False,0.0,-1,False
376322,46,wine glass,a photo of a wine glass,0.056783536585365856,GE_MAP,all,GE_POS3_SAM,0.1703056768558952,0.9166932397959183,0.291044776119403,0.18270868824531517,0.715,4696,858,3616,False,0.17943081219178897,1,False,False,0.11352214027052934,0,True
376322,46,wine glass,a photo of a wine glass,0.056783536585365856,GE_MAP,all,GE_POS3_SMART,0.1703056768558952,0.9166932397959183,0.291044776119403,0.18270868824531517,0.715,4696,858,3616,False,0.17943081219178897,1,False,False,0.11352214027052934,0,True
376322,46,wine glass,a photo of a wine glass,0.056783536585365856,GE_MAP,all,GE_POS3_CASR,0.1703056768558952,0.9166932397959183,0.291044776119403,0.18270868824531517,0.715,4696,858,3616,False,0.17943081219178897,1,False,False,0.11352214027052934,0,True
376322,44,bottle,a photo of a bottle,0.06385747986659074,GE_MAP,all,GE_MAP,0.06385747986659074,0.7706473214285714,0.12004893714635265,0.06400326131267835,0.965559655596556,12265,785,8927,False,0.2462790236157968,67,False,False,0.0,-1,False
376322,44,bottle,a photo of a bottle,0.06385747986659074,GE_MAP,all,GE_POS3_SAM,0.2868035190615836,0.9757653061224489,0.4457611668185962,0.35409123823316435,0.6014760147601476,1381,489,814,False,0.2004466778336125,47,True,False,0.22294603919499284,1,True
376322,44,bottle,a photo of a bottle,0.06385747986659074,GE_MAP,all,GE_POS3_SMART,0.2868035190615836,0.9757653061224489,0.4457611668185962,0.35409123823316435,0.6014760147601476,1381,489,814,False,0.2004466778336125,47,True,False,0.22294603919499284,1,True
376322,44,bottle,a photo of a bottle,0.06385747986659074,GE_MAP,all,GE_POS3_CASR,0.2868035190615836,0.9757653061224489,0.4457611668185962,0.35409123823316435,0.6014760147601476,1381,489,814,False,0.2004466778336125,47,True,False,0.22294603919499284,1,True
290081,55,orange,a photo of a orange,0.6275208491281273,GE_MAP,all,GE_MAP,0.6275208491281273,0.8041693239795918,0.7711370941445008,0.9855331309162351,0.6333550139648774,16797,16554,0,True,0.05454478219066637,51,True,False,0.0,-1,False
290081,55,orange,a photo of a orange,0.6275208491281273,GE_MAP,all,GE_POS3_SAM,0.47612868755486015,0.7264229910714286,0.6451045787119626,0.9947376813905279,0.47733098672380153,12542,12476,0,True,0.00020612606670239518,51,True,False,-0.15139216157326718,2,True
290081,55,orange,a photo of a orange,0.6275208491281273,GE_MAP,all,GE_POS3_SMART,0.8227985405778523,0.8925581951530612,0.9027860427373546,0.8538099461081929,0.9577227684891151,29318,25032,4199,True,0.33318172958222336,51,True,False,0.19527769144972495,0,True
290081,55,orange,a photo of a orange,0.6275208491281273,GE_MAP,all,GE_POS3_CASR,0.8227985405778523,0.8925581951530612,0.9027860427373546,0.8538099461081929,0.9577227684891151,29318,25032,4199,True,0.33318172958222336,51,True,False,0.19527769144972495,0,True
290081,51,bowl,a photo of a bowl,0.5001571503404924,GE_MAP,all,GE_MAP,0.5001571503404924,0.8098294005102041,0.6668063412249459,0.5643693107932379,0.8146757679180887,16918,9548,5901,True,0.29582254860651297,55,True,False,0.0,-1,False
290081,51,bowl,a photo of a bowl,0.5001571503404924,GE_MAP,all,GE_POS3_SAM,0.8530386740331491,0.9602399553571429,0.9206917113893858,0.8619278005210271,0.9880546075085325,13435,11580,1727,True,0.2672772689425479,55,True,False,0.3528815236926568,0,True
290081,51,bowl,a photo of a bowl,0.5001571503404924,GE_MAP,all,GE_POS3_SMART,0.8530386740331491,0.9602399553571429,0.9206917113893858,0.8619278005210271,0.9880546075085325,13435,11580,1727,True,0.2672772689425479,55,True,False,0.3528815236926568,0,True
290081,51,bowl,a photo of a bowl,0.5001571503404924,GE_MAP,all,GE_POS3_CASR,0.8530386740331491,0.9602399553571429,0.9206917113893858,0.8619278005210271,0.9880546075085325,13435,11580,1727,True,0.2672772689425479,55,True,False,0.3528815236926568,0,True
458755,1,person,a photo of a person,0.62018940157163,GE_MAP,all,GE_MAP,0.62018940157163,0.7745934311224489,0.7655764208431787,0.853616824589785,0.6939987223328699,21635,18468,2121,True,0.1175163054605013,20,True,False,0.0,-1,False
458755,1,person,a photo of a person,0.62018940157163,GE_MAP,all,GE_POS3_SAM,0.2979426340291335,0.627311862244898,0.459099849589263,0.9968596909935937,0.2982225395513134,7961,7936,0,True,0.0001222892548508071,20,True,False,-0.32224676754249654,2,True
458755,1,person,a photo of a person,0.62018940157163,GE_MAP,all,GE_POS3_SMART,0.6811205483534496,0.8294005102040817,0.8103173196241801,0.9874169681913917,0.6870842884521439,18517,18284,6,True,0.005530402888417675,20,True,False,0.060931146781819545,0,True
458755,1,person,a photo of a person,0.62018940157163,GE_MAP,all,GE_POS3_CASR,0.6811205483534496,0.8294005102040817,0.8103173196241801,0.9874169681913917,0.6870842884521439,18517,18284,6,True,0.005530402888417675,20,True,False,0.060931146781819545,0,True
458755,20,sheep,a photo of a sheep,0.7189871983686417,GE_MAP,all,GE_MAP,0.7189871983686417,0.9011280293367347,0.8365242033808943,0.9215857111740362,0.7658380596114396,13773,12693,621,True,0.021733080328905755,1,True,False,0.0,-1,False
458755,20,sheep,a photo of a sheep,0.7189871983686417,GE_MAP,all,GE_POS3_SAM,0.47006822901216255,0.8219866071428571,0.6395189280813625,0.9657484154071185,0.4780378906721371,8204,7923,37,True,0.0020146783709886315,1,True,False,-0.24891896935647911,2,True
458755,20,sheep,a photo of a sheep,0.7189871983686417,GE_MAP,all,GE_POS3_SMART,0.47006822901216255,0.8219866071428571,0.6395189280813625,0.9657484154071185,0.4780378906721371,8204,7923,37,True,0.0020146783709886315,1,True,False,-0.24891896935647911,2,True
458755,20,sheep,a photo of a sheep,0.7189871983686417,GE_MAP,all,GE_POS3_CASR,0.47006822901216255,0.8219866071428571,0.6395189280813625,0.9657484154071185,0.4780378906721371,8204,7923,37,True,0.0020146783709886315,1,True,False,-0.24891896935647911,2,True
180135,41,skateboard,a photo of a skateboard,0.23660565723793678,GE_MAP,all,GE_MAP,0.23660565723793678,0.8171237244897959,0.38266953713670615,0.24366004112405756,0.8909774436090225,11672,2844,8061,False,0.31130561076288027,1,False,False,0.0,-1,False
180135,41,skateboard,a photo of a skateboard,0.23660565723793678,GE_MAP,all,GE_POS3_SAM,0.11526479750778816,0.9433992346938775,0.20670391061452514,0.9536082474226805,0.11591478696741854,388,370,0,True,0.0,-1,True,False,-0.12134085973014862,2,True
180135,41,skateboard,a photo of a skateboard,0.23660565723793678,GE_MAP,all,GE_POS3_SMART,0.5456760048721072,0.9702646683673469,0.7060677698975572,0.9511677282377919,0.5614035087719298,1884,1792,14,True,0.0008162932125219379,1,True,False,0.3090703476341704,1,True
180135,41,skateboard,a photo of a skateboard,0.23660565723793678,GE_MAP,all,GE_POS3_CASR,0.5456760048721072,0.9702646683673469,0.7060677698975572,0.9511677282377919,0.5614035087719298,1884,1792,14,True,0.0008162932125219379,1,True,False,0.3090703476341704,1,True
180135,1,person,a photo of a person,0.2984757054658342,GE_MAP,all,GE_MAP,0.2984757054658342,0.5991709183673469,0.45973244506527694,0.5865378024539036,0.3780094535494986,14589,8557,1574,True,0.1007862316597536,41,True,False,0.0,-1,False
180135,1,person,a photo of a person,0.2984757054658342,GE_MAP,all,GE_POS3_SAM,0.8184288437360587,0.910774075255102,0.9001494301581283,0.909009009009009,0.8914608826257896,22200,20180,1728,True,0.0740662408527558,41,True,False,0.5199531382702245,0,True
180135,1,person,a photo of a person,0.2984757054658342,GE_MAP,all,GE_POS3_SMART,0.8184288437360587,0.910774075255102,0.9001494301581283,0.909009009009009,0.8914608826257896,22200,20180,1728,True,0.0740662408527558,41,True,False,0.5199531382702245,0,True
180135,1,person,a photo of a person,0.2984757054658342,GE_MAP,all,GE_POS3_CASR,0.8184288437360587,0.910774075255102,0.9001494301581283,0.909009009009009,0.8914608826257896,22200,20180,1728,True,0.0740662408527558,41,True,False,0.5199531382702245,0,True
560911,33,suitcase,a photo of a suitcase,0.49808355691835954,GE_MAP,all,GE_MAP,0.49808355691835954,0.8434111926020408,0.664960982474095,0.542966573816156,0.8576614233857661,14360,7797,3241,True,0.11494004537107054,1,True,False,0.0,-1,False
560911,33,suitcase,a photo of a suitcase,0.49808355691835954,GE_MAP,all,GE_POS3_SAM,0.13512333551626282,0.8420758928571429,0.23807692307692307,0.9457601222307105,0.13617863821361786,1309,1238,2,True,0.00044682752457551384,1,True,False,-0.3629602214020967,2,True
560911,33,suitcase,a photo of a suitcase,0.49808355691835954,GE_MAP,all,GE_POS3_SMART,0.6630316248636859,0.9384167729591837,0.7973770491803279,0.987173242409482,0.6687933120668793,6159,6080,10,True,0.031541738421100335,1,True,False,0.1649480679453264,0,True
560911,33,suitcase,a photo of a suitcase,0.49808355691835954,GE_MAP,all,GE_POS3_CASR,0.6630316248636859,0.9384167729591837,0.7973770491803279,0.987173242409482,0.6687933120668793,6159,6080,10,True,0.031541738421100335,1,True,False,0.1649480679453264,0,True
560911,1,person,a photo of a person,0.28008874098724346,GE_MAP,all,GE_MAP,0.28008874098724346,0.6895727040816326,0.4376083188908146,0.5462904534391058,0.36499427814250435,11093,6060,2215,True,0.11361591285815771,63,True,False,0.0,-1,False
560911,1,person,a photo of a person,0.28008874098724346,GE_MAP,all,GE_POS3_SAM,0.08378947368421052,0.6964285714285714,0.15462315462315462,0.984452296819788,0.08390049990965488,1415,1393,15,True,0.009927007299270074,63,True,False,-0.19629926730303293,2,True
560911,1,person,a photo of a person,0.28008874098724346,GE_MAP,all,GE_POS3_SMART,0.1933801043353121,0.7319036989795918,0.3240880313536328,0.9775689602909973,0.19424200445702583,3299,3225,37,True,0.012951865455248405,63,True,False,-0.08670863665193135,1,True
560911,1,person,a photo of a person,0.28008874098724346,GE_MAP,all,GE_POS3_CASR,0.1933801043353121,0.7319036989795918,0.3240880313536328,0.9775689602909973,0.19424200445702583,3299,3225,37,True,0.012951865455248405,63,True,False,-0.08670863665193135,1,True
460494,48,fork,a photo of a fork,0.04122727729235714,GE_MAP,all,GE_MAP,0.04122727729235714,0.6194794323979592,0.07918977574149988,0.042306503143357724,0.617757712565839,19406,821,17781,False,0.3838877338877339,67,False,False,0.0,-1,False
460494,48,fork,a photo of a fork,0.04122727729235714,GE_MAP,all,GE_POS3_SAM,0.08182258846340282,0.8112444196428571,0.1512680347701407,0.08585961342828077,0.6350639578630549,9830,844,8983,False,0.3215310147006095,56,False,False,0.04059531117104568,1,True
460494,48,fork,a photo of a fork,0.04122727729235714,GE_MAP,all,GE_POS3_SMART,0.06793275575190774,0.6762396364795918,0.12722290871971204,0.06850266142096736,0.890895410082769,17284,1184,15838,False,0.35384453781512604,67,False,False,0.026705478459550604,0,True
460494,48,fork,a photo of a fork,0.04122727729235714,GE_MAP,all,GE_POS3_CASR,0.04122727729235714,0.6194794323979592,0.07918977574149988,0.042306503143357724,0.617757712565839,19406,821,17781,False,0.3838877338877339,67,False,False,0.0,0,False
460494,57,carrot,a photo of a carrot,0.15003261578604044,GE_MAP,all,GE_MAP,0.15003261578604044,0.7662826849489796,0.26091888825865,0.1501523284491513,0.9947140797693417,13786,2070,11139,False,0.33994983876746687,56,False,False,0.0,-1,False
460494,57,carrot,a photo of a carrot,0.15003261578604044,GE_MAP,all,GE_POS3_SAM,0.3075247524752475,0.930305325255102,0.4703922459488111,0.34343210968597965,0.7462758289283998,4522,1553,2969,False,0.09588837761614963,67,True,False,0.15749213668920709,1,True
460494,57,carrot,a photo of a carrot,0.15003261578604044,GE_MAP,all,GE_POS3_SMART,0.19703673217409198,0.8444674744897959,0.3292074952724772,0.2004605882968701,0.9202306583373379,9553,1915,7638,False,0.2025700290506584,67,False,False,0.04700411638805155,0,True
460494,57,carrot,a photo of a carrot,0.15003261578604044,GE_MAP,all,GE_POS3_CASR,0.19703673217409198,0.8444674744897959,0.3292074952724772,0.2004605882968701,0.9202306583373379,9553,1915,7638,False,0.2025700290506584,67,False,False,0.04700411638805155,0,True
67616,62,chair,a photo of a chair,0.08313465326008085,GE_MAP,all,GE_MAP,0.08313465326008085,0.8237205038265306,0.1535075126806393,0.08334199314143198,0.9709443099273608,9623,802,2614,False,0.09914590120630448,3,False,False,0.0,-1,False
67616,62,chair,a photo of a chair,0.08313465326008085,GE_MAP,all,GE_POS3_SAM,0.15,0.9803491709183674,0.2608695652173913,0.3425196850393701,0.2106537530266344,508,174,201,False,0.14541622760800843,67,True,False,0.06686534673991915,1,True
67616,62,chair,a photo of a chair,0.08313465326008085,GE_MAP,all,GE_POS3_SMART,0.18214542836573075,0.9773596938775511,0.3081607795371498,0.31004901960784315,0.3062953995157385,816,253,372,False,0.2880886426592798,67,False,False,0.0990107751056499,0,True
67616,62,chair,a photo of a chair,0.08313465326008085,GE_MAP,all,GE_POS3_CASR,0.18214542836573075,0.9773596938775511,0.3081607795371498,0.31004901960784315,0.3062953995157385,816,253,372,False,0.2880886426592798,67,False,False,0.0990107751056499,0,True
67616,67,dining table,a photo of a dining table,0.055327281414237935,GE_MAP,all,GE_MAP,0.055327281414237935,0.8029735331632653,0.10485331401666063,0.055327281414237935,1.0,10465,579,1882,False,0.07831152707477795,62,False,False,0.0,-1,False
67616,67,dining table,a photo of a dining table,0.055327281414237935,GE_MAP,all,GE_POS3_SAM,0.6546546546546547,0.9954161352040817,0.7912885662431942,0.8336520076481836,0.7530224525043178,523,436,64,True,0.09230769230769231,62,True,False,0.5993273732404167,1,True
67616,67,dining table,a photo of a dining table,0.055327281414237935,GE_MAP,all,GE_POS3_SMART,0.6546546546546547,0.9954161352040817,0.7912885662431942,0.8336520076481836,0.7530224525043178,523,436,64,True,0.09230769230769231,62,True,False,0.5993273732404167,1,True
67616,67,dining table,a photo of a dining table,0.055327281414237935,GE_MAP,all,GE_POS3_CASR,0.6546546546546547,0.9954161352040817,0.7912885662431942,0.8336520076481836,0.7530224525043178,523,436,64,True,0.09230769230769231,62,True,False,0.5993273732404167,1,True
256868,1,person,a photo of a person,0.1602295299050982,GE_MAP,all,GE_MAP,0.1602295299050982,0.6966677295918368,0.27620315769450254,0.19257294429708222,0.488231338264963,15080,2904,80,True,0.0036004189578423672,41,True,False,0.0,-1,False
256868,1,person,a photo of a person,0.1602295299050982,GE_MAP,all,GE_POS3_SAM,0.3123759099933819,0.834343112244898,0.4760463943519919,0.3807987091569181,0.6348352387357095,9916,3776,0,True,8.643042350907519e-05,15,True,False,0.15214638008828368,0,True
256868,1,person,a photo of a person,0.1602295299050982,GE_MAP,all,GE_POS3_SMART,0.3123759099933819,0.834343112244898,0.4760463943519919,0.3807987091569181,0.6348352387357095,9916,3776,0,True,8.643042350907519e-05,15,True,False,0.15214638008828368,0,True
256868,1,person,a photo of a person,0.1602295299050982,GE_MAP,all,GE_POS3_CASR,0.3123759099933819,0.834343112244898,0.4760463943519919,0.3807987091569181,0.6348352387357095,9916,3776,0,True,8.643042350907519e-05,15,True,False,0.15214638008828368,0,True
256868,15,bench,a photo of a bench,0.08402529557327468,GE_MAP,all,GE_MAP,0.08402529557327468,0.6680285395408163,0.15502460305382235,0.08461623657104884,0.923262839879154,18058,1528,2104,False,0.09014122882702874,1,False,False,0.0,-1,False
256868,15,bench,a photo of a bench,0.08402529557327468,GE_MAP,all,GE_POS3_SAM,0.2629435718440954,0.9747488839285714,0.4163979732842008,0.875968992248062,0.2731117824773414,516,452,16,True,0.007638347622759158,1,True,False,0.17891827627082071,1,True
256868,15,bench,a photo of a bench,0.08402529557327468,GE_MAP,all,GE_POS3_SMART,0.5107370864770748,0.9831991390306123,0.676142912024587,0.9282700421940928,0.5317220543806647,948,880,38,True,0.016060114925593047,1,True,False,0.4267117909038002,0,True
256868,15,bench,a photo of a bench,0.08402529557327468,GE_MAP,all,GE_POS3_CASR,0.5107370864770748,0.9831991390306123,0.676142912024587,0.9282700421940928,0.5317220543806647,948,880,38,True,0.016060114925593047,1,True,False,0.4267117909038002,0,True
101420,63,couch,a photo of a couch,0.5958238254509081,GE_MAP,all,GE_MAP,0.5958238254509081,0.7423070790816326,0.7467288255112434,0.8811075671427911,0.6479146130052007,21633,19061,713,True,0.029841376135269743,17,True,False,0.0,-1,False
101420,63,couch,a photo of a couch,0.5958238254509081,GE_MAP,all,GE_POS3_SAM,0.6141046495865528,0.7730588329081632,0.7609229670998762,0.9951125755079626,0.615962473231585,18210,18121,19,True,0.00227111426543648,17,True,False,0.01828082413564469,2,True
101420,63,couch,a photo of a couch,0.5958238254509081,GE_MAP,all,GE_POS3_SMART,0.9095804058047147,0.9451132015306123,0.9526494962346549,0.9638520683296803,0.9417043407321799,28743,27704,450,True,0.01569205149554858,17,True,False,0.3137565803538066,0,True
101420,63,couch,a photo of a couch,0.5958238254509081,GE_MAP,all,GE_POS3_CASR,0.9095804058047147,0.9451132015306123,0.9526494962346549,0.9638520683296803,0.9417043407321799,28743,27704,450,True,0.01569205149554858,17,True,False,0.3137565803538066,0,True
101420,17,cat,a photo of a cat,0.39332980412916885,GE_MAP,all,GE_MAP,0.39332980412916885,0.9086415816326531,0.5645896656534954,0.39338186631369954,0.9996636394214599,7555,2972,1535,True,0.04611815301041195,63,True,False,0.0,-1,False
101420,17,cat,a photo of a cat,0.39332980412916885,GE_MAP,all,GE_POS3_SAM,0.9017624020887729,0.9940011160714286,0.9483439162519307,0.9681149264190609,0.929364278506559,2854,2763,3,True,0.0012409642292060931,63,True,False,0.508432597959604,1,True
101420,17,cat,a photo of a cat,0.39332980412916885,GE_MAP,all,GE_POS3_SMART,0.9017624020887729,0.9940011160714286,0.9483439162519307,0.9681149264190609,0.929364278506559,2854,2763,3,True,0.0012409642292060931,63,True,False,0.508432597959604,1,True
101420,17,cat,a photo of a cat,0.39332980412916885,GE_MAP,all,GE_POS3_CASR,0.9017624020887729,0.9940011160714286,0.9483439162519307,0.9681149264190609,0.929364278506559,2854,2763,3,True,0.0012409642292060931,63,True,False,0.508432597959604,1,True
465675,8,truck,a photo of a truck,0.2778331009759012,GE_MAP,all,GE_MAP,0.2778331009759012,0.85546875,0.4348503740648379,0.282103134479272,0.9483344663494222,9890,2790,3087,False,0.28956481048198407,9,False,False,0.0,-1,False
465675,8,truck,a photo of a truck,0.2778331009759012,GE_MAP,all,GE_POS3_SAM,0.4272271968432236,0.9247847576530612,0.5986814121650361,0.4356236459300526,0.9568320870156356,6462,2815,3529,False,0.5186326291079812,9,False,True,0.14939409586732239,0,True
465675,8,truck,a photo of a truck,0.2778331009759012,GE_MAP,all,GE_POS3_SMART,0.4272271968432236,0.9247847576530612,0.5986814121650361,0.4356236459300526,0.9568320870156356,6462,2815,3529,False,0.5186326291079812,9,False,True,0.14939409586732239,0,True
465675,8,truck,a photo of a truck,0.2778331009759012,GE_MAP,all,GE_POS3_CASR,0.4272271968432236,0.9247847576530612,0.5986814121650361,0.4356236459300526,0.9568320870156356,6462,2815,3529,False,0.5186326291079812,9,False,True,0.14939409586732239,0,True
465675,9,boat,a photo of a boat,0.3733689509914723,GE_MAP,all,GE_MAP,0.3733689509914723,0.8784478635204082,0.5437270891000224,0.3834142224097911,0.934430444844433,9478,3634,1775,True,0.1668545659526494,8,True,False,0.0,-1,False
465675,9,boat,a photo of a boat,0.3733689509914723,GE_MAP,all,GE_POS3_SAM,0.779333163654874,0.9827208227040817,0.8759834072378773,0.9871050934880722,0.7873489328876317,3102,3062,0,True,0.0,-1,True,False,0.4059642126634017,2,True
465675,9,boat,a photo of a boat,0.3733689509914723,GE_MAP,all,GE_POS3_SMART,0.5688255756170283,0.9481226084183674,0.7251610178439447,0.6151916875671802,0.8830033427616354,5582,3434,2076,True,0.32298618655905637,8,True,False,0.19545662462555596,1,True
465675,9,boat,a photo of a boat,0.3733689509914723,GE_MAP,all,GE_POS3_CASR,0.5688255756170283,0.9481226084183674,0.7251610178439447,0.6151916875671802,0.8830033427616354,5582,3434,2076,True,0.32298618655905637,8,True,False,0.19545662462555596,1,True
139872,18,dog,a photo of a dog,0.8065758824583408,GE_MAP,all,GE_MAP,0.8065758824583408,0.9569714604591837,0.8929333002727499,0.872637394591451,0.914195775792039,10317,9003,5,True,0.00037402752842609214,34,True,False,0.0,-1,False
139872,18,dog,a photo of a dog,0.8065758824583408,GE_MAP,all,GE_POS3_SAM,0.9040712213664099,0.9808872767857143,0.949619122668768,0.9837814302819201,0.9177497969130788,9187,9038,1,True,8.168599901976801e-05,34,True,False,0.09749533890806916,0,True
139872,18,dog,a photo of a dog,0.8065758824583408,GE_MAP,all,GE_POS3_SMART,0.9040712213664099,0.9808872767857143,0.949619122668768,0.9837814302819201,0.9177497969130788,9187,9038,1,True,8.168599901976801e-05,34,True,False,0.09749533890806916,0,True
139872,18,dog,a photo of a dog,0.8065758824583408,GE_MAP,all,GE_POS3_CASR,0.9040712213664099,0.9808872767857143,0.949619122668768,0.9837814302819201,0.9177497969130788,9187,9038,1,True,8.168599901976801e-05,34,True,False,0.09749533890806916,0,True
139872,34,frisbee,a photo of a frisbee,0.27078774617067836,GE_MAP,all,GE_MAP,0.27078774617067836,0.8406010841836735,0.42617305208781747,0.2729277706303988,0.9718586387434555,10882,2970,5907,False,0.3985023274640761,18,False,False,0.0,-1,False
139872,34,frisbee,a photo of a frisbee,0.27078774617067836,GE_MAP,all,GE_POS3_SAM,0.9718862373324616,0.9982860331632653,0.9857427055702918,0.998991935483871,0.9728403141361257,2976,2973,0,True,0.0,-1,True,False,0.7010984911617832,1,True
139872,34,frisbee,a photo of a frisbee,0.27078774617067836,GE_MAP,all,GE_POS3_SMART,0.9718862373324616,0.9982860331632653,0.9857427055702918,0.998991935483871,0.9728403141361257,2976,2973,0,True,0.0,-1,True,False,0.7010984911617832,1,True
139872,34,frisbee,a photo of a frisbee,0.27078774617067836,GE_MAP,all,GE_POS3_CASR,0.9718862373324616,0.9982860331632653,0.9857427055702918,0.998991935483871,0.9728403141361257,2976,2973,0,True,0.0,-1,True,False,0.7010984911617832,1,True
546823,19,horse,a photo of a horse,0.2882865440464666,GE_MAP,all,GE_MAP,0.2882865440464666,0.9267378826530612,0.44755034565674784,0.2903100019496978,0.9763934426229508,5129,1489,187,True,0.015059067895625082,1,True,False,0.0,-1,False
546823,19,horse,a photo of a horse,0.2882865440464666,GE_MAP,all,GE_POS3_SAM,0.7674282366725249,0.9920878507653061,0.8684123301292674,0.8780160857908847,0.8590163934426229,1492,1310,0,True,0.0,-1,True,False,0.4791416926260583,0,True
546823,19,horse,a photo of a horse,0.2882865440464666,GE_MAP,all,GE_POS3_SMART,0.7674282366725249,0.9920878507653061,0.8684123301292674,0.8780160857908847,0.8590163934426229,1492,1310,0,True,0.0,-1,True,False,0.4791416926260583,0,True
546823,19,horse,a photo of a horse,0.2882865440464666,GE_MAP,all,GE_POS3_CASR,0.7674282366725249,0.9920878507653061,0.8684123301292674,0.8780160857908847,0.8590163934426229,1492,1310,0,True,0.0,-1,True,False,0.4791416926260583,0,True
546823,1,person,a photo of a person,0.07045273234942162,GE_MAP,all,GE_MAP,0.07045273234942162,0.6284478635204082,0.13163165494433834,0.07524362319612334,0.5252788104089219,18779,1413,228,True,0.006943066851815116,19,True,False,0.0,-1,False
546823,1,person,a photo of a person,0.07045273234942162,GE_MAP,all,GE_POS3_SAM,0.0039042314979617614,0.6542370854591837,0.007778095510437518,0.0045961473470767155,0.025278810408921933,14795,68,52,True,0.002580169553999263,19,True,False,-0.06654850085145986,0,True
546823,1,person,a photo of a person,0.07045273234942162,GE_MAP,all,GE_POS3_SMART,0.003577502785760366,0.6613919005102041,0.00712949976624591,0.00422964914713632,0.02267657992565056,14422,61,7,True,0.0004391468005018821,19,True,False,-0.06687522956366125,1,True
546823,1,person,a photo of a person,0.07045273234942162,GE_MAP,all,GE_POS3_CASR,0.003577502785760366,0.6613919005102041,0.00712949976624591,0.00422964914713632,0.02267657992565056,14422,61,7,True,0.0004391468005018821,19,True,False,-0.06687522956366125,1,True
190637,65,bed,a photo of a bed,0.4703042715038034,GE_MAP,all,GE_MAP,0.4703042715038034,0.7113360969387755,0.6397373395682022,0.5815057653176577,0.7109292940461054,22115,12860,371,True,0.014046318960647713,1,True,False,0.0,-1,False
190637,65,bed,a photo of a bed,0.4703042715038034,GE_MAP,all,GE_POS3_SAM,0.3231772104643483,0.5302734375,0.4884866636282744,0.40210090038587964,0.622146055613909,27988,11254,2981,True,0.10225821627797567,1,True,False,-0.1471270610394551,0,True
190637,65,bed,a photo of a bed,0.4703042715038034,GE_MAP,all,GE_POS3_SMART,0.3231772104643483,0.5302734375,0.4884866636282744,0.40210090038587964,0.622146055613909,27988,11254,2981,True,0.10225821627797567,1,True,False,-0.1471270610394551,0,True
190637,65,bed,a photo of a bed,0.4703042715038034,GE_MAP,all,GE_POS3_CASR,0.4703042715038034,0.7113360969387755,0.6397373395682022,0.5815057653176577,0.7109292940461054,22115,12860,371,True,0.014046318960647713,1,True,False,0.0,0,False
190637,75,remote,a photo of a remote,0.03920616944399504,GE_MAP,all,GE_MAP,0.03920616944399504,0.6449298469387755,0.07545407368967307,0.03968773883611748,0.7636554621848739,18318,727,11360,False,0.3224962766537106,65,False,False,0.0,-1,False
190637,75,remote,a photo of a remote,0.03920616944399504,GE_MAP,all,GE_POS3_SAM,0.8375912408759124,0.996452487244898,0.9116186693147964,0.864406779661017,0.9642857142857143,1062,918,88,True,0.01872724119993064,1,True,False,0.7983850714319174,2,True
190637,75,remote,a photo of a remote,0.03920616944399504,GE_MAP,all,GE_POS3_SMART,0.8375912408759124,0.996452487244898,0.9116186693147964,0.864406779661017,0.9642857142857143,1062,918,88,True,0.01872724119993064,1,True,False,0.7983850714319174,2,True
190637,75,remote,a photo of a remote,0.03920616944399504,GE_MAP,all,GE_POS3_CASR,0.8375912408759124,0.996452487244898,0.9116186693147964,0.864406779661017,0.9642857142857143,1062,918,88,True,0.01872724119993064,1,True,False,0.7983850714319174,2,True
550691,3,car,a photo of a car,0.07809756469959539,GE_MAP,all,GE_MAP,0.07809756469959539,0.7593271683673469,0.144880328565359,0.07818112342376768,0.9864995178399228,13085,1023,8859,False,0.39081619227226877,6,False,False,0.0,-1,False
550691,3,car,a photo of a car,0.07809756469959539,GE_MAP,all,GE_POS3_SAM,0.05224760087547001,0.6634247448979592,0.09930666666666667,0.052560266470953534,0.8977820636451301,17713,931,16501,False,0.8368378487666801,6,False,True,-0.025849963824125383,0,True
550691,3,car,a photo of a car,0.07809756469959539,GE_MAP,all,GE_POS3_SMART,0.05224760087547001,0.6634247448979592,0.09930666666666667,0.052560266470953534,0.8977820636451301,17713,931,16501,False,0.8368378487666801,6,False,True,-0.025849963824125383,0,True
550691,3,car,a photo of a car,0.07809756469959539,GE_MAP,all,GE_POS3_CASR,0.05224760087547001,0.6634247448979592,0.09930666666666667,0.052560266470953534,0.8977820636451301,17713,931,16501,False,0.8368378487666801,6,False,True,-0.025849963824125383,0,True
550691,6,bus,a photo of a bus,0.6185342833348756,GE_MAP,all,GE_MAP,0.6185342833348756,0.8356784119897959,0.7643140954177744,0.8173758865248227,0.7177215869436839,16356,13369,205,True,0.014760793465577597,3,True,False,0.0,-1,False
550691,6,bus,a photo of a bus,0.6185342833348756,GE_MAP,all,GE_POS3_SAM,0.8705402109950697,0.9513313137755102,0.9307901598458225,0.9858317824338116,0.8815697643206098,16657,16421,0,True,0.00922874093605801,1,True,False,0.25200592766019414,0,True
550691,6,bus,a photo of a bus,0.6185342833348756,GE_MAP,all,GE_POS3_SMART,0.8705402109950697,0.9513313137755102,0.9307901598458225,0.9858317824338116,0.8815697643206098,16657,16421,0,True,0.00922874093605801,1,True,False,0.25200592766019414,0,True
550691,6,bus,a photo of a bus,0.6185342833348756,GE_MAP,all,GE_POS3_CASR,0.8705402109950697,0.9513313137755102,0.9307901598458225,0.9858317824338116,0.8815697643206098,16657,16421,0,True,0.00922874093605801,1,True,False,0.25200592766019414,0,True
273711,55,orange,a photo of a orange,0.05058791359037462,GE_MAP,all,GE_MAP,0.05058791359037462,0.7924107142857143,0.09630400832899531,0.05062944718117132,0.9840425531914894,10962,555,7069,False,0.19076690211907166,67,False,False,0.0,-1,False
273711,55,orange,a photo of a orange,0.05058791359037462,GE_MAP,all,GE_POS3_SAM,0.12491694352159469,0.9475047831632653,0.22209096278795037,0.1332388377037562,0.6666666666666666,2822,376,2446,False,0.07786975717439294,67,True,False,0.07432902993122006,0,True
273711,55,orange,a photo of a orange,0.05058791359037462,GE_MAP,all,GE_POS3_SMART,0.12491694352159469,0.9475047831632653,0.22209096278795037,0.1332388377037562,0.6666666666666666,2822,376,2446,False,0.07786975717439294,67,True,False,0.07432902993122006,0,True
273711,55,orange,a photo of a orange,0.05058791359037462,GE_MAP,all,GE_POS3_CASR,0.12491694352159469,0.9475047831632653,0.22209096278795037,0.1332388377037562,0.6666666666666666,2822,376,2446,False,0.07786975717439294,67,True,False,0.07432902993122006,0,True
273711,47,cup,a photo of a cup,0.005307599517490953,GE_MAP,all,GE_MAP,0.005307599517490953,0.6713169642857143,0.010559155267578594,0.005556257103169592,0.10602409638554217,15838,88,11109,False,0.2478255660716425,67,False,False,0.0,-1,False
273711,47,cup,a photo of a cup,0.005307599517490953,GE_MAP,all,GE_POS3_SAM,0.0,0.9647042410714286,0.0,0.0,0.0,941,0,788,False,0.05801435406698564,62,False,False,-0.005307599517490953,1,True
273711,47,cup,a photo of a cup,0.005307599517490953,GE_MAP,all,GE_POS3_SMART,0.0,0.9613560267857143,0.0,0.0,0.0,1109,0,981,False,0.09,62,False,False,-0.005307599517490953,2,True
273711,47,cup,a photo of a cup,0.005307599517490953,GE_MAP,all,GE_POS3_CASR,0.0,0.9613560267857143,0.0,0.0,0.0,1109,0,981,False,0.09,62,False,False,-0.005307599517490953,2,True
570756,1,person,a photo of a person,0.10415608906941322,GE_MAP,all,GE_MAP,0.10415608906941322,0.7538464604591837,0.1886618931879393,0.10818140726231731,0.736788096459723,13274,1436,464,True,0.03849647173897855,38,True,False,0.0,-1,False
570756,1,person,a photo of a person,0.10415608906941322,GE_MAP,all,GE_POS3_SAM,0.011306303568172148,0.6758410395408163,0.02235980044479173,0.012663398692810458,0.09543355566957414,14688,186,52,True,0.0034521020835901863,38,True,False,-0.09284978550124107,0,True
570756,1,person,a photo of a person,0.10415608906941322,GE_MAP,all,GE_POS3_SMART,0.2080592105263158,0.9616151147959183,0.3444520081688223,0.5116279069767442,0.2596203181118522,989,506,307,True,0.14266725742135578,38,True,False,0.10390312145690257,1,True
570756,1,person,a photo of a person,0.10415608906941322,GE_MAP,all,GE_POS3_CASR,0.2080592105263158,0.9616151147959183,0.3444520081688223,0.5116279069767442,0.2596203181118522,989,506,307,True,0.14266725742135578,38,True,False,0.10390312145690257,1,True
570756,38,kite,a photo of a kite,0.12030310132020935,GE_MAP,all,GE_MAP,0.12030310132020935,0.7755699936224489,0.21476884457150827,0.12077484118892635,0.9685534591194969,12751,1540,617,True,0.048876204067070994,1,True,False,0.0,-1,False
570756,38,kite,a photo of a kite,0.12030310132020935,GE_MAP,all,GE_POS3_SAM,0.02515064186533927,0.3325693558673469,0.049067211857909535,0.025693639040057097,0.5433962264150943,33627,864,94,True,0.002705749718151071,1,True,False,-0.09515245945487008,0,True
570756,38,kite,a photo of a kite,0.12030310132020935,GE_MAP,all,GE_POS3_SMART,0.031119090365050867,0.9677335778061225,0.06035983749274521,0.39097744360902253,0.03270440251572327,133,52,26,True,0.01264591439688716,1,True,False,-0.08918401095515849,2,True
570756,38,kite,a photo of a kite,0.12030310132020935,GE_MAP,all,GE_POS3_CASR,0.031119090365050867,0.9677335778061225,0.06035983749274521,0.39097744360902253,0.03270440251572327,133,52,26,True,0.01264591439688716,1,True,False,-0.08918401095515849,2,True
25394,46,wine glass,a photo of a wine glass,0.08611166566846343,GE_MAP,all,GE_MAP,0.08611166566846343,0.7263034119897959,0.15856871515225782,0.08634725744027759,0.9692883895131086,14986,1294,6956,False,0.2004270082732853,47,False,False,0.0,-1,False
25394,46,wine glass,a photo of a wine glass,0.08611166566846343,GE_MAP,all,GE_POS3_SAM,0.5680546923555003,0.9861487563775511,0.724534284581847,0.7693602693602694,0.6846441947565544,1188,914,255,True,0.04841820987654321,44,True,False,0.4819430266870369,2,True
25394,46,wine glass,a photo of a wine glass,0.08611166566846343,GE_MAP,all,GE_POS3_SMART,0.6267392619479734,0.9877032844387755,0.7705466716251395,0.7651403249630724,0.7760299625468164,1354,1036,285,True,0.04672023920762474,44,True,False,0.54062759627951,1,True
25394,46,wine glass,a photo of a wine glass,0.08611166566846343,GE_MAP,all,GE_POS3_CASR,0.6267392619479734,0.9877032844387755,0.7705466716251395,0.7651403249630724,0.7760299625468164,1354,1036,285,True,0.04672023920762474,44,True,False,0.54062759627951,1,True
25394,44,bottle,a photo of a bottle,0.16797857220946757,GE_MAP,all,GE_MAP,0.16797857220946757,0.696647799744898,0.2876398184115692,0.17949766355140187,0.7235695785260183,17120,3073,6231,False,0.17345927351174859,47,False,False,0.0,-1,False
25394,44,bottle,a photo of a bottle,0.16797857220946757,GE_MAP,all,GE_POS3_SAM,0.09885636751308394,0.9073461415816326,0.17992591285941084,0.35864978902953587,0.1200847657169767,1422,510,878,False,0.4641529474243229,46,False,False,-0.06912220469638364,1,True
25394,44,bottle,a photo of a bottle,0.16797857220946757,GE_MAP,all,GE_POS3_SMART,0.09885636751308394,0.9073461415816326,0.17992591285941084,0.35864978902953587,0.1200847657169767,1422,510,878,False,0.4641529474243229,46,False,False,-0.06912220469638364,1,True
25394,44,bottle,a photo of a bottle,0.16797857220946757,GE_MAP,all,GE_POS3_CASR,0.09885636751308394,0.9073461415816326,0.17992591285941084,0.35864978902953587,0.1200847657169767,1422,510,878,False,0.4641529474243229,46,False,False,-0.06912220469638364,1,True
358195,1,person,a photo of a person,0.32405396135817993,GE_MAP,all,GE_MAP,0.32405396135817993,0.7643295599489796,0.48948754479126194,0.3934073560027759,0.6476636581743402,14410,5669,133,True,0.0098,41,True,False,0.0,-1,False
358195,1,person,a photo of a person,0.32405396135817993,GE_MAP,all,GE_POS3_SAM,0.8601603119584056,0.9742705676020408,0.9248238513946311,0.9431116389548694,0.9072318062378613,8420,7941,17,True,0.0027376259307928166,41,True,False,0.5361063506002257,0,True
358195,1,person,a photo of a person,0.32405396135817993,GE_MAP,all,GE_POS3_SMART,0.8601603119584056,0.9742705676020408,0.9248238513946311,0.9431116389548694,0.9072318062378613,8420,7941,17,True,0.0027376259307928166,41,True,False,0.5361063506002257,0,True
358195,1,person,a photo of a person,0.32405396135817993,GE_MAP,all,GE_POS3_CASR,0.8601603119584056,0.9742705676020408,0.9248238513946311,0.9431116389548694,0.9072318062378613,8420,7941,17,True,0.0027376259307928166,41,True,False,0.5361063506002257,0,True
358195,41,skateboard,a photo of a skateboard,0.08655314151497358,GE_MAP,all,GE_MAP,0.08655314151497358,0.8449856505102041,0.1593169044530912,0.08655314151497358,1.0,8515,737,1579,False,0.10969732022363601,1,False,False,0.0,-1,False
358195,41,skateboard,a photo of a skateboard,0.08655314151497358,GE_MAP,all,GE_POS3_SAM,0.012546550806880653,0.5561025191326531,0.02478217084811069,0.012804271106687177,0.383989145183175,22102,283,410,False,0.0159697069476457,1,False,False,-0.07400659070809293,0,True
358195,41,skateboard,a photo of a skateboard,0.08655314151497358,GE_MAP,all,GE_POS3_SMART,0.16184288245717662,0.9434390943877551,0.2785968479918658,0.17141069752893337,0.7435549525101763,3197,548,109,True,0.01875532821824382,1,True,False,0.07528974094220305,2,True
358195,41,skateboard,a photo of a skateboard,0.08655314151497358,GE_MAP,all,GE_POS3_CASR,0.16184288245717662,0.9434390943877551,0.2785968479918658,0.17141069752893337,0.7435549525101763,3197,548,109,True,0.01875532821824382,1,True,False,0.07528974094220305,2,True
438907,41,skateboard,a photo of a skateboard,0.10157632298536272,GE_MAP,all,GE_MAP,0.10157632298536272,0.7773636798469388,0.18441994597357086,0.10185483870967742,0.9737856592135697,12400,1263,3666,False,0.2010502625656414,1,False,False,0.0,-1,False
438907,41,skateboard,a photo of a skateboard,0.10157632298536272,GE_MAP,all,GE_POS3_SAM,0.8207831325301205,0.9952566964285714,0.901571546732837,0.9723461195361285,0.8404009252120278,1121,1090,7,True,0.007054354707425161,1,True,False,0.7192068095447578,1,True
438907,41,skateboard,a photo of a skateboard,0.10157632298536272,GE_MAP,all,GE_POS3_SMART,0.8207831325301205,0.9952566964285714,0.901571546732837,0.9723461195361285,0.8404009252120278,1121,1090,7,True,0.007054354707425161,1,True,False,0.7192068095447578,1,True
438907,41,skateboard,a photo of a skateboard,0.10157632298536272,GE_MAP,all,GE_POS3_CASR,0.8207831325301205,0.9952566964285714,0.901571546732837,0.9723461195361285,0.8404009252120278,1121,1090,7,True,0.007054354707425161,1,True,False,0.7192068095447578,1,True
438907,1,person,a photo of a person,0.3140350877192982,GE_MAP,all,GE_MAP,0.3140350877192982,0.758430325255102,0.4779706275033378,0.4202196137826581,0.5541242260834831,13205,5549,503,True,0.03875080581620228,41,True,False,0.0,-1,False
438907,1,person,a photo of a person,0.3140350877192982,GE_MAP,all,GE_POS3_SAM,0.0033513869355755706,0.3361965880102041,0.006680385315081566,0.004762512225198793,0.011184341921310166,23517,112,0,True,0.0,-1,True,False,-0.31068370078372265,0,True
438907,1,person,a photo of a person,0.3140350877192982,GE_MAP,all,GE_POS3_SMART,0.002782116360796564,0.5928132971938775,0.005548795327330251,0.005412591396828412,0.005692031156381066,10531,57,0,True,0.0,-1,True,False,-0.31125297135850166,1,True
438907,1,person,a photo of a person,0.3140350877192982,GE_MAP,all,GE_POS3_CASR,0.3140350877192982,0.758430325255102,0.4779706275033378,0.4202196137826581,0.5541242260834831,13205,5549,503,True,0.03875080581620228,41,True,False,0.0,1,False
267300,65,bed,a photo of a bed,0.3143971400714982,GE_MAP,all,GE_MAP,0.3143971400714982,0.7897799744897959,0.4783898724161804,0.32145942712833125,0.9346859903381642,15047,4837,8191,False,0.21341949190050455,18,True,False,0.0,-1,False
267300,65,bed,a photo of a bed,0.3143971400714982,GE_MAP,all,GE_POS3_SAM,0.8466386554621849,0.9839963329081632,0.9169510807736063,0.9864263462394304,0.8566183574879227,4494,4433,46,True,0.006055220982657057,18,True,False,0.5322415153906866,2,True
267300,65,bed,a photo of a bed,0.3143971400714982,GE_MAP,all,GE_POS3_SMART,0.8673488724654159,0.9860491071428571,0.9289628577227522,0.9782004701859371,0.8844444444444445,4679,4577,90,True,0.008029890859034447,18,True,False,0.5529517323939177,1,True
267300,65,bed,a photo of a bed,0.3143971400714982,GE_MAP,all,GE_POS3_CASR,0.8673488724654159,0.9860491071428571,0.9289628577227522,0.9782004701859371,0.8844444444444445,4679,4577,90,True,0.008029890859034447,18,True,False,0.5529517323939177,1,True
267300,64,potted plant,a photo of a potted plant,0.31396476482948116,GE_MAP,all,GE_MAP,0.31396476482948116,0.8308155293367347,0.4778891690755889,0.32818043588443996,0.8787604614340647,11838,3885,4994,False,0.14761789454567467,18,True,False,0.0,-1,False
267300,64,potted plant,a photo of a potted plant,0.31396476482948116,GE_MAP,all,GE_POS3_SAM,0.4055432372505543,0.9465680803571429,0.5770626281747909,0.9535974973931178,0.4137073060393576,1918,1829,71,True,0.002542615671107291,18,True,False,0.09157847242107314,1,True
267300,64,potted plant,a photo of a potted plant,0.31396476482948116,GE_MAP,all,GE_POS3_SMART,0.4055432372505543,0.9465680803571429,0.5770626281747909,0.9535974973931178,0.4137073060393576,1918,1829,71,True,0.002542615671107291,18,True,False,0.09157847242107314,1,True
267300,64,potted plant,a photo of a potted plant,0.31396476482948116,GE_MAP,all,GE_POS3_CASR,0.4055432372505543,0.9465680803571429,0.5770626281747909,0.9535974973931178,0.4137073060393576,1918,1829,71,True,0.002542615671107291,18,True,False,0.09157847242107314,1,True
366611,37,sports ball,a photo of a sports ball,0.11404687266756232,GE_MAP,all,GE_MAP,0.11404687266756232,0.8817163584183674,0.20474340077716735,0.11404687266756232,1.0,6699,764,1207,False,0.1564210258368334,18,False,False,0.0,-1,False
366611,37,sports ball,a photo of a sports ball,0.11404687266756232,GE_MAP,all,GE_POS3_SAM,0.4326036866359447,0.9803691007653061,0.6039404905508645,0.4358676726639582,0.9829842931937173,1723,751,825,False,0.25957707631014404,18,True,False,0.31855681396838237,1,True
366611,37,sports ball,a photo of a sports ball,0.11404687266756232,GE_MAP,all,GE_POS3_SMART,0.8519774011299435,0.9973891900510204,0.9200732153752288,0.8617142857142858,0.9869109947643979,875,754,67,True,0.02804916482823826,18,True,False,0.7379305284623812,2,True
366611,37,sports ball,a photo of a sports ball,0.11404687266756232,GE_MAP,all,GE_POS3_CASR,0.8519774011299435,0.9973891900510204,0.9200732153752288,0.8617142857142858,0.9869109947643979,875,754,67,True,0.02804916482823826,18,True,False,0.7379305284623812,2,True
366611,18,dog,a photo of a dog,0.3508533454161003,GE_MAP,all,GE_MAP,0.3508533454161003,0.9143415178571429,0.5194543828264758,0.35427787097758123,0.9731881022203602,6557,2323,350,True,0.052018968242563586,37,True,False,0.0,-1,False
366611,18,dog,a photo of a dog,0.3508533454161003,GE_MAP,all,GE_POS3_SAM,0.7005909389363099,0.9818239795918368,0.8239382239382239,0.7640529896168994,0.8940092165898618,2793,2134,553,True,0.18923436977599464,37,True,False,0.34973759352020956,1,True
366611,18,dog,a photo of a dog,0.3508533454161003,GE_MAP,all,GE_POS3_SMART,0.7005909389363099,0.9818239795918368,0.8239382239382239,0.7640529896168994,0.8940092165898618,2793,2134,553,True,0.18923436977599464,37,True,False,0.34973759352020956,1,True
366611,18,dog,a photo of a dog,0.3508533454161003,GE_MAP,all,GE_POS3_CASR,0.7005909389363099,0.9818239795918368,0.8239382239382239,0.7640529896168994,0.8940092165898618,2793,2134,553,True,0.18923436977599464,37,True,False,0.34973759352020956,1,True
109976,78,microwave,a photo of a microwave,0.20885962554868762,GE_MAP,all,GE_MAP,0.20885962554868762,0.6479791135204082,0.34554818629812145,0.2109572927976837,0.9545547594677585,22104,4663,5915,False,0.23889302556465625,79,False,False,0.0,-1,False
109976,78,microwave,a photo of a microwave,0.20885962554868762,GE_MAP,all,GE_POS3_SAM,0.4965950202170675,0.9057118941326531,0.6636331318876644,0.5083877995642702,0.9553735926305016,9180,4667,3082,True,0.21999283410963813,79,True,False,0.28773539466837983,1,True
109976,78,microwave,a photo of a microwave,0.20885962554868762,GE_MAP,all,GE_POS3_SMART,0.4965950202170675,0.9057118941326531,0.6636331318876644,0.5083877995642702,0.9553735926305016,9180,4667,3082,True,0.21999283410963813,79,True,False,0.28773539466837983,1,True
109976,78,microwave,a photo of a microwave,0.20885962554868762,GE_MAP,all,GE_POS3_CASR,0.4965950202170675,0.9057118941326531,0.6636331318876644,0.5083877995642702,0.9553735926305016,9180,4667,3082,True,0.21999283410963813,79,True,False,0.28773539466837983,1,True
109976,79,oven,a photo of a oven,0.2252013996256815,GE_MAP,all,GE_MAP,0.2252013996256815,0.620475924744898,0.3676153156444061,0.24856296030177832,0.7055449330783938,22268,5535,4445,True,0.19380083534842824,78,True,False,0.0,-1,False
109976,79,oven,a photo of a oven,0.2252013996256815,GE_MAP,all,GE_POS3_SAM,0.3306377315999591,0.8696787308673469,0.49696130471574734,0.626697710516104,0.4117272147864882,5154,3230,48,True,0.004804323891502352,78,True,False,0.10543633197427757,1,True
109976,79,oven,a photo of a oven,0.2252013996256815,GE_MAP,all,GE_POS3_SMART,0.3595576123617539,0.837272799744898,0.5289332487163214,0.4831365935919056,0.584321223709369,9488,4584,337,True,0.024009689370190938,78,True,False,0.13435621273607237,0,True
109976,79,oven,a photo of a oven,0.2252013996256815,GE_MAP,all,GE_POS3_CASR,0.3595576123617539,0.837272799744898,0.5289332487163214,0.4831365935919056,0.584321223709369,9488,4584,337,True,0.024009689370190938,78,True,False,0.13435621273607237,0,True
378873,1,person,a photo of a person,0.16447120812946933,GE_MAP,all,GE_MAP,0.16447120812946933,0.7345344387755102,0.28248222365869424,0.18045423262216104,0.6499752107089737,14530,2622,629,True,0.021571343756184445,8,True,False,0.0,-1,False
378873,1,person,a photo of a person,0.16447120812946933,GE_MAP,all,GE_POS3_SAM,0.0,0.8878148915816326,0.0,0.0,0.0,1595,0,0,False,0.0,-1,False,False,-0.16447120812946933,2,True
378873,1,person,a photo of a person,0.16447120812946933,GE_MAP,all,GE_POS3_SMART,0.0,0.8878148915816326,0.0,0.0,0.0,1595,0,0,False,0.0,-1,False,False,-0.16447120812946933,2,True
378873,1,person,a photo of a person,0.16447120812946933,GE_MAP,all,GE_POS3_CASR,0.0,0.8878148915816326,0.0,0.0,0.0,1595,0,0,False,0.0,-1,False,False,-0.16447120812946933,2,True
378873,57,carrot,a photo of a carrot,0.0200915280723295,GE_MAP,all,GE_MAP,0.0200915280723295,0.6500717474489796,0.03939161833898676,0.02032176121930567,0.6394316163410302,17715,360,744,False,0.03163836448154824,1,False,False,0.0,-1,False
378873,57,carrot,a photo of a carrot,0.0200915280723295,GE_MAP,all,GE_POS3_SAM,0.0,0.908561862244898,0.0,0.0,0.0,4025,0,576,False,0.07697447547774956,1,False,False,-0.0200915280723295,0,True
378873,57,carrot,a photo of a carrot,0.0200915280723295,GE_MAP,all,GE_POS3_SMART,0.0,0.908561862244898,0.0,0.0,0.0,4025,0,576,False,0.07697447547774956,1,False,False,-0.0200915280723295,0,True
378873,57,carrot,a photo of a carrot,0.0200915280723295,GE_MAP,all,GE_POS3_CASR,0.0,0.908561862244898,0.0,0.0,0.0,4025,0,576,False,0.07697447547774956,1,False,False,-0.0200915280723295,0,True
362520,1,person,a photo of a person,0.503887247101614,GE_MAP,all,GE_MAP,0.503887247101614,0.7825255102040817,0.6701130660862205,0.5771494037389991,0.7987747747747748,19203,11083,2547,True,0.09216366158113731,41,True,False,0.0,-1,False
362520,1,person,a photo of a person,0.503887247101614,GE_MAP,all,GE_POS3_SAM,0.7783405864307626,0.9380779655612245,0.8753560396357364,0.9871516467607673,0.7863063063063063,11052,10910,0,True,0.00025705839509875325,41,True,False,0.2744533393291486,0,True
362520,1,person,a photo of a person,0.503887247101614,GE_MAP,all,GE_POS3_SMART,0.7783405864307626,0.9380779655612245,0.8753560396357364,0.9871516467607673,0.7863063063063063,11052,10910,0,True,0.00025705839509875325,41,True,False,0.2744533393291486,0,True
362520,1,person,a photo of a person,0.503887247101614,GE_MAP,all,GE_POS3_CASR,0.7783405864307626,0.9380779655612245,0.8753560396357364,0.9871516467607673,0.7863063063063063,11052,10910,0,True,0.00025705839509875325,41,True,False,0.2744533393291486,0,True
362520,41,skateboard,a photo of a skateboard,0.3984576961836744,GE_MAP,all,GE_MAP,0.3984576961836744,0.7263831313775511,0.5698530563649465,0.4634593823259607,0.7396502643350956,19622,9094,3689,True,0.13020446723800527,1,True,False,0.0,-1,False
362520,41,skateboard,a photo of a skateboard,0.3984576961836744,GE_MAP,all,GE_POS3_SAM,0.24217687074829933,0.6780731823979592,0.3899233296823658,0.3639825130447046,0.4198454656364376,14182,5162,5,True,0.000998965357308502,1,True,False,-0.15628082543537505,0,True
362520,41,skateboard,a photo of a skateboard,0.3984576961836744,GE_MAP,all,GE_POS3_SMART,0.732124143490528,0.9337731186224489,0.8453483501652161,0.9880330722367275,0.7386742578283855,9192,9082,103,True,0.006808956396490769,1,True,False,0.33366644730685363,1,True
362520,41,skateboard,a photo of a skateboard,0.3984576961836744,GE_MAP,all,GE_POS3_CASR,0.732124143490528,0.9337731186224489,0.8453483501652161,0.9880330722367275,0.7386742578283855,9192,9082,103,True,0.006808956396490769,1,True,False,0.33366644730685363,1,True
227044,81,sink,a photo of a sink,0.4723905723905724,GE_MAP,all,GE_MAP,0.4723905723905724,0.8126195790816326,0.6416647610336154,0.5200790806870135,0.8374452845204934,16186,8418,1582,True,0.04627202341035176,47,True,False,0.0,-1,False
227044,81,sink,a photo of a sink,0.4723905723905724,GE_MAP,all,GE_POS3_SAM,0.8980097133606323,0.9786551339285714,0.9462646129145552,0.9545500556736511,0.9381217668125746,9879,9430,33,True,0.003984217855485069,17,True,False,0.4256191409700599,1,True
227044,81,sink,a photo of a sink,0.4723905723905724,GE_MAP,all,GE_POS3_SMART,0.8488912732474965,0.9663185586734694,0.9182706257858594,0.8934688499905892,0.9444886589733387,10626,9494,106,True,0.006900712696557185,17,True,False,0.37650070085692405,0,True
227044,81,sink,a photo of a sink,0.4723905723905724,GE_MAP,all,GE_POS3_CASR,0.8488912732474965,0.9663185586734694,0.9182706257858594,0.8934688499905892,0.9444886589733387,10626,9494,106,True,0.006900712696557185,17,True,False,0.37650070085692405,0,True
227044,17,cat,a photo of a cat,0.7610309715740348,GE_MAP,all,GE_MAP,0.7610309715740348,0.9101961096938775,0.8643016322351382,0.837711617046118,0.8926349838268226,17130,14350,312,True,0.015276584618832406,81,True,False,0.0,-1,False
227044,17,cat,a photo of a cat,0.7610309715740348,GE_MAP,all,GE_POS3_SAM,0.13394664213431462,0.7185706313775511,0.23624858023689763,0.9050973891421467,0.1358546902214481,2413,2184,0,True,0.0,-1,True,False,-0.6270843294397201,1,True
227044,17,cat,a photo of a cat,0.7610309715740348,GE_MAP,all,GE_POS3_SMART,0.8714583450684391,0.9545200892857143,0.9313147122562003,0.9022043386983905,0.9623662602637472,17148,15471,647,True,0.03186646433990895,81,True,False,0.11042737349440435,0,True
227044,17,cat,a photo of a cat,0.7610309715740348,GE_MAP,all,GE_POS3_CASR,0.8714583450684391,0.9545200892857143,0.9313147122562003,0.9022043386983905,0.9623662602637472,17148,15471,647,True,0.03186646433990895,81,True,False,0.11042737349440435,0,True
125572,1,person,a photo of a person,0.06738072054527751,GE_MAP,all,GE_MAP,0.06738072054527751,0.7136678890306123,0.12625433315088488,0.0710423653411813,0.5665938864628821,14611,1038,984,True,0.052199294053760524,2,True,False,0.0,-1,False
125572,1,person,a photo of a person,0.06738072054527751,GE_MAP,all,GE_POS3_SAM,0.004425338222278417,0.8430723852040817,0.008811681772406849,0.005726439790575916,0.01910480349344978,6112,35,5,True,0.0006426735218508997,31,True,False,-0.06295538232299909,0,True
125572,1,person,a photo of a person,0.06738072054527751,GE_MAP,all,GE_POS3_SMART,0.0033298017254427123,0.8687619579081632,0.006637501885653945,0.004586199708150928,0.012008733624454149,4797,22,1,True,0.00017587055926837847,2,True,False,-0.0640509188198348,2,True
125572,1,person,a photo of a person,0.06738072054527751,GE_MAP,all,GE_POS3_CASR,0.06738072054527751,0.7136678890306123,0.12625433315088488,0.0710423653411813,0.5665938864628821,14611,1038,984,True,0.052199294053760524,2,True,False,0.0,2,False
125572,2,bicycle,a photo of a bicycle,0.19616486665197266,GE_MAP,all,GE_MAP,0.19616486665197266,0.9273158482142857,0.3279896812235121,0.19616486665197266,1.0,4537,890,952,False,0.13529411764705881,1,True,False,0.0,-1,False
125572,2,bicycle,a photo of a bicycle,0.19616486665197266,GE_MAP,all,GE_POS3_SAM,0.5450361604207759,0.9862085459183674,0.705531914893617,0.5678082191780822,0.9314606741573034,1460,829,471,True,0.17194731221075116,1,True,False,0.3488712937688032,0,True
125572,2,bicycle,a photo of a bicycle,0.19616486665197266,GE_MAP,all,GE_POS3_SMART,0.5931372549019608,0.9884207589285714,0.7446153846153846,0.6115523465703971,0.9516853932584269,1385,847,418,True,0.15677813736066162,1,True,False,0.39697238824998815,1,True
125572,2,bicycle,a photo of a bicycle,0.19616486665197266,GE_MAP,all,GE_POS3_CASR,0.5931372549019608,0.9884207589285714,0.7446153846153846,0.6115523465703971,0.9516853932584269,1385,847,418,True,0.15677813736066162,1,True,False,0.39697238824998815,1,True
277584,17,cat,a photo of a cat,0.4352568613652357,GE_MAP,all,GE_MAP,0.4352568613652357,0.9360251913265306,0.6065212061779848,0.45137748586024445,0.9241688457228241,5481,2474,2359,True,0.19325239411788275,15,True,False,0.0,-1,False
277584,17,cat,a photo of a cat,0.4352568613652357,GE_MAP,all,GE_POS3_SAM,0.8163412870571222,0.989875637755102,0.8988853503184714,0.962079250106519,0.8434815091520359,2347,2258,89,True,0.09658833696859953,15,True,False,0.38108442569188644,1,True
277584,17,cat,a photo of a cat,0.4352568613652357,GE_MAP,all,GE_POS3_SMART,0.8163412870571222,0.989875637755102,0.8988853503184714,0.962079250106519,0.8434815091520359,2347,2258,89,True,0.09658833696859953,15,True,False,0.38108442569188644,1,True
277584,17,cat,a photo of a cat,0.4352568613652357,GE_MAP,all,GE_POS3_CASR,0.8163412870571222,0.989875637755102,0.8988853503184714,0.962079250106519,0.8434815091520359,2347,2258,89,True,0.09658833696859953,15,True,False,0.38108442569188644,1,True
277584,15,bench,a photo of a bench,0.5410273257836354,GE_MAP,all,GE_MAP,0.5410273257836354,0.7633330676020408,0.7021644804494495,0.8989211405086052,0.5760730894275484,15572,13998,0,True,0.006841379310344828,17,True,False,0.0,-1,False
277584,15,bench,a photo of a bench,0.5410273257836354,GE_MAP,all,GE_POS3_SAM,0.6924704976911237,0.8088727678571429,0.8182955019136762,0.7582429158327189,0.8886785464422404,28479,21594,11,True,0.013697738734341956,17,True,False,0.15144317190748824,0,True
277584,15,bench,a photo of a bench,0.5410273257836354,GE_MAP,all,GE_POS3_SMART,0.8207239523887168,0.9123485331632653,0.9015358438185644,0.9885599253694702,0.8285937692909173,20367,20134,0,True,0.0015211439002129601,17,True,False,0.2796966266050813,1,True
277584,15,bench,a photo of a bench,0.5410273257836354,GE_MAP,all,GE_POS3_CASR,0.8207239523887168,0.9123485331632653,0.9015358438185644,0.9885599253694702,0.8285937692909173,20367,20134,0,True,0.0015211439002129601,17,True,False,0.2796966266050813,1,True
440171,22,elephant,a photo of a elephant,0.6489524262283949,GE_MAP,all,GE_MAP,0.6489524262283949,0.7939652423469388,0.7871087314662274,0.9455274094597269,0.6741569070128404,20212,19111,17,True,0.000849845685914926,1,True,False,0.0,-1,False
440171,22,elephant,a photo of a elephant,0.6489524262283949,GE_MAP,all,GE_POS3_SAM,0.9268498348675427,0.9585060586734694,0.962036395463331,0.9956971389748622,0.9305771130238465,26494,26380,0,True,0.0,-1,True,False,0.2778974086391478,0,True
440171,22,elephant,a photo of a elephant,0.6489524262283949,GE_MAP,all,GE_POS3_SMART,0.9268498348675427,0.9585060586734694,0.962036395463331,0.9956971389748622,0.9305771130238465,26494,26380,0,True,0.0,-1,True,False,0.2778974086391478,0,True
440171,22,elephant,a photo of a elephant,0.6489524262283949,GE_MAP,all,GE_POS3_CASR,0.9268498348675427,0.9585060586734694,0.962036395463331,0.9956971389748622,0.9305771130238465,26494,26380,0,True,0.0,-1,True,False,0.2778974086391478,0,True
440171,1,person,a photo of a person,0.14962653602120313,GE_MAP,all,GE_MAP,0.14962653602120313,0.7889827806122449,0.26030459689814167,0.15333333333333332,0.86090573012939,12150,1863,3797,False,0.10369825307279318,22,True,False,0.0,-1,False
440171,1,person,a photo of a person,0.14962653602120313,GE_MAP,all,GE_POS3_SAM,0.11264822134387352,0.9373604910714286,0.2024866785079929,0.2245357343837929,0.1843807763401109,1777,399,1267,False,0.04390463649594566,22,True,False,-0.03697831467732961,2,True
440171,1,person,a photo of a person,0.14962653602120313,GE_MAP,all,GE_POS3_SMART,0.11264822134387352,0.9373604910714286,0.2024866785079929,0.2245357343837929,0.1843807763401109,1777,399,1267,False,0.04390463649594566,22,True,False,-0.03697831467732961,2,True
440171,1,person,a photo of a person,0.14962653602120313,GE_MAP,all,GE_POS3_CASR,0.11264822134387352,0.9373604910714286,0.2024866785079929,0.2245357343837929,0.1843807763401109,1777,399,1267,False,0.04390463649594566,22,True,False,-0.03697831467732961,2,True
450399,51,bowl,a photo of a bowl,0.04103462863358917,GE_MAP,all,GE_MAP,0.04103462863358917,0.6837531887755102,0.07883432021363056,0.042993731399987335,0.473831123517097,15793,679,4899,False,0.13901881866637658,1,False,False,0.0,-1,False
450399,51,bowl,a photo of a bowl,0.04103462863358917,GE_MAP,all,GE_POS3_SAM,0.0743730407523511,0.7646085778061225,0.13844919396017216,0.07730531117627892,0.6622470341939986,12276,949,7933,False,0.3892430278884462,1,False,False,0.03333841211876193,0,True
450399,51,bowl,a photo of a bowl,0.04103462863358917,GE_MAP,all,GE_POS3_SMART,0.0743730407523511,0.7646085778061225,0.13844919396017216,0.07730531117627892,0.6622470341939986,12276,949,7933,False,0.3892430278884462,1,False,False,0.03333841211876193,0,True
450399,51,bowl,a photo of a bowl,0.04103462863358917,GE_MAP,all,GE_POS3_CASR,0.04103462863358917,0.6837531887755102,0.07883432021363056,0.042993731399987335,0.473831123517097,15793,679,4899,False,0.13901881866637658,1,False,False,0.0,0,False
450399,60,donut,a photo of a donut,0.2684577956420563,GE_MAP,all,GE_MAP,0.2684577956420563,0.7932477678571429,0.42328218812541696,0.29649532710280374,0.7395104895104895,12840,3807,2296,True,0.07946140716859473,1,True,False,0.0,-1,False
450399,60,donut,a photo of a donut,0.2684577956420563,GE_MAP,all,GE_POS3_SAM,0.17882775119617225,0.7810905612244898,0.30339928970065955,0.22523540489642185,0.46464646464646464,10620,2392,87,True,0.008872520297982757,51,True,False,-0.08963004444588404,0,True
450399,60,donut,a photo of a donut,0.2684577956420563,GE_MAP,all,GE_POS3_SMART,0.17882775119617225,0.7810905612244898,0.30339928970065955,0.22523540489642185,0.46464646464646464,10620,2392,87,True,0.008872520297982757,51,True,False,-0.08963004444588404,0,True
450399,60,donut,a photo of a donut,0.2684577956420563,GE_MAP,all,GE_POS3_CASR,0.17882775119617225,0.7810905612244898,0.30339928970065955,0.22523540489642185,0.46464646464646464,10620,2392,87,True,0.008872520297982757,51,True,False,-0.08963004444588404,0,True
565778,1,person,a photo of a person,0.042328042328042326,GE_MAP,all,GE_MAP,0.042328042328042326,0.7186304209183674,0.08121827411167512,0.042391304347826085,0.9659442724458205,14720,624,4107,False,0.15179193719966252,7,False,False,0.0,-1,False
565778,1,person,a photo of a person,0.042328042328042326,GE_MAP,all,GE_POS3_SAM,0.036594346569988105,0.6610530931122449,0.07060495109022351,0.036594346569988105,1.0,17653,646,16227,False,0.9018391313981831,7,False,True,-0.0057336957580542205,0,True
565778,1,person,a photo of a person,0.042328042328042326,GE_MAP,all,GE_POS3_SMART,0.036594346569988105,0.6610530931122449,0.07060495109022351,0.036594346569988105,1.0,17653,646,16227,False,0.9018391313981831,7,False,True,-0.0057336957580542205,0,True
565778,1,person,a photo of a person,0.042328042328042326,GE_MAP,all,GE_POS3_CASR,0.036594346569988105,0.6610530931122449,0.07060495109022351,0.036594346569988105,1.0,17653,646,16227,False,0.9018391313981831,7,False,True,-0.0057336957580542205,0,True
565778,7,train,a photo of a train,0.5346386169548011,GE_MAP,all,GE_MAP,0.5346386169548011,0.7773636798469388,0.6967615841906675,0.6366071428571428,0.7694705917620961,20160,12834,292,True,0.014877323057411834,1,True,False,0.0,-1,False
565778,7,train,a photo of a train,0.5346386169548011,GE_MAP,all,GE_POS3_SAM,0.9092482000334877,0.9675940688775511,0.9524672591206735,0.9293741799304011,0.9767372144612987,17529,16291,482,True,0.02910367476360342,1,True,False,0.37460958307868664,0,True
565778,7,train,a photo of a train,0.5346386169548011,GE_MAP,all,GE_POS3_SMART,0.9092482000334877,0.9675940688775511,0.9524672591206735,0.9293741799304011,0.9767372144612987,17529,16291,482,True,0.02910367476360342,1,True,False,0.37460958307868664,0,True
565778,7,train,a photo of a train,0.5346386169548011,GE_MAP,all,GE_POS3_CASR,0.9092482000334877,0.9675940688775511,0.9524672591206735,0.9293741799304011,0.9767372144612987,17529,16291,482,True,0.02910367476360342,1,True,False,0.37460958307868664,0,True
366199,17,cat,a photo of a cat,0.39237095859330684,GE_MAP,all,GE_MAP,0.39237095859330684,0.9146006058673469,0.563601181383033,0.3924266061551553,0.9996387283236994,7051,2767,1757,True,0.08166954565540513,65,True,False,0.0,-1,False
366199,17,cat,a photo of a cat,0.39237095859330684,GE_MAP,all,GE_POS3_SAM,0.8277428371767994,0.9901745854591837,0.9057541579047983,0.9618351603735282,0.8558526011560693,2463,2369,47,True,0.007441482884589365,65,True,False,0.4353718785834926,1,True
366199,17,cat,a photo of a cat,0.39237095859330684,GE_MAP,all,GE_POS3_SMART,0.8277428371767994,0.9901745854591837,0.9057541579047983,0.9618351603735282,0.8558526011560693,2463,2369,47,True,0.007441482884589365,65,True,False,0.4353718785834926,1,True
366199,17,cat,a photo of a cat,0.39237095859330684,GE_MAP,all,GE_POS3_CASR,0.8277428371767994,0.9901745854591837,0.9057541579047983,0.9618351603735282,0.8558526011560693,2463,2369,47,True,0.007441482884589365,65,True,False,0.4353718785834926,1,True
366199,65,bed,a photo of a bed,0.3757395362510565,GE_MAP,all,GE_MAP,0.3757395362510565,0.6614317602040817,0.5462364442545008,0.582189830894494,0.5144654088050314,17563,10225,55,True,0.003603514660874716,17,True,False,0.0,-1,False
366199,65,bed,a photo of a bed,0.3757395362510565,GE_MAP,all,GE_POS3_SAM,0.8994731197836527,0.95703125,0.9470764396877608,0.9246512965537075,0.9706163522012579,20863,19291,0,True,0.003311680040759139,17,True,False,0.5237335835325962,1,True
366199,65,bed,a photo of a bed,0.3757395362510565,GE_MAP,all,GE_POS3_SMART,0.8994731197836527,0.95703125,0.9470764396877608,0.9246512965537075,0.9706163522012579,20863,19291,0,True,0.003311680040759139,17,True,False,0.5237335835325962,1,True
366199,65,bed,a photo of a bed,0.3757395362510565,GE_MAP,all,GE_POS3_CASR,0.8994731197836527,0.95703125,0.9470764396877608,0.9246512965537075,0.9706163522012579,20863,19291,0,True,0.003311680040759139,17,True,False,0.5237335835325962,1,True
165039,3,car,a photo of a car,0.18512506456135172,GE_MAP,all,GE_MAP,0.18512506456135172,0.7798947704081632,0.31241439422238826,0.18735065710872162,0.9397003745318352,13392,2509,8385,False,0.3314285714285714,6,False,False,0.0,-1,False
165039,3,car,a photo of a car,0.18512506456135172,GE_MAP,all,GE_POS3_SAM,0.9272858171346292,0.9959741709183674,0.962271199103474,0.9597615499254843,0.9647940074906367,2684,2576,31,True,0.0015664861477867789,6,True,False,0.7421607525732775,1,True
165039,3,car,a photo of a car,0.18512506456135172,GE_MAP,all,GE_POS3_SMART,0.9272858171346292,0.9959741709183674,0.962271199103474,0.9597615499254843,0.9647940074906367,2684,2576,31,True,0.0015664861477867789,6,True,False,0.7421607525732775,1,True
165039,3,car,a photo of a car,0.18512506456135172,GE_MAP,all,GE_POS3_CASR,0.9272858171346292,0.9959741709183674,0.962271199103474,0.9597615499254843,0.9647940074906367,2684,2576,31,True,0.0015664861477867789,6,True,False,0.7421607525732775,1,True
165039,10,traffic light,a photo of a traffic light,0.0318926786053281,GE_MAP,all,GE_MAP,0.0318926786053281,0.6950932716836735,0.061813944931624454,0.03190479204912325,0.9882352941176471,15797,504,7774,False,0.18961587450559764,6,False,False,0.0,-1,False
165039,10,traffic light,a photo of a traffic light,0.0318926786053281,GE_MAP,all,GE_POS3_SAM,0.02134461683121768,0.5851403061224489,0.04179709077517953,0.02140096162911285,0.8901960784313725,21214,454,20039,False,0.7444776119402985,6,False,True,-0.010548061774110423,0,True
165039,10,traffic light,a photo of a traffic light,0.0318926786053281,GE_MAP,all,GE_POS3_SMART,0.02134461683121768,0.5851403061224489,0.04179709077517953,0.02140096162911285,0.8901960784313725,21214,454,20039,False,0.7444776119402985,6,False,True,-0.010548061774110423,0,True
165039,10,traffic light,a photo of a traffic light,0.0318926786053281,GE_MAP,all,GE_POS3_CASR,0.02134461683121768,0.5851403061224489,0.04179709077517953,0.02140096162911285,0.8901960784313725,21214,454,20039,False,0.7444776119402985,6,False,True,-0.010548061774110423,0,True
297830,44,bottle,a photo of a bottle,0.10133109485549827,GE_MAP,all,GE_MAP,0.10133109485549827,0.8506457270408163,0.1840156794425087,0.1013432477812425,0.9988179669030733,8338,845,3727,False,0.15962139706197268,18,False,False,0.0,-1,False
297830,44,bottle,a photo of a bottle,0.10133109485549827,GE_MAP,all,GE_POS3_SAM,0.8384539147670962,0.9967514349489796,0.9121293800539083,0.8384539147670962,1.0,1009,846,0,True,0.0,-1,True,False,0.7371228199115979,1,True
297830,44,bottle,a photo of a bottle,0.10133109485549827,GE_MAP,all,GE_POS3_SMART,0.8384539147670962,0.9967514349489796,0.9121293800539083,0.8384539147670962,1.0,1009,846,0,True,0.0,-1,True,False,0.7371228199115979,1,True
297830,44,bottle,a photo of a bottle,0.10133109485549827,GE_MAP,all,GE_POS3_CASR,0.8384539147670962,0.9967514349489796,0.9121293800539083,0.8384539147670962,1.0,1009,846,0,True,0.0,-1,True,False,0.7371228199115979,1,True
297830,18,dog,a photo of a dog,0.6222836823389964,GE_MAP,all,GE_MAP,0.6222836823389964,0.8475765306122449,0.7671699951290794,0.892983699503898,0.6724303554274735,14110,12600,0,True,0.0,-1,True,False,0.0,-1,False
297830,18,dog,a photo of a dog,0.6222836823389964,GE_MAP,all,GE_POS3_SAM,0.14963561891589977,0.6814014668367347,0.2603183416620396,0.9787752261656228,0.15012274522360977,2874,2813,0,True,0.0,-1,True,False,-0.4726480634230967,2,True
297830,18,dog,a photo of a dog,0.6222836823389964,GE_MAP,all,GE_POS3_SMART,0.888622578751712,0.9546197385204082,0.9410271684235062,0.9141548835102904,0.9695271640516597,19873,18167,0,True,0.0,-1,True,False,0.2663388964127156,0,True
297830,18,dog,a photo of a dog,0.6222836823389964,GE_MAP,all,GE_POS3_CASR,0.888622578751712,0.9546197385204082,0.9410271684235062,0.9141548835102904,0.9695271640516597,19873,18167,0,True,0.0,-1,True,False,0.2663388964127156,0,True
261318,1,person,a photo of a person,0.30596968373775807,GE_MAP,all,GE_MAP,0.30596968373775807,0.7782605229591837,0.46857088269010316,0.38747136424678097,0.5926060166727075,12659,4905,2330,True,0.17885845917583823,62,True,False,0.0,-1,False
261318,1,person,a photo of a person,0.30596968373775807,GE_MAP,all,GE_POS3_SAM,0.5626460963066854,0.8881337691326531,0.7201196709050112,0.6130922058074376,0.8724175425878942,11778,7221,168,True,0.1691917858839677,62,True,False,0.2566764125689273,0,True
261318,1,person,a photo of a person,0.30596968373775807,GE_MAP,all,GE_POS3_SMART,0.5626460963066854,0.8881337691326531,0.7201196709050112,0.6130922058074376,0.8724175425878942,11778,7221,168,True,0.1691917858839677,62,True,False,0.2566764125689273,0,True
261318,1,person,a photo of a person,0.30596968373775807,GE_MAP,all,GE_POS3_CASR,0.5626460963066854,0.8881337691326531,0.7201196709050112,0.6130922058074376,0.8724175425878942,11778,7221,168,True,0.1691917858839677,62,True,False,0.2566764125689273,0,True
261318,31,handbag,a photo of a handbag,0.10222498833048078,GE_MAP,all,GE_MAP,0.10222498833048078,0.7700095663265306,0.1854884246188594,0.10366046071315872,0.8806970509383378,12676,1314,9726,False,0.42952505179160594,33,False,False,0.0,-1,False
261318,31,handbag,a photo of a handbag,0.10222498833048078,GE_MAP,all,GE_POS3_SAM,0.2657865786578658,0.9334941007653061,0.4199548061880758,0.2835015254635062,0.8096514745308311,4261,1208,2742,False,0.3067280634433359,33,False,False,0.16356159032738504,2,True
261318,31,handbag,a photo of a handbag,0.10222498833048078,GE_MAP,all,GE_POS3_SMART,0.21703429399452584,0.9030811543367347,0.356660933985977,0.22218559419812098,0.903485254691689,6067,1348,4414,False,0.25137920266472363,33,False,False,0.11480930566404506,1,True
261318,31,handbag,a photo of a handbag,0.10222498833048078,GE_MAP,all,GE_POS3_CASR,0.21703429399452584,0.9030811543367347,0.356660933985977,0.22218559419812098,0.903485254691689,6067,1348,4414,False,0.25137920266472363,33,False,False,0.11480930566404506,1,True
308430,51,bowl,a photo of a bowl,0.48227551478286884,GE_MAP,all,GE_MAP,0.48227551478286884,0.5860969387755102,0.6507231752438615,0.9446750329605937,0.49629306585259486,20479,19346,535,True,0.07807679122386013,57,True,False,0.0,-1,False
308430,51,bowl,a photo of a bowl,0.48227551478286884,GE_MAP,all,GE_POS3_SAM,0.12416124571018798,0.3184390943877551,0.2208957944138151,0.9867697944229595,0.12436828198353043,4913,4848,11,True,0.02784313725490196,67,True,False,-0.35811426907268085,2,True
308430,51,bowl,a photo of a bowl,0.48227551478286884,GE_MAP,all,GE_POS3_SMART,0.44869034804449226,0.5712890625,0.6194427244582044,0.997891016871865,0.4491162361150304,17544,17507,6,True,0.15013973708725806,57,True,False,-0.03358516673837658,0,True
308430,51,bowl,a photo of a bowl,0.48227551478286884,GE_MAP,all,GE_POS3_CASR,0.44869034804449226,0.5712890625,0.6194427244582044,0.997891016871865,0.4491162361150304,17544,17507,6,True,0.15013973708725806,57,True,False,-0.03358516673837658,0,True
308430,57,carrot,a photo of a carrot,0.2019361505411432,GE_MAP,all,GE_MAP,0.2019361505411432,0.7075494260204082,0.33601809954751133,0.213133574421675,0.7935456294079931,17421,3713,13686,False,0.4460938902135733,51,False,False,0.0,-1,False
308430,57,carrot,a photo of a carrot,0.2019361505411432,GE_MAP,all,GE_POS3_SAM,0.1958552743332767,0.9056521045918368,0.3275568181818182,0.48835239305379075,0.24642017525112203,2361,1153,1208,False,0.0605679690105436,51,True,False,-0.006080876207866487,1,True
308430,57,carrot,a photo of a carrot,0.2019361505411432,GE_MAP,all,GE_POS3_SMART,0.2001138808047577,0.7480269451530612,0.33349148610891455,0.22134359692092373,0.6759991451164779,14290,3163,11127,False,0.36658885097868193,51,False,False,-0.0018222697363854956,0,True
308430,57,carrot,a photo of a carrot,0.2019361505411432,GE_MAP,all,GE_POS3_CASR,0.2001138808047577,0.7480269451530612,0.33349148610891455,0.22134359692092373,0.6759991451164779,14290,3163,11127,False,0.36658885097868193,51,False,False,-0.0018222697363854956,0,True
384661,79,oven,a photo of a oven,0.5037730037730038,GE_MAP,all,GE_MAP,0.5037730037730038,0.7431242028061225,0.6700120330781638,0.7093678846362355,0.6347935768689662,18446,13085,354,True,0.03182261736961943,85,True,False,0.0,-1,False
384661,79,oven,a photo of a oven,0.5037730037730038,GE_MAP,all,GE_POS3_SAM,0.5214168039538715,0.8031529017857143,0.6854358419057932,0.9976821806044873,0.5220491922573134,10786,10761,0,True,0.0,-1,True,False,0.01764380018086764,1,True
384661,79,oven,a photo of a oven,0.5037730037730038,GE_MAP,all,GE_POS3_SMART,0.7480410550711842,0.8635004783163265,0.8558621125071028,0.7557983942908117,0.9864648522776889,26904,20334,0,True,0.0218183169788879,85,True,False,0.2442680512981804,0,True
384661,79,oven,a photo of a oven,0.5037730037730038,GE_MAP,all,GE_POS3_CASR,0.7480410550711842,0.8635004783163265,0.8558621125071028,0.7557983942908117,0.9864648522776889,26904,20334,0,True,0.0218183169788879,85,True,False,0.2442680512981804,0,True
384661,85,clock,a photo of a clock,0.03710258517160736,GE_MAP,all,GE_MAP,0.03710258517160736,0.6963887117346939,0.07155046318868845,0.03710258517160736,1.0,15821,587,7634,False,0.27946340778199186,79,False,False,0.0,-1,False
384661,85,clock,a photo of a clock,0.03710258517160736,GE_MAP,all,GE_POS3_SAM,0.09835790884718498,0.8927574936224489,0.17909992372234934,0.09835790884718498,1.0,5968,587,3299,False,0.17117553753965456,79,False,False,0.06125532367557762,1,True
384661,85,clock,a photo of a clock,0.03710258517160736,GE_MAP,all,GE_POS3_SMART,0.037198986058301645,0.6972058354591837,0.07172970000610986,0.037198986058301645,1.0,15780,587,12832,False,0.5838882360621491,79,False,True,9.640088669428393e-05,0,True
384661,85,clock,a photo of a clock,0.03710258517160736,GE_MAP,all,GE_POS3_CASR,0.037198986058301645,0.6972058354591837,0.07172970000610986,0.037198986058301645,1.0,15780,587,12832,False,0.5838882360621491,79,False,True,9.640088669428393e-05,0,True
180751,82,refrigerator,a photo of a refrigerator,0.06401257791004548,GE_MAP,all,GE_MAP,0.06401257791004548,0.6677893813775511,0.12032297218850599,0.06495726495726496,0.8148677626876341,17550,1140,10067,False,0.1733585674770709,67,False,False,0.0,-1,False
180751,82,refrigerator,a photo of a refrigerator,0.06401257791004548,GE_MAP,all,GE_POS3_SAM,0.0662556578742001,0.7615393813775511,0.12427724511454293,0.06922700587084149,0.6068620443173696,12264,849,863,False,0.04281992836209704,72,True,False,0.0022430799641546123,0,True
180751,82,refrigerator,a photo of a refrigerator,0.06401257791004548,GE_MAP,all,GE_POS3_SMART,0.08655814406862267,0.8132374043367347,0.15932537902574684,0.09109560935576529,0.6347390993566834,9748,888,1012,False,0.05148110316649643,72,True,False,0.022545566158577182,1,True
180751,82,refrigerator,a photo of a refrigerator,0.06401257791004548,GE_MAP,all,GE_POS3_CASR,0.08655814406862267,0.8132374043367347,0.15932537902574684,0.09109560935576529,0.6347390993566834,9748,888,1012,False,0.05148110316649643,72,True,False,0.022545566158577182,1,True
180751,1,person,a photo of a person,0.4397652154091634,GE_MAP,all,GE_MAP,0.4397652154091634,0.804069674744898,0.6108846229962399,0.4965574930828132,0.7936034553681612,15541,7717,2928,True,0.08133295679186671,67,True,False,0.0,-1,False
180751,1,person,a photo of a person,0.4397652154091634,GE_MAP,all,GE_POS3_SAM,0.7393076984571109,0.9350087691326531,0.8501172036585927,0.7685531455164963,0.951048951048951,12033,9248,1615,True,0.0483768876028574,67,True,False,0.29954248304794745,0,True
180751,1,person,a photo of a person,0.4397652154091634,GE_MAP,all,GE_POS3_SMART,0.7393076984571109,0.9350087691326531,0.8501172036585927,0.7685531455164963,0.951048951048951,12033,9248,1615,True,0.0483768876028574,67,True,False,0.29954248304794745,0,True
180751,1,person,a photo of a person,0.4397652154091634,GE_MAP,all,GE_POS3_CASR,0.7393076984571109,0.9350087691326531,0.8501172036585927,0.7685531455164963,0.951048951048951,12033,9248,1615,True,0.0483768876028574,67,True,False,0.29954248304794745,0,True
479596,55,orange,a photo of a orange,0.5259207131128313,GE_MAP,all,GE_MAP,0.5259207131128313,0.7583306760204082,0.6893159108378171,0.6786398950660882,0.7003331945022907,19822,13452,6003,True,0.17705851589284677,53,True,False,0.0,-1,False
479596,55,orange,a photo of a orange,0.5259207131128313,GE_MAP,all,GE_POS3_SAM,0.7208393242271747,0.8761758609693877,0.837776443249171,0.8403436174113457,0.8352249062890462,19091,16043,2887,True,0.08121109993748811,53,True,False,0.1949186111143434,0,True
479596,55,orange,a photo of a orange,0.5259207131128313,GE_MAP,all,GE_POS3_SMART,0.7208393242271747,0.8761758609693877,0.837776443249171,0.8403436174113457,0.8352249062890462,19091,16043,2887,True,0.08121109993748811,53,True,False,0.1949186111143434,0,True
479596,55,orange,a photo of a orange,0.5259207131128313,GE_MAP,all,GE_POS3_CASR,0.7208393242271747,0.8761758609693877,0.837776443249171,0.8403436174113457,0.8352249062890462,19091,16043,2887,True,0.08121109993748811,53,True,False,0.1949186111143434,0,True
479596,53,apple,a photo of a apple,0.26178267677853173,GE_MAP,all,GE_MAP,0.26178267677853173,0.5208266900510204,0.4149409903881251,0.4178387650085763,0.4120831319478009,20405,8526,11267,False,0.40054447744307736,55,False,False,0.0,-1,False
479596,53,apple,a photo of a apple,0.26178267677853173,GE_MAP,all,GE_POS3_SAM,0.08859047435030432,0.6239636479591837,0.1627618033368832,0.9934994582881906,0.08864185596906718,1846,1834,0,True,0.0,-1,True,False,-0.17319220242822742,2,True
479596,53,apple,a photo of a apple,0.26178267677853173,GE_MAP,all,GE_POS3_SMART,0.08859047435030432,0.6239636479591837,0.1627618033368832,0.9934994582881906,0.08864185596906718,1846,1834,0,True,0.0,-1,True,False,-0.17319220242822742,2,True
479596,53,apple,a photo of a apple,0.26178267677853173,GE_MAP,all,GE_POS3_CASR,0.08859047435030432,0.6239636479591837,0.1627618033368832,0.9934994582881906,0.08864185596906718,1846,1834,0,True,0.0,-1,True,False,-0.17319220242822742,2,True
82986,1,person,a photo of a person,0.02970343563472294,GE_MAP,all,GE_MAP,0.02970343563472294,0.5885483099489796,0.05769318544890228,0.03300433442999635,0.2289855072463768,19149,632,134,True,0.004305977710233029,31,True,False,0.0,-1,False
82986,1,person,a photo of a person,0.02970343563472294,GE_MAP,all,GE_POS3_SAM,0.0002501719932453562,0.6814213966836735,0.0005002188457450135,0.0003022746164890803,0.0014492753623188406,13233,4,3,True,0.00022592062655320432,34,True,False,-0.029453263641477587,1,True
82986,1,person,a photo of a person,0.02970343563472294,GE_MAP,all,GE_POS3_SMART,0.0002501719932453562,0.6814213966836735,0.0005002188457450135,0.0003022746164890803,0.0014492753623188406,13233,4,3,True,0.00022592062655320432,34,True,False,-0.029453263641477587,1,True
82986,1,person,a photo of a person,0.02970343563472294,GE_MAP,all,GE_POS3_CASR,0.02970343563472294,0.5885483099489796,0.05769318544890228,0.03300433442999635,0.2289855072463768,19149,632,134,True,0.004305977710233029,31,True,False,0.0,1,False
82986,31,handbag,a photo of a handbag,0.023952871107658445,GE_MAP,all,GE_MAP,0.023952871107658445,0.6995176977040817,0.04678510463425428,0.024436959249719305,0.5473372781065089,15141,370,1459,False,0.08794214172845509,1,False,False,0.0,-1,False
82986,31,handbag,a photo of a handbag,0.023952871107658445,GE_MAP,all,GE_POS3_SAM,0.06937132239083307,0.9401108099489796,0.12974225311323487,0.0806625855239467,0.33136094674556216,2777,224,2252,False,0.6855403348554033,1,False,True,0.04541845128317463,0,True
82986,31,handbag,a photo of a handbag,0.023952871107658445,GE_MAP,all,GE_POS3_SMART,0.09194312796208531,0.9618144132653061,0.1684027777777778,0.11916461916461916,0.2869822485207101,1628,194,1325,False,0.43258243552073133,1,False,False,0.06799025685442686,1,True
82986,31,handbag,a photo of a handbag,0.023952871107658445,GE_MAP,all,GE_POS3_CASR,0.09194312796208531,0.9618144132653061,0.1684027777777778,0.11916461916461916,0.2869822485207101,1628,194,1325,False,0.43258243552073133,1,False,False,0.06799025685442686,1,True
223090,57,carrot,a photo of a carrot,0.17930783242258652,GE_MAP,all,GE_MAP,0.17930783242258652,0.7755102040816326,0.30408995428147784,0.17971374324521688,0.9875601926163724,13694,2461,942,True,0.05728540514546766,49,True,False,0.0,-1,False
223090,57,carrot,a photo of a carrot,0.17930783242258652,GE_MAP,all,GE_POS3_SAM,0.9070487993803253,0.9952168367346939,0.9512591389114541,0.9629934210526315,0.9398073836276083,2432,2342,3,True,0.0022176461270394425,49,True,False,0.7277409669577388,1,True
223090,57,carrot,a photo of a carrot,0.17930783242258652,GE_MAP,all,GE_POS3_SMART,0.9070487993803253,0.9952168367346939,0.9512591389114541,0.9629934210526315,0.9398073836276083,2432,2342,3,True,0.0022176461270394425,49,True,False,0.7277409669577388,1,True
223090,57,carrot,a photo of a carrot,0.17930783242258652,GE_MAP,all,GE_POS3_CASR,0.9070487993803253,0.9952168367346939,0.9512591389114541,0.9629934210526315,0.9398073836276083,2432,2342,3,True,0.0022176461270394425,49,True,False,0.7277409669577388,1,True
223090,49,knife,a photo of a knife,0.30373298199385157,GE_MAP,all,GE_MAP,0.30373298199385157,0.8420161033163265,0.4659435424105639,0.31585677749360613,0.8878048780487805,10948,3458,2110,True,0.18738404452690166,57,True,False,0.0,-1,False
223090,49,knife,a photo of a knife,0.30373298199385157,GE_MAP,all,GE_POS3_SAM,0.8806117414898865,0.9903539540816326,0.9365162644281217,0.9573612228479486,0.9165596919127086,3729,3570,1,True,0.0001607717041800643,57,True,False,0.576878759496035,1,True
223090,49,knife,a photo of a knife,0.30373298199385157,GE_MAP,all,GE_POS3_SMART,0.8806117414898865,0.9903539540816326,0.9365162644281217,0.9573612228479486,0.9165596919127086,3729,3570,1,True,0.0001607717041800643,57,True,False,0.576878759496035,1,True
223090,49,knife,a photo of a knife,0.30373298199385157,GE_MAP,all,GE_POS3_CASR,0.8806117414898865,0.9903539540816326,0.9365162644281217,0.9573612228479486,0.9165596919127086,3729,3570,1,True,0.0001607717041800643,57,True,False,0.576878759496035,1,True
38576,74,mouse,a photo of a mouse,0.038993437822007704,GE_MAP,all,GE_MAP,0.038993437822007704,0.646843112244898,0.07506002714270801,0.03900613030977052,0.9917241379310345,18433,719,10276,False,0.26485348149475757,72,False,False,0.0,-1,False
38576,74,mouse,a photo of a mouse,0.038993437822007704,GE_MAP,all,GE_POS3_SAM,0.016100778949722335,0.4738719706632653,0.0316913032314859,0.01627854397467782,0.5958620689655172,26538,432,17636,False,0.3639400878411352,72,False,False,-0.02289265887228537,0,True
38576,74,mouse,a photo of a mouse,0.038993437822007704,GE_MAP,all,GE_POS3_SMART,0.02242538316751815,0.6377152423469388,0.043867031348621924,0.02280308415814513,0.5751724137931035,18287,417,14271,False,0.5261670561382533,72,False,True,-0.016568054654489555,1,True
38576,74,mouse,a photo of a mouse,0.038993437822007704,GE_MAP,all,GE_POS3_CASR,0.02242538316751815,0.6377152423469388,0.043867031348621924,0.02280308415814513,0.5751724137931035,18287,417,14271,False,0.5261670561382533,72,False,True,-0.016568054654489555,1,True
38576,76,keyboard,a photo of a keyboard,0.3531786522337075,GE_MAP,all,GE_MAP,0.3531786522337075,0.7094228316326531,0.5219985574716413,0.4134940009349192,0.7077073517646013,19253,7961,6427,True,0.25216604163972584,72,True,False,0.0,-1,False
38576,76,keyboard,a photo of a keyboard,0.3531786522337075,GE_MAP,all,GE_POS3_SAM,8.20950660865282e-05,0.7572544642857143,0.00016417665407978985,0.0010718113612004287,8.889679082585119e-05,933,1,932,False,0.09513116260079617,72,False,False,-0.35309655716762095,2,True
38576,76,keyboard,a photo of a keyboard,0.3531786522337075,GE_MAP,all,GE_POS3_SMART,8.20950660865282e-05,0.7572544642857143,0.00016417665407978985,0.0010718113612004287,8.889679082585119e-05,933,1,932,False,0.09513116260079617,72,False,False,-0.35309655716762095,2,True
38576,76,keyboard,a photo of a keyboard,0.3531786522337075,GE_MAP,all,GE_POS3_CASR,8.20950660865282e-05,0.7572544642857143,0.00016417665407978985,0.0010718113612004287,8.889679082585119e-05,933,1,932,False,0.09513116260079617,72,False,False,-0.35309655716762095,2,True
544519,1,person,a photo of a person,0.5010723387076427,GE_MAP,all,GE_MAP,0.5010723387076427,0.6059072066326531,0.6676191756874874,0.9259570103044715,0.5219871205151794,21447,19859,0,True,0.0254580609520302,90,True,False,0.0,-1,False
544519,1,person,a photo of a person,0.5010723387076427,GE_MAP,all,GE_POS3_SAM,0.3260846810069608,0.4867466517857143,0.4918006906758757,0.9866191607284244,0.32753318438691026,12630,12461,0,True,0.0009669021941242097,90,True,False,-0.17498765770068186,2,True
544519,1,person,a photo of a person,0.5010723387076427,GE_MAP,all,GE_POS3_SMART,0.3330542400376776,0.49198820153061223,0.4996859543063516,0.9865147640083701,0.3345774740438954,12903,12729,0,True,0.0010206313333819348,90,True,False,-0.1680180986699651,1,True
544519,1,person,a photo of a person,0.5010723387076427,GE_MAP,all,GE_POS3_CASR,0.3330542400376776,0.49198820153061223,0.4996859543063516,0.9865147640083701,0.3345774740438954,12903,12729,0,True,0.0010206313333819348,90,True,False,-0.1680180986699651,1,True
544519,90,toothbrush,a photo of a toothbrush,0.11788154897494305,GE_MAP,all,GE_MAP,0.11788154897494305,0.8765146683673469,0.2109016811003566,0.11788154897494305,1.0,7024,828,6153,False,0.18328607435412728,1,False,False,0.0,-1,False
544519,90,toothbrush,a photo of a toothbrush,0.11788154897494305,GE_MAP,all,GE_POS3_SAM,0.7475083056478405,0.9954559948979592,0.8555133079847909,0.9,0.8152173913043478,750,675,75,True,0.01971349717439874,1,True,False,0.6296267566728975,2,True
544519,90,toothbrush,a photo of a toothbrush,0.11788154897494305,GE_MAP,all,GE_POS3_SMART,0.6652789342214821,0.9919882015306123,0.799,0.681740614334471,0.964975845410628,1172,799,373,True,0.030805624917860427,1,True,False,0.547397385246539,1,True
544519,90,toothbrush,a photo of a toothbrush,0.11788154897494305,GE_MAP,all,GE_POS3_CASR,0.6652789342214821,0.9919882015306123,0.799,0.681740614334471,0.964975845410628,1172,799,373,True,0.030805624917860427,1,True,False,0.547397385246539,1,True
220732,3,car,a photo of a car,0.036839263214735705,GE_MAP,all,GE_MAP,0.036839263214735705,0.6800661670918368,0.07106070250564203,0.03758339964497766,0.6504237288135594,16337,614,13181,False,0.49609450899623053,6,False,False,0.0,-1,False
220732,3,car,a photo of a car,0.036839263214735705,GE_MAP,all,GE_POS3_SAM,0.019996050162930778,0.6044124681122449,0.03920809332494313,0.02054273395891453,0.4290254237288136,19715,405,19191,False,0.8486293206197855,6,False,True,-0.016843213051804928,1,True
220732,3,car,a photo of a car,0.036839263214735705,GE_MAP,all,GE_POS3_SMART,0.019996050162930778,0.6044124681122449,0.03920809332494313,0.02054273395891453,0.4290254237288136,19715,405,19191,False,0.8486293206197855,6,False,True,-0.016843213051804928,1,True
220732,3,car,a photo of a car,0.036839263214735705,GE_MAP,all,GE_POS3_CASR,0.019996050162930778,0.6044124681122449,0.03920809332494313,0.02054273395891453,0.4290254237288136,19715,405,19191,False,0.8486293206197855,6,False,True,-0.016843213051804928,1,True
220732,8,truck,a photo of a truck,0.2370507930134511,GE_MAP,all,GE_MAP,0.2370507930134511,0.6970463966836735,0.38325151134012253,0.257819749986353,0.7463653603034134,18319,4723,11879,False,0.40072664359861593,6,False,False,0.0,-1,False
220732,8,truck,a photo of a truck,0.2370507930134511,GE_MAP,all,GE_POS3_SAM,0.11248536299765809,0.5166214923469388,0.2022235379251365,0.1276896236603805,0.48577749683944377,24074,3074,20890,False,0.81838203484485,6,False,True,-0.12456543001579302,1,True
220732,8,truck,a photo of a truck,0.2370507930134511,GE_MAP,all,GE_POS3_SMART,0.11248536299765809,0.5166214923469388,0.2022235379251365,0.1276896236603805,0.48577749683944377,24074,3074,20890,False,0.81838203484485,6,False,True,-0.12456543001579302,1,True
220732,8,truck,a photo of a truck,0.2370507930134511,GE_MAP,all,GE_POS3_CASR,0.11248536299765809,0.5166214923469388,0.2022235379251365,0.1276896236603805,0.48577749683944377,24074,3074,20890,False,0.81838203484485,6,False,True,-0.12456543001579302,1,True
233567,21,cow,a photo of a cow,0.40794640794640796,GE_MAP,all,GE_MAP,0.40794640794640796,0.7956792091836735,0.5794913863822806,0.4182356423919479,0.9431241655540721,16890,7064,7829,False,0.6620692753492969,20,False,True,0.0,-1,False
233567,21,cow,a photo of a cow,0.40794640794640796,GE_MAP,all,GE_POS3_SAM,0.9698771304003171,0.9954559948979592,0.9847082494969819,0.9893530997304583,0.9801068090787717,7420,7341,52,True,0.3592415189373364,20,True,False,0.5619307224539092,0,True
233567,21,cow,a photo of a cow,0.40794640794640796,GE_MAP,all,GE_POS3_SMART,0.9698771304003171,0.9954559948979592,0.9847082494969819,0.9893530997304583,0.9801068090787717,7420,7341,52,True,0.3592415189373364,20,True,False,0.5619307224539092,0,True
233567,21,cow,a photo of a cow,0.40794640794640796,GE_MAP,all,GE_POS3_CASR,0.9698771304003171,0.9954559948979592,0.9847082494969819,0.9893530997304583,0.9801068090787717,7420,7341,52,True,0.3592415189373364,20,True,False,0.5619307224539092,0,True
233567,20,sheep,a photo of a sheep,0.7050043496176915,GE_MAP,all,GE_MAP,0.7050043496176915,0.8715919961734694,0.8269824646204248,0.8987334383937431,0.7658410424748832,17133,15398,143,True,0.390501468262932,21,True,False,0.0,-1,False
233567,20,sheep,a photo of a sheep,0.7050043496176915,GE_MAP,all,GE_POS3_SAM,0.5930375695504456,0.8352798150510204,0.744536828114858,0.9834245121254185,0.5990251666169303,12247,12044,95,True,0.5883631096088846,21,True,False,-0.11196678006724592,1,True
233567,20,sheep,a photo of a sheep,0.7050043496176915,GE_MAP,all,GE_POS3_SMART,0.7825475358944509,0.9106544961734694,0.8780102859941767,0.9693564862104188,0.802397294339998,16643,16133,86,True,0.43384231477630564,21,True,False,0.07754318627675938,0,True
233567,20,sheep,a photo of a sheep,0.7050043496176915,GE_MAP,all,GE_POS3_CASR,0.7825475358944509,0.9106544961734694,0.8780102859941767,0.9693564862104188,0.802397294339998,16643,16133,86,True,0.43384231477630564,21,True,False,0.07754318627675938,0,True
206487,3,car,a photo of a car,0.29921420553117667,GE_MAP,all,GE_MAP,0.29921420553117667,0.7262834821428571,0.4606079648103055,0.32061235647895026,0.8176240936977134,18290,5864,9460,False,0.358592564491654,6,False,False,0.0,-1,False
206487,3,car,a photo of a car,0.29921420553117667,GE_MAP,all,GE_POS3_SAM,0.00030883261272390367,0.6774354272959183,0.0006174745291756715,0.000554139421478444,0.0006971556051310652,9023,5,8780,False,0.8213681638789702,6,False,True,-0.29890537291845276,1,True
206487,3,car,a photo of a car,0.29921420553117667,GE_MAP,all,GE_POS3_SMART,0.01838955386289445,0.6404257015306123,0.03611496954802863,0.029274207517755068,0.04712771890686001,11546,338,10723,False,0.8334449280214262,6,False,True,-0.28082465166828224,0,True
206487,3,car,a photo of a car,0.29921420553117667,GE_MAP,all,GE_POS3_CASR,0.01838955386289445,0.6404257015306123,0.03611496954802863,0.029274207517755068,0.04712771890686001,11546,338,10723,False,0.8334449280214262,6,False,True,-0.28082465166828224,0,True
206487,1,person,a photo of a person,0.05378316410088438,GE_MAP,all,GE_MAP,0.05378316410088438,0.7121332908163265,0.10207633967425091,0.057768083309878974,0.43810032017075773,14212,821,3528,False,0.11483145047865342,6,False,False,0.0,-1,False
206487,1,person,a photo of a person,0.05378316410088438,GE_MAP,all,GE_POS3_SAM,0.0,0.7631138392857143,0.0,0.0,0.0,10012,0,9648,False,0.8796825982653627,6,False,True,-0.05378316410088438,0,True
206487,1,person,a photo of a person,0.05378316410088438,GE_MAP,all,GE_POS3_SMART,0.0,0.9321986607142857,0.0,0.0,0.0,1528,0,1453,False,0.13782542113323124,6,False,False,-0.05378316410088438,2,True
206487,1,person,a photo of a person,0.05378316410088438,GE_MAP,all,GE_POS3_CASR,0.0,0.9321986607142857,0.0,0.0,0.0,1528,0,1453,False,0.13782542113323124,6,False,False,-0.05378316410088438,2,True
277051,49,knife,a photo of a knife,0.25544891918557716,GE_MAP,all,GE_MAP,0.25544891918557716,0.8345623405612245,0.4069443452168322,0.25616118006835764,0.989232372351511,11118,2848,6480,False,0.5136130474812574,67,False,True,0.0,-1,False
277051,49,knife,a photo of a knife,0.25544891918557716,GE_MAP,all,GE_POS3_SAM,0.8107539801742265,0.9874441964285714,0.8954877239548772,0.8570974912670689,0.9374782910732893,3149,2699,417,True,0.2611683848797251,67,True,False,0.5553050609886494,2,True
277051,49,knife,a photo of a knife,0.25544891918557716,GE_MAP,all,GE_POS3_SMART,0.4646101113967438,0.9377391581632653,0.634448864966066,0.4783836244926769,0.9416464050017367,5667,2711,2567,True,0.4295596972409864,67,True,False,0.20916119221116664,1,True
277051,49,knife,a photo of a knife,0.25544891918557716,GE_MAP,all,GE_POS3_CASR,0.4646101113967438,0.9377391581632653,0.634448864966066,0.4783836244926769,0.9416464050017367,5667,2711,2567,True,0.4295596972409864,67,True,False,0.20916119221116664,1,True
277051,44,bottle,a photo of a bottle,0.2833346010496691,GE_MAP,all,GE_MAP,0.2833346010496691,0.8122209821428571,0.4415599810336652,0.3020107021242095,0.8208461877479065,12334,3725,2694,True,0.08861819566044918,62,True,False,0.0,-1,False
277051,44,bottle,a photo of a bottle,0.2833346010496691,GE_MAP,all,GE_POS3_SAM,0.20301075268817204,0.926139987244898,0.3375044690740079,0.8939393939393939,0.20802115469369767,1056,944,23,True,0.00893331915346166,16,True,False,-0.08032384836149709,2,True
277051,44,bottle,a photo of a bottle,0.2833346010496691,GE_MAP,all,GE_POS3_SMART,0.24026512013256007,0.9268973214285714,0.38744154976619904,0.8,0.255619215513442,1450,1160,24,True,0.008779989790709545,16,True,False,-0.04306948091710905,1,True
277051,44,bottle,a photo of a bottle,0.2833346010496691,GE_MAP,all,GE_POS3_CASR,0.24026512013256007,0.9268973214285714,0.38744154976619904,0.8,0.255619215513442,1450,1160,24,True,0.008779989790709545,16,True,False,-0.04306948091710905,1,True
520871,44,bottle,a photo of a bottle,0.1943467336683417,GE_MAP,all,GE_MAP,0.1943467336683417,0.7443797831632653,0.3254444093825602,0.19603370715326618,0.9575982667904673,15783,3094,7328,False,0.21257523784868293,59,False,False,0.0,-1,False
520871,44,bottle,a photo of a bottle,0.1943467336683417,GE_MAP,all,GE_POS3_SAM,0.9402893197907048,0.9961336096938775,0.9692258883248731,0.9941425317279532,0.9455277004023522,3073,3055,0,True,0.007274444969296173,67,True,False,0.7459425861223632,1,True
520871,44,bottle,a photo of a bottle,0.1943467336683417,GE_MAP,all,GE_POS3_SMART,0.9402893197907048,0.9961336096938775,0.9692258883248731,0.9941425317279532,0.9455277004023522,3073,3055,0,True,0.007274444969296173,67,True,False,0.7459425861223632,1,True
520871,44,bottle,a photo of a bottle,0.1943467336683417,GE_MAP,all,GE_POS3_CASR,0.9402893197907048,0.9961336096938775,0.9692258883248731,0.9941425317279532,0.9455277004023522,3073,3055,0,True,0.007274444969296173,67,True,False,0.7459425861223632,1,True
520871,47,cup,a photo of a cup,0.048145483090207365,GE_MAP,all,GE_MAP,0.048145483090207365,0.7100007971938775,0.09186793983648506,0.048625792811839326,0.8297632468996617,15136,736,8157,False,0.18542661675487285,44,False,False,0.0,-1,False
520871,47,cup,a photo of a cup,0.048145483090207365,GE_MAP,all,GE_POS3_SAM,0.004779244424214839,0.9128467793367347,0.009513023782559457,0.005952380952380952,0.02367531003382187,3528,21,18,True,0.0026702269692923898,44,True,False,-0.043366238665992526,2,True
520871,47,cup,a photo of a cup,0.048145483090207365,GE_MAP,all,GE_POS3_SMART,0.00013156163662675965,0.8485331632653061,0.00026308866087871614,0.0001489203276247208,0.0011273957158962795,6715,1,293,False,0.007921240239900419,67,False,False,-0.048013921453580605,1,True
520871,47,cup,a photo of a cup,0.048145483090207365,GE_MAP,all,GE_POS3_CASR,0.00013156163662675965,0.8485331632653061,0.00026308866087871614,0.0001489203276247208,0.0011273957158962795,6715,1,293,False,0.007921240239900419,67,False,False,-0.048013921453580605,1,True
222094,8,truck,a photo of a truck,0.08337527260526757,GE_MAP,all,GE_MAP,0.08337527260526757,0.7822066326530612,0.15391762155466088,0.0835083592371671,0.981243830207305,11903,994,1696,False,0.08517429651406971,3,False,False,0.0,-1,False
222094,8,truck,a photo of a truck,0.08337527260526757,GE_MAP,all,GE_POS3_SAM,0.016713091922005572,0.9718590561224489,0.03287671232876712,0.053691275167785234,0.023692003948667325,447,24,402,False,0.37888784165881245,3,False,False,-0.066662180683262,2,True
222094,8,truck,a photo of a truck,0.08337527260526757,GE_MAP,all,GE_POS3_SMART,0.2394984326018809,0.9758250956632653,0.38644410723318157,0.3962655601659751,0.3770977295162882,964,382,497,False,0.3351314902225219,3,False,False,0.1561231599966133,0,True
222094,8,truck,a photo of a truck,0.08337527260526757,GE_MAP,all,GE_POS3_CASR,0.2394984326018809,0.9758250956632653,0.38644410723318157,0.3962655601659751,0.3770977295162882,964,382,497,False,0.3351314902225219,3,False,False,0.1561231599966133,0,True
222094,13,stop sign,a photo of a stop sign,0.09168126094570928,GE_MAP,all,GE_MAP,0.09168126094570928,0.7932676977040817,0.16796342343787599,0.09168126094570928,1.0,11420,1047,1203,False,0.07596469977504759,3,True,False,0.0,-1,False
222094,13,stop sign,a photo of a stop sign,0.09168126094570928,GE_MAP,all,GE_POS3_SAM,0.5833817547937246,0.985710299744898,0.7368807339449541,0.5983313468414779,0.958930276981853,1678,1004,7,True,0.0026051358392259025,3,True,False,0.4917004938480153,0,True
222094,13,stop sign,a photo of a stop sign,0.09168126094570928,GE_MAP,all,GE_POS3_SMART,0.6262808921036769,0.9876434948979592,0.7702001482579689,0.6293155663234403,0.9923591212989494,1651,1039,0,True,0.0,-1,True,False,0.5345996311579676,1,True
222094,13,stop sign,a photo of a stop sign,0.09168126094570928,GE_MAP,all,GE_POS3_CASR,0.6262808921036769,0.9876434948979592,0.7702001482579689,0.6293155663234403,0.9923591212989494,1651,1039,0,True,0.0,-1,True,False,0.5345996311579676,1,True
388903,1,person,a photo of a person,0.41860822052368235,GE_MAP,all,GE_MAP,0.41860822052368235,0.6225286989795918,0.5901674817154975,0.7854962271758539,0.4726371607805081,17361,13637,255,True,0.068124242758013,31,True,False,0.0,-1,False
388903,1,person,a photo of a person,0.41860822052368235,GE_MAP,all,GE_POS3_SAM,0.595367525407705,0.7611607142857143,0.7463703703703704,0.9584714899168343,0.6111322912695387,18397,17633,486,True,0.08220774405424017,31,True,False,0.17675930488402264,0,True
388903,1,person,a photo of a person,0.41860822052368235,GE_MAP,all,GE_POS3_SMART,0.595367525407705,0.7611607142857143,0.7463703703703704,0.9584714899168343,0.6111322912695387,18397,17633,486,True,0.08220774405424017,31,True,False,0.17675930488402264,0,True
388903,1,person,a photo of a person,0.41860822052368235,GE_MAP,all,GE_POS3_CASR,0.595367525407705,0.7611607142857143,0.7463703703703704,0.9584714899168343,0.6111322912695387,18397,17633,486,True,0.08220774405424017,31,True,False,0.17675930488402264,0,True
388903,53,apple,a photo of a apple,0.5876588021778585,GE_MAP,all,GE_MAP,0.5876588021778585,0.9320790816326531,0.7402834933699132,0.5900862592637589,0.993048456348395,8231,4857,2729,True,0.07808593522879237,1,True,False,0.0,-1,False
388903,53,apple,a photo of a apple,0.5876588021778585,GE_MAP,all,GE_POS3_SAM,0.8419489007724302,0.9840959821428571,0.9141935483870968,0.9641642095713314,0.8691474136168472,4409,4251,133,True,0.007786698985002272,1,True,False,0.25429009859457175,0,True
388903,53,apple,a photo of a apple,0.5876588021778585,GE_MAP,all,GE_POS3_SMART,0.8419489007724302,0.9840959821428571,0.9141935483870968,0.9641642095713314,0.8691474136168472,4409,4251,133,True,0.007786698985002272,1,True,False,0.25429009859457175,0,True
388903,53,apple,a photo of a apple,0.5876588021778585,GE_MAP,all,GE_POS3_CASR,0.8419489007724302,0.9840959821428571,0.9141935483870968,0.9641642095713314,0.8691474136168472,4409,4251,133,True,0.007786698985002272,1,True,False,0.25429009859457175,0,True
471087,1,person,a photo of a person,0.3196932594406496,GE_MAP,all,GE_MAP,0.3196932594406496,0.5792012117346939,0.4844963132965477,0.8206103713505913,0.34371427581667646,12091,9922,0,True,0.016067216981132077,32,True,False,0.0,-1,False
471087,1,person,a photo of a person,0.3196932594406496,GE_MAP,all,GE_POS3_SAM,0.1936411179995151,0.5359933035714286,0.3244545032497679,0.9989279971413257,0.19368136626597846,5597,5591,0,True,0.0,-1,True,False,-0.12605214144113447,1,True
471087,1,person,a photo of a person,0.3196932594406496,GE_MAP,all,GE_POS3_SMART,0.1936411179995151,0.5359933035714286,0.3244545032497679,0.9989279971413257,0.19368136626597846,5597,5591,0,True,0.0,-1,True,False,-0.12605214144113447,1,True
471087,1,person,a photo of a person,0.3196932594406496,GE_MAP,all,GE_POS3_CASR,0.1936411179995151,0.5359933035714286,0.3244545032497679,0.9989279971413257,0.19368136626597846,5597,5591,0,True,0.0,-1,True,False,-0.12605214144113447,1,True
471087,32,tie,a photo of a tie,0.15970978988033543,GE_MAP,all,GE_MAP,0.15970978988033543,0.822265625,0.27543061423464416,0.15970978988033543,1.0,10613,1695,7826,False,0.31780099469274675,1,False,False,0.0,-1,False
471087,32,tie,a photo of a tie,0.15970978988033543,GE_MAP,all,GE_POS3_SAM,0.8721846846846847,0.995475924744898,0.9317293233082706,0.9503067484662576,0.9138643067846608,1630,1549,81,True,0.05646586067135483,1,True,False,0.7124748948043492,2,True
471087,32,tie,a photo of a tie,0.15970978988033543,GE_MAP,all,GE_POS3_SMART,0.7520361990950226,0.9890784438775511,0.8584710743801653,0.763435920992191,0.9805309734513274,2177,1662,515,True,0.07541483354695673,1,True,False,0.5923264092146872,1,True
471087,32,tie,a photo of a tie,0.15970978988033543,GE_MAP,all,GE_POS3_CASR,0.7520361990950226,0.9890784438775511,0.8584710743801653,0.763435920992191,0.9805309734513274,2177,1662,515,True,0.07541483354695673,1,True,False,0.5923264092146872,1,True
326462,1,person,a photo of a person,0.0974702380952381,GE_MAP,all,GE_MAP,0.0974702380952381,0.6615513392857143,0.1776271186440678,0.11079562617048269,0.4476446180131804,16553,1834,2836,False,0.11951620380125584,60,False,False,0.0,-1,False
326462,1,person,a photo of a person,0.0974702380952381,GE_MAP,all,GE_POS3_SAM,0.07291489206356933,0.2408123405612245,0.13591924690937962,0.07492247674302291,0.7312667805711496,39988,2996,5453,False,0.12241003883538734,60,False,False,-0.02455534603166877,0,True
326462,1,person,a photo of a person,0.0974702380952381,GE_MAP,all,GE_POS3_SMART,0.07291489206356933,0.2408123405612245,0.13591924690937962,0.07492247674302291,0.7312667805711496,39988,2996,5453,False,0.12241003883538734,60,False,False,-0.02455534603166877,0,True
326462,1,person,a photo of a person,0.0974702380952381,GE_MAP,all,GE_POS3_CASR,0.0974702380952381,0.6615513392857143,0.1776271186440678,0.11079562617048269,0.4476446180131804,16553,1834,2836,False,0.11951620380125584,60,False,False,0.0,0,False
326462,60,donut,a photo of a donut,0.811191798376762,GE_MAP,all,GE_MAP,0.811191798376762,0.9559550382653061,0.8957547169811321,0.8486771540936718,0.9483619656412305,11188,9495,90,True,0.005923000987166831,1,True,False,0.0,-1,False
326462,60,donut,a photo of a donut,0.811191798376762,GE_MAP,all,GE_POS3_SAM,0.9449705911673811,0.9889987244897959,0.9717068170169144,0.997999578858707,0.9467638833399921,9498,9479,0,True,0.0,-1,True,False,0.1337787927906191,2,True
326462,60,donut,a photo of a donut,0.811191798376762,GE_MAP,all,GE_POS3_SMART,0.8376990241397021,0.9622130102040817,0.9116825041922862,0.8542248603351955,0.977427087495006,11456,9786,24,True,0.0015454955245025436,1,True,False,0.026507225762940068,1,True
326462,60,donut,a photo of a donut,0.811191798376762,GE_MAP,all,GE_POS3_CASR,0.8376990241397021,0.9622130102040817,0.9116825041922862,0.8542248603351955,0.977427087495006,11456,9786,24,True,0.0015454955245025436,1,True,False,0.026507225762940068,1,True
183965,67,dining table,a photo of a dining table,0.39577864566660265,GE_MAP,all,GE_MAP,0.39577864566660265,0.43574617346938777,0.5671080395094952,0.9498565867650072,0.40422424691573305,19524,18545,0,True,0.09845176657403731,58,True,False,0.0,-1,False
183965,67,dining table,a photo of a dining table,0.39577864566660265,GE_MAP,all,GE_POS3_SAM,0.20517459348707442,0.273258131377551,0.34048941057314935,1.0,0.20517459348707442,9413,9413,0,True,0.3146067415730337,47,False,False,-0.19060405217952822,1,True
183965,67,dining table,a photo of a dining table,0.39577864566660265,GE_MAP,all,GE_POS3_SMART,0.20517459348707442,0.273258131377551,0.34048941057314935,1.0,0.20517459348707442,9413,9413,0,True,0.3146067415730337,47,False,False,-0.19060405217952822,1,True
183965,67,dining table,a photo of a dining table,0.39577864566660265,GE_MAP,all,GE_POS3_CASR,0.20517459348707442,0.273258131377551,0.34048941057314935,1.0,0.20517459348707442,9413,9413,0,True,0.3146067415730337,47,False,False,-0.19060405217952822,1,True
183965,47,cup,a photo of a cup,0.2345505617977528,GE_MAP,all,GE_MAP,0.2345505617977528,0.7719029017857143,0.3799772468714448,0.2432544912256364,0.867639782285997,14417,3507,9830,False,0.2840197623408152,67,False,False,0.0,-1,False
183965,47,cup,a photo of a cup,0.2345505617977528,GE_MAP,all,GE_POS3_SAM,0.8414151410192974,0.9872249681122449,0.9138788123068655,1.0,0.8414151410192974,3401,3401,0,True,0.07413139195256986,67,True,False,0.6068645792215446,1,True
183965,47,cup,a photo of a cup,0.2345505617977528,GE_MAP,all,GE_POS3_SMART,0.8414151410192974,0.9872249681122449,0.9138788123068655,1.0,0.8414151410192974,3401,3401,0,True,0.07413139195256986,67,True,False,0.6068645792215446,1,True
183965,47,cup,a photo of a cup,0.2345505617977528,GE_MAP,all,GE_POS3_CASR,0.8414151410192974,0.9872249681122449,0.9138788123068655,1.0,0.8414151410192974,3401,3401,0,True,0.07413139195256986,67,True,False,0.6068645792215446,1,True
277689,47,cup,a photo of a cup,0.1740685707996258,GE_MAP,all,GE_MAP,0.1740685707996258,0.7008928571428571,0.29652198368800975,0.1966917480256203,0.6021321149819151,16081,3163,9812,False,0.5377723830992428,61,False,True,0.0,-1,False
277689,47,cup,a photo of a cup,0.1740685707996258,GE_MAP,all,GE_POS3_SAM,0.003882657463330457,0.7238919005102041,0.007735281478298238,0.006200482259731312,0.010279840091376356,8709,54,8254,False,0.7537156925321419,61,False,True,-0.17018591333629532,1,True
277689,47,cup,a photo of a cup,0.1740685707996258,GE_MAP,all,GE_POS3_SMART,0.06330780277644805,0.6880181760204082,0.11907709622960046,0.08452504593752497,0.20140871882733677,12517,1058,10588,False,0.8155385706406114,61,False,True,-0.11076076802317773,0,True
277689,47,cup,a photo of a cup,0.1740685707996258,GE_MAP,all,GE_POS3_CASR,0.06330780277644805,0.6880181760204082,0.11907709622960046,0.08452504593752497,0.20140871882733677,12517,1058,10588,False,0.8155385706406114,61,False,True,-0.11076076802317773,0,True
277689,61,cake,a photo of a cake,0.7250282273240497,GE_MAP,all,GE_MAP,0.7250282273240497,0.9271962691326531,0.8405986822009862,0.7772129427902849,0.9152413530976815,12393,9632,414,True,0.020176909290628434,47,True,False,0.0,-1,False
277689,61,cake,a photo of a cake,0.7250282273240497,GE_MAP,all,GE_POS3_SAM,0.5265044331258253,0.8999521683673469,0.689817103311913,0.9862190812720848,0.5304066894716838,5660,5582,15,True,0.002572347266881029,47,True,False,-0.1985237941982244,1,True
277689,61,cake,a photo of a cake,0.7250282273240497,GE_MAP,all,GE_POS3_SMART,0.927929563402015,0.9841757015306123,0.9626177024482109,0.953994027622247,0.9713987077156975,10716,10223,16,True,0.0019450370184464802,47,True,False,0.20290133607796534,0,True
277689,61,cake,a photo of a cake,0.7250282273240497,GE_MAP,all,GE_POS3_CASR,0.927929563402015,0.9841757015306123,0.9626177024482109,0.953994027622247,0.9713987077156975,10716,10223,16,True,0.0019450370184464802,47,True,False,0.20290133607796534,0,True
215114,44,bottle,a photo of a bottle,0.1506849315068493,GE_MAP,all,GE_MAP,0.1506849315068493,0.7812898596938775,0.2619047619047619,0.1506849315068493,1.0,12921,1947,9250,False,0.26680487049348295,82,False,False,0.0,-1,False
215114,44,bottle,a photo of a bottle,0.1506849315068493,GE_MAP,all,GE_POS3_SAM,0.47758964143426297,0.9790935905612245,0.6464442197505899,0.9401960784313725,0.49255264509501795,1020,959,61,True,0.02534602291081679,82,True,False,0.32690470992741366,1,True
215114,44,bottle,a photo of a bottle,0.1506849315068493,GE_MAP,all,GE_POS3_SMART,0.47758964143426297,0.9790935905612245,0.6464442197505899,0.9401960784313725,0.49255264509501795,1020,959,61,True,0.02534602291081679,82,True,False,0.32690470992741366,1,True
215114,44,bottle,a photo of a bottle,0.1506849315068493,GE_MAP,all,GE_POS3_CASR,0.47758964143426297,0.9790935905612245,0.6464442197505899,0.9401960784313725,0.49255264509501795,1020,959,61,True,0.02534602291081679,82,True,False,0.32690470992741366,1,True
215114,82,refrigerator,a photo of a refrigerator,0.3811698836010019,GE_MAP,all,GE_MAP,0.3811698836010019,0.49776785714285715,0.5519522082355451,0.970064370976814,0.38570683100166486,16001,15522,0,True,0.0900698451260249,44,True,False,0.0,-1,False
215114,82,refrigerator,a photo of a refrigerator,0.3811698836010019,GE_MAP,all,GE_POS3_SAM,0.16199090525060258,0.3278858418367347,0.2788161327573671,1.0,0.16199090525060258,6519,6519,0,True,0.0007092198581560284,44,True,False,-0.21917897835039932,2,True
215114,82,refrigerator,a photo of a refrigerator,0.3811698836010019,GE_MAP,all,GE_POS3_SMART,0.16199090525060258,0.3278858418367347,0.2788161327573671,1.0,0.16199090525060258,6519,6519,0,True,0.0007092198581560284,44,True,False,-0.21917897835039932,2,True
215114,82,refrigerator,a photo of a refrigerator,0.3811698836010019,GE_MAP,all,GE_POS3_CASR,0.16199090525060258,0.3278858418367347,0.2788161327573671,1.0,0.16199090525060258,6519,6519,0,True,0.0007092198581560284,44,True,False,-0.21917897835039932,2,True
501523,81,sink,a photo of a sink,0.5841087056655919,GE_MAP,all,GE_MAP,0.5841087056655919,0.8200534119897959,0.7374603820767062,0.7237600593573427,0.7516893894487255,17521,12681,2505,True,0.061703735694234506,44,True,False,0.0,-1,False
501523,81,sink,a photo of a sink,0.5841087056655919,GE_MAP,all,GE_POS3_SAM,0.8693889206167904,0.9544204400510204,0.9301316714019491,0.9596545420160121,0.902371072910492,15863,15223,272,True,0.030159558604235012,17,True,False,0.2852802149511985,1,True
501523,81,sink,a photo of a sink,0.5841087056655919,GE_MAP,all,GE_POS3_SMART,0.8693889206167904,0.9544204400510204,0.9301316714019491,0.9596545420160121,0.902371072910492,15863,15223,272,True,0.030159558604235012,17,True,False,0.2852802149511985,1,True
501523,81,sink,a photo of a sink,0.5841087056655919,GE_MAP,all,GE_POS3_CASR,0.8693889206167904,0.9544204400510204,0.9301316714019491,0.9596545420160121,0.902371072910492,15863,15223,272,True,0.030159558604235012,17,True,False,0.2852802149511985,1,True
501523,44,bottle,a photo of a bottle,0.11414577011127083,GE_MAP,all,GE_MAP,0.11414577011127083,0.6683872767857143,0.20490275720361256,0.11415792556306906,0.9990680335507922,18781,2144,9472,False,0.27084447296189357,81,False,False,0.0,-1,False
501523,44,bottle,a photo of a bottle,0.11414577011127083,GE_MAP,all,GE_POS3_SAM,0.08315308819995193,0.6198381696428571,0.15353893942755714,0.08484967384373927,0.8061509785647717,20389,1730,16567,False,0.7328961443653783,81,False,True,-0.030992681911318903,0,True
501523,44,bottle,a photo of a bottle,0.11414577011127083,GE_MAP,all,GE_POS3_SMART,0.08315308819995193,0.6198381696428571,0.15353893942755714,0.08484967384373927,0.8061509785647717,20389,1730,16567,False,0.7328961443653783,81,False,True,-0.030992681911318903,0,True
501523,44,bottle,a photo of a bottle,0.11414577011127083,GE_MAP,all,GE_POS3_CASR,0.08315308819995193,0.6198381696428571,0.15353893942755714,0.08484967384373927,0.8061509785647717,20389,1730,16567,False,0.7328961443653783,81,False,True,-0.030992681911318903,0,True
468505,2,bicycle,a photo of a bicycle,0.041901343071114684,GE_MAP,all,GE_MAP,0.041901343071114684,0.6914859693877551,0.08043245812047048,0.042785818112873665,0.6696340257171117,15823,677,7065,False,0.15015296757087498,63,False,False,0.0,-1,False
468505,2,bicycle,a photo of a bicycle,0.041901343071114684,GE_MAP,all,GE_POS3_SAM,0.005979073243647235,0.9734933035714286,0.01188707280832095,0.023880597014925373,0.00791295746785361,335,8,4,True,0.0009182736455463728,1,True,False,-0.03592226982746745,2,True
468505,2,bicycle,a photo of a bicycle,0.041901343071114684,GE_MAP,all,GE_POS3_SMART,0.09859762675296656,0.8334661989795918,0.17949725058915947,0.09964024855554345,0.904055390702275,9173,914,29,True,0.0022021413926645913,1,True,False,0.056696283681851874,0,True
468505,2,bicycle,a photo of a bicycle,0.041901343071114684,GE_MAP,all,GE_POS3_CASR,0.09859762675296656,0.8334661989795918,0.17949725058915947,0.09964024855554345,0.904055390702275,9173,914,29,True,0.0022021413926645913,1,True,False,0.056696283681851874,0,True
468505,47,cup,a photo of a cup,0.03697011813759555,GE_MAP,all,GE_MAP,0.03697011813759555,0.7238121811224489,0.07130411472992897,0.03699068279794187,0.9851851851851852,14382,532,8502,False,0.2617902282588191,63,False,False,0.0,-1,False
468505,47,cup,a photo of a cup,0.03697011813759555,GE_MAP,all,GE_POS3_SAM,0.10535794687077893,0.9207987882653061,0.19063136456211813,0.10709382151029748,0.8666666666666667,4370,468,3603,False,0.7007698541329012,1,False,True,0.06838782873318339,0,True
468505,47,cup,a photo of a cup,0.03697011813759555,GE_MAP,all,GE_POS3_SMART,0.3509991311902693,0.9851124043367347,0.5196141479099678,0.3980295566502463,0.7481481481481481,1015,404,393,True,0.1946532999164578,44,True,False,0.3140290130526738,1,True
468505,47,cup,a photo of a cup,0.03697011813759555,GE_MAP,all,GE_POS3_CASR,0.3509991311902693,0.9851124043367347,0.5196141479099678,0.3980295566502463,0.7481481481481481,1015,404,393,True,0.1946532999164578,44,True,False,0.3140290130526738,1,True
78823,64,potted plant,a photo of a potted plant,0.15906636763850818,GE_MAP,all,GE_MAP,0.15906636763850818,0.7982302295918368,0.2744732693134585,0.1592912992846448,0.9912008281573499,12022,1915,7044,False,0.1985647675943465,3,False,False,0.0,-1,False
78823,64,potted plant,a photo of a potted plant,0.15906636763850818,GE_MAP,all,GE_POS3_SAM,0.710997442455243,0.9887396364795918,0.8310911808669657,0.9837225760792639,0.7194616977225673,1413,1390,2,True,0.0003961965134706815,18,True,False,0.5519310748167348,2,True
78823,64,potted plant,a photo of a potted plant,0.15906636763850818,GE_MAP,all,GE_POS3_SMART,0.710997442455243,0.9887396364795918,0.8310911808669657,0.9837225760792639,0.7194616977225673,1413,1390,2,True,0.0003961965134706815,18,True,False,0.5519310748167348,2,True
78823,64,potted plant,a photo of a potted plant,0.15906636763850818,GE_MAP,all,GE_POS3_CASR,0.710997442455243,0.9887396364795918,0.8310911808669657,0.9837225760792639,0.7194616977225673,1413,1390,2,True,0.0003961965134706815,18,True,False,0.5519310748167348,2,True
78823,18,dog,a photo of a dog,0.42669123453540403,GE_MAP,all,GE_MAP,0.42669123453540403,0.9131855867346939,0.5981549815498155,0.4500902401777037,0.8913940060489415,7203,3242,2403,True,0.07717091132249156,3,True,False,0.0,-1,False
78823,18,dog,a photo of a dog,0.42669123453540403,GE_MAP,all,GE_POS3_SAM,0.8765599565925122,0.9909319196428571,0.93422003758855,0.9850609756097561,0.888369535331317,3280,3231,1,True,0.0003312217943940711,3,True,False,0.44986872205710815,1,True
78823,18,dog,a photo of a dog,0.42669123453540403,GE_MAP,all,GE_POS3_SMART,0.8765599565925122,0.9909319196428571,0.93422003758855,0.9850609756097561,0.888369535331317,3280,3231,1,True,0.0003312217943940711,3,True,False,0.44986872205710815,1,True
78823,18,dog,a photo of a dog,0.42669123453540403,GE_MAP,all,GE_POS3_CASR,0.8765599565925122,0.9909319196428571,0.93422003758855,0.9850609756097561,0.888369535331317,3280,3231,1,True,0.0003312217943940711,3,True,False,0.44986872205710815,1,True
311928,39,baseball bat,a photo of a baseball bat,0.29367283950617284,GE_MAP,all,GE_MAP,0.29367283950617284,0.9087810905612245,0.4540140761064058,0.29367283950617284,1.0,6480,1903,1246,True,0.07391588064305629,1,True,False,0.0,-1,False
311928,39,baseball bat,a photo of a baseball bat,0.29367283950617284,GE_MAP,all,GE_POS3_SAM,0.8342958685028876,0.9925661670918368,0.9096633567449746,0.8436657681940701,0.9868628481345244,2226,1878,0,True,0.0,-1,True,False,0.5406230289967148,2,True
311928,39,baseball bat,a photo of a baseball bat,0.29367283950617284,GE_MAP,all,GE_POS3_SMART,0.8342958685028876,0.9925661670918368,0.9096633567449746,0.8436657681940701,0.9868628481345244,2226,1878,0,True,0.0,-1,True,False,0.5406230289967148,2,True
311928,39,baseball bat,a photo of a baseball bat,0.29367283950617284,GE_MAP,all,GE_POS3_CASR,0.8342958685028876,0.9925661670918368,0.9096633567449746,0.8436657681940701,0.9868628481345244,2226,1878,0,True,0.0,-1,True,False,0.5406230289967148,2,True
311928,1,person,a photo of a person,0.38272595922298924,GE_MAP,all,GE_MAP,0.38272595922298924,0.7701092155612245,0.5535817949611053,0.5030951041080473,0.6153316699647251,14216,7152,1431,True,0.0974264705882353,39,True,False,0.0,-1,False
311928,1,person,a photo of a person,0.38272595922298924,GE_MAP,all,GE_POS3_SAM,0.7990929062433563,0.9434988839285714,0.88832867215504,0.8192385934321418,0.9701454013593737,13764,11276,1864,True,0.13504310657103527,39,True,False,0.41636694702036703,0,True
311928,1,person,a photo of a person,0.38272595922298924,GE_MAP,all,GE_POS3_SMART,0.7990929062433563,0.9434988839285714,0.88832867215504,0.8192385934321418,0.9701454013593737,13764,11276,1864,True,0.13504310657103527,39,True,False,0.41636694702036703,0,True
311928,1,person,a photo of a person,0.38272595922298924,GE_MAP,all,GE_POS3_CASR,0.7990929062433563,0.9434988839285714,0.88832867215504,0.8192385934321418,0.9701454013593737,13764,11276,1864,True,0.13504310657103527,39,True,False,0.41636694702036703,0,True
167898,70,toilet,a photo of a toilet,0.1382560066280033,GE_MAP,all,GE_MAP,0.1382560066280033,0.668327487244898,0.2429260303884997,0.1558305124314229,0.5507425742574258,17134,2670,3531,False,0.18892261001517452,81,False,False,0.0,-1,False
167898,70,toilet,a photo of a toilet,0.1382560066280033,GE_MAP,all,GE_POS3_SAM,0.061946902654867256,0.8077566964285714,0.11666666666666667,0.10490777338603426,0.13139438943894388,6072,637,2926,False,0.45840513864953786,81,False,False,-0.07630910397313605,1,True
167898,70,toilet,a photo of a toilet,0.1382560066280033,GE_MAP,all,GE_POS3_SMART,0.061946902654867256,0.8077566964285714,0.11666666666666667,0.10490777338603426,0.13139438943894388,6072,637,2926,False,0.45840513864953786,81,False,False,-0.07630910397313605,1,True
167898,70,toilet,a photo of a toilet,0.1382560066280033,GE_MAP,all,GE_POS3_CASR,0.061946902654867256,0.8077566964285714,0.11666666666666667,0.10490777338603426,0.13139438943894388,6072,637,2926,False,0.45840513864953786,81,False,False,-0.07630910397313605,1,True
167898,81,sink,a photo of a sink,0.2237660721692244,GE_MAP,all,GE_MAP,0.2237660721692244,0.7762077487244898,0.36570072869005255,0.2237660721692244,1.0,14466,3237,3171,True,0.17446032228640923,70,True,False,0.0,-1,False
167898,81,sink,a photo of a sink,0.2237660721692244,GE_MAP,all,GE_POS3_SAM,0.9316163410301954,0.9953962053571429,0.9645977011494253,0.9571167883211679,0.9721964782205746,3288,3147,0,True,0.0,-1,True,False,0.707850268860971,2,True
167898,81,sink,a photo of a sink,0.2237660721692244,GE_MAP,all,GE_POS3_SMART,0.9316163410301954,0.9953962053571429,0.9645977011494253,0.9571167883211679,0.9721964782205746,3288,3147,0,True,0.0,-1,True,False,0.707850268860971,2,True
167898,81,sink,a photo of a sink,0.2237660721692244,GE_MAP,all,GE_POS3_CASR,0.9316163410301954,0.9953962053571429,0.9645977011494253,0.9571167883211679,0.9721964782205746,3288,3147,0,True,0.0,-1,True,False,0.707850268860971,2,True
456303,1,person,a photo of a person,0.20521845229715144,GE_MAP,all,GE_MAP,0.20521845229715144,0.662468112244898,0.3405498014173351,0.25148082120881016,0.5273121910044616,17389,4373,986,True,0.027647281170689562,36,True,False,0.0,-1,False
456303,1,person,a photo of a person,0.20521845229715144,GE_MAP,all,GE_POS3_SAM,0.6655783582089553,0.9428411989795918,0.7992159059087091,0.9527624770489067,0.688291330037381,5991,5708,0,True,0.0,-1,True,False,0.46035990591180387,1,True
456303,1,person,a photo of a person,0.20521845229715144,GE_MAP,all,GE_POS3_SMART,0.407689978807145,0.805046237244898,0.5792326221610461,0.4502173186225343,0.8118895453997347,14955,6733,111,True,0.0048575129533678756,31,True,False,0.2024715265099936,0,True
456303,1,person,a photo of a person,0.20521845229715144,GE_MAP,all,GE_POS3_CASR,0.407689978807145,0.805046237244898,0.5792326221610461,0.4502173186225343,0.8118895453997347,14955,6733,111,True,0.0048575129533678756,31,True,False,0.2024715265099936,0,True
456303,36,snowboard,a photo of a snowboard,0.07355270103818405,GE_MAP,all,GE_MAP,0.07355270103818405,0.6852080676020408,0.13702671693165056,0.07526559030070223,0.7637028014616322,16661,1254,5412,False,0.27303336394245487,1,False,False,0.0,-1,False
456303,36,snowboard,a photo of a snowboard,0.07355270103818405,GE_MAP,all,GE_POS3_SAM,0.0,0.8316127232142857,0.0,0.0,0.0,6807,0,6455,False,0.7466743782533256,1,False,True,-0.07355270103818405,1,True
456303,36,snowboard,a photo of a snowboard,0.07355270103818405,GE_MAP,all,GE_POS3_SMART,0.0,0.8316127232142857,0.0,0.0,0.0,6807,0,6455,False,0.7466743782533256,1,False,True,-0.07355270103818405,1,True
456303,36,snowboard,a photo of a snowboard,0.07355270103818405,GE_MAP,all,GE_POS3_CASR,0.0,0.8316127232142857,0.0,0.0,0.0,6807,0,6455,False,0.7466743782533256,1,False,True,-0.07355270103818405,1,True
167122,3,car,a photo of a car,0.5967604748345106,GE_MAP,all,GE_MAP,0.5967604748345106,0.7826849489795918,0.747463986289314,0.9577422992462461,0.6128983250408295,16849,16137,42,True,0.002460376494821766,17,True,False,0.0,-1,False
167122,3,car,a photo of a car,0.5967604748345106,GE_MAP,all,GE_POS3_SAM,0.9458773468702176,0.9711017219387755,0.9721859894114939,0.9820951052203232,0.962474837631509,25803,25341,0,True,0.0,-1,True,False,0.34911687203570707,0,True
167122,3,car,a photo of a car,0.5967604748345106,GE_MAP,all,GE_POS3_SMART,0.9565233885959255,0.9771603954081632,0.9777786395718607,0.9988115517173077,0.9576132781343766,25243,25213,0,True,0.0,-1,True,False,0.3597629137614149,1,True
167122,3,car,a photo of a car,0.5967604748345106,GE_MAP,all,GE_POS3_CASR,0.9565233885959255,0.9771603954081632,0.9777786395718607,0.9988115517173077,0.9576132781343766,25243,25213,0,True,0.0,-1,True,False,0.3597629137614149,1,True
167122,17,cat,a photo of a cat,0.02737946799667498,GE_MAP,all,GE_MAP,0.02737946799667498,0.6268933354591837,0.05329962073324905,0.027585845896147404,0.7853949329359166,19104,527,11947,False,0.35535932698905165,3,False,False,0.0,-1,False
167122,17,cat,a photo of a cat,0.02737946799667498,GE_MAP,all,GE_POS3_SAM,0.5195121951219512,0.9921476403061225,0.6837881219903692,0.7408695652173913,0.6348733233979136,575,426,12,True,0.02003338898163606,1,True,False,0.4921327271252763,2,True
167122,17,cat,a photo of a cat,0.02737946799667498,GE_MAP,all,GE_POS3_SMART,0.5195121951219512,0.9921476403061225,0.6837881219903692,0.7408695652173913,0.6348733233979136,575,426,12,True,0.02003338898163606,1,True,False,0.4921327271252763,2,True
167122,17,cat,a photo of a cat,0.02737946799667498,GE_MAP,all,GE_POS3_CASR,0.5195121951219512,0.9921476403061225,0.6837881219903692,0.7408695652173913,0.6348733233979136,575,426,12,True,0.02003338898163606,1,True,False,0.4921327271252763,2,True
568195,61,cake,a photo of a cake,0.19832402234636873,GE_MAP,all,GE_MAP,0.19832402234636873,0.8226841517857143,0.331002331002331,0.19832402234636873,1.0,11098,2201,2568,False,0.07934157812227835,67,True,False,0.0,-1,False
568195,61,cake,a photo of a cake,0.19832402234636873,GE_MAP,all,GE_POS3_SAM,0.7815799053512923,0.9880420918367347,0.8774008990600736,0.7972521351652432,0.975465697410268,2693,2147,62,True,0.015274949083503055,67,True,False,0.5832558830049236,1,True
568195,61,cake,a photo of a cake,0.19832402234636873,GE_MAP,all,GE_POS3_SMART,0.7815799053512923,0.9880420918367347,0.8774008990600736,0.7972521351652432,0.975465697410268,2693,2147,62,True,0.015274949083503055,67,True,False,0.5832558830049236,1,True
568195,61,cake,a photo of a cake,0.19832402234636873,GE_MAP,all,GE_POS3_CASR,0.7815799053512923,0.9880420918367347,0.8774008990600736,0.7972521351652432,0.975465697410268,2693,2147,62,True,0.015274949083503055,67,True,False,0.5832558830049236,1,True
568195,1,person,a photo of a person,0.3694889697446488,GE_MAP,all,GE_MAP,0.3694889697446488,0.6166493941326531,0.5396012350702506,0.602426380204158,0.48864227501300506,18711,11272,568,True,0.0275823103395141,67,True,False,0.0,-1,False
568195,1,person,a photo of a person,0.3694889697446488,GE_MAP,all,GE_POS3_SAM,0.5582678481859221,0.7893813775510204,0.7165236051502146,0.9397692091190544,0.5789838737645223,14212,13356,61,True,0.0030883694812943075,49,True,False,0.18877887844127333,0,True
568195,1,person,a photo of a person,0.3694889697446488,GE_MAP,all,GE_POS3_SMART,0.3910690121786198,0.7130102040816326,0.5622568093385214,0.940984940984941,0.40090168198370035,9828,9248,28,True,0.00283429496912643,49,True,False,0.021580042433970992,1,True
568195,1,person,a photo of a person,0.3694889697446488,GE_MAP,all,GE_POS3_CASR,0.3910690121786198,0.7130102040816326,0.5622568093385214,0.940984940984941,0.40090168198370035,9828,9248,28,True,0.00283429496912643,49,True,False,0.021580042433970992,1,True
13177,1,person,a photo of a person,0.492527711797308,GE_MAP,all,GE_MAP,0.492527711797308,0.7956194196428571,0.6599913795961673,0.6070012807220833,0.7231182795698925,16397,9953,1028,True,0.025426042194751003,4,True,False,0.0,-1,False
13177,1,person,a photo of a person,0.492527711797308,GE_MAP,all,GE_POS3_SAM,0.07036741792883543,0.7443399234693877,0.13148273527420448,0.9652087475149106,0.07054635280441732,1006,971,0,True,0.0,-1,True,False,-0.42216029386847254,2,True
13177,1,person,a photo of a person,0.492527711797308,GE_MAP,all,GE_POS3_SMART,0.748029238927906,0.9299266581632653,0.8558543784847491,0.982122694768536,0.7583551293228713,10628,10438,23,True,0.002933780385582565,2,True,False,0.255501527130598,0,True
13177,1,person,a photo of a person,0.492527711797308,GE_MAP,all,GE_POS3_CASR,0.748029238927906,0.9299266581632653,0.8558543784847491,0.982122694768536,0.7583551293228713,10628,10438,23,True,0.002933780385582565,2,True,False,0.255501527130598,0,True
13177,2,bicycle,a photo of a bicycle,0.185723533219561,GE_MAP,all,GE_MAP,0.185723533219561,0.7242307079081632,0.313266167055437,0.19221633473414945,0.8461126005361931,16419,3156,8129,False,0.4200075540926995,4,False,False,0.0,-1,False
13177,2,bicycle,a photo of a bicycle,0.185723533219561,GE_MAP,all,GE_POS3_SAM,0.2305770887166236,0.8219666772959183,0.3747462728354448,0.25357582646585203,0.7176943699731904,10557,2677,7598,False,0.5909621218013533,4,False,True,0.0448535554970626,0,True
13177,2,bicycle,a photo of a bicycle,0.185723533219561,GE_MAP,all,GE_POS3_SMART,0.2082063975628332,0.8342434630102041,0.3446536915924671,0.2440575828590559,0.5863270777479893,8961,2187,6660,False,0.5459463890482826,4,False,True,0.022482864343272208,1,True
13177,2,bicycle,a photo of a bicycle,0.185723533219561,GE_MAP,all,GE_POS3_CASR,0.2082063975628332,0.8342434630102041,0.3446536915924671,0.2440575828590559,0.5863270777479893,8961,2187,6660,False,0.5459463890482826,4,False,True,0.022482864343272208,1,True
457262,52,banana,a photo of a banana,0.7830339676329362,GE_MAP,all,GE_MAP,0.7830339676329362,0.9513711734693877,0.8783163774187114,0.8665617004526668,0.8903943377148635,10162,8806,1356,True,0.2179564172958133,67,True,False,0.0,-1,False
457262,52,banana,a photo of a banana,0.7830339676329362,GE_MAP,all,GE_POS3_SAM,0.9030782426379491,0.9797313456632653,0.949071060143222,0.9401726361742236,0.958139534883721,10079,9476,603,True,0.21617621825669184,67,True,False,0.12004427500501291,1,True
457262,52,banana,a photo of a banana,0.7830339676329362,GE_MAP,all,GE_POS3_SMART,0.9030782426379491,0.9797313456632653,0.949071060143222,0.9401726361742236,0.958139534883721,10079,9476,603,True,0.21617621825669184,67,True,False,0.12004427500501291,1,True
457262,52,banana,a photo of a banana,0.7830339676329362,GE_MAP,all,GE_POS3_CASR,0.9030782426379491,0.9797313456632653,0.949071060143222,0.9401726361742236,0.958139534883721,10079,9476,603,True,0.21617621825669184,67,True,False,0.12004427500501291,1,True
457262,67,dining table,a photo of a dining table,0.4844230769230769,GE_MAP,all,GE_MAP,0.4844230769230769,0.5191127232142857,0.6526752169970204,0.9922965816080885,0.48625171585449556,22847,22671,0,True,0.09870452409719425,52,True,False,0.0,-1,False
457262,67,dining table,a photo of a dining table,0.4844230769230769,GE_MAP,all,GE_POS3_SAM,0.8125401378601704,0.8254743303571429,0.8965761594879003,0.9976345046915657,0.8141086135895677,38047,37957,0,True,0.253877743192697,52,True,False,0.32811706093709353,0,True
457262,67,dining table,a photo of a dining table,0.4844230769230769,GE_MAP,all,GE_POS3_SMART,0.8125401378601704,0.8254743303571429,0.8965761594879003,0.9976345046915657,0.8141086135895677,38047,37957,0,True,0.253877743192697,52,True,False,0.32811706093709353,0,True
457262,67,dining table,a photo of a dining table,0.4844230769230769,GE_MAP,all,GE_POS3_CASR,0.4844230769230769,0.5191127232142857,0.6526752169970204,0.9922965816080885,0.48625171585449556,22847,22671,0,True,0.09870452409719425,52,True,False,0.0,0,False
377486,19,horse,a photo of a horse,0.30888059155135805,GE_MAP,all,GE_MAP,0.30888059155135805,0.8118622448979592,0.4719767311779841,0.3118947290603977,0.9696621466329579,13527,4219,4215,True,0.16065468549422338,1,True,False,0.0,-1,False
377486,19,horse,a photo of a horse,0.30888059155135805,GE_MAP,all,GE_POS3_SAM,0.5178549664838513,0.9211575255102041,0.6823510518708849,0.5243736887572504,0.9765571133072857,8103,4249,3088,True,0.19589382940108893,21,True,False,0.20897437493249327,0,True
377486,19,horse,a photo of a horse,0.30888059155135805,GE_MAP,all,GE_POS3_SMART,0.5178549664838513,0.9211575255102041,0.6823510518708849,0.5243736887572504,0.9765571133072857,8103,4249,3088,True,0.19589382940108893,21,True,False,0.20897437493249327,0,True
377486,19,horse,a photo of a horse,0.30888059155135805,GE_MAP,all,GE_POS3_CASR,0.5178549664838513,0.9211575255102041,0.6823510518708849,0.5243736887572504,0.9765571133072857,8103,4249,3088,True,0.19589382940108893,21,True,False,0.20897437493249327,0,True
377486,1,person,a photo of a person,0.168828187765408,GE_MAP,all,GE_MAP,0.168828187765408,0.7113360969387755,0.28888452474469756,0.18606121932709335,0.6457418788410887,15812,2942,2275,True,0.12516741071428572,19,True,False,0.0,-1,False
377486,1,person,a photo of a person,0.168828187765408,GE_MAP,all,GE_POS3_SAM,0.4377262082180115,0.9473652742346939,0.6089145564934103,0.9358215748748293,0.45127304653204564,2197,2056,68,True,0.014882906544101553,21,True,False,0.26889802045260347,1,True
377486,1,person,a photo of a person,0.168828187765408,GE_MAP,all,GE_POS3_SMART,0.5337987940336402,0.9414461096938775,0.6960480033105731,0.6583170254403131,0.7383669885864794,5110,3364,1425,True,0.13332534738859608,19,True,False,0.3649706062682322,0,True
377486,1,person,a photo of a person,0.168828187765408,GE_MAP,all,GE_POS3_CASR,0.5337987940336402,0.9414461096938775,0.6960480033105731,0.6583170254403131,0.7383669885864794,5110,3364,1425,True,0.13332534738859608,19,True,False,0.3649706062682322,0,True
538236,58,hot dog,a photo of a hot dog,0.4423313905079101,GE_MAP,all,GE_MAP,0.4423313905079101,0.6662946428571429,0.6133561169352977,0.8022834360275463,0.49644886363636365,16554,13281,156,True,0.008215282531992206,1,True,False,0.0,-1,False
538236,58,hot dog,a photo of a hot dog,0.4423313905079101,GE_MAP,all,GE_POS3_SAM,0.5201624888536609,0.7104392538265306,0.6843511699146191,0.8170358458266328,0.5887410287081339,19277,15750,1,True,4.573101019801528e-05,1,True,False,0.0778310983457508,0,True
538236,58,hot dog,a photo of a hot dog,0.4423313905079101,GE_MAP,all,GE_POS3_SMART,0.5201624888536609,0.7104392538265306,0.6843511699146191,0.8170358458266328,0.5887410287081339,19277,15750,1,True,4.573101019801528e-05,1,True,False,0.0778310983457508,0,True
538236,58,hot dog,a photo of a hot dog,0.4423313905079101,GE_MAP,all,GE_POS3_CASR,0.5201624888536609,0.7104392538265306,0.6843511699146191,0.8170358458266328,0.5887410287081339,19277,15750,1,True,4.573101019801528e-05,1,True,False,0.0778310983457508,0,True
538236,1,person,a photo of a person,0.06576871738866642,GE_MAP,all,GE_MAP,0.06576871738866642,0.6931202168367347,0.12342024365251053,0.0723873121869783,0.41837128521806255,14975,1084,12260,False,0.41605864187056707,58,False,False,0.0,-1,False
538236,1,person,a photo of a person,0.06576871738866642,GE_MAP,all,GE_POS3_SAM,0.0,0.6684470663265306,0.0,0.0,0.0,14045,0,13793,False,0.5107761813064731,58,False,True,-0.06576871738866642,1,True
538236,1,person,a photo of a person,0.06576871738866642,GE_MAP,all,GE_POS3_SMART,0.0,0.5145487882653061,0.0,0.0,0.0,21767,0,20387,False,0.7246907436371393,58,False,True,-0.06576871738866642,0,True
538236,1,person,a photo of a person,0.06576871738866642,GE_MAP,all,GE_POS3_CASR,0.0,0.5145487882653061,0.0,0.0,0.0,21767,0,20387,False,0.7246907436371393,58,False,True,-0.06576871738866642,0,True
201646,62,chair,a photo of a chair,0.2861066936533179,GE_MAP,all,GE_MAP,0.2861066936533179,0.8031728316326531,0.4449190647482014,0.2881689115398617,0.9755977323145181,13735,3958,4868,False,0.3050162396246842,63,False,False,0.0,-1,False
201646,62,chair,a photo of a chair,0.2861066936533179,GE_MAP,all,GE_POS3_SAM,0.8945736434108527,0.9905133928571429,0.9443535188216039,0.898154325105626,0.9955632240571851,4497,4039,228,True,0.9169737697810535,63,False,True,0.6084669497575348,1,True
201646,62,chair,a photo of a chair,0.2861066936533179,GE_MAP,all,GE_POS3_SMART,0.8945736434108527,0.9905133928571429,0.9443535188216039,0.898154325105626,0.9955632240571851,4497,4039,228,True,0.9169737697810535,63,False,True,0.6084669497575348,1,True
201646,62,chair,a photo of a chair,0.2861066936533179,GE_MAP,all,GE_POS3_CASR,0.8945736434108527,0.9905133928571429,0.9443535188216039,0.898154325105626,0.9955632240571851,4497,4039,228,True,0.9169737697810535,63,False,True,0.6084669497575348,1,True
201646,1,person,a photo of a person,0.45894546186355406,GE_MAP,all,GE_MAP,0.45894546186355406,0.7856744260204082,0.6291468377129458,0.5633646245059288,0.7123223488989536,16192,9122,823,True,0.04185055547100898,63,True,False,0.0,-1,False
201646,1,person,a photo of a person,0.45894546186355406,GE_MAP,all,GE_POS3_SAM,0.9724862817837545,0.9929049744897959,0.9860512499020453,0.9895407360805285,0.9825862876776511,12716,12583,19,True,0.0014673944943358573,63,True,False,0.5135408199202005,0,True
201646,1,person,a photo of a person,0.45894546186355406,GE_MAP,all,GE_POS3_SMART,0.9724862817837545,0.9929049744897959,0.9860512499020453,0.9895407360805285,0.9825862876776511,12716,12583,19,True,0.0014673944943358573,63,True,False,0.5135408199202005,0,True
201646,1,person,a photo of a person,0.45894546186355406,GE_MAP,all,GE_POS3_CASR,0.9724862817837545,0.9929049744897959,0.9860512499020453,0.9895407360805285,0.9825862876776511,12716,12583,19,True,0.0014673944943358573,63,True,False,0.5135408199202005,0,True
436738,6,bus,a photo of a bus,0.34487675697698106,GE_MAP,all,GE_MAP,0.34487675697698106,0.8718112244897959,0.5128748863980612,0.3452283849918434,0.997055359246172,9808,3386,1665,True,0.1268591426071741,3,True,False,0.0,-1,False
436738,6,bus,a photo of a bus,0.34487675697698106,GE_MAP,all,GE_POS3_SAM,0.9495822529530394,0.9965122767857143,0.9741392049652726,0.9777514090774251,0.9705535924617197,3371,3296,16,True,0.005069214271787873,3,True,False,0.6047054959760584,1,True
436738,6,bus,a photo of a bus,0.34487675697698106,GE_MAP,all,GE_POS3_SMART,0.7354881266490765,0.9760243941326531,0.8475864690231851,0.7438292194796531,0.984982332155477,4497,3345,984,True,0.18868281604844814,3,True,False,0.3906113696720954,0,True
436738,6,bus,a photo of a bus,0.34487675697698106,GE_MAP,all,GE_POS3_CASR,0.7354881266490765,0.9760243941326531,0.8475864690231851,0.7438292194796531,0.984982332155477,4497,3345,984,True,0.18868281604844814,3,True,False,0.3906113696720954,0,True
436738,3,car,a photo of a car,0.21663019693654267,GE_MAP,all,GE_MAP,0.21663019693654267,0.8715720663265306,0.35611510791366907,0.21668287937743191,0.9988789237668162,8224,1782,3620,False,0.40968094140482836,6,False,False,0.0,-1,False
436738,3,car,a photo of a car,0.21663019693654267,GE_MAP,all,GE_POS3_SAM,0.586038961038961,0.9847536670918368,0.7389969293756398,0.944202266782912,0.6070627802690582,1147,1083,3,True,0.0006607929515418502,6,True,False,0.36940876410241835,1,True
436738,3,car,a photo of a car,0.21663019693654267,GE_MAP,all,GE_POS3_SMART,0.7925531914893617,0.9922273596938775,0.884272997032641,0.9394703656998739,0.8352017937219731,1586,1490,21,True,0.004233017536786938,6,True,False,0.575922994552819,0,True
436738,3,car,a photo of a car,0.21663019693654267,GE_MAP,all,GE_POS3_CASR,0.7925531914893617,0.9922273596938775,0.884272997032641,0.9394703656998739,0.8352017937219731,1586,1490,21,True,0.004233017536786938,6,True,False,0.575922994552819,0,True
356387,4,motorcycle,a photo of a motorcycle,0.38566082332085877,GE_MAP,all,GE_MAP,0.38566082332085877,0.8756776147959183,0.5566453447050462,0.392542101042502,0.9565217391304348,9976,3916,1412,True,0.11592024847209699,2,True,False,0.0,-1,False
356387,4,motorcycle,a photo of a motorcycle,0.38566082332085877,GE_MAP,all,GE_POS3_SAM,0.4909958442358011,0.9340919961734694,0.6586146381748735,0.5703558018952262,0.7791890571568149,5593,3190,1006,True,0.19367379395652942,2,True,False,0.10533502091494235,0,True
356387,4,motorcycle,a photo of a motorcycle,0.38566082332085877,GE_MAP,all,GE_POS3_SMART,0.4909958442358011,0.9340919961734694,0.6586146381748735,0.5703558018952262,0.7791890571568149,5593,3190,1006,True,0.19367379395652942,2,True,False,0.10533502091494235,0,True
356387,4,motorcycle,a photo of a motorcycle,0.38566082332085877,GE_MAP,all,GE_POS3_CASR,0.4909958442358011,0.9340919961734694,0.6586146381748735,0.5703558018952262,0.7791890571568149,5593,3190,1006,True,0.19367379395652942,2,True,False,0.10533502091494235,0,True
356387,2,bicycle,a photo of a bicycle,0.11791014433828013,GE_MAP,all,GE_MAP,0.11791014433828013,0.8270487882653061,0.21094744498999818,0.11793411956079707,0.9982788296041308,9836,1160,3885,False,0.37390275175066573,4,False,False,0.0,-1,False
356387,2,bicycle,a photo of a bicycle,0.11791014433828013,GE_MAP,all,GE_POS3_SAM,0.2043767096522079,0.9188456632653061,0.3393900064892927,0.20911635345861657,0.9001721170395869,5002,1046,2577,False,0.4143990048204012,4,False,False,0.08646656531392775,0,True
356387,2,bicycle,a photo of a bicycle,0.11791014433828013,GE_MAP,all,GE_POS3_SMART,0.2043767096522079,0.9188456632653061,0.3393900064892927,0.20911635345861657,0.9001721170395869,5002,1046,2577,False,0.4143990048204012,4,False,False,0.08646656531392775,0,True
356387,2,bicycle,a photo of a bicycle,0.11791014433828013,GE_MAP,all,GE_POS3_CASR,0.2043767096522079,0.9188456632653061,0.3393900064892927,0.20911635345861657,0.9001721170395869,5002,1046,2577,False,0.4143990048204012,4,False,False,0.08646656531392775,0,True
14038,65,bed,a photo of a bed,0.036334254287650525,GE_MAP,all,GE_MAP,0.036334254287650525,0.6315768494897959,0.07012072434607645,0.03634372718740223,0.9928774928774928,19178,697,2325,False,0.047350505512371084,84,False,False,0.0,-1,False
14038,65,bed,a photo of a bed,0.036334254287650525,GE_MAP,all,GE_POS3_SAM,0.7752808988764045,0.9964126275510204,0.8734177215189873,0.8625,0.8846153846153846,720,621,1,True,0.0010204081632653062,63,True,False,0.738946644588754,1,True
14038,65,bed,a photo of a bed,0.036334254287650525,GE_MAP,all,GE_POS3_SMART,0.7752808988764045,0.9964126275510204,0.8734177215189873,0.8625,0.8846153846153846,720,621,1,True,0.0010204081632653062,63,True,False,0.738946644588754,1,True
14038,65,bed,a photo of a bed,0.036334254287650525,GE_MAP,all,GE_POS3_CASR,0.7752808988764045,0.9964126275510204,0.8734177215189873,0.8625,0.8846153846153846,720,621,1,True,0.0010204081632653062,63,True,False,0.738946644588754,1,True
14038,82,refrigerator,a photo of a refrigerator,0.07227482021832479,GE_MAP,all,GE_MAP,0.07227482021832479,0.6426179846938775,0.13480652320756537,0.07459817375981204,0.6988494247123562,18727,1397,2350,False,0.0667654216485028,84,True,False,0.0,-1,False
14038,82,refrigerator,a photo of a refrigerator,0.07227482021832479,GE_MAP,all,GE_POS3_SAM,0.1116122755814982,0.7998046875,0.20081152040735142,0.11939451277199621,0.6313156578289144,10570,1262,0,True,0.0,-1,True,False,0.0393374553631734,0,True
14038,82,refrigerator,a photo of a refrigerator,0.07227482021832479,GE_MAP,all,GE_POS3_SMART,0.09477830008893406,0.8579998405612245,0.17314610653359638,0.11272287700211545,0.37318659329664833,6618,746,307,True,0.041447835344215755,78,True,False,0.022503479870609272,1,True
14038,82,refrigerator,a photo of a refrigerator,0.07227482021832479,GE_MAP,all,GE_POS3_CASR,0.09477830008893406,0.8579998405612245,0.17314610653359638,0.11272287700211545,0.37318659329664833,6618,746,307,True,0.041447835344215755,78,True,False,0.022503479870609272,1,True
60899,62,chair,a photo of a chair,0.4336677814938685,GE_MAP,all,GE_MAP,0.4336677814938685,0.7367665816326531,0.6049766718506998,0.5245306503474744,0.7145683199095662,19282,10114,2779,True,0.09990591351012301,1,True,False,0.0,-1,False
60899,62,chair,a photo of a chair,0.4336677814938685,GE_MAP,all,GE_POS3_SAM,0.06990369721866792,0.7247488839285714,0.13067287719519102,0.5989613387189844,0.07333615938957186,1733,1038,242,True,0.042673521850899745,19,True,False,-0.36376408427520057,1,True
60899,62,chair,a photo of a chair,0.4336677814938685,GE_MAP,all,GE_POS3_SMART,0.06990369721866792,0.7247488839285714,0.13067287719519102,0.5989613387189844,0.07333615938957186,1733,1038,242,True,0.042673521850899745,19,True,False,-0.36376408427520057,1,True
60899,62,chair,a photo of a chair,0.4336677814938685,GE_MAP,all,GE_POS3_CASR,0.06990369721866792,0.7247488839285714,0.13067287719519102,0.5989613387189844,0.07333615938957186,1733,1038,242,True,0.042673521850899745,19,True,False,-0.36376408427520057,1,True
60899,1,person,a photo of a person,0.35882993326075635,GE_MAP,all,GE_MAP,0.35882993326075635,0.7300302933673469,0.5281454646788352,0.46152441251674176,0.6172447484123107,16426,7581,1708,True,0.07099078905894302,62,True,False,0.0,-1,False
60899,1,person,a photo of a person,0.35882993326075635,GE_MAP,all,GE_POS3_SAM,0.9038326984373786,0.9753467793367347,0.9494875250112296,0.9524043581551569,0.9465885035010585,12207,11626,6,True,0.0071060171919770775,62,True,False,0.5450027651766223,0,True
60899,1,person,a photo of a person,0.35882993326075635,GE_MAP,all,GE_POS3_SMART,0.9038326984373786,0.9753467793367347,0.9494875250112296,0.9524043581551569,0.9465885035010585,12207,11626,6,True,0.0071060171919770775,62,True,False,0.5450027651766223,0,True
60899,1,person,a photo of a person,0.35882993326075635,GE_MAP,all,GE_POS3_CASR,0.9038326984373786,0.9753467793367347,0.9494875250112296,0.9524043581551569,0.9465885035010585,12207,11626,6,True,0.0071060171919770775,62,True,False,0.5450027651766223,0,True
421060,35,skis,a photo of a skis,0.01681182904597934,GE_MAP,all,GE_MAP,0.01681182904597934,0.6130420918367347,0.033067729083665336,0.01697515083341855,0.6360153256704981,19558,332,1611,False,0.07388581283470999,1,False,False,0.0,-1,False
421060,35,skis,a photo of a skis,0.01681182904597934,GE_MAP,all,GE_POS3_SAM,0.006276256516677633,0.6087173150510204,0.012474221618630854,0.006405289529417842,0.23754789272030652,19359,124,39,True,0.0016649590163934425,1,True,False,-0.010535572529301707,1,True
421060,35,skis,a photo of a skis,0.01681182904597934,GE_MAP,all,GE_POS3_SMART,0.006276256516677633,0.6087173150510204,0.012474221618630854,0.006405289529417842,0.23754789272030652,19359,124,39,True,0.0016649590163934425,1,True,False,-0.010535572529301707,1,True
421060,35,skis,a photo of a skis,0.01681182904597934,GE_MAP,all,GE_POS3_CASR,0.01681182904597934,0.6130420918367347,0.033067729083665336,0.01697515083341855,0.6360153256704981,19558,332,1611,False,0.07388581283470999,1,False,False,0.0,1,False
421060,1,person,a photo of a person,0.12697530864197532,GE_MAP,all,GE_MAP,0.12697530864197532,0.718132174744898,0.22533822643369666,0.14534021055606586,0.5012183235867447,14153,2057,241,True,0.01789553998751474,35,True,False,0.0,-1,False
421060,1,person,a photo of a person,0.12697530864197532,GE_MAP,all,GE_POS3_SAM,0.06486557607122495,0.5750558035714286,0.12182866556836902,0.07330491673275179,0.3603801169590643,20176,1479,0,True,0.0,-1,True,False,-0.062109732570750364,0,True
421060,1,person,a photo of a person,0.12697530864197532,GE_MAP,all,GE_POS3_SMART,0.06486557607122495,0.5750558035714286,0.12182866556836902,0.07330491673275179,0.3603801169590643,20176,1479,0,True,0.0,-1,True,False,-0.062109732570750364,0,True
421060,1,person,a photo of a person,0.12697530864197532,GE_MAP,all,GE_POS3_CASR,0.06486557607122495,0.5750558035714286,0.12182866556836902,0.07330491673275179,0.3603801169590643,20176,1479,0,True,0.0,-1,True,False,-0.062109732570750364,0,True
537991,1,person,a photo of a person,0.5897321028581668,GE_MAP,all,GE_MAP,0.5897321028581668,0.8174824617346939,0.7419263935072986,0.8172844105047495,0.679292017131947,16107,13164,333,True,0.03374908290535583,77,True,False,0.0,-1,False
537991,1,person,a photo of a person,0.5897321028581668,GE_MAP,all,GE_POS3_SAM,0.16652046029206874,0.678093112244898,0.28549942493143415,1.0,0.16652046029206874,3227,3227,0,True,0.08163265306122448,77,True,False,-0.42321164256609806,2,True
537991,1,person,a photo of a person,0.5897321028581668,GE_MAP,all,GE_POS3_SMART,0.8931762395679922,0.9566326530612245,0.9435743180168032,0.9483450612457649,0.9388513339181588,19185,18194,47,True,0.03613458447820001,77,True,False,0.3034441367098254,0,True
537991,1,person,a photo of a person,0.5897321028581668,GE_MAP,all,GE_POS3_CASR,0.8931762395679922,0.9566326530612245,0.9435743180168032,0.9483450612457649,0.9388513339181588,19185,18194,47,True,0.03613458447820001,77,True,False,0.3034441367098254,0,True
537991,77,cell phone,a photo of a cell phone,0.07333639284075263,GE_MAP,all,GE_MAP,0.07333639284075263,0.7987882653061225,0.1366512741576877,0.07334985770678418,0.9975031210986267,10893,799,6258,False,0.2813002624227546,1,False,False,0.0,-1,False
537991,77,cell phone,a photo of a cell phone,0.07333639284075263,GE_MAP,all,GE_POS3_SAM,0.9119718309859155,0.9985052614795918,0.9539594843462247,0.9384057971014492,0.9700374531835206,828,777,51,True,0.042726662882501674,1,True,False,0.8386354381451628,2,True
537991,77,cell phone,a photo of a cell phone,0.07333639284075263,GE_MAP,all,GE_POS3_SMART,0.4059763008758372,0.9770208864795918,0.5775009160864786,0.4087136929460581,0.9837702871410736,1928,788,1137,False,0.09931895573212259,1,True,False,0.3326399080350846,1,True
537991,77,cell phone,a photo of a cell phone,0.07333639284075263,GE_MAP,all,GE_POS3_CASR,0.4059763008758372,0.9770208864795918,0.5775009160864786,0.4087136929460581,0.9837702871410736,1928,788,1137,False,0.09931895573212259,1,True,False,0.3326399080350846,1,True
127660,33,suitcase,a photo of a suitcase,0.5760125040224336,GE_MAP,all,GE_MAP,0.5760125040224336,0.8161870216836735,0.7309745354840591,0.8520911254675281,0.6400040862192257,14705,12530,991,True,0.03572479163261971,1,True,False,0.0,-1,False
127660,33,suitcase,a photo of a suitcase,0.5760125040224336,GE_MAP,all,GE_POS3_SAM,0.7818639549807483,0.9119300063775511,0.8775798542815192,0.9588352805859919,0.8090203289406477,16519,15839,620,True,0.02729056788912057,1,True,False,0.2058514509583147,0,True
127660,33,suitcase,a photo of a suitcase,0.5760125040224336,GE_MAP,all,GE_POS3_SMART,0.7818639549807483,0.9119300063775511,0.8775798542815192,0.9588352805859919,0.8090203289406477,16519,15839,620,True,0.02729056788912057,1,True,False,0.2058514509583147,0,True
127660,33,suitcase,a photo of a suitcase,0.5760125040224336,GE_MAP,all,GE_POS3_CASR,0.7818639549807483,0.9119300063775511,0.8775798542815192,0.9588352805859919,0.8090203289406477,16519,15839,620,True,0.02729056788912057,1,True,False,0.2058514509583147,0,True
127660,1,person,a photo of a person,0.384743153459731,GE_MAP,all,GE_MAP,0.384743153459731,0.6973254145408163,0.5556888329773851,0.5522153738806838,0.559206265088618,17198,9497,3991,True,0.12537103338535452,33,True,False,0.0,-1,False
127660,1,person,a photo of a person,0.384743153459731,GE_MAP,all,GE_POS3_SAM,0.7012075856790544,0.8599529655612245,0.8243645179834537,0.7161903934682533,0.9710298533827946,23026,16491,6193,True,0.18265600710637353,33,True,False,0.3164644322193234,0,True
127660,1,person,a photo of a person,0.384743153459731,GE_MAP,all,GE_POS3_SMART,0.7644382219110956,0.9195232780612245,0.8664947431065265,0.9880117620447862,0.771595124536301,13263,13104,23,True,0.0026867767838060636,33,True,False,0.3796950684513646,1,True
127660,1,person,a photo of a person,0.384743153459731,GE_MAP,all,GE_POS3_CASR,0.7644382219110956,0.9195232780612245,0.8664947431065265,0.9880117620447862,0.771595124536301,13263,13104,23,True,0.0026867767838060636,33,True,False,0.3796950684513646,1,True
568439,6,bus,a photo of a bus,0.6538317989549639,GE_MAP,all,GE_MAP,0.6538317989549639,0.8890904017857143,0.790687177944108,0.7254969630038652,0.8687494834283825,14488,10511,64,True,0.005396228703086158,1,True,False,0.0,-1,False
568439,6,bus,a photo of a bus,0.6538317989549639,GE_MAP,all,GE_POS3_SAM,0.574648116508014,0.8958067602040817,0.7298749612483207,0.9735354927636113,0.5837672534920242,7255,7063,0,True,0.007543916370298524,1,True,False,-0.07918368244694995,1,True
568439,6,bus,a photo of a bus,0.6538317989549639,GE_MAP,all,GE_POS3_SMART,0.6178297700685761,0.9055923150510204,0.7637759936169152,0.9627860196127734,0.6329448714769815,7954,7658,0,True,0.007015433954700341,1,True,False,-0.036002028886387816,0,True
568439,6,bus,a photo of a bus,0.6538317989549639,GE_MAP,all,GE_POS3_CASR,0.6178297700685761,0.9055923150510204,0.7637759936169152,0.9627860196127734,0.6329448714769815,7954,7658,0,True,0.007015433954700341,1,True,False,-0.036002028886387816,0,True
568439,1,person,a photo of a person,0.19126645651770813,GE_MAP,all,GE_MAP,0.19126645651770813,0.8261519451530612,0.32111448361740214,0.19181775918177593,0.9851957975167144,10755,2063,1261,True,0.06248256624825663,6,True,False,0.0,-1,False
568439,1,person,a photo of a person,0.19126645651770813,GE_MAP,all,GE_POS3_SAM,0.8735417638824078,0.9945990114795918,0.9325031133250311,0.9744924518479958,0.8939828080229226,1921,1872,0,True,0.04462895692786715,27,True,False,0.6822753073646997,0,True
568439,1,person,a photo of a person,0.19126645651770813,GE_MAP,all,GE_POS3_SMART,0.8735417638824078,0.9945990114795918,0.9325031133250311,0.9744924518479958,0.8939828080229226,1921,1872,0,True,0.04462895692786715,27,True,False,0.6822753073646997,0,True
568439,1,person,a photo of a person,0.19126645651770813,GE_MAP,all,GE_POS3_CASR,0.8735417638824078,0.9945990114795918,0.9325031133250311,0.9744924518479958,0.8939828080229226,1921,1872,0,True,0.04462895692786715,27,True,False,0.6822753073646997,0,True
284445,1,person,a photo of a person,0.27290497193263835,GE_MAP,all,GE_MAP,0.27290497193263835,0.7108777104591837,0.42879080206323583,0.3483462350457424,0.5575465902109359,15631,5445,357,True,0.020921020054468928,10,True,False,0.0,-1,False
284445,1,person,a photo of a person,0.27290497193263835,GE_MAP,all,GE_POS3_SAM,0.27738046587658355,0.8590361926020408,0.4342957690154363,0.9919620021921812,0.2780053245955355,2737,2715,0,True,0.031033223804308143,27,True,False,0.004475493943945197,1,True
284445,1,person,a photo of a person,0.27290497193263835,GE_MAP,all,GE_POS3_SMART,0.4320721059055488,0.8794443558673469,0.6034222775847374,0.8387096774193549,0.47122670489453206,5487,4602,497,True,0.08491371946010592,10,True,False,0.15916713397291044,0,True
284445,1,person,a photo of a person,0.27290497193263835,GE_MAP,all,GE_POS3_CASR,0.4320721059055488,0.8794443558673469,0.6034222775847374,0.8387096774193549,0.47122670489453206,5487,4602,497,True,0.08491371946010592,10,True,False,0.15916713397291044,0,True
284445,10,traffic light,a photo of a traffic light,0.052977286678944135,GE_MAP,all,GE_MAP,0.052977286678944135,0.6925422512755102,0.10062379758642803,0.052977286678944135,1.0,16290,863,2688,False,0.10966313189387164,1,False,False,0.0,-1,False
284445,10,traffic light,a photo of a traffic light,0.052977286678944135,GE_MAP,all,GE_POS3_SAM,0.1856936416184971,0.9775390625,0.31322364411943937,0.33033419023136246,0.29779837775202783,778,257,15,True,0.0014246367176370025,1,True,False,0.13271635493955297,2,True
284445,10,traffic light,a photo of a traffic light,0.052977286678944135,GE_MAP,all,GE_POS3_SMART,0.23342541436464087,0.9778778698979592,0.3784994400895857,0.36619718309859156,0.39165701042873696,923,338,15,True,0.001405283867341203,1,True,False,0.18044812768569674,1,True
284445,10,traffic light,a photo of a traffic light,0.052977286678944135,GE_MAP,all,GE_POS3_CASR,0.23342541436464087,0.9778778698979592,0.3784994400895857,0.36619718309859156,0.39165701042873696,923,338,15,True,0.001405283867341203,1,True,False,0.18044812768569674,1,True
422998,44,bottle,a photo of a bottle,0.36404771698889343,GE_MAP,all,GE_MAP,0.36404771698889343,0.8151307397959183,0.5337756332931243,0.38080895008605853,0.8921370967741935,13944,5310,4465,True,0.10257958287596049,1,True,False,0.0,-1,False
422998,44,bottle,a photo of a bottle,0.36404771698889343,GE_MAP,all,GE_POS3_SAM,0.739144682942815,0.9682716836734694,0.8500094215187488,0.9676104676104677,0.7578965053763441,4662,4511,2,True,0.008822718500137855,54,True,False,0.37509696595392156,2,True
422998,44,bottle,a photo of a bottle,0.36404771698889343,GE_MAP,all,GE_POS3_SMART,0.8129554655870446,0.9769810267857143,0.8968289414917374,0.9574670989891284,0.8434139784946236,5243,5020,60,True,0.01152516327314637,54,True,False,0.44890774859815114,1,True
422998,44,bottle,a photo of a bottle,0.36404771698889343,GE_MAP,all,GE_POS3_CASR,0.8129554655870446,0.9769810267857143,0.8968289414917374,0.9574670989891284,0.8434139784946236,5243,5020,60,True,0.01152516327314637,54,True,False,0.44890774859815114,1,True
422998,1,person,a photo of a person,0.4131706303257029,GE_MAP,all,GE_MAP,0.4131706303257029,0.606086575255102,0.5847427358867155,0.6514066376445256,0.5304566592970954,21363,13916,2959,True,0.059295741875436285,44,True,False,0.0,-1,False
422998,1,person,a photo of a person,0.4131706303257029,GE_MAP,all,GE_POS3_SAM,0.7401967128251585,0.8399633290816326,0.8507046443312386,0.8303571428571429,0.8720744072577571,27552,22878,37,True,0.0008962179602079225,44,True,False,0.32702608249945564,1,True
422998,1,person,a photo of a person,0.4131706303257029,GE_MAP,all,GE_POS3_SMART,0.7401967128251585,0.8399633290816326,0.8507046443312386,0.8303571428571429,0.8720744072577571,27552,22878,37,True,0.0008962179602079225,44,True,False,0.32702608249945564,1,True
422998,1,person,a photo of a person,0.4131706303257029,GE_MAP,all,GE_POS3_CASR,0.7401967128251585,0.8399633290816326,0.8507046443312386,0.8303571428571429,0.8720744072577571,27552,22878,37,True,0.0008962179602079225,44,True,False,0.32702608249945564,1,True
181499,73,laptop,a photo of a laptop,0.5093574758462266,GE_MAP,all,GE_MAP,0.5093574758462266,0.7105389030612245,0.6749328558639213,0.8106451612903226,0.5781441717791411,18600,15078,5,True,0.3722816070770365,76,True,False,0.0,-1,False
181499,73,laptop,a photo of a laptop,0.5093574758462266,GE_MAP,all,GE_POS3_SAM,0.944801358735785,0.9702048788265306,0.9716173371556585,0.9622457037566277,0.9811733128834356,26593,25589,1,True,0.27676964607078586,76,True,False,0.4354438828895584,0,True
181499,73,laptop,a photo of a laptop,0.5093574758462266,GE_MAP,all,GE_POS3_SMART,0.5595125815822236,0.7672991071428571,0.7175480187720741,0.9720146808231748,0.5686733128834356,15258,14831,0,True,0.4795831976554868,76,True,False,0.05015510573599702,1,True
181499,73,laptop,a photo of a laptop,0.5093574758462266,GE_MAP,all,GE_POS3_CASR,0.5595125815822236,0.7672991071428571,0.7175480187720741,0.9720146808231748,0.5686733128834356,15258,14831,0,True,0.4795831976554868,76,True,False,0.05015510573599702,1,True
181499,76,keyboard,a photo of a keyboard,0.4271986875256343,GE_MAP,all,GE_MAP,0.4271986875256343,0.8051658163265306,0.5986534198210034,0.43149671539326506,0.9772148505562257,16897,7291,7321,False,0.4837562575522182,73,False,False,0.0,-1,False
181499,76,keyboard,a photo of a keyboard,0.4271986875256343,GE_MAP,all,GE_POS3_SAM,0.7975677169707021,0.963508450255102,0.8873854480595362,0.8199590816094567,0.9668945181611044,8798,7214,1582,True,0.33724407637451115,73,True,False,0.3703690294450678,0,True
181499,76,keyboard,a photo of a keyboard,0.4271986875256343,GE_MAP,all,GE_POS3_SMART,0.7975677169707021,0.963508450255102,0.8873854480595362,0.8199590816094567,0.9668945181611044,8798,7214,1582,True,0.33724407637451115,73,True,False,0.3703690294450678,0,True
181499,76,keyboard,a photo of a keyboard,0.4271986875256343,GE_MAP,all,GE_POS3_CASR,0.7975677169707021,0.963508450255102,0.8873854480595362,0.8199590816094567,0.9668945181611044,8798,7214,1582,True,0.33724407637451115,73,True,False,0.3703690294450678,0,True
27186,63,couch,a photo of a couch,0.5866471326915027,GE_MAP,all,GE_MAP,0.5866471326915027,0.8425542091836735,0.7394802796464847,0.7352613286117122,0.7437479270315092,15249,11212,294,True,0.00915643270331302,1,True,False,0.0,-1,False
27186,63,couch,a photo of a couch,0.5866471326915027,GE_MAP,all,GE_POS3_SAM,0.5894917265475641,0.8758968431122449,0.7417361370328895,0.9895971668880036,0.593167495854063,9036,8942,10,True,0.0006061983784193377,1,True,False,0.002844593856061395,2,True
27186,63,couch,a photo of a couch,0.5866471326915027,GE_MAP,all,GE_POS3_SMART,0.8838581414737382,0.9639070471938775,0.9383489361702128,0.9637762237762237,0.914228855721393,14300,13782,63,True,0.002119783592242225,1,True,False,0.2972110087822355,0,True
27186,63,couch,a photo of a couch,0.5866471326915027,GE_MAP,all,GE_POS3_CASR,0.8838581414737382,0.9639070471938775,0.9383489361702128,0.9637762237762237,0.914228855721393,14300,13782,63,True,0.002119783592242225,1,True,False,0.2972110087822355,0,True
27186,1,person,a photo of a person,0.32120560631744327,GE_MAP,all,GE_MAP,0.32120560631744327,0.6727917729591837,0.4862310677181124,0.532780139898505,0.4471624266144814,14582,7769,3500,True,0.13550042116547975,63,True,False,0.0,-1,False
27186,1,person,a photo of a person,0.32120560631744327,GE_MAP,all,GE_POS3_SAM,0.7115713065755764,0.8653738839285714,0.8314830984158663,0.7337853903394831,0.9591918959364568,22711,16665,4819,True,0.14749916486987155,63,True,False,0.39036570025813316,0,True
27186,1,person,a photo of a person,0.32120560631744327,GE_MAP,all,GE_POS3_SMART,0.32638968811140523,0.7667012117346939,0.4921475054229935,0.9992952783650458,0.3264648325083458,5676,5672,2,True,0.0007233796296296296,63,True,False,0.005184081793961959,1,True
27186,1,person,a photo of a person,0.32120560631744327,GE_MAP,all,GE_POS3_CASR,0.32638968811140523,0.7667012117346939,0.4921475054229935,0.9992952783650458,0.3264648325083458,5676,5672,2,True,0.0007233796296296296,63,True,False,0.005184081793961959,1,True
150649,41,skateboard,a photo of a skateboard,0.047773851590106005,GE_MAP,all,GE_MAP,0.047773851590106005,0.7314652423469388,0.09119115068123566,0.047773851590106005,1.0,14150,676,1786,False,0.10448012575791601,1,False,False,0.0,-1,False
150649,41,skateboard,a photo of a skateboard,0.047773851590106005,GE_MAP,all,GE_POS3_SAM,0.036551724137931035,0.9164740114795918,0.07052561543579508,0.04148186798852074,0.23520710059171598,3833,159,3583,False,0.637095363079615,1,False,True,-0.01122212745217497,0,True
150649,41,skateboard,a photo of a skateboard,0.047773851590106005,GE_MAP,all,GE_POS3_SMART,0.2222222222222222,0.9859095982142857,0.36363636363636365,0.46436781609195404,0.2988165680473373,435,202,198,True,0.04453015427769986,1,True,False,0.1744483706321162,2,True
150649,41,skateboard,a photo of a skateboard,0.047773851590106005,GE_MAP,all,GE_POS3_CASR,0.2222222222222222,0.9859095982142857,0.36363636363636365,0.46436781609195404,0.2988165680473373,435,202,198,True,0.04453015427769986,1,True,False,0.1744483706321162,2,True
150649,1,person,a photo of a person,0.09180472502695815,GE_MAP,all,GE_MAP,0.09180472502695815,0.6307198660714286,0.16817059483726152,0.11180754536771728,0.33912728589534674,16752,1873,521,True,0.03460967646185812,41,True,False,0.0,-1,False
150649,1,person,a photo of a person,0.09180472502695815,GE_MAP,all,GE_POS3_SAM,0.000265945658437126,0.5504823022959183,0.0005317499002968937,0.00035203003989673785,0.0010863661053775121,17044,6,32,False,0.0018091361374943465,41,False,False,-0.09153877936852102,0,True
150649,1,person,a photo of a person,0.09180472502695815,GE_MAP,all,GE_POS3_SMART,0.000265945658437126,0.5504823022959183,0.0005317499002968937,0.00035203003989673785,0.0010863661053775121,17044,6,32,False,0.0018091361374943465,41,False,False,-0.09153877936852102,0,True
150649,1,person,a photo of a person,0.09180472502695815,GE_MAP,all,GE_POS3_CASR,0.09180472502695815,0.6307198660714286,0.16817059483726152,0.11180754536771728,0.33912728589534674,16752,1873,521,True,0.03460967646185812,41,True,False,0.0,0,False
446005,79,oven,a photo of a oven,0.2587384082339753,GE_MAP,all,GE_MAP,0.2587384082339753,0.7100605867346939,0.4111075129533679,0.27420487067336247,0.821018593371059,18519,5078,2372,True,0.09368100094627274,78,True,False,0.0,-1,False
446005,79,oven,a photo of a oven,0.2587384082339753,GE_MAP,all,GE_POS3_SAM,0.7257769652650823,0.9551578443877551,0.8411016949152542,0.7467084639498432,0.9628132578819725,7975,5955,1992,True,0.2409288824383164,78,True,False,0.46703855703110697,1,True
446005,79,oven,a photo of a oven,0.2587384082339753,GE_MAP,all,GE_POS3_SMART,0.7257769652650823,0.9551578443877551,0.8411016949152542,0.7467084639498432,0.9628132578819725,7975,5955,1992,True,0.2409288824383164,78,True,False,0.46703855703110697,1,True
446005,79,oven,a photo of a oven,0.2587384082339753,GE_MAP,all,GE_POS3_CASR,0.7257769652650823,0.9551578443877551,0.8411016949152542,0.7467084639498432,0.9628132578819725,7975,5955,1992,True,0.2409288824383164,78,True,False,0.46703855703110697,1,True
446005,78,microwave,a photo of a microwave,0.09977023232065356,GE_MAP,all,GE_MAP,0.09977023232065356,0.6486168686224489,0.18143832118482753,0.10148540562999896,0.8551422319474836,19254,1954,5693,False,0.24995086477987422,79,False,False,0.0,-1,False
446005,78,microwave,a photo of a microwave,0.09977023232065356,GE_MAP,all,GE_POS3_SAM,0.2504373906523369,0.8804607780612245,0.4005596642014791,0.25955187151923326,0.8770240700218819,7721,2004,5691,False,0.692757151552039,79,False,True,0.15066715833168332,1,True
446005,78,microwave,a photo of a microwave,0.09977023232065356,GE_MAP,all,GE_POS3_SMART,0.2504373906523369,0.8804607780612245,0.4005596642014791,0.25955187151923326,0.8770240700218819,7721,2004,5691,False,0.692757151552039,79,False,True,0.15066715833168332,1,True
446005,78,microwave,a photo of a microwave,0.09977023232065356,GE_MAP,all,GE_POS3_CASR,0.2504373906523369,0.8804607780612245,0.4005596642014791,0.25955187151923326,0.8770240700218819,7721,2004,5691,False,0.692757151552039,79,False,True,0.15066715833168332,1,True
532575,18,dog,a photo of a dog,0.84927625817751,GE_MAP,all,GE_MAP,0.84927625817751,0.9416852678571429,0.9184958217270195,0.9545507179249653,0.8850654928065278,17272,16487,330,True,0.01194377488286434,9,True,False,0.0,-1,False
532575,18,dog,a photo of a dog,0.84927625817751,GE_MAP,all,GE_POS3_SAM,0.8925081433224755,0.9598812181122449,0.9432013769363167,0.9941116992803188,0.8972514494309641,16813,16714,15,True,0.0035895901884534847,9,True,False,0.043231885144965565,1,True
532575,18,dog,a photo of a dog,0.84927625817751,GE_MAP,all,GE_POS3_SMART,0.8925081433224755,0.9598812181122449,0.9432013769363167,0.9941116992803188,0.8972514494309641,16813,16714,15,True,0.0035895901884534847,9,True,False,0.043231885144965565,1,True
532575,18,dog,a photo of a dog,0.84927625817751,GE_MAP,all,GE_POS3_CASR,0.8925081433224755,0.9598812181122449,0.9432013769363167,0.9941116992803188,0.8972514494309641,16813,16714,15,True,0.0035895901884534847,9,True,False,0.043231885144965565,1,True
532575,9,boat,a photo of a boat,0.36525120073187467,GE_MAP,all,GE_MAP,0.36525120073187467,0.6681281887755102,0.5350681259772169,0.6093869244467057,0.4769062313358551,15724,9582,3348,True,0.11478176212883336,18,True,False,0.0,-1,False
532575,9,boat,a photo of a boat,0.36525120073187467,GE_MAP,all,GE_POS3_SAM,0.0891645988420182,0.4513313137755102,0.16373025516403403,0.21008730901153727,0.13413298825403144,12828,2695,37,True,0.0012094977401489592,18,True,False,-0.27608660188985645,0,True
532575,9,boat,a photo of a boat,0.36525120073187467,GE_MAP,all,GE_POS3_SMART,0.0891645988420182,0.4513313137755102,0.16373025516403403,0.21008730901153727,0.13413298825403144,12828,2695,37,True,0.0012094977401489592,18,True,False,-0.27608660188985645,0,True
532575,9,boat,a photo of a boat,0.36525120073187467,GE_MAP,all,GE_POS3_CASR,0.36525120073187467,0.6681281887755102,0.5350681259772169,0.6093869244467057,0.4769062313358551,15724,9582,3348,True,0.11478176212883336,18,True,False,0.0,0,False
169076,1,person,a photo of a person,0.014563106796116505,GE_MAP,all,GE_MAP,0.014563106796116505,0.5913783482142857,0.028708133971291867,0.015696228760878575,0.16786703601108033,19304,303,5328,False,0.16622790522752914,18,False,False,0.0,-1,False
169076,1,person,a photo of a person,0.014563106796116505,GE_MAP,all,GE_POS3_SAM,0.0,0.7302893813775511,0.0,0.0,0.0,11728,0,36,False,0.00098244415018581,18,False,False,-0.014563106796116505,2,True
169076,1,person,a photo of a person,0.014563106796116505,GE_MAP,all,GE_POS3_SMART,0.0,0.6130819515306123,0.0,0.0,0.0,17609,0,3835,False,0.14866188628972218,18,False,False,-0.014563106796116505,1,True
169076,1,person,a photo of a person,0.014563106796116505,GE_MAP,all,GE_POS3_CASR,0.0,0.6130819515306123,0.0,0.0,0.0,17609,0,3835,False,0.14866188628972218,18,False,False,-0.014563106796116505,1,True
169076,17,cat,a photo of a cat,0.39555369127516776,GE_MAP,all,GE_MAP,0.39555369127516776,0.7702487244897959,0.5668770664262098,0.5096952908587258,0.6385103681760474,14801,7544,458,True,0.38874626709278565,18,True,False,0.0,-1,False
169076,17,cat,a photo of a cat,0.39555369127516776,GE_MAP,all,GE_POS3_SAM,0.7528937443100533,0.9242665816326531,0.8590295296037987,0.764678687008784,0.9799407532797292,15141,11578,185,True,0.7431984936043114,18,True,False,0.35734005303488553,1,True
169076,17,cat,a photo of a cat,0.39555369127516776,GE_MAP,all,GE_POS3_SMART,0.7528937443100533,0.9242665816326531,0.8590295296037987,0.764678687008784,0.9799407532797292,15141,11578,185,True,0.7431984936043114,18,True,False,0.35734005303488553,1,True
169076,17,cat,a photo of a cat,0.39555369127516776,GE_MAP,all,GE_POS3_CASR,0.7528937443100533,0.9242665816326531,0.8590295296037987,0.764678687008784,0.9799407532797292,15141,11578,185,True,0.7431984936043114,18,True,False,0.35734005303488553,1,True
